Season,Date,HomeTeam,AwayTeam,ActualResult,HomeElo,AwayElo,EloDifference,AwayProbability,DrawProbability,HomeProbability,PredictedResult,RegressionRate
2015-16,2015-08-08,Manchester United,Tottenham,H,1498.9031628763178,1450.7788496496667,48.12431322665111,0.2682289051352809,0.23194795321021122,0.49982314165450786,H,0.1
2015-16,2015-08-08,Norwich City,Crystal Palace,A,1420.0,1414.4295874356667,5.57041256433331,0.30533680875728836,0.24930935910682991,0.4453538321358817,H,0.1
2015-16,2015-08-08,Bournemouth,Aston Villa,A,1420.0,1345.2125959488776,74.7874040511224,0.2465745034689197,0.21773162572490376,0.5356938708061765,H,0.1
2015-16,2015-08-08,Chelsea,Swansea,D,1548.2625301048104,1415.6122158064557,132.65031429835471,0.20317296499271914,0.18095327023382335,0.6158737647734575,H,0.1
2015-16,2015-08-08,Everton,Watford,D,1407.3585458638754,1420.0,-12.641454136124594,0.32231062922077175,0.2543672212993694,0.42332214947985886,H,0.1
2015-16,2015-08-08,Leicester City,Sunderland,H,1396.3889069159181,1365.158365476907,31.230541439011176,0.2825606140292984,0.23970337464686278,0.47773601132383886,H,0.1
2015-16,2015-08-09,Arsenal,West Ham,A,1531.0141546008447,1386.784225472714,144.2299291281306,0.19503419896236135,0.17301161671108342,0.6319541843265551,H,0.1
2015-16,2015-08-09,Newcastle United,Southampton,D,1345.5560769543688,1448.1221967276606,-102.5661197732918,0.41766309814481895,0.25543999876921697,0.3268969030859641,A,0.1
2015-16,2015-08-09,Stoke,Liverpool,A,1435.0774137679975,1444.8228949097038,-9.74548114170625,0.31956389577693506,0.25366598509916016,0.4267701191239048,H,0.1
2015-16,2015-08-10,West Bromwich Albion,Manchester City,A,1391.4850422912061,1543.6854267191266,-152.20038442792043,0.47898851159851014,0.23928730025625897,0.2817241881452309,A,0.1
2015-16,2015-08-14,Aston Villa,Manchester United,A,1354.393770141484,1503.640919430413,-149.247149288929,0.47518073632300684,0.2405427681554738,0.28427649552151935,A,0.1
2015-16,2015-08-15,West Ham,Leicester City,A,1402.54157278081,1404.4404893905112,-1.8989166097012458,0.3122131481800984,0.251568535708545,0.43621831611135664,H,0.1
2015-16,2015-08-15,Watford,West Bromwich Albion,D,1421.354708686964,1381.8813710199395,39.47333766702445,0.27550549921164597,0.2360518087800754,0.48844269200827867,H,0.1
2015-16,2015-08-15,Tottenham,Stoke,D,1446.0410930955713,1427.1852397665516,18.855853329019737,0.29338586814208933,0.24468130706256344,0.46193282479534725,H,0.1
2015-16,2015-08-15,Southampton,Everton,A,1446.9031385603025,1406.0038371769115,40.89930138339105,0.274297196558023,0.2353940774797758,0.4903087259622012,H,0.1
2015-16,2015-08-15,Sunderland,Norwich City,A,1357.106783002314,1406.9976936551077,-49.890910652793764,0.35936330814937884,0.25974065327413626,0.38089603857648496,H,0.1
2015-16,2015-08-15,Swansea,Newcastle United,H,1420.6510101118618,1346.7751351217269,73.87587499013489,0.24729644529589506,0.2182529642394487,0.5344505904646562,H,0.1
2015-16,2015-08-16,Crystal Palace,Arsenal,A,1427.431893780559,1515.2568072927488,-87.82491351218982,0.4006262804112198,0.2580416051187001,0.34133211447008016,A,0.1
2015-16,2015-08-16,Manchester City,Chelsea,H,1553.2890979903932,1543.2237357994043,10.065362190988935,0.30125399259645114,0.2478294144234206,0.4509165929801283,H,0.1
2015-16,2015-08-17,Liverpool,Bournemouth,H,1452.7150689111497,1410.8188258073935,41.896243103756206,0.2734545315707007,0.23492978131422734,0.4916156871150719,H,0.1
2015-16,2015-08-22,Sunderland,Swansea,D,1346.0517963096988,1427.3758508824408,-81.32405457274194,0.3932917897189446,0.2588480090713315,0.347860201209724,A,0.1
2015-16,2015-08-22,West Ham,Bournemouth,A,1394.4686161456202,1405.9564731277812,-11.48785698216102,0.32121427163923605,0.25409264268670434,0.42469308567405967,H,0.1
2015-16,2015-08-22,Norwich City,Stoke,D,1418.0526803477228,1429.4167078637831,-11.364027516060332,0.3210967606275794,0.2540627940153316,0.424840445357089,H,0.1
2015-16,2015-08-22,Leicester City,Tottenham,D,1412.513446025701,1443.8096249983398,-31.296178972638927,0.3404572584452065,0.25791643609470005,0.4016263054600934,H,0.1
2015-16,2015-08-22,Crystal Palace,Aston Villa,H,1421.2991764075396,1349.5343207900414,71.76485561749814,0.24897323307608343,0.21945146077880898,0.5315753061451076,H,0.1
2015-16,2015-08-22,Manchester United,Newcastle United,D,1508.5003687818557,1340.0502943511478,168.4500744307079,0.1785862672928493,0.1561815581982126,0.665232174508938,H,0.1
2015-16,2015-08-23,Everton,Manchester City,A,1423.4587529176324,1564.3430985115158,-140.88434559388338,0.464500144874758,0.24390826796694337,0.2915915871582987,A,0.1
2015-16,2015-08-23,Watford,Southampton,D,1418.567383640005,1429.4482228195816,-10.880839179576697,0.32063854951994625,0.25394562926589326,0.4254158212141605,H,0.1
2015-16,2015-08-23,West Bromwich Albion,Chelsea,A,1384.6686960668985,1532.1697352782817,-147.50103921138316,0.4729380957163417,0.24126882990736065,0.28579307437629764,A,0.1
2015-16,2015-08-24,Arsenal,Liverpool,D,1521.3895246657682,1457.577421590762,63.812103075006235,0.25535162741897555,0.2238508762437136,0.5207974963373109,H,0.1
2015-16,2015-08-29,Chelsea,Crystal Palace,A,1537.0634214912372,1425.5813819030227,111.48203958821455,0.2185136881978016,0.19510010470897823,0.5863862070932202,H,0.1
2015-16,2015-08-29,Liverpool,West Ham,A,1460.9974585500731,1386.6165512912085,74.38090725886468,0.24689629867452287,0.21796439982555624,0.5351393014999208,H,0.1
2015-16,2015-08-29,Aston Villa,Sunderland,D,1345.2521152945583,1346.664782432185,-1.4126671376266131,0.3117619528415463,0.251429180585813,0.43680886657264073,H,0.1
2015-16,2015-08-29,Bournemouth,Leicester City,D,1413.808537982193,1411.6891581693176,2.1193798128754224,0.3084994432349009,0.25038453292472457,0.44111602384037457,H,0.1
2015-16,2015-08-29,Newcastle United,Arsenal,A,1345.8174817354027,1517.9694877064571,-172.15200597105445,0.5051686127502384,0.2299470102843123,0.26488437696544925,A,0.1
2015-16,2015-08-29,Stoke,West Bromwich Albion,A,1430.8074909470934,1379.775009853943,51.03248109315041,0.265811299321976,0.23050877637527764,0.5036799243027463,H,0.1
2015-16,2015-08-29,Tottenham,Everton,D,1444.6339128547233,1415.4950019201433,29.138910934580053,0.28437034241793036,0.24058812840006102,0.4750415291820086,H,0.1
2015-16,2015-08-29,Manchester City,Watford,H,1572.306849509005,1417.162964929997,155.14388457900782,0.18752601927586549,0.16544870552846513,0.6470252751956693,H,0.1
2015-16,2015-08-30,Southampton,Norwich City,H,1430.8526415295894,1416.6618972644126,14.190744265176818,0.2975425484300394,0.2463932971435982,0.45606415442636233,H,0.1
2015-16,2015-08-30,Swansea,Manchester United,H,1426.7628647599547,1502.733181397601,-75.97031663764619,0.3873337972548319,0.2593532153541786,0.35331298739098943,A,0.1
2015-16,2015-09-12,Everton,Chelsea,H,1418.0057762956133,1527.4510733956927,-109.44529710007942,0.4258045151709962,0.2538659230720308,0.32032956175697297,A,0.1
2015-16,2015-09-12,Watford,Swansea,H,1412.5509767700464,1433.7707308673587,-21.21975409731226,0.3305564356914748,0.2562093886579106,0.41323417565061454,H,0.1
2015-16,2015-09-12,Norwich City,Bournemouth,H,1405.785190302698,1412.0394098567704,-6.254219554072279,0.31627688987235447,0.25276812324736303,0.43095498688028244,H,0.1
2015-16,2015-09-12,West Bromwich Albion,Southampton,D,1388.643452180564,1441.7293484913039,-53.08589631073983,0.36269729575712106,0.2598786488774985,0.3774240553653805,H,0.1
2015-16,2015-09-12,Arsenal,Stoke,H,1522.392023488538,1421.9390486204722,100.45297486806567,0.22674751899397186,0.2022013697468004,0.5710511112592278,H,0.1
2015-16,2015-09-12,Manchester United,Liverpool,H,1495.725315290197,1442.6453801423038,53.07993514789314,0.264117659479294,0.22947816505973212,0.5064041754609738,H,0.1
2015-16,2015-09-12,Crystal Palace,Manchester City,A,1435.1937299985673,1576.9188376689556,-141.7251076703883,0.46556695368846657,0.2435828394666112,0.2908502068449222,A,0.1
2015-16,2015-09-13,Leicester City,Aston Villa,H,1413.4582862947402,1343.5816398968002,69.87664639794002,0.25047880000537487,0.2205127733923164,0.5290084266023086,H,0.1
2015-16,2015-09-13,Sunderland,Tottenham,A,1348.335257829943,1442.1231384792534,-93.78788064931041,0.4074502463379351,0.2571174513445887,0.3354323023174763,A,0.1
2015-16,2015-09-14,West Ham,Newcastle United,H,1404.9686296989778,1341.394945953322,63.5736837456559,0.2555443693541498,0.2239798496379303,0.5204757810079199,H,0.1
2015-16,2015-09-19,Swansea,Everton,D,1427.6685997483505,1429.9506850447556,-2.2820852964050573,0.3125690460695883,0.25167758435774884,0.4357533695726629,H,0.1
2015-16,2015-09-19,Stoke,Leicester City,D,1415.966866725526,1417.7758410305653,-1.808974305039328,0.31212965223711875,0.25154284071909383,0.4363275070437874,H,0.1
2015-16,2015-09-19,Newcastle United,Watford,A,1334.362671520667,1418.6531078890546,-84.29043636838765,0.3966249642838926,0.25850619664415897,0.3448688390719484,A,0.1
2015-16,2015-09-19,Manchester City,West Ham,A,1581.9266751829011,1412.0009041316328,169.92577105126838,0.17760938748799432,0.15515326969174098,0.6672373428202647,H,0.1
2015-16,2015-09-19,Chelsea,Arsenal,H,1515.5061646465504,1528.3642053834842,-12.858040736933845,0.322516796693444,0.25441806888170126,0.4230651344248547,H,0.1
2015-16,2015-09-19,Bournemouth,Sunderland,H,1402.7656969994564,1342.331687390586,60.43400960887038,0.25809091830855185,0.22566183683224433,0.5162472448592038,H,0.1
2015-16,2015-09-19,Aston Villa,West Bromwich Albion,A,1339.2640851609751,1388.4444745455326,-49.18038938455743,0.35862533396928364,0.259702937087786,0.38167172894293033,H,0.1
2015-16,2015-09-20,Liverpool,Norwich City,D,1435.291221080235,1415.058903160012,20.23231792022284,0.29216747104072405,0.2441586227223569,0.46367390623691906,H,0.1
2015-16,2015-09-20,Southampton,Manchester United,A,1441.9283261263354,1503.0794743522658,-61.151148225930456,0.37122759363108415,0.2599966354028066,0.3687757709661092,A,0.1
2015-16,2015-09-20,Tottenham,Crystal Palace,H,1448.1267089186103,1430.1858924846217,17.94081643398863,0.2941978447603075,0.24502437533850324,0.4607777799011892,H,0.1
2015-16,2015-09-26,Tottenham,Manchester City,H,1453.4851041168167,1571.7631162326682,-118.27801211585142,0.4364331285417428,0.251517954869603,0.31204891658865425,A,0.1
2015-16,2015-09-26,Stoke,Bournemouth,H,1414.3074817725383,1409.8933632370035,4.414118535534726,0.3063937388091244,0.2496755582662442,0.4439307029246314,H,0.1
2015-16,2015-09-26,West Ham,Norwich City,D,1422.1644630818657,1417.3279828948887,4.836480186977042,0.3060073538929084,0.2495424891239754,0.44445015698311624,H,0.1
2015-16,2015-09-26,Southampton,Swansea,H,1435.2066554798457,1426.0224600506997,9.18419542914603,0.30205114702078784,0.24812655711333978,0.4498222958658724,H,0.1
2015-16,2015-09-26,Manchester United,Sunderland,H,1509.8011449987555,1335.2040211530389,174.59712384571662,0.17453632746489345,0.15190002040576478,0.6735636521293418,H,0.1
2015-16,2015-09-26,Liverpool,Aston Villa,H,1433.0221413453582,1332.2731090969705,100.74903224838772,0.22652429740772778,0.20201368168918954,0.5714620209030827,H,0.1
2015-16,2015-09-26,Newcastle United,Chelsea,D,1328.1529339751617,1524.955484247302,-196.80255027214025,0.5384460464632492,0.21657102787061333,0.24498292566613736,A,0.1
2015-16,2015-09-26,Leicester City,Arsenal,A,1419.435225983553,1518.9148857827327,-99.47965979917967,0.4140496154691756,0.256072473165139,0.32987791136568545,A,0.1
2015-16,2015-09-27,Watford,Crystal Palace,A,1424.8628454345599,1424.8274972864153,0.035348148144521474,0.31042127719761947,0.2510077826443673,0.43857094015801323,H,0.1
2015-16,2015-09-28,West Bromwich Albion,Everton,A,1395.4354506095372,1431.5968247424064,-36.16137413286924,0.3453230883044589,0.2585610977175108,0.3961158139780303,H,0.1
2015-16,2015-10-03,Norwich City,Leicester City,A,1419.172761594333,1407.6726844966427,11.500077097690337,0.2999593963652838,0.24733834248859632,0.4527022611461199,H,0.1
2015-16,2015-10-03,Sunderland,West Ham,D,1329.9176582161606,1420.3196843824214,-90.40202616626084,0.4035642035915926,0.25766374680967324,0.33877204959873425,A,0.1
2015-16,2015-10-03,Aston Villa,Stoke,A,1328.5101609290143,1419.9570563517907,-91.44689542277638,0.4047602639765826,0.257501188037408,0.33773854798600933,A,0.1
2015-16,2015-10-03,Bournemouth,Watford,D,1404.243788657751,1416.745556114267,-12.501767456515836,0.32217771731819,0.25433430913402055,0.42348797354778944,H,0.1
2015-16,2015-10-03,Chelsea,Southampton,A,1521.2096038773243,1443.9968997843748,77.21270409294948,0.24465972925750665,0.21633346224734804,0.5390068084951453,H,0.1
2015-16,2015-10-03,Crystal Palace,West Bromwich Albion,H,1432.9447866067082,1388.1489029842985,44.79588362240975,0.2710133640544006,0.23355878622572268,0.49542784971987675,H,0.1
2015-16,2015-10-03,Manchester City,Newcastle United,H,1556.4212235804514,1331.8988143451393,224.52240923531213,0.1435640316111609,0.1179339800909828,0.7385019882978563,H,0.1
2015-16,2015-10-04,Swansea,Tottenham,D,1417.2322157461706,1468.8269967690335,-51.59478102286289,0.361138134748577,0.2598206829230905,0.37904118232833256,H,0.1
2015-16,2015-10-04,Arsenal,Manchester United,H,1530.677427269643,1515.0875079356338,15.58991933400921,0.29629140631639483,0.24588955021819683,0.45781904346540836,H,0.1
2015-16,2015-10-04,Everton,Liverpool,D,1438.883372367645,1436.7850895133145,2.0982828543305914,0.3085188528817553,0.25039094083321045,0.44109020628503426,H,0.1
2015-16,2015-10-17,Chelsea,Aston Villa,H,1506.6094820676376,1322.4560104762031,184.15347159143448,0.16834142272770056,0.14526269064243694,0.6863958866298625,H,0.1
2015-16,2015-10-17,Crystal Palace,West Ham,A,1440.5591242148016,1419.446870294272,21.11225392052961,0.29139048550225616,0.24382034256422802,0.4647891719335158,H,0.1
2015-16,2015-10-17,Everton,Manchester United,A,1437.1148324629828,1504.270607079716,-67.1557746167332,0.3776857619747616,0.2598700195255331,0.3624442184997053,A,0.1
2015-16,2015-10-17,Manchester City,Bournemouth,H,1561.7136001269735,1402.8851334658789,158.82846666109458,0.18502692490742417,0.16288524103218102,0.6520878340603948,H,0.1
2015-16,2015-10-17,Southampton,Leicester City,D,1458.5970215940615,1415.9674487969603,42.62957279710122,0.2728357836075947,0.2345859325196338,0.4925782838727715,H,0.1
2015-16,2015-10-17,Tottenham,Liverpool,D,1469.068871233325,1438.5536294179767,30.51524181534819,0.2831786088974416,0.24000788512533938,0.47681350597721905,H,0.1
2015-16,2015-10-17,Watford,Arsenal,A,1418.1042113061392,1541.4943281255607,-123.39011681942156,0.44267310026011,0.24999485873576655,0.3073320410041235,A,0.1
2015-16,2015-10-17,West Bromwich Albion,Sunderland,H,1380.5345653762051,1330.79047230431,49.74409307189512,0.26688061190408746,0.2311499719354835,0.5019694161604291,H,0.1
2015-16,2015-10-18,Newcastle United,Norwich City,H,1326.6064377986172,1410.8779972940154,-84.27155949539815,0.3966036811244023,0.2585085108368983,0.3448878080386994,A,0.1
2015-16,2015-10-19,Swansea,Stoke,A,1416.9903412818792,1426.011206804602,-9.020865522722715,0.31887949628565104,0.25348433345516014,0.42763617025918876,H,0.1
2015-16,2015-10-24,West Ham,Chelsea,H,1432.8238365916068,1510.6026838178802,-77.77884722627346,0.38933814539660055,0.25919867171663996,0.35146318288675954,A,0.1
2015-16,2015-10-24,Norwich City,West Bromwich Albion,A,1394.2962710195416,1385.2402238892641,9.05604713027742,0.3021672074858495,0.24816948684685208,0.44966330566729845,H,0.1
2015-16,2015-10-24,Stoke,Watford,A,1433.9200656529547,1407.3462594793543,26.57380617360036,0.2866007111849066,0.24164942965852712,0.4717498591565663,H,0.1
2015-16,2015-10-24,Aston Villa,Swansea,A,1318.4628087259605,1409.0814824335264,-90.6186737075659,0.4038119673381268,0.25763048420329077,0.33855754845858244,A,0.1
2015-16,2015-10-24,Leicester City,Crystal Palace,H,1418.838345865635,1427.1821579174668,-8.343812051831947,0.3182410529075543,0.2533123749598067,0.428446572132639,H,0.1
2015-16,2015-10-24,Arsenal,Everton,H,1552.2522799523456,1423.9395494780256,128.31273047432,0.20626751124187237,0.18389705525371655,0.609835433504411,H,0.1
2015-16,2015-10-25,Liverpool,Southampton,D,1441.1014834455375,1455.726124525387,-14.624641079849425,0.3242022956586767,0.25482447101291295,0.42097323332841036,H,0.1
2015-16,2015-10-25,Bournemouth,Tottenham,A,1396.2495292283431,1466.521017205764,-70.27148797742097,0.381073217817686,0.2597322580596318,0.35919452412268227,A,0.1
2015-16,2015-10-25,Sunderland,Newcastle United,H,1326.084813791251,1343.188164073091,-17.103350281839994,0.32657894184844566,0.2553695429580067,0.4180515151935476,H,0.1
2015-16,2015-10-25,Manchester United,Manchester City,D,1517.4458900646732,1568.3492043645092,-50.90331429983598,0.360416999650368,0.2597899782343678,0.3797930221152642,H,0.1
2015-16,2015-10-31,West Bromwich Albion,Leicester City,A,1393.4975398708618,1424.7244602543772,-31.226920383515335,0.34038839679961796,0.25790640986609625,0.4017051933342858,H,0.1
2015-16,2015-10-31,Swansea,Arsenal,A,1415.1535656093263,1555.5630019040743,-140.40943629474805,0.46389825302832544,0.24409079084592245,0.2920109561257521,A,0.1
2015-16,2015-10-31,Newcastle United,Stoke,D,1331.1219902704781,1420.414841559822,-89.29285128934384,0.4022976276741777,0.25783040661327966,0.3398719657125425,A,0.1
2015-16,2015-10-31,Watford,West Ham,H,1420.851483572487,1439.860905203085,-19.0094216305979,0.3284159191276155,0.2557686076037001,0.4158154732686844,H,0.1
2015-16,2015-10-31,Crystal Palace,Manchester United,D,1421.2960435287246,1517.1841262152907,-95.88808268656612,0.4098756084031747,0.25675028287412904,0.33337410872269624,A,0.1
2015-16,2015-10-31,Chelsea,Liverpool,A,1503.565615206402,1439.802850654935,63.76276455146717,0.2553915061137096,0.22387758031321886,0.5207309135730716,H,0.1
2015-16,2015-10-31,Manchester City,Norwich City,H,1568.6109682138917,1386.0389550379439,182.57201317594786,0.16935805244595892,0.14635873794815646,0.6842832096058846,H,0.1
2015-16,2015-11-01,Everton,Sunderland,H,1420.6288275262968,1338.1509875938639,82.47783993243297,0.24053307756847464,0.21324464603383683,0.5462222763976885,H,0.1
2015-16,2015-11-01,Southampton,Bournemouth,H,1457.0247573159895,1381.1142655490132,75.91049176697629,0.24568672754824403,0.21708615643806556,0.5372271160136904,H,0.1
2015-16,2015-11-02,Tottenham,Aston Villa,H,1481.656280885094,1312.3907255501606,169.26555533493342,0.17804607543551407,0.15561329693812617,0.6663406276263597,H,0.1
2015-16,2015-11-07,Sunderland,Southampton,A,1328.665592281491,1463.6899034301807,-135.02431114868978,0.45710909361715535,0.24609419584609082,0.2967967105367538,A,0.1
2015-16,2015-11-07,Leicester City,Watford,H,1432.1236329261815,1430.4643785613073,1.6592543648741866,0.30892297840025607,0.25052383265029377,0.44055318894945017,H,0.1
2015-16,2015-11-07,Manchester United,West Bromwich Albion,H,1516.154842275886,1386.0983671990575,130.05647507682852,0.20502046577726793,0.18271598667613584,0.6122635475465962,H,0.1
2015-16,2015-11-07,Bournemouth,Newcastle United,A,1374.449119434822,1331.963114220016,42.48600521480603,0.2729568458016747,0.2346534038834392,0.4923897503148862,H,0.1
2015-16,2015-11-07,Norwich City,Swansea,H,1383.499371208456,1405.0855054319945,-21.586134223538465,0.33091231868929044,0.25628016223421607,0.41280751907649343,H,0.1
2015-16,2015-11-07,West Ham,Everton,D,1430.2480102142647,1430.1142228386698,0.13378737559492038,0.31033029507924786,0.2509787876332622,0.43869091728748993,H,0.1
2015-16,2015-11-07,Stoke,Chelsea,H,1419.5737176102841,1489.2388102479104,-69.66509263762623,0.3804119783030988,0.25976292412800556,0.3598250975688957,A,0.1
2015-16,2015-11-08,Liverpool,Crystal Palace,A,1454.1296556134266,1422.3253274681292,31.804328145297404,0.2820655544768533,0.2394576572999582,0.47847678822318856,H,0.1
2015-16,2015-11-08,Aston Villa,Manchester City,D,1308.088685908155,1571.1505520433795,-263.0618661352246,0.6303356024273562,0.17381728537770025,0.19584711219494358,A,0.1
2015-16,2015-11-08,Arsenal,Tottenham,D,1565.631062081406,1485.9583205270997,79.67274155430641,0.2427265145419251,0.21489922180546853,0.5423742636526064,H,0.1
2015-16,2015-11-21,Watford,Manchester United,A,1424.7545848424031,1521.3590532430753,-96.6044684006722,0.41070551249220544,0.2566201038080399,0.3326743836997546,A,0.1
2015-16,2015-11-21,West Bromwich Albion,Arsenal,H,1380.8941562318682,1561.8143832876367,-180.92022705576846,0.5169010946682683,0.22540337596335736,0.25769552936837437,A,0.1
2015-16,2015-11-21,Chelsea,Norwich City,H,1482.333237431343,1389.6076457730683,92.72559165827465,0.23261732840849875,0.2070369726893513,0.5603456989021499,H,0.1
2015-16,2015-11-21,Everton,Aston Villa,H,1431.8279342808685,1313.347673811709,118.48026046915948,0.21337536033455012,0.19048923057149775,0.5961354090939521,H,0.1
2015-16,2015-11-21,Manchester City,Liverpool,A,1565.8915641398255,1445.5324067548113,120.35915738501421,0.2120070860470079,0.18923913098610162,0.5987537829668904,H,0.1
2015-16,2015-11-21,Newcastle United,Leicester City,A,1340.7129367632804,1437.8334266450856,-97.12048988180527,0.41130412295127805,0.25652478197964973,0.33217109506907233,A,0.1
2015-16,2015-11-21,Southampton,Stoke,A,1468.8318638261765,1426.4792904268515,42.35257339932491,0.2730693930048768,0.2347160444982206,0.4922145624969026,H,0.1
2015-16,2015-11-21,Swansea,Bournemouth,D,1398.9772308673823,1365.6992968915577,33.27793397582468,0.2807968696651049,0.23882072002103172,0.48038241031386336,H,0.1
2015-16,2015-11-22,Tottenham,West Ham,H,1489.774999320869,1428.534298772066,61.240700548803034,0.2574351282659666,0.22523261362795363,0.5173322581060797,H,0.1
2015-16,2015-11-23,Crystal Palace,Sunderland,A,1430.9225763267445,1323.5236318854952,107.39894444124934,0.2215424302248014,0.1977542931821362,0.5807032765930623,H,0.1
2015-16,2015-11-28,Sunderland,Stoke,H,1333.0912167426732,1435.2272363228437,-102.13601958017057,0.4171580916205575,0.2555308917235664,0.32731101665587614,A,0.1
2015-16,2015-11-28,Manchester City,Southampton,H,1546.47785978785,1460.0839179301843,86.39394185766582,0.23749019802956337,0.21090181705328995,0.5516079849171467,H,0.1
2015-16,2015-11-28,Leicester City,Manchester United,D,1449.6971141554409,1527.3019814126214,-77.60486725718056,0.38914495975988506,0.25921425462586567,0.3516407856142493,A,0.1
2015-16,2015-11-28,Bournemouth,Everton,D,1368.321353822144,1439.8788473632,-71.55749354105615,0.38247866725322716,0.2596610641689665,0.35786026857780634,A,0.1
2015-16,2015-11-28,Aston Villa,Watford,A,1305.2967607293774,1418.811656672857,-113.51489594347959,0.43067728714888803,0.2528292610996542,0.3164934517514578,A,0.1
2015-16,2015-11-28,Crystal Palace,Newcastle United,H,1421.3549914695666,1328.8492492529251,92.50574221664147,0.2327855634893125,0.20717269296801988,0.5600417435426677,H,0.1
2015-16,2015-11-29,Liverpool,Swansea,H,1464.9461111067867,1396.355173936796,68.59093716999064,0.2515070949238742,0.22122955611275888,0.5272633489633669,H,0.1
2015-16,2015-11-29,Norwich City,Arsenal,D,1385.705394921251,1553.266370857819,-167.56097593656818,0.4990778071074968,0.23222333631782047,0.26869885657468273,A,0.1
2015-16,2015-11-29,Tottenham,Chelsea,D,1498.7380905462605,1486.2354882831603,12.502602263100243,0.2990572173750888,0.24698988384544476,0.4539528987794665,H,0.1
2015-16,2015-11-29,West Ham,West Bromwich Albion,D,1419.5712075466745,1389.4421686616859,30.12903888498863,0.2835126632859934,0.24017145875307933,0.4763158779609273,H,0.1
2015-16,2015-12-05,Watford,Norwich City,H,1424.3957248342667,1388.7059934211836,35.68973141308311,0.2787288891759205,0.23776016238612344,0.4835109484379561,H,0.1
2015-16,2015-12-05,Stoke,Manchester City,H,1423.4614721404778,1552.840842080102,-129.3793699396242,0.45006451876961784,0.24806103497030807,0.3018744462600741,A,0.1
2015-16,2015-12-05,West Bromwich Albion,Tottenham,D,1391.9796255247636,1496.6810706194183,-104.70144509465467,0.4201773206369479,0.25497557893846023,0.3248471004245918,A,0.1
2015-16,2015-12-05,Swansea,Leicester City,A,1392.0134448114818,1450.203389746998,-58.18994493551622,0.3680765448817309,0.2599916814042939,0.3719317737139751,H,0.1
2015-16,2015-12-05,Southampton,Aston Villa,D,1453.7209356379324,1299.7126925679677,154.0082430699647,0.18829991220801562,0.166238019602084,0.6454620681899004,H,0.1
2015-16,2015-12-05,Chelsea,Bournemouth,A,1488.2925082100026,1368.6538825800403,119.63862562996223,0.21253123886715422,0.1897191010079955,0.5977496601248503,H,0.1
2015-16,2015-12-05,Arsenal,Sunderland,H,1550.2657723578864,1344.8569809250391,205.40879143284724,0.15501097383747142,0.130682820325228,0.7143062058373006,H,0.1
2015-16,2015-12-05,Manchester United,West Ham,D,1526.7957058210643,1417.0337506835967,109.76195513746757,0.21978682494119445,0.19622165212839446,0.5839915229304111,H,0.1
2015-16,2015-12-06,Newcastle United,Liverpool,H,1319.77952851017,1469.287840232101,-149.50831172193102,0.4755167244232264,0.24043312958145105,0.2840501459953226,A,0.1
2015-16,2015-12-07,Everton,Crystal Palace,D,1439.5463186053037,1430.4247122123218,9.121606392981903,0.3021078280929784,0.24814753348224253,0.4497446384247791,H,0.1
2015-16,2015-12-12,West Ham,Stoke,D,1421.564909042784,1435.8822584527818,-14.31734940999786,0.32390861311264624,0.2547548483260633,0.42133653856129044,H,0.1
2015-16,2015-12-12,Sunderland,Watford,A,1341.273604621228,1432.3020730527237,-91.02846843149564,0.4042809517172917,0.25756693310893536,0.3381521151737728,A,0.1
2015-16,2015-12-12,Norwich City,Everton,D,1380.7996452027267,1437.5826779057447,-56.78303270301808,0.36658721863537813,0.2599737248782027,0.3734390564864192,H,0.1
2015-16,2015-12-12,Crystal Palace,Southampton,H,1432.3883529118807,1448.2378101569204,-15.84945724503973,0.3253749603806512,0.25509749030491713,0.41952754931443165,H,0.1
2015-16,2015-12-12,Bournemouth,Manchester United,H,1378.3532082635115,1522.264547461877,-143.91133919836557,0.4683483511165419,0.24272297279887395,0.28892867608458406,A,0.1
2015-16,2015-12-12,Manchester City,Swansea,H,1540.420055767798,1378.4373662214532,161.98268954634477,0.1829018974447483,0.16068848623995674,0.656409616315295,H,0.1
2015-16,2015-12-13,Aston Villa,Arsenal,A,1305.1958180489796,1553.8491486616974,-248.6533306127178,0.6103097692038345,0.18366661961477856,0.20602361118138696,A,0.1
2015-16,2015-12-13,Liverpool,West Bromwich Albion,D,1456.4077197542497,1393.2591838522144,63.14853590203529,0.25588828781685585,0.22420940090273356,0.5199023112804105,H,0.1
2015-16,2015-12-13,Tottenham,Newcastle United,A,1495.4015122919675,1332.6596489880212,162.74186330394627,0.18239241437314294,0.16015955241884158,0.6574480332080155,H,0.1
2015-16,2015-12-14,Leicester City,Chelsea,H,1463.7794683370266,1478.5931825265313,-14.813714189504708,0.32438309973061696,0.25486708493953814,0.4207498153298449,H,0.1
2015-16,2015-12-19,Southampton,Tottenham,A,1442.225760253944,1485.2967406131168,-43.070980359172836,0.3523314081040218,0.2592733430852869,0.38839524881069126,H,0.1
2015-16,2015-12-19,Stoke,Crystal Palace,A,1437.1895856488031,1438.4004028148572,-1.2108171660540847,0.3115748010039904,0.25137101375681203,0.4370541852391976,H,0.1
2015-16,2015-12-19,Newcastle United,Aston Villa,D,1342.764420666872,1300.2136397603538,42.550780906518185,0.2729022198220706,0.2346229710364095,0.4924748091415199,H,0.1
2015-16,2015-12-19,West Bromwich Albion,Bournemouth,A,1396.6623447537613,1386.400526401916,10.26181835184525,0.3010764795517053,0.2477627027419424,0.45116081770635225,H,0.1
2015-16,2015-12-19,Everton,Leicester City,A,1437.6752670215826,1469.774140052474,-32.098873030891355,0.3412561798976523,0.2580309029789215,0.4007129171234262,H,0.1
2015-16,2015-12-19,Chelsea,Sunderland,H,1472.598510811084,1335.2103968097153,137.38811400136865,0.19982148568456096,0.1777170520121013,0.6224614623033378,H,0.1
2015-16,2015-12-19,Manchester United,Norwich City,A,1514.2172293234726,1380.7070560868888,133.5101732365838,0.2025624930420388,0.180367459143046,0.6170700478149153,H,0.1
2015-16,2015-12-20,Swansea,West Ham,D,1375.6235452821077,1420.2575818467626,-44.634036564654934,0.35393291985151826,0.2594011853972307,0.38666589475125107,H,0.1
2015-16,2015-12-20,Watford,Liverpool,H,1438.3652808642364,1453.0045588527028,-14.639277988466347,0.3242162895836437,0.2548277760274171,0.4209559343889392,H,0.1
2015-16,2015-12-21,Arsenal,Manchester City,H,1558.8313269503233,1543.2338767071435,15.597450243179765,0.296284682562298,0.24588681620490158,0.4578285012328004,H,0.1
2015-16,2015-12-26,Tottenham,Norwich City,H,1496.596522140297,1390.54679812932,106.04972401097712,0.2225482756602234,0.1986250407075071,0.5788266836322695,H,0.1
2015-16,2015-12-26,Manchester City,Sunderland,H,1537.8255870041783,1330.18480516242,207.64078184175833,0.15364757939886053,0.12917323409367326,0.7171791865074661,H,0.1
2015-16,2015-12-26,Southampton,Arsenal,H,1430.9259787267636,1564.2396166532885,-133.31363792652496,0.45496638056072675,0.24670479889157956,0.29832882054769366,A,0.1
2015-16,2015-12-26,Stoke,Manchester United,H,1429.1007661555407,1504.3774872810413,-75.27672112550067,0.386567348424454,0.25940811287932297,0.35402453869622297,A,0.1
2015-16,2015-12-26,Newcastle United,Everton,A,1339.895604632286,1430.2960168455816,-90.40041221329557,0.4035623582894392,0.2576639937348877,0.33877364797567305,A,0.1
2015-16,2015-12-26,Swansea,West Bromwich Albion,H,1375.1815654374966,1388.386526804856,-13.204961367359374,0.32284724459346414,0.2544990500256578,0.422653705380878,H,0.1
2015-16,2015-12-26,Aston Villa,West Ham,D,1303.0824557949397,1420.6995616913737,-117.61710589643394,0.4356311060537348,0.25170616216544023,0.31266273178082504,A,0.1
2015-16,2015-12-26,Chelsea,Watford,D,1477.6241024583794,1450.3487705940267,27.275331864352665,0.28598952276632295,0.24136179359250404,0.47264868364117296,H,0.1
2015-16,2015-12-26,Bournemouth,Crystal Palace,D,1394.6763443508214,1446.4892223081197,-51.81287795729827,0.361365837133674,0.2598298649521622,0.3788042979141638,H,0.1
2015-16,2015-12-26,Liverpool,Leicester City,H,1441.0210691229124,1477.153390228475,-36.132321105562596,0.34529386372711235,0.2585575980445858,0.39614853822830187,H,0.1
2015-16,2015-12-28,West Ham,Southampton,H,1419.0562450147488,1449.256207687397,-30.1999626726481,0.33936865382725556,0.25775495420050165,0.4028763919722428,H,0.1
2015-16,2015-12-28,Arsenal,Bournemouth,H,1545.9093876926552,1394.4407436428928,151.46864404976236,0.19003673762811027,0.16800147674757446,0.6419617856243153,H,0.1
2015-16,2015-12-28,Crystal Palace,Swansea,D,1446.7248230160483,1381.1492434880931,65.57557952795514,0.2539287775060025,0.22289153915974713,0.5231796833342504,H,0.1
2015-16,2015-12-28,Everton,Stoke,A,1436.3728291019231,1440.190193598855,-3.8173644969319867,0.3139981808960009,0.2521077429924209,0.4338940761115782,H,0.1
2015-16,2015-12-28,Manchester United,Chelsea,D,1493.288059837727,1475.1636521502046,18.124407687522307,0.29403480161417067,0.24495582545773714,0.46100937292809224,H,0.1
2015-16,2015-12-28,Norwich City,Aston Villa,H,1383.201187032269,1304.7257724715646,78.4754145607044,0.24366630580805587,0.21559927374307128,0.5407344204488728,H,0.1
2015-16,2015-12-28,Watford,Tottenham,A,1452.8092209022016,1503.9421332373481,-51.13291233514656,0.36065631657953673,0.2598004422147762,0.3795432412056871,H,0.1
2015-16,2015-12-28,West Bromwich Albion,Newcastle United,H,1382.4188487542594,1333.8187923759444,48.600056378315,0.26783244325230976,0.2317145255819706,0.5004530311657197,H,0.1
2015-16,2015-12-29,Leicester City,Manchester City,D,1470.8016594788032,1542.2956165704366,-71.49395709163332,0.38240912947783773,0.2596647780773345,0.3579260924448278,A,0.1
2015-16,2015-12-30,Sunderland,Liverpool,A,1325.7147755961616,1447.3727998725842,-121.65802427642257,0.44055168497411373,0.2505242037662998,0.30892411125958646,A,0.1
2015-16,2016-01-02,Arsenal,Newcastle United,H,1550.604791501294,1329.0904765089701,221.51431499232376,0.1453310166288666,0.119911362841008,0.7347576205301254,H,0.1
2015-16,2016-01-02,Leicester City,Bournemouth,D,1471.132361521716,1389.745339834254,81.38702168746181,0.24138466017047966,0.21389044746205949,0.5447248923674608,H,0.1
2015-16,2016-01-02,Manchester United,Swansea,H,1491.0766055024208,1384.6140224654976,106.4625830369232,0.22224022279295078,0.1983589360545986,0.5794008411524507,H,0.1
2015-16,2016-01-02,Norwich City,Southampton,H,1389.7915642643816,1443.0036349664608,-53.212070702079245,0.36282948345018773,0.2598830365129496,0.37728748003686263,H,0.1
2015-16,2016-01-02,Sunderland,Aston Villa,H,1320.3000795579935,1298.135395239452,22.164684318541504,0.29046312549717557,0.24341153034538993,0.46612534415743456,H,0.1
2015-16,2016-01-02,Watford,Manchester City,A,1445.862346600583,1541.964914527524,-96.10256792694099,0.4101239420441365,0.2567115703275193,0.33316448762834416,A,0.1
2015-16,2016-01-02,West Bromwich Albion,Stoke,H,1387.1471646212337,1448.2189303935786,-61.07176577234486,0.3711428314068258,0.2599970834412959,0.3688600851518783,A,0.1
2015-16,2016-01-02,West Ham,Liverpool,H,1425.308817735685,1452.7874959107523,-27.478678175067444,0.33667847787720484,0.25732841559915876,0.4059931065236364,H,0.1
2015-16,2016-01-03,Crystal Palace,Chelsea,A,1443.2600440386439,1477.3751064855107,-34.11506244686689,0.3432696366346478,0.2583043057088033,0.3984260576565489,H,0.1
2015-16,2016-01-03,Everton,Tottenham,D,1428.3440923071996,1510.8890075389668,-82.54491523176716,0.39466084593455547,0.25871266013766014,0.3466264939277844,A,0.1
2015-16,2016-01-12,Bournemouth,West Ham,A,1393.6040924879733,1435.146711330478,-41.54261884250468,0.35077122579852754,0.25913644237094746,0.390092331830525,H,0.1
2015-16,2016-01-12,Aston Villa,Crystal Palace,H,1289.7841319552488,1428.5936086634676,-138.80947670821888,0.46187423806487077,0.2446987794256498,0.29342698250947946,A,0.1
2015-16,2016-01-12,Newcastle United,Manchester United,D,1327.0106697057051,1494.7424533205058,-167.73178361480063,0.4993037366225114,0.23213995577112043,0.26855630760636817,A,0.1
2015-16,2016-01-13,Chelsea,West Bromwich Albion,D,1492.041541860687,1393.9122212414518,98.12932061923516,0.22850376235212413,0.2036684302942427,0.5678278073536333,H,0.1
2015-16,2016-01-13,Liverpool,Arsenal,D,1442.9496023159593,1552.684598304559,-109.73499598859962,0.4261500081815036,0.25379470081369176,0.3200552910048046,A,0.1
2015-16,2016-01-13,Manchester City,Everton,D,1547.9186314826293,1428.992077905007,118.92655357762237,0.21304992441972304,0.19019273700513364,0.5967573385751433,H,0.1
2015-16,2016-01-13,Southampton,Watford,H,1436.368064270504,1439.9086296454775,-3.5405653749735393,0.31374014844009246,0.25203099174496846,0.4342288598149391,H,0.1
2015-16,2016-01-13,Stoke,Norwich City,H,1441.4538737733606,1396.4271349603384,45.02673881302212,0.27081963020450367,0.2334483311968378,0.4957320385986585,H,0.1
2015-16,2016-01-13,Swansea,Sunderland,A,1380.9481746474125,1328.6513428421968,52.29683180521579,0.2647646185033588,0.22987402718864441,0.5053613543079969,H,0.1
2015-16,2016-01-13,Tottenham,Leicester City,A,1510.2410219411595,1467.2736088679967,42.96741307316279,0.2725510428392378,0.2344268644940796,0.4930220926666826,H,0.1
2015-16,2016-01-16,Tottenham,Sunderland,H,1501.4844348998683,1342.7348805357358,158.74955436413256,0.18508025861196523,0.16294017679877287,0.651979564589262,H,0.1
2015-16,2016-01-16,Southampton,West Bromwich Albion,H,1445.5696478103757,1398.1733111933029,47.39633661707285,0.2688363042883863,0.23230360880880993,0.49886008690280376,H,0.1
2015-16,2016-01-16,Newcastle United,West Ham,H,1330.01574114744,1446.5015066221977,-116.48576547475773,0.4342607164441304,0.2520236722631044,0.3137156112927652,A,0.1
2015-16,2016-01-16,Bournemouth,Norwich City,H,1382.2492971962536,1388.820119158189,-6.570821961935508,0.3165738815022536,0.25285189581789924,0.4305742226798472,H,0.1
2015-16,2016-01-16,Chelsea,Everton,D,1487.7804519088359,1433.7303339282535,54.0501179805824,0.2633175454045604,0.22898487496151584,0.5076975796339237,H,0.1
2015-16,2016-01-16,Aston Villa,Leicester City,D,1297.7583268408093,1476.0301959092878,-178.2718690684785,0.5133441761677833,0.22680208693556106,0.25985373689665564,A,0.1
2015-16,2016-01-16,Manchester City,Crystal Palace,H,1543.1803754593827,1420.619413777907,122.56096168147565,0.2104097025815385,0.18776814904874733,0.6018221483697143,H,0.1
2015-16,2016-01-17,Liverpool,Manchester United,A,1444.371392234798,1491.737381878771,-47.36598964397308,0.3567465161329715,0.2595950350751026,0.3836584487919259,H,0.1
2015-16,2016-01-17,Stoke,Arsenal,D,1449.06088957551,1551.2628083857203,-102.20191881021037,0.4172354371285007,0.2555170230479852,0.3272475398235142,A,0.1
2015-16,2016-01-18,Swansea,Watford,H,1366.8646369538735,1430.7070461056057,-63.84240915173223,0.3741107393338717,0.2599625157091259,0.3659267449570025,A,0.1
2015-16,2016-01-23,West Ham,Manchester City,D,1438.857673574889,1551.078891936878,-112.22121836198903,0.4291237710045074,0.2531672223283675,0.3177090066671251,A,0.1
2015-16,2016-01-23,West Bromwich Albion,Aston Villa,D,1388.6688635638566,1301.0367945524779,87.63206901137869,0.23653279164613658,0.21015337252988764,0.5533138358239758,H,0.1
2015-16,2016-01-23,Watford,Newcastle United,H,1423.8965554191038,1337.6595741947485,86.2369812243553,0.23761172953872345,0.21099643831385387,0.5513918321474227,H,0.1
2015-16,2016-01-23,Sunderland,Bournemouth,D,1337.0170681329955,1393.9620410129305,-56.944972879934994,0.3667583901986758,0.25997630352539464,0.37326530627592963,H,0.1
2015-16,2016-01-23,Norwich City,Liverpool,A,1377.1073753415121,1437.3393774121473,-60.23200207063519,0.3702471379269507,0.25999986333509645,0.3697529987379529,A,0.1
2015-16,2016-01-23,Leicester City,Stoke,H,1472.7517281976193,1450.2696196619036,22.482108535715724,0.29018383687315097,0.24328732974361403,0.46652883338323503,H,0.1
2015-16,2016-01-23,Crystal Palace,Tottenham,A,1412.7208973004117,1507.2022473026086,-94.4813500021969,0.4082498205446275,0.2569986056401068,0.33475157381526566,A,0.1
2015-16,2016-01-23,Manchester United,Southampton,A,1498.7693967014216,1455.074095439822,43.695301261599525,0.27193822723287425,0.234082740250751,0.4939790325163747,H,0.1
2015-16,2016-01-24,Arsenal,Chelsea,A,1550.0540782993266,1484.6108638385997,65.44321446072695,0.25403540631822635,0.22296387336436108,0.5230007203174126,H,0.1
2015-16,2016-01-24,Everton,Swansea,A,1436.8999219984896,1373.6751276403754,63.224794358114195,0.2558265784373305,0.2241682673972125,0.520005154165457,H,0.1
2015-16,2016-02-02,West Ham,Aston Villa,H,1440.3495037096716,1305.0474598279945,135.30204388167704,0.20129348047979387,0.17914445418885586,0.6195620653313503,H,0.1
2015-16,2016-02-02,West Bromwich Albion,Swansea,D,1384.65819828834,1382.7072654358176,1.9509328525223282,0.30865444378898915,0.2504356402220905,0.4409099159889203,H,0.1
2015-16,2016-02-02,Norwich City,Tottenham,A,1370.3651226898996,1516.6939821085662,-146.32885941866653,0.471436274246075,0.24174939489796138,0.28681433085596364,A,0.1
2015-16,2016-02-02,Sunderland,Manchester City,A,1336.9291396503233,1549.5870618020956,-212.65792215177225,0.5602521376311362,0.20707875864818642,0.23266910372067737,A,0.1
2015-16,2016-02-02,Leicester City,Liverpool,H,1483.2764850817948,1444.0816300637598,39.194855018035014,0.2757418886882937,0.23617937955275356,0.4880787317589527,H,0.1
2015-16,2016-02-02,Manchester United,Stoke,H,1490.0026003554522,1439.744862777728,50.25773757772413,0.2664539750504191,0.23089502885976776,0.5026509960898131,H,0.1
2015-16,2016-02-02,Arsenal,Southampton,D,1540.9928716911172,1463.8408917857914,77.15197990532579,0.2447075633342228,0.2163686627606764,0.5389237739051007,H,0.1
2015-16,2016-02-02,Crystal Palace,Bournemouth,A,1403.2291624944542,1394.0499694956027,9.179192998851477,0.3020556769667919,0.24812823428299224,0.44981608875021584,H,0.1
2015-16,2016-02-03,Everton,Newcastle United,H,1427.8677842030474,1333.6421674543756,94.22561674867188,0.23147129987776818,0.20610813506016162,0.5624205650620702,H,0.1
2015-16,2016-02-03,Watford,Chelsea,D,1427.9139621594768,1493.6720704468091,-65.75810828733233,0.37617429369756533,0.2599158289509995,0.36390987735143515,A,0.1
2015-16,2016-02-06,Stoke,Everton,A,1430.3538494992933,1435.619677878442,-5.265828379148616,0.31535110861414944,0.252503594216391,0.43214529716945954,H,0.1
2015-16,2016-02-06,Tottenham,Watford,H,1526.5274642315132,1428.0796786661379,98.4477855653754,0.22826261610265056,0.2034680056488043,0.5682693782485452,H,0.1
2015-16,2016-02-06,Southampton,West Ham,H,1467.5954150748598,1445.425450280402,22.169964794457883,0.2904584778586681,0.24340946761931737,0.46613205452201456,H,0.1
2015-16,2016-02-06,Swansea,Crystal Palace,D,1384.471696608067,1394.9699545276223,-10.498257919555272,0.32027610837517895,0.2538520771864638,0.4258718144383572,H,0.1
2015-16,2016-02-06,Liverpool,Sunderland,D,1436.2884159420482,1333.2198473996557,103.06856854239254,0.2247796334218372,0.20053732722013776,0.574683039358025,H,0.1
2015-16,2016-02-06,Aston Villa,Norwich City,H,1299.9715132572642,1360.5316405669525,-60.56012730968837,0.37059690354775154,0.2599992033891423,0.36940389306310617,A,0.1
2015-16,2016-02-06,Manchester City,Leicester City,A,1553.2963540527633,1491.0696992035064,62.226654849256875,0.25663501335450534,0.22470523818486737,0.5186597484606273,H,0.1
2015-16,2016-02-06,Newcastle United,West Bromwich Albion,H,1325.890273778981,1382.8937671160904,-57.003493337109376,0.36682026289866937,0.2599772026248429,0.3732025344764877,H,0.1
2015-16,2016-02-07,Bournemouth,Arsenal,A,1402.3091774624345,1537.2383484020488,-134.92917093961432,0.45698974665457476,0.24612848464910395,0.29688176869632127,A,0.1
2015-16,2016-02-07,Chelsea,Manchester United,D,1493.506353940148,1499.3936136338868,-5.88725969373877,0.31593293008933715,0.25267044194538707,0.4313966279652757,H,0.1
2015-16,2016-02-13,Norwich City,West Ham,D,1349.8225975008938,1440.1565009891199,-90.33390348822604,0.40348632185992656,0.2576741579795073,0.3388395201605661,A,0.1
2015-16,2016-02-13,Chelsea,Newcastle United,H,1491.9613367970217,1332.5884123056585,159.37292449136316,0.18465917313356017,0.16250617580745405,0.6528346510589857,H,0.1
2015-16,2016-02-13,Crystal Palace,Watford,A,1396.3851659466263,1424.2771275494454,-27.891961602819038,0.33708591964929685,0.2573955464697524,0.40551853388095077,H,0.1
2015-16,2016-02-13,Swansea,Southampton,A,1383.056485189063,1472.864364366142,-89.8078791770788,0.40288534576178103,0.257753777601349,0.33936087663687,A,0.1
2015-16,2016-02-13,Bournemouth,Stoke,A,1394.1563244454917,1414.3631350640535,-20.206810618561803,0.3295741078861665,0.2560103271586352,0.4144155649551984,H,0.1
2015-16,2016-02-13,Sunderland,Manchester United,H,1337.5965796455719,1500.9386307770133,-163.3420511314414,0.4935144959461805,0.23424998618611084,0.2722355178677087,A,0.1
2015-16,2016-02-13,Everton,West Bromwich Albion,A,1451.6103923136818,1376.195628589413,75.41476372426882,0.2460783555194328,0.21737148886938665,0.5365501556111806,H,0.1
2015-16,2016-02-14,Manchester City,Tottenham,A,1539.0015992860694,1530.3300153482057,8.671583937863716,0.3025156041030667,0.24829784887295908,0.44918654702397426,H,0.1
2015-16,2016-02-14,Arsenal,Leicester City,H,1545.3912014189916,1505.3644539702002,40.02674744879141,0.27503614121161707,0.23579744036121175,0.4891664184271712,H,0.1
2015-16,2016-02-14,Aston Villa,Liverpool,A,1310.680556323323,1431.911683696132,-121.23112737280917,0.44002996056269905,0.2506525838153215,0.30931745562197943,A,0.1
2015-16,2016-02-27,Leicester City,Norwich City,H,1500.4643396578685,1350.6934657643965,149.77087389347207,0.1912026092300476,0.16917891623683762,0.6396184745331148,H,0.1
2015-16,2016-02-27,Southampton,Chelsea,A,1478.95402189186,1498.5792274352104,-19.625205543350376,0.32901113696275497,0.25589378372571714,0.4150950793115279,H,0.1
2015-16,2016-02-27,Stoke,Aston Villa,H,1426.4906788108017,1295.4548205482208,131.03585826258086,0.20432183309683685,0.18205122157494727,0.6136269453282159,H,0.1
2015-16,2016-02-27,Watford,Bournemouth,D,1431.7525745991097,1382.0287806987435,49.72379390036622,0.26689748159345406,0.23116002856917292,0.501942489837373,H,0.1
2015-16,2016-02-27,West Bromwich Albion,Crystal Palace,H,1385.3847126810508,1388.909718896962,-3.525006215911162,0.3137256490190658,0.2520266669776715,0.4342476840032627,H,0.1
2015-16,2016-02-27,West Ham,Sunderland,H,1439.2856327256172,1345.9135366322341,93.3720960933831,0.23212300311665207,0.2066372489620031,0.5612397479213448,H,0.1
2015-16,2016-02-28,Manchester United,Arsenal,H,1492.621673790351,1550.2913157313233,-57.66964194097227,0.3675251804944601,0.2599862118123196,0.3724886076932203,H,0.1
2015-16,2016-02-28,Tottenham,Swansea,H,1538.5814210636752,1376.966827663345,161.61459340033025,0.18314920407928853,0.160944923577055,0.6559058723436564,H,0.1
2015-16,2016-03-01,Norwich City,Chelsea,A,1347.7064402883084,1506.2442094839923,-158.53776919568395,0.4872205668813119,0.23647923918068048,0.27630019393800764,A,0.1
2015-16,2016-03-01,Leicester City,West Bromwich Albion,D,1503.4513651339566,1391.1900046392004,112.26136049475622,0.21793819506084836,0.19459037459589915,0.5874714303432526,H,0.1
2015-16,2016-03-01,Sunderland,Crystal Palace,D,1342.022637359588,1383.1044269388124,-41.08178957922428,0.3503019200621519,0.25909285906834406,0.390605220869504,H,0.1
2015-16,2016-03-01,Bournemouth,Southampton,H,1385.0859189456858,1471.2890398430782,-86.20312089739241,0.398786255913134,0.258262502255864,0.342951241831002,A,0.1
2015-16,2016-03-01,Aston Villa,Everton,A,1292.1865511213873,1442.421308222044,-150.23475710065668,0.47645206603071527,0.24012674097702574,0.28342119299225893,A,0.1
2015-16,2016-03-02,Stoke,Newcastle United,H,1429.7589482376352,1325.9705216674697,103.78842657016548,0.22423970318500522,0.20007706953910495,0.5756832272758898,H,0.1
2015-16,2016-03-02,Arsenal,Swansea,A,1543.582203882736,1374.1479016323794,169.4343022503565,0.17793440519059128,0.15549571325371653,0.6665698815556922,H,0.1
2015-16,2016-03-02,Liverpool,Manchester City,H,1447.1374194712341,1530.7501935706,-83.61277409936588,0.3958614976121382,0.2585881596294718,0.34555034275839003,A,0.1
2015-16,2016-03-02,Manchester United,Watford,H,1499.3307856389383,1428.6954363521675,70.63534928677086,0.24987319083637416,0.2200875528952236,0.5300392562684022,H,0.1
2015-16,2016-03-02,West Ham,Tottenham,H,1443.1765319982633,1541.4003470946407,-98.2238150963774,0.41258633760275154,0.2563166172845696,0.33109704511267873,A,0.1
2015-16,2016-03-05,Swansea,Norwich City,H,1384.3075176517948,1343.0269813416587,41.280536310136085,0.27397475401934934,0.23521695949568056,0.4908082864849701,H,0.1
2015-16,2016-03-05,Watford,Leicester City,A,1424.3921073148547,1498.863224843269,-74.47111752841442,0.38567868797561383,0.25946883000894705,0.3548524820154391,A,0.1
2015-16,2016-03-05,Southampton,Sunderland,D,1459.9213487646634,1341.4786649967807,118.44268376788273,0.21340277343666916,0.19051418180563337,0.5960830447576975,H,0.1
2015-16,2016-03-05,Tottenham,Arsenal,D,1534.0380628286703,1533.4225878633206,0.6154749653496765,0.30988538968675433,0.25083627161840977,0.43927833869483585,H,0.1
2015-16,2016-03-05,Manchester City,Aston Villa,H,1516.4885553494335,1284.515108434508,231.9734469149255,0.13924345769878874,0.11308919116174737,0.7476673511394639,H,0.1
2015-16,2016-03-05,Chelsea,Stoke,D,1510.923668430642,1433.470024753641,77.45364367700108,0.24446998898973876,0.2161936976990818,0.5393363133111794,H,0.1
2015-16,2016-03-05,Newcastle United,Bournemouth,A,1322.259445151464,1396.4536100241005,-74.19416487263652,0.385373569267084,0.2594889470374311,0.3551374836954849,A,0.1
2015-16,2016-03-05,Everton,West Ham,A,1450.0927509089233,1450.5388162642337,-0.4460653553103384,0.3108665148298168,0.25114894531017584,0.43798453986000735,H,0.1
2015-16,2016-03-06,Crystal Palace,Liverpool,A,1383.6483993016197,1461.3990576924007,-77.75065839078093,0.3893068394713492,0.2592012068524995,0.3514919536761513,A,0.1
2015-16,2016-03-06,West Bromwich Albion,Manchester United,H,1395.778144929888,1503.634114676251,-107.85596974636314,0.42391287446127957,0.25424959875937736,0.3218375267793431,A,0.1
2015-16,2016-03-12,Bournemouth,Swansea,H,1406.6473735849274,1389.1822886076072,17.465084977320203,0.29462063448212295,0.2452013436457854,0.46017802187209167,H,0.1
2015-16,2016-03-12,Norwich City,Manchester City,D,1338.1522103858463,1521.0600995860289,-182.90788920018258,0.519577830225397,0.22433908718981946,0.25608308258478346,A,0.1
2015-16,2016-03-12,Stoke,Southampton,A,1437.2320042561767,1455.1939000222676,-17.961895766090947,0.3274053508074385,0.255551459640049,0.4170431895525125,H,0.1
2015-16,2016-03-13,Aston Villa,Tottenham,A,1279.9435641979126,1532.3108976696253,-252.36733347171275,0.6154800075477805,0.18114590523057197,0.20337408722164751,A,0.1
2015-16,2016-03-14,Leicester City,Newcastle United,H,1505.2886551174088,1312.065681590637,193.22297352677174,0.16257714558520528,0.13900243515699198,0.6984204192578027,H,0.1
2015-16,2016-03-19,West Bromwich Albion,Norwich City,A,1403.2900924771268,1341.549245653306,61.7408468238209,0.2570290601454339,0.22496547052183588,0.5180054693327302,H,0.1
2015-16,2016-03-19,Watford,Stoke,A,1417.966677040715,1429.528817847239,-11.562140806523985,0.3212847812853764,0.2541105137125701,0.4246047050020535,H,0.1
2015-16,2016-03-19,Swansea,Aston Villa,H,1383.813783270386,1275.0480231294348,108.76576014095122,0.22052601765865484,0.19686894510838487,0.5826050372329602,H,0.1
2015-16,2016-03-19,Everton,Arsenal,A,1441.9863002342543,1535.1497530223655,-93.16345278811127,0.4067313412761649,0.2572224446861504,0.33604621403768464,A,0.1
2015-16,2016-03-19,Crystal Palace,Leicester City,A,1377.2952790142076,1507.694970489702,-130.39969147549436,0.4513322694429131,0.2477157836348681,0.3009519469222188,A,0.1
2015-16,2016-03-19,Chelsea,West Ham,D,1507.1616889281063,1458.6452669389028,48.516421989203536,0.2679021126381218,0.23175561873683545,0.5003422686250427,H,0.1
2015-16,2016-03-20,Manchester City,Manchester United,A,1517.6630643185692,1496.1221671290123,21.540897189556972,0.29101252767125996,0.24365439127467534,0.4653330810540647,H,0.1
2015-16,2016-03-20,Newcastle United,Sunderland,D,1309.6593662183438,1346.2061137391765,-36.546747520832696,0.34571092892249883,0.25860712021251275,0.3956819508649884,H,0.1
2015-16,2016-03-20,Southampton,Liverpool,H,1462.8970864312053,1467.7521779798128,-4.855091548607561,0.314967006798219,0.25239233126680444,0.43264066193497663,H,0.1
2015-16,2016-03-20,Tottenham,Bournemouth,H,1537.206438738103,1412.0158789221487,125.19055981595443,0.20851048103216085,0.18600326262629974,0.6054862563415394,H,0.1
2015-16,2016-04-02,Stoke,Swansea,D,1437.3791730471817,1387.4409847517888,49.93818829539282,0.2667193432305435,0.23105374130094009,0.5022269154685164,H,0.1
2015-16,2016-04-02,West Ham,Crystal Palace,D,1461.670868709068,1372.0597215505775,89.61114715849044,0.23500702553157718,0.2089495445531051,0.5560434299153177,H,0.1
2015-16,2016-04-02,Sunderland,West Bromwich Albion,D,1346.8801291405223,1394.2775237476371,-47.39739460711485,0.3567789667277482,0.25959704429518043,0.3836239889770713,H,0.1
2015-16,2016-04-02,Norwich City,Newcastle United,H,1350.5618143827955,1308.985350816998,41.57646356579744,0.2737246373755915,0.23507910645624674,0.49119625616816176,H,0.1
2015-16,2016-04-02,Liverpool,Tottenham,D,1461.92458245189,1543.9262149210103,-82.0016324691203,0.3940511388272644,0.25877381190669607,0.3471750492660396,A,0.1
2015-16,2016-04-02,Aston Villa,Chelsea,A,1271.420821648032,1504.1360871579411,-232.71526550990916,0.5881035710918487,0.19429304096306296,0.21760338794508818,A,0.1
2015-16,2016-04-02,Arsenal,Watford,H,1544.686545936392,1410.1163218407723,134.57022409561955,0.20181124391367192,0.17964429887468666,0.6185444572116414,H,0.1
2015-16,2016-04-02,Bournemouth,Manchester City,A,1405.2961027392414,1509.216745642665,-103.92064290342364,0.4192566192012395,0.2551479357200612,0.32559544507869925,A,0.1
2015-16,2016-04-03,Leicester City,Southampton,H,1512.930527953332,1468.724681959128,44.20584599420408,0.2715089381306484,0.23384022723229447,0.4946508346370571,H,0.1
2015-16,2016-04-03,Manchester United,Everton,H,1504.5684858049165,1432.449507320228,72.11897848468857,0.24869147938152172,0.21925128702679464,0.5320572335916837,H,0.1
2015-16,2016-04-09,West Ham,Arsenal,D,1457.61251311148,1552.148681260093,-94.53616814861311,0.408313079200189,0.25698911038861316,0.33469781041119784,A,0.1
2015-16,2016-04-09,Swansea,Chelsea,H,1390.5037159839612,1511.9979264442497,-121.49421046028851,0.4403514300781588,0.25057356492432176,0.3090750049975195,A,0.1
2015-16,2016-04-09,Southampton,Newcastle United,H,1463.9087512047806,1304.1165507045175,159.7922005002631,0.18437624374025574,0.16221422655714723,0.653409529702597,H,0.1
2015-16,2016-04-09,Watford,Everton,D,1402.6541865170711,1428.173910975774,-25.519724458702967,0.33475262767234676,0.2569987916041901,0.4082485807234632,H,0.1
2015-16,2016-04-09,Crystal Palace,Norwich City,H,1376.1180771481654,1355.4306144952761,20.68746265288928,0.29176539246837907,0.2439840502522951,0.46425055727932585,H,0.1
2015-16,2016-04-09,Aston Villa,Bournemouth,A,1263.5589823617233,1391.860174273278,-128.30119191155472,0.44872757081540376,0.2484208974158815,0.30285153176871477,A,0.1
2015-16,2016-04-09,Manchester City,West Bromwich Albion,H,1522.6526741086284,1394.6400968849064,128.01257722372202,0.20648257600873893,0.18410002011078147,0.6094174038804796,H,0.1
2015-16,2016-04-10,Liverpool,Stoke,H,1462.556995206785,1434.3164418150093,28.24055339177562,0.28515008519421353,0.24096281205933567,0.4738871027464508,H,0.1
2015-16,2016-04-10,Sunderland,Leicester City,A,1346.517556003253,1517.7464587076795,-171.22890270442645,0.5039409575329985,0.23041052283287256,0.26564851963412894,A,0.1
2015-16,2016-04-10,Tottenham,Manchester United,H,1543.2938021661155,1508.8440821493703,34.44972001674523,0.2797908273085182,0.2383082337619651,0.48190093892951674,H,0.1
2015-16,2016-04-13,Crystal Palace,Everton,D,1381.418292503949,1429.1630877391578,-47.74479523520881,0.35713809692814746,0.25961893761219246,0.3832429654596601,H,0.1
2015-16,2016-04-16,West Bromwich Albion,Watford,A,1391.3246711630743,1401.6650097536874,-10.3403385906131,0.3201265958972564,0.25381325986958986,0.4260601442331537,H,0.1
2015-16,2016-04-16,Chelsea,Manchester City,A,1504.2785728373403,1525.9680998304605,-21.689526993120126,0.331012804670841,0.2563000165616074,0.4126871787675516,H,0.1
2015-16,2016-04-16,Everton,Southampton,D,1429.5156746684793,1468.4168699745446,-38.90119530606535,0.3480882146772045,0.25887216532816365,0.3930396199946319,H,0.1
2015-16,2016-04-16,Manchester United,Aston Villa,H,1498.8166032188353,1258.2806825427529,240.53592067608247,0.13437820475034454,0.10762278867999459,0.7579990065696609,H,0.1
2015-16,2016-04-16,Newcastle United,Swansea,H,1299.6084319347535,1398.2230695908706,-98.61463765611711,0.41304127892527437,0.2562414599512385,0.3307172611234872,A,0.1
2015-16,2016-04-16,Norwich City,Sunderland,A,1350.1303991394925,1339.4808091367015,10.649590002791001,0.30072632541073674,0.24763052987261697,0.45164314471664635,H,0.1
2015-16,2016-04-17,Leicester City,West Ham,D,1524.783205574231,1458.603282827217,66.17992274701396,0.25344228672121744,0.2225606110549981,0.5239971022237845,H,0.1
2015-16,2016-04-17,Arsenal,Crystal Palace,D,1551.157911544356,1381.0657055746276,170.0922059697284,0.1774993943228634,0.1550373071090786,0.667463298568058,H,0.1
2015-16,2016-04-17,Bournemouth,Liverpool,A,1397.1384740922485,1472.840863615157,-75.70238952290856,0.38703758034032765,0.25937470907057514,0.3535877105890972,A,0.1
2015-16,2016-04-18,Stoke,Tottenham,A,1424.032573406637,1553.3212810966504,-129.28870769001333,0.44995199038504,0.24809149204867634,0.30195651756628367,A,0.1
2015-16,2016-04-19,Newcastle United,Manchester City,D,1314.345240994345,1541.2032931783538,-226.85805218400878,0.5799508789139328,0.19810375576786055,0.22194536531820658,A,0.1
2015-16,2016-04-20,Liverpool,Everton,H,1479.239114948305,1428.9091476536448,50.329967294660264,0.2663940158266967,0.23085910540846669,0.5027468787648366,H,0.1
2015-16,2016-04-20,Manchester United,Crystal Palace,H,1500.6984024943486,1386.864350986638,113.83405150771046,0.2167793511449244,0.19355878507319585,0.5896618637818797,H,0.1
2015-16,2016-04-20,West Ham,Watford,H,1462.0833588222051,1409.5434885531615,52.539870269043604,0.26456372454976046,0.2297513916638446,0.5056848837863949,H,0.1
2015-16,2016-04-21,Arsenal,West Bromwich Albion,H,1545.3592661323455,1383.4461923636002,161.91307376874533,0.18294865519295292,0.1607369859356277,0.6563143588714194,H,0.1
2015-16,2016-04-23,Liverpool,Newcastle United,D,1490.138431398678,1318.809727717793,171.32870368088493,0.17668338416842766,0.15417588200916588,0.6691407338224065,H,0.1
2015-16,2016-04-23,Aston Villa,Southampton,A,1256.3988832672396,1469.023396989379,-212.62451372213945,0.5602059477563215,0.2070993846525171,0.23269466759116153,A,0.1
2015-16,2016-04-23,Bournemouth,Chelsea,A,1390.7402227591006,1489.043379489447,-98.30315673034647,0.41267866429249905,0.2563014195239588,0.33101991618354215,A,0.1
2015-16,2016-04-23,Manchester City,Stoke,H,1536.7388064549057,1411.8234919344031,124.91531452050253,0.20870884242983495,0.18618839506816978,0.6051027625019954,H,0.1
2015-16,2016-04-24,Sunderland,Arsenal,D,1356.0443233045555,1549.8205962072102,-193.77627290265468,0.53431480114555,0.21830979139271914,0.24737540746173098,A,0.1
2015-16,2016-04-24,Leicester City,Swansea,H,1521.303129579243,1383.4862605312792,137.8168690479638,0.19951965852362585,0.17742321836454986,0.6230571231118243,H,0.1
2015-16,2016-04-25,Tottenham,West Bromwich Albion,D,1565.5303625688844,1378.9848622887355,186.54550028014887,0.1668101982025405,0.1436071152061247,0.6895826865913348,H,0.1
2015-16,2016-04-30,Newcastle United,Crystal Palace,H,1324.63194700877,1381.2485705733045,-56.61662356453439,0.36641139232830955,0.25997093637661256,0.37361767129507795,H,0.1
2015-16,2016-04-30,Arsenal,Norwich City,H,1546.1498403179296,1333.5668849716385,212.5829553462911,0.15065365144749293,0.12584882210450316,0.723497526448004,H,0.1
2015-16,2016-04-30,Everton,Bournemouth,H,1418.009831203272,1378.9272829397328,39.08254826353914,0.27583725852794416,0.2362307446768766,0.4879319967951793,H,0.1
2015-16,2016-04-30,Watford,Aston Villa,H,1402.172529206473,1250.5189138247222,151.6536153817508,0.18990994731270058,0.1678731203611326,0.6422169323261668,H,0.1
2015-16,2016-04-30,West Bromwich Albion,West Ham,A,1385.0892157656401,1469.4543181688937,-84.36510240325356,0.3967091572613609,0.2584970256023731,0.34479381713626595,A,0.1
2015-16,2016-04-30,Stoke,Sunderland,D,1404.01195057632,1359.7150791938361,44.296871382483914,0.2714324468072521,0.23379689078737176,0.49477066240537615,H,0.1
2015-16,2016-05-01,Manchester United,Leicester City,D,1506.3141829076822,1528.6503938650537,-22.336210957371577,0.3316418628473137,0.25642301835708664,0.41193511879559974,H,0.1
2015-16,2016-05-01,Southampton,Manchester City,H,1474.9033664318965,1544.5503478129888,-69.64698138109225,0.38039224356631746,0.25976381139729326,0.3598439450363892,A,0.1
2015-16,2016-05-01,Swansea,Liverpool,H,1376.1389962454684,1484.316212107701,-108.17721586223252,0.4242947100248059,0.254173011924508,0.32153227805068607,A,0.1
2015-16,2016-05-02,Chelsea,Tottenham,D,1500.8563193088148,1559.4260090919797,-58.569689783164904,0.3684793924980875,0.25999480567002936,0.3715258018318831,H,0.1
2015-16,2016-05-07,Aston Villa,Newcastle United,D,1247.5591098657953,1331.3237099301111,-83.7646000643158,0.39603244396189546,0.25856999567260286,0.3453975603655017,A,0.1
2015-16,2016-05-07,Crystal Palace,Stoke,H,1374.5568076519635,1401.0970809691262,-26.5402733171627,0.3357548166586954,0.2571728670530138,0.4070723162882908,H,0.1
2015-16,2016-05-07,Norwich City,Manchester United,A,1331.3882272913256,1505.2343585192123,-173.84613122788664,0.5074255004808318,0.22908885370550014,0.2634856458136681,A,0.1
2015-16,2016-05-07,Bournemouth,West Bromwich Albion,D,1374.0080341437113,1372.673001795881,1.3350323478302926,0.30922168221946317,0.2506214127141619,0.4401569050663749,H,0.1
2015-16,2016-05-07,West Ham,Swansea,A,1481.8705321386528,1388.0529936730775,93.81753846557535,0.23178275791607372,0.20636130772889139,0.5618559343550349,H,0.1
2015-16,2016-05-07,Sunderland,Chelsea,H,1362.62994880103,1500.815151904084,-138.18520310305394,0.4610860808595175,0.2449330941628032,0.29398082497767924,A,0.1
2015-16,2016-05-07,Leicester City,Everton,H,1529.7302182535236,1422.9290799992934,106.80113825423018,0.22198778646744688,0.1981404970821951,0.579871716450358,H,0.1
2015-16,2016-05-08,Tottenham,Southampton,A,1559.4671764967106,1485.8479730446832,73.61920345202748,0.24749995890582646,0.2183993501595962,0.5341006909345773,H,0.1
2015-16,2016-05-08,Manchester City,Arsenal,D,1533.6057412002021,1548.3284979982425,-14.722756798040336,0.3242961103820381,0.2548466059808948,0.4208572836370671,H,0.1
2015-16,2016-05-08,Liverpool,Watford,H,1472.402214680092,1405.1323331653998,67.26988151469209,0.25256631826453524,0.22196100680841668,0.5254726749270481,H,0.1
2015-16,2016-05-10,West Ham,Manchester United,H,1463.0448204354502,1509.6255078642764,-46.580687428826195,0.35593586003463107,0.2595431726304124,0.38452096733495655,H,0.1
2015-16,2016-05-11,Liverpool,Chelsea,D,1479.3232008345378,1492.8499680271618,-13.526767192623993,0.3231540085394144,0.2545736567010416,0.422272334759544,H,0.1
2015-16,2016-05-11,Norwich City,Watford,H,1326.9970779462615,1398.211347010954,-71.21426906469242,0.3821031472840386,0.2596808839270363,0.35821596878892503,A,0.1
2015-16,2016-05-11,Sunderland,Everton,H,1370.595132677952,1417.1278808813177,-46.5327482033656,0.3558864224112294,0.2595399057499565,0.384573671838814,H,0.1
2015-16,2016-05-15,Swansea,Manchester City,D,1406.87870537628,1532.3098848835018,-125.43117950722171,0.44518229743212534,0.2493537706882267,0.3054639318796479,A,0.1
2015-16,2016-05-15,West Bromwich Albion,Liverpool,D,1374.4202524522034,1477.993514446189,-103.57326199398562,0.4188474974365428,0.2552236783365951,0.3259288242268621,A,0.1
2015-16,2016-05-15,Watford,Sunderland,D,1387.226331555279,1383.6449712905376,3.5813602647415337,0.30715663860432557,0.2499355836269782,0.4429077777686962,H,0.1
2015-16,2016-05-15,Everton,Norwich City,H,1404.0780422687321,1337.9820934019363,66.09594886679588,0.25350985084042094,0.2226066593134041,0.523883489846175,H,0.1
2015-16,2016-05-15,Southampton,Crystal Palace,H,1495.0143694963706,1380.7481108917004,114.26625860467016,0.21646146627825805,0.19327460721949005,0.5902639265022519,H,0.1
2015-16,2016-05-15,Arsenal,Aston Villa,H,1549.6243543149428,1248.242045318918,301.3823089960249,0.09992515765312521,0.1,0.8000748423468748,H,0.1
2015-16,2016-05-15,Newcastle United,Tottenham,H,1330.6407744769886,1550.3007800450232,-219.66000556803465,0.5699507655193298,0.20270322929783952,0.22734600518283088,A,0.1
2015-16,2016-05-15,Chelsea,Leicester City,D,1494.1796544155106,1535.5314173714994,-41.35176295598876,0.3505767965680344,0.2591185215149981,0.39030468191696754,H,0.1
2015-16,2016-05-15,Stoke,West Ham,H,1394.9057777293892,1469.5705356829208,-74.66475795353153,0.38589213935706934,0.2594545345740281,0.35465332606890254,A,0.1
2015-16,2016-05-17,Manchester United,Bournemouth,H,1503.0997926168059,1372.2607834873888,130.83900912941704,0.20446215078760563,0.18218491425874572,0.6133529349536486,H,0.1
2016-17,2016-08-13,Burnley,Swansea,A,1361.002145503308,1417.8660118273185,-56.86386632401059,0.36667265189337994,0.25997502867040917,0.37335231943621083,H,0.1
2016-17,2016-08-13,Crystal Palace,West Bromwich Albion,A,1386.3083909626773,1388.1010717907361,-1.792680828058792,0.31211452837881326,0.2515381819781766,0.43634728964301017,H,0.1
2016-17,2016-08-13,Everton,Tottenham,D,1421.5702249561605,1526.4414788411812,-104.87125388502068,0.42037776078054956,0.2549377083368317,0.3246845308826187,A,0.1
2016-17,2016-08-13,Hull,Leicester City,H,1371.316605644408,1532.4608777488893,-161.1442721044814,0.49062969696171044,0.2352803278888282,0.2740899751494613,A,0.1
2016-17,2016-08-13,Manchester City,Sunderland,H,1527.4037194064854,1396.9093479299358,130.49437147654953,0.20470793910150512,0.18241888347675683,0.6128731774217381,H,0.1
2016-17,2016-08-13,Middlesbrough,Stoke,D,1420.0,1411.7032711920035,8.296728807996487,0.30285558127844037,0.24842237642385415,0.4487220422977055,H,0.1
2016-17,2016-08-13,Southampton,Watford,D,1501.8778413865866,1396.8748246312991,105.00301675528749,0.22333032429603206,0.19929831415187219,0.5773713615520958,H,0.1
2016-17,2016-08-14,Arsenal,Liverpool,A,1547.490845436738,1479.071318417817,68.41952701892092,0.2516443792683219,0.22132475326538992,0.5270308674662881,H,0.1
2016-17,2016-08-14,Bournemouth,Manchester United,A,1380.3682707049861,1507.4562477887891,-127.08797708380303,0.4472264959741129,0.24881970018615318,0.3039538038397339,A,0.1
2016-17,2016-08-15,Chelsea,West Ham,H,1494.2790868594197,1466.3254108790754,27.953675980344315,0.2853993980112223,0.24108178420430826,0.4735188177844694,H,0.1
2016-17,2016-08-19,Manchester United,Southampton,H,1515.8614413598107,1497.4562066690194,18.405234690791303,0.293785531710472,0.2448506946353742,0.46136377365415376,H,0.1
2016-17,2016-08-20,Swansea,Hull,A,1424.6838274649683,1379.6037934780913,45.08003398687697,0.27077491778309476,0.23342280447728003,0.4958022777396252,H,0.1
2016-17,2016-08-20,Tottenham,Crystal Palace,H,1525.1571133462596,1378.232985331631,146.92412801462865,0.19316606576506354,0.1711501184809907,0.6356838157539457,H,0.1
2016-17,2016-08-20,Watford,Chelsea,A,1401.2964593488664,1499.4269863212414,-98.13052697237504,0.4124778026764968,0.2563344473119463,0.3311877500115568,A,0.1
2016-17,2016-08-20,Leicester City,Arsenal,D,1524.1736899152058,1538.3909910433915,-14.217301128185682,0.32381304104588954,0.2547320832383053,0.42145487571580514,H,0.1
2016-17,2016-08-20,West Bromwich Albion,Everton,A,1396.1764774217825,1422.854590451082,-26.67811302929954,0.33589036218082163,0.2571959864220085,0.4069136513971698,H,0.1
2016-17,2016-08-20,Burnley,Liverpool,H,1354.1843298656581,1488.1711728111636,-133.9868429455055,0.45580879448850303,0.2464660073805332,0.2977251981309639,A,0.1
2016-17,2016-08-20,Stoke,Manchester City,A,1413.6440748620917,1530.6803985219462,-117.03632365985459,0.4349272091847424,0.2518698948868498,0.3132028959284077,A,0.1
2016-17,2016-08-21,Sunderland,Middlesbrough,A,1393.632668814475,1418.0591963299119,-24.426527515436874,0.33368177617228517,0.25680666012776027,0.4095115636999545,H,0.1
2016-17,2016-08-21,West Ham,Bournemouth,H,1461.1775114172538,1371.9630771339646,89.21443428328917,0.2353124187115833,0.20919158444791924,0.5554959968404974,H,0.1
2016-17,2016-08-27,Southampton,Sunderland,D,1488.978979440561,1386.0778434002275,102.90113604033354,0.22490531928873908,0.2006442396041152,0.5744504411071457,H,0.1
2016-17,2016-08-27,Watford,Arsenal,A,1395.3862883630368,1539.701148538084,-144.31486017504722,0.46886288116234354,0.24256212069989053,0.288574998137766,A,0.1
2016-17,2016-08-27,Tottenham,Liverpool,D,1528.1856584263028,1475.6432641800698,52.542394246233016,0.2645616387589827,0.22975011703515086,0.5056882442058666,H,0.1
2016-17,2016-08-27,Leicester City,Swansea,H,1522.8635324205134,1410.7580989735588,112.10543344695452,0.21805327390259757,0.19469243986688137,0.5872542862305211,H,0.1
2016-17,2016-08-27,Hull,Manchester United,A,1393.5295219695008,1524.338668588269,-130.80914661876818,0.4518417113497584,0.24757595396584878,0.3005823346843928,A,0.1
2016-17,2016-08-27,Everton,Stoke,H,1430.357828335631,1402.6230006022902,27.734827733340808,0.2855896918132422,0.24117232251637566,0.47323798567038217,H,0.1
2016-17,2016-08-27,Crystal Palace,Bournemouth,D,1375.2044402515878,1367.9987888636342,7.205651387953594,0.3038467595072497,0.24878130397759868,0.4473719365151516,H,0.1
2016-17,2016-08-27,Chelsea,Burnley,H,1505.337157307071,1366.712238496752,138.62491881031906,0.19895148528926743,0.17686904086326258,0.62417947384747,H,0.1
2016-17,2016-08-28,Manchester City,West Ham,H,1541.7014727817477,1465.1417996875841,76.5596730941636,0.24517442876326875,0.21671149231557843,0.5381140789211528,H,0.1
2016-17,2016-08-28,West Bromwich Albion,Middlesbrough,D,1388.6732395372335,1425.6140217441593,-36.94078220692586,0.34610785523167853,0.25865340979312534,0.3952387349751961,H,0.1
2016-17,2016-09-10,Manchester United,Manchester City,A,1529.565905825235,1548.347643734128,-18.781737908893092,0.3281960572169258,0.2557218601354464,0.4160820826476278,H,0.1
2016-17,2016-09-10,Stoke,Tottenham,A,1397.470547970867,1525.05515998963,-127.58461201876298,0.44784054169646736,0.24865723531957332,0.30350222298395935,A,0.1
2016-17,2016-09-10,Middlesbrough,Crystal Palace,A,1426.2767465801878,1373.2938757546199,52.98287082556794,0.264197794044881,0.22952734371898648,0.5062748622361326,H,0.1
2016-17,2016-09-10,West Ham,Watford,A,1458.4956287352038,1387.530444017707,70.96518471749687,0.24961018591188747,0.21990217903443746,0.5304876350536751,H,0.1
2016-17,2016-09-10,Bournemouth,West Bromwich Albion,H,1369.9093533606022,1388.010514701205,-18.101161340602857,0.3275395600888589,0.25558063391829317,0.41687980599284796,H,0.1
2016-17,2016-09-10,Arsenal,Southampton,H,1547.5569928834138,1484.606143975595,62.95084890781891,0.2560483015565045,0.2243159489904019,0.5196357494530937,H,0.1
2016-17,2016-09-10,Liverpool,Leicester City,H,1478.7737626167425,1526.4352025249555,-47.66143990821297,0.35705189996703857,0.25961374016075145,0.38333435987221,H,0.1
2016-17,2016-09-10,Burnley,Hull,D,1360.4080990721684,1388.3022847325349,-27.894185660366475,0.337088113349914,0.257395905454604,0.405515981195482,H,0.1
2016-17,2016-09-11,Swansea,Chelsea,D,1407.1864288691168,1511.6412967316546,-104.45486786253787,0.4198863950338768,0.25503032467746245,0.32508328028866074,A,0.1
2016-17,2016-09-12,Sunderland,Everton,A,1390.4506788651936,1435.510280967054,-45.05960210186049,0.3543699941727283,0.25943385919357537,0.3861961466336963,H,0.1
2016-17,2016-09-16,Chelsea,Liverpool,A,1510.368719902213,1491.8610679878548,18.50765191435812,0.293694661223973,0.24481227095902247,0.46149306781700455,H,0.1
2016-17,2016-09-17,Manchester City,Bournemouth,H,1556.031996713389,1375.9591794012044,180.0728173121845,0.1709715725765132,0.1480929693874512,0.6809354580360356,H,0.1
2016-17,2016-09-17,Everton,Middlesbrough,H,1449.6787962271594,1417.3816763487243,32.29711987843507,0.28164085371932707,0.23924559814897287,0.4791135481317001,H,0.1
2016-17,2016-09-17,Hull,Arsenal,A,1389.2237429947259,1552.005763911111,-162.78202091638514,0.4927785225634962,0.2345142055260084,0.2727072719104954,A,0.1
2016-17,2016-09-17,West Bromwich Albion,West Ham,H,1381.9606886606027,1444.020819343433,-62.06013068283028,0.37219932130784966,0.259989224090581,0.3678114546015693,A,0.1
2016-17,2016-09-17,Leicester City,Burnley,H,1513.3478971538432,1359.4866408099774,153.86125634386576,0.18840020274293115,0.16634014957530505,0.6452596476817638,H,0.1
2016-17,2016-09-18,Watford,Manchester United,H,1402.0052534094777,1521.881552845974,-119.87629943649631,0.4383771429420441,0.25105453669041156,0.31056832036754434,A,0.1
2016-17,2016-09-18,Tottenham,Sunderland,H,1537.3449707162763,1376.2821636050883,161.06280711118802,0.18352026172240393,0.16132929727747922,0.6551504410001169,H,0.1
2016-17,2016-09-18,Crystal Palace,Stoke,H,1382.1889459860834,1385.1807372442208,-2.991791258137482,0.31322906274439155,0.2518777815700054,0.43489315568560305,H,0.1
2016-17,2016-09-18,Southampton,Swansea,H,1480.1573729478978,1408.4590056985585,71.6983672493393,0.24902615508552728,0.21948900484793615,0.5314848400665366,H,0.1
2016-17,2016-09-24,Middlesbrough,Tottenham,A,1409.3649638610925,1540.1715628459624,-130.80659898486988,0.45183854037188426,0.24757682624969868,0.300584633378417,A,0.1
2016-17,2016-09-24,Manchester United,Leicester City,H,1509.685199205752,1519.2041490959964,-9.518949890244357,0.31934981390501976,0.25360946214445,0.4270407239505302,H,0.1
2016-17,2016-09-24,Liverpool,Hull,H,1500.261999879166,1380.0267880518504,120.23521182731565,0.21209720083331635,0.1893217453714161,0.5985810537952676,H,0.1
2016-17,2016-09-24,Arsenal,Chelsea,H,1561.2027188539864,1501.9677880109016,59.23493084308484,0.25906761556321106,0.22629603822124442,0.5146363462155444,H,0.1
2016-17,2016-09-24,Bournemouth,Everton,H,1369.9878866507058,1457.6955087147912,-87.7076220640854,0.4004929771462502,0.258058019232581,0.3414490036211688,A,0.1
2016-17,2016-09-24,Stoke,West Bromwich Albion,D,1373.5880331048472,1392.7087594158081,-19.12072631096089,0.3285234427863629,0.2557913692693111,0.41568518794432596,H,0.1
2016-17,2016-09-24,Sunderland,Crystal Palace,A,1373.4555714754022,1393.781650125457,-20.326078650054797,0.3296896496969985,0.25603402392579394,0.4142763263772076,H,0.1
2016-17,2016-09-24,Swansea,Manchester City,A,1404.1755585821484,1562.0032894638875,-157.82773088173917,0.48629420845567684,0.23680144674676448,0.27690434479755865,A,0.1
2016-17,2016-09-25,West Ham,Southampton,A,1433.2727485882276,1484.440820064308,-51.168071476080286,0.3606929756215829,0.2598020210202758,0.37950500335814125,H,0.1
2016-17,2016-09-26,Burnley,Watford,H,1353.6303888678242,1414.2016070496998,-60.571218181875565,0.3706087306604736,0.2599991715300803,0.36939209780944615,A,0.1
2016-17,2016-09-30,Everton,Crystal Palace,D,1450.499319432167,1401.430540203335,49.068779228832,0.2674422035688232,0.23148377152456512,0.5010740249066117,H,0.1
2016-17,2016-10-01,Sunderland,West Bromwich Albion,D,1365.806681397524,1393.879959823312,-28.073278425787976,0.3372647995762687,0.25742473280588146,0.4053104676178499,H,0.1
2016-17,2016-10-01,Hull,Chelsea,A,1372.0416706870865,1492.927442141375,-120.88577145428849,0.4396082168037235,0.2507558372090694,0.3096359459872071,A,0.1
2016-17,2016-10-01,Swansea,Liverpool,A,1396.7371969355938,1508.24711724393,-111.50992030833618,0.4282713987102606,0.2533497063146097,0.3183788949751297,A,0.1
2016-17,2016-10-01,West Ham,Middlesbrough,D,1419.3805870805834,1404.1376748754524,15.242912205131006,0.29660134197207483,0.24601526472411026,0.4573833933038149,H,0.1
2016-17,2016-10-01,Watford,Bournemouth,D,1403.4922752223406,1377.18407593333,26.308199289010645,0.2868323537952333,0.24175781544048508,0.47140983076428156,H,0.1
2016-17,2016-10-02,Manchester United,Stoke,D,1521.4968594122154,1372.4168326973434,149.08002671487202,0.19167811307698615,0.16965765818531206,0.6386642287377018,H,0.1
2016-17,2016-10-02,Tottenham,Manchester City,H,1545.3988518316025,1569.441651110442,-24.04279927883954,0.33330654657592174,0.25673783227970387,0.40995562114437445,H,0.1
2016-17,2016-10-02,Burnley,Arsenal,A,1364.3397206951834,1570.243064723513,-205.90334402832968,0.5509324533044999,0.21119736973020348,0.23787017696529664,A,0.1
2016-17,2016-10-02,Leicester City,Southampton,D,1507.392488889533,1498.3329815719521,9.059507317580938,0.30216407325271055,0.24816832863071367,0.44966759811657575,H,0.1
2016-17,2016-10-15,Bournemouth,Hull,H,1379.61835723194,1363.4342829401412,16.18407429179888,0.2957612728648501,0.24567310599999104,0.45856562113515886,H,0.1
2016-17,2016-10-15,West Bromwich Albion,Tottenham,D,1394.7963069068703,1555.145511567817,-160.34920466094673,0.4895883914598312,0.2356487030882467,0.2747629054519221,A,0.1
2016-17,2016-10-15,Manchester City,Everton,D,1559.6949913742276,1447.459281854805,112.23570951942247,0.2179571239754247,0.19460716764477845,0.5874357083797969,H,0.1
2016-17,2016-10-15,Crystal Palace,West Ham,A,1404.470577780697,1417.2481559608352,-12.777578180138107,0.32244019276395247,0.25439920488035794,0.4231606023556896,H,0.1
2016-17,2016-10-15,Chelsea,Leicester City,H,1501.5348298883202,1505.4305666869843,-3.8957367986640747,0.31407126930631424,0.25212940988240934,0.43379932081127637,H,0.1
2016-17,2016-10-15,Arsenal,Swansea,H,1574.0657769651784,1391.1110715507984,182.95470541438,0.1691117293032634,0.14609340723262138,0.6847948634641152,H,0.1
2016-17,2016-10-15,Stoke,Sunderland,H,1377.7999872488003,1364.8903343139657,12.90965293483464,0.2986914794838706,0.24684715781615732,0.4544613626999721,H,0.1
2016-17,2016-10-16,Middlesbrough,Watford,A,1406.2701059952005,1401.0579939237305,5.212112071470074,0.30566402609391785,0.24942347210627347,0.4449125017998087,H,0.1
2016-17,2016-10-16,Southampton,Burnley,H,1500.2949037745009,1360.517008453518,139.7778953209829,0.19814227914593655,0.17607741313205497,0.6257803077220085,H,0.1
2016-17,2016-10-17,Liverpool,Manchester United,D,1513.8732426287254,1516.1137048607584,-2.2404622320329963,0.31253037034714876,0.2516657712100827,0.43580385844276853,H,0.1
2016-17,2016-10-22,Swansea,Watford,D,1388.576376516533,1409.2559841976965,-20.67960768116359,0.33003232389390075,0.2561038596852782,0.413863816420821,H,0.1
2016-17,2016-10-22,West Ham,Sunderland,H,1425.0705419055632,1356.2272376463745,68.8433042591887,0.25130505380265383,0.2210892409967468,0.5276057052005995,H,0.1
2016-17,2016-10-22,Arsenal,Middlesbrough,D,1576.600471999444,1398.0721157212345,178.52835627820946,0.17197293486580015,0.14916585552386538,0.6788612096103345,H,0.1
2016-17,2016-10-22,Bournemouth,Tottenham,D,1393.5662394037904,1552.3349519877406,-158.76871258395022,0.48752208533946717,0.23637403249853356,0.27610388216199927,A,0.1
2016-17,2016-10-22,Burnley,Everton,H,1355.5486463464904,1452.04683924992,-96.49819290342953,0.41058231294403397,0.25663957414770555,0.3327781129082605,A,0.1
2016-17,2016-10-22,Hull,Stoke,A,1349.4864007682909,1386.4630839163915,-36.97668314810062,0.34614403818930983,0.25865758871211386,0.3951983730985763,H,0.1
2016-17,2016-10-22,Leicester City,Crystal Palace,H,1493.8075504875294,1396.648191835969,97.1593586515603,0.2292391086275695,0.2042775960973869,0.5664832952750436,H,0.1
2016-17,2016-10-22,Liverpool,West Bromwich Albion,H,1512.2259374093055,1397.6068664869467,114.61907092235879,0.21620216356839977,0.1930424189408885,0.5907554174907117,H,0.1
2016-17,2016-10-23,Chelsea,Manchester United,H,1513.1578460877752,1517.7610100801783,-4.603163992403097,0.3147315947279553,0.2523237004555385,0.43294470481650615,H,0.1
2016-17,2016-10-23,Manchester City,Southampton,D,1555.1074339791128,1505.2632658815285,49.844168097584316,0.26679745430894963,0.23110037188495988,0.5021021738060905,H,0.1
2016-17,2016-10-29,Watford,Hull,H,1410.3829088849445,1337.9669446811859,72.41596420375868,0.24845533348055418,0.21908313805385563,0.5324615284655903,H,0.1
2016-17,2016-10-29,West Bromwich Albion,Manchester City,A,1394.0765963403428,1552.0471552262932,-157.97055888595037,0.4864804697359671,0.236736785011547,0.276782745252486,A,0.1
2016-17,2016-10-29,Tottenham,Leicester City,D,1549.5663425876542,1499.8697905464344,49.696552041219775,0.2669201221071744,0.23117352251918535,0.5019063553736403,H,0.1
2016-17,2016-10-29,Sunderland,Arsenal,A,1351.8902602918222,1570.642926947504,-218.75266665568188,0.5686921735741842,0.20327593747963205,0.2280318889461837,A,0.1
2016-17,2016-10-29,Middlesbrough,Bournemouth,H,1404.0296607731743,1396.3348488038769,7.6948119692974615,0.30340208809656166,0.24862103747789077,0.44797687442554757,H,0.1
2016-17,2016-10-29,Manchester United,Burnley,D,1504.239561975646,1362.883861037215,141.35570093843103,0.19703776685679467,0.174992475479327,0.6279697576638783,H,0.1
2016-17,2016-10-29,Crystal Palace,Liverpool,A,1390.585951777064,1515.7562075559094,-125.17025577884533,0.4448609662789383,0.2494367652762835,0.30570226844477827,A,0.1
2016-17,2016-10-30,Everton,West Ham,H,1444.7116245591953,1429.4075192601156,15.304105299079765,0.2965466691370677,0.24599313290404093,0.4574601979588914,H,0.1
2016-17,2016-10-30,Southampton,Chelsea,A,1508.323544634348,1526.6792941923075,-18.35574955795937,0.3277850181936614,0.2556337250422721,0.4165812567640665,H,0.1
2016-17,2016-10-31,Stoke,Swansea,H,1397.9825400034965,1387.449451829285,10.53308817421157,0.30083149382330554,0.24767030881829166,0.4514981973584028,H,0.1
2016-17,2016-11-05,Bournemouth,Sunderland,A,1387.4935182889415,1344.6724689489606,42.821049339980846,0.2726743779234414,0.23449582902648217,0.49282979305007646,H,0.1
2016-17,2016-11-05,Burnley,Crystal Palace,H,1368.107231467169,1382.1184802598273,-14.011248792658307,0.3236162777276651,0.254685047417487,0.4216986748548479,H,0.1
2016-17,2016-11-05,Chelsea,Everton,H,1538.8742146794946,1453.2934865442342,85.58072813526042,0.2381202406289669,0.2113914085229583,0.5504883508480749,H,0.1
2016-17,2016-11-05,Manchester City,Middlesbrough,D,1562.937790301807,1412.8709912881097,150.06679901369716,0.19099912020269552,0.16897377825166893,0.6400271015456356,H,0.1
2016-17,2016-11-05,West Ham,Stoke,D,1420.8256572750768,1406.726641851222,14.09901542385478,0.2976247066979953,0.2464260293172847,0.4559492639847201,H,0.1
2016-17,2016-11-06,Leicester City,West Bromwich Albion,A,1502.9262179738096,1383.185961264829,119.7402567089805,0.21245726472687368,0.18965144400720038,0.597891291265926,H,0.1
2016-17,2016-11-06,Swansea,Manchester United,A,1378.7053499815595,1499.016191545692,-120.31084156413249,0.4389067698326003,0.2509265256985986,0.31016670446880107,A,0.1
2016-17,2016-11-06,Hull,Southampton,H,1333.696886136548,1496.128624147161,-162.4317380106129,0.49231849667465766,0.23467888787751645,0.2730026154478259,A,0.1
2016-17,2016-11-06,Liverpool,Watford,H,1524.2236790731463,1414.6529674295823,109.57071164356398,0.21992862534338417,0.1963460454124316,0.5837253292441842,H,0.1
2016-17,2016-11-06,Arsenal,Tottenham,D,1577.8607182903656,1546.509915160279,31.35080313008666,0.28245680344570806,0.23965198077502212,0.4778912157792698,H,0.1
2016-17,2016-11-19,Watford,Leicester City,H,1405.3115281556297,1493.2258291334751,-87.91430097784541,0.40072789438877354,0.2580290501197469,0.3412430554914796,A,0.1
2016-17,2016-11-19,Southampton,Liverpool,D,1487.8239742609758,1533.5651183470989,-45.741144086123086,0.35507089563538446,0.25948428272614676,0.38544482163846877,H,0.1
2016-17,2016-11-19,Everton,Swansea,D,1442.8782142634723,1370.0791064037949,72.7991078596774,0.24815087799897614,0.21886584123389308,0.5329832807671308,H,0.1
2016-17,2016-11-19,Manchester United,Arsenal,D,1507.6424351234566,1575.290389869799,-67.6479547463423,0.3782192096076839,0.2598515295649674,0.3619292608273487,A,0.1
2016-17,2016-11-19,Crystal Palace,Manchester City,A,1376.137273182194,1557.534495320353,-181.39722213815912,0.5175428992145804,0.22514909492998886,0.2573080058554308,A,0.1
2016-17,2016-11-19,Stoke,Bournemouth,A,1408.8276241495262,1378.7389868407301,30.088637308796024,0.2835476252320937,0.2401885365786514,0.47626383818925494,H,0.1
2016-17,2016-11-19,Sunderland,Hull,H,1353.427000397172,1342.0015360227333,11.425464374438661,0.3000266208216312,0.24736410195373365,0.45260927722463523,H,0.1
2016-17,2016-11-19,Tottenham,West Ham,H,1549.0802435808457,1418.7246749767726,130.35556860407314,0.20480697506775933,0.18251307987281934,0.6126799450594212,H,0.1
2016-17,2016-11-20,Middlesbrough,Chelsea,A,1418.2742862695636,1549.2894869602565,-131.01520069069284,0.4520982325973673,0.24750530943747534,0.3003964579651574,A,0.1
2016-17,2016-11-21,West Bromwich Albion,Burnley,H,1392.8863501051635,1374.0884385448023,18.79791156036117,0.2934372360311108,0.24470313518094808,0.46185962878794107,H,0.1
2016-17,2016-11-26,Leicester City,Middlesbrough,D,1486.0263503338776,1413.051233670351,72.9751166635267,0.2480110918125678,0.218765881270976,0.5332230269164563,H,0.1
2016-17,2016-11-26,Liverpool,Sunderland,H,1533.9752909510632,1364.4223916815138,169.55289926954947,0.17785594506908464,0.1554130757126472,0.6667309792182682,H,0.1
2016-17,2016-11-26,Burnley,Manchester City,A,1361.6888664848746,1561.7873588730909,-200.0984923882163,0.542957754015494,0.21464939393379817,0.24239285205070804,A,0.1
2016-17,2016-11-26,Chelsea,Tottenham,H,1554.5125395594691,1552.3590809554064,2.1534586040627346,0.3084680919819457,0.2503741777135612,0.4411577303044931,H,0.1
2016-17,2016-11-26,Hull,West Bromwich Albion,D,1331.0061447383914,1405.2859221650913,-74.27977742669987,0.38546786744315514,0.25948276973602985,0.355049362820815,A,0.1
2016-17,2016-11-26,Swansea,Crystal Palace,H,1373.725501834998,1371.884409629456,1.8410922055420542,0.30875554810532485,0.2504688970453484,0.4407755548493268,H,0.1
2016-17,2016-11-27,Manchester United,West Ham,D,1507.8625254084607,1415.445837602212,92.41668780624877,0.23285373005565646,0.20722763882411477,0.5599186311202288,H,0.1
2016-17,2016-11-27,Arsenal,Bournemouth,H,1575.0702995847948,1387.3112950773561,187.7590045074387,0.16603637697844853,0.14276834986751485,0.6911952731540366,H,0.1
2016-17,2016-11-27,Watford,Stoke,A,1412.5110069552272,1400.2553159129002,12.255691042327044,0.299279228981068,0.24707611005336066,0.45364466096557127,H,0.1
2016-17,2016-11-27,Southampton,Everton,H,1487.4138016570114,1439.231818832269,48.18198282474236,0.2681808257382296,0.2319196991919942,0.4998994750697762,H,0.1
2016-17,2016-12-03,West Ham,Arsenal,A,1419.5714216548579,1578.9914336238649,-159.42001196900696,0.4883729866655014,0.23607625922003408,0.2755507541144646,A,0.1
2016-17,2016-12-03,West Bromwich Albion,Watford,H,1404.8751484061675,1404.204708282584,0.6704401235833757,0.30983465259855647,0.2508199420729812,0.43934540532846234,H,0.1
2016-17,2016-12-03,Tottenham,Swansea,H,1546.6601123221753,1379.431311442986,167.2288008791893,0.17939693056405398,0.15703266154236142,0.6635704078935846,H,0.1
2016-17,2016-12-03,Crystal Palace,Southampton,H,1366.1786000214681,1492.150413226111,-125.97181320464279,0.4458486183094586,0.2491808393460426,0.3049705423444987,A,0.1
2016-17,2016-12-03,Stoke,Burnley,H,1408.5616145855433,1357.7668871691628,50.79472741638051,0.26600841773638245,0.23062752850558196,0.5033640537580355,H,0.1
2016-17,2016-12-03,Manchester City,Chelsea,A,1565.7093381888026,1560.2115081927002,5.497829996102382,0.30540307343141476,0.2493325217761291,0.44526440479245616,H,0.1
2016-17,2016-12-03,Sunderland,Leicester City,H,1360.1264858423174,1482.3755633512521,-122.24907750893476,0.4412747662251192,0.2503450948373795,0.3083801389375013,A,0.1
2016-17,2016-12-04,Bournemouth,Liverpool,H,1383.3901610382861,1538.2711967902596,-154.8810357519735,0.4824605956548807,0.23811826490731527,0.27942113943780406,A,0.1
2016-17,2016-12-04,Everton,Manchester United,D,1434.4952072631695,1503.7369413558147,-69.24173409264517,0.3799508908936334,0.2597832299771725,0.36026587912919406,A,0.1
2016-17,2016-12-05,Middlesbrough,Hull,H,1416.7020206529764,1331.4169184973152,85.2851021556612,0.23834951691708797,0.21156899301369628,0.5500814900692158,H,0.1
2016-17,2016-12-10,Swansea,Sunderland,H,1372.343756981274,1367.8571542425482,4.486602738725878,0.30632740273679154,0.24965277820031734,0.4440198190628912,H,0.1
2016-17,2016-12-10,Watford,Everton,H,1395.1205247665139,1434.7611430344414,-39.64061826792749,0.34883757283325756,0.2589496745971607,0.39221275256958177,H,0.1
2016-17,2016-12-10,Leicester City,Manchester City,H,1474.6448949510213,1552.7088137647024,-78.06391881368108,0.38965485551524065,0.259172809449156,0.3511723350356033,A,0.1
2016-17,2016-12-10,Arsenal,Stoke,H,1589.817563734887,1415.9870166915425,173.8305470433445,0.17503860891465228,0.15243362281555392,0.6725277682697938,H,0.1
2016-17,2016-12-10,Burnley,Bournemouth,H,1350.3414850631636,1391.5914752635772,-41.24999020041355,0.35047315462236467,0.25910889047455576,0.39041795490307957,H,0.1
2016-17,2016-12-10,Hull,Crystal Palace,D,1327.3824314131664,1381.751007657155,-54.36857624398863,0.36404296706769856,0.25991949134700715,0.37603754158529434,H,0.1
2016-17,2016-12-11,Chelsea,West Bromwich Albion,H,1573.2120326168003,1413.9593319222377,159.2527006945627,0.1847403438659878,0.1625898836566177,0.6526697724773944,H,0.1
2016-17,2016-12-11,Liverpool,West Ham,D,1530.0698825649686,1408.7452915438357,121.32459102113285,0.2113058733506329,0.18859492886207468,0.6000991977872924,H,0.1
2016-17,2016-12-11,Manchester United,Tottenham,H,1503.4710055845428,1553.7476667838873,-50.27666119934452,0.3597644892761209,0.25976005939065966,0.38047545133321936,H,0.1
2016-17,2016-12-11,Southampton,Middlesbrough,H,1476.578005590424,1420.7365077371253,55.84149785329873,0.2618442378948036,0.22806581329414233,0.5100899488110541,H,0.1
2016-17,2016-12-13,Bournemouth,Leicester City,H,1385.1544055711497,1485.8056712144762,-100.6512656433265,0.41541839728573715,0.2558378096572419,0.32874379305702095,A,0.1
2016-17,2016-12-13,Everton,Arsenal,H,1428.350887298026,1594.02296603701,-165.67207873898406,0.49658290588332077,0.23313855136320868,0.27027854275347046,A,0.1
2016-17,2016-12-14,West Ham,Burnley,H,1413.536897343038,1356.7785547555911,56.758342587446805,0.26109220826148133,0.22759133834361012,0.5113164533949085,H,0.1
2016-17,2016-12-14,Sunderland,Chelsea,A,1356.561165805796,1576.0638861774423,-219.50272037164632,0.5697325559887272,0.20280262490295942,0.22746481910831334,A,0.1
2016-17,2016-12-14,Stoke,Southampton,D,1411.7816143894195,1481.1639871312802,-69.38237274186076,0.38010401183413717,0.2597765851185996,0.36011940304726325,A,0.1
2016-17,2016-12-14,Middlesbrough,Liverpool,A,1416.150526196269,1525.2782767657663,-109.12775056949727,0.4254260551502661,0.25394353641455686,0.3206304084351771,A,0.1
2016-17,2016-12-14,Tottenham,Hull,H,1547.1606616612175,1327.2203602009488,219.94030146026876,0.1462607841325471,0.12095070581120089,0.732788510056252,H,0.1
2016-17,2016-12-14,Crystal Palace,Manchester United,A,1381.9130788693726,1510.0580107072126,-128.14493183783998,0.44853403729106933,0.2484726274316523,0.3029933352772784,A,0.1
2016-17,2016-12-14,West Bromwich Albion,Swansea,H,1411.1074783615957,1383.6397454180262,27.467732943569445,0.2858220571436618,0.2412825608430552,0.47289538201328296,H,0.1
2016-17,2016-12-14,Manchester City,Watford,H,1541.5480375012476,1401.5307805029292,140.01725699831832,0.19797450627556976,0.17591294077305486,0.6261125529513754,H,0.1
2016-17,2016-12-17,Sunderland,Watford,H,1352.964497410565,1396.5681236909884,-43.60362628042344,0.35287648582930925,0.25931829098913634,0.38780522318155447,H,0.1
2016-17,2016-12-17,West Ham,Hull,H,1418.105042095718,1323.0264594488594,95.07858264685865,0.2308210516927884,0.20557779636194787,0.5636011519452637,H,0.1
2016-17,2016-12-17,West Bromwich Albion,Manchester United,A,1419.2827347497741,1515.33949992358,-96.05676517380584,0.41007090108445604,0.2567198561684161,0.3332092427471279,A,0.1
2016-17,2016-12-17,Crystal Palace,Chelsea,A,1376.6315896530052,1579.6605545726734,-203.02896491966817,0.5469792896232406,0.21291722157766468,0.24010348879909466,A,0.1
2016-17,2016-12-17,Stoke,Leicester City,D,1412.0515951598884,1478.4054369191203,-66.35384175923195,0.37681792116278945,0.25989751493688923,0.3632845639003214,A,0.1
2016-17,2016-12-17,Middlesbrough,Swansea,H,1404.7979824636145,1375.4644890298478,29.333493433766762,0.28420164718689483,0.24050654995031392,0.4752918028627912,H,0.1
2016-17,2016-12-18,Bournemouth,Southampton,A,1392.5546398665056,1480.8940063608113,-88.33936649430575,0.4012113843306123,0.25796880461357846,0.3408198110558093,A,0.1
2016-17,2016-12-18,Manchester City,Arsenal,H,1546.5106943131884,1585.6746582301525,-39.16396391696412,0.3483543623116909,0.25890002379748556,0.3927456138908235,H,0.1
2016-17,2016-12-18,Tottenham,Burnley,H,1551.354562413307,1352.210410002911,199.14415241039592,0.15887491475703075,0.13494460069311257,0.7061804845498567,H,0.1
2016-17,2016-12-19,Everton,Liverpool,A,1436.6991951048835,1536.630820498421,-99.93162539353739,0.4145772269032841,0.25598273556895834,0.3294400375277576,A,0.1
2016-17,2016-12-26,Watford,Crystal Palace,D,1390.0918811649356,1372.7599298234795,17.331951341456033,0.29473903091336834,0.2452506970400416,0.46001027204659,H,0.1
2016-17,2016-12-26,Swansea,West Ham,A,1365.2260051656128,1421.96608492255,-56.74007975693712,0.3665418282699178,0.2599730185798012,0.3734851531502809,H,0.1
2016-17,2016-12-26,Leicester City,Everton,A,1478.2225790374675,1430.8275935337538,47.39498550371377,0.26883743244303604,0.23230426717138417,0.49885830038557977,H,0.1
2016-17,2016-12-26,Manchester United,Sunderland,H,1524.777479140882,1359.4407399366178,165.33673920426418,0.18065679346022256,0.15835129437296036,0.6609919121668171,H,0.1
2016-17,2016-12-26,Chelsea,Bournemouth,H,1583.532214402199,1382.8522356301614,200.67997877203766,0.15792257521672937,0.13389659841728938,0.7081808263659812,H,0.1
2016-17,2016-12-26,Burnley,Middlesbrough,H,1349.8756986044584,1415.0364663278494,-65.16076772339102,0.3755298425720646,0.25993238461277723,0.36453777281515815,A,0.1
2016-17,2016-12-26,Arsenal,West Bromwich Albion,H,1579.272348280581,1409.8447555324722,169.42759274810874,0.17793884455344575,0.15550038842245123,0.6665607670241029,H,0.1
2016-17,2016-12-26,Hull,Manchester City,A,1319.1654166220276,1552.91300426276,-233.7475876407325,0.5895414241827548,0.19361560074476858,0.2168429750724766,A,0.1
2016-17,2016-12-27,Liverpool,Stoke,H,1542.5024220695507,1412.2344530415412,130.26796902800947,0.20486949064673546,0.18257251762682083,0.6125579917264438,H,0.1
2016-17,2016-12-28,Southampton,Tottenham,A,1490.5964105971555,1553.6892738117594,-63.092863214603994,0.37330589570440637,0.2599757129630821,0.36671839133251155,A,0.1
2016-17,2016-12-30,Hull,Everton,D,1312.4257899676736,1444.804330679368,-132.3785407116943,0.4537980055524807,0.2470332415614832,0.29916875288603617,A,0.1
2016-17,2016-12-31,Southampton,West Bromwich Albion,A,1477.2399165226045,1407.1326536017732,70.10726292083132,0.25029462465382574,0.22038369797198729,0.529321677374187,H,0.1
2016-17,2016-12-31,Burnley,Sunderland,H,1356.7077663058883,1355.0541444315227,1.6536218743656264,0.3089281657111158,0.25052553190882737,0.4405463023800569,H,0.1
2016-17,2016-12-31,Chelsea,Stoke,H,1588.1650654332461,1405.6740530336015,182.49101239964466,0.16941021482225319,0.1464149060015623,0.6841748791761846,H,0.1
2016-17,2016-12-31,Leicester City,West Ham,H,1464.2458418918534,1435.6072787253997,28.63856316645365,0.2848044433936307,0.2407972079591565,0.4743983486472128,H,0.1
2016-17,2016-12-31,Liverpool,Manchester City,H,1549.0628220774904,1559.652630917114,-10.589808839623629,0.3203628105949298,0.2538745269293416,0.4257626624757285,H,0.1
2016-17,2016-12-31,Manchester United,Middlesbrough,H,1529.164074645977,1408.2043986264196,120.95967601955749,0.2115707707164969,0.18883857056305128,0.5995906587204518,H,0.1
2016-17,2016-12-31,Swansea,Bournemouth,A,1351.584811362763,1378.2193845991144,-26.634573236351343,0.3358475422817991,0.25718869373362735,0.4069637639845735,H,0.1
2016-17,2017-01-01,Watford,Tottenham,A,1387.9021309990849,1567.0457678863104,-179.1436368872255,0.5145137907477659,0.22634413681465002,0.259142072437584,A,0.1
2016-17,2017-01-01,Arsenal,Crystal Palace,H,1581.9844502112799,1374.9496799893302,207.03477022194966,0.15401706514639946,0.12958261835722212,0.7164003164963784,H,0.1
2016-17,2017-01-02,Everton,Southampton,H,1442.75073069061,1468.1183269401513,-25.367596249541293,0.33460344330311226,0.2569724054369018,0.40842415125998593,H,0.1
2016-17,2017-01-02,Manchester City,Burnley,H,1553.7288334474454,1368.1276006038056,185.60123284363976,0.16741372568542467,0.14426032316127396,0.6883259511533013,H,0.1
2016-17,2017-01-02,Middlesbrough,Leicester City,D,1404.7770449811687,1469.3795061287854,-64.60246114761662,0.374928329526429,0.2599462214938013,0.36512544897976973,A,0.1
2016-17,2017-01-02,Sunderland,Liverpool,D,1343.6343101336054,1554.986619547159,-211.3523094135537,0.5584476795154418,0.20788298841993577,0.2336693320646223,A,0.1
2016-17,2017-01-02,West Bromwich Albion,Hull,H,1416.2542431842264,1314.4793899564315,101.77485322779489,0.2257517926328082,0.2013620339712777,0.5728861733959141,H,0.1
2016-17,2017-01-02,West Ham,Manchester United,A,1430.4736144884678,1532.5914282912279,-102.11781380276011,0.4171367255770607,0.25553471949154316,0.3273285549313961,A,0.1
2016-17,2017-01-03,Stoke,Watford,H,1401.647266303679,1379.3144169111188,22.33284939256032,0.2903151401093356,0.24334578307542173,0.4663390768152426,H,0.1
2016-17,2017-01-03,Bournemouth,Arsenal,D,1393.2278545829815,1585.5379480343581,-192.3100934513766,0.5323173905794218,0.21914310903058856,0.24853950038998968,A,0.1
2016-17,2017-01-03,Crystal Palace,Swansea,A,1371.396182166252,1336.576341378896,34.81984078735604,0.27947357038767906,0.2381452610923254,0.4823811685199956,H,0.1
2016-17,2017-01-04,Tottenham,Chelsea,H,1575.6334819742765,1592.1918521631685,-16.558370188892013,0.32605522144942717,0.25525222799813413,0.41869255055243865,H,0.1
2016-17,2017-01-14,Tottenham,West Bromwich Albion,H,1585.1812070129592,1422.1905391239297,162.9906678890295,0.18222560830294676,0.159986191799696,0.6577881998973573,H,0.1
2016-17,2017-01-14,Swansea,Arsenal,A,1345.2171381556507,1581.903762392004,-236.68662423635328,0.5936360374630919,0.19167797610839601,0.2146859864285121,A,0.1
2016-17,2017-01-14,Sunderland,Stoke,A,1347.7344410827309,1409.992917922908,-62.25847684017708,0.3724116385608162,0.25998704928167454,0.36760131215750924,A,0.1
2016-17,2017-01-14,Burnley,Southampton,H,1365.6265085312552,1455.7750112607316,-90.14850272947638,0.4032744220278899,0.25770237656603207,0.33902320140607817,A,0.1
2016-17,2017-01-14,Hull,Bournemouth,H,1308.5430940167282,1396.8620402253357,-88.31894620860749,0.40118814660397906,0.25797171932215585,0.34084013407386515,A,0.1
2016-17,2017-01-14,Watford,Middlesbrough,D,1370.96876529189,1404.9095067134288,-33.94074142153886,0.3430951698681934,0.2582814655410853,0.3986233645907214,H,0.1
2016-17,2017-01-14,Leicester City,Chelsea,A,1469.2470443965253,1582.6441271244857,-113.39708272796042,0.4305356370440802,0.252860362107724,0.3166040008481958,A,0.1
2016-17,2017-01-14,West Ham,Crystal Palace,H,1421.2413331933894,1362.7553853894972,58.48594780389226,0.25967886131086415,0.22668985473702133,0.5136312839521145,H,0.1
2016-17,2017-01-15,Manchester United,Liverpool,D,1541.8237095863062,1550.8864885980336,-9.062779011727343,0.3189190523808936,0.25349490790847096,0.42758603971063547,H,0.1
2016-17,2017-01-15,Everton,Manchester City,H,1455.0940463700297,1556.2299255199957,-101.13587914996606,0.4159855998526821,0.25573880370933866,0.32827559643797927,A,0.1
2016-17,2017-01-21,Manchester City,Tottenham,D,1539.0295645859437,1591.6823225010899,-52.65275791514614,0.36224381805931083,0.25986297253520557,0.37789320940548365,H,0.1
2016-17,2017-01-21,West Bromwich Albion,Sunderland,H,1415.6894236357991,1337.1201098168704,78.56931381892878,0.24359252654915348,0.21554450860019525,0.5408629648506513,H,0.1
2016-17,2017-01-21,Stoke,Manchester United,D,1420.6072491887685,1540.36803314845,-119.76078395968148,0.43823642901128307,0.25108842137252413,0.31067514961619275,A,0.1
2016-17,2017-01-21,Liverpool,Swansea,A,1552.3421650358898,1337.4983964257503,214.84376861013948,0.14929558588908393,0.12433693961113576,0.7263674744997803,H,0.1
2016-17,2017-01-21,Middlesbrough,West Ham,A,1405.6581491180982,1430.3106303265445,-24.65248120844626,0.33390288461215656,0.2568468516587269,0.40925026372911655,H,0.1
2016-17,2017-01-21,Bournemouth,Watford,D,1385.4409330235444,1370.2201228872204,15.220810136323962,0.2966210908201697,0.24602325448677387,0.45735565469305645,H,0.1
2016-17,2017-01-21,Crystal Palace,Everton,A,1353.6860882563421,1472.2944073040817,-118.60831904773954,0.43683436747539134,0.2514231417181629,0.3117424908064457,A,0.1
2016-17,2017-01-22,Arsenal,Burnley,H,1589.6225041219043,1372.8614846204102,216.76101950149405,0.14814958723194438,0.12305942324184434,0.7287909895262112,H,0.1
2016-17,2017-01-22,Chelsea,Hull,H,1593.817198436656,1319.9642012185195,273.8529972181366,0.11489364316648366,0.1,0.7851063568335164,H,0.1
2016-17,2017-01-22,Southampton,Leicester City,H,1448.5400351715766,1458.073973084355,-9.533937912778356,0.31936397477596074,0.25361320934503956,0.42702281587899965,H,0.1
2016-17,2017-01-31,Bournemouth,Crystal Palace,A,1383.3091091333597,1348.2082355322314,35.10087360112834,0.27923284082014793,0.2380211649802411,0.482745994199611,H,0.1
2016-17,2017-01-31,Burnley,Leicester City,H,1370.7295459353447,1446.2618099395322,-75.53226400418748,0.3868495880465593,0.25938816907163087,0.35376224288180985,A,0.1
2016-17,2017-01-31,Arsenal,Watford,A,1591.7544428069698,1372.3519467774051,219.40249602956465,0.1465792781476284,0.1213065416996008,0.7321141801527709,H,0.1
2016-17,2017-01-31,Liverpool,Chelsea,D,1541.86585220665,1596.3116595106872,-54.44580730403709,0.36412412272418215,0.25992168411479716,0.37595419316102074,H,0.1
2016-17,2017-01-31,Middlesbrough,West Bromwich Albion,D,1393.692242847737,1422.2770739392213,-28.584831091484375,0.33776989163594484,0.25750620330959634,0.4047239050544589,H,0.1
2016-17,2017-01-31,Sunderland,Tottenham,D,1330.5324595134482,1591.8937616098692,-261.361302096421,0.6279775274842154,0.17498862076299476,0.19703385175278984,A,0.1
2016-17,2017-01-31,Swansea,Southampton,H,1347.97470925499,1460.3521983163994,-112.37748906140928,0.4293112059174683,0.25312681345595656,0.31756198062657515,A,0.1
2016-17,2017-02-01,Manchester United,Hull,D,1538.66474422843,1317.4697401444885,221.1950040839415,0.14551934604055947,0.12012195360725211,0.7343587003521884,H,0.1
2016-17,2017-02-01,West Ham,Manchester City,A,1442.2765365969058,1538.8181254771644,-96.54158888025859,0.41063261607902496,0.25663163039193215,0.33273575352904294,A,0.1
2016-17,2017-02-01,Stoke,Everton,D,1422.3105381087885,1477.7722600281925,-55.461721919404,0.3651930586636505,0.2599477108088646,0.37485923052748493,H,0.1
2016-17,2017-02-04,Southampton,West Ham,A,1452.770879486482,1428.4743472447171,24.296532241764908,0.28859105556336156,0.24256944101856734,0.46883950341807107,H,0.1
2016-17,2017-02-04,Watford,Burnley,H,1382.8549001795382,1377.7303292092074,5.124570970330751,0.3057440128513163,0.24945126541355656,0.44480472173512714,H,0.1
2016-17,2017-02-04,West Bromwich Albion,Stoke,H,1423.1788190274222,1422.179923394058,0.9988956333640999,0.3095315944154825,0.25072207534845864,0.4397463302360588,H,0.1
2016-17,2017-02-04,Tottenham,Middlesbrough,H,1586.670273951675,1392.790497759536,193.87977619213893,0.16216408870548896,0.13855105005410553,0.6992848612404056,H,0.1
2016-17,2017-02-04,Hull,Liverpool,H,1324.1620238845558,1541.706003307109,-217.54397942255332,0.5670163643073552,0.20403627337672026,0.2289473623159245,A,0.1
2016-17,2017-02-04,Everton,Bournemouth,H,1477.902874742923,1369.6073675922237,108.29550715069922,0.22087542524338116,0.1971739128027529,0.5819506619538659,H,0.1
2016-17,2017-02-04,Chelsea,Arsenal,H,1596.4715084102281,1581.2514894048368,15.22001900539135,0.29662179773665454,0.24602354043706218,0.45735466182628326,H,0.1
2016-17,2017-02-04,Crystal Palace,Sunderland,A,1361.9099770733674,1335.7559471716424,26.154029901724925,0.2869668691108951,0.24182059656520188,0.4712125343239031,H,0.1
2016-17,2017-02-05,Leicester City,Manchester United,A,1439.2610266656695,1531.9724604883627,-92.71143382269315,0.40621156023940763,0.25729725277983356,0.33649118698075875,A,0.1
2016-17,2017-02-05,Manchester City,Swansea,H,1552.620314829353,1355.5560280849074,197.06428674444555,0.16016982626604812,0.13636691205070564,0.7034632616832462,H,0.1
2016-17,2017-02-11,Sunderland,Southampton,A,1355.5263967661283,1439.318911702271,-83.79251493614265,0.39606388083440514,0.2585666434990513,0.3453694756665436,A,0.1
2016-17,2017-02-11,West Ham,West Bromwich Albion,D,1441.9263150289282,1428.9030923220123,13.02322270691593,0.29858949481532426,0.246807208539139,0.45460329664553667,H,0.1
2016-17,2017-02-11,Stoke,Crystal Palace,H,1416.455650099468,1342.1395274788815,74.31612262058638,0.24694760721228773,0.21800145573085503,0.5350509370568572,H,0.1
2016-17,2017-02-11,Manchester United,Watford,H,1544.026077831835,1388.4889939820082,155.5370838498268,0.18725846924525086,0.16517532174784058,0.6475662090069086,H,0.1
2016-17,2017-02-11,Liverpool,Tottenham,H,1527.4622297120202,1589.0685597826428,-61.60633007062256,0.3717139328313417,0.25999344854897927,0.36829261861967905,A,0.1
2016-17,2017-02-11,Arsenal,Hull,H,1572.6667812083579,1338.4057974796447,234.2609837287132,0.1379331720791492,0.11161782795055172,0.750448999970299,H,0.1
2016-17,2017-02-11,Middlesbrough,Everton,D,1390.3922119285683,1485.1730126570164,-94.78080072844818,0.40859547321824763,0.2569465571455048,0.33445796963624763,A,0.1
2016-17,2017-02-12,Burnley,Chelsea,D,1372.0962354067374,1605.056216606707,-232.95998119996966,0.5884443990131037,0.19413260267702498,0.2174229983098713,A,0.1
2016-17,2017-02-12,Swansea,Leicester City,H,1353.1963656017736,1427.2074093221972,-74.01104372042369,0.3851719335595134,0.2595020357728291,0.35532603066765756,A,0.1
2016-17,2017-02-13,Bournemouth,Manchester City,A,1362.3372296781301,1554.9799773124869,-192.64274763435674,0.5327703317861446,0.21895456944750744,0.24827509876634782,A,0.1
2016-17,2017-02-25,Hull,Burnley,D,1335.3226174801102,1376.7002360392946,-41.377618559184384,0.35060313106197916,0.25912096000970714,0.39027590892831376,H,0.1
2016-17,2017-02-25,Everton,Sunderland,H,1484.1752714542142,1341.0825760437592,143.092695410455,0.19582563333707623,0.17379603233552632,0.6303783343273974,H,0.1
2016-17,2017-02-25,Watford,West Ham,D,1383.8858625713888,1439.8549489245393,-55.96908635315049,0.36572787557335135,0.25995874791299717,0.37431337651365143,H,0.1
2016-17,2017-02-25,Chelsea,Swansea,H,1600.4522159741498,1364.2533150592133,236.19890091493653,0.1368291206916421,0.11037750441877729,0.7527933748895806,H,0.1
2016-17,2017-02-25,West Bromwich Albion,Bournemouth,H,1430.9744584264013,1355.9151433568804,75.05931506952084,0.24635938959010226,0.21757566691208807,0.5360649434978096,H,0.1
2016-17,2017-02-25,Crystal Palace,Middlesbrough,H,1337.904792996395,1391.3899531313705,-53.48516013497556,0.3631157246306962,0.2598922565492349,0.37699201882006883,H,0.1
2016-17,2017-02-26,Tottenham,Stoke,H,1578.3322905613568,1420.6903845819545,157.64190597940228,0.18582974839351774,0.16371113673862264,0.6504591148678597,H,0.1
2016-17,2017-02-27,Leicester City,Liverpool,H,1416.1504598647575,1538.1984989333062,-122.04803906854863,0.4410287244693487,0.25040619358121746,0.30856508194943394,A,0.1
2016-17,2017-03-04,Leicester City,Hull,H,1428.3985060552316,1334.787134955637,93.61137109959463,0.23194020108506128,0.20648907727581908,0.5615707216391196,H,0.1
2016-17,2017-03-04,Liverpool,Arsenal,H,1525.950452742832,1575.7499612078923,-49.79950846506017,0.3592683040209187,0.25973594465473937,0.38099575132434194,H,0.1
2016-17,2017-03-04,Manchester United,Bournemouth,D,1548.6292092424544,1351.6941741438711,196.93503509858328,0.1602504954909338,0.13645541312987144,0.7032940913791947,H,0.1
2016-17,2017-03-04,Stoke,Middlesbrough,H,1414.0160497957734,1384.7498695916106,29.266180204162765,0.28425999719569855,0.2405347879243654,0.4752052148799361,H,0.1
2016-17,2017-03-04,Swansea,Burnley,H,1361.2015073487235,1377.235718563768,-16.03421121504448,0.3255521387309917,0.2551380496505893,0.419309811618419,H,0.1
2016-17,2017-03-04,Watford,Southampton,A,1383.7698487557252,1453.76273242464,-69.99288366891483,0.3807692981837188,0.25974657858256,0.3594841232337212,A,0.1
2016-17,2017-03-04,West Bromwich Albion,Crystal Palace,A,1435.1954276394106,1344.5448765361548,90.6505511032558,0.23420795397215566,0.2083136807261565,0.5574783653016878,H,0.1
2016-17,2017-03-05,Tottenham,Everton,H,1585.006625347538,1489.0650582391872,95.94156710835068,0.23016421293175146,0.20503965211562752,0.564796134952621,H,0.1
2016-17,2017-03-05,Sunderland,Manchester City,A,1336.1927892587862,1561.4020636337366,-225.20927437495038,0.577658100975645,0.19916579993257597,0.2231760990917791,A,0.1
2016-17,2017-03-06,West Ham,Chelsea,A,1439.9709627402028,1603.5040236846396,-163.53306094443678,0.4937656512884117,0.23415960880536318,0.27207473990622505,A,0.1
2016-17,2017-03-08,Manchester City,Stoke,D,1566.9566660569021,1422.1320689544611,144.82459710244098,0.19462103438400713,0.17260111466269493,0.632777850953298,H,0.1
2016-17,2017-03-11,Bournemouth,West Ham,H,1357.9827156291058,1435.3867326138827,-77.40401698477694,0.3889220350759871,0.25923205481142286,0.3518459101125901,A,0.1
2016-17,2017-03-11,Everton,West Bromwich Albion,H,1485.219055066991,1420.3356207337338,64.88343433325713,0.25448664926207926,0.22326919409422077,0.5222441566437,H,0.1
2016-17,2017-03-11,Hull,Swansea,H,1328.6268554698397,1367.2166570426414,-38.58980157280166,0.3477730328872374,0.2588387036191266,0.393388263493636,H,0.1
2016-17,2017-03-12,Liverpool,Burnley,H,1536.3780813122298,1371.22056886985,165.1575124423798,0.18077638289191242,0.15847620086204492,0.6607474162460426,H,0.1
2016-17,2017-03-18,Sunderland,Burnley,D,1330.6381868356207,1368.4504821931196,-37.8122953574989,0.3469870911246143,0.25875303399732646,0.3942598748780592,H,0.1
2016-17,2017-03-18,West Bromwich Albion,Arsenal,H,1411.5117984743808,1565.3223326384946,-153.81053416411373,0.48107226111874707,0.23858844147600358,0.2803392974052494,A,0.1
2016-17,2017-03-18,Stoke,Chelsea,A,1427.42766246243,1608.0882538109597,-180.6605913485298,0.516551898973761,0.22554148444280045,0.25790661658343855,A,0.1
2016-17,2017-03-18,West Ham,Leicester City,A,1428.3557111511625,1434.5587855410288,-6.203074389866288,0.3162289329691069,0.25275454648485773,0.43101652054603534,H,0.1
2016-17,2017-03-18,Crystal Palace,Watford,H,1359.4046834418316,1377.2452631625436,-17.840579720711958,0.327288475024599,0.255525969377035,0.417185555598366,H,0.1
2016-17,2017-03-18,Bournemouth,Swansea,H,1365.013737091826,1360.823920787328,4.189816304497981,0.30659908415364695,0.24974590194794313,0.44365501389840994,H,0.1
2016-17,2017-03-18,Everton,Hull,H,1494.0428773263438,1335.019591725153,159.02328560119076,0.18489528995247964,0.1627496099678173,0.6523551000797031,H,0.1
2016-17,2017-03-19,Tottenham,Southampton,H,1588.8526285197343,1460.2873180178217,128.56531050191256,0.2060866265999708,0.18372618250243364,0.6101871908975955,H,0.1
2016-17,2017-03-19,Middlesbrough,Manchester United,A,1376.6338504329228,1542.3406677572198,-165.70681732429694,0.49662872998260604,0.23312183382519402,0.27024943619219993,A,0.1
2016-17,2017-03-19,Manchester City,Liverpool,D,1561.6610725489334,1539.1481679889603,22.512904559973094,0.29015675087149057,0.2432752578824753,0.46656799124603415,H,0.1
2016-17,2017-04-01,Watford,Sunderland,H,1371.1998084565485,1330.0004400936896,41.19936836285888,0.27404338343917883,0.2352547141082217,0.4907019024525994,H,0.1
2016-17,2017-04-01,Southampton,Bournemouth,D,1456.9805505363508,1373.9758541973672,83.00469633898365,0.2401223962016587,0.21293165559016608,0.5469459482081752,H,0.1
2016-17,2017-04-01,Manchester United,West Bromwich Albion,D,1549.5413663256609,1424.4870706801582,125.05429564550263,0.20860867004525616,0.1860949265207446,0.6052964034339993,H,0.1
2016-17,2017-04-01,Liverpool,Everton,H,1541.4794151460296,1500.6721390557398,40.80727609028986,0.27437506797264616,0.23543675136727,0.4901881806600839,H,0.1
2016-17,2017-04-01,Burnley,Tottenham,A,1369.0882289350507,1592.159396001205,-223.07116706615443,0.5746866493529615,0.20053566754199,0.22477768310504845,A,0.1
2016-17,2017-04-01,Chelsea,Crystal Palace,A,1612.3544908251922,1365.4501381478267,246.90435267736552,0.13082949327977544,0.1036328807641803,0.7655376259560442,H,0.1
2016-17,2017-04-01,Leicester City,Stoke,H,1442.5325478838722,1423.1614254481974,19.371122435674806,0.2929293441145949,0.2444865727018682,0.46258408318353694,H,0.1
2016-17,2017-04-01,Hull,West Ham,H,1328.3903299957572,1420.381948808319,-91.99161881256191,0.40538492928401465,0.25741430499313417,0.33720076572285124,A,0.1
2016-17,2017-04-02,Arsenal,Manchester City,D,1552.3470604327172,1559.329825391864,-6.982764959146834,0.3169606318395274,0.25296019555542304,0.4300791726050496,H,0.1
2016-17,2017-04-02,Swansea,Middlesbrough,D,1351.8618036817868,1369.4331518644817,-17.57134818269492,0.3270292161033106,0.25546914667857484,0.4175016372181146,H,0.1
2016-17,2017-04-04,Burnley,Stoke,H,1363.4792338832121,1414.7166541949127,-51.23742031170059,0.36076529194660767,0.25980511673877094,0.3794295913146214,H,0.1
2016-17,2017-04-04,Leicester City,Sunderland,H,1450.9773191371569,1325.1240307087644,125.85328842839249,0.20803328728119505,0.1855571338744582,0.6064095788443468,H,0.1
2016-17,2017-04-04,Manchester United,Everton,D,1544.6674842684697,1492.9306616624274,51.736822606042324,0.26522789006895126,0.23015584241153916,0.5046162675195095,H,0.1
2016-17,2017-04-04,Watford,West Bromwich Albion,H,1376.0762178414736,1429.3609527373494,-53.28473489587577,0.36290562882998184,0.25988552672904675,0.3772088444409714,H,0.1
2016-17,2017-04-05,Swansea,Tottenham,A,1350.646643548245,1597.7683910530436,-247.12174750479858,0.6081766126927332,0.18470180908931583,0.20712157821795113,A,0.1
2016-17,2017-04-05,Southampton,Crystal Palace,H,1453.0822416514143,1376.0950426046218,76.98719904679251,0.2448373934404569,0.21646413301280923,0.538698473546734,H,0.1
2016-17,2017-04-05,Liverpool,Bournemouth,D,1549.220892539342,1377.8741630823038,171.34672945703824,0.1766715034773338,0.15416332549146725,0.669165171031199,H,0.1
2016-17,2017-04-05,Chelsea,Manchester City,H,1601.7095863683971,1560.8440491332565,40.865537235140664,0.2743257659265922,0.23540973818461364,0.49026449588879417,H,0.1
2016-17,2017-04-05,Arsenal,West Ham,H,1550.8328366913247,1413.1177765758493,137.71506011547535,0.19959130603878344,0.17749300356384753,0.6229156903973689,H,0.1
2016-17,2017-04-05,Hull,Middlesbrough,H,1335.6545022282269,1370.6483119980235,-34.9938097697966,0.3441502229367717,0.2584171377944104,0.39743263926881783,H,0.1
2016-17,2017-04-08,Bournemouth,Chelsea,A,1383.6967253144276,1606.5927376388404,-222.89601232441282,0.5744433234304632,0.2006475104689711,0.22490916610056563,A,0.1
2016-17,2017-04-08,Stoke,Liverpool,A,1408.1137422038028,1543.3983303072182,-135.28458810341544,0.4574357006018662,0.2460001934622961,0.29656410593583776,A,0.1
2016-17,2017-04-08,Middlesbrough,Burnley,D,1360.6111906481092,1370.0821458743221,-9.470955226212936,0.31930447124562333,0.25359745574049974,0.4270980730138769,H,0.1
2016-17,2017-04-08,West Bromwich Albion,Southampton,A,1418.8419186670517,1459.715935214782,-40.87401654773021,0.3500904943649518,0.25907285969963206,0.39083664593541606,H,0.1
2016-17,2017-04-08,Tottenham,Watford,H,1602.786619412779,1386.5952519117714,216.19136750100756,0.14848953919926844,0.1234385464894073,0.7280719143113242,H,0.1
2016-17,2017-04-08,Manchester City,Hull,H,1555.9608978628132,1345.6916235781412,210.26927428467206,0.15205096895057085,0.12740192581521198,0.7205471052342173,H,0.1
2016-17,2017-04-08,West Ham,Swansea,H,1406.7861021164847,1345.6284151885097,61.157686927974964,0.2575025653936053,0.22527687787438208,0.5172205567320126,H,0.1
2016-17,2017-04-09,Sunderland,Manchester United,A,1319.8153449247486,1541.5579149473172,-221.74257002256854,0.5728413457700597,0.20138257272571436,0.2257760815042259,A,0.1
2016-17,2017-04-09,Everton,Leicester City,H,1496.04023098358,1456.2860049211727,39.75422606240727,0.27526720517002323,0.23592284375894576,0.488809951071031,H,0.1
2016-17,2017-04-10,Crystal Palace,Arsenal,H,1369.4613490412542,1557.1645111506893,-187.7031621094352,0.5260597123067842,0.2217216719335061,0.25221861575970966,A,0.1
2016-17,2017-04-15,Crystal Palace,Leicester City,D,1386.7287870081661,1448.5107610055081,-61.78197399734199,0.37190174066006987,0.2599919375064057,0.3681063218335244,A,0.1
2016-17,2017-04-15,Everton,Burnley,H,1503.8154748992445,1371.52632103955,132.28915385969435,0.2034296703921723,0.18119911102217573,0.6153712185856519,H,0.1
2016-17,2017-04-15,Southampton,Manchester City,A,1466.8952082595645,1559.4555705556613,-92.56036229609686,0.40603795948035853,0.25732203066777565,0.3366400098518658,A,0.1
2016-17,2017-04-15,Stoke,Hull,H,1402.9770247751314,1342.196950885293,60.78007388983838,0.25780946237759395,0.22547795424973116,0.5167125833726749,H,0.1
2016-17,2017-04-15,Sunderland,West Ham,D,1312.6947004016408,1411.269242410501,-98.57454200886013,0.4129945870409389,0.2562492047414925,0.33075620821756857,A,0.1
2016-17,2017-04-15,Tottenham,Bournemouth,H,1607.751502958949,1378.0832582698476,229.66824468910136,0.14057156441451277,0.1145796914972662,0.744848744088221,H,0.1
2016-17,2017-04-15,Watford,Swansea,H,1381.6303683656013,1341.1452748944935,40.4850934711078,0.27464781369897334,0.23558590754752448,0.48976627875350215,H,0.1
2016-17,2017-04-16,West Bromwich Albion,Liverpool,A,1411.662645622269,1548.5350477358895,-136.8724021136204,0.45943154707431966,0.24542047810430745,0.29514797482137295,A,0.1
2016-17,2017-04-16,Manchester United,Chelsea,H,1548.678559470425,1612.2062046834203,-63.52764521299537,0.3737725790121452,0.25996840511325314,0.3662590158746017,A,0.1
2016-17,2017-04-17,Middlesbrough,Arsenal,A,1359.1670154828812,1539.8970731837774,-180.73005770089617,0.5166453171066938,0.22550455388589544,0.25785012900741083,A,0.1
2016-17,2017-04-22,West Ham,Everton,D,1410.1635174909761,1508.9648049161758,-98.80128742519969,0.41325868939250493,0.2562053042684984,0.3305360063389966,A,0.1
2016-17,2017-04-22,Swansea,Stoke,H,1336.254433942089,1410.0941381090831,-73.83970416699412,0.38498334908575654,0.25951412908947696,0.3555025218247666,A,0.1
2016-17,2017-04-22,Hull,Watford,H,1335.0798375513414,1386.5212093180057,-51.44137176666436,0.36097804021253627,0.25981407987954747,0.3792078799079163,H,0.1
2016-17,2017-04-22,Bournemouth,Middlesbrough,H,1373.455955407337,1354.902040707869,18.553914699467896,0.29365362084261204,0.2447949001711315,0.4615514789862565,H,0.1
2016-17,2017-04-23,Burnley,Manchester United,A,1366.3769910226188,1559.4647602773412,-193.0877692547224,0.5333764947264693,0.2187018574544984,0.24792164781903225,A,0.1
2016-17,2017-04-23,Liverpool,Crystal Palace,A,1553.6398383194862,1386.7800758929623,166.85976242652396,0.17964228556590914,0.15728985364342798,0.6630678607906629,H,0.1
2016-17,2017-04-25,Chelsea,Southampton,H,1601.420003876504,1454.8350628688565,146.58494100764756,0.19340072575444012,0.17138470278692114,0.6352145714586388,H,0.1
2016-17,2017-04-26,Middlesbrough,Sunderland,H,1342.4904523648872,1313.8004253211657,28.690027043721557,0.28475977216168147,0.24077574876534852,0.47446447907296996,H,0.1
2016-17,2017-04-26,Arsenal,Leicester City,H,1544.1620479587896,1448.459472120712,95.70257583807756,0.23034600978676337,0.20518884113426547,0.5644651490789712,H,0.1
2016-17,2017-04-26,Crystal Palace,Tottenham,A,1396.918848109082,1612.3788058214598,-215.45995771237767,0.5641291810695452,0.20534017092252832,0.2305306480079264,A,0.1
2016-17,2017-04-27,Manchester City,Manchester United,D,1571.5157159463693,1565.8744374988462,5.641278447523064,0.30527212174424934,0.24928672159739446,0.44544115665835626,H,0.1
2016-17,2017-04-29,Crystal Palace,Burnley,A,1393.2559426736464,1359.9673138011137,33.28862887253263,0.28078767634490237,0.23881606653708,0.48039625711801764,H,0.1
2016-17,2017-04-29,Southampton,Hull,D,1450.027045779693,1345.5505552301877,104.47649054950534,0.22372429064944274,0.19963623889839516,0.576639470452162,H,0.1
2016-17,2017-04-29,Stoke,West Ham,D,1399.0415889934832,1411.2756884102935,-12.234099416810295,0.3219231515320924,0.254270983891866,0.42380586457604164,H,0.1
2016-17,2017-04-29,Sunderland,Bournemouth,A,1308.6678298938723,1385.8675437503186,-77.19971385644635,0.3886953852081806,0.25924995269503054,0.35205466209678893,A,0.1
2016-17,2017-04-29,West Bromwich Albion,Leicester City,A,1406.5578550386724,1444.6093079011214,-38.05145286244897,0.3472286879683065,0.2587797079478026,0.3939916040838909,H,0.1
2016-17,2017-04-30,Middlesbrough,Manchester City,D,1347.6230477921806,1569.6485712062047,-222.02552341402406,0.5732342663422776,0.20120248810508418,0.22556324555263818,A,0.1
2016-17,2017-04-30,Tottenham,Arsenal,H,1616.0417112568955,1548.0122121783802,68.0294990785153,0.25195692631100486,0.2215410445042889,0.5265020291847062,H,0.1
2016-17,2017-04-30,Manchester United,Swansea,D,1567.7415822390108,1347.306983057689,220.4345991813218,0.14596842090289602,0.12062397621014646,0.7334076028869575,H,0.1
2016-17,2017-04-30,Everton,Chelsea,A,1507.8526339968585,1606.2280209656676,-98.37538696880915,0.41276272983146733,0.2562875573222239,0.3309497128463088,A,0.1
2016-17,2017-05-01,Watford,Liverpool,A,1376.0504916391594,1543.5010661033664,-167.45057446420697,0.49893180595323916,0.2322771748112107,0.26879101923555015,A,0.1
2016-17,2017-05-05,West Ham,Tottenham,H,1412.6419047012414,1622.9399625750666,-210.2980578738252,0.5569916330343938,0.20852959727565076,0.23447876968995532,A,0.1
2016-17,2017-05-06,Leicester City,Watford,H,1451.852795778863,1371.540169952636,80.31262582622708,0.2422251363261009,0.21452356454000487,0.5432512991338942,H,0.1
2016-17,2017-05-06,Manchester City,Crystal Palace,H,1565.2961412647933,1379.5955785281838,185.70056273660953,0.16735018181394914,0.14419158913559457,0.6884582290504563,H,0.1
2016-17,2017-05-06,Swansea,Everton,H,1353.9871649831907,1496.0427907808428,-142.05562579765206,0.4659867678197778,0.24345410642219584,0.29055912575802645,A,0.1
2016-17,2017-05-06,Bournemouth,Stoke,D,1392.2327932133264,1397.6753727025352,-5.442579489208811,0.3155165092814439,0.2525512326502291,0.431932258068327,H,0.1
2016-17,2017-05-06,Burnley,West Bromwich Albion,D,1373.6276779465763,1399.3143671609307,-25.686689214354374,0.3349164232509956,0.25702762051528644,0.40805595623371804,H,0.1
2016-17,2017-05-06,Hull,Sunderland,A,1349.9599900016592,1302.3025804308645,47.6574095707947,0.2686183710338801,0.23217627438101004,0.49920535458510984,H,0.1
2016-17,2017-05-07,Liverpool,Southampton,D,1548.0113877898898,1445.6176110082215,102.3937767816683,0.22528641407244265,0.20096788514748176,0.5737457007800756,H,0.1
2016-17,2017-05-07,Arsenal,Manchester United,H,1541.113960860209,1561.061400313509,-19.94743945329992,0.3293229517912577,0.2559585560923841,0.41471849211635825,H,0.1
2016-17,2017-05-08,Chelsea,Middlesbrough,H,1618.0378641816833,1351.975477733592,266.0623864480913,0.11946398097394563,0.1,0.7805360190260544,H,0.1
2016-17,2017-05-10,Southampton,Arsenal,A,1449.978628296894,1550.7517919254583,-100.77316362856436,0.4155610126822965,0.25581301289518327,0.32862597442252023,A,0.1
2016-17,2017-05-12,Everton,Watford,H,1488.0219621390147,1363.2911987077082,124.73076343130651,0.20884189988870466,0.1863124745690656,0.6048456255422296,H,0.1
2016-17,2017-05-12,West Bromwich Albion,Chelsea,A,1400.2987850881955,1621.32107331703,-221.02228822883444,0.5718413271907086,0.20184029674022433,0.22631837606906713,A,0.1
2016-17,2017-05-13,Stoke,Arsenal,A,1399.232880773619,1560.0295520815494,-160.7966713079304,0.4901742903561892,0.2354416670022382,0.27438404264157257,A,0.1
2016-17,2017-05-13,Sunderland,Swansea,A,1316.285076959598,1362.0079936250188,-45.722916665420826,0.35505213557060955,0.2594829646897995,0.38546489973959097,H,0.1
2016-17,2017-05-13,Bournemouth,Burnley,H,1390.6752851422427,1372.6432600193116,18.032025122931145,0.29411683628394897,0.24499033731261094,0.46089282640344004,H,0.1
2016-17,2017-05-13,Middlesbrough,Southampton,A,1348.6922685982454,1440.7008681408029,-92.00859954255748,0.4054044144003431,0.2574115730715541,0.33718401252810287,A,0.1
2016-17,2017-05-13,Manchester City,Leicester City,H,1571.7581284130079,1460.101767023791,111.65636138921695,0.2183848876005248,0.1949861711316553,0.58662894126782,H,0.1
2016-17,2017-05-14,Crystal Palace,Hull,H,1373.1335913799692,1335.9774934729257,37.15609790704343,0.2774766362000648,0.23710448170692644,0.48541888209300876,H,0.1
2016-17,2017-05-14,Tottenham,Manchester United,H,1614.0352197932705,1551.4235692482598,62.61165054501066,0.25632300264210184,0.22449848671538478,0.5191785106425134,H,0.1
2016-17,2017-05-14,West Ham,Liverpool,A,1421.5466474830375,1543.6503705012174,-122.10372301817983,0.44109686362075096,0.2503892886514914,0.3085138477277577,A,0.1
2016-17,2017-05-15,Chelsea,Watford,H,1624.8930562106507,1359.924025537001,264.96903067364974,0.12011757521767813,0.1,0.7798824247823218,H,0.1
2016-17,2017-05-16,Arsenal,Sunderland,H,1569.3020719688825,1305.080621822474,264.2214501464084,0.12056620878599887,0.1,0.7794337912140011,H,0.1
2016-17,2017-05-16,Manchester City,West Bromwich Albion,H,1575.3372306447573,1396.7268021945747,178.61042845018255,0.17191964154443673,0.14910882241116546,0.6789715360443979,H,0.1
2016-17,2017-05-17,Southampton,Manchester United,D,1446.742867748223,1546.968309278103,-100.22544152988007,0.41492050088788845,0.2559238677103252,0.3291556314017863,A,0.1
2016-17,2017-05-18,Leicester City,Tottenham,A,1456.5226647920415,1618.4904797634272,-161.96781497138568,0.49170958959113226,0.2348963086568679,0.2733941017519999,A,0.1
2016-17,2017-05-21,Swansea,West Bromwich Albion,H,1373.2124487621427,1392.6207422374969,-19.408293475354185,0.32880137126616066,0.25584989917836554,0.4153487295554738,H,0.1
2016-17,2017-05-21,Liverpool,Middlesbrough,H,1556.2015392252292,1342.6502689908252,213.551270234404,0.15007109922097808,0.125200569516699,0.724728331262323,H,0.1
2016-17,2017-05-21,Southampton,Stoke,A,1447.8955034230455,1389.9603608862858,57.93514253675971,0.26012894977801465,0.22697831938917945,0.512892730832806,H,0.1
2016-17,2017-05-21,Arsenal,Everton,H,1571.9299214788057,1491.389135309722,80.54078616908373,0.24204650894231639,0.21438936252572213,0.5435641285319615,H,0.1
2016-17,2017-05-21,Manchester United,Crystal Palace,H,1545.8156736032806,1384.6466833313912,161.16899027188947,0.18344882561527528,0.16125533345855292,0.6552958409261718,H,0.1
2016-17,2017-05-21,Chelsea,Sunderland,H,1626.5443742203374,1302.452772312551,324.0916019077865,0.0888896024469823,0.1,0.8111103975530177,H,0.1
2016-17,2017-05-21,Burnley,West Ham,A,1367.2868020551034,1408.9954787590257,-41.708676703922265,0.3509404649362747,0.2591518857719952,0.3899076492917301,H,0.1
2016-17,2017-05-21,Leicester City,Bournemouth,D,1444.5957737198723,1396.031743106451,48.56403061342144,0.26786245210922793,0.23173222957011624,0.5004053183206557,H,0.1
2016-17,2017-05-21,Hull,Tottenham,A,1324.4644015215038,1630.4173708355963,-305.95296931409257,0.6887942765770239,0.144016951970372,0.16718877145260416,A,0.1
2016-17,2017-05-21,Watford,Manchester City,A,1358.2727075273142,1579.443290601835,-221.1705830745209,0.5720471923960696,0.20174614061308926,0.22620666699084116,A,0.1
2017-18,2017-08-11,Arsenal,Leicester City,H,1570.6144377861176,1447.4120344391645,123.20240334695313,0.20994556827261776,0.18733843266434896,0.6027159990630332,H,0.1
2017-18,2017-08-12,Brighton and Hove Albion,Manchester City,A,1420.0,1579.8034689989743,-159.80346899897427,0.48887435174221094,0.23590020453046875,0.2752254437273203,A,0.1
2017-18,2017-08-12,Chelsea,Burnley,A,1616.3838007404897,1374.1138470758083,242.26995366468145,0.1334060112231795,0.10652977803471367,0.7600642107421068,H,0.1
2017-18,2017-08-12,Crystal Palace,Huddersfield Town,A,1392.1520828696111,1420.0,-27.84791713038885,0.3370424787367435,0.25738843223776503,0.40556908902549144,H,0.1
2017-18,2017-08-12,Everton,Stoke,H,1486.3727133235573,1409.0300617324515,77.34265159110578,0.2445573846383703,0.21625810137253088,0.5391845139890988,H,0.1
2017-18,2017-08-12,Southampton,Swansea,D,1445.0402161459467,1391.355780479341,53.68443566660562,0.2636189436256226,0.22917117645546467,0.5072098799189128,H,0.1
2017-18,2017-08-12,Watford,Liverpool,D,1364.14092931726,1554.483344159709,-190.342414842449,0.5296411623849271,0.22025192631802318,0.25010691129704965,A,0.1
2017-18,2017-08-12,West Bromwich Albion,Bournemouth,H,1397.8940914203345,1409.1527307045264,-11.258639284191986,0.32099677643833147,0.25403733337358264,0.42496589018808595,H,0.1
2017-18,2017-08-13,Manchester United,West Ham,H,1545.2640383715934,1424.540205656908,120.72383271468539,0.21174206818986432,0.18899594127374322,0.5992619905363925,H,0.1
2017-18,2017-08-13,Newcastle United,Tottenham,A,1379.7653282057668,1623.3816568150155,-243.61632860924874,0.603292787984769,0.18706085889416285,0.20964635312106805,A,0.1
2017-18,2017-08-19,Liverpool,Crystal Palace,H,1550.8984138402545,1377.1991725087294,173.69924133152517,0.1751247232770576,0.1525250349621554,0.672350241760787,H,0.1
2017-18,2017-08-19,Stoke,Arsenal,H,1404.8512050760446,1574.0059085639375,-169.1547034878929,0.5011879056291163,0.23144138789846663,0.267370706472417,A,0.1
2017-18,2017-08-19,Swansea,Manchester United,A,1394.5158976007167,1553.230905329634,-158.71500772891727,0.4874519591333078,0.2363985156402849,0.27614952522640723,A,0.1
2017-18,2017-08-19,Leicester City,Brighton and Hove Albion,H,1444.0205636613446,1412.6216408534601,31.398922807884446,0.28241527362926705,0.23963140094121194,0.477953325429521,H,0.1
2017-18,2017-08-19,Southampton,West Ham,H,1441.880099024571,1416.5733386988675,25.306760325703635,0.2877069167732653,0.2421639076805743,0.4701291755461604,H,0.1
2017-18,2017-08-19,Bournemouth,Watford,A,1403.217710890859,1367.7258596367146,35.49185125414442,0.27889816840317233,0.23784801762446287,0.48325381397236483,H,0.1
2017-18,2017-08-19,Burnley,West Bromwich Albion,A,1384.7370302892186,1403.8291112340019,-19.09208094478322,0.3284957678216423,0.2557855170493382,0.41571871512901953,H,0.1
2017-18,2017-08-20,Huddersfield Town,Newcastle United,H,1434.9529103608818,1374.6638810965048,60.28902926437695,0.2582088883867871,0.22573876031826667,0.5160523512949462,H,0.1
2017-18,2017-08-20,Tottenham,Chelsea,A,1628.4831039242774,1605.7606175270794,22.722486397198054,0.28997246524082,0.2431929992914918,0.46683453546768816,H,0.1
2017-18,2017-08-21,Manchester City,Everton,D,1587.1818281455141,1490.5515699799641,96.63025816555,0.22964078709462055,0.20460907022052005,0.5657501426848593,H,0.1
2017-18,2017-08-26,Newcastle United,West Ham,H,1370.1640332432862,1411.3702255751791,-41.20619233189291,0.350428560111787,0.2591047297374467,0.3904667101507663,H,0.1
2017-18,2017-08-26,Watford,Brighton and Hove Albion,D,1381.4365001704216,1404.5755688064276,-23.13906863600596,0.33242417244270533,0.25657289116991927,0.41100293638737545,H,0.1
2017-18,2017-08-26,Manchester United,Leicester City,H,1564.088383643518,1452.0666357083771,112.02174793514087,0.21811504997636946,0.19474720188641295,0.5871377481372176,H,0.1
2017-18,2017-08-26,Crystal Palace,Swansea,A,1374.5441205113116,1383.6584192868327,-9.114298775521092,0.31896767969666634,0.25350789463895035,0.42752442566438326,H,0.1
2017-18,2017-08-26,Bournemouth,Manchester City,A,1389.507070357152,1582.9561154424107,-193.4490450852586,0.5338687736590846,0.21849629469256907,0.24763493164834632,A,0.1
2017-18,2017-08-26,Huddersfield Town,Southampton,D,1439.4527582141004,1447.0832121482595,-7.63045393415905,0.31756945245441903,0.25312887013261376,0.4293016774129672,H,0.1
2017-18,2017-08-27,Liverpool,Arsenal,H,1553.5534658376723,1565.6111481528026,-12.05768231513025,0.3217554564303475,0.254229061026676,0.42401548254297655,H,0.1
2017-18,2017-08-27,Tottenham,Burnley,D,1620.0191998930654,1377.0598052194186,242.95939467364678,0.13302070399957583,0.1060965629166286,0.7608827330837956,H,0.1
2017-18,2017-08-27,Chelsea,Everton,H,1614.2245215582914,1494.7772826830676,119.44723887522377,0.21267058116217635,0.18984647097389054,0.5974829478639331,H,0.1
2017-18,2017-08-27,West Bromwich Albion,Stoke,D,1411.5063363038018,1413.2459654871795,-1.7396291833777013,0.3120652889060816,0.2515230046553263,0.4364117064385921,H,0.1
2017-18,2017-09-09,Leicester City,Chelsea,A,1446.4034786722887,1619.6953452733744,-173.29186660108576,0.5066865757264402,0.229370677692865,0.26394274658069483,A,0.1
2017-18,2017-09-09,Southampton,Watford,A,1448.5792162176415,1380.379520097845,68.1996961197965,0.2518205107905914,0.22144671612191616,0.5267327730874924,H,0.1
2017-18,2017-09-09,Stoke,Manchester United,D,1414.9072913302705,1569.7515406796065,-154.844249349336,0.48241284834808584,0.23813449496588485,0.2794526566860293,A,0.1
2017-18,2017-09-09,Manchester City,Liverpool,H,1586.9938225906099,1567.3652861944092,19.628536396200616,0.29270146879666786,0.24438887225385178,0.4629096589494804,H,0.1
2017-18,2017-09-09,Everton,Tottenham,A,1489.3064589679846,1612.9953760320363,-123.6889170640518,0.44303980129414483,0.24990217458920702,0.3070580241166481,A,0.1
2017-18,2017-09-09,Arsenal,Bournemouth,H,1551.7993277960657,1385.469363208953,166.32996458711273,0.17999483984495326,0.15765908641420784,0.662346073740839,H,0.1
2017-18,2017-09-09,Brighton and Hove Albion,West Bromwich Albion,H,1405.6325488790042,1409.845010460711,-4.212461581706748,0.31436677385188055,0.25221668270412284,0.43341654344399666,H,0.1
2017-18,2017-09-10,Burnley,Crystal Palace,H,1384.0836290804477,1362.0122858769037,22.071343203544075,0.2905452889032265,0.24344797342882402,0.46600673766794953,H,0.1
2017-18,2017-09-10,Swansea,Newcastle United,A,1396.1902539212406,1383.0367137759497,13.15354014529089,0.29847250234051803,0.24676129948312145,0.45476619817636055,H,0.1
2017-18,2017-09-11,West Ham,Huddersfield Town,H,1398.4975450425156,1437.9567541447184,-39.45920910220275,0.3486536035827972,0.25893091238484384,0.39241548403235904,H,0.1
2017-18,2017-09-15,Bournemouth,Brighton and Hove Albion,H,1379.9612229656907,1414.8519888707583,-34.89076590506761,0.34404686795028594,0.2584041060079433,0.3975490260417708,H,0.1
2017-18,2017-09-16,Watford,Manchester City,A,1394.7979457076938,1600.752561895094,-205.95461618740023,0.5510030420778542,0.21116650873230297,0.23783044918984278,A,0.1
2017-18,2017-09-16,Liverpool,Burnley,D,1553.606546889925,1389.3546553168844,164.25189157304067,0.18138131641834987,0.1591073267900495,0.6595113567916007,H,0.1
2017-18,2017-09-16,Tottenham,Swansea,D,1623.7410260373433,1387.8702765628996,235.87074947444376,0.13701568588394084,0.11058712783667621,0.7523971862793829,H,0.1
2017-18,2017-09-16,West Bromwich Albion,West Ham,D,1400.6255704689568,1408.652767308697,-8.027196839740327,0.31794283507768495,0.25323122283006766,0.42882594209224734,H,0.1
2017-18,2017-09-16,Crystal Palace,Southampton,A,1356.741259640467,1434.1607906077927,-77.41953096732573,0.3889392503974277,0.2592306871332524,0.35183006246931997,A,0.1
2017-18,2017-09-16,Newcastle United,Stoke,H,1391.3566911342907,1417.5712811069563,-26.214589972665635,0.3354347295441484,0.25711787053691193,0.4074473999189397,H,0.1
2017-18,2017-09-16,Huddersfield Town,Leicester City,D,1427.801531878537,1442.0020751317304,-14.200543253193473,0.32379703510417374,0.2547282654640576,0.4214746994317687,H,0.1
2017-18,2017-09-17,Chelsea,Arsenal,D,1624.0967488139327,1557.307468039328,66.78928077460478,0.2529523354899796,0.22222582936687996,0.5248218351431404,H,0.1
2017-18,2017-09-17,Manchester United,Everton,H,1567.0875509029206,1478.5608089626776,88.52674194024303,0.23584234674111762,0.2096102927877136,0.5545473604711688,H,0.1
2017-18,2017-09-23,Swansea,Watford,A,1394.7892398436834,1384.068676462477,10.720563381206375,0.3006622697060815,0.24760626733836708,0.4517314629555514,H,0.1
2017-18,2017-09-23,Stoke,Chelsea,A,1411.3854333476818,1620.6012676071982,-209.21583425951644,0.5554979284592191,0.2091907309412922,0.23531134059948883,A,0.1
2017-18,2017-09-23,Burnley,Huddersfield Town,D,1395.0406370789574,1426.4909003356888,-31.450263256731432,0.34061050030025647,0.25793865683860223,0.40145084286114135,H,0.1
2017-18,2017-09-23,Southampton,Manchester United,A,1440.5211998387715,1576.3207334916679,-135.79953365289634,0.45808233861493786,0.24581336172394638,0.2961042996611157,A,0.1
2017-18,2017-09-23,Manchester City,Crystal Palace,H,1611.4818311403108,1350.3808504094882,261.1009807308226,0.12245416166116722,0.1,0.7775458383388328,H,0.1
2017-18,2017-09-23,Leicester City,Liverpool,A,1443.3127066745785,1547.9205651278521,-104.6078584532736,0.42006688360949146,0.2549963915663015,0.32493672482420705,A,0.1
2017-18,2017-09-23,Everton,Bournemouth,H,1469.3276263739303,1386.2922202674524,83.03540610647792,0.24009847068141882,0.21291339036207244,0.5469881389565088,H,0.1
2017-18,2017-09-23,West Ham,Tottenham,A,1410.1376058611977,1616.8220627565595,-206.6844568953618,0.5520081187423204,0.21072652902702746,0.23726535223065212,A,0.1
2017-18,2017-09-24,Brighton and Hove Albion,Newcastle United,H,1408.5209915689966,1397.5425388935653,10.9784526754313,0.3004296013028966,0.2475179218582066,0.45205247683889677,H,0.1
2017-18,2017-09-25,Arsenal,West Bromwich Albion,H,1560.8029492460623,1399.1407319164562,161.66221732960616,0.18311719761259107,0.16091174690670335,0.6559710554807056,H,0.1
2017-18,2017-09-30,Stoke,Southampton,H,1402.6391749848763,1435.3948475273696,-32.75567254249336,0.3419110282259515,0.2581221862333588,0.3999667855406897,H,0.1
2017-18,2017-09-30,West Bromwich Albion,Watford,D,1394.6738873596425,1392.3515199958629,2.3223673637796765,0.3083127376575796,0.25032277545705284,0.44136448688536756,H,0.1
2017-18,2017-09-30,West Ham,Swansea,H,1406.328124949426,1386.5063963102975,19.821728639128423,0.29253052923885225,0.24431536485095437,0.46315410591019335,H,0.1
2017-18,2017-09-30,Bournemouth,Leicester City,D,1382.2171757209378,1437.5407704804707,-55.32359475953285,0.3650475700047586,0.2599444797651184,0.3750079502301229,H,0.1
2017-18,2017-09-30,Chelsea,Manchester City,A,1629.3475259700037,1615.8403004407978,13.507225529205925,0.2981551505543887,0.2466363316730325,0.45520851777257887,H,0.1
2017-18,2017-09-30,Huddersfield Town,Tottenham,A,1427.3107832621015,1620.6315436683312,-193.32076040622974,0.5336939523638408,0.2185693292088799,0.24773671842727935,A,0.1
2017-18,2017-09-30,Manchester United,Crystal Palace,H,1581.4470858030697,1346.0223811090011,235.42470469406862,0.137269529931667,0.11087232620357697,0.751858143864756,H,0.1
2017-18,2017-10-01,Arsenal,Brighton and Hove Albion,H,1565.269793802876,1414.0283100011013,151.24148380177462,0.1901925088064385,0.168159089651294,0.6416484015422674,H,0.1
2017-18,2017-10-01,Newcastle United,Liverpool,D,1392.0352204614605,1553.69250132196,-161.65728086049944,0.4913022395462565,0.23504140315548636,0.2736563572982571,A,0.1
2017-18,2017-10-01,Everton,Burnley,A,1473.402670920445,1394.2207541525447,79.18191676790025,0.243111509205701,0.215186650120942,0.5417018406733569,H,0.1
2017-18,2017-10-14,Manchester City,Stoke,H,1624.1656581262616,1408.9344928233638,215.2311653028978,0.14906360571075059,0.1240784600724109,0.7268579342168385,H,0.1
2017-18,2017-10-14,Burnley,West Ham,D,1403.4569487909166,1411.6466430812804,-8.189694290363832,0.31809586319687955,0.25327293149478836,0.4286312053083321,H,0.1
2017-18,2017-10-14,Liverpool,Manchester United,D,1550.8473031224,1585.9362161475085,-35.08891302510847,0.34424563587087426,0.25842911837026916,0.3973252457588566,H,0.1
2017-18,2017-10-14,Tottenham,Bournemouth,H,1630.0120422777095,1382.0825860860655,247.92945619164402,0.13026387522494237,0.10299698310054857,0.7667391416745091,H,0.1
2017-18,2017-10-14,Swansea,Huddersfield Town,H,1381.187878178443,1417.9302846527232,-36.74240647428019,0.34590797706411364,0.2586302024211228,0.3954618205147636,H,0.1
2017-18,2017-10-14,Watford,Arsenal,H,1394.1263071292042,1569.970390870637,-175.84408374143277,0.5100934061158531,0.22806447895046034,0.26184211493368653,A,0.1
2017-18,2017-10-14,Crystal Palace,Chelsea,H,1341.5332507645624,1621.02216828454,-279.4889175199776,0.6529937118183704,0.16242541108962863,0.18458087709200097,A,0.1
2017-18,2017-10-15,Brighton and Hove Albion,Everton,D,1409.3277129333403,1464.1664762820728,-54.83876334873253,0.36453727954906345,0.25993237232621136,0.3755303481247252,H,0.1
2017-18,2017-10-15,Southampton,Newcastle United,D,1429.099529688882,1394.8804186610205,34.21911102786157,0.2799886228294525,0.23840951004374294,0.4816018671268046,H,0.1
2017-18,2017-10-16,Leicester City,West Bromwich Albion,D,1437.675360115343,1392.8991002263012,44.77625988904174,0.27102983650448564,0.23356816659992993,0.4954019968955844,H,0.1
2017-18,2017-10-20,West Ham,Brighton and Hove Albion,A,1413.1269073809626,1409.1791715276013,3.947735853361337,0.3068208214489977,0.2498215678717069,0.44335761067929547,H,0.1
2017-18,2017-10-21,Chelsea,Watford,H,1611.4325466449884,1402.6089051132428,208.82364153174558,0.15292787708674416,0.1283752361161078,0.718696886797148,H,0.1
2017-18,2017-10-21,Huddersfield Town,Manchester United,H,1407.84688813959,1586.6519887216868,-178.80510058209688,0.5140594463418523,0.22652226341533632,0.2594182902428114,A,0.1
2017-18,2017-10-21,Swansea,Leicester City,A,1391.2712746915763,1434.7478700162467,-43.47659532467037,0.35274642691091784,0.2593077011150855,0.38794587197399666,H,0.1
2017-18,2017-10-21,Manchester City,Burnley,H,1629.7206073907464,1401.9766844912344,227.74392289951197,0.1416861369078916,0.11582974811357105,0.7424841149785374,H,0.1
2017-18,2017-10-21,Southampton,West Bromwich Albion,H,1426.4522639081745,1395.8265903253975,30.625673582776926,0.28308313867725093,0.23996100446548815,0.4769558568572609,H,0.1
2017-18,2017-10-21,Stoke,Bournemouth,A,1403.379543558879,1380.27329130933,23.106252249549016,0.289635234768134,0.24304190700528178,0.46732285822658415,H,0.1
2017-18,2017-10-21,Newcastle United,Crystal Palace,H,1397.527684441728,1351.1228724041139,46.40481203761419,0.2696650392312252,0.23278502327431871,0.4975499374944561,H,0.1
2017-18,2017-10-22,Everton,Arsenal,A,1464.3150176878119,1561.4877928865983,-97.17277519878644,0.411364814818319,0.25651505113982337,0.3321201340418577,A,0.1
2017-18,2017-10-22,Tottenham,Liverpool,H,1631.821337054445,1550.1315305482217,81.68980650622325,0.24114810583859725,0.21371149070358286,0.5451404034578199,H,0.1
2017-18,2017-10-28,West Bromwich Albion,Manchester City,A,1390.7341075591453,1633.7468201239894,-243.01271256484415,0.6024516675385058,0.18746556520881633,0.2100827672526779,A,0.1
2017-18,2017-10-28,Manchester United,Tottenham,H,1578.1311017802375,1640.0201967965984,-61.8890950163609,0.3720163187159229,0.2599909390563758,0.36799274222770134,A,0.1
2017-18,2017-10-28,Watford,Stoke,A,1399.0880413289892,1394.9099395602098,4.17810176877947,0.30660981148223043,0.24974956955822428,0.4436406189595453,H,0.1
2017-18,2017-10-28,Bournemouth,Chelsea,A,1388.7428953079993,1614.953410429242,-226.21051512124268,0.5790502854247964,0.19852144037148808,0.2224282742037155,A,0.1
2017-18,2017-10-28,Liverpool,Huddersfield Town,H,1541.9326708060682,1416.3677750810393,125.56489572502892,0.20824087052204682,0.18575133524641216,0.6060077942315409,H,0.1
2017-18,2017-10-28,Arsenal,Swansea,H,1573.3492350626452,1384.1511122787465,189.19812278389873,0.16512129897928784,0.14177470388107158,0.6931039971396405,H,0.1
2017-18,2017-10-28,Crystal Palace,West Ham,D,1346.3509025589178,1396.7701792293258,-50.41927667040795,0.3599129033984772,0.2597670432197679,0.38032005338175495,H,0.1
2017-18,2017-10-29,Brighton and Hove Albion,Southampton,D,1425.5358996792381,1431.5447466744267,-6.008846995188605,0.31604686452014996,0.25270287679670717,0.4312502586831428,H,0.1
2017-18,2017-10-29,Leicester City,Everton,H,1441.8680324290765,1452.453575511765,-10.585543082688446,0.32035877035204946,0.2538734817768541,0.42576774787109645,H,0.1
2017-18,2017-10-30,Burnley,Newcastle United,H,1397.9504717579914,1402.2996542869241,-4.349182528932715,0.3144944008093041,0.2522542124753257,0.43325138671537017,H,0.1
2017-18,2017-11-04,Swansea,Brighton and Hove Albion,A,1381.695115697203,1423.994298747213,-42.299183050010015,0.35154282883357724,0.2592056795107047,0.38925149165571804,H,0.1
2017-18,2017-11-04,West Ham,Liverpool,A,1397.045864738818,1548.6406017895144,-151.5947370506965,0.4782061194230346,0.2395475615517871,0.2822463190251782,A,0.1
2017-18,2017-11-04,Stoke,Leicester City,D,1403.0918835729954,1451.2569158373879,-48.165032264392494,0.3575729221741536,0.2596446056167205,0.38278247220912587,H,0.1
2017-18,2017-11-04,Newcastle United,Bournemouth,A,1396.4805426413552,1385.2543229113537,11.226219730001503,0.30020619035744334,0.24743277092653912,0.4523610387160175,H,0.1
2017-18,2017-11-04,Southampton,Burnley,A,1433.086347606452,1403.7695834035603,29.31676420289159,0.2842161480286666,0.24051356955913689,0.47527028241219643,H,0.1
2017-18,2017-11-04,Huddersfield Town,West Bromwich Albion,H,1409.6598440975931,1387.5063488261708,22.153495271422344,0.29047297377038733,0.2434159007717471,0.46611112545786554,H,0.1
2017-18,2017-11-05,Chelsea,Manchester United,H,1618.4419828258876,1584.9095734333227,33.53240939256489,0.2805781787728223,0.2387098745395544,0.4807119466876233,H,0.1
2017-18,2017-11-05,Everton,Watford,H,1443.0646921034536,1390.9060973162036,52.15859478724997,0.26487892783040445,0.22994369147830454,0.505177380691291,H,0.1
2017-18,2017-11-05,Manchester City,Arsenal,H,1636.974578856964,1575.8052316441888,61.169347212775165,0.2574930923572194,0.2252706617213849,0.5172362459213957,H,0.1
2017-18,2017-11-05,Tottenham,Crystal Palace,H,1633.2417251435131,1346.0752170494256,287.1665080940875,0.10742908151085821,0.1,0.7925709184891419,H,0.1
2017-18,2017-11-18,Liverpool,Southampton,H,1558.2678436718086,1424.5252983361524,133.74254533565613,0.2023976850937568,0.1802090260586739,0.6173932888475693,H,0.1
2017-18,2017-11-18,West Bromwich Albion,Chelsea,A,1382.2370527207129,1623.4745499259027,-241.2374972051898,0.5999778256471551,0.1886530945308658,0.2113690798219792,A,0.1
2017-18,2017-11-18,Manchester United,Newcastle United,H,1579.8770063333077,1388.1899638332627,191.68704250004498,0.16354539742327331,0.14005914003627498,0.6963954625404517,H,0.1
2017-18,2017-11-18,Leicester City,Manchester City,A,1451.5974219001007,1644.0798330554205,-192.48241115531982,0.5325520001603872,0.2190454827612154,0.2484025170783975,A,0.1
2017-18,2017-11-18,Crystal Palace,Everton,D,1344.6115151721865,1447.7227415505017,-103.11122637831522,0.4183038212804155,0.2553235225238179,0.3263726561957665,A,0.1
2017-18,2017-11-18,Burnley,Swansea,H,1412.3306326738598,1374.548223681159,37.782408992700766,0.27694293803637643,0.23682194904570095,0.4862351129179226,H,0.1
2017-18,2017-11-18,Bournemouth,Huddersfield Town,H,1393.5449017194462,1414.929140203051,-21.384238483604804,0.3307161695094851,0.2562412427562198,0.41304258773429514,H,0.1
2017-18,2017-11-18,Arsenal,Tottenham,H,1568.6999774457322,1634.7054270207523,-66.00544957502007,0.37644140959748656,0.25990844375692185,0.36365014664559153,A,0.1
2017-18,2017-11-19,Watford,West Ham,H,1386.2480478691555,1387.4186228565238,-1.1705749873683544,0.31153749941715775,0.25135939491811055,0.4371031056647317,H,0.1
2017-18,2017-11-20,Brighton and Hove Albion,Stoke,D,1431.1411907632569,1402.7513775102825,28.389813252974363,0.28502042992350896,0.2409007819474289,0.4740787881290621,H,0.1
2017-18,2017-11-24,West Ham,Leicester City,D,1378.2800078577627,1445.1708610157411,-66.89085315797843,0.3773988851535464,0.25987946346784435,0.36272165137860934,A,0.1
2017-18,2017-11-25,Tottenham,West Bromwich Albion,D,1623.854967759314,1374.6800123099626,249.17495544935127,0.1295787485300861,0.10222679322073187,0.768194458249182,H,0.1
2017-18,2017-11-25,Swansea,Bournemouth,D,1366.7095299337316,1407.72001553902,-41.01048560528852,0.35022935071955524,0.25908602009030757,0.3906846291901372,H,0.1
2017-18,2017-11-25,Newcastle United,Watford,A,1383.3396088537545,1395.3866628679166,-12.047054014162086,0.3217453557811255,0.25422653065640066,0.42402811356247383,H,0.1
2017-18,2017-11-25,Liverpool,Chelsea,D,1564.7207832428978,1631.031590336653,-66.3108070937551,0.37677139625108275,0.25989889823221757,0.3633297055166997,A,0.1
2017-18,2017-11-25,Crystal Palace,Stoke,H,1345.846026639451,1405.241939398761,-59.395912759309795,0.36935714306873857,0.2599990734434231,0.37064378348783833,H,0.1
2017-18,2017-11-25,Manchester United,Brighton and Hove Albion,H,1584.727361312816,1428.6506288747785,156.07673243803742,0.18689160297595245,0.164800039728091,0.6483083572959566,H,0.1
2017-18,2017-11-26,Burnley,Arsenal,A,1420.1693264212872,1579.5504367071705,-159.38111028588332,0.488322139384202,0.23609408941047896,0.2755837712053191,A,0.1
2017-18,2017-11-26,Huddersfield Town,Manchester City,A,1400.7540263834771,1650.50639393978,-249.75236755630294,0.6118401437701075,0.18292219860208714,0.20523765762780527,A,0.1
2017-18,2017-11-26,Southampton,Everton,H,1418.0723587650632,1446.488230083237,-28.415871318173913,0.33760299796588317,0.25747943726529093,0.40491756476882595,H,0.1
2017-18,2017-11-28,Watford,Manchester United,A,1411.065053998937,1587.6239580099405,-176.5589040110035,0.511049537477797,0.22769478357151074,0.2612556789506923,A,0.1
2017-18,2017-11-28,Brighton and Hove Albion,Crystal Palace,D,1425.754032177654,1352.583546177146,73.17048600050794,0.24785598457637242,0.2186548244920741,0.5334891909315534,H,0.1
2017-18,2017-11-28,Leicester City,Tottenham,H,1444.9725523207317,1616.7416377457116,-171.76908542497995,0.5046591780846567,0.23013963558163,0.2652011863337134,A,0.1
2017-18,2017-11-28,West Bromwich Albion,Newcastle United,D,1381.793342323565,1367.6612177227341,14.13212460083082,0.29759505007218084,0.24641421893244575,0.4559907309953734,H,0.1
2017-18,2017-11-29,Manchester City,Southampton,H,1653.6335502454317,1430.5177828399633,223.11576740546843,0.14438868820071862,0.11885716442968729,0.7367541473695941,H,0.1
2017-18,2017-11-29,Stoke,Liverpool,A,1398.504419861066,1564.9024028986755,-166.3979830376095,0.4975409202740891,0.23278832691344972,0.26967075281246117,A,0.1
2017-18,2017-11-29,Everton,West Ham,H,1434.042806008337,1378.4783165527722,55.56448945556485,0.26207171914536787,0.22820862496469566,0.5097196558899365,H,0.1
2017-18,2017-11-29,Arsenal,Huddersfield Town,H,1584.2137415675154,1397.6268700778255,186.58687148968988,0.16678378368069388,0.1435785067467792,0.6896377095725269,H,0.1
2017-18,2017-11-29,Bournemouth,Burnley,A,1408.2660340994407,1415.5060215609424,-7.2399874615016415,0.31720230958889045,0.2530274175123515,0.4297702728987581,H,0.1
2017-18,2017-11-29,Chelsea,Swansea,H,1630.8499706808752,1366.163511373311,264.6864593075643,0.12028698400823294,0.1,0.7797130159917671,H,0.1
2017-18,2017-12-02,Leicester City,Burnley,H,1453.401860820533,1423.4558964287448,29.945964391788266,0.2836711126899416,0.24024879313563915,0.4760800941744192,H,0.1
2017-18,2017-12-02,Watford,Tottenham,D,1404.1844697418396,1608.3123292459102,-204.12785950407056,0.5484896378478323,0.21226210736545972,0.23924825478670794,A,0.1
2017-18,2017-12-02,West Bromwich Albion,Crystal Palace,D,1379.6914491495882,1356.2392058690293,23.452243280558832,0.28933143707695025,0.24290516855946792,0.4677633943635819,H,0.1
2017-18,2017-12-02,Stoke,Swansea,H,1389.444194668135,1364.5096748266449,24.9345198414901,0.28803247438734697,0.24231381827619483,0.4696537073364582,H,0.1
2017-18,2017-12-02,Everton,Huddersfield Town,H,1444.703657462378,1391.193753795764,53.509903666614036,0.26376287167237394,0.22925993633390507,0.506977191993721,H,0.1
2017-18,2017-12-02,Chelsea,Newcastle United,H,1632.5038072275413,1369.763110896711,262.74069633083036,0.12145901127504814,0.1,0.7785409887249519,H,0.1
2017-18,2017-12-02,Brighton and Hove Albion,Liverpool,A,1422.0983724857706,1573.9626280916066,-151.86425560583598,0.4785541962708402,0.23943191981036968,0.2820138839187901,A,0.1
2017-18,2017-12-02,Arsenal,Manchester United,A,1590.646857849577,1594.5045422670378,-3.8576844174608595,0.31403578079597755,0.2521188934255449,0.4338453257784775,H,0.1
2017-18,2017-12-03,Bournemouth,Southampton,D,1400.3161592316383,1428.455297689909,-28.139138458270736,0.33732979348595243,0.25743529410421095,0.4052349124098366,H,0.1
2017-18,2017-12-03,Manchester City,West Ham,H,1655.696035395486,1367.8174650987312,287.8785702967548,0.10704190103484944,0.1,0.7929580989651506,H,0.1
2017-18,2017-12-09,West Ham,Chelsea,H,1366.359455905787,1635.1527079025866,-268.79325199679965,0.6382679972610091,0.16985631941479853,0.19187568332419241,A,0.1
2017-18,2017-12-09,Burnley,Watford,H,1418.3493473334486,1408.1101585521988,10.239188781249823,0.30109692314217273,0.24777039579036605,0.4511326810674612,H,0.1
2017-18,2017-12-09,Crystal Palace,Bournemouth,D,1358.596003853598,1399.401691867586,-40.80568801398795,0.3500209875597176,0.25906623528725536,0.390912777153027,H,0.1
2017-18,2017-12-09,Huddersfield Town,Brighton and Hove Albion,H,1383.8529538961247,1410.933672758581,-27.08071886245625,0.3362865204179583,0.2572629793301351,0.4064505002519066,H,0.1
2017-18,2017-12-09,Newcastle United,Leicester City,A,1367.1142102216656,1458.5084099158294,-91.39419969416372,0.4046998755429231,0.25750951536138317,0.3377906090956938,A,0.1
2017-18,2017-12-09,Swansea,West Bromwich Albion,H,1359.2987717923415,1377.3346511650195,-18.035879372677982,0.3274766428534774,0.25556696985711247,0.41695638728941015,H,0.1
2017-18,2017-12-09,Tottenham,Stoke,H,1604.386640435551,1394.6550977024383,209.73154273311275,0.15237680796155564,0.12776371191954103,0.7198594801189033,H,0.1
2017-18,2017-12-10,Southampton,Arsenal,D,1429.3697650539614,1577.923083935339,-148.55331888137766,0.4742888232995852,0.24083272956697194,0.2848784471334429,A,0.1
2017-18,2017-12-10,Manchester United,Manchester City,A,1607.2283161812757,1657.1540445884302,-49.925728407154566,0.35939950345586774,0.25974243579944944,0.3808580607446828,H,0.1
2017-18,2017-12-10,Liverpool,Everton,D,1585.1273278187962,1452.0444573620173,133.0828704567789,0.20286574127961765,0.18065866381228157,0.6164755949081008,H,0.1
2017-18,2017-12-12,Huddersfield Town,Chelsea,A,1393.680284338569,1625.654466151668,-231.974181813099,0.5870715096496893,0.194778323135395,0.21815016721491565,A,0.1
2017-18,2017-12-12,Burnley,Stoke,H,1423.8725980675629,1389.521250222453,34.351347845109785,0.2798751903930526,0.23835146077052133,0.48177334883642614,H,0.1
2017-18,2017-12-12,Crystal Palace,Watford,H,1358.044108508281,1402.5869078180845,-44.54279930980351,0.3538392731658932,0.2593940615357751,0.38676666529833176,H,0.1
2017-18,2017-12-13,Tottenham,Brighton and Hove Albion,H,1609.5204879155363,1401.1063423161368,208.4141455993995,0.1531768090158486,0.1286513346155053,0.7181718563686461,H,0.1
2017-18,2017-12-13,Swansea,Manchester City,A,1365.3475027187278,1664.128178039821,-298.7806753210932,0.6792003562158931,0.1489905224760068,0.17180912130810003,A,0.1
2017-18,2017-12-13,Southampton,Leicester City,A,1431.8647405823203,1464.5637007547464,-32.69896017242604,0.3418544439528639,0.25811438874946924,0.40003116729766686,H,0.1
2017-18,2017-12-13,West Ham,Arsenal,D,1375.8576976567056,1575.42810840698,-199.5704107502745,0.5422340496332478,0.2149591987589359,0.24280675160781634,A,0.1
2017-18,2017-12-13,Manchester United,Bournemouth,H,1600.2541827298849,1399.953587212903,200.30059551698196,0.158157519104503,0.1341552936815744,0.7076871872139225,H,0.1
2017-18,2017-12-13,Liverpool,West Bromwich Albion,D,1580.079250352658,1371.2859202386333,208.79333011402468,0.15294629525647185,0.1283956673725942,0.7186580373709339,H,0.1
2017-18,2017-12-13,Newcastle United,Everton,A,1361.0589193827486,1457.0925348281555,-96.0336154454069,0.41004409506560047,0.25672404011625616,0.3332318648181434,A,0.1
2017-18,2017-12-16,Stoke,West Ham,A,1384.5054935464186,1379.6718598958155,4.833633650603133,0.3060099567346519,0.2495433886256137,0.4444466546397343,H,0.1
2017-18,2017-12-16,Watford,Huddersfield Town,A,1396.0950486369504,1388.295376666318,7.799671970632517,0.3033068282982392,0.24858654381909273,0.4481066278826681,H,0.1
2017-18,2017-12-16,Arsenal,Newcastle United,H,1571.6139461678702,1355.1037196431064,216.51022652476377,0.14829919634004807,0.12322628724810626,0.7284745164118457,H,0.1
2017-18,2017-12-16,Brighton and Hove Albion,Burnley,D,1397.5780301075497,1428.8883547435973,-31.310324636047653,0.34047132442957834,0.2579184809698,0.4016101946006216,H,0.1
2017-18,2017-12-16,Chelsea,Southampton,H,1631.039373823919,1417.1336518846867,213.9057219392323,0.14985818832041414,0.12496354023672704,0.7251782714428588,H,0.1
2017-18,2017-12-16,Leicester City,Crystal Palace,A,1479.29478945238,1364.535967689415,114.758821762965,0.216099499067037,0.1929503953641631,0.5909501055687999,H,0.1
2017-18,2017-12-16,Manchester City,Tottenham,H,1669.849687038295,1613.0488001241233,56.80088691417177,0.2610573449655826,0.22756925456468274,0.5113734004697346,H,0.1
2017-18,2017-12-17,West Bromwich Albion,Manchester United,A,1377.776385245951,1602.5751143348073,-224.79872908885636,0.5770873792909146,0.19942948630485258,0.22348313440423287,A,0.1
2017-18,2017-12-17,Bournemouth,Liverpool,A,1397.6326556079805,1573.5887853453403,-175.9561297373598,0.510243221068642,0.22800664101394624,0.2617501379174118,A,0.1
2017-18,2017-12-18,Everton,Swansea,H,1463.0477345677978,1359.6259937202537,103.42174084754402,0.22451464647057617,0.20031163961618093,0.5751737139132429,H,0.1
2017-18,2017-12-22,Arsenal,Liverpool,D,1573.7486654712586,1583.694379233567,-9.945713762308287,0.31975321764004333,0.2537157449144541,0.42653103744550264,H,0.1
2017-18,2017-12-23,Stoke,West Bromwich Albion,H,1368.121251260852,1374.2652496210376,-6.143998360185606,0.31617354660068864,0.2527388492673187,0.43108760413199265,H,0.1
2017-18,2017-12-23,Southampton,Huddersfield Town,D,1414.969876567479,1404.7713419503457,10.198534617133419,0.30113365275795584,0.24778421077422463,0.45108213646781953,H,0.1
2017-18,2017-12-23,Swansea,Crystal Palace,D,1353.7341994927522,1383.8313314659083,-30.097131973156138,0.3392666825124791,0.25773950121838524,0.4029938162691357,H,0.1
2017-18,2017-12-23,Manchester City,Bournemouth,H,1678.9843232097696,1387.5270617197539,291.45726149001575,0.10511424182635012,0.1,0.7948857581736499,H,0.1
2017-18,2017-12-23,West Ham,Newcastle United,A,1396.0561021813821,1352.969000339718,43.08710184166421,0.27245021315602713,0.23437041102195294,0.49317937582202,H,0.1
2017-18,2017-12-23,Everton,Chelsea,D,1468.9395287952993,1633.2031491411267,-164.26362034582735,0.4947268882195088,0.23381272478999068,0.2714603869905005,A,0.1
2017-18,2017-12-23,Brighton and Hove Albion,Watford,H,1396.7541466310963,1379.6190833529226,17.135063278173675,0.29491418753847787,0.24532354710240933,0.4597622653591128,H,0.1
2017-18,2017-12-23,Leicester City,Manchester United,D,1459.9994256758866,1606.0862499597206,-146.08682428383395,0.47112654491493766,0.24184793411754896,0.2870255209675133,A,0.1
2017-18,2017-12-23,Burnley,Tottenham,A,1429.7122382200507,1603.9141639526488,-174.20192573259806,0.5079001078408647,0.22890740345746888,0.2631924887016665,A,0.1
2017-18,2017-12-26,Liverpool,Swansea,H,1585.1251721127926,1352.8756446611094,232.2495274516832,0.13908491616064128,0.112911201993059,0.7480038818462996,H,0.1
2017-18,2017-12-26,Bournemouth,West Ham,D,1384.2074100550801,1387.2978348542754,-3.0904247991952616,0.31332087517989177,0.25190542105097075,0.43477370376913743,H,0.1
2017-18,2017-12-26,Chelsea,Brighton and Hove Albion,H,1630.2891552854103,1402.1296712300086,228.15948405540166,0.1414449886934616,0.11555935393075917,0.7429956573757793,H,0.1
2017-18,2017-12-26,Huddersfield Town,Stoke,D,1406.7647657239174,1377.3920339136919,29.37273181022556,0.2841676375075842,0.2404900811185493,0.47534228137386647,H,0.1
2017-18,2017-12-26,Tottenham,Southampton,H,1612.6833127147502,1412.9764527939074,199.70685992084282,0.15852560874780766,0.13456039662754182,0.7069139946246505,H,0.1
2017-18,2017-12-26,Watford,Leicester City,H,1374.2435587540103,1462.4277119291614,-88.1841531751511,0.4010347829417144,0.25799090724707396,0.3409743098112116,A,0.1
2017-18,2017-12-26,West Bromwich Albion,Everton,D,1364.9944669681977,1471.8535226510157,-106.85905568281805,0.4227296031067082,0.25448414969445177,0.32278624719884,A,0.1
2017-18,2017-12-26,Manchester United,Burnley,D,1603.6579637064458,1420.9430894579493,182.71487424849647,0.16926607539831215,0.1462596811801476,0.6844742434215403,H,0.1
2017-18,2017-12-27,Newcastle United,Manchester City,A,1361.7272676668247,1682.3039748744434,-320.5767072076187,0.7080464853050886,0.1339670054659581,0.15798650922895333,A,0.1
2017-18,2017-12-28,Crystal Palace,Arsenal,A,1384.689886297551,1572.317872592033,-187.62798629448184,0.5259578401906896,0.22176323722553656,0.2522789225837738,A,0.1
2017-18,2017-12-30,Chelsea,Stoke,H,1633.4729040755296,1379.9091128762395,253.5637911992901,0.12711716137447412,0.1,0.7728828386255259,H,0.1
2017-18,2017-12-30,Huddersfield Town,Burnley,D,1404.2476867613698,1426.9778070022187,-22.73012024084892,0.3320255056168914,0.25649694361676223,0.41147755076634634,H,0.1
2017-18,2017-12-30,Bournemouth,Everton,H,1382.58391441687,1470.5129293441544,-87.92901492728447,0.4007446229137342,0.2580269796572796,0.34122839742898625,A,0.1
2017-18,2017-12-30,Liverpool,Leicester City,H,1590.2072017696812,1455.2239396023058,134.98326216737541,0.20151893150607653,0.1793622466658641,0.6191188218280593,H,0.1
2017-18,2017-12-30,Manchester United,Southampton,D,1597.6232461621764,1408.3204567277644,189.30278943441203,0.16505485630004657,0.14170248305752922,0.6932426606424242,H,0.1
2017-18,2017-12-30,Newcastle United,Brighton and Hove Albion,D,1359.5199553638333,1398.9459224398893,-39.42596707605594,0.3486199010839539,0.258927456438691,0.3924526424773551,H,0.1
2017-18,2017-12-30,Watford,Swansea,A,1381.447331080866,1347.7936150042208,33.653716076645196,0.280473971353956,0.23865694712698707,0.48086908151905694,H,0.1
2017-18,2017-12-31,Crystal Palace,Manchester City,D,1380.5491201710292,1684.5112871774347,-303.9621670064055,0.6861405630128892,0.14539521638936748,0.16846422059774332,A,0.1
2017-18,2017-12-31,West Bromwich Albion,Arsenal,D,1366.335060275059,1576.4586387185548,-210.12357844349572,0.5567507457531663,0.20863636853119094,0.23461288571564273,A,0.1
2017-18,2018-01-01,Stoke,Newcastle United,A,1375.3707762329875,1358.928478297597,16.44229793539057,0.29553108819082435,0.24557856946649803,0.4588903423426776,H,0.1
2017-18,2018-01-01,Leicester City,Huddersfield Town,H,1452.0164982448448,1403.1790691616527,48.83742908319209,0.2676347702665257,0.2315977615583455,0.5007674681751287,H,0.1
2017-18,2018-01-01,Burnley,Liverpool,A,1428.0464246019358,1593.4146431271422,-165.36821852520643,0.4961821757879193,0.23328459725966835,0.2705332269524124,A,0.1
2017-18,2018-01-01,Brighton and Hove Albion,Bournemouth,D,1399.5373995061257,1389.7836273678251,9.75377213830052,0.30153569665330016,0.24793487629556382,0.4505294270511361,H,0.1
2017-18,2018-01-01,Everton,Manchester United,A,1463.3132163931991,1591.4693450507768,-128.1561286575777,0.44854790300086766,0.24846892429890408,0.3029831727002282,A,0.1
2017-18,2018-01-02,Manchester City,Watford,H,1678.453793089606,1372.8233308951292,305.6304621944769,0.09777343710123836,0.1,0.8022265628987617,H,0.1
2017-18,2018-01-02,Southampton,Crystal Palace,A,1414.474357839164,1386.606614258858,27.86774358030607,0.2854741077414008,0.2411173575902168,0.4734085346683824,H,0.1
2017-18,2018-01-02,Swansea,Tottenham,A,1356.4176151899576,1617.3393087808931,-260.92169359093555,0.6273676527025023,0.17529109102706897,0.19734125627042884,A,0.1
2017-18,2018-01-02,West Ham,West Bromwich Albion,H,1388.9213304924856,1370.4057282616536,18.515602230831973,0.29368760809008504,0.24480928640826805,0.4615031055016469,H,0.1
2017-18,2018-01-03,Arsenal,Chelsea,D,1572.3879707319602,1638.0112407187817,-65.62326998682147,0.376028741246325,0.25991972428009386,0.364051534473581,A,0.1
2017-18,2018-01-04,Tottenham,West Ham,D,1622.0395109313945,1394.267523474791,227.77198745660348,0.1416698433067742,0.11581147967488013,0.7425186770183456,H,0.1
2017-18,2018-01-13,Huddersfield Town,West Ham,A,1393.7318501006853,1401.0630067897139,-7.331156689028603,0.31728800351203573,0.2530511692713343,0.42966082721662996,H,0.1
2017-18,2018-01-13,West Bromwich Albion,Brighton and Hove Albion,H,1365.0595352793482,1397.5562714667885,-32.49673618744032,0.3416527388912025,0.25808645455931994,0.4002608065494775,H,0.1
2017-18,2018-01-13,Watford,Southampton,D,1370.7274891722932,1405.9345087606275,-35.20701958833433,0.34436415713619767,0.2584439339926287,0.39719190887117356,H,0.1
2017-18,2018-01-13,Tottenham,Everton,H,1615.2440276164716,1454.942616307473,160.3014113089987,0.18403294058289346,0.16185961202763374,0.6541074473894728,H,0.1
2017-18,2018-01-13,Chelsea,Leicester City,D,1637.849404129351,1461.4637173058122,176.38568682353866,0.17336749332149254,0.15065555721310891,0.6759769494653985,H,0.1
2017-18,2018-01-13,Crystal Palace,Burnley,H,1395.1464633373944,1423.4969022283635,-28.350438890969144,0.3375383836293871,0.25746903386340425,0.40499258250720865,H,0.1
2017-18,2018-01-13,Newcastle United,Swansea,D,1367.2983077570511,1351.7174130394562,15.580894717594902,0.29629946382986666,0.2458928261866596,0.4578077099834737,H,0.1
2017-18,2018-01-14,Liverpool,Manchester City,H,1597.9641655007144,1680.549634812442,-82.58546931172759,0.39470638905518257,0.2587080361418606,0.3465855748029568,A,0.1
2017-18,2018-01-14,Bournemouth,Arsenal,H,1391.7647554071623,1572.549807321391,-180.7850519142287,0.5167192784802421,0.2254753064030424,0.2578054151167154,A,0.1
2017-18,2018-01-15,Manchester United,Stoke,H,1599.839945136503,1367.0009467735333,232.83899836296973,0.13874677898856216,0.11253154634309594,0.7487216746683419,H,0.1
2017-18,2018-01-20,West Ham,Bournemouth,D,1416.95855637851,1400.3110399238685,16.64751645464139,0.2953482457957201,0.2455032362112125,0.4591485179930674,H,0.1
2017-18,2018-01-20,Stoke,Huddersfield Town,H,1363.0811391823192,1377.8363005118892,-14.75516132957,0.3243270991421353,0.2548539063597508,0.4208189944981139,H,0.1
2017-18,2018-01-20,Manchester City,Newcastle United,H,1673.4352729126285,1365.15659300135,308.27867991127846,0.09645277079440819,0.1,0.8035472292055919,H,0.1
2017-18,2018-01-20,Leicester City,Watford,H,1467.3813336558378,1370.015098644367,97.36623501147074,0.2290821609031118,0.20414783345986978,0.5667700056370185,H,0.1
2017-18,2018-01-20,Arsenal,Crystal Palace,H,1564.0035228046847,1401.3680799165325,162.63544288815228,0.18246378702451485,0.16023370161356396,0.6573025113619212,H,0.1
2017-18,2018-01-20,Burnley,Manchester United,A,1417.2752856492255,1603.7597527277171,-186.48446707849166,0.524409220050561,0.2223934328172031,0.25319734713223585,A,0.1
2017-18,2018-01-20,Brighton and Hove Albion,Chelsea,A,1387.585290143179,1631.9317877793253,-244.3464976361463,0.6043102105536607,0.1865706956993355,0.20911909374700374,A,0.1
2017-18,2018-01-20,Everton,West Bromwich Albion,D,1448.3548492417278,1375.0305166029577,73.3243326387701,0.24773388372110589,0.2185672961003563,0.5336988201785379,H,0.1
2017-18,2018-01-21,Southampton,Tottenham,D,1406.6468992885536,1621.8317946822167,-215.18489539366306,0.5637483358282778,0.20551158655825216,0.2307400776134701,A,0.1
2017-18,2018-01-22,Swansea,Liverpool,H,1353.8591277951573,1605.078527400528,-251.21939960537065,0.6138824206842344,0.18192653139757864,0.20419104791818699,A,0.1
2017-18,2018-01-30,Huddersfield Town,Liverpool,A,1368.3365277875155,1595.741925502698,-227.40539771518252,0.580712253964933,0.19775012071845677,0.22153762531661028,A,0.1
2017-18,2018-01-30,Swansea,Arsenal,H,1363.1957296929872,1569.613093961515,-206.41736426852776,0.5516402422581839,0.21088769215731962,0.23747206558449646,A,0.1
2017-18,2018-01-30,West Ham,Crystal Palace,D,1414.7875693039623,1395.7585087597022,19.02906054426012,0.29323235100634065,0.24461597152642175,0.46215167746723756,H,0.1
2017-18,2018-01-31,Manchester City,West Bromwich Albion,H,1675.500622351605,1378.6900119763964,296.8106103752086,0.10228693787840946,0.1,0.7977130621215905,H,0.1
2017-18,2018-01-31,Tottenham,Manchester United,H,1617.640314321009,1607.9209543282557,9.719359992753425,0.3015668201304043,0.24794649747343106,0.4504866823961646,H,0.1
2017-18,2018-01-31,Stoke,Watford,D,1372.580911906693,1363.9585422777272,8.622369628965771,0.30256022313848946,0.24831423325745147,0.44912554360405904,H,0.1
2017-18,2018-01-31,Everton,Leicester City,H,1444.6953538682892,1473.4378900224776,-28.74253615418843,0.3379257285715407,0.2575310593686976,0.40454321205976174,H,0.1
2017-18,2018-01-31,Chelsea,Bournemouth,A,1639.3797593255406,1402.4820269984161,236.89773232712446,0.13643233650602724,0.10993164303304293,0.7536360204609298,H,0.1
2017-18,2018-01-31,Newcastle United,Burnley,D,1363.0912435623736,1413.114084048687,-50.02284048631327,0.35950047368390314,0.2597473751029018,0.38075215121319506,H,0.1
2017-18,2018-01-31,Southampton,Brighton and Hove Albion,D,1410.8383796497612,1380.1373185969637,30.701061052797513,0.2830179776512827,0.23992897330033913,0.47705304904837814,H,0.1
2017-18,2018-02-03,Manchester United,Huddersfield Town,H,1599.1490310057477,1361.3974196481588,237.7516113575889,0.13594848984572777,0.10938788741455528,0.754663622739717,H,0.1
2017-18,2018-02-03,Arsenal,Everton,H,1555.570630590803,1450.923534560444,104.64709603035885,0.22359659538200657,0.1995267998411575,0.5768766047768359,H,0.1
2017-18,2018-02-03,Bournemouth,Stoke,H,1423.675840843253,1370.6310902265418,53.0447506167111,0.26414670540483,0.22949599533420093,0.5063572992609691,H,0.1
2017-18,2018-02-03,Brighton and Hove Albion,West Ham,H,1382.6901730616264,1412.5513646703769,-29.86119160875046,0.3390328080579389,0.25770384740046554,0.4032633445415955,H,0.1
2017-18,2018-02-03,Burnley,Manchester City,D,1413.4011708730295,1678.277138476592,-264.87596760356246,0.6328489917486994,0.17256564317738166,0.19458536507391896,A,0.1
2017-18,2018-02-03,Leicester City,Swansea,D,1467.2097093303228,1377.2381930636993,89.97151626662344,0.23472980600591742,0.20872936510113493,0.5565408288929476,H,0.1
2017-18,2018-02-03,West Bromwich Albion,Southampton,A,1375.9134958514094,1408.2855251850985,-32.37202933368917,0.3415284004222909,0.2580691269473001,0.400402472630409,H,0.1
2017-18,2018-02-04,Liverpool,Tottenham,D,1602.6810336420547,1626.412237643517,-23.7312040014624,0.333002102270682,0.2566814131216837,0.4103164846076343,H,0.1
2017-18,2018-02-04,Crystal Palace,Newcastle United,D,1397.9947133932876,1362.804156738031,35.190556655256614,0.2791560490270932,0.23798149983483452,0.4828624511380723,H,0.1
2017-18,2018-02-05,Watford,Chelsea,H,1365.9083639578785,1618.1859454807038,-252.27758152282536,0.6153551151975998,0.18120698616295683,0.20343789863944345,A,0.1
2017-18,2018-02-10,Manchester City,Leicester City,H,1672.9804811277513,1463.1426934612432,209.83778766650812,0.1523123963910036,0.12769220608343337,0.7199953975255631,H,0.1
2017-18,2018-02-10,Everton,Crystal Palace,H,1442.3404999945296,1395.321465931883,47.0190340626466,0.26915146478515706,0.2324872090407695,0.49836132617407347,H,0.1
2017-18,2018-02-10,Stoke,Brighton and Hove Albion,D,1365.9904423351315,1392.5912815016861,-26.60083916655458,0.33581436901022443,0.2571830370479148,0.4070025939418608,H,0.1
2017-18,2018-02-10,Swansea,Burnley,H,1381.305208932779,1418.6978282218702,-37.39261928909127,0.3465634678182541,0.2587055343699965,0.3947309978117495,H,0.1
2017-18,2018-02-10,West Ham,Watford,H,1402.6502562303172,1384.6018454308191,18.048410799498015,0.29410228478482436,0.24498421865117279,0.4609134965640028,H,0.1
2017-18,2018-02-10,Tottenham,Arsenal,H,1627.4523620760522,1564.1536651567174,63.298696919334816,0.2557667842330747,0.22412838756298675,0.5201048282039386,H,0.1
2017-18,2018-02-11,Southampton,Liverpool,A,1415.65853602996,1601.6409092095196,-185.98237317955954,0.5237298438705743,0.22266890650780435,0.2536012496216213,A,0.1
2017-18,2018-02-11,Newcastle United,Manchester United,H,1365.4774041994356,1602.175898902314,-236.6984947028784,0.5936525775885322,0.19167012412435872,0.2146772982871091,A,0.1
2017-18,2018-02-11,Huddersfield Town,Bournemouth,H,1358.3705517515925,1428.3164887346632,-69.94593698307062,0.38071810536836126,0.25974895299560746,0.3595329416360313,A,0.1
2017-18,2018-02-12,Chelsea,West Bromwich Albion,H,1599.4924640077631,1368.540485006548,230.95197900121525,0.13983100808094856,0.11374870233470052,0.7464202895843509,H,0.1
2017-18,2018-02-24,Bournemouth,Newcastle United,D,1414.496199898655,1374.6696169991678,39.82658289948722,0.2752058429904768,0.23588957491056234,0.4889045820989609,H,0.1
2017-18,2018-02-24,Brighton and Hove Albion,Swansea,H,1393.5496363654297,1387.6779747462824,5.8716616191472895,0.30506189690945384,0.24921297292941008,0.445725130161136,H,0.1
2017-18,2018-02-24,Burnley,Southampton,D,1412.3250624083666,1409.0489349687612,3.2761274396054887,0.3074366243825022,0.2500301110005595,0.4425332646169383,H,0.1
2017-18,2018-02-24,Leicester City,Stoke,D,1458.0116630091143,1365.032087471388,92.9795755377263,0.23242305831136034,0.2068800476508454,0.5606968940377942,H,0.1
2017-18,2018-02-24,Liverpool,West Ham,H,1608.2505102707185,1411.139489694137,197.1110205765815,0.16014066419445666,0.1363349156810906,0.7035244201244528,H,0.1
2017-18,2018-02-24,Watford,Everton,H,1376.1126119669993,1449.884496934281,-73.77188496728172,0.38490872499313655,0.2595188748856864,0.35557240012117697,A,0.1
2017-18,2018-02-24,West Bromwich Albion,Huddersfield Town,A,1364.5815501294796,1372.1908405876006,-7.609290458120995,0.31754954467006763,0.2531233896276848,0.4293270657022476,H,0.1
2017-18,2018-02-25,Manchester United,Chelsea,H,1592.9836861025817,1603.4513988848314,-10.467712782249691,0.3202471850494784,0.2538445782291606,0.42590823672136097,H,0.1
2017-18,2018-02-25,Crystal Palace,Tottenham,A,1387.7774689921316,1631.8944847210457,-244.1170157289141,0.603990454873314,0.1867248180886773,0.20928472703800866,A,0.1
2017-18,2018-03-01,Arsenal,Manchester City,A,1559.7115425117238,1678.1115115798802,-118.39996906815645,0.4365812438146483,0.25148300590365524,0.31193575028169646,A,0.1
2017-18,2018-03-03,Swansea,West Ham,H,1376.442301558245,1406.4212907671747,-29.97898920892976,0.33914955783571765,0.2577216826396897,0.4031287595245926,H,0.1
2017-18,2018-03-03,Leicester City,Bournemouth,D,1453.8726442547113,1411.6995002058918,42.173144048819495,0.2732207867578469,0.23480017666112296,0.49197903658103015,H,0.1
2017-18,2018-03-03,Tottenham,Huddersfield Town,H,1635.105601940859,1380.1322088088502,254.97339313200882,0.12623395393609735,0.1,0.7737660460639026,H,0.1
2017-18,2018-03-03,Liverpool,Newcastle United,H,1612.9687091976807,1377.466316691931,235.50239250574964,0.13722529688588417,0.11082263120884442,0.7519520719052715,H,0.1
2017-18,2018-03-03,Burnley,Everton,H,1410.5237015508706,1442.9122139067654,-32.38851235589482,0.341544832637578,0.25807142163866637,0.4003837457237556,H,0.1
2017-18,2018-03-03,Watford,West Bromwich Albion,H,1383.084894994515,1356.64018190823,26.44471308628499,0.28671328020299025,0.24170214399702278,0.4715845757999869,H,0.1
2017-18,2018-03-03,Southampton,Stoke,D,1410.8502958262573,1369.171106225791,41.679189600466316,0.2736378492201359,0.23503117805348142,0.4913309727263827,H,0.1
2017-18,2018-03-04,Brighton and Hove Albion,Arsenal,H,1404.7853095534672,1548.7471832547312,-143.96187370126404,0.46841276805580423,0.24270286510166775,0.28888436684252805,A,0.1
2017-18,2018-03-04,Manchester City,Chelsea,H,1689.0758708368728,1597.529650043479,91.54622079339379,0.2335206230177155,0.20776378329967404,0.5587155936826105,H,0.1
2017-18,2018-03-05,Crystal Palace,Manchester United,A,1384.5663517723183,1598.905434943934,-214.3390831716158,0.5625775829046166,0.2060376763743118,0.2313847407210716,A,0.1
2017-18,2018-03-10,West Bromwich Albion,Leicester City,A,1351.460844505461,1451.0138060381962,-99.55296153273525,0.4141351500901977,0.2560579864044231,0.3298068635053792,A,0.1
2017-18,2018-03-10,Newcastle United,Southampton,H,1374.4032648519326,1408.0045180996265,-33.601253247693876,0.3427556057254927,0.2582365504852565,0.3990078437892508,H,0.1
2017-18,2018-03-10,Manchester United,Liverpool,H,1602.5868492320458,1616.0317610376792,-13.44491180563341,0.3230759574756855,0.25455472630041037,0.42236931622390406,H,0.1
2017-18,2018-03-10,West Ham,Burnley,A,1393.9235404888475,1416.812880869678,-22.889340380830618,0.3321806770507456,0.25652661000504545,0.411292712944209,H,0.1
2017-18,2018-03-10,Everton,Brighton and Hove Albion,H,1436.6230345879578,1412.8333473091834,23.78968727877441,0.2890353616233833,0.2427713353137149,0.46819330306290186,H,0.1
2017-18,2018-03-10,Chelsea,Crystal Palace,H,1593.606634176741,1380.8849374842066,212.72169669253435,0.15057010110533592,0.12575587542482353,0.7236740234698406,H,0.1
2017-18,2018-03-10,Huddersfield Town,Swansea,D,1377.3704610165294,1388.9400518365721,-11.569590820042777,0.3212918534520108,0.25411230457738937,0.4245958419705998,H,0.1
2017-18,2018-03-11,Arsenal,Watford,H,1540.699145499015,1388.264232397284,152.4349131017309,0.1893749002000768,0.16733080507425951,0.6432942947256638,H,0.1
2017-18,2018-03-11,Bournemouth,Tottenham,A,1414.558338422407,1637.86734973318,-223.30901131077303,0.5750170882034659,0.20038370257205834,0.22459920922447588,A,0.1
2017-18,2018-03-12,Stoke,Manchester City,A,1372.0168839524217,1692.9988867036109,-320.98200275118916,0.708573577290486,0.1336907411821264,0.15773568152738762,A,0.1
2017-18,2018-03-17,Bournemouth,West Bromwich Albion,H,1407.4882324787538,1339.701440253429,67.78679222532492,0.2521515370960192,0.221675412596238,0.5261730503077429,H,0.1
2017-18,2018-03-17,Huddersfield Town,Crystal Palace,A,1375.9854805542889,1378.7078447539996,-2.7223641997106824,0.3129783735020043,0.2518020532608906,0.43521957323710503,H,0.1
2017-18,2018-03-17,Liverpool,Watford,H,1610.0600567426998,1382.367106006606,227.69295073609374,0.1417157330239442,0.11586293091976792,0.7424213360562878,H,0.1
2017-18,2018-03-17,Stoke,Everton,A,1368.5256064139032,1444.9201541935015,-76.39454777959827,0.38780320180353967,0.25931844261505316,0.3528783555814071,A,0.1
2017-18,2018-03-31,Watford,Bournemouth,D,1377.1619099089673,1411.8451243896413,-34.683214480673996,0.34383876691118864,0.25837769666072746,0.39778353642808395,H,0.1
2017-18,2018-03-31,West Ham,Southampton,H,1378.7433970300442,1395.385614421887,-16.642217391842905,0.3261357543526435,0.2552703702162188,0.4185938754311377,H,0.1
2017-18,2018-03-31,West Bromwich Albion,Burnley,A,1335.3445483425414,1431.9930243284814,-96.64847598593997,0.4107565366824022,0.2566120252005381,0.33263143811705964,A,0.1
2017-18,2018-03-31,Newcastle United,Huddersfield Town,H,1387.022168529672,1363.2202320255278,23.801936504144123,0.289024618112766,0.2427664683956919,0.4682089134915421,H,0.1
2017-18,2018-03-31,Manchester United,Swansea,H,1608.5585535270252,1390.3250322988126,218.23352122821257,0.14727298350632118,0.1220812233875,0.7306457931061787,H,0.1
2017-18,2018-03-31,Everton,Manchester City,A,1451.303143115226,1696.4901642421294,-245.18702112690335,0.6054813260211379,0.18600564335812728,0.20851303062073487,A,0.1
2017-18,2018-03-31,Crystal Palace,Liverpool,A,1391.4730932827606,1615.2652528403385,-223.79215955757786,0.5756884146294351,0.20007468024589364,0.22423690512467123,A,0.1
2017-18,2018-03-31,Brighton and Hove Albion,Leicester City,A,1404.5362277036397,1462.7732102902282,-58.23698258658851,0.3681264243806392,0.2599921081285248,0.371881467490836,H,0.1
2017-18,2018-04-01,Arsenal,Stoke,H,1546.596271889693,1362.1426174921787,184.45365439751436,0.16814883671107644,0.14505477424291946,0.6867963890460042,H,0.1
2017-18,2018-04-01,Chelsea,Tottenham,A,1595.783726906948,1644.937455676833,-49.15372876988499,0.35859766767750106,0.25970147213978945,0.3817008601827095,H,0.1
2017-18,2018-04-07,West Bromwich Albion,Swansea,D,1329.4025657926873,1386.9717691255557,-57.56920333286848,0.36741882468328496,0.25998499769032657,0.37259617762638847,H,0.1
2017-18,2018-04-07,Stoke,Tottenham,A,1357.1113799400016,1656.0188457248441,-298.90746578484254,0.6793707371348772,0.14890242543789747,0.17172683742722547,A,0.1
2017-18,2018-04-07,Manchester City,Manchester United,A,1701.554201050428,1611.911816700282,89.6423843501459,0.2349829884586355,0.2089304709423298,0.5560865405990346,H,0.1
2017-18,2018-04-07,Watford,Burnley,A,1376.4345211927166,1437.9350068783356,-61.50048568561897,0.37160079631044646,0.2599942834720622,0.3684049202174913,A,0.1
2017-18,2018-04-07,Everton,Liverpool,D,1446.2391063069274,1618.7925366780773,-172.55343037114994,0.5057029378153329,0.22974454345098774,0.26455251873367924,A,0.1
2017-18,2018-04-07,Brighton and Hove Albion,Huddersfield Town,D,1393.7791130299338,1357.9855894583527,35.79352357158109,0.27864012668500243,0.23771402081985185,0.48364585249514574,H,0.1
2017-18,2018-04-07,Bournemouth,Crystal Palace,D,1412.572513105892,1387.9458094450217,24.626703660870362,0.28830188323315953,0.24243735807700173,0.46926075868983874,H,0.1
2017-18,2018-04-07,Leicester City,Newcastle United,A,1473.5303249639342,1392.256811096847,81.2735138670871,0.24147337435211938,0.213957474562574,0.5445691510853067,H,0.1
2017-18,2018-04-08,Arsenal,Southampton,H,1551.6275094418702,1383.3349133640527,168.2925960778175,0.17869068693358775,0.15629130068098254,0.6650180123854297,H,0.1
2017-18,2018-04-08,Chelsea,West Ham,D,1584.7023368589369,1390.7940980878786,193.90823877105822,0.16214620231015042,0.13853149604060377,0.6993223016492458,H,0.1
2017-18,2018-04-14,Huddersfield Town,Watford,H,1360.6749439973228,1369.7206686385575,-9.045724641234756,0.31890295675930047,0.2534906062172619,0.4276064370234376,H,0.1
2017-18,2018-04-14,Liverpool,Bournemouth,H,1615.6617517283403,1410.183814595135,205.4779371332054,0.1549686317822574,0.13063598131065868,0.7143953869070839,H,0.1
2017-18,2018-04-14,Burnley,Leicester City,H,1444.6488594324946,1464.2682610697514,-19.619401637256715,0.3290055228814649,0.2558926124727707,0.4151018646457644,H,0.1
2017-18,2018-04-14,Crystal Palace,Brighton and Hove Albion,H,1390.334507955779,1391.0897584909637,-0.755250535184814,0.31115272302394464,0.25123904838127237,0.43760822859478304,H,0.1
2017-18,2018-04-14,Southampton,Chelsea,A,1380.6074924172708,1578.4667508001294,-197.85925838285857,0.5398911782775957,0.21595805903926482,0.2441507626831395,A,0.1
2017-18,2018-04-14,Swansea,Everton,D,1387.0417319361331,1449.3698912566645,-62.32815932053131,0.3724862531278573,0.25998623781820723,0.3675275090539355,A,0.1
2017-18,2018-04-14,Tottenham,Manchester City,A,1658.4814055046254,1692.1907011779574,-33.70929567333201,0.3428636425426915,0.2582509069605202,0.39888545049678825,H,0.1
2017-18,2018-04-15,Newcastle United,Arsenal,H,1401.5188749910299,1554.354930388652,-152.8360553976222,0.47981051230685173,0.23901259945145562,0.2811768882416927,A,0.1
2017-18,2018-04-15,Manchester United,West Bromwich Albion,A,1621.2753165727527,1329.3326029821098,291.9427135906428,0.10485508613773772,0.1,0.7951449138622623,H,0.1
2017-18,2018-04-16,West Ham,Stoke,D,1397.0296841466861,1354.6488201602203,42.38086398646578,0.27304552786253317,0.23470276868059733,0.49225170345686947,H,0.1
2017-18,2018-04-17,Brighton and Hove Albion,Tottenham,D,1385.3308946651482,1646.8438531151646,-261.5129584500164,0.6281878949649085,0.1748842424135649,0.19692786262152662,A,0.1
2017-18,2018-04-18,Bournemouth,Manchester United,A,1405.6637057554244,1610.4623749287941,-204.79866917336972,0.549412213071756,0.21186073421776835,0.23872705271047565,A,0.1
2017-18,2018-04-19,Burnley,Chelsea,A,1450.7241520032412,1582.427462570048,-131.70331056680675,0.4529556013960493,0.24726805495622392,0.29977634364772676,A,0.1
2017-18,2018-04-19,Leicester City,Southampton,D,1458.1929684990048,1376.6467806473522,81.54618785165258,0.24126029282760375,0.21379640356545013,0.5449433036069461,H,0.1
2017-18,2018-04-21,Watford,Crystal Palace,D,1363.82277819572,1396.0933717815944,-32.270593585874394,0.34142729152254464,0.25805497583008835,0.40051773264736706,H,0.1
2017-18,2018-04-21,West Bromwich Albion,Liverpool,D,1340.1455446260684,1620.1818605680508,-280.03631594198237,0.6537441486521517,0.16204423006703236,0.18421162128081592,A,0.1
2017-18,2018-04-22,Arsenal,West Ham,H,1546.181981871451,1394.1653568419026,152.01662502954832,0.18966125089646133,0.1676211779759252,0.6427175711276134,H,0.1
2017-18,2018-04-22,Manchester City,Swansea,H,1703.8282535674182,1387.108740744987,316.71951282243117,0.0923476176980159,0.1,0.8076523823019841,H,0.1
2017-18,2018-04-22,Stoke,Burnley,D,1357.5131474650038,1445.5150620264126,-88.00191456140874,0.4008275119572089,0.25801670579118074,0.3411557822516103,A,0.1
2017-18,2018-04-23,Everton,Newcastle United,H,1449.3028824478106,1409.691823508231,39.61105893957961,0.27538864495738613,0.23598861308643038,0.4886227419561835,H,0.1
2017-18,2018-04-28,Burnley,Brighton and Hove Albion,D,1444.7108427108117,1390.5575556321485,54.1532870786632,0.2632325523034647,0.2289322334113617,0.5078352142851736,H,0.1
2017-18,2018-04-28,Southampton,Bournemouth,H,1380.5094316471257,1399.5751108841093,-19.06567923698367,0.32847026215459585,0.25578011969490355,0.4157496181505006,H,0.1
2017-18,2018-04-28,Newcastle United,West Bromwich Albion,A,1404.7832903180308,1345.7488538247019,59.03443649332894,0.25923115088180454,0.226401634509131,0.5143672146090644,H,0.1
2017-18,2018-04-28,Crystal Palace,Leicester City,H,1396.8897979209964,1454.3303174992313,-57.4405195782349,0.36728259697231336,0.2599833672858681,0.3727340357418185,H,0.1
2017-18,2018-04-28,Huddersfield Town,Everton,A,1366.5728344401602,1454.2114156380107,-87.6385811978505,0.4004145279789553,0.2580676490836664,0.3415178229373783,A,0.1
2017-18,2018-04-28,Liverpool,Stoke,D,1614.5785513694173,1358.3173667806047,256.2611845888125,0.12543156309263662,0.1,0.7745684369073634,H,0.1
2017-18,2018-04-28,Swansea,Chelsea,A,1383.8944825826654,1587.6365525468766,-203.74206996421117,0.547959259316373,0.2124924396374033,0.23954830104622368,A,0.1
2017-18,2018-04-29,Manchester United,Arsenal,H,1616.5509698001092,1552.091136227354,64.45983357275531,0.2548284433029404,0.22349960722515785,0.5216719494719018,H,0.1
2017-18,2018-04-29,West Ham,Manchester City,A,1388.2562024859997,1707.0425117297398,-318.7863092437401,0.7057136583495357,0.1351890635155229,0.15909727813494148,A,0.1
2017-18,2018-04-30,Tottenham,Watford,H,1641.6171921481643,1363.026352056318,278.5908400918463,0.11218779324927632,0.1,0.7878122067507237,H,0.1
2017-18,2018-05-04,Brighton and Hove Albion,Manchester United,H,1393.72981457722,1620.9709440306872,-227.24112945346724,0.5804837395957599,0.19785630821003772,0.22165995219420231,A,0.1
2017-18,2018-05-05,Watford,Newcastle United,H,1360.5952936959795,1395.8066665768895,-35.21137288090995,0.34436852635206305,0.2584444787527448,0.39718699489519216,H,0.1
2017-18,2018-05-05,West Bromwich Albion,Tottenham,H,1354.7254775658432,1644.0482505085029,-289.32277294265964,0.6664183661010764,0.1555734271618056,0.1780082067371179,A,0.1
2017-18,2018-05-05,Stoke,Crystal Palace,A,1365.5299987118794,1414.2228458615461,-48.692847149666704,0.3581196799568196,0.2596755790990951,0.3822047409440853,H,0.1
2017-18,2018-05-05,Everton,Southampton,D,1463.9379646992365,1386.5754367451743,77.36252795406222,0.24454173255106815,0.2162465704350538,0.539211697013878,H,0.1
2017-18,2018-05-05,Bournemouth,Swansea,H,1393.5091057860607,1380.0350039914147,13.474101794646003,0.2981848610435432,0.24664805818579658,0.4551670807706602,H,0.1
2017-18,2018-05-05,Leicester City,West Ham,A,1436.9972695586816,1383.8010929558525,53.196176602829155,0.26402171303230215,0.22941922841866777,0.50655905854903,H,0.1
2017-18,2018-05-06,Arsenal,Burnley,H,1547.671161996776,1441.5385837657402,106.13257823103572,0.22248643553636024,0.19857166215359975,0.57894190231004,H,0.1
2017-18,2018-05-06,Chelsea,Liverpool,H,1591.4960311381274,1607.3659194381426,-15.869888300015191,0.3253945499264861,0.2551019836150038,0.4195034664585101,H,0.1
2017-18,2018-05-06,Manchester City,Huddersfield Town,D,1711.497621259887,1356.8462853789345,354.6513358809525,0.07575766452700053,0.1,0.8242423354729995,H,0.1
2017-18,2018-05-08,Swansea,Southampton,A,1374.5813024024742,1390.3351646563667,-15.753862253892521,0.32528331514183184,0.2550764399509095,0.4196402449072586,H,0.1
2017-18,2018-05-09,Chelsea,Huddersfield Town,D,1597.5084238337593,1365.1627817227788,232.3456421109804,0.13902974755419514,0.11284926319386888,0.7481209892519359,H,0.1
2017-18,2018-05-09,Leicester City,Arsenal,H,1422.8943171071066,1557.161615316613,-134.2672982095064,0.45616005328299125,0.24636595225653585,0.29747399446047296,A,0.1
2017-18,2018-05-09,Manchester City,Brighton and Hove Albion,H,1703.1811249160426,1402.8227289485944,300.35839596744813,0.10044993765965131,0.1,0.7995500623403488,H,0.1
2017-18,2018-05-09,Tottenham,Newcastle United,H,1634.379240909425,1389.4703142411172,244.9089266683079,0.131934968093692,0.1048758019073688,0.7631892299989392,H,0.1
2017-18,2018-05-10,West Ham,Manchester United,D,1397.9040454074275,1611.8780296593127,-213.9739842518852,0.5620723833106624,0.2062642909766926,0.23166332571264484,A,0.1
2017-18,2018-05-13,Swansea,Stoke,A,1366.8273693991996,1358.5280005354437,8.299368863755944,0.3028531858706143,0.248421501558169,0.4487253125712167,H,0.1
2017-18,2018-05-13,Southampton,Manchester City,A,1398.0890976596413,1705.338879397169,-307.24978173752766,0.6905189255730618,0.14312022400618687,0.16636085042075124,A,0.1
2017-18,2018-05-13,Tottenham,Leicester City,H,1636.2178612908351,1435.4287094070753,200.7891518837598,0.1578550037833341,0.1338221778182809,0.7083228183983851,H,0.1
2017-18,2018-05-13,Crystal Palace,West Bromwich Albion,H,1421.224844037982,1364.394487164921,56.830356873060964,0.26103319728675844,0.2275539539287692,0.5114128487844724,H,0.1
2017-18,2018-05-13,West Ham,Everton,H,1402.0667541509283,1460.1782367880442,-58.11148263711584,0.36799335463142974,0.25999094459680033,0.37201570077177,H,0.1
2017-18,2018-05-13,Huddersfield Town,Arsenal,A,1372.0284835300113,1544.6272230166444,-172.59873948663312,0.5057632650379287,0.22972165663716254,0.26451507832490884,A,0.1
2017-18,2018-05-13,Burnley,Bournemouth,A,1432.048130445903,1398.9628073750011,33.08532307090195,0.2809624730536018,0.23890445160982868,0.48013307533656957,H,0.1
2017-18,2018-05-13,Manchester United,Watford,H,1607.7153209158118,1366.9316460317518,240.78367488406002,0.1342390291550134,0.10746632454758091,0.7582946462974057,H,0.1
2017-18,2018-05-13,Liverpool,Brighton and Hove Albion,H,1601.3535267425107,1400.664974467468,200.68855227504264,0.1579172681458608,0.13389075370379155,0.7081919781503476,H,0.1
2017-18,2018-05-13,Newcastle United,Chelsea,H,1387.6316938597072,1590.6427220265268,-203.01102816681964,0.5469546471379209,0.21292788980585348,0.24011746305622556,A,0.1
2018-19,2018-08-10,Manchester United,Leicester City,H,1598.635185795504,1439.8022213319516,158.83296446355234,0.18502388526993535,0.16288210979289383,0.6520940049371708,H,0.1
2018-19,2018-08-11,Watford,Brighton and Hove Albion,H,1378.5470844573033,1405.757973511753,-27.210889054449808,0.33641468678546704,0.2572844689068681,0.4063008443076649,H,0.1
2018-19,2018-08-11,Wolverhampton Wanderers,Everton,D,1420.0,1454.5797139939868,-34.57971399398684,0.3437350308081329,0.2583644467876346,0.3979005224042325,H,0.1
2018-19,2018-08-11,Bournemouth,Cardiff City,H,1416.8207404621241,1420.0,-3.1792595378758506,0.31340358415584085,0.2519302762963825,0.4346661395477767,H,0.1
2018-19,2018-08-11,Fulham,Crystal Palace,A,1420.0,1435.616667987937,-15.616667987937035,0.3251518251310662,0.2550461527793924,0.4198020220895414,H,0.1
2018-19,2018-08-11,Huddersfield Town,Chelsea,A,1380.8528132665604,1565.7027941176623,-184.84998085110192,0.5221989575204945,0.2232874105779734,0.2545136319015321,A,0.1
2018-19,2018-08-11,Newcastle United,Tottenham,A,1414.7441801799484,1624.6796922961678,-209.93551211621934,0.5564911292204844,0.20875137640171185,0.23475749437780383,A,0.1
2018-19,2018-08-12,Arsenal,Manchester City,A,1544.1373226254298,1686.9304580526868,-142.79313542725708,0.46692440824894277,0.2431652295709532,0.28991036218010396,A,0.1
2018-19,2018-08-12,Liverpool,West Ham,H,1596.0586775772276,1421.4407778510883,174.61789972613929,0.1745227255740185,0.15188556039721585,0.6735917140287657,H,0.1
2018-19,2018-08-12,Southampton,Burnley,D,1406.1547212984424,1431.0891035766897,-24.934382278247313,0.3341789061985375,0.2568966444872409,0.40892444931422156,H,0.1
2018-19,2018-08-18,West Ham,Bournemouth,A,1415.3041371481038,1426.012722674805,-10.7085855267012,0.32047532403942236,0.25390359387887756,0.4256210820817,H,0.1
2018-19,2018-08-18,Tottenham,Fulham,H,1628.4344266318667,1407.7053076975626,220.7291189343041,0.14579438708335113,0.12042944590574584,0.7337761670109031,H,0.1
2018-19,2018-08-18,Leicester City,Wolverhampton Wanderers,H,1436.9444852248907,1419.2696481262058,17.674837098684975,0.29443417056697424,0.2451234353299691,0.4604423941030566,H,0.1
2018-19,2018-08-18,Chelsea,Arsenal,H,1574.0838313913503,1536.2337063196946,37.85012507165561,0.27688527666711876,0.23679131341782844,0.4863234099150528,H,0.1
2018-19,2018-08-18,Cardiff City,Newcastle United,D,1410.8080177873192,1410.9894458442495,-0.1814280569303719,0.31062170352010365,0.25107147776726246,0.4383068187126339,H,0.1
2018-19,2018-08-18,Everton,Southampton,H,1455.310065867781,1405.148864676195,50.16120119158609,0.26653412527296044,0.2309430132183039,0.5025228615087357,H,0.1
2018-19,2018-08-19,Brighton and Hove Albion,Manchester United,H,1395.9271877996325,1601.4929219025648,-205.5657341029323,0.5504677129930875,0.2114004206352283,0.2381318663716843,A,0.1
2018-19,2018-08-19,Burnley,Watford,A,1432.094960198937,1388.3778701694239,43.7170900295132,0.2719198971144084,0.23407240961083,0.49400769327476163,H,0.1
2018-19,2018-08-19,Manchester City,Huddersfield Town,H,1694.834074358422,1372.4717759928724,322.3622983655496,0.08969026563533448,0.1,0.8103097343646656,H,0.1
2018-19,2018-08-20,Crystal Palace,Liverpool,A,1447.9113602903744,1602.1953182802122,-154.28395798983775,0.4816859547102139,0.23838105195317882,0.2799329933366072,A,0.1
2018-19,2018-08-25,Southampton,Leicester City,A,1400.4514510351225,1445.4462978301904,-44.994846795067815,0.3543034589320127,0.25942894638024677,0.38626759468774047,H,0.1
2018-19,2018-08-25,Wolverhampton Wanderers,Manchester City,D,1410.7678355209061,1697.9488568099393,-287.1810212890332,0.6635053533113481,0.15706596016019247,0.17942868652845953,A,0.1
2018-19,2018-08-25,Liverpool,Brighton and Hove Albion,H,1609.7419756647037,1404.7770440945917,204.96493157011196,0.1552829353813317,0.13098359808479254,0.7137334665338757,H,0.1
2018-19,2018-08-25,Bournemouth,Everton,D,1433.8827243197907,1460.0074795088535,-26.124755189062853,0.3353464817854541,0.25710260893436304,0.4075509092801828,H,0.1
2018-19,2018-08-25,Arsenal,West Ham,H,1531.289419022137,1407.4341355031181,123.85528351901894,0.20947372374735834,0.18690052086998468,0.603625755382657,H,0.1
2018-19,2018-08-25,Huddersfield Town,Cardiff City,D,1369.356993541355,1409.1031138959322,-39.746120354577215,0.34894460047599235,0.2589605102083924,0.39209488931561526,H,0.1
2018-19,2018-08-26,Fulham,Burnley,H,1404.3953605632835,1418.1994329107415,-13.804072347458032,0.323418536092499,0.2546375508618532,0.42194391304564777,H,0.1
2018-19,2018-08-26,Newcastle United,Chelsea,A,1412.6943497356365,1579.0281186889079,-166.33376895327137,0.49745613424317314,0.23281938343571665,0.26972448232111024,A,0.1
2018-19,2018-08-26,Watford,Crystal Palace,H,1402.2733974576195,1440.364702905883,-38.09130544826348,0.3472689604534637,0.25878412499243786,0.3939469145540984,H,0.1
2018-19,2018-08-27,Manchester United,Tottenham,A,1592.6430656076056,1631.7443737661458,-39.10130815854018,0.34829088567057126,0.25889341252333453,0.3928157018060942,H,0.1
2018-19,2018-09-01,Leicester City,Liverpool,A,1452.5320234528551,1612.0080030192646,-159.47597956640948,0.4884461455451446,0.23605059716410762,0.2755032572907478,A,0.1
2018-19,2018-09-01,Everton,Huddersfield Town,D,1460.979409527226,1368.7746994877446,92.20471003948137,0.23301603357415288,0.20735835681986176,0.5596256096059853,H,0.1
2018-19,2018-09-01,Brighton and Hove Albion,Fulham,D,1402.5110167400308,1413.8698397168735,-11.358822976842703,0.32109182239080863,0.25406153788945857,0.42484663971973274,H,0.1
2018-19,2018-09-01,Chelsea,Bournemouth,H,1583.5594402528811,1432.9107943014183,150.64864595146287,0.19059935934308467,0.16857032095903804,0.6408303196978773,H,0.1
2018-19,2018-09-01,Manchester City,Newcastle United,H,1692.2060982558432,1408.1630281716632,284.04307008418004,0.10914176350158274,0.1,0.7908582364984172,H,0.1
2018-19,2018-09-01,West Ham,Wolverhampton Wanderers,A,1402.075256885012,1416.5105940750022,-14.43533718999015,0.3240213506714143,0.25478163399198445,0.4211970153366013,H,0.1
2018-19,2018-09-01,Crystal Palace,Southampton,A,1433.9802808069837,1393.3657254124578,40.61455539452595,0.2745381951663365,0.23552601848552512,0.4899357863481384,H,0.1
2018-19,2018-09-02,Burnley,Manchester United,A,1408.7249537571515,1578.2038847827234,-169.4789310255719,0.5016177434959311,0.23128122658268327,0.2671010299213856,A,0.1
2018-19,2018-09-02,Cardiff City,Arsenal,A,1409.6854079495427,1536.648297640243,-126.96288969070042,0.4470719295965449,0.2488604479267218,0.30406762247673336,A,0.1
2018-19,2018-09-02,Watford,Tottenham,H,1408.6578195565187,1646.183554591028,-237.52573503450935,0.5948052765547848,0.19112242355778597,0.21407229988742932,A,0.1
2018-19,2018-09-15,Tottenham,Liverpool,A,1636.982853022113,1616.6694926155415,20.31336040657152,0.2920958484457999,0.2441276017151091,0.46377654983909106,H,0.1
2018-19,2018-09-15,Newcastle United,Arsenal,A,1406.6741215094219,1541.9539431263377,-135.2798216169158,0.45742971799504323,0.2460019175434597,0.2965683644614971,A,0.1
2018-19,2018-09-15,Manchester City,Fulham,H,1693.6950049180846,1415.2607697010355,278.43423521704904,0.11227635245730958,0.1,0.7877236475426904,H,0.1
2018-19,2018-09-15,Watford,Manchester United,A,1417.8585211254338,1585.2923522891774,-167.43383116374366,0.4989096656074224,0.23228533612692112,0.2688049982656565,A,0.1
2018-19,2018-09-15,Huddersfield Town,Crystal Palace,A,1372.8952195088912,1420.1539663520423,-47.25874684315113,0.35663572106234986,0.259588136341682,0.38377614259596815,H,0.1
2018-19,2018-09-15,Bournemouth,Leicester City,H,1428.1966233993267,1447.8705338565783,-19.673910457251623,0.32905825192836224,0.2559036061612321,0.41503814191040567,H,0.1
2018-19,2018-09-15,Chelsea,Cardiff City,H,1588.2736111549727,1404.379762463448,183.89384869152468,0.16850808600654243,0.14544254782216812,0.6860493661712894,H,0.1
2018-19,2018-09-16,Everton,West Ham,A,1456.8588895060793,1394.2910051915007,62.56788431457858,0.2563584601386834,0.22452201333744562,0.519119526523871,H,0.1
2018-19,2018-09-16,Wolverhampton Wanderers,Burnley,H,1424.2948457685136,1401.6364862506975,22.658359517816052,0.29002884327334916,0.24321818759497113,0.4667529691316797,H,0.1
2018-19,2018-09-17,Southampton,Brighton and Hove Albion,D,1407.1920398673992,1401.1200867558687,6.071953111530547,0.3048792189224457,0.24914866485138124,0.4459721162261731,H,0.1
2018-19,2018-09-22,Fulham,Watford,D,1412.1905000517418,1413.3478850196134,-1.1573849678716215,0.3115252739666385,0.25135558504427225,0.43711914098908927,H,0.1
2018-19,2018-09-22,Manchester United,Wolverhampton Wanderers,D,1589.8029883949978,1429.553515894248,160.2494725007498,0.18406794122790715,0.16189578424392037,0.6540362745281725,H,0.1
2018-19,2018-09-22,Liverpool,Southampton,H,1625.0974855709915,1405.3129342349134,219.78455133607804,0.14635297842166647,0.12105371982805588,0.7325933017502776,H,0.1
2018-19,2018-09-22,Leicester City,Huddersfield Town,H,1438.2399739291357,1365.8607773566962,72.37919657243947,0.24848456169643146,0.21910396882455735,0.5324114694790113,H,0.1
2018-19,2018-09-22,Cardiff City,Manchester City,A,1399.3343032461376,1696.7652745673784,-297.4309713212408,0.6773849582082662,0.14992864796890099,0.17268639382283274,A,0.1
2018-19,2018-09-22,Burnley,Bournemouth,H,1396.3778161249631,1437.8271833267693,-41.449367201806126,0.35067621714418845,0.2591277091694989,0.39019607368631265,H,0.1
2018-19,2018-09-22,Brighton and Hove Albion,Tottenham,A,1402.9991923883545,1628.554860066663,-225.5556676783085,0.5781396987056802,0.19894307910799258,0.22291722218632726,A,0.1
2018-19,2018-09-22,Crystal Palace,Newcastle United,D,1427.1884085042373,1401.5373080895006,25.651100414736675,0.2874059912754307,0.24202473266005706,0.4705692760645122,H,0.1
2018-19,2018-09-23,Arsenal,Everton,H,1547.090756546259,1442.5570005511374,104.53375599512151,0.22368142396355276,0.19959951053829478,0.5767190654981524,H,0.1
2018-19,2018-09-23,West Ham,Chelsea,D,1408.5928941464426,1593.3190703722832,-184.72617622584062,0.5220316989141811,0.22335479659208904,0.2546135044937299,A,0.1
2018-19,2018-09-29,Newcastle United,Leicester City,A,1403.9537891104694,1445.0089428495419,-41.055153739072466,0.3502748100914369,0.2590903073342303,0.39063488257433276,H,0.1
2018-19,2018-09-29,Wolverhampton Wanderers,Southampton,H,1435.1610325307834,1401.1156279061304,34.045404624652974,0.28013767545349283,0.2384856613343827,0.4813766632121245,H,0.1
2018-19,2018-09-29,West Ham,Manchester United,H,1412.036142018792,1584.1954717584624,-172.1593297396705,0.5051783587198261,0.22994332127150122,0.2648783200086727,A,0.1
2018-19,2018-09-29,Manchester City,Brighton and Hove Albion,H,1703.1779850267303,1399.500166652209,303.6778183745214,0.09875736719115429,0.1,0.8012426328088458,H,0.1
2018-19,2018-09-29,Arsenal,Watford,H,1552.9526325614827,1415.0255021167752,137.92713044470747,0.19944207814078027,0.17734762985263203,0.6232102920065877,H,0.1
2018-19,2018-09-29,Huddersfield Town,Tottenham,A,1359.09180843629,1632.0538858028085,-272.96207736651854,0.6440208994227736,0.16696475469749342,0.18901434587973298,A,0.1
2018-19,2018-09-29,Chelsea,Liverpool,D,1589.875822499934,1629.2947918997745,-39.418969399840535,0.3486128068161719,0.2589267282320122,0.39246046495181586,H,0.1
2018-19,2018-09-29,Everton,Fulham,H,1436.6951245359137,1410.51288295458,26.182241581333756,0.2869422506497954,0.24180911532885116,0.4712486340213534,H,0.1
2018-19,2018-09-30,Cardiff City,Burnley,A,1392.9215927867856,1411.331938556647,-18.41034576986135,0.3278376755257393,0.2556450696793693,0.41651725479489143,H,0.1
2018-19,2018-10-01,Bournemouth,Crystal Palace,H,1422.8730608950855,1424.7719274832684,-1.8988665881829547,0.3122131017389784,0.25156852142856373,0.4362183768324579,H,0.1
2018-19,2018-10-05,Brighton and Hove Albion,West Ham,H,1397.381582685035,1425.4044154230578,-28.02283273802277,0.3372150241593239,0.2574166288920759,0.40536834694860024,H,0.1
2018-19,2018-10-06,Burnley,Huddersfield Town,D,1419.0248225532432,1354.656630341897,64.36819221134624,0.2549024237212272,0.2235493827662924,0.5215481935124804,H,0.1
2018-19,2018-10-06,Crystal Palace,Wolverhampton Wanderers,A,1418.9938967418864,1443.1207667953158,-24.126870053429457,0.3333887263177689,0.2567529733171578,0.40985830036507326,H,0.1
2018-19,2018-10-06,Leicester City,Everton,A,1456.3812957958453,1447.0647569280225,9.316538867822828,0.30193132184622384,0.2480821462808056,0.44998653187297055,H,0.1
2018-19,2018-10-06,Manchester United,Newcastle United,H,1570.8271983541965,1392.581436164166,178.24576219003052,0.1721565062094392,0.1493622507627268,0.678481243027834,H,0.1
2018-19,2018-10-06,Tottenham,Cardiff City,H,1636.4890638972015,1385.2287087901893,251.26035510701217,0.128436770175777,0.10094325220241483,0.7706199776218081,H,0.1
2018-19,2018-10-06,Watford,Bournemouth,A,1410.012861188798,1428.6510916364675,-18.638230447669457,0.3280575400674203,0.25569226691057795,0.41625019302200184,H,0.1
2018-19,2018-10-07,Southampton,Chelsea,A,1393.155893641598,1589.2841447292456,-196.12825108764764,0.5375245796136585,0.21696060720324314,0.24551481318309834,A,0.1
2018-19,2018-10-07,Fulham,Arsenal,A,1400.1432505624712,1557.9652734894598,-157.82202292698867,0.4862867655866103,0.23680402928399003,0.27690920512939965,A,0.1
2018-19,2018-10-07,Liverpool,Manchester City,D,1629.886469670463,1705.2965689939042,-75.41009932344127,0.38671463966744435,0.2593977444814104,0.3538876158511452,A,0.1
2018-19,2018-10-20,Bournemouth,Southampton,D,1446.5012604805534,1385.174253137041,61.32700734351238,0.25736502750941154,0.2251865704917058,0.5174484019988826,H,0.1
2018-19,2018-10-20,Cardiff City,Fulham,H,1383.451285088943,1389.2459931892677,-5.794708100324669,0.3158462251292498,0.25264570660526176,0.43150806826548843,H,0.1
2018-19,2018-10-20,Chelsea,Manchester United,D,1597.2657852338025,1573.4225738183084,23.843211415494125,0.2889884189282892,0.24275006434101912,0.4682615167306917,H,0.1
2018-19,2018-10-20,Huddersfield Town,Liverpool,A,1358.0907929772652,1630.3297173593767,-272.23892438211146,0.6430240914255357,0.16746686775919137,0.18950904081527292,A,0.1
2018-19,2018-10-20,Manchester City,Burnley,H,1704.8533213049905,1415.590659917875,289.2626613871155,0.10629276092454297,0.1,0.793707239075457,H,0.1
2018-19,2018-10-20,Newcastle United,Brighton and Hove Albion,A,1389.9860607000542,1403.597714230945,-13.611653530890862,0.32323496538341845,0.2545932543550185,0.4221717802615631,H,0.1
2018-19,2018-10-20,West Ham,Tottenham,A,1419.1882838771478,1638.2664875984478,-219.07820372130004,0.5691436767857095,0.20307064967567037,0.22778567353862006,A,0.1
2018-19,2018-10-20,Wolverhampton Wanderers,Watford,A,1450.6824614242673,1392.1626923447122,58.51976907955509,0.2596512402999342,0.2266721102301128,0.513676649469953,H,0.1
2018-19,2018-10-21,Everton,Crystal Palace,H,1455.326074410346,1411.4322021129349,43.893872297411235,0.27177120658839826,0.233988529030819,0.4942402643807827,H,0.1
2018-19,2018-10-22,Arsenal,Leicester City,H,1568.8625308626633,1448.1199783135216,120.74255254914169,0.2117284688861623,0.18898345283660825,0.5992880782772295,H,0.1
2018-19,2018-10-27,Watford,Huddersfield Town,H,1406.3794114850105,1355.282670117243,51.096741367767436,0.2657580381109183,0.23047664676088672,0.5037653151281949,H,0.1
2018-19,2018-10-27,Liverpool,Cardiff City,H,1633.1378402193989,1392.7127821985957,240.42505802080314,0.13444051094326032,0.10769283367740498,0.7578666553793346,H,0.1
2018-19,2018-10-27,Southampton,Newcastle United,D,1388.53097573095,1382.182863430327,6.348112300623143,0.30462747933670736,0.2490597049363861,0.44631281572690656,H,0.1
2018-19,2018-10-27,Fulham,Bournemouth,A,1379.984496079615,1443.1445378866442,-63.1600418070293,0.37337797188586186,0.2599746465028573,0.3666473816112809,A,0.1
2018-19,2018-10-27,Brighton and Hove Albion,Wolverhampton Wanderers,H,1411.4009115006722,1436.4657422839691,-25.064830783296884,0.3343066962194245,0.25691955421181123,0.4087737495687643,H,0.1
2018-19,2018-10-27,Leicester City,West Ham,D,1442.6822224503971,1415.584698523404,27.097523926993063,0.28614434752434503,0.24143488466626792,0.472420767809387,H,0.1
2018-19,2018-10-28,Burnley,Chelsea,A,1411.8502186621606,1594.8983621498191,-183.04814348765854,0.5197669344454874,0.224263524837927,0.2559695407165856,A,0.1
2018-19,2018-10-28,Crystal Palace,Arsenal,D,1403.7892174905314,1574.3002867257878,-170.5110692352564,0.5029873264776641,0.23076895553459886,0.26624371798773705,A,0.1
2018-19,2018-10-28,Manchester United,Everton,H,1575.7899969022917,1462.9690590327496,112.82093786954215,0.2175254826672204,0.19422377261611035,0.5882507447166693,H,0.1
2018-19,2018-10-29,Tottenham,Manchester City,A,1641.8700729521915,1708.5937625607048,-66.72368960851327,0.3772179605608258,0.25988523939191743,0.3628968000472568,A,0.1
2018-19,2018-11-03,West Ham,Burnley,H,1418.0403403202602,1402.0447543258392,15.995585994420935,0.2959293764599556,0.2457419331029727,0.45832869043707175,H,0.1
2018-19,2018-11-03,Newcastle United,Watford,H,1384.0696357519294,1415.7373153380047,-31.667679586075337,0.3408268234621871,0.25796981057613244,0.40120336596168044,H,0.1
2018-19,2018-11-03,Cardiff City,Leicester City,A,1388.9469719676972,1440.226580653541,-51.27960868584387,0.36080929146602936,0.25980698809873354,0.37938372043523716,H,0.1
2018-19,2018-11-03,Arsenal,Liverpool,D,1571.222620916623,1636.9036504502974,-65.68102953367429,0.3760910846229922,0.259918066964068,0.36399084841293994,A,0.1
2018-19,2018-11-03,Everton,Brighton and Hove Albion,H,1459.4092080559726,1417.5674963402146,41.84171171575804,0.27350057966312064,0.23495527192092394,0.49154414841595545,H,0.1
2018-19,2018-11-03,Bournemouth,Manchester United,A,1456.498030033858,1579.3498478790686,-122.85181784521069,0.4420130239612078,0.2501608183544002,0.30782615768439203,A,0.1
2018-19,2018-11-03,Wolverhampton Wanderers,Tottenham,A,1430.2991574444268,1635.2728125430426,-204.97365509861584,0.5496529472822634,0.21175585172106112,0.2385912009966754,A,0.1
2018-19,2018-11-04,Chelsea,Crystal Palace,H,1604.7038264861405,1406.8668832996962,197.8369431864444,0.15968807463517426,0.13583813082501744,0.7044737945398083,H,0.1
2018-19,2018-11-04,Manchester City,Southampton,H,1715.1910229698537,1386.6442034093477,328.54681956050604,0.08685610625985249,0.1,0.8131438937401475,H,0.1
2018-19,2018-11-05,Huddersfield Town,Fulham,H,1345.9247662642488,1366.6310039324012,-20.706237668152426,0.3300581477586353,0.2561090955969251,0.41383275664443964,H,0.1
2018-19,2018-11-10,Cardiff City,Brighton and Hove Albion,H,1382.0034084869028,1409.8591076060095,-27.855699119106703,0.3370501537558224,0.25738968990942057,0.405560156334757,H,0.1
2018-19,2018-11-10,Huddersfield Town,West Ham,D,1352.0182861762503,1426.5988146700922,-74.58052849384194,0.3857992806443695,0.2594607760374077,0.35473994331822273,A,0.1
2018-19,2018-11-10,Crystal Palace,Tottenham,A,1403.1416380694202,1639.1113119880476,-235.96967391862745,0.5926370801932305,0.19215183521962317,0.2152110845871463,A,0.1
2018-19,2018-11-10,Southampton,Watford,D,1383.635223888652,1409.460189922626,-25.82496603397385,0.33505212438099746,0.2570513925291111,0.4078964830898914,H,0.1
2018-19,2018-11-10,Newcastle United,Bournemouth,H,1390.3467611673082,1451.1079647753681,-60.761203608059986,0.3708113763554855,0.2599985287928093,0.3691900948517052,A,0.1
2018-19,2018-11-10,Leicester City,Burnley,D,1447.1701441343355,1393.4862799760072,53.68386415832833,0.2636194148390185,0.22917146726775195,0.5072091178932295,H,0.1
2018-19,2018-11-11,Liverpool,Fulham,H,1636.7401518473737,1360.5374840203997,276.202667826974,0.11354481578076848,0.1,0.7864551842192316,H,0.1
2018-19,2018-11-11,Manchester City,Manchester United,H,1718.2000024905497,1584.7399131375585,133.4600893529912,0.202598024015116,0.18040160003945982,0.6170003759454241,H,0.1
2018-19,2018-11-11,Chelsea,Everton,D,1608.4290717164165,1467.1175967901777,141.31147492623882,0.19706868146728002,0.17502291103202766,0.6279084075006923,H,0.1
2018-19,2018-11-11,Arsenal,Wolverhampton Wanderers,D,1571.3861195195468,1426.4606579994218,144.92546152012505,0.1945510020851083,0.17253146596336352,0.6329175319515281,H,0.1
2018-19,2018-11-24,Brighton and Hove Albion,Leicester City,D,1403.64577453462,1444.010041819612,-40.36426728499214,0.34957222841987723,0.259022874703086,0.3914048968770367,H,0.1
2018-19,2018-11-24,Everton,Cardiff City,H,1472.3400415319145,1388.2167415582924,84.12329997362212,0.23925179967322427,0.21226483173794336,0.5484833685888323,H,0.1
2018-19,2018-11-24,Fulham,Southampton,H,1358.0746466066223,1382.6547474737777,-24.580100867155352,0.3338320435204944,0.2568340041948704,0.40933395228463515,H,0.1
2018-19,2018-11-24,Manchester United,Crystal Palace,D,1579.6191951912708,1399.806290068668,179.81290512260284,0.17113986238520904,0.1482734636843902,0.6805866739304007,H,0.1
2018-19,2018-11-24,Tottenham,Chelsea,H,1642.4466599887999,1603.2066269746797,39.24003301412017,0.2757035301961382,0.2361587034822682,0.4881377663215936,H,0.1
2018-19,2018-11-24,Watford,Liverpool,A,1410.4406663375003,1639.202989261151,-228.7623229236508,0.5826002539386758,0.19687117557958358,0.2205285704817407,A,0.1
2018-19,2018-11-24,West Ham,Manchester City,A,1426.1793995152818,1723.3207204368373,-297.14132092155546,0.6769949751431421,0.15013004483394204,0.1728749800229159,A,0.1
2018-19,2018-11-25,Bournemouth,Arsenal,A,1444.3480081039306,1566.088437349955,-121.7404292460244,0.4406524461102699,0.2504993271509438,0.30884822673878626,A,0.1
2018-19,2018-11-25,Wolverhampton Wanderers,Huddersfield Town,A,1431.7583401690135,1352.4377013310607,79.32063883795286,0.24300266172059512,0.21510547775792777,0.5418918605214771,H,0.1
2018-19,2018-11-26,Burnley,Newcastle United,A,1396.6463822907306,1397.1067178387457,-0.46033554801510945,0.3108797201143889,0.25115311355542635,0.43796716633018473,H,0.1
2018-19,2018-11-30,Cardiff City,Wolverhampton Wanderers,H,1384.1613427246793,1417.116588536477,-32.95524581179757,0.3421102114603761,0.25814949884446886,0.39974028969515507,H,0.1
2018-19,2018-12-01,Crystal Palace,Burnley,H,1405.7876325515376,1388.540260623406,17.247371928131543,0.29481426568851876,0.24528201216067375,0.45990372215080744,H,0.1
2018-19,2018-12-01,Huddersfield Town,Brighton and Hove Albion,A,1367.0794529635973,1403.081213672631,-36.00176070903376,0.34516255740863766,0.2585418189546953,0.39629562363666704,H,0.1
2018-19,2018-12-01,Leicester City,Watford,H,1444.574602681601,1403.5445788066438,41.030023874957124,0.27418660506034037,0.2353334053401093,0.49047998959955036,H,0.1
2018-19,2018-12-01,Manchester City,Bournemouth,H,1729.089227776967,1438.9350139422384,290.1542138347286,0.10581261550230057,0.1,0.7941873844976994,H,0.1
2018-19,2018-12-01,Newcastle United,West Ham,A,1405.2128395060702,1420.4108921751522,-15.198052669082017,0.3247508750010603,0.25495318168438313,0.4202959433145566,H,0.1
2018-19,2018-12-01,Southampton,Manchester United,D,1376.4962852687768,1573.6378527084012,-197.1415674396244,0.538909536277964,0.21637469765453074,0.24471576606750522,A,0.1
2018-19,2018-12-02,Arsenal,Tottenham,H,1571.5014315116473,1650.2384218672291,-78.73699035558184,0.39040346277666665,0.25911012544487205,0.3504864117784614,A,0.1
2018-19,2018-12-02,Chelsea,Fulham,H,1595.4148650962504,1364.2331088116232,231.18175628462723,0.13969870748746047,0.11360021386462184,0.7467010786479177,H,0.1
2018-19,2018-12-02,Liverpool,Everton,H,1646.0990767920075,1476.3954403655275,169.70363642648,0.17775624924345365,0.1553080449616119,0.6669357057949344,H,0.1
2018-19,2018-12-04,West Ham,Cardiff City,H,1435.9443165020523,1390.4599968633686,45.4843196386837,0.27043589680237307,0.23322883383785437,0.4963352693597726,H,0.1
2018-19,2018-12-04,Watford,Manchester City,A,1395.8102332733174,1731.3714914919378,-335.5612582186204,0.7272755391466086,0.1238583524367839,0.14886610841660752,A,0.1
2018-19,2018-12-04,Bournemouth,Huddersfield Town,H,1436.6527502272675,1359.7892669243683,76.86348330289911,0.24493489522864,0.2165357632904222,0.5385293414809378,H,0.1
2018-19,2018-12-04,Brighton and Hove Albion,Crystal Palace,H,1410.37139971186,1414.3038506261162,-3.932450914256151,0.3141055126467447,0.2521395501424267,0.4337549372108286,H,0.1
2018-19,2018-12-05,Fulham,Leicester City,D,1361.0995168367267,1452.3089482149273,-91.20943137820063,0.40448819091904054,0.25753860543887597,0.3379732036420835,A,0.1
2018-19,2018-12-05,Everton,Newcastle United,D,1473.6870539773386,1389.67941517917,84.0076387981685,0.23934173262817018,0.21233392349804667,0.5483243438737831,H,0.1
2018-19,2018-12-05,Burnley,Liverpool,A,1380.0240425488275,1648.8074631801965,-268.7834206313689,0.638254412222052,0.16986312931154027,0.19188245846640778,A,0.1
2018-19,2018-12-05,Manchester United,Arsenal,D,1569.8835868707629,1582.6794012216262,-12.795814350863338,0.32245755315398433,0.25440348294636106,0.4231389638996546,H,0.1
2018-19,2018-12-05,Wolverhampton Wanderers,Chelsea,H,1410.8179343977877,1598.548457071147,-187.73052267335925,0.526096791072047,0.22170653992486483,0.25219666900308824,A,0.1
2018-19,2018-12-05,Tottenham,Southampton,H,1639.0604521572502,1380.250551106415,258.80990105083515,0.12385612340645212,0.1,0.7761438765935479,H,0.1
2018-19,2018-12-08,Burnley,Brighton and Hove Albion,H,1375.4981972235478,1419.5833978506164,-44.085200627068616,0.3533698984053771,0.259357698795559,0.3872724027990639,H,0.1
2018-19,2018-12-08,West Ham,Crystal Palace,H,1443.5368316509682,1405.0918524873598,38.44497916360842,0.27637909584674286,0.2365214536506531,0.487099450502604,H,0.1
2018-19,2018-12-08,Manchester United,Fulham,H,1568.5332397534837,1361.9953881610031,206.5378515924806,0.1543204218410717,0.12991857867755202,0.7157609994813762,H,0.1
2018-19,2018-12-08,Leicester City,Tottenham,A,1451.413076890651,1641.7659497334423,-190.35287284279138,0.5296553726867785,0.22024606229306545,0.25009856502015604,A,0.1
2018-19,2018-12-08,Bournemouth,Liverpool,A,1440.8404219677102,1653.3333085054762,-212.49288653776603,0.560023970947146,0.2071806259007543,0.23279540315209976,A,0.1
2018-19,2018-12-08,Cardiff City,Southampton,H,1382.8674817144527,1377.545053530223,5.322428184229693,0.30556325206298846,0.24938839924303322,0.4450483486939783,H,0.1
2018-19,2018-12-08,Arsenal,Huddersfield Town,H,1584.0297483389054,1355.6015951839256,228.42815315497978,0.1412892143108052,0.11538466727346275,0.743326118415732,H,0.1
2018-19,2018-12-08,Chelsea,Manchester City,H,1589.914396359672,1733.4152309998306,-143.50083464015847,0.4678252849661821,0.24288592554629515,0.28928878948752274,A,0.1
2018-19,2018-12-09,Newcastle United,Wolverhampton Wanderers,A,1393.602176619117,1419.4519951092625,-25.84981849014548,0.3350765186135197,0.25705565512274203,0.4078678262637382,H,0.1
2018-19,2018-12-10,Everton,Watford,D,1469.7642925373916,1393.7664937654247,75.99779877196693,0.24561779276998877,0.21703583496195022,0.537346372268061,H,0.1
2018-19,2018-12-15,Wolverhampton Wanderers,Bournemouth,H,1426.9742049791528,1432.221340048797,-5.247135069644173,0.31533361965354667,0.2524985474620498,0.4321678328844035,H,0.1
2018-19,2018-12-15,Manchester City,Everton,H,1720.669804063488,1466.0383419444433,254.63146211904473,0.12644772308049004,0.1,0.77355227691951,H,0.1
2018-19,2018-12-15,Tottenham,Burnley,H,1648.252125816923,1381.9824484778367,266.26967733908623,0.11934040529561882,0.1,0.7806595947043812,H,0.1
2018-19,2018-12-15,Watford,Cardiff City,H,1397.492444358373,1388.4972678163836,8.995176541989395,0.30222234793110025,0.24818985323448936,0.44958779883441036,H,0.1
2018-19,2018-12-15,Fulham,West Ham,A,1357.4998784234535,1448.4690247067751,-90.9691462833216,0.40421303430978833,0.257576184132761,0.33821078155745055,A,0.1
2018-19,2018-12-15,Huddersfield Town,Newcastle United,A,1353.5957037396927,1386.0799667492267,-32.48426300953406,0.3416403008984357,0.25808472492770307,0.4002749741738612,H,0.1
2018-19,2018-12-15,Crystal Palace,Leicester City,H,1400.1596594315529,1444.9269008071703,-44.76724137561746,0.3540696791204747,0.2594115107248919,0.3865188101546334,H,0.1
2018-19,2018-12-16,Brighton and Hove Albion,Chelsea,A,1413.0991465963275,1602.6598232960146,-189.56067669968706,0.5285793557726078,0.22068937129008173,0.2507312729373105,A,0.1
2018-19,2018-12-16,Liverpool,Manchester United,H,1661.9523904243895,1573.0287494910333,88.92364093335618,0.23553641777107784,0.20936877070186943,0.5550948115270528,H,0.1
2018-19,2018-12-16,Southampton,Arsenal,H,1371.915267428292,1586.0356397831383,-214.12037235484627,0.5622749335760721,0.2061734633470589,0.23155160307686912,A,0.1
2018-19,2018-12-21,Wolverhampton Wanderers,Liverpool,A,1436.2211462131977,1668.243828485429,-232.02268227223135,0.5871390492594372,0.19474659053811283,0.21811436020245,A,0.1
2018-19,2018-12-22,Bournemouth,Brighton and Hove Albion,H,1422.974398814752,1408.9927775189906,13.981621295761443,0.297729876629747,0.24646786704937615,0.45580225632087684,H,0.1
2018-19,2018-12-22,Chelsea,Leicester City,A,1606.7661923733515,1438.431310855243,168.33488151810843,0.17866264533863024,0.15626183294280402,0.6650755217185657,H,0.1
2018-19,2018-12-22,Arsenal,Burnley,H,1577.0873028824617,1380.3426798500384,196.7446230324233,0.1603693786333443,0.13658581537763215,0.7030448059890235,H,0.1
2018-19,2018-12-22,Cardiff City,Manchester United,A,1382.947155622414,1566.7373114299937,-183.79015580757982,0.5207678778622776,0.22386275594235355,0.25536936619536876,A,0.1
2018-19,2018-12-22,Manchester City,Crystal Palace,A,1723.4366140633429,1406.6552493834802,316.7813646798627,0.09231811548053562,0.1,0.8076818845194644,H,0.1
2018-19,2018-12-22,Newcastle United,Fulham,D,1393.4504142448432,1347.88788551413,45.56252873071321,0.27037034532240184,0.23319124287950282,0.4964384117980953,H,0.1
2018-19,2018-12-22,West Ham,Watford,A,1458.0810176160987,1403.0425565523426,55.03846106375613,0.26250404158571466,0.22847912255590144,0.5090168358583839,H,0.1
2018-19,2018-12-22,Huddersfield Town,Southampton,A,1346.2252562440763,1380.8636043289687,-34.638348084892414,0.34379379523605125,0.2583719595313602,0.3978342452325885,H,0.1
2018-19,2018-12-23,Everton,Tottenham,A,1463.2715319445886,1649.8918944447212,-186.62036250013261,0.5245931603174588,0.22231874421656034,0.2530880954659808,A,0.1
2018-19,2018-12-26,Manchester United,Huddersfield Town,H,1576.5116900185792,1334.621304769536,241.89038524904322,0.1336184393706097,0.10676861400040874,0.7596129466289816,H,0.1
2018-19,2018-12-26,Tottenham,Bournemouth,H,1659.5482588957802,1431.6010802031174,227.94717869266287,0.14156815728682715,0.11569746497397737,0.7427343777391955,H,0.1
2018-19,2018-12-26,Leicester City,Manchester City,H,1448.5820646639263,1712.5615836368565,-263.97951897293024,0.6316072702963317,0.1731844100834125,0.1952083196202558,A,0.1
2018-19,2018-12-26,Liverpool,Newcastle United,H,1673.6275327483943,1390.5022467340204,283.12528601437384,0.10964946933619552,0.1,0.7903505306638045,H,0.1
2018-19,2018-12-26,Burnley,Everton,A,1376.5965947881598,1453.6151674935295,-77.0185727053697,0.38849452115954847,0.2592656457413091,0.35223983309914236,A,0.1
2018-19,2018-12-26,Brighton and Hove Albion,Arsenal,D,1400.3660961306252,1580.8333879443403,-180.46729181371506,0.516291989959941,0.22564416862862968,0.2580638414114293,A,0.1
2018-19,2018-12-26,Crystal Palace,Cardiff City,D,1417.5302798099665,1373.1727770338284,44.35750277613806,0.2713815043300301,0.2337680081404033,0.49485048752956656,H,0.1
2018-19,2018-12-26,Fulham,Wolverhampton Wanderers,D,1350.8360530249527,1430.8374419502325,-80.0013889252798,0.3918129326413732,0.25898621554461737,0.3492008518140094,A,0.1
2018-19,2018-12-26,Watford,Chelsea,A,1417.1851038541017,1596.6154385646682,-179.4303347105665,0.5148987061162008,0.22619299949638108,0.2589082943874182,A,0.1
2018-19,2018-12-27,Southampton,West Ham,A,1392.467555803509,1443.9384703143396,-51.47091451083065,0.3610088658028642,0.25981536073048256,0.3791757734666533,H,0.1
2018-19,2018-12-29,Brighton and Hove Albion,Everton,H,1403.7008440344564,1468.4040824161027,-64.70323838164632,0.3750368467813106,0.2599438408576539,0.3650193123610355,A,0.1
2018-19,2018-12-29,Fulham,Huddersfield Town,H,1351.4111041470944,1331.660066287907,19.751037859187363,0.29259306925157846,0.24434227996922261,0.4630646507791989,H,0.1
2018-19,2018-12-29,Leicester City,Cardiff City,A,1458.0374559914985,1376.089243398763,81.94821259273544,0.24094632969054164,0.21355857936732148,0.5454950909421369,H,0.1
2018-19,2018-12-29,Liverpool,Arsenal,H,1677.102032590707,1577.4986400405091,99.6033925501979,0.2273887669208124,0.20273901128683305,0.5698722217923545,H,0.1
2018-19,2018-12-29,Tottenham,Wolverhampton Wanderers,A,1664.7465172446798,1430.2623908280907,234.4841264165891,0.1378057659091177,0.11147471958418664,0.7507195145066957,H,0.1
2018-19,2018-12-29,Watford,Newcastle United,D,1412.8964751021672,1387.0277468917077,25.868728210459494,0.2872159163059941,0.24193652438358954,0.47084755931041633,H,0.1
2018-19,2018-12-30,Burnley,West Ham,H,1361.8076798655866,1450.8777167310434,-89.07003686545681,0.4020435786407072,0.2578631513746741,0.3400932699846187,A,0.1
2018-19,2018-12-30,Crystal Palace,Chelsea,A,1414.6138134450318,1600.9040673166028,-186.29025387157094,0.5241463900028901,0.2225000773286708,0.2533535326684391,A,0.1
2018-19,2018-12-30,Manchester United,Bournemouth,H,1579.4729285002081,1426.4028218542178,153.07010664599034,0.18894050470828014,0.16688972881002084,0.644169766481699,H,0.1
2018-19,2018-12-30,Southampton,Manchester City,A,1385.5283093868052,1703.1061923092843,-317.57788292247915,0.7041351222011626,0.13601537118721668,0.15984950661162062,A,0.1
2018-19,2019-01-01,Everton,Leicester City,A,1461.5794997679807,1448.7670912669207,12.812408501059963,0.2987788244385082,0.24688132020904657,0.4543398553524453,H,0.1
2018-19,2019-01-01,Cardiff City,Tottenham,A,1385.3596081233409,1647.9701432901238,-262.61053516678294,0.6297099489085712,0.17412835093248397,0.1961617001589447,A,0.1
2018-19,2019-01-01,Arsenal,Fulham,H,1568.7156486705915,1356.7311182166964,211.9845304538951,0.15101433653162322,0.12624996748895762,0.7227356959794191,H,0.1
2018-19,2019-01-02,Bournemouth,Watford,D,1420.523924886258,1410.4740969120676,10.04982797419052,0.30126803224190035,0.2478346822575565,0.4508972855005431,H,0.1
2018-19,2019-01-02,Chelsea,Southampton,D,1605.0687458066973,1381.9759287139464,223.09281709275092,0.1444021666292942,0.11887224848172831,0.7367255848889775,H,0.1
2018-19,2019-01-02,Huddersfield Town,Burnley,A,1326.3400522183051,1373.247710375956,-46.907658157650985,0.35627320199894,0.2595651448403656,0.38416165316069445,H,0.1
2018-19,2019-01-02,Newcastle United,Manchester United,A,1389.4501250818073,1585.3518254681678,-195.90170038636052,0.5372151080128241,0.2170912224155607,0.24569366957161523,A,0.1
2018-19,2019-01-02,West Ham,Brighton and Hove Albion,D,1439.4376862206739,1410.5254266825784,28.91225953809544,0.28456692779084664,0.24068296217736304,0.4747501100317903,H,0.1
2018-19,2019-01-02,Wolverhampton Wanderers,Crystal Palace,A,1447.0387647826467,1410.4491349549373,36.58962982770936,0.2779599381833657,0.2373587429343873,0.484681318882247,H,0.1
2018-19,2019-01-03,Manchester City,Liverpool,H,1706.6585729821431,1685.8850239606247,20.77354902151842,0.2916893876041428,0.24395093454290143,0.4643596778529558,H,0.1
2018-19,2019-01-12,Brighton and Hove Albion,Liverpool,A,1413.0300877499278,1680.586626800607,-267.55653905067925,0.6365584775454405,0.17071257095377912,0.1927289515007804,A,0.1
2018-19,2019-01-12,Leicester City,Southampton,A,1457.0818749515079,1388.6982617381764,68.3836132133315,0.2516731487959302,0.22134468804080631,0.5269821631632634,H,0.1
2018-19,2019-01-12,Crystal Palace,Watford,A,1424.1847087736514,1412.4634102947657,11.721298478885728,0.29976014586884747,0.24726182525790363,0.4529780288732489,H,0.1
2018-19,2019-01-12,Chelsea,Newcastle United,H,1598.3464127824673,1383.1185620032243,215.227850779243,0.14906558960301575,0.12408067085695415,0.7268537395400301,H,0.1
2018-19,2019-01-12,Cardiff City,Huddersfield Town,D,1379.4764020700889,1319.2976622502597,60.17873981982916,0.2582986530585827,0.225797233031194,0.5159041139102233,H,0.1
2018-19,2019-01-12,Burnley,Fulham,H,1380.2901003440015,1352.3602814345836,27.929818909417918,0.285420138008935,0.24109166326257253,0.4734881987284924,H,0.1
2018-19,2019-01-12,West Ham,Arsenal,H,1436.9330251533245,1573.0864854527042,-136.15346029937973,0.4585271336304065,0.24568429508163253,0.295788571287961,A,0.1
2018-19,2019-01-13,Everton,Bournemouth,H,1453.2647160833935,1418.53461150356,34.73010457983355,0.27955046717207777,0.23818482229013546,0.48226471053778674,H,0.1
2018-19,2019-01-13,Tottenham,Manchester United,A,1653.8533493433758,1591.6833885467508,62.16996079662499,0.25668097954047825,0.22473564530659765,0.5185833751529241,H,0.1
2018-19,2019-01-14,Manchester City,Wolverhampton Wanderers,H,1711.9569701421608,1433.3031909639326,278.6537791782282,0.11215221841604767,0.1,0.7878477815839523,H,0.1
2018-19,2019-01-19,Wolverhampton Wanderers,Leicester City,H,1430.236587485479,1447.9824844884802,-17.74589700300112,0.32719728082818833,0.25550602589980037,0.41729669327201135,H,0.1
2018-19,2019-01-19,Watford,Burnley,D,1420.7615536527564,1385.4384960508926,35.323057601863866,0.2790426203761151,0.23792284082759876,0.48303453879628616,H,0.1
2018-19,2019-01-19,Southampton,Everton,H,1397.797652201204,1461.2021962112428,-63.40454401003876,0.3736403965226548,0.25997057159546993,0.36638903188187527,A,0.1
2018-19,2019-01-19,Newcastle United,Cardiff City,H,1380.9695773127287,1376.149037820795,4.820539491933687,0.3060219301045184,0.24954752589510593,0.44443054400037574,H,0.1
2018-19,2019-01-19,Liverpool,Crystal Palace,H,1683.4590796048246,1415.8865654156607,267.57251418916394,0.11856620132661586,0.1,0.7814337986733841,H,0.1
2018-19,2019-01-19,Bournemouth,West Ham,H,1410.5971313757107,1444.8687876231572,-34.27165624744657,0.3434264231480669,0.2583246941894396,0.39824888266249353,H,0.1
2018-19,2019-01-19,Arsenal,Chelsea,H,1565.1507229828715,1600.4953974729628,-35.34467449009139,0.34450233750438614,0.2584611140226825,0.3970365484729314,H,0.1
2018-19,2019-01-19,Manchester United,Brighton and Hove Albion,H,1600.7016262866337,1410.1576349457102,190.5439913409234,0.16426808347743405,0.14084654591664544,0.6948853706059205,H,0.1
2018-19,2019-01-20,Fulham,Tottenham,A,1347.2118857276926,1644.835111603493,-297.6232258758005,0.6776437319909594,0.14979498509220898,0.17256128291683162,A,0.1
2018-19,2019-01-20,Huddersfield Town,Manchester City,A,1322.6250264995535,1715.0235736206143,-392.3985471210608,0.784264593598493,0.1,0.11573540640150709,A,0.1
2018-19,2019-01-29,Newcastle United,Manchester City,H,1392.251009661277,1718.0493030916216,-325.79829343034453,0.7148084207857874,0.13041903331664056,0.154772545897572,A,0.1
2018-19,2019-01-29,Manchester United,Burnley,D,1603.14091859992,1388.115284299496,215.02563430042414,0.1491866548476736,0.12421557320247024,0.7265977719498562,H,0.1
2018-19,2019-01-29,Wolverhampton Wanderers,West Ham,H,1436.2804538338385,1434.8507873270473,1.4296665067911363,0.309134473691448,0.2505929802165988,0.4402725460919532,H,0.1
2018-19,2019-01-29,Fulham,Brighton and Hove Albion,H,1344.7334885161436,1407.7183426324239,-62.9848541162803,0.37319003644908527,0.2599773795771808,0.3668325839737339,A,0.1
2018-19,2019-01-29,Arsenal,Cardiff City,H,1575.1971324297895,1364.8676054722466,210.32952695754284,0.1520144842014035,0.12736140684854763,0.7206241089500489,H,0.1
2018-19,2019-01-29,Huddersfield Town,Everton,A,1319.5992970285463,1454.3988779489325,-134.79958092038623,0.45682721848799956,0.24617512693501908,0.2969976545769813,A,0.1
2018-19,2019-01-30,Liverpool,Leicester City,D,1685.0873503122657,1441.9386181401208,243.14873217214495,0.132915011853559,0.10597772780797754,0.7611072603384634,H,0.1
2018-19,2019-01-30,Bournemouth,Chelsea,H,1420.6151316718206,1590.4489880260448,-169.83385635422428,0.5020884936175108,0.23110548427760544,0.26680602210488374,A,0.1
2018-19,2019-01-30,Tottenham,Watford,H,1647.313508815042,1418.0847654041531,229.2287434108889,0.14082565195664903,0.1148647334380718,0.7443096146052791,H,0.1
2018-19,2019-01-30,Southampton,Crystal Palace,D,1404.6009704635144,1414.2582947082196,-9.65732424470525,0.319480570360757,0.25364401734612824,0.4268754122931147,H,0.1
2018-19,2019-02-02,Tottenham,Newcastle United,H,1649.3109861129205,1402.176663084182,247.13432302873844,0.13070246770494726,0.10349006841098372,0.7658074638840691,H,0.1
2018-19,2019-02-02,Everton,Wolverhampton Wanderers,A,1459.5453674039227,1447.710105647312,11.835261756610635,0.29965753903367887,0.247222324048111,0.45312013691821007,H,0.1
2018-19,2019-02-02,Crystal Palace,Fulham,H,1415.6972172120695,1355.5055922501406,60.19162496192894,0.25828816482825384,0.22579040363629047,0.5159214315354558,H,0.1
2018-19,2019-02-02,Chelsea,Huddersfield Town,H,1570.936056982434,1314.4528075735561,256.4832494088778,0.12529363289503107,0.1,0.774706367104969,H,0.1
2018-19,2019-02-02,Cardiff City,Bournemouth,H,1362.6633990131536,1440.1280627154315,-77.4646637022779,0.38898933615143355,0.2592267014436951,0.3517839624048713,A,0.1
2018-19,2019-02-02,Burnley,Southampton,D,1394.7083578851225,1403.1620479596645,-8.45369007454201,0.3183445971940004,0.25334042810383567,0.428314974702164,H,0.1
2018-19,2019-02-02,Brighton and Hove Albion,Watford,D,1396.9462388984268,1416.0872881062746,-19.1410492078478,0.328543078344404,0.25579551881228,0.415661402843316,H,0.1
2018-19,2019-02-03,Leicester City,Manchester United,A,1448.9652020186707,1596.5478450142934,-147.5826429956228,0.4730427587954574,0.2412351689135017,0.2857220722910409,A,0.1
2018-19,2019-02-03,Manchester City,Arsenal,H,1708.1236496687166,1577.4013388888825,130.72231077983406,0.20454535988155012,0.182264152702985,0.6131904874154649,H,0.1
2018-19,2019-02-04,West Ham,Liverpool,D,1423.4211355135737,1678.0607664337158,-254.63963092014205,0.618640978307699,0.17959691373095146,0.2017621079613495,A,0.1
2018-19,2019-02-06,Everton,Manchester City,A,1446.3903634437713,1713.3114492660116,-266.92108582224023,0.6356796074644984,0.17115222276584618,0.19316816976965548,A,0.1
2018-19,2019-02-09,Liverpool,Bournemouth,H,1672.979375623228,1428.9826063051014,243.99676931812655,0.13244226909379142,0.10544619397351686,0.7621115369326917,H,0.1
2018-19,2019-02-09,Watford,Everton,H,1417.2579115935166,1441.8236615789992,-24.565749985482626,0.33381799926483813,0.2568314538771966,0.40935054685796535,H,0.1
2018-19,2019-02-09,Brighton and Hove Albion,Burnley,A,1395.7756154111848,1393.235526334475,2.540089076709819,0.3081125748602299,0.2502563283039308,0.44163109683583934,H,0.1
2018-19,2019-02-09,Huddersfield Town,Arsenal,A,1309.9848908465676,1572.2135392915875,-262.22864844501987,0.6291804581634668,0.1743914470973549,0.1964280947391783,A,0.1
2018-19,2019-02-09,Fulham,Manchester United,A,1348.3705290522012,1601.4399283431871,-253.06939929098598,0.6164568530487119,0.18066784150771498,0.2028753054435731,A,0.1
2018-19,2019-02-09,Crystal Palace,West Ham,D,1422.832280410009,1428.5025263240616,-5.670245914052657,0.31572965444807843,0.2526123800258842,0.4316579655260374,H,0.1
2018-19,2019-02-09,Southampton,Cardiff City,A,1404.634879510312,1373.8088554234837,30.826024086828284,0.28290998890080704,0.23987582888526787,0.47721418221392514,H,0.1
2018-19,2019-02-10,Manchester City,Chelsea,H,1717.8781511307836,1575.4039737094224,142.47417742136122,0.19625679771106178,0.17422230429646213,0.6295208979924761,H,0.1
2018-19,2019-02-10,Tottenham,Leicester City,H,1651.1279613619054,1444.073118689777,207.05484267212842,0.15400481869366814,0.12956905277051997,0.7164261285358119,H,0.1
2018-19,2019-02-11,Wolverhampton Wanderers,Newcastle United,D,1460.8651096074634,1400.3596878351973,60.50542177226612,0.2580328227734012,0.22562392264530054,0.5163432545812983,H,0.1
2018-19,2019-02-22,Cardiff City,Watford,A,1382.3918973581626,1423.4161333071067,-41.024235948944124,0.35024334411541624,0.2590873409152816,0.39066931496930213,H,0.1
2018-19,2019-02-22,West Ham,Fulham,H,1430.0536399360583,1342.2135527237049,87.84008721235341,0.23637215495003092,0.21002726994962834,0.5536005751003407,H,0.1
2018-19,2019-02-23,Bournemouth,Wolverhampton Wanderers,D,1425.2874939296187,1457.529386315361,-32.2418923857424,0.34139868723265265,0.25805096250602905,0.40055035026131836,H,0.1
2018-19,2019-02-23,Burnley,Tottenham,H,1406.163192970531,1654.6810916271818,-248.5178986566507,0.6101211635904683,0.1837582624064458,0.20612057400308592,A,0.1
2018-19,2019-02-23,Leicester City,Crystal Palace,A,1440.5199884245005,1421.2811667980122,19.23882162648829,0.29304651275317767,0.24453667901725984,0.4624168082295625,H,0.1
2018-19,2019-02-23,Newcastle United,Huddersfield Town,H,1403.6954111272996,1307.037897344461,96.65751378283858,0.22962008575673284,0.20459200914974485,0.5657879050935223,H,0.1
2018-19,2019-02-24,Manchester United,Liverpool,D,1607.5969046716834,1676.6744879987107,-69.07758332702724,0.3797722353734917,0.2597908590143783,0.36043690561213004,A,0.1
2018-19,2019-02-24,Arsenal,Southampton,H,1575.160532793694,1396.051837575633,179.10869521806103,0.17159628916768635,0.14876261746638858,0.6796410933659252,H,0.1
2018-19,2019-02-26,Cardiff City,Everton,A,1365.73006975648,1435.665439865409,-69.93537010892919,0.38070658354721404,0.2597494858956597,0.35954393055712625,A,0.1
2018-19,2019-02-26,Huddersfield Town,Wolverhampton Wanderers,H,1300.9618546371516,1458.3266332964806,-157.36477865932898,0.4856907549760092,0.23701050886939015,0.27729873615460066,A,0.1
2018-19,2019-02-26,Leicester City,Brighton and Hove Albion,H,1423.6961797624908,1382.8479487751288,40.84823098736206,0.2743404102921197,0.23541776365192815,0.4902418260559522,H,0.1
2018-19,2019-02-26,Newcastle United,Burnley,H,1409.771453834609,1415.4736745706855,-5.70222073607647,0.3157595987341866,0.25262094863029877,0.4316194526355146,H,0.1
2018-19,2019-02-27,Crystal Palace,Manchester United,A,1438.104975460022,1607.8581190865125,-169.75314362649056,0.5019814217223116,0.23114548764306048,0.2668730906346278,A,0.1
2018-19,2019-02-27,Arsenal,Bournemouth,H,1579.2563451230155,1424.4902469484991,154.7660981745164,0.18778327510286055,0.16571132790618034,0.6465053969909591,H,0.1
2018-19,2019-02-27,Chelsea,Tottenham,H,1566.717126008785,1645.3706100270274,-78.65348401824235,0.390310521138533,0.2591180262519949,0.3505714526094721,A,0.1
2018-19,2019-02-27,Southampton,Fulham,H,1391.9560252463116,1335.8915354430476,56.064489803263996,0.2616612060522252,0.22795066653383192,0.5103881274139429,H,0.1
2018-19,2019-02-27,Liverpool,Watford,H,1676.4132735838816,1440.0779609087895,236.33531267509215,0.1367516123483308,0.11029041318026182,0.7529579744714074,H,0.1
2018-19,2019-02-27,Manchester City,West Ham,H,1726.564998831421,1436.3756572167156,290.1893416147054,0.1057937359913424,0.1,0.7942062640086576,H,0.1
2018-19,2019-03-02,Tottenham,Arsenal,D,1634.1947726846263,1586.0252699626385,48.16950272198778,0.26819122998007205,0.23192581454386393,0.499882955476064,H,0.1
2018-19,2019-03-02,Wolverhampton Wanderers,Cardiff City,H,1450.0910829296988,1352.6783456381995,97.4127372914993,0.22904689001135525,0.20411865289206108,0.5668344570965836,H,0.1
2018-19,2019-03-02,Manchester United,Southampton,H,1614.9384676536,1399.217752042517,215.72071561108282,0.14877075926204977,0.12375207100565931,0.7274771697322909,H,0.1
2018-19,2019-03-02,West Ham,Newcastle United,H,1434.9359863637117,1419.0304923242677,15.905494039443965,0.2960097496150286,0.2457747770397224,0.45821547334524904,H,0.1
2018-19,2019-03-02,Brighton and Hove Albion,Huddersfield Town,H,1377.9644478525347,1309.1974050039335,68.76704284860125,0.2513660971255184,0.2211316616595539,0.5275022412149277,H,0.1
2018-19,2019-03-02,Burnley,Crystal Palace,A,1406.2146360810268,1431.0246268929345,-24.80999081190771,0.3340570864517993,0.2568747208986432,0.4090681926495574,H,0.1
2018-19,2019-03-02,Bournemouth,Manchester City,A,1417.7213221088762,1728.004669684425,-310.28334757554876,0.6945406662155881,0.14102620883823624,0.16443312494617568,A,0.1
2018-19,2019-03-03,Everton,Liverpool,D,1448.7171639836895,1681.3869727119663,-232.66980872827685,0.588040262592923,0.1943228324947615,0.21763690491231563,A,0.1
2018-19,2019-03-03,Fulham,Chelsea,A,1328.629808646842,1577.8929633511862,-249.26315470434406,0.6111589684722741,0.183253722290604,0.2055873092371219,A,0.1
2018-19,2019-03-03,Watford,Leicester City,H,1435.1042617807047,1428.579680685085,6.524581095619851,0.30446669641440216,0.24900268096644465,0.4465306226191532,H,0.1
2018-19,2019-03-09,Huddersfield Town,Bournemouth,A,1304.8589920813538,1415.3955626825095,-110.53657060115574,0.42710706618981237,0.25359557208707617,0.3192973617231114,A,0.1
2018-19,2019-03-09,Manchester City,Watford,H,1730.3304291107916,1440.7079088674614,289.6225202433302,0.10609873229304603,0.1,0.793901267706954,H,0.1
2018-19,2019-03-09,Newcastle United,Everton,H,1410.468972664638,1453.3145805745996,-42.8456079099617,0.3521009846097906,0.25925389461233905,0.38864512077787033,H,0.1
2018-19,2019-03-09,Southampton,Tottenham,H,1397.0742594405224,1631.1782447256974,-234.10398528517499,0.5900378763895637,0.1933813363324372,0.216580787277999,A,0.1
2018-19,2019-03-09,Crystal Palace,Brighton and Hove Albion,A,1442.9848114101906,1382.3028607751144,60.68195063507619,0.25788924714954303,0.22553013077530457,0.5165806220751523,H,0.1
2018-19,2019-03-09,Leicester City,Fulham,H,1422.9760335983283,1325.4954273524604,97.48060624586788,0.22899541845137933,0.20407605657448638,0.5669285249741343,H,0.1
2018-19,2019-03-09,Cardiff City,West Ham,H,1346.623066370599,1443.4975060233414,-96.87443965274247,0.4110186068526808,0.256570395512872,0.3324109976344472,A,0.1
2018-19,2019-03-10,Arsenal,Manchester United,H,1589.0417979215674,1617.0819602555946,-28.040162334027173,0.3372321228262639,0.25741941424170933,0.40534846293202675,H,0.1
2018-19,2019-03-10,Chelsea,Wolverhampton Wanderers,D,1581.0273446455678,1456.1463621972994,124.88098244826847,0.20873359168166022,0.18621148072045976,0.6050549275978799,H,0.1
2018-19,2019-03-10,Liverpool,Burnley,H,1676.7895561210562,1394.2544515637708,282.5351045572854,0.10997702336114398,0.1,0.790022976638856,H,0.1
2018-19,2019-03-16,Bournemouth,Newcastle United,D,1424.3451993661026,1416.932604650977,7.412594715125579,0.30365857840741645,0.24871363119038864,0.44762779040219497,H,0.1
2018-19,2019-03-16,Burnley,Leicester City,A,1391.8750859436068,1429.0294492989162,-37.15436335530944,0.34632315979978073,0.2586781760614841,0.39499866413873524,H,0.1
2018-19,2019-03-16,West Ham,Huddersfield Town,H,1431.8621009928834,1295.9093553977607,135.95274559512268,0.20083370554272517,0.17869961272399248,0.6204666817332823,H,0.1
2018-19,2019-03-17,Everton,Chelsea,H,1446.8509485882605,1576.157266897763,-129.30631830950256,0.44997384684575764,0.24808557876088125,0.30194057439336114,A,0.1
2018-19,2019-03-17,Fulham,Liverpool,A,1319.4420116518725,1679.1689217412202,-359.7269100893477,0.7570323177292407,0.10813438821546269,0.13483329405529648,A,0.1
2018-19,2019-03-30,Manchester United,Watford,H,1607.2291649660176,1438.4189851954745,168.81017977054307,0.17834761600927268,0.15593061601159006,0.6657217679791372,H,0.1
2018-19,2019-03-30,Fulham,Manchester City,A,1317.6407274950266,1732.6193527827784,-414.9786252877518,0.7967530625595748,0.1,0.10324693744042522,A,0.1
2018-19,2019-03-30,Leicester City,Bournemouth,H,1436.2933688791113,1422.4288966355887,13.864472243522641,0.2978348540782575,0.24650955837577682,0.4556555875459657,H,0.1
2018-19,2019-03-30,Burnley,Wolverhampton Wanderers,H,1384.6111663634117,1461.0164399451041,-76.40527358169243,0.3878150757568568,0.2593175517047945,0.35286737253834866,A,0.1
2018-19,2019-03-30,West Ham,Everton,A,1435.05473149267,1459.2700273846624,-24.215295891992355,0.33347518076081656,0.2567688614120819,0.40975595782710156,H,0.1
2018-19,2019-03-30,Brighton and Hove Albion,Southampton,A,1391.3014049992262,1406.2396427990968,-14.938237799870649,0.3245022208683138,0.2548950571732067,0.4206027219584795,H,0.1
2018-19,2019-03-30,Crystal Palace,Huddersfield Town,H,1433.9862671860787,1292.716724897974,141.26954228810473,0.1970979953710912,0.17505176703831876,0.6278502375905901,H,0.1
2018-19,2019-03-31,Cardiff City,Chelsea,A,1358.258471401057,1563.7381881013612,-205.47971670030415,0.550349322445513,0.21145211058618474,0.23819856696830213,A,0.1
2018-19,2019-03-31,Liverpool,Tottenham,H,1680.970205898066,1622.012861367123,58.957344530943146,0.2592940489217469,0.22644220306689652,0.5142637480113565,H,0.1
2018-19,2019-04-01,Arsenal,Newcastle United,H,1598.8945932111444,1418.848907381491,180.0456858296534,0.1709891355837804,0.14811180952533679,0.6808990548908829,H,0.1
2018-19,2019-04-02,Watford,Fulham,H,1435.698558440639,1315.5201035810742,120.17845485956491,0.21213847296308708,0.18935956910171942,0.5985019579351936,H,0.1
2018-19,2019-04-02,Wolverhampton Wanderers,Manchester United,H,1449.898094068432,1609.949591720853,-160.05149765242095,0.4891987997576809,0.23578603767233655,0.27501516256998265,A,0.1
2018-19,2019-04-03,Manchester City,Cardiff City,H,1734.7399766967308,1354.4285707442182,380.3114059525126,0.06611889943629964,0.1,0.8338811005637004,H,0.1
2018-19,2019-04-03,Chelsea,Brighton and Hove Albion,H,1567.5680887582,1383.528718500272,184.0393702579281,0.16841465805170822,0.14534173199871683,0.686243609949575,H,0.1
2018-19,2019-04-03,Tottenham,Crystal Palace,H,1617.4873267767944,1438.9191548365243,178.56817194027008,0.17194707954551267,0.14913818678383414,0.6789147336706531,H,0.1
2018-19,2019-04-05,Southampton,Liverpool,A,1414.012329298051,1685.4957404883946,-271.48341119034353,0.641982156345325,0.16799122996674845,0.19002661368792664,A,0.1
2018-19,2019-04-06,Bournemouth,Burnley,A,1413.7982393733143,1395.7295122400837,18.068727133230595,0.29408424333894473,0.24497663065076472,0.4609391260102906,H,0.1
2018-19,2019-04-06,Huddersfield Town,Leicester City,A,1287.7838372475285,1444.9240261413856,-157.14018889385716,0.4853981591407294,0.23711163908739608,0.2774902017718745,A,0.1
2018-19,2019-04-06,Newcastle United,Crystal Palace,A,1414.7723106258616,1434.812224872531,-20.03991424666947,0.32941248008154606,0.2559770516483028,0.4146104682701511,H,0.1
2018-19,2019-04-07,Everton,Arsenal,H,1471.251816904935,1602.9711899667739,-131.71937306183895,0.45297562821099985,0.24726249214885102,0.29976187964014916,A,0.1
2018-19,2019-04-08,Chelsea,West Ham,H,1572.609847959463,1423.0729419723975,149.53690598706544,0.19136357636879206,0.1693410761661159,0.639295347465092,H,0.1
2018-19,2019-04-12,Leicester City,Newcastle United,A,1454.3366213957188,1407.116850707572,47.21977068814681,0.26898375970204585,0.23238959041948298,0.4986266498784711,H,0.1
2018-19,2019-04-13,Tottenham,Huddersfield Town,H,1621.5942567407876,1278.3712419931953,343.2230147475923,0.08044862849276518,0.1,0.8195513715072348,H,0.1
2018-19,2019-04-13,Southampton,Wolverhampton Wanderers,H,1409.5452264210267,1458.1704092434356,-48.62518282240899,0.35804954858866556,0.25967168713846805,0.38227876427286633,H,0.1
2018-19,2019-04-13,Manchester United,West Ham,H,1601.6772765458495,1418.3332359939607,183.34404055188884,0.16886133479355026,0.1458235363822773,0.6853151288241724,H,0.1
2018-19,2019-04-13,Fulham,Everton,H,1308.6402701841687,1479.122875321218,-170.4826051370494,0.502949531063528,0.23078313200250644,0.2662673369339654,A,0.1
2018-19,2019-04-13,Brighton and Hove Albion,Bournemouth,A,1378.486959299009,1400.4935325111564,-22.006573212147487,0.3313210899281387,0.2563605742504907,0.4123183358213707,H,0.1
2018-19,2019-04-13,Burnley,Cardiff City,H,1409.0342191022417,1353.0522865778446,55.98193252439705,0.26172895965738835,0.22799331582144952,0.510277724521162,H,0.1
2018-19,2019-04-14,Crystal Palace,Manchester City,A,1442.4676847908206,1736.1162608631043,-293.64857607228373,0.6722817347477182,0.15256030791982658,0.1751579573324552,A,0.1
2018-19,2019-04-14,Liverpool,Chelsea,H,1689.962843365419,1577.3495539378998,112.61328942751925,0.2176785826052748,0.19435986962764684,0.5879615477670783,H,0.1
2018-19,2019-04-15,Watford,Arsenal,A,1442.5783918375446,1595.1001315504907,-152.5217397129461,0.47940395834964084,0.23914862525472155,0.2814474163956376,A,0.1
2018-19,2019-04-16,Brighton and Hove Albion,Cardiff City,A,1358.8145619884865,1345.788012355345,13.026549633141485,0.2985865076494212,0.24680603742046006,0.4546074549301188,H,0.1
2018-19,2019-04-20,Wolverhampton Wanderers,Brighton and Hove Albion,D,1447.7736298051293,1345.6307734666793,102.14285633844997,0.2254750210276842,0.20112776700092302,0.5733972119713927,H,0.1
2018-19,2019-04-20,Newcastle United,Southampton,H,1415.9327621959599,1419.942005859333,-4.009243663373127,0.31417714671718583,0.25216073978012515,0.4336621135026891,H,0.1
2018-19,2019-04-20,West Ham,Leicester City,D,1415.8035068927134,1445.520709907331,-29.717203014617553,0.33889014460121,0.2576819535146712,0.40342790188411876,H,0.1
2018-19,2019-04-20,Huddersfield Town,Watford,A,1275.8822781138335,1437.7828031313247,-161.9005250174912,0.49162130471953025,0.23492777928011352,0.27345091600035615,A,0.1
2018-19,2019-04-20,Bournemouth,Fulham,A,1420.165929821679,1321.973518414739,98.19241140693998,0.22845597780008856,0.2036287407218803,0.5679152814780312,H,0.1
2018-19,2019-04-20,Manchester City,Tottenham,H,1740.1229251046263,1624.0832206201494,116.03970448447694,0.21515976318910757,0.19210558282997492,0.5927346539809175,H,0.1
2018-19,2019-04-21,Arsenal,Crystal Palace,A,1599.8957202567105,1438.4610205492986,161.43469970741194,0.18327013194521177,0.16107024183132973,0.6556596262234585,H,0.1
2018-19,2019-04-21,Cardiff City,Liverpool,A,1358.9718008771522,1695.6105056859585,-336.6387048088063,0.7286366623969178,0.12314079543722053,0.14822254216586164,A,0.1
2018-19,2019-04-21,Everton,Manchester United,H,1465.7896270906479,1604.2070056470968,-138.41737855644897,0.46137910313763714,0.24484614095036472,0.2937747559119981,A,0.1
2018-19,2019-04-22,Chelsea,Burnley,D,1571.7018916173604,1416.2984933247412,155.40339829261916,0.18734941172561245,0.1652682759787527,0.6473823122956348,H,0.1
2018-19,2019-04-23,Tottenham,Brighton and Hove Albion,H,1620.5761978327503,1349.9859403703726,270.5902574623776,0.11678927963349359,0.1,0.7832107203665064,H,0.1
2018-19,2019-04-23,Watford,Southampton,D,1442.3980345667196,1410.7279668294757,31.670067737243926,0.2821813399215468,0.23951526817077684,0.47830339190767635,H,0.1
2018-19,2019-04-24,Manchester United,Manchester City,A,1585.7046362032856,1743.6299478920255,-157.92531168873984,0.48642145869001713,0.23675727782321865,0.2768212634867642,A,0.1
2018-19,2019-04-24,Wolverhampton Wanderers,Arsenal,H,1443.418462901436,1589.8019122705823,-146.38344936914632,0.4715061499244757,0.24172713713895694,0.28676671293656747,A,0.1
2018-19,2019-04-26,Liverpool,Huddersfield Town,H,1698.8317443754877,1271.2670466784386,427.56469769704904,0.05126938677773968,0.1,0.8487306132222603,H,0.1
2018-19,2019-04-27,Tottenham,West Ham,A,1622.1781069872911,1414.9340984553396,207.24400853195152,0.1538894340460689,0.12944122829637242,0.7166693376575587,H,0.1
2018-19,2019-04-27,Watford,Wolverhampton Wanderers,A,1439.8191260919316,1456.2287832534191,-16.40965716148753,0.3259124255298977,0.25521996758081605,0.4188676068892863,H,0.1
2018-19,2019-04-27,Southampton,Bournemouth,D,1413.3068753042637,1410.702256770474,2.6046185337897896,0.3080532684975325,0.2502365932423341,0.44171013826013344,H,0.1
2018-19,2019-04-27,Crystal Palace,Everton,D,1448.5548285354269,1484.291996534459,-35.73716799903218,0.3448965784002739,0.2585095801747915,0.3965938414249347,H,0.1
2018-19,2019-04-27,Brighton and Hove Albion,Newcastle United,D,1348.3840312158318,1425.1468012258172,-76.76277000998539,0.38821101097948185,0.25928752564298446,0.35250146337753363,A,0.1
2018-19,2019-04-27,Fulham,Cardiff City,H,1331.437191465944,1355.750562187623,-24.31337072167912,0.3335710901857096,0.25678643849130334,0.4096424713229871,H,0.1
2018-19,2019-04-28,Burnley,Manchester City,A,1421.8096400480724,1751.0653397114397,-329.2556996633673,0.7192504014237785,0.1280841128612784,0.1526654857149432,A,0.1
2018-19,2019-04-28,Leicester City,Arsenal,H,1446.3901183447047,1576.9915919185992,-130.6014735738945,0.4515832761066792,0.24764696616116405,0.3007697577321568,A,0.1
2018-19,2019-04-28,Manchester United,Chelsea,D,1578.2692443838714,1566.1907448940292,12.078499489842216,0.29943862637829366,0.2471378259818675,0.45342354763983883,H,0.1
2018-19,2019-05-03,Everton,Burnley,H,1484.9892039648241,1419.6983316607152,65.29087230410892,0.25415816190236845,0.22304705913140666,0.5227947789662248,H,0.1
2018-19,2019-05-04,Cardiff City,Crystal Palace,A,1349.596569955817,1447.8576211050618,-98.26105114924485,0.412629665691144,0.25630948859149427,0.33106084571736166,A,0.1
2018-19,2019-05-04,West Ham,Southampton,H,1425.3639649909508,1411.524221355592,13.839743635358673,0.2978570168808965,0.24651835131592365,0.4556246318031798,H,0.1
2018-19,2019-05-04,Bournemouth,Tottenham,H,1412.4849107191455,1611.74824045168,-199.26332973253443,0.5418133565611188,0.2151390179171397,0.24304762552174136,A,0.1
2018-19,2019-05-04,Wolverhampton Wanderers,Fulham,H,1463.9676408385906,1337.59118369775,126.37645714084056,0.2076569975684424,0.18520458637039014,0.6071384160611675,H,0.1
2018-19,2019-05-04,Newcastle United,Liverpool,A,1424.6647039365425,1700.5409510497752,-275.8762471132327,0.6480326764085456,0.1649394709628907,0.18702785262856386,A,0.1
2018-19,2019-05-05,Huddersfield Town,Manchester United,D,1269.557840004151,1576.2239175421773,-306.66607753802623,0.6897430431868514,0.14352373776498023,0.1667332190481683,A,0.1
2018-19,2019-05-05,Arsenal,Brighton and Hove Albion,D,1561.2823115839167,1348.8661285051064,212.41618307881026,0.15075411815020504,0.1259605757252621,0.7232853061245329,H,0.1
2018-19,2019-05-05,Chelsea,Watford,H,1568.2360717357233,1432.0802685067601,136.15580322896312,0.20069034350594958,0.17856071969281856,0.6207489368012319,H,0.1
2018-19,2019-05-06,Manchester City,Leicester City,H,1753.176648098797,1462.0993986793871,291.0772494194098,0.10531749666568928,0.1,0.7946825033343108,H,0.1
2018-19,2019-05-12,Tottenham,Everton,D,1602.973037114786,1491.9696391684265,111.00339794635943,0.21886755372595518,0.19541268227391212,0.5857197640001327,H,0.1
2018-19,2019-05-12,Crystal Palace,Bournemouth,H,1453.7649936486052,1421.2601140560396,32.50487959256566,0.2814619327670614,0.23915591092364744,0.4793821563092912,H,0.1
2018-19,2019-05-12,Fulham,Newcastle United,A,1334.2500324326024,1421.9057939234108,-87.65576149080835,0.40043404830060497,0.2580652549805096,0.3415006967188855,A,0.1
2018-19,2019-05-12,Brighton and Hove Albion,Manchester City,A,1355.4165331215734,1754.6093273138977,-399.1927941923243,0.7881520510234465,0.1,0.11184794897655344,A,0.1
2018-19,2019-05-12,Burnley,Arsenal,A,1412.7178964571128,1554.7319069674497,-142.0140105103369,0.4659338959184413,0.24347033994365527,0.2905957641379034,A,0.1
2018-19,2019-05-12,Leicester City,Chelsea,D,1460.6667194642864,1574.6151413203659,-113.94842185607945,0.43119882683903127,0.2527142594964894,0.3160869136644793,A,0.1
2018-19,2019-05-12,Liverpool,Wolverhampton Wanderers,H,1703.299861062907,1467.3087921037381,235.99106895916884,0.13694726189843442,0.11051024845059648,0.7525424896509691,H,0.1
2018-19,2019-05-12,Manchester United,Cardiff City,A,1570.1173872482277,1343.6891974122734,226.4281898359543,0.14245129790373848,0.11668744341337893,0.7408612586828827,H,0.1
2018-19,2019-05-12,Southampton,Huddersfield Town,D,1400.632485267389,1275.6643702981007,124.96811496928831,0.2086707828012634,0.18615288808886377,0.6051763291098728,H,0.1
2018-19,2019-05-12,Watford,West Ham,A,1425.7011989221176,1436.2557010791538,-10.554502157036268,0.32032937164114084,0.25386587385669673,0.4258047545021624,H,0.1
2019-20,2019-08-09,Liverpool,Norwich City,H,1685.7195182146852,1387.9409610204846,297.77855719420063,0.10178286127638264,0.1,0.7982171387236173,H,0.1
2019-20,2019-08-10,Burnley,Southampton,H,1414.3107865649745,1406.184445218324,8.126341346650406,0.30301020913759247,0.2484787746571722,0.44851101620523537,H,0.1
2019-20,2019-08-10,Crystal Palace,Everton,D,1465.5974310536333,1496.8762322176553,-31.27880116402207,0.3404399791689734,0.2579139226281474,0.4016460982028792,H,0.1
2019-20,2019-08-10,Bournemouth,Sheffield United,D,1421.9251658805472,1420.0,1.9251658805471834,0.3086781590954733,0.2504434466769249,0.4408783942276017,H,0.1
2019-20,2019-08-10,Watford,Brighton and Hove Albion,A,1418.9586915356838,1367.25007106961,51.70862046607385,0.265251234217772,0.23017000651127337,0.5045787592709546,H,0.1
2019-20,2019-08-10,West Ham,Manchester City,A,1456.8025184654605,1731.773203322314,-274.9706848568535,0.6467869500926083,0.1655691128083485,0.18764393709904317,A,0.1
2019-20,2019-08-10,Tottenham,Aston Villa,H,1588.5721764372358,1332.7593184763941,255.8128579608417,0.1257104181344416,0.1,0.7742895818655584,H,0.1
2019-20,2019-08-11,Leicester City,Wolverhampton Wanderers,D,1465.9864077311183,1467.8282696352956,-1.8418619041772217,0.31216018072668944,0.25155224045291213,0.4362875788203984,H,0.1
2019-20,2019-08-11,Manchester United,Chelsea,H,1548.0674893760313,1565.7672669750687,-17.69977759903736,0.3271528679821925,0.25549629590885886,0.4173508361089486,H,0.1
2019-20,2019-08-11,Newcastle United,Arsenal,A,1442.5386568861015,1556.394036517132,-113.85537963103047,0.4310868556506804,0.2527390146272573,0.31617412972206244,A,0.1
2019-20,2019-08-17,Southampton,Liverpool,A,1395.0466244513575,1688.4812808281733,-293.43465637681584,0.6719924396682597,0.15270924353052306,0.17529831680121716,A,0.1
2019-20,2019-08-17,Everton,Watford,H,1497.7010168470972,1401.2033071191615,96.49770972793567,0.22974147593641359,0.20469201888815022,0.5655665051754362,H,0.1
2019-20,2019-08-17,Brighton and Hove Albion,West Ham,D,1385.0054554861322,1449.6393281362484,-64.63387265011625,0.3749621507489212,0.2599454849963177,0.36509236425476116,A,0.1
2019-20,2019-08-17,Norwich City,Newcastle United,H,1385.1791984069964,1436.961717171872,-51.782518764875476,0.3613341337371381,0.259828601252115,0.378837265010747,H,0.1
2019-20,2019-08-17,Arsenal,Burnley,H,1561.9709762313616,1425.448607331941,136.5223688994206,0.2004316806917452,0.17830989556164215,0.6212584237466127,H,0.1
2019-20,2019-08-17,Manchester City,Tottenham,D,1738.936393651526,1591.321530181105,147.61486347042114,0.19268866511570426,0.17067220715279272,0.636639127731503,H,0.1
2019-20,2019-08-17,Aston Villa,Bournemouth,A,1330.009964732525,1420.1614532621193,-90.15148852959419,0.403277833878665,0.2577019234639422,0.3390202426573929,A,0.1
2019-20,2019-08-18,Chelsea,Leicester City,D,1551.7356403396373,1464.3279433091147,87.40769703052251,0.23670612719994705,0.21028927456848148,0.5530045982315716,H,0.1
2019-20,2019-08-18,Sheffield United,Crystal Palace,H,1421.763712618428,1464.7726464241914,-43.00893380576349,0.3522679585678011,0.2592680143020732,0.3884640271301258,H,0.1
2019-20,2019-08-19,Wolverhampton Wanderers,Manchester United,D,1469.4867340572991,1562.0991160114627,-92.61238195416354,0.4060977301410911,0.25731351137927533,0.33658875847963365,A,0.1
2019-20,2019-08-23,Aston Villa,Everton,H,1323.927757381082,1501.5373488696969,-177.6095914886148,0.5124564425588458,0.22714835486329146,0.26039520257786275,A,0.1
2019-20,2019-08-24,Sheffield United,Leicester City,A,1428.2300621818144,1468.333188025258,-40.10312584344365,0.34930696850108683,0.2589967622591017,0.39169626923981155,H,0.1
2019-20,2019-08-24,Watford,West Ham,A,1397.3669750965619,1449.5059624679893,-52.13898737142745,0.36170653088516186,0.2598431446473081,0.37845032446752996,H,0.1
2019-20,2019-08-24,Norwich City,Chelsea,A,1395.6588628288648,1547.730395623494,-152.0715327946291,0.4788219932491866,0.23934279081872484,0.2818352159320885,A,0.1
2019-20,2019-08-24,Brighton and Hove Albion,Southampton,A,1385.1388211543913,1392.5160132640574,-7.377192109666112,0.31733128103803687,0.25306314783437256,0.42960557112759057,H,0.1
2019-20,2019-08-24,Liverpool,Arsenal,H,1691.0118920154734,1565.1549281867265,125.85696382874698,0.20803064246898084,0.18555465825438994,0.6064146992766293,H,0.1
2019-20,2019-08-24,Manchester United,Crystal Palace,A,1561.1632033117373,1458.3062968608049,102.85690645093246,0.22493852742451556,0.20067247314495193,0.5743889994305325,H,0.1
2019-20,2019-08-25,Bournemouth,Manchester City,A,1426.2436606135623,1733.5832574556239,-307.3395968420616,0.6906382536873404,0.14305815125139382,0.16630359506126582,A,0.1
2019-20,2019-08-25,Tottenham,Newcastle United,A,1596.674666377007,1426.4820527500035,170.19261362700354,0.17743305508803947,0.15496735001767342,0.6675995948942872,H,0.1
2019-20,2019-08-25,Wolverhampton Wanderers,Burnley,D,1470.4226467570245,1422.2646553765762,48.157991380448266,0.26820082683067703,0.23193145471229876,0.49986771845702416,H,0.1
2019-20,2019-08-31,Southampton,Manchester United,D,1405.1112575700547,1551.6463685417853,-146.53511097173055,0.47170031225164505,0.24166523764584985,0.286634450102505,A,0.1
2019-20,2019-08-31,West Ham,Norwich City,H,1460.4805209260624,1390.8545211711437,69.62599975491867,0.2506790645122016,0.22065288541895534,0.5286680500688431,H,0.1
2019-20,2019-08-31,Newcastle United,Watford,D,1436.6477476752598,1386.3924166384888,50.25533103677094,0.266455972914297,0.23089622544417965,0.5026478016415233,H,0.1
2019-20,2019-08-31,Manchester City,Brighton and Hove Albion,H,1737.32465843281,1372.543576848394,364.78108158441614,0.07180883626295109,0.1,0.8281911637370489,H,0.1
2019-20,2019-08-31,Burnley,Liverpool,A,1425.2808821579968,1696.3204857828737,-271.0396036248769,0.6413698539868464,0.16829914396542336,0.19033100204773018,A,0.1
2019-20,2019-08-31,Chelsea,Sheffield United,D,1552.534737281215,1421.0332618305533,131.5014754506617,0.2039901378920418,0.18173483443914118,0.614275027668817,H,0.1
2019-20,2019-08-31,Leicester City,Bournemouth,H,1475.5299883765192,1422.502259636376,53.027728740143175,0.2641607582255195,0.22950461992402282,0.5063346218504576,H,0.1
2019-20,2019-08-31,Crystal Palace,Aston Villa,H,1467.823131630757,1337.4086114257925,130.41452020496445,0.20476490991614904,0.18247307573949845,0.6127620143443525,H,0.1
2019-20,2019-09-01,Arsenal,Tottenham,D,1559.8463344193262,1586.5089714517508,-26.662637032424527,0.3358751415610803,0.2571933953403579,0.4069314630985618,H,0.1
2019-20,2019-09-01,Everton,Wolverhampton Wanderers,H,1488.0564948249864,1467.406419975604,20.650074849382463,0.29179840622658476,0.2439984229948644,0.46420317077855083,H,0.1
2019-20,2019-09-14,Tottenham,Crystal Palace,H,1587.4655639361436,1471.1010522342126,116.36451170193095,0.21492181731400964,0.19189096584463222,0.5931872168413582,H,0.1
2019-20,2019-09-14,Wolverhampton Wanderers,Chelsea,A,1462.1054148662593,1547.5206549635893,-85.41524009733007,0.39789481839969904,0.2583650939899275,0.3437400876103734,A,0.1
2019-20,2019-09-14,Norwich City,Manchester City,H,1384.003899806043,1739.5276456722818,-355.52374586623887,0.7519778859134253,0.11080897360037574,0.1372131404861989,A,0.1
2019-20,2019-09-14,Sheffield United,Southampton,A,1426.047344148179,1407.55168192268,18.495662225499018,0.29370529812318485,0.24481677138839683,0.4614779304884183,H,0.1
2019-20,2019-09-14,Brighton and Hove Albion,Burnley,D,1370.3405896089223,1419.631892068299,-49.291302459376766,0.3587404498029173,0.25970899293088795,0.3815505572661947,H,0.1
2019-20,2019-09-14,Manchester United,Leicester City,H,1549.20594418916,1482.8857704781376,66.32017371102233,0.2533294674167653,0.22248365537906767,0.524186877204167,H,0.1
2019-20,2019-09-14,Liverpool,Newcastle United,H,1701.9694758725714,1433.5767469008372,268.3927289717342,0.11808098143370899,0.1,0.781919018566291,H,0.1
2019-20,2019-09-15,Bournemouth,Everton,H,1415.1464775347577,1493.3574999343311,-78.2110223995735,0.3898183676488493,0.25915930402771725,0.35102232832343344,A,0.1
2019-20,2019-09-15,Watford,Arsenal,D,1389.4634174129114,1558.8897419349335,-169.426324522022,0.5015479887442695,0.23130723778768128,0.2671447734680492,A,0.1
2019-20,2019-09-16,Aston Villa,West Ham,D,1334.1306908223369,1467.3311422911631,-133.20045146882626,0.4548248487537024,0.24674475532048393,0.2984303959258137,A,0.1
2019-20,2019-09-20,Southampton,Bournemouth,A,1415.952433720681,1426.3110127481382,-10.358579027457154,0.32014386251222354,0.25381774946710367,0.4260383880206728,H,0.1
2019-20,2019-09-21,Newcastle United,Brighton and Hove Albion,D,1431.0074143718903,1370.0324660839103,60.97494828797994,0.2576510539948316,0.2253742409336698,0.5169747050714985,H,0.1
2019-20,2019-09-21,Burnley,Norwich City,H,1419.940015593311,1394.0966195682076,25.843396025103402,0.2872380367585952,0.241946801808749,0.47081516143265584,H,0.1
2019-20,2019-09-21,Leicester City,Tottenham,H,1478.5011394223536,1595.5963127338905,-117.09517331153688,0.4349984957227292,0.2518533748325078,0.313148129444763,A,0.1
2019-20,2019-09-21,Everton,Sheffield United,A,1482.1929647209506,1417.646592350178,64.54637237077259,0.2547585941934885,0.2234525796980379,0.5217888261084735,H,0.1
2019-20,2019-09-21,Manchester City,Watford,H,1729.434925910117,1392.5127919718914,336.92213393822567,0.0831456080344803,0.1,0.8168543919655197,H,0.1
2019-20,2019-09-22,Arsenal,Aston Villa,H,1555.8403673759535,1336.2069386006638,219.63342877528976,0.14644246666259012,0.1211537021446369,0.732403831192773,H,0.1
2019-20,2019-09-22,Chelsea,Liverpool,A,1559.8910348049765,1704.5388084015183,-144.6477735965418,0.46928764928845773,0.24242891410637676,0.28828343660516553,A,0.1
2019-20,2019-09-22,Crystal Palace,Wolverhampton Wanderers,D,1462.9703034364657,1449.735035024872,13.235268411593552,0.2983991479344817,0.24673247033006251,0.4548683817354558,H,0.1
2019-20,2019-09-22,West Ham,Manchester United,H,1465.2548945128362,1553.590575244944,-88.33568073210768,0.40120718995407456,0.2579693308572422,0.3408234791886832,A,0.1
2019-20,2019-09-28,Tottenham,Southampton,H,1587.9432495499582,1403.4660058121617,184.47724373779647,0.16813370787852555,0.14503843729622534,0.6868278548252491,H,0.1
2019-20,2019-09-28,Chelsea,Brighton and Hove Albion,H,1554.9411302172664,1373.3801943002975,181.5609359169689,0.1700097985761287,0.1470600416160573,0.6829301598078141,H,0.1
2019-20,2019-09-28,Crystal Palace,Norwich City,H,1460.8930967650253,1385.8676626419337,75.0254341230916,0.24638618736050386,0.21759511090109268,0.5360187017384034,H,0.1
2019-20,2019-09-28,Aston Villa,Burnley,D,1334.1066321342107,1428.168972519585,-94.06234038537423,0.4077665513702954,0.2570706969953111,0.3351627516343934,A,0.1
2019-20,2019-09-28,Bournemouth,West Ham,D,1438.7974406566575,1476.676423554523,-37.8789828978654,0.34705444498633525,0.2587605006453821,0.3941850543682826,H,0.1
2019-20,2019-09-28,Everton,Manchester City,A,1467.8498753669467,1732.9555267748797,-265.105651407933,0.6331670477394311,0.17240702627454707,0.1944259259860218,A,0.1
2019-20,2019-09-28,Sheffield United,Liverpool,A,1431.989681704182,1709.4887129892284,-277.4990312850464,0.6502628950386973,0.163810561685813,0.18592654327548974,A,0.1
2019-20,2019-09-28,Wolverhampton Wanderers,Watford,H,1451.8122416963124,1388.9921911071287,62.820050589183666,0.25615420753461576,0.22438637952545604,0.5194594129399283,H,0.1
2019-20,2019-09-29,Leicester City,Newcastle United,H,1486.154202606286,1427.659686155503,58.49451645078284,0.259671863331878,0.22668535949981602,0.513642777168306,H,0.1
2019-20,2019-09-30,Manchester United,Arsenal,D,1542.1690462032573,1557.9406738424066,-15.771627639149301,0.325300344957782,0.2550803552642125,0.41961929977800555,H,0.1
2019-20,2019-10-05,Brighton and Hove Albion,Tottenham,H,1369.3345199396967,1590.4585690395036,-221.12404909980683,0.5719825919071376,0.20177569080493846,0.22624171728792394,A,0.1
2019-20,2019-10-05,Liverpool,Leicester City,H,1712.225880405346,1497.8756706083373,214.3502097970088,0.14959144674738128,0.12466650365621149,0.7257420495964073,H,0.1
2019-20,2019-10-05,Burnley,Everton,H,1427.1917086070932,1463.2430794536413,-36.051370846548025,0.3452124461629938,0.2585478246952317,0.39623972914177447,H,0.1
2019-20,2019-10-05,West Ham,Crystal Palace,A,1477.312258658062,1467.5841683210233,9.728090337038793,0.30155892389445105,0.24794354967768265,0.45049752642786633,H,0.1
2019-20,2019-10-05,Watford,Sheffield United,D,1381.9370910474565,1429.2525142880643,-47.31542324060774,0.3566942712427623,0.25959178947325656,0.3837139392839811,H,0.1
2019-20,2019-10-05,Norwich City,Aston Villa,A,1379.1765910859358,1335.0838960467024,44.09269503923338,0.2716040420138023,0.23389405590865603,0.49450190207754174,H,0.1
2019-20,2019-10-06,Arsenal,Bournemouth,H,1559.206836649184,1438.1616055531183,121.04523109606566,0.2115086489208464,0.188781464093263,0.5997098869858906,H,0.1
2019-20,2019-10-06,Manchester City,Wolverhampton Wanderers,A,1737.562322688185,1458.8673417559846,278.69498093220045,0.11212893533710554,0.1,0.7878710646628945,H,0.1
2019-20,2019-10-06,Newcastle United,Manchester United,H,1415.9382181534518,1540.9028833964799,-124.9646652430281,0.4446078946234795,0.24950194525537067,0.30589016012114983,A,0.1
2019-20,2019-10-06,Southampton,Chelsea,A,1400.9506863226163,1558.9868045778671,-158.0361182552508,0.4865659790021699,0.23670707901182977,0.2767269419860003,A,0.1
2019-20,2019-10-19,Wolverhampton Wanderers,Southampton,D,1475.9394314232673,1391.5725208898878,84.3669105333795,0.23906244290901052,0.21211919992526054,0.548818357165729,H,0.1
2019-20,2019-10-19,Leicester City,Burnley,H,1495.7168771877532,1433.5420878543068,62.17478933344637,0.2566770644795898,0.2247330559726646,0.5185898795477456,H,0.1
2019-20,2019-10-19,Tottenham,Watford,D,1572.4055868662435,1381.572161706357,190.83342515988647,0.16408492125156907,0.1406470873954518,0.6952679913529792,H,0.1
2019-20,2019-10-19,Everton,West Ham,H,1456.8927002064277,1469.0446241132763,-12.151923906848651,0.32184503020933075,0.2542514744891081,0.42390349530156113,H,0.1
2019-20,2019-10-19,Bournemouth,Norwich City,D,1434.7356257428073,1358.8078003480684,75.92782539473887,0.2456730405673093,0.2170761674310147,0.537250792001676,H,0.1
2019-20,2019-10-19,Chelsea,Newcastle United,H,1568.3649700105957,1423.709441299885,144.65552871071077,0.19473845238014242,0.1727178455280726,0.632543702091785,H,0.1
2019-20,2019-10-19,Aston Villa,Brighton and Hove Albion,H,1355.4526867845698,1387.3875021129568,-31.934815328387003,0.34109276922934584,0.2580077676538046,0.40089946311684954,H,0.1
2019-20,2019-10-19,Crystal Palace,Manchester City,A,1475.851802865809,1720.4902330209025,-244.63843015509337,0.6047169750154838,0.18637453763397255,0.2089084873505437,A,0.1
2019-20,2019-10-20,Manchester United,Liverpool,D,1533.1316602500467,1714.3846738259301,-181.25301357588341,0.5173488271625525,0.22522604627574588,0.25742512656170174,A,0.1
2019-20,2019-10-21,Sheffield United,Arsenal,H,1429.6174436291637,1562.632816459495,-133.01537283033122,0.454593485282985,0.24680997160216217,0.2985965431148529,A,0.1
2019-20,2019-10-25,Southampton,Leicester City,A,1395.5040282223083,1500.1805029590203,-104.67647473671195,0.42014785214958916,0.2549811361684821,0.32487101168192867,A,0.1
2019-20,2019-10-26,Watford,Bournemouth,D,1387.753359934818,1431.0114096785496,-43.25804974373159,0.35252276448593206,0.2592892919440463,0.38818794357002157,H,0.1
2019-20,2019-10-26,Manchester City,Aston Villa,H,1725.5673134983044,1361.7342796548317,363.8330338434728,0.0721702859838246,0.1,0.8278297140161754,H,0.1
2019-20,2019-10-26,West Ham,Sheffield United,D,1459.6140836386078,1437.5074832300404,22.106600408567374,0.2905142518467421,0.24343421221874198,0.4660515359345159,H,0.1
2019-20,2019-10-26,Brighton and Hove Albion,Everton,H,1381.105909242695,1466.3232406810962,-85.21733143840129,0.39767115026070887,0.2583903782304248,0.34393847150886625,A,0.1
2019-20,2019-10-26,Burnley,Chelsea,A,1429.0784620830398,1571.4269133467246,-142.34845126368486,0.4663589095096861,0.24333967732013356,0.2903014131701803,A,0.1
2019-20,2019-10-27,Arsenal,Crystal Palace,D,1554.7427768586183,1470.774722388407,83.9680544702112,0.23937251611954083,0.21235756215020213,0.5482699217302571,H,0.1
2019-20,2019-10-27,Liverpool,Tottenham,H,1711.029841111802,1566.2243886377826,144.80545247401938,0.19463432842665426,0.17261433367537432,0.6327513378979714,H,0.1
2019-20,2019-10-27,Newcastle United,Wolverhampton Wanderers,D,1420.647497963756,1472.0079240908467,-51.360426127090705,0.3608935908053018,0.2598105477527862,0.37929586144191196,H,0.1
2019-20,2019-10-27,Norwich City,Manchester United,A,1362.5320164123261,1536.4864929641749,-173.95447655184876,0.5075700035364024,0.2290336438365539,0.26339635262704375,A,0.1
2019-20,2019-11-02,Watford,Chelsea,A,1387.2718604952097,1579.344518061896,-192.0726575666863,0.5319941859575178,0.21927749083233877,0.24872832321014346,A,0.1
2019-20,2019-11-02,West Ham,Newcastle United,A,1457.2938983100778,1420.3988822805584,36.89501602951941,0.2776993166628046,0.23722182009381895,0.4850788632433764,H,0.1
2019-20,2019-11-02,Manchester City,Southampton,H,1727.4751199410107,1376.3349121052995,351.1402078357112,0.07717180288205791,0.1,0.8228281971179421,H,0.1
2019-20,2019-11-02,Sheffield United,Burnley,H,1439.8276685585704,1421.1608573678686,18.666811190701765,0.29355348607762827,0.24475247193162322,0.46169404199074854,H,0.1
2019-20,2019-11-02,Bournemouth,Manchester United,H,1431.492909118158,1543.4431256469097,-111.95021652875175,0.4287988703201476,0.25323702760649225,0.3179641020733602,A,0.1
2019-20,2019-11-02,Aston Villa,Liverpool,A,1359.8264732121254,1714.0895687556372,-354.2630955435118,0.7504515608032765,0.11161647322587945,0.13793196597084412,A,0.1
2019-20,2019-11-02,Brighton and Hove Albion,Norwich City,H,1388.2623875317595,1355.5753837295913,32.68700380216819,0.28130515310467213,0.23907715209102223,0.47961769480430566,H,0.1
2019-20,2019-11-02,Arsenal,Wolverhampton Wanderers,D,1550.8209794697677,1472.2565397740443,78.56443969572342,0.24359635596043253,0.21554735192057192,0.5408562921189956,H,0.1
2019-20,2019-11-03,Crystal Palace,Leicester City,A,1474.6965197772577,1519.349619076029,-44.653099298771394,0.35395248858512246,0.2594026685256278,0.38664484288924966,H,0.1
2019-20,2019-11-03,Everton,Tottenham,D,1459.1667623920316,1563.1646609939473,-103.99789860191572,0.41934764766944954,0.25513101227805834,0.3255213400524921,A,0.1
2019-20,2019-11-08,Norwich City,Watford,A,1347.571397222225,1383.2099316448255,-35.638534422600515,0.34479747098780056,0.25849747294913533,0.39670505606306405,H,0.1
2019-20,2019-11-09,Southampton,Everton,A,1375.3098269442175,1460.4263974307237,-85.11657048650613,0.3975573134558345,0.2584031761682572,0.3440395103759083,A,0.1
2019-20,2019-11-09,Chelsea,Crystal Palace,H,1583.4064469122802,1463.4536294101365,119.95281750214372,0.2123025932085426,0.18950989419009953,0.5981875126013578,H,0.1
2019-20,2019-11-09,Burnley,West Ham,H,1410.4748867422527,1448.6233487349639,-38.14846199271119,0.3473267259084857,0.2587904460328127,0.39388282805870156,H,0.1
2019-20,2019-11-09,Leicester City,Arsenal,H,1530.5925094431502,1547.0315864849094,-16.43907704175922,0.32594067089295103,0.2552263580792076,0.4188329710278414,H,0.1
2019-20,2019-11-09,Newcastle United,Bournemouth,H,1429.0694318556723,1439.0676977066219,-9.998265850949565,0.31980292066379845,0.2537287733365269,0.42646830599967467,H,0.1
2019-20,2019-11-09,Tottenham,Sheffield United,D,1561.9050259552553,1450.5136391841863,111.39138677106894,0.2185806849319167,0.19515933428072396,0.5862599807873593,H,0.1
2019-20,2019-11-10,Manchester United,Brighton and Hove Albion,H,1535.8683370584458,1396.2663740391258,139.60196301932,0.1982656416722191,0.17619827364802362,0.6255360846797573,H,0.1
2019-20,2019-11-10,Wolverhampton Wanderers,Aston Villa,H,1476.0459327589026,1357.9726131933612,118.0733195655414,0.21367233482401152,0.1907593366400794,0.5955683285359091,H,0.1
2019-20,2019-11-10,Liverpool,Manchester City,H,1715.9434287744014,1728.5002051020927,-12.556776327691296,0.3222300531237944,0.2543472810668008,0.4234226658094048,H,0.1
2019-20,2019-11-23,Bournemouth,Wolverhampton Wanderers,A,1433.1538255336427,1479.5198667923298,-46.36604125868712,0.3557145490082348,0.2595284549194221,0.3847569960723431,H,0.1
2019-20,2019-11-23,Crystal Palace,Liverpool,A,1457.9957296129717,1725.3847362646818,-267.38900665171013,0.6363268010570212,0.17082850283543913,0.19284469610753968,A,0.1
2019-20,2019-11-23,Brighton and Hove Albion,Leicester City,A,1391.293815389665,1540.1370623033456,-148.84324691368056,0.4746613981910865,0.2407117973802547,0.2846268044286588,A,0.1
2019-20,2019-11-23,Arsenal,Southampton,D,1537.487033624714,1369.1181222112887,168.3689114134254,0.17864008014849145,0.15623811837399706,0.6651218014775115,H,0.1
2019-20,2019-11-23,Everton,Norwich City,A,1466.6181021636526,1336.0036006520857,130.6145015115669,0.2046222469337877,0.182337342967708,0.6130404100985043,H,0.1
2019-20,2019-11-23,West Ham,Tottenham,A,1435.852597770047,1557.3366770693692,-121.48407929932227,0.44033904735466145,0.25057661370091733,0.3090843389444212,A,0.1
2019-20,2019-11-23,Manchester City,Chelsea,H,1719.0588976118122,1588.864346709445,130.19455090236715,0.20492189348397546,0.1826223268600026,0.6124557796560219,H,0.1
2019-20,2019-11-23,Watford,Burnley,A,1394.7777282149648,1423.2456377071696,-28.467909492204853,0.3376543926722887,0.2574876959822915,0.4048579113454198,H,0.1
2019-20,2019-11-24,Sheffield United,Manchester United,D,1455.0819880700724,1540.8408957079066,-85.75890763783423,0.39828345857686764,0.25832072436867415,0.34339581705445826,A,0.1
2019-20,2019-11-25,Aston Villa,Newcastle United,H,1354.498679159934,1434.9833040286514,-80.48462486871745,0.39235270729593946,0.25893673898938313,0.34871055371467746,A,0.1
2019-20,2019-11-30,Chelsea,West Ham,A,1585.5830043523933,1430.4343085071714,155.14869584522194,0.18752274423855414,0.16544536063513837,0.6470318951263074,H,0.1
2019-20,2019-11-30,Southampton,Watford,H,1374.8837503099594,1379.8531961194656,-4.969445809506169,0.31507390922796724,0.2524233868829497,0.432502703889083,H,0.1
2019-20,2019-11-30,Tottenham,Bournemouth,H,1562.7549663322447,1426.09917079763,136.65579553461475,0.20033757400927252,0.17821856919664814,0.6214438567940793,H,0.1
2019-20,2019-11-30,Liverpool,Brighton and Hove Albion,H,1728.2595111765163,1383.579236237437,344.68027493907925,0.07983620869183206,0.1,0.820163791308168,H,0.1
2019-20,2019-11-30,Burnley,Crystal Palace,A,1438.1701698026689,1455.1209547011372,-16.950784898468328,0.32643226079236726,0.25533684487230873,0.41823089433532395,H,0.1
2019-20,2019-11-30,Newcastle United,Manchester City,D,1423.7607591460337,1722.340239968864,-298.5794808228302,0.6789299356783027,0.14913032809767746,0.17193973622401978,A,0.1
2019-20,2019-12-01,Leicester City,Everton,H,1547.8516414555736,1451.0677000456574,96.78394140991622,0.22952407442178582,0.20451284963898395,0.5659630759392302,H,0.1
2019-20,2019-12-01,Manchester United,Aston Villa,D,1540.1008502013676,1365.7212240425517,174.37962615881588,0.1746787572930554,0.15205140446651508,0.6732698382404295,H,0.1
2019-20,2019-12-01,Norwich City,Arsenal,D,1351.5540027700808,1531.7214055260433,-180.16740275596248,0.5158888771168123,0.22580324147753195,0.25830788140565575,A,0.1
2019-20,2019-12-01,Wolverhampton Wanderers,Sheffield United,D,1486.5745215283425,1455.8220335766114,30.752487951731155,0.2829735328490675,0.23990710984727331,0.4771193573036591,H,0.1
2019-20,2019-12-03,Burnley,Manchester City,A,1425.924083339454,1716.3817457811374,-290.4576624416834,0.6679593098312965,0.15478268757919567,0.17725800258950783,A,0.1
2019-20,2019-12-03,Crystal Palace,Bournemouth,H,1467.367041164352,1422.9172491477718,44.449792016580204,0.2713039750215794,0.2337240194539199,0.49497200552450077,H,0.1
2019-20,2019-12-04,Wolverhampton Wanderers,West Ham,H,1484.0202833954797,1440.474239299847,43.546044095632624,0.2720638139243388,0.23415346096304454,0.4937827251126166,H,0.1
2019-20,2019-12-04,Manchester United,Tottenham,H,1534.2208819630373,1565.936887982103,-31.716006019065617,0.34087492210447456,0.2579767034616458,0.40114837443387963,H,0.1
2019-20,2019-12-04,Southampton,Norwich City,H,1380.7132635966564,1354.8810768358874,25.83218676076899,0.2872478252420745,0.24195134864852882,0.47080082610939666,H,0.1
2019-20,2019-12-04,Liverpool,Everton,H,1729.3226801876046,1447.236339078564,282.08634110904063,0.11022665301443282,0.1,0.7897733469855672,H,0.1
2019-20,2019-12-04,Chelsea,Aston Villa,H,1575.5430735597176,1371.601192280882,203.94188127883558,0.1559108289487492,0.13167756865087343,0.7124116024003774,H,0.1
2019-20,2019-12-04,Leicester City,Watford,H,1551.683002422667,1374.0236828327686,177.65931958989836,0.17253780026669743,0.1497698925664135,0.6776923071668891,H,0.1
2019-20,2019-12-05,Arsenal,Brighton and Hove Albion,A,1528.3943314602368,1382.5160672263487,145.8782642338881,0.19389011612787074,0.17187323856846132,0.6342366453036679,H,0.1
2019-20,2019-12-05,Sheffield United,Newcastle United,A,1458.3762717094742,1429.7192533337602,28.65701837571396,0.2847884235009225,0.24078951379517036,0.4744220627039072,H,0.1
2019-20,2019-12-07,Bournemouth,Liverpool,A,1418.106206716912,1732.3324643981612,-314.2262576812491,0.6997405171504348,0.13831305332877697,0.16194642952078822,A,0.1
2019-20,2019-12-07,Watford,Crystal Palace,D,1369.8980053113369,1472.1780835952118,-102.2800782838749,0.41732718683192366,0.2555005470519813,0.327172266116095,A,0.1
2019-20,2019-12-07,Everton,Chelsea,H,1444.2265548680075,1577.821051080331,-133.59449621232352,0.4553177035754095,0.24660541334475225,0.2980768830798382,A,0.1
2019-20,2019-12-07,Tottenham,Burnley,H,1559.6589543467246,1420.7875934547765,138.87136089194814,0.1987783740067628,0.17669992198632517,0.624521704006912,H,0.1
2019-20,2019-12-07,Manchester City,Manchester United,A,1721.518235665815,1540.4988155984156,181.01942006739932,0.17035943362854672,0.1474358182896241,0.6822047480818292,H,0.1
2019-20,2019-12-08,Norwich City,Sheffield United,A,1349.6889488513057,1444.822612202761,-95.13366335145543,0.4090030760086933,0.2568846610543673,0.33411226293693935,A,0.1
2019-20,2019-12-08,Newcastle United,Southampton,H,1443.2729128404733,1385.905391581238,57.36752125923522,0.26059329130149367,0.22727456586397504,0.5121321428345313,H,0.1
2019-20,2019-12-08,Brighton and Hove Albion,Wolverhampton Wanderers,D,1392.4730367580833,1491.6743311932091,-99.20129443512587,0.4137249212549739,0.2561272496551845,0.3301478290898416,A,0.1
2019-20,2019-12-08,Aston Villa,Leicester City,A,1369.3232147602687,1555.8086799440987,-186.48546518383,0.5244105709326733,0.22239288445596367,0.25319654461136304,A,0.1
2019-20,2019-12-09,West Ham,Arsenal,A,1432.8201915021177,1518.4373619285022,-85.61717042638452,0.39812313638667696,0.25833909480905354,0.3435377688042695,A,0.1
2019-20,2019-12-14,Chelsea,Bournemouth,A,1565.3022200221233,1413.5466183297037,151.75560169241953,0.1898400592569189,0.16780234341363184,0.6423575973294492,H,0.1
2019-20,2019-12-14,Leicester City,Norwich City,D,1564.1310474173818,1343.7143831051699,220.41666431221188,0.14597902275816937,0.12063582573478761,0.733385151507043,H,0.1
2019-20,2019-12-14,Burnley,Newcastle United,H,1412.6492310363863,1447.829229392093,-35.17999835570686,0.3443370380807752,0.25844055050937187,0.3972224114098529,H,0.1
2019-20,2019-12-14,Sheffield United,Aston Villa,H,1450.797177948897,1361.0008472869856,89.79633066191127,0.23486454696971573,0.20883643772062818,0.5562990153096561,H,0.1
2019-20,2019-12-14,Southampton,West Ham,A,1381.3490750296182,1423.0238764679743,-41.6748014383561,0.35090593524289054,0.25914874662549625,0.3899453181316132,H,0.1
2019-20,2019-12-14,Liverpool,Watford,H,1736.8920527853695,1371.108952080456,365.7831007049135,0.07142860738480038,0.1,0.8285713926151996,H,0.1
2019-20,2019-12-15,Manchester United,Everton,D,1550.7483197271372,1456.7453859262152,94.00293380092194,0.23164122915751892,0.20624633267940903,0.562112438163072,H,0.1
2019-20,2019-12-15,Wolverhampton Wanderers,Tottenham,A,1490.5507910161239,1567.7973167651148,-77.24652574899096,0.388747307856419,0.2592458703159732,0.35200682182760773,A,0.1
2019-20,2019-12-15,Arsenal,Manchester City,A,1528.2336769626456,1711.2687315370933,-183.0350545744477,0.5197492854687003,0.22427057909151502,0.2559801354397848,A,0.1
2019-20,2019-12-16,Crystal Palace,Brighton and Hove Albion,D,1470.9671368260927,1393.5965769351685,77.37055989092414,0.2445354077899409,0.21624191054311373,0.5392226816669454,H,0.1
2019-20,2019-12-21,Brighton and Hove Albion,Sheffield United,A,1397.3565033441096,1457.0640591392453,-59.707555795135704,0.3696886713861877,0.2599997828502922,0.37031154576352004,H,0.1
2019-20,2019-12-21,Aston Villa,Southampton,A,1354.7339660966372,1374.1880000999652,-19.454034003327934,0.3288455959470849,0.25585917210625364,0.41529523194666146,H,0.1
2019-20,2019-12-21,Manchester City,Leicester City,H,1719.7151715822345,1557.4511513522536,162.26402022998082,0.1827130062341236,0.16049248396102314,0.6567945098048533,H,0.1
2019-20,2019-12-21,Bournemouth,Burnley,A,1423.5566701756782,1418.9850593610536,4.5716108146245915,0.306249618837351,0.24962603218939444,0.4441243489732546,H,0.1
2019-20,2019-12-21,Newcastle United,Crystal Palace,H,1441.4934010674258,1467.2072104171516,-25.713809349725807,0.3349430347206639,0.2570322902971766,0.40802467498215944,H,0.1
2019-20,2019-12-21,Norwich City,Wolverhampton Wanderers,A,1350.394279170298,1484.1865724216063,-133.79229325130837,0.4555652364989583,0.24653521624412786,0.29789954725691375,A,0.1
2019-20,2019-12-21,Everton,Arsenal,D,1460.9087834966617,1519.7872369175045,-58.87845342084279,0.36880720978426396,0.25999680621737387,0.3711959839983622,H,0.1
2019-20,2019-12-22,Watford,Manchester United,H,1369.6137260048993,1546.5849221566907,-176.97119615179145,0.5116013950706599,0.2274807918919067,0.2609178130374334,A,0.1
2019-20,2019-12-22,Tottenham,Chelsea,A,1574.1615353596324,1555.2921681761488,18.86936718348352,0.29337388845486306,0.24467621402714998,0.46194989751798693,H,0.1
2019-20,2019-12-26,Chelsea,Southampton,A,1568.6159375993336,1386.3429391624654,182.2729984368682,0.1695506543999483,0.14656609637814869,0.683883249221903,H,0.1
2019-20,2019-12-26,Manchester United,Newcastle United,H,1533.117153630372,1447.6708594585757,85.44629417179635,0.23822448674951027,0.21147219016235594,0.5503033230881338,H,0.1
2019-20,2019-12-26,Leicester City,Liverpool,A,1552.997527150137,1738.3872788609262,-185.38975171078914,0.5229284436943231,0.22299307444266894,0.254078481863008,A,0.1
2019-20,2019-12-26,Sheffield United,Watford,D,1463.8180630148804,1383.081494531218,80.7365684836625,0.24189329174958954,0.21427409824869267,0.5438326100017178,H,0.1
2019-20,2019-12-26,Aston Villa,Norwich City,H,1342.579027034137,1345.2274652526942,-2.648438218557203,0.3129096157812005,0.2517812163329311,0.4353091678858683,H,0.1
2019-20,2019-12-26,Everton,Burnley,H,1460.8765029033593,1427.173114374719,33.70338852864029,0.28043130831855173,0.2386352580957509,0.48093343358569735,H,0.1
2019-20,2019-12-26,Bournemouth,Arsenal,D,1415.3686151620127,1519.819517510807,-104.45090234879422,0.41988171756737974,0.2550312027330742,0.32508707969954603,A,0.1
2019-20,2019-12-26,Tottenham,Brighton and Hove Albion,H,1560.8377659364476,1390.6024994684744,170.23526646797313,0.1774048784933391,0.15493763279747466,0.6676574887091863,H,0.1
2019-20,2019-12-26,Crystal Palace,West Ham,H,1461.0297520260017,1430.1849513976274,30.844800628374287,0.28289376532008154,0.23986783827243413,0.4772383964074843,H,0.1
2019-20,2019-12-27,Wolverhampton Wanderers,Manchester City,H,1489.3533863392101,1724.168795784351,-234.81540944514086,0.591028939266685,0.19291312487564288,0.21605793585767213,A,0.1
2019-20,2019-12-28,Norwich City,Tottenham,D,1339.4368694050488,1563.5390078413848,-224.10213843633596,0.5761191837978596,0.19987618842130345,0.22400462778083705,A,0.1
2019-20,2019-12-28,Southampton,Crystal Palace,D,1402.6028318671022,1466.1177045228137,-63.51487265571154,0.3737588624129644,0.2599686334767164,0.3662725041103192,A,0.1
2019-20,2019-12-28,Newcastle United,Everton,A,1439.6076767984118,1465.9055577433098,-26.297880944897997,0.3355165658517118,0.2571319850429916,0.4073514491052966,H,0.1
2019-20,2019-12-28,Watford,Aston Villa,H,1386.9243017694562,1348.3696228817823,38.554678887673845,0.2762858167943437,0.2364715427089888,0.48724264049666755,H,0.1
2019-20,2019-12-28,Brighton and Hove Albion,Bournemouth,H,1387.9012575635372,1416.6410797030192,-28.73982213948193,0.33792304621329594,0.2575306326476331,0.40454632113907096,H,0.1
2019-20,2019-12-28,West Ham,Leicester City,A,1425.0969989008154,1543.2899567006032,-118.19295779978779,0.4363298528596117,0.25154228834229225,0.3121278587980961,A,0.1
2019-20,2019-12-28,Burnley,Manchester United,A,1422.1440595347685,1541.180336290536,-119.0362767557674,0.43735462819593,0.251299555123152,0.31134581668091793,A,0.1
2019-20,2019-12-29,Arsenal,Chelsea,A,1518.5470529698005,1552.3560448946969,-33.80899192489642,0.342963358285121,0.25826410288498547,0.39877253882989355,H,0.1
2019-20,2019-12-29,Liverpool,Wolverhampton Wanderers,H,1748.0948493104602,1498.526157464233,249.56869184622724,0.12936264061527103,0.10198387248955346,0.7686534868951755,H,0.1
2019-20,2019-12-29,Manchester City,Sheffield United,H,1714.9960246593282,1459.9752557766421,255.02076888268607,0.12620435933174332,0.1,0.7737956406682567,H,0.1
2019-20,2020-01-01,West Ham,Bournemouth,H,1419.6105186406662,1406.7697188675597,12.840799773106482,0.29875332146066425,0.24687135045575154,0.45437532808358416,H,0.1
2019-20,2020-01-01,Watford,Wolverhampton Wanderers,H,1396.7842307990932,1496.7326084455847,-99.94837764649151,0.41459679308645886,0.2559793903913864,0.32942381652215474,A,0.1
2019-20,2020-01-01,Southampton,Tottenham,H,1402.7039945831884,1559.138256971063,-156.43426238787447,0.48447913747088495,0.23742826776695392,0.2780925947621612,A,0.1
2019-20,2020-01-01,Norwich City,Crystal Palace,D,1343.8376202753707,1466.0165418067274,-122.17892153135676,0.44118889431433345,0.2503664370989848,0.3084446685866816,A,0.1
2019-20,2020-01-01,Manchester City,Everton,H,1717.7570716982598,1473.4175039712352,244.3395677270246,0.1322514757691315,0.10523167220702001,0.7625168520238486,H,0.1
2019-20,2020-01-01,Burnley,Aston Villa,A,1413.4759472126993,1338.5096938521453,74.96625336055399,0.2464329998985703,0.21762906670447027,0.5359379333969595,H,0.1
2019-20,2020-01-01,Brighton and Hove Albion,Chelsea,D,1397.7726183989967,1559.6962475138785,-161.9236291148818,0.49165161646749744,0.23491697566544376,0.2734314078670588,A,0.1
2019-20,2020-01-01,Arsenal,Manchester United,H,1511.2068503506189,1549.8484486126051,-38.641598261986246,0.3478254434195933,0.2588443032705565,0.39333025330985016,H,0.1
2019-20,2020-01-01,Newcastle United,Leicester City,A,1432.0957305704865,1548.7764369607523,-116.68070639026587,0.43449662118594506,0.25196938282138376,0.3135339959926711,A,0.1
2019-20,2020-01-02,Liverpool,Sheffield United,H,1749.8883983291084,1457.2142087377106,292.67418959139786,0.10446563974180816,0.1,0.7955343602581919,H,0.1
2019-20,2020-01-10,Sheffield United,West Ham,H,1454.9632757232803,1432.3051562386747,22.65811948460555,0.29002905431648857,0.2432182818454697,0.46675266383804176,H,0.1
2019-20,2020-01-11,Tottenham,Liverpool,A,1550.9155050715208,1752.1393313435387,-201.22382627201796,0.5445009803195211,0.21398680507243636,0.24151221460804254,A,0.1
2019-20,2020-01-11,Manchester United,Norwich City,H,1539.7148323170056,1345.6084084617205,194.10642385528513,0.1620216902269403,0.13839535712208514,0.6995829526509746,H,0.1
2019-20,2020-01-11,Leicester City,Southampton,A,1559.8123231968093,1410.9267464827306,148.88557671407875,0.1918120653411393,0.16979236648722934,0.6383955681716313,H,0.1
2019-20,2020-01-11,Wolverhampton Wanderers,Newcastle United,D,1489.3433471893788,1421.0598443344295,68.28350285494935,0.251753354877517,0.22140023661087227,0.5268464085116107,H,0.1
2019-20,2020-01-11,Chelsea,Burnley,H,1556.8440053171544,1404.2925161779995,152.5514891391549,0.18929513619794974,0.16724986656307714,0.643454997238973,H,0.1
2019-20,2020-01-11,Everton,Brighton and Hove Albion,H,1471.5733103158336,1400.6248605957207,70.94844972011288,0.24962352609193425,0.21991159191670814,0.5304648819913576,H,0.1
2019-20,2020-01-11,Crystal Palace,Arsenal,D,1464.2457536203776,1521.3404666462184,-57.09471302584075,0.36691672519806484,0.25997856943770564,0.37310470536422946,H,0.1
2019-20,2020-01-12,Aston Villa,Manchester City,A,1347.6931248868452,1719.6012653536613,-371.9081404668161,0.771370544670204,0.10054609887877866,0.12808335645101732,A,0.1
2019-20,2020-01-12,Bournemouth,Watford,A,1394.0750812695512,1404.173492055299,-10.098410785747774,0.31989765305183143,0.2537535646709105,0.4263487822772581,H,0.1
2019-20,2020-01-18,West Ham,Everton,D,1427.0464810635772,1475.8707773190802,-48.824296255502986,0.35825595417483236,0.25968307366608434,0.3820609721590833,H,0.1
2019-20,2020-01-18,Southampton,Wolverhampton Wanderers,A,1420.9110877653206,1485.8101704974588,-64.89908273213814,0.3752478069060043,0.2599390670726003,0.3648131260213955,A,0.1
2019-20,2020-01-18,Norwich City,Bournemouth,H,1340.046183113065,1378.3069844403294,-38.26080132726452,0.3474402850202248,0.25880282215882056,0.39375689282095466,H,0.1
2019-20,2020-01-18,Watford,Tottenham,D,1419.9415888845208,1547.0128986289774,-127.07130974445658,0.44720589852260634,0.2488251336473049,0.30396896783008875,A,0.1
2019-20,2020-01-18,Manchester City,Crystal Palace,D,1723.9663304210096,1464.1621346884035,259.8041957326061,0.12324604312822865,0.1,0.7767539568717714,H,0.1
2019-20,2020-01-18,Brighton and Hove Albion,Aston Villa,D,1396.3273935924742,1343.328059819497,52.99933377297725,0.2641842014375486,0.22951900482568777,0.5062967937367636,H,0.1
2019-20,2020-01-18,Arsenal,Sheffield United,D,1521.4240855781925,1460.2219508983778,61.20213467981466,0.2574664563567516,0.225253180281071,0.5172803633621774,H,0.1
2019-20,2020-01-18,Newcastle United,Chelsea,H,1424.5930210263496,1562.737782865945,-138.1447618395955,0.46103505361196295,0.24494821681154266,0.2940167295764944,A,0.1
2019-20,2020-01-19,Burnley,Leicester City,H,1398.3987386292088,1549.8279819142192,-151.42924328501044,0.4779924635624252,0.2396184288154935,0.2823891076220814,A,0.1
2019-20,2020-01-19,Liverpool,Manchester United,H,1756.0419377860821,1545.2770576656612,210.7648801204209,0.15175101749211853,0.12706875370255957,0.721180228805322,H,0.1
2019-20,2020-01-21,Bournemouth,Brighton and Hove Albion,H,1371.9197351881232,1393.1850371448056,-21.26530195668238,0.33060066187034776,0.2562182226291088,0.4131811155005435,H,0.1
2019-20,2020-01-21,Aston Villa,Watford,H,1346.4704162671655,1421.8484275862468,-75.37801131908122,0.386679200273046,0.2594002470966244,0.3539205526303297,A,0.1
2019-20,2020-01-21,Chelsea,Arsenal,D,1554.7731832062934,1518.0705525220687,36.70263068422469,0.2778634821515956,0.23730811908565574,0.48482839876274864,H,0.1
2019-20,2020-01-21,Crystal Palace,Southampton,A,1471.4233337299984,1414.2731640252096,57.15016970478882,0.26077123317281714,0.22738772700985643,0.5118410398173264,H,0.1
2019-20,2020-01-21,Sheffield United,Manchester City,A,1463.5754839545016,1716.7051313794148,-253.12964742491317,0.6165406731898935,0.18062679404126702,0.2028325327688395,A,0.1
2019-20,2020-01-21,Everton,Newcastle United,D,1476.1923290375062,1432.5576206860012,43.63470835150497,0.27198920618783445,0.23411145996108862,0.4938993338510769,H,0.1
2019-20,2020-01-22,Manchester United,Burnley,A,1541.7913268527213,1406.5520811836088,135.2392456691125,0.20133788239468323,0.17918736528997228,0.6194747523153445,H,0.1
2019-20,2020-01-22,Leicester City,West Ham,H,1541.6746393598191,1426.7249293451512,114.94971001466797,0.21595931051981815,0.1928246506921782,0.5912160387880036,H,0.1
2019-20,2020-01-22,Tottenham,Norwich City,H,1545.1060599272514,1346.433432365271,198.67262756198033,0.15916795703706296,0.1352667477221683,0.7055652952407687,H,0.1
2019-20,2020-01-23,Wolverhampton Wanderers,Liverpool,A,1492.4480942375699,1759.527668599022,-267.07957436145216,0.6358988363483574,0.17104258950028056,0.19305857415136213,A,0.1
2019-20,2020-01-29,West Ham,Liverpool,A,1419.6752296971838,1762.406736157758,-342.7315064605741,0.7362757302167243,0.11910981020941726,0.14461445957385846,A,0.1
2019-20,2020-02-01,Bournemouth,Aston Villa,H,1381.5925947233102,1353.4687045664914,28.12389015681879,0.28525145386633327,0.2410112336158327,0.47373731251783396,H,0.1
2019-20,2020-02-01,Crystal Palace,Sheffield United,A,1457.2356931611123,1460.497874610111,-3.2621814489987173,0.31348080317403737,0.2519534443500581,0.43456575247590445,H,0.1
2019-20,2020-02-01,Leicester City,Chelsea,D,1548.7243390077865,1552.0595720903204,-3.3352330825339322,0.31354884285200335,0.2519738284152037,0.4344773287327929,H,0.1
2019-20,2020-02-01,Liverpool,Southampton,H,1765.527684427911,1428.4608045940956,337.0668798338154,0.08308275070790887,0.1,0.8169172492920912,H,0.1
2019-20,2020-02-01,Manchester United,Wolverhampton Wanderers,D,1526.1690141652757,1489.569026678834,36.599987486441705,0.2779510960802918,0.2373541047670499,0.48469479915265834,H,0.1
2019-20,2020-02-01,Newcastle United,Norwich City,D,1435.4550413426932,1344.0930832832653,91.36195805942793,0.23366193132745816,0.2078770590020548,0.5584610096704871,H,0.1
2019-20,2020-02-01,Watford,Everton,A,1414.850139286921,1473.2949083808141,-58.44476909389323,0.36834683163186416,0.2599938587324469,0.371659309635689,H,0.1
2019-20,2020-02-01,West Ham,Brighton and Hove Albion,D,1416.5542814270307,1383.5121776096187,33.042103817412,0.28099964137829303,0.23892322008451478,0.48007713853719214,H,0.1
2019-20,2020-02-02,Burnley,Arsenal,D,1422.1743938710545,1520.7841636380417,-98.60976976698726,0.4130356099865823,0.25624240063902054,0.3307219893743972,A,0.1
2019-20,2020-02-02,Tottenham,Manchester City,H,1547.4464090092572,1719.7827407238053,-172.33633171454812,0.5054139290943194,0.22985410940071185,0.2647319615049688,A,0.1
2019-20,2020-02-08,Everton,Crystal Palace,H,1480.0772296087546,1449.1941605555821,30.88306905317245,0.28286070206775027,0.23985154833414837,0.4772877495981014,H,0.1
2019-20,2020-02-08,Brighton and Hove Albion,Watford,D,1386.1279123477223,1408.0678180589805,-21.939905711258234,0.33125624555213334,0.25634788096558403,0.4123958734822826,H,0.1
2019-20,2020-02-09,Sheffield United,Bournemouth,H,1468.5394072156412,1386.7369543461955,81.80245286944569,0.24106013395044412,0.21364485322134866,0.5452950128282072,H,0.1
2019-20,2020-02-14,Wolverhampton Wanderers,Leicester City,D,1492.2799008127492,1547.1077045840927,-54.8278037713435,0.36452575130698106,0.25993208485218994,0.37554216384082895,H,0.1
2019-20,2020-02-15,Norwich City,Liverpool,A,1348.19344525402,1768.1043813900365,-419.9109361360165,0.7993199727219046,0.1,0.10068002727809554,A,0.1
2019-20,2020-02-15,Southampton,Burnley,A,1425.8841076319702,1423.2811203190654,2.6029873129048156,0.30805476757897937,0.25023709235062,0.44170814007040055,H,0.1
2019-20,2020-02-16,Arsenal,Newcastle United,H,1519.6774371900308,1431.3546793719386,88.32275781809221,0.23599966557591298,0.20973427910086753,0.5542660553232195,H,0.1
2019-20,2020-02-16,Aston Villa,Tottenham,A,1348.324344943606,1560.8183691518107,-212.49402420820456,0.5600255437376236,0.2071799238861893,0.23279453237618705,A,0.1
2019-20,2020-02-17,Chelsea,Manchester United,A,1553.6762065140142,1523.4581400313605,30.21806648265374,0.2834356328137169,0.240133803877011,0.4764305633092721,H,0.1
2019-20,2020-02-19,Manchester City,West Ham,H,1706.4107805812519,1413.938546688927,292.47223389232477,0.10457303758172407,0.1,0.7954269624182759,H,0.1
2019-20,2020-02-22,Southampton,Aston Villa,H,1417.7266774532804,1344.6123273313237,73.1143501219567,0.24790054592999905,0.21868674558602344,0.5334127084839775,H,0.1
2019-20,2020-02-22,Sheffield United,Brighton and Hove Albion,D,1472.6367920419327,1385.0368157737555,87.59997626817722,0.23655758000484328,0.21017281837560375,0.553269601619553,H,0.1
2019-20,2020-02-22,Leicester City,Manchester City,A,1547.256561362077,1708.664210281331,-161.40764891925392,0.4909749142442085,0.2351577854709812,0.27386730028481027,A,0.1
2019-20,2020-02-22,Chelsea,Tottenham,H,1540.0864308135147,1564.530386764093,-24.443955950578356,0.333698826681248,0.25680976910259207,0.40949140421615987,H,0.1
2019-20,2020-02-22,Burnley,Bournemouth,H,1431.4385504977552,1382.639569519904,48.798980977851215,0.2676667816470417,0.23161668754991463,0.5007165308030437,H,0.1
2019-20,2020-02-22,Crystal Palace,Newcastle United,H,1441.131200258251,1422.1130644665282,19.018135791722898,0.2932420321331321,0.24462009617468208,0.46213787169218584,H,0.1
2019-20,2020-02-23,Wolverhampton Wanderers,Norwich City,H,1492.131044034765,1346.891201074777,145.23984295998798,0.19433280688918209,0.1723143404996097,0.6333528526112082,H,0.1
2019-20,2020-02-23,Arsenal,Everton,H,1528.9190520954412,1488.1401899060857,40.77886218935555,0.27439911467295053,0.23544992113069582,0.4901509641963536,H,0.1
2019-20,2020-02-23,Manchester United,Watford,H,1537.04791573186,1409.1589146329472,127.88900109891279,0.20657115527974987,0.18418355369388484,0.6092452910263653,H,0.1
2019-20,2020-02-24,Liverpool,West Ham,H,1769.4066255692794,1411.685116988848,357.7215085804314,0.07454045231033431,0.1,0.8254595476896657,H,0.1
2019-20,2020-02-28,Norwich City,Leicester City,H,1340.7845717021025,1542.631947227075,-201.84737552497245,0.5453566738264329,0.2136182696452148,0.24102505652835224,A,0.1
2019-20,2020-02-29,Watford,Liverpool,H,1402.5241871826279,1770.3942103673821,-367.87002318475425,0.7666695723191514,0.10303380186246844,0.13029662581838006,A,0.1
2019-20,2020-02-29,Bournemouth,Chelsea,D,1373.1908262260793,1546.2426114782022,-173.05178525212295,0.5063666713056314,0.22949243076307851,0.2641408979312901,A,0.1
2019-20,2020-02-29,Brighton and Hove Albion,Crystal Palace,A,1389.0467058988756,1446.4667365668888,-57.42003066801317,0.3672609107831923,0.2599830999354495,0.37275598928135817,H,0.1
2019-20,2020-02-29,Newcastle United,Burnley,D,1416.7775281578904,1440.8872937915799,-24.10976563368945,0.33337200531232536,0.2567498956329359,0.4098780990547387,H,0.1
2019-20,2020-02-29,West Ham,Southampton,H,1410.6975321907453,1424.473948189525,-13.776415998779612,0.3233921464248213,0.2546311949834047,0.421976658591774,H,0.1
2019-20,2020-03-01,Everton,Manchester United,D,1483.2552873271566,1543.6826431821794,-60.427355855022824,0.37045534265359253,0.25999953628374384,0.36954512106266363,A,0.1
2019-20,2020-03-01,Tottenham,Wolverhampton Wanderers,A,1558.3742060994055,1498.2376734074394,60.13653269196607,0.2583330106161623,0.2258196000107226,0.515847389373115,H,0.1
2019-20,2020-03-07,Sheffield United,Norwich City,H,1468.6269019168126,1349.5905973837482,119.03630453306437,0.21296993540325448,0.1901197816895682,0.5969102829071773,H,0.1
2019-20,2020-03-07,Liverpool,Bournemouth,H,1750.090881657025,1376.3345432127173,373.75633844430763,0.06846806974282503,0.1,0.831531930257175,H,0.1
2019-20,2020-03-07,Southampton,Newcastle United,A,1415.0002045471338,1415.748182944309,-0.7479783971753022,0.3111459890033916,0.2512369341427364,0.437617076853872,H,0.1
2019-20,2020-03-07,Burnley,Tottenham,D,1441.9166390051612,1549.3829052956726,-107.46626629051138,0.42345002157574346,0.2543418490141754,0.32220812941008126,A,0.1
2019-20,2020-03-07,Arsenal,West Ham,H,1533.8039546743703,1420.1712758331364,113.63267884123388,0.21692754574998174,0.1936910897100838,0.5893813645399344,H,0.1
2019-20,2020-03-07,Crystal Palace,Watford,H,1453.2720597635753,1422.827515892985,30.444543870590223,0.2832397402090834,0.2400378727140187,0.47672238707689796,H,0.1
2019-20,2020-03-07,Wolverhampton Wanderers,Brighton and Hove Albion,D,1507.2289742111723,1382.2413827021892,124.98759150898309,0.20865674466045395,0.18613978975448167,0.6052034655850644,H,0.1
2019-20,2020-03-08,Manchester United,Manchester City,H,1543.670342898118,1713.288824416333,-169.61848151821505,0.5018028074907684,0.23121217967826735,0.26698501283096415,A,0.1
2019-20,2020-03-08,Chelsea,Everton,H,1543.0988944915641,1483.267587611218,59.83130688034612,0.2585815560873043,0.22598118138802692,0.5154372625246688,H,0.1
2019-20,2020-03-09,Leicester City,Aston Villa,H,1533.8259215454293,1337.8650565950793,195.96086495035001,0.1608592438542867,0.137122857124852,0.7020178990208613,H,0.1
2019-20,2020-06-17,Aston Villa,Sheffield United,D,1332.3551499345685,1472.0852451817561,-139.7300952471876,0.4630381512726681,0.24435024974140795,0.29261159898592387,A,0.1
2019-20,2020-06-17,Manchester City,Arsenal,H,1699.9736980294538,1537.3504302351278,162.623267794326,0.18247195341976866,0.16024218462682585,0.6572858619534055,H,0.1
2019-20,2020-06-19,Norwich City,Southampton,A,1346.1322541188047,1406.9007145586877,-60.76846043988303,0.37081911858809846,0.2599985006080696,0.3691823808038319,A,0.1
2019-20,2020-06-19,Tottenham,Manchester United,D,1548.0251531939646,1556.9854692849972,-8.96031609103261,0.3188223591696991,0.2534690427178407,0.42770859811246015,H,0.1
2019-20,2020-06-20,Bournemouth,Crystal Palace,A,1375.4330628239882,1458.3682888873634,-82.93522606337524,0.39509935059814877,0.25866781529639615,0.34623283410545513,A,0.1
2019-20,2020-06-20,Brighton and Hove Albion,Arsenal,H,1387.1138007898726,1531.7405224370796,-144.62672164720698,0.46926078164456464,0.24243735086958287,0.2883018674858525,A,0.1
2019-20,2020-06-20,Watford,Leicester City,D,1417.731286769197,1539.33582820594,-121.60454143674315,0.44048629742679235,0.2505403328380983,0.30897336973510936,A,0.1
2019-20,2020-06-20,West Ham,Wolverhampton Wanderers,A,1416.624800272379,1502.3565561234889,-85.73175585110994,0.3982527425367805,0.2583242512362998,0.34342300622691974,A,0.1
2019-20,2020-06-21,Newcastle United,Sheffield United,H,1423.8476729327551,1469.8298808118425,-45.982207879087355,0.35531908084722374,0.2595015564299063,0.3851793627228699,H,0.1
2019-20,2020-06-21,Everton,Liverpool,D,1472.7987874911748,1750.9923620457541,-278.1935745545793,0.6512165503788826,0.163327191460841,0.18545625816027642,A,0.1
2019-20,2020-06-21,Aston Villa,Chelsea,A,1334.6105143044822,1553.5676946116073,-218.9571803071251,0.568975815964162,0.20314699345697085,0.2278771905788671,A,0.1
2019-20,2020-06-22,Manchester City,Burnley,H,1705.583605827502,1443.2743911068692,262.3092147206328,0.12172021564216677,0.1,0.7782797843578333,H,0.1
2019-20,2020-06-23,Leicester City,Brighton and Hove Albion,D,1537.581058290306,1395.1712974249463,142.40976086535966,0.19630173117137012,0.17426668428193967,0.6294315845466901,H,0.1
2019-20,2020-06-23,Tottenham,West Ham,H,1546.5665902518574,1406.8324447215186,139.73414553033876,0.19817295236595897,0.17610747019977338,0.6257195774342676,H,0.1
2019-20,2020-06-24,Liverpool,Crystal Palace,H,1745.4255468288018,1468.25743822013,277.1681086086717,0.11299454349606719,0.1,0.7870054565039328,H,0.1
2019-20,2020-06-24,Newcastle United,Aston Villa,D,1436.8792267407334,1331.0049553772062,105.87427136352721,0.22267925993814217,0.19873803489918174,0.5785827051626761,H,0.1
2019-20,2020-06-24,Norwich City,Everton,A,1332.6717782468486,1478.3656027081272,-145.6938244612786,0.4706238996593173,0.24200743099526245,0.28736866934542027,A,0.1
2019-20,2020-06-24,Manchester United,Sheffield United,H,1558.4440322271043,1456.7983270038642,101.64570522324016,0.225848968241495,0.2014441866130391,0.5727068451454659,H,0.1
2019-20,2020-06-24,Wolverhampton Wanderers,Bournemouth,H,1512.1489116743492,1365.5439134912215,146.6049981831277,0.19338684534351042,0.1713708328643231,0.6352423217921664,H,0.1
2019-20,2020-06-25,Southampton,Arsenal,A,1420.3611904306438,1523.683025802006,-103.32183537136211,0.4185515766299634,0.25527813786463754,0.32617028550539906,A,0.1
2019-20,2020-06-25,Chelsea,Manchester City,H,1557.1732535388833,1709.913826192036,-152.74057265315264,0.4796869877217053,0.23905396193307477,0.28125905034522,A,0.1
2019-20,2020-06-25,Burnley,Watford,H,1438.9441707423352,1419.486056684831,19.45811405750419,0.2928523206712854,0.24445358639974005,0.46269409292897457,H,0.1
2019-20,2020-06-27,Aston Villa,Wolverhampton Wanderers,A,1335.4467417183282,1515.1821382963374,-179.73539657800916,0.5153084197338867,0.22603189362406761,0.2586596866420456,A,0.1
2019-20,2020-06-28,Watford,Southampton,A,1414.1598415342864,1411.1695549075446,2.990286626741863,0.307698996803142,0.2501182526108312,0.4421827505860268,H,0.1
2019-20,2020-06-29,Crystal Palace,Burnley,A,1464.6683313825345,1444.2703858928799,20.397945489654603,0.29202110843121415,0.24409519549988812,0.46388369606889773,H,0.1
2019-20,2020-06-30,Brighton and Hove Albion,Manchester United,A,1400.4166937911891,1565.9392196195315,-165.5225258283424,0.49638565440103705,0.2332104728746302,0.2704038727243327,A,0.1
2019-20,2020-07-01,Arsenal,Norwich City,H,1532.874661325105,1327.7425232880717,205.13213803703343,0.15518045232833685,0.13087027001601786,0.7139492776556453,H,0.1
2019-20,2020-07-01,Bournemouth,Newcastle United,A,1362.5106868692333,1432.4374403996114,-69.92675353037816,0.3806971884860272,0.25974992002149855,0.35955289149247427,A,0.1
2019-20,2020-07-01,Everton,Leicester City,H,1483.2948576669041,1532.335661924063,-49.040804257158925,0.35848050306683826,0.2596952272777258,0.381824269655436,H,0.1
2019-20,2020-07-01,West Ham,Chelsea,H,1401.8630392900675,1565.3448737356075,-163.48183444554002,0.49369828769492763,0.23418385986868975,0.27211785243638265,A,0.1
2019-20,2020-07-02,Sheffield United,Tottenham,H,1449.303139611437,1551.5359956833086,-102.23285607187154,0.41727175183438997,0.25551050499985023,0.32721774316575974,A,0.1
2019-20,2020-07-02,Manchester City,Liverpool,H,1701.7422059953117,1749.0146536663974,-47.27244767108573,0.35664987412630345,0.2595890209296188,0.3837611049440778,H,0.1
2019-20,2020-07-04,Manchester United,Bournemouth,H,1575.032441323655,1349.458580262308,225.57386106134686,0.14294946951485585,0.1172456352487931,0.7398048952363511,H,0.1
2019-20,2020-07-04,Chelsea,Watford,H,1557.026029843173,1401.2210546108674,155.80497523230565,0.18707630180100715,0.1649890355238545,0.6479346626751384,H,0.1
2019-20,2020-07-04,Norwich City,Brighton and Hove Albion,A,1322.4854943219655,1391.3234720870657,-68.83797776510028,0.3795115820741586,0.2598017498278923,0.3606866680979492,A,0.1
2019-20,2020-07-04,Wolverhampton Wanderers,Arsenal,A,1519.465208071776,1538.1316902912113,-18.666482219435238,0.32808480573225657,0.25569810067705917,0.4162170935906843,H,0.1
2019-20,2020-07-04,Leicester City,Crystal Palace,H,1525.7691340258182,1456.2390738281297,69.5300601976885,0.2507557449543788,0.2207064677321352,0.528537787313486,H,0.1
2019-20,2020-07-05,Newcastle United,West Ham,D,1445.4895470065367,1410.181883182502,35.30766382403476,0.27905579675174674,0.23792965919672185,0.48301454405153144,H,0.1
2019-20,2020-07-05,Burnley,Sheffield United,D,1452.6996434472846,1461.071292242908,-8.371648795623287,0.31826728256751363,0.2533194873618043,0.42841323007068205,H,0.1
2019-20,2020-07-05,Liverpool,Aston Villa,H,1733.835750100361,1331.1636719428896,402.67207815747156,0.05865359650237215,0.1,0.8413464034976279,H,0.1
2019-20,2020-07-05,Southampton,Manchester City,H,1424.1083418309636,1716.921109561348,-292.8127677303844,0.6711510276907835,0.15314226502848638,0.1757067072807302,A,0.1
2019-20,2020-07-06,Tottenham,Everton,H,1539.7678430518376,1489.861385565149,49.90645748668862,0.2667457032315694,0.23106948203114916,0.5021848147372814,H,0.1
2019-20,2020-07-07,Crystal Palace,Chelsea,A,1447.590947724678,1562.8269300769523,-115.23598235227428,0.432750557683732,0.25236755460949023,0.3148818877067778,A,0.1
2019-20,2020-07-07,Watford,Norwich City,H,1395.4201543770882,1315.9352622028157,79.48489217427255,0.2428738182018773,0.21500930103157406,0.5421168807665486,H,0.1
2019-20,2020-07-07,Arsenal,Leicester City,D,1550.3152975678834,1534.4172601292698,15.898037438613528,0.29601640253457795,0.24577749387009834,0.45820610359532377,H,0.1
2019-20,2020-07-08,Sheffield United,Wolverhampton Wanderers,H,1462.546433828082,1507.281600795104,-44.735166967021996,0.3540367448475228,0.2594090326671915,0.3865542224852857,H,0.1
2019-20,2020-07-08,West Ham,Burnley,A,1412.8582601044118,1451.2245018621106,-38.366241757698845,0.347546898043964,0.25881438075124896,0.39363872120478705,H,0.1
2019-20,2020-07-08,Brighton and Hove Albion,Liverpool,A,1397.8737042062155,1735.04615260556,-337.1724483993446,0.7293098108223213,0.1227858433854897,0.14790434579218908,A,0.1
2019-20,2020-07-08,Manchester City,Newcastle United,H,1707.224982944862,1442.8131700846268,264.41181286023516,0.12045183520947482,0.1,0.7795481647905252,H,0.1
2019-20,2020-07-09,Bournemouth,Tottenham,D,1345.3863127108773,1544.4702911401412,-199.08397842926388,0.5415676989633723,0.2152439278611929,0.2431883731754349,A,0.1
2019-20,2020-07-09,Everton,Southampton,D,1485.1589374768455,1433.8044684474496,51.35446902939589,0.2655444931275278,0.23034764334633526,0.5041078635261369,H,0.1
2019-20,2020-07-09,Aston Villa,Manchester United,A,1329.9532694376906,1579.1047088750856,-249.15143943739508,0.6110034084212385,0.18332939214582628,0.20566719943293515,A,0.1
2019-20,2020-07-11,Watford,Newcastle United,H,1399.5597470422192,1438.5317285799442,-38.971981537725014,0.34815989472796877,0.2588797040761584,0.3929604011958729,H,0.1
2019-20,2020-07-11,Sheffield United,Chelsea,H,1469.0414906560654,1568.3750062355973,-99.33351557953188,0.41387912335316485,0.25610127816203454,0.3300195984848006,A,0.1
2019-20,2020-07-11,Norwich City,West Ham,A,1311.7956695376847,1405.6219391984203,-93.82626966073553,0.40749447658543597,0.2571109340010049,0.3353945894135591,A,0.1
2019-20,2020-07-11,Liverpool,Burnley,D,1738.25849955744,1458.4608227681022,279.79767678933786,0.11150734158190585,0.1,0.7884926584180941,H,0.1
2019-20,2020-07-11,Brighton and Hove Albion,Manchester City,A,1394.6613572543356,1711.5064244495445,-316.8450671952089,0.703176316118309,0.1365170234857362,0.16030666039595481,A,0.1
2019-20,2020-07-12,Aston Villa,Crystal Palace,H,1323.6812036917208,1442.042871566033,-118.36166787431216,0.4365347235065751,0.2514939891482564,0.3119712873451686,A,0.1
2019-20,2020-07-12,Bournemouth,Leicester City,H,1349.1885047088917,1536.5676825807686,-187.3791778718769,0.5256207319844132,0.22190068623324152,0.2524785817823453,A,0.1
2019-20,2020-07-12,Tottenham,Arsenal,H,1540.6680991421267,1548.1648751163846,-7.496775974257844,0.3174437222886678,0.2530942176348537,0.4294620600764786,H,0.1
2019-20,2020-07-12,Wolverhampton Wanderers,Everton,H,1500.7865439671205,1482.0593124534669,18.727231513653578,0.29349990571705825,0.24472974303796263,0.46177035124497906,H,0.1
2019-20,2020-07-13,Manchester United,Southampton,D,1585.3767746210553,1436.9040934708282,148.47268115022712,0.19209666606579928,0.1700783446772779,0.6378249892569228,H,0.1
2019-20,2020-07-14,Chelsea,Norwich City,H,1553.6157024597683,1297.8577334802278,255.75796897954046,0.1257445942334214,0.1,0.7742554057665786,H,0.1
2019-20,2020-07-15,Manchester City,Bournemouth,H,1717.3217454142407,1366.4478447749711,350.87390063926955,0.07728003089926043,0.1,0.8227199691007396,H,0.1
2019-20,2020-07-15,Arsenal,Liverpool,H,1542.2929706539192,1730.7364404814823,-188.44346982756315,0.5270633383626645,0.2213114611644605,0.25162520047287507,A,0.1
2019-20,2020-07-15,Burnley,Wolverhampton Wanderers,D,1465.9828818440599,1511.469951693618,-45.48706984955811,0.3548094706158891,0.2594657592261075,0.38572477015800344,H,0.1
2019-20,2020-07-15,Newcastle United,Tottenham,A,1432.1326194854514,1546.5400036045921,-114.40738411914072,0.43175147964048893,0.2525915569709687,0.3156569633885424,A,0.1
2019-20,2020-07-16,Crystal Palace,Manchester United,A,1429.8827072344216,1580.0060469104042,-150.1233396759826,0.4763085368117253,0.24017386821022307,0.2835175949780516,A,0.1
2019-20,2020-07-16,Everton,Aston Villa,D,1471.3759047269693,1335.8413680233323,135.53453670363706,0.20112914039087654,0.1789855572649612,0.6198853023441623,H,0.1
2019-20,2020-07-16,Leicester City,Sheffield United,H,1519.3083425146892,1483.8007944318945,35.507548082794756,0.27888473779212064,0.23784105397116323,0.4832742082367161,H,0.1
2019-20,2020-07-16,Southampton,Brighton and Hove Albion,D,1442.2748211814794,1388.8460362896394,53.428784891839996,0.2638297834197392,0.22930115530742945,0.5068690612728314,H,0.1
2019-20,2020-07-17,West Ham,Watford,H,1419.5598752558772,1405.958856136712,13.60101911916513,0.29807103370730353,0.24660310108634328,0.45532586520635315,H,0.1
2019-20,2020-07-18,Norwich City,Burnley,A,1296.122574030098,1465.5654089192453,-169.44283488914743,0.5015698804965484,0.23129907529315258,0.26713104421029904,A,0.1
2019-20,2020-07-19,Tottenham,Leicester City,H,1555.3609401429787,1527.2205958594811,28.140344283497598,0.2852371553561808,0.2410044075540552,0.473758437089764,H,0.1
2019-20,2020-07-19,Bournemouth,Southampton,A,1365.4212148368106,1439.1213290032208,-73.70011416641023,0.3848297657393719,0.2595238719073328,0.35564636235329544,A,0.1
2019-20,2020-07-20,Brighton and Hove Albion,Newcastle United,D,1391.999528467898,1423.3116829470648,-31.312154479166793,0.3404731440001942,0.25791874541662996,0.40160811058317586,H,0.1
2019-20,2020-07-20,Sheffield United,Everton,A,1475.8885410871026,1466.2754321876764,9.613108899426152,0.301662932132158,0.24798234631739488,0.4503547215504471,H,0.1
2019-20,2020-07-20,Wolverhampton Wanderers,Crystal Palace,H,1511.8874246184325,1422.2078153911086,89.67960922732391,0.23495434568091716,0.20890773829044768,0.5561379160286353,H,0.1
2019-20,2020-07-21,Aston Villa,Arsenal,H,1340.9418405626252,1550.9359245563141,-209.99408399368895,0.5565719816599137,0.20871556670800867,0.23471245163207755,A,0.1
2019-20,2020-07-21,Watford,Manchester City,A,1397.3192542936717,1718.3483753524013,-321.0291210587295,0.7086348312379661,0.1336586327826748,0.15770653597935907,A,0.1
2019-20,2020-07-22,Manchester United,West Ham,D,1587.680938753717,1428.1994770989174,159.48146165479966,0.18458590931058044,0.1624306026059125,0.652983488083507,H,0.1
2019-20,2020-07-22,Liverpool,Chelsea,H,1722.0934865790873,1555.3508619098982,166.74262466918913,0.17972020262929725,0.15737149038604983,0.662908306984653,H,0.1
2019-20,2020-07-26,Southampton,Sheffield United,H,1449.3323990261335,1467.6226708298157,-18.290271803682117,0.32772187463792735,0.2556201003491773,0.4166580250128953,H,0.1
2019-20,2020-07-26,Leicester City,Manchester United,A,1516.9325608478455,1582.0885952388962,-65.15603439105075,0.3755247395826646,0.2599325085702282,0.36454275184710716,A,0.1
2019-20,2020-07-26,Manchester City,Norwich City,H,1723.4617743507783,1289.0330373803129,434.4287369704655,0.04939210838963081,0.1,0.8506078916103692,H,0.1
2019-20,2020-07-26,Everton,Bournemouth,A,1474.5413024449633,1355.2101448138978,119.33115763106548,0.21275512006706387,0.1899236997638589,0.5973211801690772,H,0.1
2019-20,2020-07-26,Newcastle United,Liverpool,A,1424.135514113873,1726.4496769146672,-302.3141628007943,0.6839383198889287,0.1465375477938294,0.1695241323172419,A,0.1
2019-20,2020-07-26,Arsenal,Watford,H,1542.034677016211,1392.2058552952947,149.82882172091627,0.19116275302575325,0.16913874945439705,0.6396984975198498,H,0.1
2019-20,2020-07-26,Chelsea,Wolverhampton Wanderers,H,1550.9946715743183,1518.157586568502,32.837085005816334,0.28117600236216905,0.2390121532391877,0.4798118443986433,H,0.1
2019-20,2020-07-26,Burnley,Brighton and Hove Albion,A,1472.6549455690304,1391.17569730109,81.47924826794042,0.24131259272632116,0.2138359629102909,0.5448514443633881,H,0.1
2019-20,2020-07-26,Crystal Palace,Tottenham,D,1415.9376534410392,1565.6489751546144,-149.71132171357522,0.4757779990687599,0.24034771732422375,0.28387428360701633,A,0.1
2019-20,2020-07-26,West Ham,Aston Villa,D,1433.7918206137383,1349.8430881027284,83.9487325110099,0.239387543033299,0.21236909927842468,0.5482433576882764,H,0.1
2020-21,2020-09-12,Crystal Palace,Southampton,H,1426.6174723124293,1463.033556992497,-36.4160846800678,0.3455793895940556,0.25859159917499863,0.39582901123094577,H,0.1
2020-21,2020-09-12,Fulham,Arsenal,A,1354.2014281508793,1540.5187756476648,-186.3173474967855,0.524183052746925,0.22248520670338467,0.2533317405496903,A,0.1
2020-21,2020-09-12,Liverpool,Leeds United,H,1707.258093564662,1420.0,287.258093564662,0.10737921458318794,0.1,0.792620785416812,H,0.1
2020-21,2020-09-12,West Ham,Newcastle United,A,1436.883444447171,1428.268578361024,8.614866086147003,0.3025670264847924,0.248316730393291,0.44911624312191667,H,0.1
2020-21,2020-09-13,Tottenham,Everton,A,1556.810493423659,1463.2560039570326,93.55448946662636,0.2319836503180634,0.20652431267364157,0.5614920370082951,H,0.1
2020-21,2020-09-13,West Bromwich Albion,Leicester City,A,1395.866991376687,1505.778705322426,-109.91171394573894,0.42636086506775234,0.25375106039604545,0.31988807453620227,A,0.1
2020-21,2020-09-14,Brighton and Hove Albion,Chelsea,A,1410.3962651628242,1553.094386083356,-142.6981209205319,0.46680354266527024,0.24320257176520282,0.2899938855695269,A,0.1
2020-21,2020-09-14,Sheffield United,Wolverhampton Wanderers,A,1462.2260058778572,1509.1426462451823,-46.916640367325044,0.3562824728441731,0.2595657408159023,0.3841517863399247,H,0.1
2020-21,2020-09-19,Leeds United,Fulham,H,1418.537031421873,1345.873041469195,72.6639899526781,0.24825822057270003,0.218942519301829,0.532799260125471,H,0.1
2020-21,2020-09-19,Manchester United,Crystal Palace,A,1583.3403351556415,1432.9739402531409,150.3663949025006,0.19079322528628842,0.16876605499441927,0.6404407197192924,H,0.1
2020-21,2020-09-19,Arsenal,West Ham,H,1548.8471623293492,1423.806658458218,125.04050387113125,0.2086186094839918,0.1861042029006564,0.6052771876153518,H,0.1
2020-21,2020-09-19,Everton,West Bromwich Albion,H,1472.6657749155356,1384.5474957825395,88.11827913299612,0.23615742603124049,0.20985846845702683,0.5539841055117327,H,0.1
2020-21,2020-09-20,Leicester City,Burnley,H,1517.0982009165737,1467.0513134202843,50.0468874962894,0.2666290553738599,0.23099979248570396,0.5023711521404363,H,0.1
2020-21,2020-09-20,Chelsea,Liverpool,A,1561.0009901833332,1708.721062142789,-147.7200719594557,0.47321905436329326,0.2411784201382785,0.28560252549842824,A,0.1
2020-21,2020-09-20,Southampton,Tottenham,A,1456.6770890517855,1547.400722465156,-90.72363341337041,0.4039320457037065,0.25761428601844316,0.33845366827785034,A,0.1
2020-21,2020-09-20,Newcastle United,Brighton and Hove Albion,A,1441.3453643499772,1402.489661062847,38.855703287130154,0.27602996063298474,0.2363343520298711,0.4876356873371442,H,0.1
2020-21,2020-09-21,Aston Villa,Sheffield United,H,1368.387973397649,1451.0644041817568,-82.67643078410788,0.39480855629674144,0.258697634749112,0.34649380895414655,A,0.1
2020-21,2020-09-21,Wolverhampton Wanderers,Manchester City,A,1520.3042479412827,1702.5936958194566,-182.28944787817386,0.5187443434977614,0.2246715482959807,0.2565841082062578,A,0.1
2020-21,2020-09-26,Brighton and Hove Albion,Manchester United,A,1419.8866567591833,1567.494423628652,-147.6077668694686,0.47307498497061373,0.24122480011905642,0.2857002149103298,A,0.1
2020-21,2020-09-26,Burnley,Southampton,A,1459.6025088883914,1444.5374700647494,15.065038823641999,0.29676030421809896,0.2460795056380464,0.45716019014385467,H,0.1
2020-21,2020-09-26,Crystal Palace,Everton,A,1448.8198517801304,1480.6333539360667,-31.81350215593625,0.3409719755123049,0.2579905742512872,0.40103745023640797,H,0.1
2020-21,2020-09-26,West Bromwich Albion,Chelsea,D,1376.5799167620085,1553.2514990379664,-176.67158227595792,0.5112003308775273,0.22763635532328094,0.2611633137991917,A,0.1
2020-21,2020-09-27,West Ham,Wolverhampton Wanderers,H,1420.4443941141187,1513.5892383842042,-93.14484427008551,0.4067099327263885,0.2572255441828867,0.3360645230907248,A,0.1
2020-21,2020-09-27,Tottenham,Newcastle United,D,1559.540341452192,1423.948368653641,135.59197279855107,0.20108855211668802,0.17894629525301153,0.6199651526303004,H,0.1
2020-21,2020-09-27,Sheffield United,Leeds United,A,1443.948584190531,1422.8024685881014,21.146115602429518,0.2913606150990823,0.24380726056971855,0.46483212433119914,H,0.1
2020-21,2020-09-27,Manchester City,Leicester City,A,1709.308705376535,1524.5470054484665,184.76169992806854,0.16795133390393233,0.144841456230398,0.6872072098656696,H,0.1
2020-21,2020-09-28,Fulham,Aston Villa,A,1341.6076043029666,1375.5037933888748,-33.89618908590819,0.34305059190817605,0.2582756038628782,0.39867380422894577,H,0.1
2020-21,2020-09-28,Liverpool,Arsenal,H,1716.4705532881558,1552.2094266734484,164.26112661470734,0.18137514210001865,0.15910089109657005,0.6595239668034112,H,0.1
2020-21,2020-10-03,Everton,Brighton and Hove Albion,H,1488.0191233566077,1414.9950668644767,73.02405649213097,0.2479722321618498,0.21873807166989376,0.5332896961682564,H,0.1
2020-21,2020-10-03,Chelsea,Crystal Palace,H,1550.0142024769275,1441.4340823595894,108.58012011733808,0.2206639157774431,0.19698938132140328,0.5823467029011536,H,0.1
2020-21,2020-10-03,Newcastle United,Burnley,H,1429.050064171143,1451.2535079382158,-22.203443767072713,0.33151263616990134,0.25639793155181734,0.4120894322782813,H,0.1
2020-21,2020-10-03,Leeds United,Manchester City,D,1431.2428998933542,1688.7543333307106,-257.51143343735635,0.6226327969947457,0.17763255447623413,0.19973464852902012,A,0.1
2020-21,2020-10-04,Wolverhampton Wanderers,Fulham,H,1496.6800315808568,1326.9311792014946,169.74885237936223,0.17772634987160024,0.15527653976176967,0.66699711036663,H,0.1
2020-21,2020-10-04,Southampton,West Bromwich Albion,H,1452.886471014925,1379.8172133230473,73.06925769187774,0.2479363443215923,0.21871238056147616,0.5333512751169316,H,0.1
2020-21,2020-10-04,Manchester United,Tottenham,A,1572.3860135233585,1554.43864593469,17.947367588668612,0.29419202570950254,0.24502193169290737,0.46078604259759004,H,0.1
2020-21,2020-10-04,Aston Villa,Liverpool,H,1390.1802184903468,1720.8805225351327,-330.700304044786,0.7210977690646889,0.12711215024701567,0.15179008068829547,A,0.1
2020-21,2020-10-04,Arsenal,Sheffield United,H,1547.7994574264715,1435.5081528852782,112.29130454119331,0.2179160992450283,0.19457076965127007,0.5875131311037016,H,0.1
2020-21,2020-10-04,Leicester City,West Ham,A,1545.101377494291,1437.353600917466,107.74777657682489,0.2212827826296482,0.19752864619851548,0.5811885711718363,H,0.1
2020-21,2020-10-17,Chelsea,Southampton,D,1558.4435116802722,1459.635071391216,98.8084402890563,0.2279896948045175,0.20324078105491053,0.568769524140572,H,0.1
2020-21,2020-10-17,Everton,Liverpool,D,1494.7690567469908,1695.1453329955639,-200.37627624857305,0.5433385641353781,0.21448613937758218,0.24217529648703964,A,0.1
2020-21,2020-10-17,Manchester City,Arsenal,H,1683.6118857451743,1551.3680545495308,132.24383119564345,0.20346189706035028,0.18122995299094402,0.6153081499487058,H,0.1
2020-21,2020-10-17,Newcastle United,Manchester United,A,1438.7478549538134,1550.691689189089,-111.94383423527552,0.4287912208952323,0.2532386674262193,0.31797011167854844,A,0.1
2020-21,2020-10-18,Leicester City,Aston Villa,A,1525.958495624317,1415.9154080299156,110.04308759440141,0.21957846580519516,0.19603867988394774,0.5843828543108571,H,0.1
2020-21,2020-10-18,Sheffield United,Fulham,D,1431.9395557622188,1324.2234010385907,107.71615472362805,0.2213063129604021,0.1975491099746506,0.5811445770649473,H,0.1
2020-21,2020-10-18,Tottenham,West Ham,D,1576.1329702689595,1456.49648278744,119.63648748151945,0.21253279530908556,0.18972052424661037,0.5977466804443041,H,0.1
2020-21,2020-10-18,Crystal Palace,Brighton and Hove Albion,D,1433.0047731562447,1408.2451334740936,24.759639682151146,0.28818551232730066,0.24238405246844139,0.4694304352042579,H,0.1
2020-21,2020-10-19,West Bromwich Albion,Burnley,D,1373.0686129467565,1441.5557171555454,-68.48710420878888,0.3791301529406751,0.2598171732570471,0.36105267380227773,A,0.1
2020-21,2020-10-19,Leeds United,Wolverhampton Wanderers,A,1436.3853474788905,1499.3878097437607,-63.002462264870246,0.37320892233641006,0.25997711191853035,0.3668139657450596,A,0.1
2020-21,2020-10-23,Aston Villa,Leeds United,A,1425.512073757586,1429.7050804757453,-4.193006718159268,0.314348616272541,0.25221133533268614,0.43344004839477285,H,0.1
2020-21,2020-10-24,Fulham,Crystal Palace,A,1328.7076413650384,1430.61246708788,-101.90482572284168,0.41688682887209555,0.2555793816315254,0.32753378949637907,A,0.1
2020-21,2020-10-24,Liverpool,Sheffield United,H,1691.3113679601195,1427.4553154357711,263.85605252434834,0.12078600392387005,0.1,0.77921399607613,H,0.1
2020-21,2020-10-24,Manchester United,Chelsea,D,1561.925712775024,1554.1664374873028,7.759275287721266,0.3033435239215784,0.2485998380483881,0.4480566380300336,H,0.1
2020-21,2020-10-24,West Ham,Manchester City,D,1461.2505694533654,1686.8614514861576,-225.61088203279223,0.5782164691161327,0.19890755783129274,0.22287597305257453,A,0.1
2020-21,2020-10-25,Arsenal,Leicester City,A,1548.1184888085475,1516.3618298966467,31.756658911900786,0.282106660418714,0.23947812013863737,0.47841521944264864,H,0.1
2020-21,2020-10-25,Southampton,Everton,H,1463.9121455841853,1498.6030217824352,-34.69087619824995,0.3438464470877899,0.25837867537261705,0.39777487753959306,H,0.1
2020-21,2020-10-25,Wolverhampton Wanderers,Newcastle United,D,1506.068076746906,1427.5138313678783,78.55424537902763,0.24360436535756716,0.21555329857438602,0.5408423360680469,H,0.1
2020-21,2020-10-26,Brighton and Hove Albion,West Bromwich Albion,D,1410.6374395424582,1373.3128428651667,37.32459667729154,0.2773329852498379,0.2370286163422256,0.4856383984079365,H,0.1
2020-21,2020-10-26,Burnley,Tottenham,A,1441.3114872371352,1571.3788836030342,-130.06739636589896,0.4509191212986783,0.24782872453277827,0.3012521541685434,A,0.1
2020-21,2020-10-30,Wolverhampton Wanderers,Crystal Palace,H,1502.2789350477913,1436.4419292901275,65.83700575766375,0.25371826181320145,0.222748521248583,0.5235332169382155,H,0.1
2020-21,2020-10-31,Liverpool,West Ham,H,1692.9726252903595,1465.6862684733385,227.286356817021,0.14195194939255087,0.11612775257646543,0.7419202980309837,H,0.1
2020-21,2020-10-31,Sheffield United,Manchester City,A,1425.7940581055311,1682.4257524661846,-256.63169436065346,0.6214103622013731,0.17823506682158913,0.20035457097703774,A,0.1
2020-21,2020-10-31,Burnley,Chelsea,A,1436.0691727423139,1556.092350222437,-120.0231774801232,0.43855610827803704,0.2510113644148346,0.31043252730712834,A,0.1
2020-21,2020-11-01,Aston Villa,Southampton,A,1409.4719146608827,1473.9412465927621,-64.46933193187942,0.3747850153658526,0.259949287355944,0.3652656972782034,A,0.1
2020-21,2020-11-01,Manchester United,Arsenal,A,1559.9998000398898,1539.5219313100972,20.47786872979259,0.2919505002336949,0.2440645479437466,0.46398495182255844,H,0.1
2020-21,2020-11-01,Newcastle United,Everton,H,1431.302973066993,1488.5739207738584,-57.2709477068654,0.3671031480364261,0.25998109044481055,0.3729157615187634,H,0.1
2020-21,2020-11-01,Tottenham,Brighton and Hove Albion,H,1576.6211980978555,1407.9072530948426,168.7139450030129,0.17841137631156392,0.15599767713280402,0.6655909465556321,H,0.1
2020-21,2020-11-02,Fulham,West Bromwich Albion,H,1322.878179162791,1376.0430293127822,-53.16485014999125,0.36278000775789015,0.2598814039010714,0.37733858834103845,H,0.1
2020-21,2020-11-02,Leeds United,Leicester City,A,1445.7452395724486,1524.958387395097,-79.21314782264835,0.39093376604959906,0.2590644050397516,0.35000182891064935,A,0.1
2020-21,2020-11-06,Brighton and Hove Albion,Burnley,D,1405.1855269677449,1425.1721513867583,-19.986624419013424,0.3293608858420689,0.255966398395148,0.4146727157627831,H,0.1
2020-21,2020-11-06,Southampton,Newcastle United,H,1480.5887581615316,1438.005518043719,42.58324011781269,0.2728748493735117,0.23460771533746888,0.4925174352890195,H,0.1
2020-21,2020-11-07,West Ham,Fulham,H,1463.6683250497647,1333.3940729483434,130.27425210142133,0.2048650063809771,0.18256825472470728,0.6125667388943157,H,0.1
2020-21,2020-11-07,Everton,Manchester United,A,1481.8713757971325,1551.569347833749,-69.69797203661642,0.3804478071452092,0.2597613091231805,0.3597908837316103,A,0.1
2020-21,2020-11-07,Chelsea,Sheffield United,H,1566.9893715779926,1422.7672162060608,144.22215537193188,0.1950396031306383,0.17301698151772807,0.6319434153516337,H,0.1
2020-21,2020-11-07,Crystal Palace,Leeds United,H,1429.477931348365,1433.1033193199348,-3.6253879715698076,0.31381920281541664,0.25205454907219116,0.4341262481123922,H,0.1
2020-21,2020-11-08,Arsenal,Aston Villa,A,1547.9523835162381,1402.8244030921132,145.12798042412487,0.19441042963136157,0.17239160442611975,0.6331979659425186,H,0.1
2020-21,2020-11-08,Leicester City,Wolverhampton Wanderers,H,1537.6003076476106,1509.2429329895538,28.35737465805687,0.28504860436574714,0.2409142704878744,0.47403712514637847,H,0.1
2020-21,2020-11-08,Manchester City,Liverpool,D,1685.452594365655,1694.9905687139333,-9.53797434827834,0.3193677885344589,0.25361421832569314,0.427017993139848,H,0.1
2020-21,2020-11-08,West Bromwich Albion,Tottenham,A,1365.5271355272298,1579.3429242249533,-213.81578869772352,0.5618535135852439,0.20636239251289357,0.23178409390186247,A,0.1
2020-21,2020-11-21,Tottenham,Manchester City,H,1583.0330010161447,1684.0103079871028,-100.97730697095813,0.4157999370459777,0.2557713247311409,0.3284287382228815,A,0.1
2020-21,2020-11-21,Aston Villa,Brighton and Hove Albion,A,1422.7245465962333,1404.0389143720677,18.6856322241656,0.29353679494918666,0.24474539348750216,0.4617178115633112,H,0.1
2020-21,2020-11-21,Manchester United,West Bromwich Albion,H,1561.9209466790135,1361.8370587360384,200.08388794297502,0.15829181132833095,0.13430311785143562,0.7074050708202335,H,0.1
2020-21,2020-11-21,Newcastle United,Chelsea,A,1430.3207991480983,1573.1260812867765,-142.8052821386782,0.466939861223518,0.24316045304492237,0.28989968573155966,A,0.1
2020-21,2020-11-22,Sheffield United,West Ham,A,1416.6305064972769,1466.9484273054475,-50.317920808170584,0.35980742126474285,0.2597620904481858,0.38043048828707127,H,0.1
2020-21,2020-11-22,Liverpool,Leicester City,H,1696.4328550924854,1542.739813762837,153.6930413296484,0.18851501273989393,0.16645702028654671,0.6450279669735594,H,0.1
2020-21,2020-11-22,Leeds United,Arsenal,D,1421.4893692207572,1528.052240012118,-106.56287079136087,0.42237853785640234,0.254552924786326,0.32306853735727153,A,0.1
2020-21,2020-11-22,Fulham,Everton,A,1330.1139706926606,1471.519776951868,-141.40580625920734,0.4651616185948602,0.24370677456064116,0.2911316068444987,A,0.1
2020-21,2020-11-23,Burnley,Crystal Palace,H,1426.3187639824355,1441.0918814475426,-14.773117465107134,0.3243442717720264,0.2548579495158659,0.4207977787121078,H,0.1
2020-21,2020-11-23,Wolverhampton Wanderers,Southampton,D,1504.1034268743274,1488.2734770571521,15.829949817175248,0.29607715661564377,0.24580229080043517,0.4581205525839211,H,0.1
2020-21,2020-11-27,Crystal Palace,Newcastle United,A,1435.0978908994746,1422.4175647617083,12.680326137766315,0.29889749082945943,0.2469276558488493,0.4541748533216912,H,0.1
2020-21,2020-11-28,West Bromwich Albion,Sheffield United,H,1359.5135499908415,1409.665231769705,-50.151681778863576,0.3596344699253865,0.2597538545114107,0.38061167556320286,H,0.1
2020-21,2020-11-28,Manchester City,Burnley,H,1672.2731537051266,1432.3127545305035,239.96039917462303,0.13470185164372944,0.10798662769151482,0.7573115206647557,H,0.1
2020-21,2020-11-28,Everton,Leeds United,A,1476.5339647273308,1422.8215898947824,53.71237483254845,0.2635959082017463,0.22915695826357885,0.5072471335346749,H,0.1
2020-21,2020-11-28,Brighton and Hove Albion,Liverpool,D,1412.4425190133302,1702.2939162553696,-289.8513972420394,0.667136358381014,0.15520509011051806,0.17765855150846788,A,0.1
2020-21,2020-11-29,Chelsea,Tottenham,D,1581.0293156731666,1594.770155298121,-13.740839624954333,0.3233582019719946,0.25462301359401784,0.42201878443398755,H,0.1
2020-21,2020-11-29,Southampton,Manchester United,A,1490.4220303342531,1564.2444554242104,-73.82242508995728,0.38496433512006745,0.25951534043548347,0.3555203244444491,A,0.1
2020-21,2020-11-29,Arsenal,Wolverhampton Wanderers,A,1526.720019338093,1501.9548735972264,24.7651457408665,0.2881806930915135,0.24238184305929328,0.46943746384919327,H,0.1
2020-21,2020-11-30,Leicester City,Fulham,A,1536.8787525999528,1325.0997829171977,211.77896968275513,0.15113834990427089,0.1263878530089467,0.7224737970867824,H,0.1
2020-21,2020-11-30,West Ham,Aston Villa,H,1473.9137020330193,1414.3209419549707,59.592760078048514,0.25877590857308713,0.22610725809039597,0.5151168333365169,H,0.1
2020-21,2020-12-05,Chelsea,Leeds United,H,1579.705682340486,1431.7265769651406,147.9791053753454,0.19243717455022352,0.17042009079380965,0.6371427346559669,H,0.1
2020-21,2020-12-05,Burnley,Everton,D,1427.4335187205672,1467.6289776569727,-40.19545893640543,0.34940073886100087,0.2590060340904589,0.39159322704854016,H,0.1
2020-21,2020-12-05,West Ham,Manchester United,A,1478.426969083142,1570.6842195444751,-92.25725046133311,0.4056898228433137,0.2573714065197322,0.3369387706369541,A,0.1
2020-21,2020-12-05,Manchester City,Fulham,H,1677.1523895150629,1335.5576729371148,341.594716577948,0.08113793675012884,0.1,0.8188620632498712,H,0.1
2020-21,2020-12-06,Tottenham,Arsenal,H,1596.0937886308016,1518.2258417408614,77.86794688994019,0.24414392735294851,0.21595300673895695,0.5399030659080944,H,0.1
2020-21,2020-12-06,West Bromwich Albion,Crystal Palace,A,1366.0984850923548,1421.9224596113727,-55.82397451901784,0.36557484580457555,0.2599557245799027,0.37446942961552176,H,0.1
2020-21,2020-12-06,Sheffield United,Leicester City,A,1403.0802966681917,1526.4208625800356,-123.3405659118439,0.44261231015955427,0.25001018999493047,0.3073774998455152,A,0.1
2020-21,2020-12-06,Liverpool,Wolverhampton Wanderers,H,1696.49987321436,1510.449051194458,186.05082201990194,0.1671262194508663,0.1439492575524651,0.6889245229966685,H,0.1
2020-21,2020-12-07,Brighton and Hove Albion,Southampton,A,1418.2365620543399,1483.9822662139884,-65.74570415964854,0.37616090200246916,0.25991619114486936,0.36392290685266154,A,0.1
2020-21,2020-12-11,Leeds United,West Ham,A,1426.9509142451814,1468.8591469301539,-41.90823268497252,0.3511439328865286,0.2591702610598081,0.38968580605366326,H,0.1
2020-21,2020-12-12,Everton,Chelsea,H,1468.1983815945034,1584.4813450604452,-116.28296346594175,0.4340153990074964,0.25207996479915235,0.31390463619335124,A,0.1
2020-21,2020-12-12,Manchester United,Manchester City,D,1580.2520416974633,1678.867026867927,-98.6149851704638,0.4130416836281813,0.25624139279195735,0.3307169235798614,A,0.1
2020-21,2020-12-12,Newcastle United,West Bromwich Albion,H,1435.5929960498102,1350.2137359127057,85.37926013710444,0.23827647776468147,0.2115124546866663,0.5502110675486522,H,0.1
2020-21,2020-12-12,Wolverhampton Wanderers,Aston Villa,A,1504.654867026651,1409.807674904848,94.84719212180289,0.2309973476622857,0.20572181927827074,0.5632808330594435,H,0.1
2020-21,2020-12-13,Southampton,Sheffield United,H,1490.6013131699278,1397.7003004145238,92.90101275540405,0.23248314050901459,0.20692860314559675,0.5605882563453886,H,0.1
2020-21,2020-12-13,Fulham,Liverpool,D,1333.8430355842506,1702.294057382167,-368.4510217979164,0.7673491758591472,0.10267413308166266,0.12997669105919024,A,0.1
2020-21,2020-12-13,Leicester City,Brighton and Hove Albion,H,1531.8008588337036,1411.6175150984004,120.1833437353032,0.2121349177344675,0.18935631125003616,0.5985087710154964,H,0.1
2020-21,2020-12-13,Arsenal,Burnley,A,1511.6178054661111,1426.8641147830365,84.75369068307464,0.23876197932737053,0.21188768119884163,0.5493503394737879,H,0.1
2020-21,2020-12-13,Crystal Palace,Tottenham,D,1437.8072087910218,1602.7018249055518,-164.89461611452998,0.4955579334602281,0.23351157000691367,0.27093049653285817,A,0.1
2020-21,2020-12-15,Manchester City,West Bromwich Albion,D,1677.7601521474132,1346.1809405073866,331.57921164002664,0.08549589238593329,0.1,0.8145041076140668,H,0.1
2020-21,2020-12-15,Wolverhampton Wanderers,Chelsea,H,1495.2299679926261,1576.8405861579422,-81.61061816531605,0.3936127909853072,0.25881690996193185,0.3475702990527609,A,0.1
2020-21,2020-12-16,West Ham,Crystal Palace,D,1476.0149187785378,1440.7378131959624,35.27710558257536,0.2790819544736893,0.2379431916808153,0.4829748538454955,H,0.1
2020-21,2020-12-16,Arsenal,Southampton,D,1502.3131556851108,1498.3996502591883,3.9135054259224944,0.30685218507940615,0.24983224588587538,0.44331556903471847,H,0.1
2020-21,2020-12-16,Fulham,Brighton and Hove Albion,D,1340.9460569981866,1404.7378391453922,-63.791782147205595,0.3740563321512002,0.2599634969076006,0.3659801709411992,A,0.1
2020-21,2020-12-16,Leeds United,Newcastle United,H,1419.7951423967975,1439.6257914551293,-19.8306490583318,0.32920991043451714,0.25593513808383805,0.4148549514816448,H,0.1
2020-21,2020-12-16,Leicester City,Everton,A,1538.6805347867119,1475.8391404970064,62.84139428970548,0.2561369239267531,0.2243748902633739,0.519488185809873,H,0.1
2020-21,2020-12-16,Liverpool,Tottenham,H,1695.191035968231,1599.7712205006112,95.41981546761986,0.2305612052357466,0.2053651971015779,0.5640735976626754,H,0.1
2020-21,2020-12-17,Sheffield United,Manchester United,A,1389.9019633252633,1581.358916417977,-191.45695309271377,0.5311564133840927,0.2196252190615192,0.24921836755438803,A,0.1
2020-21,2020-12-17,Aston Villa,Burnley,D,1419.2325739388727,1436.1687645640368,-16.936190625164045,0.3264182321505708,0.2553337111379179,0.4182480567115113,H,0.1
2020-21,2020-12-19,Crystal Palace,Liverpool,A,1443.4133735629318,1699.0461272224964,-255.63275365956451,0.6200218471591079,0.17891841661138977,0.20105973622950235,A,0.1
2020-21,2020-12-19,Everton,Arsenal,H,1490.146741793011,1500.4940507821486,-10.347308989137673,0.32013319407357627,0.25381497570922906,0.42605183021719467,H,0.1
2020-21,2020-12-19,Newcastle United,Fulham,D,1427.4681202306515,1341.0551889285205,86.41293130213103,0.23747549730169557,0.2108903655605921,0.5516341371377124,H,0.1
2020-21,2020-12-19,Southampton,Manchester City,A,1500.2187551621505,1669.6600608671006,-169.44130570495008,0.5015678528699421,0.2312998313400693,0.26713231578998864,A,0.1
2020-21,2020-12-20,Tottenham,Leicester City,A,1595.916129246346,1524.3729334907073,71.54319575563864,0.24914969146163732,0.219576576962731,0.5312737315756316,H,0.1
2020-21,2020-12-20,Brighton and Hove Albion,Sheffield United,D,1404.6287072150583,1385.8291698282121,18.79953738684617,0.2934357945772408,0.24470252288355426,0.461861682539205,H,0.1
2020-21,2020-12-20,Manchester United,Leeds United,H,1585.4317099150283,1431.9528136212753,153.478896293753,0.1886612251970754,0.16660578738194318,0.6447329874209814,H,0.1
2020-21,2020-12-20,West Bromwich Albion,Aston Villa,A,1354.2810317876992,1417.9994064659465,-63.7183746782473,0.37397745517788245,0.2599648965040717,0.3660576483180458,A,0.1
2020-21,2020-12-21,Burnley,Wolverhampton Wanderers,H,1437.401932036963,1502.328692283135,-64.92676024617208,0.37527762855483454,0.2599383767248374,0.36478399472032813,A,0.1
2020-21,2020-12-21,Chelsea,West Ham,H,1569.7418618674333,1473.3393584115684,96.40250345586492,0.22981381351970404,0.20475157626284649,0.5654346102174495,H,0.1
2020-21,2020-12-26,Sheffield United,Everton,A,1388.0590976786928,1496.0664704101755,-108.00737273148275,0.42409280057408266,0.2542135644214215,0.3216936350044958,A,0.1
2020-21,2020-12-26,Leicester City,Manchester United,D,1538.8594570433938,1592.2433040975686,-53.383847054174794,0.3630095105817256,0.25988888015113126,0.3771016092671432,H,0.1
2020-21,2020-12-26,Manchester City,Newcastle United,H,1674.1330890567474,1423.4869416196566,250.6461474370908,0.12877244204644134,0.1013205010650662,0.7699070568884925,H,0.1
2020-21,2020-12-26,Aston Villa,Crystal Palace,H,1431.3279563440888,1434.2895942465077,-2.9616379024189428,0.31320099880071606,0.25186932293095454,0.4349296782683294,H,0.1
2020-21,2020-12-26,Arsenal,Chelsea,H,1494.574322164984,1577.41783478966,-82.8435126246759,0.39499627727850284,0.25867842121138135,0.34632530151011587,A,0.1
2020-21,2020-12-26,Fulham,Southampton,D,1345.0363675395154,1495.7457269725037,-150.70935943298832,0.47706374834606846,0.23992544605957675,0.28301080559435476,A,0.1
2020-21,2020-12-27,Leeds United,Burnley,H,1425.1412194387349,1444.2301718600754,-19.088952421340537,0.32849274539387374,0.2557848776548994,0.4157223769512268,H,0.1
2020-21,2020-12-27,Liverpool,West Bromwich Albion,D,1708.1699065389205,1340.952481909557,367.21742462936345,0.07088753622487587,0.1,0.8291124637751242,H,0.1
2020-21,2020-12-27,West Ham,Brighton and Hove Albion,D,1465.6633854893416,1402.3987793645776,63.264606124763986,0.25579436585945553,0.2241467859732049,0.5200588481673396,H,0.1
2020-21,2020-12-27,Wolverhampton Wanderers,Tottenham,D,1495.5004524600226,1581.4296056936594,-85.92915323363673,0.39847609613984375,0.258298526731007,0.3432253771291493,A,0.1
2020-21,2020-12-28,Chelsea,Aston Villa,D,1566.1352826885309,1442.9196494294513,123.2156332590796,0.2099360011811639,0.18732956415866187,0.6027344346601742,H,0.1
2020-21,2020-12-28,Crystal Palace,Leicester City,D,1422.6979011611452,1538.6690518689884,-115.97115070784321,0.43363841743103415,0.25216614524725395,0.31419543732171196,A,0.1
2020-21,2020-12-29,Burnley,Sheffield United,H,1438.1637763932683,1382.359175402525,55.80460099074344,0.2618745306474431,0.22808485004329657,0.5100406193092603,H,0.1
2020-21,2020-12-29,Manchester United,Wolverhampton Wanderers,H,1592.433709271974,1496.2453710155594,96.18833825641468,0.22997658260358175,0.20488548053131628,0.5651379368651019,H,0.1
2020-21,2020-12-29,Brighton and Hove Albion,Arsenal,A,1405.804893788417,1505.8568742661132,-100.05198047769613,0.41471781444391853,0.2559586722390077,0.32932351331707377,A,0.1
2020-21,2020-12-29,West Bromwich Albion,Leeds United,A,1349.377203326782,1431.207614905542,-81.83041157876005,0.39385914229879093,0.25879277830018943,0.34734807940101964,A,0.1
2020-21,2020-12-29,Southampton,West Ham,D,1493.1926492284101,1462.2572710655022,30.93537816290791,0.2828155122245941,0.23982927231027312,0.4773552154651328,H,0.1
2020-21,2020-12-30,Newcastle United,Liverpool,D,1420.6605351470296,1699.7451851216956,-279.08464997466604,0.6524392750753307,0.1627068870982582,0.18485383782641104,A,0.1
2020-21,2021-01-01,Everton,West Ham,A,1501.7663926863434,1464.816429109272,36.94996357707146,0.2776524410850808,0.2371971463550952,0.48515041255982394,H,0.1
2020-21,2021-01-01,Manchester United,Aston Villa,H,1596.2754191354206,1447.753077792972,148.52234134244873,0.19206242432611242,0.17004395370780492,0.6378936219660827,H,0.1
2020-21,2021-01-02,Brighton and Hove Albion,Wolverhampton Wanderers,D,1399.935865979334,1492.4036611521128,-92.46779517277878,0.4059316170425455,0.2573371575001514,0.3367312254573031,A,0.1
2020-21,2021-01-02,Crystal Palace,Sheffield United,H,1424.2950872119,1377.772475177633,46.52261203426701,0.2695664926174535,0.23272800963444565,0.49770549774810086,H,0.1
2020-21,2021-01-02,Tottenham,Leeds United,H,1580.6846871381226,1447.3986375669822,133.28604957114044,0.20272151885665626,0.1805202199760793,0.6167582611672644,H,0.1
2020-21,2021-01-02,West Bromwich Albion,Arsenal,A,1333.1861806653417,1511.7259020751962,-178.53972140985456,0.5137034130050375,0.2266616404135324,0.25963494658143,A,0.1
2020-21,2021-01-03,Chelsea,Manchester City,A,1561.3018543250103,1676.9594955293744,-115.65764120436415,0.43325962857220657,0.2522523414180877,0.31448803000970565,A,0.1
2020-21,2021-01-03,Newcastle United,Leicester City,A,1426.2450243783867,1537.0718658182336,-110.82684143984693,0.42745404165692685,0.2535227163180834,0.3190232420249899,A,0.1
2020-21,2021-01-04,Southampton,Liverpool,H,1490.6334911846404,1694.1606958903385,-203.52720470569807,0.5476639305814556,0.2126205634347095,0.23971550598383498,A,0.1
2020-21,2021-01-12,Wolverhampton Wanderers,Everton,A,1491.4718737026114,1493.0950577066267,-1.6231840040152292,0.3119572320666569,0.2514896460791837,0.43655312185415934,H,0.1
2020-21,2021-01-12,Burnley,Manchester United,A,1442.7504766181603,1599.2806009694257,-156.53012435126539,0.4846038779752936,0.23738538165007148,0.2780107403746349,A,0.1
2020-21,2021-01-12,Sheffield United,Newcastle United,H,1370.212804122564,1420.6045392025721,-50.391735080008175,0.35988423803735325,0.25976570254305537,0.38035005941959144,H,0.1
2020-21,2021-01-13,Manchester City,Brighton and Hove Albion,H,1685.739037025439,1400.8676534288354,284.87138359660366,0.10868529253691168,0.1,0.7913147074630883,H,0.1
2020-21,2021-01-13,Tottenham,Fulham,D,1587.1516707140593,1347.589445283609,239.56222543045033,0.13492605127894836,0.1082386590200111,0.7568352897010405,H,0.1
2020-21,2021-01-14,Arsenal,Crystal Palace,D,1521.7215301978647,1431.854758266969,89.86677193089577,0.2348103629983934,0.20879339279112355,0.5563962442104831,H,0.1
2020-21,2021-01-16,Leicester City,Southampton,H,1542.7123509940482,1499.459394508001,43.2529564860472,0.27231053262380345,0.23429209665493497,0.49339737072126155,H,0.1
2020-21,2021-01-16,Fulham,Chelsea,A,1354.5633878604272,1552.5223128289456,-197.95892496851843,0.5400275475306133,0.2159000916634738,0.24407236080591296,A,0.1
2020-21,2021-01-16,West Ham,Burnley,H,1473.4877640889886,1438.0324369273928,35.45532716159573,0.27892942105867763,0.23786421732732344,0.48320636161399894,H,0.1
2020-21,2021-01-16,Wolverhampton Wanderers,West Bromwich Albion,A,1483.3925606968508,1323.1905525426732,160.20200815417752,0.1840999297530741,0.16192883987835854,0.6539712303685674,H,0.1
2020-21,2021-01-16,Leeds United,Brighton and Hove Albion,A,1440.9316539910456,1399.385468161687,41.54618582935859,0.27375022103154123,0.23509322561668555,0.4911565533517732,H,0.1
2020-21,2021-01-17,Sheffield United,Tottenham,A,1376.8017150420187,1580.177728137241,-203.37601309522233,0.5474561483898338,0.212710650078755,0.23983320153141122,A,0.1
2020-21,2021-01-17,Liverpool,Manchester United,D,1685.334792566978,1603.9986406601931,81.33615190678483,0.24142441606023654,0.21392049045553171,0.5446550934842317,H,0.1
2020-21,2021-01-17,Manchester City,Crystal Palace,H,1687.2212222925875,1435.9192577072167,251.3019645853708,0.12841405041191686,0.10091771945742578,0.7706682301306573,H,0.1
2020-21,2021-01-18,Arsenal,Newcastle United,H,1517.657030757617,1414.0156282831174,103.6414024744995,0.22434992042425242,0.20017115146696923,0.5754789281087783,H,0.1
2020-21,2021-01-19,Leicester City,Chelsea,H,1550.3757279751346,1556.481295462031,-6.105567486896462,0.31613752000513445,0.2527286289931098,0.43113385100175566,H,0.1
2020-21,2021-01-19,West Ham,West Bromwich Albion,H,1478.480908364354,1333.27394589436,145.2069624699941,0.19435562133116988,0.17233705196963228,0.6333073266991978,H,0.1
2020-21,2021-01-20,Fulham,Manchester United,A,1350.6044052273417,1607.8561471050527,-257.2517418777111,0.622271983970162,0.17781047845660228,0.1999175375732357,A,0.1
2020-21,2021-01-20,Manchester City,Aston Villa,H,1691.3473550463984,1444.7478959589669,246.59945908743157,0.13099802402855343,0.10382235924548186,0.7651796167259647,H,0.1
2020-21,2021-01-21,Liverpool,Burnley,A,1681.4772861221184,1433.0392926520274,248.437993470091,0.12998385979231253,0.10268219194602346,0.767333948261664,H,0.1
2020-21,2021-01-23,Aston Villa,Newcastle United,H,1441.859844719032,1406.5884796817875,35.27136503724455,0.27908686854154063,0.23794573343919398,0.48296739801926536,H,0.1
2020-21,2021-01-26,Newcastle United,Leeds United,A,1398.6685672771443,1432.1950654696047,-33.526498192460394,0.3426808708207481,0.2582265831808758,0.399092545998376,H,0.1
2020-21,2021-01-26,Southampton,Arsenal,A,1491.7960175269145,1525.0841793589468,-33.2881618320323,0.34244268751185464,0.2581946195317447,0.39936269295640064,H,0.1
2020-21,2021-01-26,Crystal Palace,West Ham,A,1431.7931249534058,1481.5347081150596,-49.74158316165381,0.35920810678134585,0.2597329387143744,0.38105895450427973,H,0.1
2020-21,2021-01-26,West Bromwich Albion,Manchester City,A,1330.2201461436543,1694.2354062863333,-364.0152601426789,0.7621334093636404,0.1054346175192318,0.13243197311712782,A,0.1
2020-21,2021-01-27,Brighton and Hove Albion,Fulham,D,1408.1220566831278,1347.5864871797935,60.53556950333427,0.2580082993019541,0.2256079117611085,0.5163837889369374,H,0.1
2020-21,2021-01-27,Everton,Leicester City,D,1501.1743707123874,1559.645488961235,-58.47111824884769,0.3683747890182128,0.2599940650614266,0.3716311459203607,H,0.1
2020-21,2021-01-27,Chelsea,Wolverhampton Wanderers,D,1547.2115344759306,1473.309167345164,73.9023671307666,0.24727544548490524,0.21823784473737456,0.5344867097777203,H,0.1
2020-21,2021-01-27,Burnley,Aston Villa,H,1443.6911944353114,1449.7797571236752,-6.088562688363709,0.3161215800600101,0.2527241045566213,0.43115431538336857,H,0.1
2020-21,2021-01-27,Manchester United,Sheffield United,A,1610.874065152601,1370.6746804115048,240.19938474109608,0.1345673979884449,0.10783547897381934,0.7575971230377357,H,0.1
2020-21,2021-01-28,Tottenham,Liverpool,A,1586.304762767755,1670.8253843388343,-84.52062157107935,0.3968845661845987,0.2584778342558766,0.3446375995595246,A,0.1
2020-21,2021-01-30,Arsenal,Manchester United,D,1536.736968244322,1600.2608689615947,-63.52390071727268,0.3737685577110828,0.25996847214774893,0.3662629701411683,A,0.1
2020-21,2021-01-30,Crystal Palace,Wolverhampton Wanderers,H,1424.8148311905409,1476.9830630736715,-52.1682318831306,0.3617370962690166,0.2598443091930756,0.3784185945379078,H,0.1
2020-21,2021-01-30,Everton,Newcastle United,A,1501.1303662423095,1391.3219167842085,109.808449458101,0.2197523585781403,0.19619140088496934,0.5840562405368904,H,0.1
2020-21,2021-01-30,Manchester City,Sheffield United,H,1698.7873044871283,1381.287876602511,317.49942788461726,0.091976222910986,0.1,0.808023777089014,H,0.1
2020-21,2021-01-30,Southampton,Aston Villa,A,1480.1432286415393,1443.9314743291084,36.21175431243091,0.2782826523382494,0.2375276775625338,0.4841896700992168,H,0.1
2020-21,2021-01-30,West Bromwich Albion,Fulham,D,1325.6682479428594,1350.9229816192262,-25.254733676366868,0.33449279939394,0.2569527564760572,0.4085544441300028,H,0.1
2020-21,2021-01-31,Brighton and Hove Albion,Tottenham,H,1404.785562243695,1576.4705281408208,-171.68496589712572,0.5045473002645507,0.23018188457683048,0.2652708151586188,A,0.1
2020-21,2021-01-31,West Ham,Liverpool,A,1488.5130018779246,1680.6596189657685,-192.14661708784388,0.5320948539610773,0.21923564894706613,0.2486694970918566,A,0.1
2020-21,2021-01-31,Chelsea,Burnley,H,1543.5376387474232,1449.5394772298782,93.99816151754499,0.23164487165481956,0.20624929319859778,0.5621058351465827,H,0.1
2020-21,2021-01-31,Leicester City,Leeds United,A,1559.689493431313,1439.5417159625406,120.14777746877235,0.2121607825353036,0.18938001117967776,0.5984592062850187,H,0.1
2020-21,2021-02-02,Sheffield United,West Bromwich Albion,H,1380.0498162430665,1324.6715193313,55.37829691176648,0.26222469201895443,0.22830447449124358,0.5094708334898019,H,0.1
2020-21,2021-02-02,Newcastle United,Crystal Palace,A,1406.5282038213136,1431.4331437697122,-24.904939948398578,0.3341500693376681,0.256891462217146,0.4089584684451859,H,0.1
2020-21,2021-02-02,Wolverhampton Wanderers,Arsenal,H,1470.3647504945002,1536.8383907822467,-66.47364028774655,0.37694746072820035,0.2598936146925902,0.3631589245792095,A,0.1
2020-21,2021-02-02,Manchester United,Southampton,H,1600.15944642367,1471.4824558007047,128.67699062296538,0.20600667425254257,0.18365060752640722,0.6103427182210501,H,0.1
2020-21,2021-02-03,Aston Villa,West Ham,A,1452.592247169943,1482.0770635332376,-29.484816363294613,0.33865999945812303,0.25764640230198504,0.40369359823989187,H,0.1
2020-21,2021-02-03,Burnley,Manchester City,A,1443.3899372630606,1700.0253648465728,-256.6354275835122,0.6214155504637685,0.17823251140541319,0.20035193813081828,A,0.1
2020-21,2021-02-03,Fulham,Leicester City,A,1351.9197102307855,1544.3079921747956,-192.38828194401003,0.5324238390144245,0.21909882184409343,0.24847733914148207,A,0.1
2020-21,2021-02-03,Leeds United,Everton,A,1454.923217219058,1485.9240792052044,-31.000861986146447,0.340163712889968,0.2578735190864577,0.4019627680235743,H,0.1
2020-21,2021-02-03,Liverpool,Brighton and Hove Albion,A,1687.0955573104554,1413.2137634872784,273.8817938231771,0.11487703000958131,0.1,0.7851229699904188,H,0.1
2020-21,2021-02-04,Tottenham,Chelsea,A,1568.0423268972374,1549.6871787142409,18.355148182996572,0.29382997873220384,0.2448694694259591,0.46130055184183705,H,0.1
2020-21,2021-02-06,Newcastle United,Southampton,H,1398.9843436167419,1460.503416737761,-61.51907312101912,0.37162066226068546,0.2599941409681827,0.3683851967711318,A,0.1
2020-21,2021-02-06,Manchester United,Everton,D,1611.1384854866137,1493.3284182879404,117.81006719867332,0.21386456831711034,0.1909339447987091,0.5952014868841806,H,0.1
2020-21,2021-02-06,Aston Villa,Arsenal,H,1440.8017082855968,1529.9848636564877,-89.18315537089097,0.40217253826158705,0.25784655822832575,0.33998090351008714,A,0.1
2020-21,2021-02-06,Burnley,Brighton and Hove Albion,D,1438.5925916079784,1423.968366086868,14.624225521110475,0.29715451864609504,0.24623812666921163,0.4566073546846933,H,0.1
2020-21,2021-02-06,Fulham,West Ham,D,1345.4905215391104,1493.8676024175838,-148.3770808784734,0.4740624348491256,0.24090607679376977,0.2850314883571046,A,0.1
2020-21,2021-02-07,Liverpool,Manchester City,A,1676.3409547108658,1704.822710501655,-28.481755790789066,0.3376680688254537,0.2574898912094393,0.404842039965107,H,0.1
2020-21,2021-02-07,Sheffield United,Chelsea,A,1384.6448249901932,1558.0858194927132,-173.44099450251997,0.5068853358740739,0.22929495263455799,0.26381971149136807,A,0.1
2020-21,2021-02-07,Tottenham,West Bromwich Albion,H,1559.6436861187651,1320.0765105841733,239.5671755345918,0.13492326259425408,0.10823552421071951,0.7568412131950265,H,0.1
2020-21,2021-02-07,Wolverhampton Wanderers,Leicester City,D,1477.2182776202592,1550.7371808664707,-73.5189032462115,0.38463046421289454,0.25953637290355724,0.3558331628835482,A,0.1
2020-21,2021-02-08,Leeds United,Crystal Palace,H,1447.518878136322,1438.977003974284,8.541874162038084,0.3026332130666955,0.24834100874628223,0.4490257781870222,H,0.1
2020-21,2021-02-13,Leicester City,Liverpool,H,1550.348271806315,1661.4170562972051,-111.06878449089004,0.4277434108552845,0.253461687727572,0.3187949014171436,A,0.1
2020-21,2021-02-13,Manchester City,Tottenham,H,1719.7466089153156,1562.641612848049,157.1049960672667,0.18619363523745205,0.16408474052102553,0.6497216242415225,H,0.1
2020-21,2021-02-13,Brighton and Hove Albion,Aston Villa,D,1426.0837932752186,1448.0213609164762,-21.9375676412576,0.33125397160493547,0.25634743541183513,0.4123985929832294,H,0.1
2020-21,2021-02-13,Crystal Palace,Burnley,A,1430.1647455801733,1436.4771644196278,-6.3124188394544944,0.3163314680133134,0.2527835577423307,0.43088497424435585,H,0.1
2020-21,2021-02-14,Arsenal,Leeds United,H,1522.7652110256083,1456.3311365304326,66.43407449517576,0.25323786701595186,0.2224211147443158,0.5243410182397323,H,0.1
2020-21,2021-02-14,Everton,Fulham,A,1498.0417159984988,1347.9807396888434,150.06097630965542,0.19100312298906838,0.16897781499053877,0.6400190620203928,H,0.1
2020-21,2021-02-14,Southampton,Wolverhampton Wanderers,A,1453.731017107231,1477.6071866804148,-23.876169573183688,0.3331437131038653,0.25670772040035744,0.4101485664957773,H,0.1
2020-21,2021-02-14,West Bromwich Albion,Manchester United,D,1317.0785838548895,1606.4251877760553,-289.34660392116575,0.6664507425911721,0.1555568215873669,0.17799243582146104,A,0.1
2020-21,2021-02-15,Chelsea,Newcastle United,H,1562.4844627016575,1405.7567432472717,156.7277194543858,0.1864495609642276,0.16434722132851412,0.6492032177072583,H,0.1
2020-21,2021-02-15,West Ham,Sheffield United,H,1491.3773842678509,1380.2461817812489,111.13120248660198,0.21877303570933426,0.1953292559039735,0.5858977083866923,H,0.1
2020-21,2021-02-17,Burnley,Fulham,D,1452.419650758672,1363.8223121881547,88.59733857051742,0.2357879144110902,0.20956735991092543,0.5546447256779843,H,0.1
2020-21,2021-02-17,Everton,Manchester City,A,1482.2001434991876,1725.5107125788174,-243.3105690796299,0.6028667252598613,0.18726591865685138,0.20986735608328735,A,0.1
2020-21,2021-02-19,Wolverhampton Wanderers,Leeds United,H,1485.174628880678,1449.385081399961,35.78954748071692,0.27864352666288195,0.23771578917661598,0.4836406841605021,H,0.1
2020-21,2021-02-20,Liverpool,Everton,A,1649.4326786727752,1477.0913908632672,172.341287809508,0.17601667193643702,0.15347060236592674,0.6705127256976363,H,0.1
2020-21,2021-02-20,Southampton,Chelsea,D,1446.1635749069678,1567.0608547524098,-120.89727984544197,0.4396222659764101,0.2507524051908197,0.3096253288327703,A,0.1
2020-21,2021-02-20,Fulham,Sheffield United,H,1367.8562651791517,1373.0705670359089,-5.214301856757174,0.3153029035914597,0.25248967933874594,0.43220741706979443,H,0.1
2020-21,2021-02-20,Burnley,West Bromwich Albion,D,1448.385697767675,1322.8629672125467,125.52273055512842,0.20827123006362402,0.18577972067765644,0.6059490492587195,H,0.1
2020-21,2021-02-21,Arsenal,Manchester City,A,1529.7112661560798,1730.6194652147378,-200.90819905865806,0.5440680058944823,0.2141729720781036,0.2417590220274141,A,0.1
2020-21,2021-02-21,Aston Villa,Leicester City,A,1449.1125239843159,1562.332649430745,-113.22012544642917,0.43032294176937275,0.252906954665438,0.3167701035651892,A,0.1
2020-21,2021-02-21,Manchester United,Newcastle United,H,1600.6408044183981,1401.1803511965195,199.46045322187865,0.1586785138745843,0.13472860532971553,0.7065928807957002,H,0.1
2020-21,2021-02-21,West Ham,Tottenham,H,1498.5529990131909,1556.877509184547,-58.32451017135622,0.36821925497857994,0.2599928722734534,0.3717878727479666,H,0.1
2020-21,2021-02-22,Brighton and Hove Albion,Crystal Palace,A,1424.9926302073789,1414.222259241129,10.770370966249857,0.3006173228114422,0.24758922728965546,0.4517934498989023,H,0.1
2020-21,2021-02-23,Leeds United,Southampton,H,1444.398771690394,1447.8986079994231,-3.499836309029206,0.3137021945318847,0.2520196684759538,0.4342781369921615,H,0.1
2020-21,2021-02-27,Newcastle United,Wolverhampton Wanderers,D,1397.4859053034343,1490.1609385902452,-92.67503328681096,0.4061697259064953,0.2573032332577317,0.336527040835773,A,0.1
2020-21,2021-02-27,West Bromwich Albion,Brighton and Hove Albion,H,1327.7471223889083,1416.7090243351006,-88.96190194619226,0.4019203315168129,0.257878954234113,0.3402007142490741,A,0.1
2020-21,2021-02-27,Leeds United,Aston Villa,A,1456.0085115725324,1443.5222812164448,12.486230356087617,0.2990719345212848,0.24699560940670107,0.45393245607201416,H,0.1
2020-21,2021-02-27,Manchester City,West Ham,H,1734.5274990130288,1505.2728923794227,229.25460663360604,0.1408106919738015,0.1148479520249405,0.7443413560012581,H,0.1
2020-21,2021-02-28,Chelsea,Manchester United,D,1565.3258216599545,1604.3352503114834,-39.00942865152888,0.3481978195905173,0.2588836820434421,0.39291849836604054,H,0.1
2020-21,2021-02-28,Crystal Palace,Fulham,D,1422.5058651134073,1373.6898848852145,48.81598022819276,0.26765262799164197,0.23160832034192244,0.5007390516664355,H,0.1
2020-21,2021-02-28,Leicester City,Arsenal,A,1567.9228921986162,1525.8032323577888,42.11965984082735,0.2732659248985225,0.23482523199944624,0.4919088431020312,H,0.1
2020-21,2021-02-28,Sheffield United,Liverpool,A,1367.236947329846,1633.2933694731241,-266.05642214327804,0.6344832225675595,0.17175010225268353,0.19376667517975693,A,0.1
2020-21,2021-02-28,Tottenham,Burnley,H,1550.1576158183152,1443.5015425913134,106.6560732270018,0.22209593173489595,0.19823411925416357,0.5796699490109405,H,0.1
2020-21,2021-03-01,Everton,Southampton,H,1493.2307000629182,1436.2888681172847,56.94183194563357,0.26094186736057823,0.22749605110071486,0.5115620815387069,H,0.1
2020-21,2021-03-02,Manchester City,Wolverhampton Wanderers,H,1736.5247049884995,1489.2232384656547,247.30146652284475,0.13061019414242475,0.10338632824568328,0.766003477611892,H,0.1
2020-21,2021-03-03,Burnley,Leicester City,D,1434.99727158772,1554.0629208739554,-119.06564928623538,0.43739035245197155,0.2512910421208624,0.31131860542716605,A,0.1
2020-21,2021-03-03,Crystal Palace,Manchester United,D,1419.4724326876617,1604.9386735217404,-185.4662408340787,0.5230318510940127,0.2229512938214246,0.2540168550845625,A,0.1
2020-21,2021-03-03,Sheffield United,Aston Villa,H,1362.6511821048243,1451.8320949363697,-89.18091283154536,0.4021699813547743,0.257846887798034,0.3399831308471917,A,0.1
2020-21,2021-03-04,West Bromwich Albion,Everton,A,1334.963259913264,1497.7952801276492,-162.83202021438524,0.4928442056874553,0.2344906624029149,0.27266513190962977,A,0.1
2020-21,2021-03-04,Fulham,Tottenham,A,1376.72331731096,1558.6618868219086,-181.93856951094858,0.518271715779141,0.22485964532377156,0.25686863889708744,A,0.1
2020-21,2021-03-04,Liverpool,Chelsea,A,1637.879134698146,1564.7223984496975,73.1567362484484,0.24786689885716323,0.2186626439617433,0.5334704571810934,H,0.1
2020-21,2021-03-06,Aston Villa,Wolverhampton Wanderers,D,1444.6124779275954,1485.592521613992,-40.980043686396584,0.3501983723436871,0.2590830925329282,0.3907185351233847,H,0.1
2020-21,2021-03-06,Brighton and Hove Albion,Leicester City,A,1409.492886810745,1552.3790656763106,-142.88617886556563,0.4670427859204547,0.24312862604953603,0.2898285880300093,A,0.1
2020-21,2021-03-06,Burnley,Arsenal,D,1436.6811267853648,1539.6632036824496,-102.98207689708488,0.41815194907912,0.25535124783868385,0.3264968030821961,A,0.1
2020-21,2021-03-06,Sheffield United,Southampton,A,1369.8707991135987,1431.7242880525537,-61.853488938955024,0.3719782307431568,0.25999127739705874,0.3680304918597845,A,0.1
2020-21,2021-03-07,West Bromwich Albion,Newcastle United,D,1330.3657317128593,1398.4236054280248,-68.05787371516544,0.3786639734405039,0.25983519263174654,0.36150083392774945,A,0.1
2020-21,2021-03-07,Tottenham,Crystal Palace,H,1562.904938466898,1422.9344421327637,139.9704963341344,0.19800727568901835,0.17594507477836796,0.6260476495326137,H,0.1
2020-21,2021-03-07,Liverpool,Fulham,A,1628.7186059705991,1372.4802656659706,256.23834030462854,0.12544575948415324,0.1,0.7745542405158468,H,0.1
2020-21,2021-03-07,Manchester City,Manchester United,A,1740.1554218401623,1601.4766640766384,138.6787577635239,0.19891365966784563,0.17683209841310643,0.624254241919048,H,0.1
2020-21,2021-03-08,Chelsea,Everton,H,1573.8829271772443,1502.392808328054,71.49011884919037,0.24919195591082885,0.2196065155993924,0.5312015284897788,H,0.1
2020-21,2021-03-08,West Ham,Leeds United,H,1503.275686403952,1447.6986978526074,55.576988551344584,0.2620614521077808,0.22820218649800614,0.5097363613942131,H,0.1
2020-21,2021-03-10,Manchester City,Southampton,H,1724.4807075710269,1442.3529751563237,282.12773241470313,0.11020360824635593,0.1,0.7897963917536441,H,0.1
2020-21,2021-03-12,Newcastle United,Aston Villa,D,1398.191722753492,1444.065585794735,-45.873863041242885,0.35520751760467817,0.25949382915263675,0.3852986532426851,H,0.1
2020-21,2021-03-13,Fulham,Manchester City,A,1383.166309661947,1727.4898123548166,-344.3235026928696,0.7382551668992205,0.11806436360088667,0.14368046949989274,A,0.1
2020-21,2021-03-13,Leeds United,Chelsea,D,1440.421920733777,1580.6781962975767,-140.25627556379982,0.4637042480247131,0.24414945519474202,0.2921462967805449,A,0.1
2020-21,2021-03-13,Crystal Palace,West Bromwich Albion,H,1416.6708605180647,1330.597614387392,86.07324613067271,0.23773854446813708,0.21109508044554495,0.551166375086318,H,0.1
2020-21,2021-03-13,Everton,Burnley,A,1495.5975392077214,1437.9119775150666,57.6855616926548,0.2603330548409004,0.22710870624953808,0.5125582389095615,H,0.1
2020-21,2021-03-14,Leicester City,Sheffield United,H,1557.3638467388982,1359.2421120098286,198.12173472906966,0.15951071574935036,0.13564334731499808,0.7048459369356516,H,0.1
2020-21,2021-03-14,Manchester United,West Ham,H,1617.1513783457738,1510.5524635227825,106.59891482299122,0.22213855099687943,0.19827099795347647,0.5795904510496441,H,0.1
2020-21,2021-03-14,Arsenal,Tottenham,H,1538.4323529527478,1569.168520081597,-30.736167128849274,0.33990078081895714,0.25783468507835955,0.40226453410268337,H,0.1
2020-21,2021-03-14,Southampton,Brighton and Hove Albion,A,1439.343870372534,1404.5081057481573,34.83576462437668,0.27945992643247564,0.23813823766666428,0.48240183590086005,H,0.1
2020-21,2021-03-15,Wolverhampton Wanderers,Liverpool,A,1486.1394137468524,1618.0325619746227,-131.89314822777033,0.45319233093258565,0.2472022382181637,0.2996054308492507,A,0.1
2020-21,2021-03-19,Fulham,Leeds United,A,1379.260629727852,1442.6916545114825,-63.43102478363062,0.37366882754078784,0.2599701120492743,0.3663610604099378,A,0.1
2020-21,2021-03-20,Brighton and Hove Albion,Newcastle United,H,1413.1491315044534,1397.785363740932,15.36376776352131,0.2964933709013713,0.24597153926632492,0.45753508983230384,H,0.1
2020-21,2021-03-21,Aston Villa,Tottenham,A,1444.471944807295,1562.9069760712964,-118.43503126400151,0.4366238332433328,0.25147294557718103,0.31190322117948616,A,0.1
2020-21,2021-03-21,West Ham,Arsenal,D,1506.888911232959,1544.6938969630485,-37.804985730089584,0.34697970911390086,0.25875221422368444,0.3942680766624147,H,0.1
2020-21,2021-04-03,Arsenal,Liverpool,A,1545.3318532369951,1623.237803112419,-77.90594987542386,0.38947932847161537,0.2591871912106078,0.3513334803177767,A,0.1
2020-21,2021-04-03,Chelsea,West Bromwich Albion,A,1578.4084625198711,1326.5772730114386,251.83118950843254,0.12812530603583466,0.10059323829684888,0.7712814556673164,H,0.1
2020-21,2021-04-03,Leeds United,Sheffield United,H,1449.3623469952622,1353.1753348310094,96.18701216425279,0.22997759065690207,0.20488630935579444,0.5651360999873035,H,0.1
2020-21,2021-04-03,Leicester City,Manchester City,A,1563.4306239177174,1731.3954922889118,-167.96486837119437,0.49961212647643216,0.23202600937139795,0.2683618641521699,A,0.1
2020-21,2021-04-04,Southampton,Burnley,H,1430.7028446162378,1446.8705638940055,-16.167719277767674,0.3256802200288437,0.2551672570300287,0.41915252294112754,H,0.1
2020-21,2021-04-04,Newcastle United,Tottenham,D,1386.958807562608,1571.5948709373463,-184.63606337473834,0.5219099716585307,0.22340381513517676,0.25468621320629264,A,0.1
2020-21,2021-04-04,Manchester United,Brighton and Hove Albion,H,1620.8149306355974,1423.9756876827776,196.83924295281986,0.16031029672364275,0.13652101216339121,0.7031686911129661,H,0.1
2020-21,2021-04-04,Aston Villa,Fulham,H,1435.784049941245,1372.5899372440722,63.19411269717284,0.2558514053513948,0.22418481911621177,0.5199637755323935,H,0.1
2020-21,2021-04-05,Everton,Crystal Palace,D,1486.6389528287825,1420.6912018940181,65.94775093476437,0.2536291154929459,0.22268787415398147,0.5236830103530726,H,0.1
2020-21,2021-04-05,Wolverhampton Wanderers,West Ham,A,1480.934172609056,1506.2509549590122,-25.316782349956156,0.334553624655774,0.2569635666490502,0.40848280869517584,H,0.1
2020-21,2021-04-09,Fulham,Wolverhampton Wanderers,A,1365.5461722528344,1473.3997501285473,-107.85357787571297,0.4239100324478205,0.25425016715897036,0.32183980039320925,A,0.1
2020-21,2021-04-10,Crystal Palace,Chelsea,A,1424.16540338761,1557.0743633720087,-132.90895998439873,0.45446049677705214,0.24684740139722167,0.29869210182572614,A,0.1
2020-21,2021-04-10,Liverpool,Aston Villa,H,1635.9372088636035,1442.8278149324829,193.10939393112062,0.1626486350033006,0.13908052245922478,0.6982708425374746,H,0.1
2020-21,2021-04-10,Manchester City,Leeds United,A,1738.5288854724572,1453.2040799213044,285.32480555115285,0.108436116756278,0.1,0.7915638832437221,H,0.1
2020-21,2021-04-11,Tottenham,Manchester United,A,1568.153909422724,1623.177305836865,-55.02339641414096,0.3647315381742372,0.2599371237011887,0.3753313381245741,H,0.1
2020-21,2021-04-11,West Ham,Leicester City,H,1513.785377439521,1556.297230734172,-42.51185329465102,0.35175997805955384,0.2592246235957046,0.38901539834474164,H,0.1
2020-21,2021-04-11,Burnley,Newcastle United,A,1440.8531742314092,1390.3997690772303,50.45340515417888,0.2662915679051294,0.23079767208567828,0.5029107600091923,H,0.1
2020-21,2021-04-11,Sheffield United,Arsenal,A,1349.3336019049673,1532.6324474858106,-183.29884558084336,0.5201050287153057,0.22412830732424455,0.25576666396044967,A,0.1
2020-21,2021-04-12,Brighton and Hove Albion,Everton,D,1421.61331248151,1483.1647513351907,-61.551438853680565,0.3716552563309889,0.25999388864356043,0.36835085502545073,A,0.1
2020-21,2021-04-12,West Bromwich Albion,Southampton,H,1347.911372159301,1436.7202342788341,-88.80886211953316,0.4017459556868861,0.25790122049375497,0.34035282381935894,A,0.1
2020-21,2021-04-16,Everton,Tottenham,D,1483.1200976322707,1557.2823389662926,-74.16224133402193,0.38533841184781553,0.25949124098264326,0.3551703471695411,A,0.1
2020-21,2021-04-17,Newcastle United,West Ham,H,1399.2602735636358,1520.243455318487,-120.9831817548511,0.43972714326736095,0.2507267686244999,0.30954608810813916,A,0.1
2020-21,2021-04-17,Wolverhampton Wanderers,Sheffield United,H,1479.1029221555639,1340.8966871260159,138.206235029548,0.19924577106278826,0.17715624860088935,0.6235979803363224,H,0.1
2020-21,2021-04-18,Arsenal,Fulham,D,1541.0693622647623,1359.8430002258178,181.22636203894444,0.17022577251535417,0.1472922004273394,0.6824820270573064,H,0.1
2020-21,2021-04-18,Manchester United,Burnley,H,1634.0488762932962,1431.9926697450037,202.0562065482925,0.15707198973300768,0.13295921382456566,0.7099687964424267,H,0.1
2020-21,2021-04-19,Leeds United,Liverpool,D,1463.9969871492005,1638.3449149766818,-174.34792782748127,0.508094927476071,0.22883282229334564,0.2630722502305833,A,0.1
2020-21,2021-04-20,Chelsea,Brighton and Hove Albion,D,1567.4437030696952,1421.65796618443,145.78573688526512,0.19395424249715185,0.1719371829053231,0.634108574597525,H,0.1
2020-21,2021-04-21,Tottenham,Southampton,H,1556.8749425066167,1422.2928233092598,134.58211919735686,0.2018028224263766,0.17963617821189057,0.6185609993617328,H,0.1
2020-21,2021-04-21,Aston Villa,Manchester City,A,1440.4201088194045,1727.735978244561,-287.3158694251565,0.6636889485751329,0.15697198176561908,0.17933906965924792,A,0.1
2020-21,2021-04-22,Leicester City,West Bromwich Albion,H,1549.839152855206,1362.3387831288753,187.50036972633075,0.16620113306097206,0.14294704934065278,0.6908518175983751,H,0.1
2020-21,2021-04-23,Arsenal,Everton,A,1535.0619555681344,1483.5274940919467,51.534461476187744,0.26539542245680925,0.23025741530567934,0.5043471622375114,H,0.1
2020-21,2021-04-24,Liverpool,Newcastle United,D,1635.1676184795183,1406.9719571360324,228.19566134348588,0.1414240070077971,0.1155358258167456,0.7430401671754573,H,0.1
2020-21,2021-04-24,Sheffield United,Brighton and Hove Albion,H,1337.738287641132,1426.9734364967512,-89.23514885561917,0.40223182404020597,0.2578389101414399,0.33992926581835414,A,0.1
2020-21,2021-04-24,West Ham,Chelsea,A,1512.5317717460903,1562.128232757374,-49.596461011283736,0.3590573293254222,0.2597253332480474,0.3812173374265304,H,0.1
2020-21,2021-04-25,Aston Villa,West Bromwich Albion,D,1437.8116733293487,1357.3843837624454,80.42728956690326,0.24213535613504006,0.21445613704007604,0.543408506824884,H,0.1
2020-21,2021-04-25,Leeds United,Manchester United,D,1467.174283646364,1637.69451126323,-170.5202276168659,0.5029994875335589,0.23076439363584245,0.2662361188305986,A,0.1
2020-21,2021-04-25,Wolverhampton Wanderers,Burnley,A,1482.2613216404477,1428.34703477507,53.91428686537779,0.26342947285370183,0.22905412799658256,0.5075163991497156,H,0.1
2020-21,2021-04-26,Leicester City,Crystal Palace,H,1554.793552221636,1413.7960636899236,140.9974885317124,0.1972882369564926,0.1752389506411986,0.6274728124023088,H,0.1
2020-21,2021-04-30,Southampton,Leicester City,D,1419.0792388462694,1557.9099310055499,-138.8306921592805,0.46190103854688586,0.24469078763837152,0.29340817381474266,A,0.1
2020-21,2021-05-01,Crystal Palace,Manchester City,A,1410.6796849060097,1730.3444137346169,-319.66472882860717,0.7068590995252363,0.13458915369601443,0.1585517467787493,A,0.1
2020-21,2021-05-01,Everton,Aston Villa,A,1492.4028056354125,1433.9764559099847,58.426349725427826,0.25972753808706345,0.2267211142301383,0.5135513476827983,H,0.1
2020-21,2021-05-01,Brighton and Hove Albion,Leeds United,H,1419.7529579965487,1470.252188084798,-50.499230088249305,0.35999612983749657,0.25977091344928777,0.3802329567132156,H,0.1
2020-21,2021-05-01,Chelsea,Fulham,H,1569.109805601169,1365.8504069224457,203.2593986787233,0.15633051448338345,0.1321410615675864,0.7115284239490302,H,0.1
2020-21,2021-05-02,Newcastle United,Arsenal,A,1413.7739981652603,1526.1866440246686,-112.41264585940826,0.4293533823014674,0.25311770677553785,0.31752891092299473,A,0.1
2020-21,2021-05-02,Tottenham,Sheffield United,H,1560.088526969607,1344.9587661413345,215.12976082827254,0.14912430794341805,0.1241461025494962,0.7267295895070858,H,0.1
2020-21,2021-05-03,Burnley,West Ham,A,1449.030138034608,1505.5501989022953,-56.520060867687334,0.3663093971491592,0.25996925383121644,0.3737213490196244,H,0.1
2020-21,2021-05-03,West Bromwich Albion,Wolverhampton Wanderers,D,1361.2196011818094,1461.5782183809097,-100.35861719910031,0.41507616697094185,0.2558970475047945,0.3290267855242637,A,0.1
2020-21,2021-05-07,Leicester City,Newcastle United,A,1555.6791510551066,1404.8868401174059,150.79231093770068,0.19050072269144416,0.16847067941581845,0.6410285978927375,H,0.1
2020-21,2021-05-08,Leeds United,Tottenham,H,1459.8061899012653,1565.0808560913185,-105.27466619005327,0.4208542385462086,0.25484718673652623,0.32429857471726514,A,0.1
2020-21,2021-05-08,Liverpool,Southampton,H,1628.3655774502904,1421.3100187967127,207.0555586535777,0.1540043818748931,0.1295685688953667,0.7164270492297402,H,0.1
2020-21,2021-05-08,Manchester City,Chelsea,A,1733.8592335773951,1572.7329954923257,161.12623808506942,0.1834775859007001,0.16128511346710803,0.6552373006321919,H,0.1
2020-21,2021-05-08,Sheffield United,Crystal Palace,A,1339.966437019623,1407.1648650632314,-67.19842804360837,0.37773196713245966,0.25986846575125827,0.36239956711628213,A,0.1
2020-21,2021-05-09,Wolverhampton Wanderers,Brighton and Hove Albion,H,1460.4218006949143,1430.1989561800815,30.222844514832786,0.2834314990662602,0.24013178208909303,0.4764367188446468,H,0.1
2020-21,2021-05-09,West Ham,Everton,A,1512.3757399495103,1483.4343032795198,28.94143666999048,0.28454161580223547,0.24067076554647093,0.4747876186512936,H,0.1
2020-21,2021-05-09,Arsenal,West Bromwich Albion,H,1535.073802072523,1362.3760188678048,172.69778320471823,0.1757822739030452,0.1532223364518177,0.670995389645137,H,0.1
2020-21,2021-05-09,Aston Villa,Manchester United,A,1442.9449582658774,1634.616606824796,-191.6716485589186,0.531448487440152,0.21950408859471462,0.24904742396513338,A,0.1
2020-21,2021-05-10,Fulham,Burnley,A,1362.227217031289,1442.204596987393,-79.97737995610396,0.39178613040221727,0.2589886431699375,0.3492252264278452,A,0.1
2020-21,2021-05-11,Manchester United,Leicester City,A,1641.065823901917,1539.827200649325,101.23862325259188,0.2261554232299622,0.2017029258996963,0.5721416508703415,H,0.1
2020-21,2021-05-11,Southampton,Crystal Palace,H,1417.7569016415916,1417.6045251712055,0.15237647038611613,0.3103131164524208,0.2509733073092562,0.438713576238323,H,0.1
2020-21,2021-05-12,Chelsea,Arsenal,A,1582.8242042653883,1539.3030231612104,43.52118110417791,0.27208473764966884,0.23416523366872313,0.49375002868160806,H,0.1
2020-21,2021-05-13,Aston Villa,Everton,D,1436.4957411887565,1491.989869240496,-55.49412805173961,0.365227198841189,0.2599484548237445,0.3748243463350665,H,0.1
2020-21,2021-05-13,Manchester United,Liverpool,A,1631.5673133326707,1631.9186946054115,-0.35138127274080944,0.31077890735167635,0.25112126506057514,0.43809982758774846,H,0.1
2020-21,2021-05-14,Newcastle United,Manchester City,A,1420.7387905231874,1723.7680248043325,-303.02923428114514,0.6848944768988072,0.14604174177367038,0.16906378132752245,A,0.1
2020-21,2021-05-15,Burnley,Leeds United,A,1452.1964798550332,1471.649164872178,-19.45268501714486,0.3288442915985565,0.2558588987725568,0.41529680962888676,H,0.1
2020-21,2021-05-15,Southampton,Fulham,H,1426.8591191099047,1352.2353341636488,74.62378494625591,0.24670399933035753,0.21782537430092627,0.5354706263687161,H,0.1
2020-21,2021-05-15,Brighton and Hove Albion,West Ham,D,1425.0981395527153,1503.820173988534,-78.72203443581861,0.3903868156738214,0.25911154304978373,0.350501641276395,A,0.1
2020-21,2021-05-16,Crystal Palace,Aston Villa,H,1408.5023077028925,1436.3660590395004,-27.863751336607947,0.33705809543817233,0.2573909909395851,0.4055509136222426,H,0.1
2020-21,2021-05-16,Everton,Sheffield United,A,1492.1195513897521,1329.526776911649,162.59277447810314,0.1824924075565346,0.1602634308212937,0.6572441616221717,H,0.1
2020-21,2021-05-16,Tottenham,Wolverhampton Wanderers,H,1553.2378811204057,1465.5226173222804,87.7152637981253,0.23646853911734625,0.21010295129604908,0.5534285095866047,H,0.1
2020-21,2021-05-16,West Bromwich Albion,Liverpool,A,1358.1467977791174,1644.7705749203408,-286.6237771412234,0.6627464053579782,0.15745431889646372,0.1797992757455581,A,0.1
2020-21,2021-05-18,Brighton and Hove Albion,Manchester City,H,1425.6364820524975,1726.1802961111794,-300.54381405868185,0.6815672067552214,0.14776595170053924,0.1706668415442393,A,0.1
2020-21,2021-05-18,Chelsea,Leicester City,H,1574.0598480743024,1549.3257112185713,24.734136855731094,0.28820783468562694,0.2423942843457397,0.46939788096863333,H,0.1
2020-21,2021-05-18,Manchester United,Fulham,D,1618.7154330177414,1345.5324761500272,273.1829568677142,0.11528077800571739,0.1,0.7847192219942827,H,0.1
2020-21,2021-05-18,Southampton,Leeds United,A,1433.5619771235263,1489.4559006734348,-55.89392354990855,0.3656486049344651,0.25995719527596844,0.3743941997895664,H,0.1
2020-21,2021-05-19,Tottenham,Aston Villa,A,1559.5634273837147,1430.152591139306,129.41083624440876,0.20548172425226666,0.18315367024931087,0.6113646054984225,H,0.1
2020-21,2021-05-19,Newcastle United,Sheffield United,H,1418.3265192163406,1339.6303022879295,78.6962169284111,0.24349283609404412,0.2154704576663501,0.5410367062396058,H,0.1
2020-21,2021-05-19,West Bromwich Albion,West Ham,A,1355.5294433493195,1503.2818314887518,-147.75238813943224,0.47326051586487844,0.2411650647829432,0.28557441935217837,A,0.1
2020-21,2021-05-19,Everton,Wolverhampton Wanderers,H,1482.0160260134717,1459.1970710589715,22.818954954500214,0.2898876682353753,0.24315507567344052,0.46695725609118416,H,0.1
2020-21,2021-05-19,Burnley,Liverpool,A,1434.3897440537764,1647.3879293501386,-212.99818529636218,0.5607226285652912,0.2068685439606138,0.232408827474095,A,0.1
2020-21,2021-05-19,Crystal Palace,Arsenal,A,1414.715775603087,1548.0673793522963,-133.3516037492093,0.4550138608895039,0.24669138404067484,0.2982947550698213,A,0.1
2020-21,2021-05-23,Leeds United,West Bromwich Albion,H,1500.2964359270159,1347.7809578649062,152.51547806210965,0.1893197738795163,0.1672748695417714,0.6434053565787123,H,0.1
2020-21,2021-05-23,Sheffield United,Burnley,H,1335.4762822004147,1426.9824671004105,-91.50618489999579,0.4048282173336428,0.2574918023524671,0.3376799803138902,A,0.1
2020-21,2021-05-23,Manchester City,Everton,H,1716.426055274851,1487.2713184059373,229.1547368689137,0.14086846468614417,0.11491275801163851,0.7442187773022174,H,0.1
2020-21,2021-05-23,Fulham,Newcastle United,A,1352.9706810832333,1422.4805393038553,-69.50985822062194,0.3802428561672465,0.2597704751510308,0.3599866686817227,A,0.1
2020-21,2021-05-23,West Ham,Southampton,H,1511.030316973165,1422.7214418699452,88.30887510321986,0.23601037453255835,0.20974271380901988,0.5542469116584218,H,0.1
2020-21,2021-05-23,Arsenal,Brighton and Hove Albion,H,1556.2706988343857,1435.3907228888258,120.87997594555986,0.21162865002946601,0.18889176017052764,0.5994795898000063,H,0.1
2020-21,2021-05-23,Liverpool,Crystal Palace,H,1654.7952063035045,1406.5124561209975,248.28275018250702,0.13006930056067742,0.10277824244063077,0.7671524569986918,H,0.1
2020-21,2021-05-23,Leicester City,Tottenham,A,1544.1106121989656,1549.7641968238124,-5.6535846248468715,0.31571405209142933,0.2526079132541471,0.43167803465442356,H,0.1
2020-21,2021-05-23,Aston Villa,Chelsea,H,1439.9518216992083,1579.2749470939082,-139.3231253946999,0.4625233933858095,0.24450475910682065,0.29297184750736976,A,0.1
2020-21,2021-05-23,Wolverhampton Wanderers,Manchester United,A,1453.9417786665058,1611.2772280845352,-157.33544941802938,0.48565253906034306,0.23702372630016214,0.27732373463949483,A,0.1
2021-22,2021-08-13,Brentford,Arsenal,H,1420.0,1555.534459376348,-135.53445937634797,0.45774939756045613,0.24590967688938217,0.29634092555016167,A,0.1
2021-22,2021-08-14,Chelsea,Crystal Palace,H,1564.1640134663344,1413.2851677110855,150.8788457552489,0.19044132333793332,0.16841065723480095,0.6411480194272657,H,0.1
2021-22,2021-08-14,Burnley,Brighton and Hove Albion,A,1427.753379000896,1436.9608201745423,-9.207441173646203,0.31905560752990364,0.2535313416310105,0.4274130508390858,H,0.1
2021-22,2021-08-14,Everton,Southampton,H,1483.8953164279967,1423.2845882359102,60.610728192086526,0.2579471682782732,0.22556798392915872,0.5164848477925681,H,0.1
2021-22,2021-08-14,Leicester City,Wolverhampton Wanderers,H,1528.3071886290033,1454.3153122736649,73.99187635533849,0.2472045010974877,0.21818674596866353,0.5346087529338488,H,0.1
2021-22,2021-08-14,Manchester United,Leeds United,H,1604.381793802272,1504.4711674293158,99.91062637295636,0.22715675656268863,0.20254474915112514,0.5702984942861862,H,0.1
2021-22,2021-08-14,Watford,Aston Villa,H,1410.267933089421,1453.1400784474704,-42.872145358049465,0.3521281103611511,0.2592561979398545,0.38861569169899446,H,0.1
2021-22,2021-08-14,Norwich City,Liverpool,A,1327.7864712646729,1641.8917284709664,-314.1052572062936,0.6995814185256053,0.13839615844520686,0.16202242302918787,A,0.1
2021-22,2021-08-15,Newcastle United,West Ham,A,1439.5548820678794,1517.091994722889,-77.53711265500965,0.3890697469258856,0.2592202820117785,0.3517099710623359,A,0.1
2021-22,2021-08-15,Tottenham,Manchester City,H,1556.180139491497,1699.4323198847128,-143.2521803932159,0.4675086301901841,0.24298429491846368,0.28950707489135213,A,0.1
2021-22,2021-08-21,Leeds United,Everton,D,1495.700446732106,1491.0175926092084,4.682854122897652,0.3061478516751004,0.24959098292751802,0.4442611653973816,H,0.1
2021-22,2021-08-21,Manchester City,Norwich City,H,1691.3943967169594,1323.224083718737,368.17031299822247,0.07053015220162723,0.1,0.8294698477983727,H,0.1
2021-22,2021-08-21,Liverpool,Burnley,H,1646.4541160169024,1419.8488164366124,226.60529958028997,0.14234815449175314,0.11657185044171231,0.7410799950665345,H,0.1
2021-22,2021-08-21,Aston Villa,Newcastle United,H,1446.6760048880399,1429.4779747500513,17.198030137988553,0.29485816243360147,0.2453002667383235,0.45984157082807503,H,0.1
2021-22,2021-08-21,Crystal Palace,Brentford,D,1407.3432017332318,1432.563633627942,-25.220431894710146,0.3344591777675254,0.2569467722924713,0.4085940499400033,H,0.1
2021-22,2021-08-21,Brighton and Hove Albion,Watford,H,1444.865382738826,1416.7320066488514,28.13337608997449,0.28524321060202573,0.24100729846962046,0.47374949092835383,H,0.1
2021-22,2021-08-22,Arsenal,Chelsea,A,1542.970825748406,1570.105979444188,-27.135153695782037,0.33634011248180884,0.2572719760241082,0.40638791149408293,H,0.1
2021-22,2021-08-22,Southampton,Manchester United,D,1416.1623120546985,1613.1525144994819,-196.99020244478334,0.5387025797238252,0.21646239356311617,0.24483502671305865,A,0.1
2021-22,2021-08-22,Wolverhampton Wanderers,Tottenham,A,1450.0745632179746,1564.2180626592503,-114.14349944127571,0.4314336623051459,0.2526622256796255,0.31590411201522867,A,0.1
2021-22,2021-08-23,West Ham,Leicester City,H,1527.168902040717,1532.5479376846936,-5.379035643976522,0.31545703831978394,0.2525341228483273,0.43200883883188873,H,0.1
2021-22,2021-08-28,Norwich City,Leicester City,A,1320.8183870044977,1520.8751727008216,-200.0567856963239,0.5429005862269864,0.21467388789583278,0.24242552587718075,A,0.1
2021-22,2021-08-28,Brighton and Hove Albion,Everton,A,1453.0186872217764,1492.8580997270612,-39.83941250528483,0.34903926411408226,0.25897004527086853,0.3919906906150492,H,0.1
2021-22,2021-08-28,Newcastle United,Southampton,D,1420.96009306878,1419.912834691986,1.047258376793934,0.3094869902844846,0.25070762377523637,0.439805385940279,H,0.1
2021-22,2021-08-28,Manchester City,Arsenal,H,1693.8000934311985,1531.0950626310153,162.7050308001833,0.18241711500567745,0.16018521585822082,0.6573976691361016,H,0.1
2021-22,2021-08-28,Liverpool,Chelsea,D,1649.6639206147115,1581.9817425615788,67.6821780531327,0.25223544850778806,0.2217332758597366,0.5260312756324754,H,0.1
2021-22,2021-08-28,Aston Villa,Brentford,D,1455.1938865693112,1433.561339706162,21.632546863149173,0.2909317606213897,0.2436188098792194,0.46544942949939094,H,0.1
2021-22,2021-08-28,West Ham,Crystal Palace,D,1538.841667024589,1406.3454956550117,132.49617136957727,0.2032825053899086,0.1810582104429261,0.6156592841671653,H,0.1
2021-22,2021-08-29,Burnley,Leeds United,D,1416.6390118388033,1493.859939614253,-77.22092777544981,0.3887189144843705,0.2592481040350117,0.35203298148061785,A,0.1
2021-22,2021-08-29,Tottenham,Watford,H,1569.7889733513748,1408.578702165901,161.21027118547386,0.18342105739654044,0.16122657805510435,0.6553523645483552,H,0.1
2021-22,2021-08-29,Wolverhampton Wanderers,Manchester United,A,1444.5036525258502,1609.4019918621943,-164.89833933634418,0.49556283930110323,0.2335097887908531,0.2709273719080438,A,0.1
2021-22,2021-09-11,Watford,Wolverhampton Wanderers,A,1405.754160367282,1439.94525776713,-34.19109739984788,0.34334575785430244,0.2583142206947102,0.39834002145098735,H,0.1
2021-22,2021-09-11,Leicester City,Manchester City,A,1524.7978711937892,1701.0478724928182,-176.250001299029,0.5106362509258037,0.2278547492989862,0.26150899977521014,A,0.1
2021-22,2021-09-11,Crystal Palace,Tottenham,H,1411.3809790561006,1572.6135151499936,-161.23253609389303,0.4907453727123495,0.2352392893322877,0.2740153379553628,A,0.1
2021-22,2021-09-11,Chelsea,Aston Villa,H,1585.4997630374914,1452.8866151675709,132.61314786992057,0.2031993741165673,0.1809785751845614,0.6158220506988713,H,0.1
2021-22,2021-09-11,Brentford,Brighton and Hove Albion,A,1435.8686111079023,1441.6025222505712,-5.7339111426688305,0.3157892788340315,0.25262943632638835,0.43158128483958014,H,0.1
2021-22,2021-09-11,Southampton,West Ham,D,1421.6520542515443,1533.8061836235001,-112.15412937195583,0.42904332165824166,0.2531845352976596,0.3177721430440988,A,0.1
2021-22,2021-09-11,Manchester United,Newcastle United,H,1613.9603866209145,1419.2208735092217,194.73951311169276,0.1616243076515138,0.13796065689780618,0.70041503545068,H,0.1
2021-22,2021-09-11,Arsenal,Norwich City,H,1523.8472835693956,1316.8956885115301,206.95159505786546,0.15406781738605207,0.12963883498836198,0.7162933476255859,H,0.1
2021-22,2021-09-12,Leeds United,Liverpool,A,1493.3646869769857,1646.1459001387989,-152.78121316181318,0.47973956141891694,0.2390363610664542,0.28122407751462886,A,0.1
2021-22,2021-09-13,Everton,Burnley,H,1504.2742646982665,1417.1342644760707,87.1400002221958,0.23691302797619757,0.21045126270466055,0.5526357093191419,H,0.1
2021-22,2021-09-17,Newcastle United,Leeds United,D,1414.4452570171786,1483.7835911258792,-69.33833410870056,0.38005605910966805,0.2597786766186,0.36016526427173196,A,0.1
2021-22,2021-09-18,Wolverhampton Wanderers,Brentford,A,1451.5653828340623,1427.8840392721966,23.681343561865788,0.28913039968204535,0.24281435619987943,0.4680552441180752,H,0.1
2021-22,2021-09-18,Norwich City,Watford,A,1314.6527198467306,1394.1340353003498,-79.48131545361912,0.3912326867280734,0.2590381543349987,0.34972915893692796,A,0.1
2021-22,2021-09-18,Manchester City,Southampton,D,1705.3947123694077,1423.141996330589,282.25271603881856,0.11013404829189517,0.1,0.7898659517081048,H,0.1
2021-22,2021-09-18,Liverpool,Crystal Palace,H,1655.7269959899054,1427.9577531696204,227.76924282028494,0.1416714367257734,0.11581326622930233,0.7425152970449242,H,0.1
2021-22,2021-09-18,Aston Villa,Everton,H,1446.3988889062205,1510.6160915397322,-64.21720263351176,0.37451372128002525,0.2599548472073704,0.36553143151260437,A,0.1
2021-22,2021-09-18,Burnley,Arsenal,A,1410.792437634605,1526.090252234195,-115.29781459959008,0.43282518032826334,0.2523507112316975,0.31482410844003916,A,0.1
2021-22,2021-09-19,Brighton and Hove Albion,Leicester City,H,1449.587094086277,1520.4510313171997,-70.86393723092283,0.3817201642912026,0.25970049944658663,0.35857933626221083,A,0.1
2021-22,2021-09-19,Tottenham,Chelsea,A,1556.0367410364738,1591.9874892988419,-35.95074826236805,0.34511126462587444,0.25853563063824775,0.39635310473587776,H,0.1
2021-22,2021-09-19,West Ham,Manchester United,A,1532.3162415444554,1618.7360031129576,-86.41976156850228,0.39903165344144437,0.2582337513290874,0.3427345952294683,A,0.1
2021-22,2021-09-25,Watford,Newcastle United,D,1404.1431828251589,1414.7139711734674,-10.570788348308497,0.32034479595094895,0.2538698660589371,0.4257853379901139,H,0.1
2021-22,2021-09-25,Leicester City,Burnley,D,1513.5259533119079,1405.245652623229,108.28030068867884,0.2208867290162172,0.19718376813863314,0.5819295028451497,H,0.1
2021-22,2021-09-25,Leeds United,West Ham,A,1483.5148769695904,1526.1529452318568,-42.638068262266415,0.3518889034534187,0.25923575885267247,0.3888753376939088,H,0.1
2021-22,2021-09-25,Manchester United,Aston Villa,A,1624.8992994255561,1460.0321440636774,164.86715536187876,0.180970215330618,0.15867855400608452,0.6603512306632975,H,0.1
2021-22,2021-09-25,Chelsea,Manchester City,A,1606.5701871872309,1697.8421356647832,-91.27194847755231,0.404559805362629,0.2575287815479616,0.33791141308940936,A,0.1
2021-22,2021-09-25,Brentford,Liverpool,D,1441.3215653768202,1659.7526739674347,-218.43110859061449,0.568246253038187,0.2034785063418466,0.22827524061996649,A,0.1
2021-22,2021-09-25,Everton,Norwich City,H,1496.9828363822753,1304.6435723219215,192.3392640603538,0.1631338398655004,0.13961022626519975,0.6972559338692998,H,0.1
2021-22,2021-09-26,Arsenal,Tottenham,H,1531.637037245571,1541.4540431480848,-9.817005902513756,0.3196315130646619,0.2536837814056498,0.42668470552968824,H,0.1
2021-22,2021-09-26,Southampton,Wolverhampton Wanderers,A,1430.6945730352136,1438.1278567294387,-7.433283694225111,0.31738401847960385,0.2530777296519472,0.42953825186844896,H,0.1
2021-22,2021-09-27,Crystal Palace,Brighton and Hove Albion,D,1423.9320751920911,1456.5121720915688,-32.58009689947767,0.3417358739331378,0.25809799419108514,0.40016613187577704,H,0.1
2021-22,2021-10-02,Wolverhampton Wanderers,Newcastle United,H,1446.0732790790912,1416.1271367493198,29.94614232977142,0.2836709586563733,0.24024871803528902,0.47608032330833766,H,0.1
2021-22,2021-10-02,Brighton and Hove Albion,Arsenal,D,1457.2997458881773,1541.0054826165238,-83.70573672834644,0.3959661605036449,0.25857705155414856,0.3454567879422065,A,0.1
2021-22,2021-10-02,Burnley,Norwich City,D,1409.7428558373674,1300.812475042041,108.93038079532653,0.22040377276487982,0.1967620962718332,0.582834130963287,H,0.1
2021-22,2021-10-02,Chelsea,Southampton,H,1600.512250407413,1422.749150685561,177.76309972185186,0.1724702904946775,0.1496977463078304,0.6778319631974922,H,0.1
2021-22,2021-10-02,Leeds United,Watford,H,1476.3756804096133,1402.7300172493065,73.64566316030687,0.24747897452022452,0.2183842680076091,0.5341367574721664,H,0.1
2021-22,2021-10-02,Manchester United,Everton,D,1614.7768778690013,1500.813933662156,113.96294420684535,0.21668452505770033,0.19347406779066223,0.5898414071516375,H,0.1
2021-22,2021-10-03,West Ham,Brentford,A,1533.292141791834,1445.5897617170954,87.70238007473858,0.23647848874780206,0.21011076070362547,0.5534107505485725,H,0.1
2021-22,2021-10-03,Tottenham,Aston Villa,H,1532.085597777132,1470.1545656202322,61.931032156899846,0.25687475315212827,0.2248636817037859,0.5182615651440858,H,0.1
2021-22,2021-10-03,Crystal Palace,Leicester City,D,1423.1445013954826,1509.0287500977695,-85.88424870228687,0.39842527813043394,0.25830439566442287,0.3432703262051432,A,0.1
2021-22,2021-10-03,Liverpool,Manchester City,D,1655.4844776271595,1703.9000724446012,-48.415594817441615,0.3578323910912255,0.25965948494134017,0.38250812396743433,H,0.1
2021-22,2021-10-16,Aston Villa,Wolverhampton Wanderers,A,1465.68626777125,1451.179824489278,14.506443281971997,0.2972599145951819,0.24628036817217475,0.4564597172326433,H,0.1
2021-22,2021-10-16,Brentford,Chelsea,A,1454.9300441255527,1604.63578375162,-149.70573962606727,0.47577081372935554,0.24035006805313436,0.28387911821751016,A,0.1
2021-22,2021-10-16,Leicester City,Manchester United,H,1508.285116839019,1610.1501589106692,-101.86504207165012,0.41684016401494367,0.2555876997556012,0.3275721362294551,A,0.1
2021-22,2021-10-16,Manchester City,Burnley,H,1704.233374923316,1405.2307386113723,299.00263631194366,0.10114850362128655,0.1,0.7988514963787134,H,0.1
2021-22,2021-10-16,Norwich City,Brighton and Hove Albion,D,1305.324592268036,1457.9809950006754,-152.65640273263944,0.4795781140794475,0.23909039440531202,0.2813314915152405,A,0.1
2021-22,2021-10-16,Southampton,Leeds United,H,1418.625617341354,1480.6228575058838,-61.997240164529785,0.37213202183950805,0.25998987195750883,0.36787810620298306,A,0.1
2021-22,2021-10-16,Watford,Liverpool,A,1398.482840153036,1655.1511751484447,-256.6683349954087,0.6214612833932973,0.17820998554685444,0.20032873105984825,A,0.1
2021-22,2021-10-17,Everton,West Ham,A,1505.440652620488,1523.9518593833766,-18.511206762888605,0.3279349723514172,0.2556659899281964,0.41639903772038644,H,0.1
2021-22,2021-10-17,Newcastle United,Tottenham,A,1411.020591339133,1536.5538956261144,-125.53330428698132,0.4453081102764047,0.24932120409798042,0.30537068562561487,A,0.1
2021-22,2021-10-18,Arsenal,Crystal Palace,D,1540.3242335040256,1423.888134654233,116.43609884979264,0.21486939350284412,0.19184364359264328,0.5932869629045127,H,0.1
2021-22,2021-10-22,Arsenal,Aston Villa,H,1535.6417538526384,1457.3457345053007,78.29601934733773,0.24380729811128782,0.2157038383588014,0.5404888635299108,H,0.1
2021-22,2021-10-23,Brighton and Hove Albion,Manchester City,A,1455.3756050685918,1706.4073139925085,-251.03170892391677,0.6136211696482426,0.1820540400620931,0.20432479028966422,A,0.1
2021-22,2021-10-23,Chelsea,Norwich City,H,1609.486262477125,1307.9299822001196,301.55628027700527,0.0998362320073544,0.1,0.8001637679926457,H,0.1
2021-22,2021-10-23,Crystal Palace,Newcastle United,D,1428.5706143056202,1405.68566079715,22.88495350847029,0.2898296648671982,0.2431291083394103,0.46704122679339155,H,0.1
2021-22,2021-10-23,Everton,Watford,A,1497.7500855395995,1390.6599318980225,107.09015364157699,0.2217724131883251,0.19795386137772406,0.5802737254339508,H,0.1
2021-22,2021-10-23,Leeds United,Wolverhampton Wanderers,D,1473.8426115917798,1459.5203577552272,14.32225383655259,0.2974247888713097,0.24634630672171362,0.45622890440697667,H,0.1
2021-22,2021-10-23,Southampton,Burnley,D,1425.405863255458,1403.0567995421798,22.349063713278156,0.2903008743302324,0.24333943761896334,0.46635968805080424,H,0.1
2021-22,2021-10-24,Brentford,Leicester City,A,1450.0795654000478,1520.0441953277273,-69.96462992767943,0.3807384883311664,0.2597480089034181,0.3595135027654155,A,0.1
2021-22,2021-10-24,Manchester United,Liverpool,A,1598.391080421961,1662.9740834034583,-64.5830029814972,0.37490737990098855,0.25994667521277776,0.36514594488623375,A,0.1
2021-22,2021-10-24,West Ham,Tottenham,H,1531.642426464265,1541.8888261680975,-10.246399703832367,0.32003768376476355,0.2537901134256069,0.4261722028096296,H,0.1
2021-22,2021-10-30,Manchester City,Crystal Palace,A,1712.6239530643556,1426.2292432226686,286.394709841687,0.10785010983435843,0.1,0.7921498901656416,H,0.1
2021-22,2021-10-30,Tottenham,Manchester United,A,1535.9707906738242,1581.214068806069,-45.24327813224477,0.3545587750459447,0.2594476790993414,0.3859935458547139,H,0.1
2021-22,2021-10-30,Newcastle United,Chelsea,A,1408.0270318801015,1613.5435406660215,-205.51650878592,0.55039996056839,0.21143000351919725,0.23817003591241268,A,0.1
2021-22,2021-10-30,Liverpool,Brighton and Hove Albion,D,1680.1510950193504,1449.1589659967447,230.9921290226057,0.13980788506910016,0.11372275074273876,0.7464693641881611,H,0.1
2021-22,2021-10-30,Watford,Southampton,A,1409.7882648038653,1423.0790760212117,-13.290811217346345,0.3229290591944372,0.25451900145518147,0.4225519393503813,H,0.1
2021-22,2021-10-30,Leicester City,Arsenal,A,1526.5694079799575,1542.2373429243087,-15.667934944351146,0.32520095558682865,0.25505748108615606,0.41974156332701523,H,0.1
2021-22,2021-10-30,Burnley,Brentford,H,1405.383586776426,1443.5543527478176,-38.170765971391575,0.3473492696390227,0.25879290823093315,0.39385782213004417,H,0.1
2021-22,2021-10-31,Aston Villa,West Ham,A,1450.7501454336305,1537.5604619585383,-86.81031652490788,0.3994743581710859,0.25818132997679877,0.34234431185211533,A,0.1
2021-22,2021-10-31,Norwich City,Leeds United,A,1303.872704011223,1471.7354884269628,-167.86278441573972,0.4994770490504776,0.23207593781331573,0.26844701313620667,A,0.1
2021-22,2021-11-01,Wolverhampton Wanderers,Everton,H,1461.6274809200443,1478.6217526337566,-16.99427171371235,0.32647406502366194,0.2553461764460696,0.41817975853026845,H,0.1
2021-22,2021-11-05,Southampton,Aston Villa,H,1430.8896540887165,1438.4405622541517,-7.550908165435203,0.317494631400291,0.2531082600544914,0.4293971085452176,H,0.1
2021-22,2021-11-06,Crystal Palace,Wolverhampton Wanderers,H,1443.3408941764542,1467.65873784774,-24.3178436712858,0.3335754649060441,0.25678723901670375,0.40963729607725213,H,0.1
2021-22,2021-11-06,Manchester United,Manchester City,A,1595.3742569545527,1695.51230211057,-100.13804515601737,0.4148183699699661,0.255941421783831,0.3292402082462029,A,0.1
2021-22,2021-11-06,Chelsea,Burnley,D,1621.2020926501023,1415.5047571199816,205.69733553012065,0.15483432537391423,0.1304873921778413,0.7146782824482445,H,0.1
2021-22,2021-11-06,Brentford,Norwich City,A,1433.433182404262,1299.3701191595815,134.0630632446805,0.20217047823549697,0.17999041133359106,0.617839110430912,H,0.1
2021-22,2021-11-06,Brighton and Hove Albion,Newcastle United,D,1456.0040190501484,1400.3684798960207,55.63553915412763,0.2620133607177607,0.22817201937671402,0.5098146199055252,H,0.1
2021-22,2021-11-07,Arsenal,Watford,H,1554.5301670734348,1401.9776867363605,152.55248033707426,0.18929445807486553,0.16724917835388065,0.6434563635712538,H,0.1
2021-22,2021-11-07,Everton,Tottenham,D,1472.590495706061,1521.8106025253405,-49.220106819279636,0.35866655287841803,0.25970511281121555,0.3816283343103664,H,0.1
2021-22,2021-11-07,Leeds United,Leicester City,D,1476.2380732786044,1514.2765838308314,-38.03851055222708,0.3472156101183427,0.2587782717817361,0.39400611809992114,H,0.1
2021-22,2021-11-07,West Ham,Liverpool,H,1549.870045138017,1673.3060419659466,-123.43599682792956,0.4427293921501857,0.24998065341791334,0.30728995443190094,A,0.1
2021-22,2021-11-20,Newcastle United,Brentford,D,1403.579056156649,1423.5880396592863,-20.00898350263742,0.3293825327130547,0.25597086990945,0.41464659737749526,H,0.1
2021-22,2021-11-20,Watford,Manchester United,H,1399.030812195766,1586.0749846015767,-187.04417240581074,0.5251669740722559,0.22208546340068688,0.2527475625270571,A,0.1
2021-22,2021-11-20,Wolverhampton Wanderers,West Ham,H,1457.9047721192233,1557.6184679848002,-99.71369586557694,0.4143227567760025,0.2560261289883029,0.32965111423569465,A,0.1
2021-22,2021-11-20,Norwich City,Southampton,H,1309.215261904557,1436.7624666439833,-127.5472047394262,0.44779427027859464,0.2486695104354844,0.303536219285921,A,0.1
2021-22,2021-11-20,Burnley,Crystal Palace,D,1421.9433521678045,1453.094859904971,-31.151507737166412,0.3403134292596487,0.25789546571079647,0.40179110502955484,H,0.1
2021-22,2021-11-20,Aston Villa,Brighton and Hove Albion,H,1432.5677496988849,1452.7934427895202,-20.225693090635332,0.32959239826783343,0.2560140834152799,0.4143935183168866,H,0.1
2021-22,2021-11-20,Liverpool,Arsenal,H,1665.5576191191635,1557.4770416140293,108.08057750513422,0.22103522333274134,0.19731317211716848,0.5816516045500902,H,0.1
2021-22,2021-11-20,Leicester City,Chelsea,A,1514.9078457893017,1614.7634976022794,-99.85565181297761,0.41448850084742866,0.25599788930831513,0.32951360984425626,A,0.1
2021-22,2021-11-21,Manchester City,Everton,H,1704.811574463546,1472.2803249642482,232.53124949929793,0.1389232493088874,0.11272969151983023,0.7483470591712823,H,0.1
2021-22,2021-11-21,Tottenham,Leeds United,H,1522.1207732671533,1475.606811320134,46.5139619470192,0.26957372812276736,0.23273219783301013,0.4976940740442225,H,0.1
2021-22,2021-11-27,Arsenal,Newcastle United,H,1549.0283144029204,1402.4330786509825,146.59523575193793,0.19339360129083571,0.17137758380123333,0.6352288149079309,H,0.1
2021-22,2021-11-27,Norwich City,Wolverhampton Wanderers,D,1317.0248325699501,1465.290366808816,-148.26553423886594,0.4739191808026848,0.24095243659443216,0.28512838260288303,A,0.1
2021-22,2021-11-27,Brighton and Hove Albion,Leeds United,D,1443.1482152628744,1470.8370174997403,-27.688802236865968,0.3368855820313902,0.25736265178422507,0.4057517661843847,H,0.1
2021-22,2021-11-27,Liverpool,Southampton,H,1674.0063463302724,1428.9528959785903,245.05345035168216,0.13185470338636224,0.10478555538329785,0.76335974123034,H,0.1
2021-22,2021-11-27,Crystal Palace,Aston Villa,A,1453.9232832999148,1442.2129772255307,11.710306074384107,0.2997700442472475,0.24726563239061317,0.4529643233621393,H,0.1
2021-22,2021-11-28,Manchester City,West Ham,H,1708.737740745995,1550.2328732952074,158.50486745078774,0.18524568549409792,0.16311051030274226,0.6516438042031598,H,0.1
2021-22,2021-11-28,Leicester City,Watford,H,1503.1613928341808,1416.2817693849686,86.8796234492122,0.2371143706136277,0.2106086582692143,0.552276971117158,H,0.1
2021-22,2021-11-28,Brentford,Everton,H,1424.7340171649528,1468.3541586817992,-43.62014151684639,0.35289339763423183,0.2593196618019802,0.387786940563788,H,0.1
2021-22,2021-11-28,Chelsea,Manchester United,D,1626.5099505574003,1568.824027412374,57.68592314502621,0.2603327591755791,0.22710851756401865,0.5125587232604023,H,0.1
2021-22,2021-11-30,Leeds United,Crystal Palace,H,1471.7643366591988,1445.6253078042982,26.139028854900516,0.2869799601329316,0.24182670019465802,0.4711933396724104,H,0.1
2021-22,2021-11-30,Newcastle United,Norwich City,D,1397.6253010768735,1319.5120390020843,78.11326207478919,0.24395098205445123,0.21581027528738062,0.5402387426581682,H,0.1
2021-22,2021-12-01,Everton,Liverpool,A,1461.8776414655415,1678.272211174186,-216.39456970864444,0.5654236193992866,0.20475653845525088,0.2298198421454625,A,0.1
2021-22,2021-12-01,Southampton,Leicester City,D,1424.6870311346768,1509.5105977132562,-84.8235665785794,0.3972264357772492,0.25844010385165267,0.34433346037109824,A,0.1
2021-22,2021-12-01,Aston Villa,Manchester City,A,1450.5109527211473,1711.6000815962852,-261.08912887513793,0.6275999517580572,0.1751759044465172,0.19722414379542572,A,0.1
2021-22,2021-12-01,West Ham,Brighton and Hove Albion,D,1547.3705324449172,1442.220896103416,105.14963634150126,0.22322068625974764,0.1992041234998922,0.5775751902403601,H,0.1
2021-22,2021-12-01,Wolverhampton Wanderers,Burnley,D,1462.803160376682,1421.1149287728606,41.68823160382135,0.2736302109538021,0.23502695751692,0.491342831529278,H,0.1
2021-22,2021-12-01,Watford,Chelsea,A,1409.9325645058932,1623.2465433415534,-213.31397883566024,0.5611593646219513,0.2066732193914614,0.23216741598658738,A,0.1
2021-22,2021-12-02,Manchester United,Arsenal,H,1572.087434628221,1553.8360919770294,18.251342651191635,0.29392211171717886,0.2449083470229397,0.4611695412598814,H,0.1
2021-22,2021-12-02,Tottenham,Brentford,H,1526.890567087547,1431.2105343812104,95.68003270633653,0.2303631621489015,0.20520290734984592,0.5644339305012526,H,0.1
2021-22,2021-12-04,Wolverhampton Wanderers,Liverpool,A,1459.957143478246,1685.567251502266,-225.61010802401984,0.5782153929201579,0.1989080558155413,0.22287655126430087,A,0.1
2021-22,2021-12-04,West Ham,Chelsea,H,1542.94550336598,1626.9449397748028,-83.99943640882293,0.39629697247815476,0.25854167388127924,0.345161353640566,A,0.1
2021-22,2021-12-04,Southampton,Brighton and Hove Albion,D,1425.4002975300264,1446.6459251823533,-21.245627652326903,0.3305815578819411,0.2562144080496923,0.4132040340683666,H,0.1
2021-22,2021-12-04,Watford,Manchester City,A,1406.2341680726438,1714.5632036124364,-308.3290355397926,0.6919517943939079,0.14237462784404106,0.16567357776205108,A,0.1
2021-22,2021-12-04,Newcastle United,Burnley,H,1393.847034781529,1423.9609456712965,-30.113910889767567,0.33928331950289575,0.25774202625714193,0.4029746542399623,H,0.1
2021-22,2021-12-05,Leeds United,Brentford,D,1476.9500551670628,1425.1075461317378,51.842509035325065,0.2651404204925653,0.23010273895152425,0.5047568405559104,H,0.1
2021-22,2021-12-05,Manchester United,Crystal Palace,H,1577.4392358482346,1440.4395892964342,136.99964655180042,0.20009516253248946,0.17798314420603667,0.6219216932614738,H,0.1
2021-22,2021-12-05,Aston Villa,Leicester City,H,1447.5478307049962,1508.7973313179066,-61.249500612910424,0.37133263362097496,0.2599960359143676,0.3686713304646574,A,0.1
2021-22,2021-12-05,Tottenham,Norwich City,H,1532.9935553370196,1323.2903052974289,209.70325003959078,0.15239396324580293,0.12778275570054326,0.7198232810536538,H,0.1
2021-22,2021-12-06,Everton,Arsenal,H,1454.5826011374616,1548.4842907570157,-93.90168961955419,0.40758138347134004,0.25709810880419365,0.33532050772446625,A,0.1
2021-22,2021-12-10,Brentford,Watford,H,1428.2198629587522,1402.511380513739,25.70848244501326,0.2873558655324373,0.24200149334907448,0.4706426411184882,H,0.1
2021-22,2021-12-11,Norwich City,Manchester United,A,1318.867603429331,1580.6159296608778,-261.7483262315468,0.6285143530813488,0.17472221704872065,0.19676342986993048,A,0.1
2021-22,2021-12-11,Manchester City,Wolverhampton Wanderers,H,1718.2859911713413,1456.4589875960874,261.8270035752539,0.1220126905153029,0.1,0.7779873094846971,H,0.1
2021-22,2021-12-11,Liverpool,Aston Villa,H,1689.0654073844246,1454.3158053831658,234.74960200125884,0.13765428391670026,0.11130455979361162,0.751041156289688,H,0.1
2021-22,2021-12-11,Chelsea,Leeds United,H,1619.8079322728013,1473.8377383400484,145.97019393275286,0.19382641519607366,0.17180970235911272,0.6343638824448136,H,0.1
2021-22,2021-12-11,Arsenal,Southampton,H,1541.1899472486875,1424.2894602527167,116.90048699597082,0.21452948682568762,0.19153648032286527,0.5939340328514471,H,0.1
2021-22,2021-12-12,Burnley,West Ham,D,1417.7098128365512,1550.0825108679815,-132.37269803143022,0.45379071174425584,0.24703528185027387,0.2991740064054703,A,0.1
2021-22,2021-12-12,Crystal Palace,Everton,H,1437.262895483791,1461.8769446457898,-24.614049161998764,0.3338652683587588,0.25684003318772775,0.40929469845351346,H,0.1
2021-22,2021-12-12,Leicester City,Newcastle United,H,1502.029356639737,1400.0981676162742,101.93118902346282,0.22563419098306334,0.2012625439426869,0.5731032650742497,H,0.1
2021-22,2021-12-14,Manchester City,Leeds United,H,1719.9655031314592,1470.7951830944182,249.17032003704094,0.12958129411533356,0.10222965469783898,0.7681890511868275,H,0.1
2021-22,2021-12-14,Norwich City,Aston Villa,A,1315.9138195442133,1452.3755423306154,-136.4617227864021,0.45891477567334005,0.24557144650146676,0.29551377782519317,A,0.1
2021-22,2021-12-15,Arsenal,West Ham,H,1548.1759269312686,1548.0290719536226,0.14685497764594402,0.3103182189202234,0.2509749352865527,0.43870684579322394,H,0.1
2021-22,2021-12-15,Brighton and Hove Albion,Wolverhampton Wanderers,A,1447.756762459663,1454.7794756359694,-7.0227131763065245,0.3169981564835344,0.25297065580467015,0.43003118771179544,H,0.1
2021-22,2021-12-15,Crystal Palace,Southampton,D,1447.0247288275168,1417.3034805701357,29.72124825738115,0.28386568643156573,0.240343536753171,0.47579077681526327,H,0.1
2021-22,2021-12-16,Liverpool,Newcastle United,H,1691.005670436975,1391.4078544686304,299.59781596834455,0.10084131155736108,0.1,0.7991586884426389,H,0.1
2021-22,2021-12-16,Chelsea,Everton,D,1622.8504875184315,1452.115111302064,170.7353762163675,0.17707468660391779,0.1545892098343126,0.6683361035617696,H,0.1
2021-22,2021-12-18,Leeds United,Arsenal,A,1465.4030890104877,1557.2783366940414,-91.87524768355365,0.4052514153596148,0.2574329889707614,0.3373155956696238,A,0.1
2021-22,2021-12-19,Newcastle United,Manchester City,A,1389.24103380453,1725.3575972153897,-336.1165634108597,0.7279774257817846,0.12348835976278554,0.14853421445542989,A,0.1
2021-22,2021-12-19,Tottenham,Liverpool,D,1537.4162572051175,1693.1724911010754,-155.75623389595785,0.4835973826499056,0.23773060294545068,0.2786720144046437,A,0.1
2021-22,2021-12-19,Wolverhampton Wanderers,Chelsea,D,1462.7343555277791,1617.0395678723553,-154.30521234457615,0.4817135172847331,0.23837172095832335,0.2799147617569436,A,0.1
2021-22,2021-12-26,Tottenham,Crystal Palace,H,1540.1046160587866,1444.4982566697813,95.60635938900532,0.23041922287003608,0.20524886973393122,0.5643319073960328,H,0.1
2021-22,2021-12-26,West Ham,Southampton,A,1538.9266621908498,1419.8299527278712,119.09670946297865,0.2129259178285255,0.19007962127206054,0.596994460899414,H,0.1
2021-22,2021-12-26,Norwich City,Arsenal,A,1307.8098448676228,1569.368103625231,-261.5582587576082,0.6282507297452516,0.174853061061593,0.19689620919315529,A,0.1
2021-22,2021-12-26,Brighton and Hove Albion,Brentford,H,1439.8018825678532,1433.4145761325374,6.38730643531585,0.304591763585708,0.24904705173601432,0.4463611846782776,H,0.1
2021-22,2021-12-26,Aston Villa,Chelsea,A,1460.479517007206,1614.3899977200797,-153.91048071287378,0.48120178220277016,0.23854473051513367,0.28025348728209615,A,0.1
2021-22,2021-12-26,Manchester City,Leicester City,H,1730.0893986249148,1510.7196697873808,219.369728837534,0.1465986965940815,0.12132823357638114,0.7320730698295373,H,0.1
2021-22,2021-12-27,Newcastle United,Manchester United,D,1384.5092323950048,1583.5697135459955,-199.06048115099065,0.5415355174163452,0.21525766615453085,0.24320681642912384,A,0.1
2021-22,2021-12-28,Crystal Palace,Norwich City,H,1436.7945760873106,1300.1674701521997,136.62710593511088,0.20035780697818129,0.17823820761348602,0.6214039854083326,H,0.1
2021-22,2021-12-28,Leicester City,Liverpool,H,1506.513281805519,1690.4841322474063,-183.97085044188725,0.521011751867051,0.22376490496471382,0.2552233431682353,A,0.1
2021-22,2021-12-28,Southampton,Tottenham,D,1429.5236008961162,1547.8082966412574,-118.28469574514111,0.43644124477749324,0.25151604132158006,0.31204271390092675,A,0.1
2021-22,2021-12-28,Watford,West Ham,A,1397.3166673399537,1529.2330140226047,-131.916346682651,0.4532212654585734,0.2471941845823236,0.2995845499591031,A,0.1
2021-22,2021-12-29,Brentford,Manchester City,A,1424.528279474222,1734.2957866067766,-309.76750713255456,0.6938580635388123,0.14138190284500438,0.16476003361618335,A,0.1
2021-22,2021-12-29,Chelsea,Brighton and Hove Albion,D,1621.9481182848754,1448.6881792261686,173.25993905870678,0.1754130000415143,0.15283089210332523,0.6717561078551605,H,0.1
2021-22,2021-12-30,Manchester United,Burnley,H,1579.7681000976,1419.76325175091,160.00484834668987,0.18423283741398694,0.1620661439753433,0.6537010186106698,H,0.1
2021-22,2022-01-01,Crystal Palace,West Ham,A,1443.1592923439234,1539.6425558206315,-96.48326347670809,0.41056500838541093,0.25664230489578566,0.3327926867188034,A,0.1
2021-22,2022-01-01,Watford,Tottenham,A,1386.907125541927,1546.1462900019137,-159.2391644599868,0.4881366313348117,0.23615910105469012,0.27570426761049804,A,0.1
2021-22,2022-01-01,Arsenal,Manchester City,A,1577.0104783406541,1736.6276144255996,-159.6171360849455,0.4886306877734666,0.2359858228632076,0.27538348936332585,A,0.1
2021-22,2022-01-02,Everton,Brighton and Hove Albion,A,1457.9260309481401,1454.5470225572947,3.3790083908454562,0.307342231623241,0.24999829669107881,0.44265947168568026,H,0.1
2021-22,2022-01-02,Leeds United,Burnley,H,1453.3133220792981,1415.2598412452294,38.05348083406875,0.27671216445783703,0.23669920904578334,0.48658862649637963,H,0.1
2021-22,2022-01-02,Brentford,Aston Villa,H,1422.196451655399,1452.9213964424102,-30.72494478701128,0.3398896368686159,0.25783303095477905,0.40227733217660505,H,0.1
2021-22,2022-01-02,Chelsea,Liverpool,D,1616.0892749537493,1681.8973303839055,-65.80805543015617,0.3762282214218027,0.25991436262163237,0.36385741595656496,A,0.1
2021-22,2022-01-03,Manchester United,Wolverhampton Wanderers,A,1584.2715106032806,1465.3839256800547,118.88758492322586,0.21307832957502407,0.1902186368073197,0.5967030336176562,H,0.1
2021-22,2022-01-11,Southampton,Brentford,H,1431.18560753546,1428.4578079197775,2.727799615682443,0.3079400818182351,0.2501988685629861,0.44186104961877876,H,0.1
2021-22,2022-01-12,West Ham,Norwich City,H,1545.588088701083,1293.8027538955869,251.78533480549618,0.12815030778585698,0.10062133342207413,0.7712283587920689,H,0.1
2021-22,2022-01-14,Brighton and Hove Albion,Crystal Palace,D,1462.7165407000934,1437.213759463472,25.50278123662156,0.28753558312687627,0.2420847390760783,0.4703796777970454,H,0.1
2021-22,2022-01-15,Aston Villa,Manchester United,D,1446.6600401780317,1574.5800572339854,-127.92001705595362,0.4482555749606837,0.248546896462284,0.3031975285770323,A,0.1
2021-22,2022-01-15,Manchester City,Chelsea,H,1741.286403809374,1616.2564286565162,125.02997515285779,0.2086261974788475,0.18611128438720292,0.6052625181339496,H,0.1
2021-22,2022-01-15,Newcastle United,Watford,D,1388.3108458434003,1382.241103902441,6.069741940959375,0.30488123519671645,0.24914937577238636,0.44596938903089717,H,0.1
2021-22,2022-01-15,Norwich City,Everton,H,1290.993495044758,1449.7565128053413,-158.76301776058335,0.4875146489373054,0.23637662918383437,0.27610872187886026,A,0.1
2021-22,2022-01-15,Wolverhampton Wanderers,Southampton,H,1475.07537904935,1442.5584082672033,32.5169707821467,0.28145152233855125,0.23915068613810261,0.4793977915233461,H,0.1
2021-22,2022-01-16,West Ham,Leeds United,A,1548.397347551912,1461.1432760283485,87.25407152356343,0.23682485048532279,0.21038225686820625,0.552792892646471,H,0.1
2021-22,2022-01-16,Liverpool,Brentford,H,1681.7301766811386,1417.085007188034,264.6451694931045,0.12031175522586277,0.1,0.7796882447741372,H,0.1
2021-22,2022-01-18,Brighton and Hove Albion,Chelsea,D,1460.3040797813453,1612.8939975363148,-152.58991775496952,0.4794921262940379,0.2391191525859273,0.2813887211200347,A,0.1
2021-22,2022-01-19,Brentford,Manchester United,A,1413.7765975069694,1572.6496899801841,-158.87309247321468,0.4876583978392413,0.23632641663064338,0.27601518553011534,A,0.1
2021-22,2022-01-19,Leicester City,Tottenham,A,1515.1000836690198,1550.8123116413997,-35.71222797237988,0.3448715163593542,0.2585065233843356,0.39662196025631025,H,0.1
2021-22,2022-01-21,Watford,Norwich City,A,1384.120148139493,1299.248213892199,84.87193424729412,0.2386701673588113,0.21181682993074855,0.5495130027104401,H,0.1
2021-22,2022-01-22,Brentford,Wolverhampton Wanderers,A,1406.370016776004,1483.0849141485708,-76.71489737256684,0.3881579717912787,0.25929158378844464,0.3525504444202767,A,0.1
2021-22,2022-01-22,Everton,Aston Villa,A,1441.5017939579004,1448.590407431833,-7.088613473932583,0.31706006628614425,0.2529878951937257,0.4299520385201301,H,0.1
2021-22,2022-01-22,Leeds United,Newcastle United,A,1470.4781676508421,1386.4318016063482,84.04636604449388,0.23931161787794372,0.21231079292951144,0.5483775891925449,H,0.1
2021-22,2022-01-22,Manchester United,West Ham,H,1580.0562707111496,1539.0624559294183,40.99381478173132,0.2742172350525983,0.2353502173409416,0.49043254760646005,H,0.1
2021-22,2022-01-22,Southampton,Manchester City,D,1434.5488731679825,1744.6488349295753,-310.0999617615928,0.6942980553846684,0.14115264259204566,0.164549302023286,A,0.1
2021-22,2022-01-23,Crystal Palace,Liverpool,A,1439.62622038222,1685.0385863622032,-245.41236597998318,0.6057952868922155,0.185854007671928,0.20835070543585646,A,0.1
2021-22,2022-01-23,Leicester City,Brighton and Hove Albion,D,1507.8032968632294,1462.9076859287109,44.89561093451857,0.2709296616516699,0.2335110940827445,0.4955592442655856,H,0.1
2021-22,2022-01-23,Chelsea,Tottenham,H,1610.2903913889493,1558.10909844719,52.18129294175924,0.2648601563721464,0.22993225722548472,0.5052075864023688,H,0.1
2021-22,2022-01-23,Arsenal,Burnley,D,1572.3516889568798,1407.429887296179,164.9218016607008,0.18093372673137947,0.15864047060754805,0.6604258026610725,H,0.1
2021-22,2022-02-05,Burnley,Watford,D,1413.128902511184,1365.5079749053605,47.620927605823454,0.2686488178046177,0.23219408229659422,0.4991570998987881,H,0.1
2021-22,2022-02-08,Newcastle United,Everton,H,1395.7278424858753,1433.5484321329077,-37.82058964703242,0.3469954677040886,0.2587539638767877,0.39425056841912365,H,0.1
2021-22,2022-02-08,West Ham,Watford,H,1534.181895912169,1368.5101435104639,165.67175240170513,0.18043337029554998,0.1581178153168467,0.6614488143876033,H,0.1
2021-22,2022-02-08,Burnley,Manchester United,D,1410.1267339060805,1584.936830728399,-174.81009682231843,0.508711865428869,0.22859626863619256,0.2626918659349384,A,0.1
2021-22,2022-02-09,Aston Villa,Leeds United,D,1456.5437692568257,1461.182126771315,-4.638357514489371,0.3147644729258397,0.25233330564792333,0.43290222142623697,H,0.1
2021-22,2022-02-09,Manchester City,Brentford,H,1738.480698661913,1399.994087729936,338.4866109319771,0.08246847802592525,0.1,0.8175315219740747,H,0.1
2021-22,2022-02-09,Norwich City,Crystal Palace,D,1317.8603871263315,1434.5675345227808,-116.70714739644927,0.43452862563638284,0.25196200571628635,0.3135093686473308,A,0.1
2021-22,2022-02-09,Tottenham,Southampton,A,1550.726971969604,1440.7170094356447,110.0099625339592,0.21960301057037598,0.19606024585677728,0.5843367435728467,H,0.1
2021-22,2022-02-10,Wolverhampton Wanderers,Arsenal,A,1489.4608431946388,1566.6526737418749,-77.19183054723612,0.38868664178548734,0.25925063909861756,0.3520627191158951,A,0.1
2021-22,2022-02-10,Liverpool,Leicester City,H,1690.0972722216425,1504.8726662842375,185.22460593740493,0.16765478582094567,0.14452098518916942,0.6878242289898848,H,0.1
2021-22,2022-02-12,Manchester United,Southampton,D,1581.7475798926664,1450.3133129589692,131.43426693369724,0.2040379979066525,0.18178051621905872,0.6141814858742889,H,0.1
2021-22,2022-02-12,Norwich City,Manchester City,A,1319.4782094550615,1740.2255873298575,-420.74737787479603,0.7997497081570691,0.1,0.10025029184293094,A,0.1
2021-22,2022-02-12,Brentford,Crystal Palace,D,1398.2491990619915,1432.9497121940508,-34.700513132059314,0.34385610743857,0.2583799059843065,0.39776398657712353,H,0.1
2021-22,2022-02-12,Watford,Brighton and Hove Albion,A,1365.7470906387741,1465.8383165077028,-100.09122586892863,0.414763665283743,0.2559508105004236,0.32928552421583346,A,0.1
2021-22,2022-02-12,Everton,Leeds United,H,1423.436520120195,1462.762212515308,-39.32569239511304,0.3485182536031399,0.2589169979929584,0.39256474840390165,H,0.1
2021-22,2022-02-13,Burnley,Liverpool,A,1413.315984741813,1694.06895398488,-280.7529692430669,0.6547260938294629,0.16154511113217118,0.18372879503836592,A,0.1
2021-22,2022-02-13,Leicester City,West Ham,D,1500.900984521,1536.9449487838588,-36.04396426285871,0.3452049976080544,0.25854692884394864,0.396248073547997,H,0.1
2021-22,2022-02-13,Newcastle United,Aston Villa,H,1405.839754498588,1454.9636835128329,-49.12392901424482,0.3585667459217683,0.2596998304449375,0.3817334236332942,H,0.1
2021-22,2022-02-13,Tottenham,Wolverhampton Wanderers,A,1541.1306684462795,1483.0954201239192,58.0352483223603,0.2600471123621557,0.22692596525060793,0.5130269223872364,H,0.1
2021-22,2022-02-15,Manchester United,Brighton and Hove Albion,H,1576.7349458000097,1475.1391754711517,101.59577032885795,0.22588654727322754,0.2014759422060419,0.5726375105207305,H,0.1
2021-22,2022-02-19,Manchester City,Tottenham,A,1743.2354375218788,1526.9242212465288,216.31121627535003,0.14841797850619046,0.12335875100001886,0.7282232704937907,H,0.1
2021-22,2022-02-19,Southampton,Everton,H,1455.325947051626,1436.2465324376417,19.079414613984227,0.293187731992635,0.24459695383932611,0.4622153141680389,H,0.1
2021-22,2022-02-19,Aston Villa,Watford,A,1448.3957777564335,1356.4462316753252,91.94954608110834,0.23321148810390974,0.2075155737825154,0.5592729381135749,H,0.1
2021-22,2022-02-19,West Ham,Newcastle United,D,1537.6333682931388,1412.4076602549874,125.22570803815142,0.20848515801404277,0.18597961506217325,0.6055352269237839,H,0.1
2021-22,2022-02-19,Liverpool,Norwich City,H,1696.7629201885636,1316.4683592630402,380.29456092552346,0.06612484006772833,0.1,0.8338751599322717,H,0.1
2021-22,2022-02-19,Arsenal,Brentford,H,1573.0180968125944,1397.5223056084085,175.49579120418593,0.17394850496344016,0.15127463894400603,0.6747768560925538,H,0.1
2021-22,2022-02-19,Brighton and Hove Albion,Burnley,A,1469.1980265243003,1410.6220185381294,58.57600798617091,0.259605315430391,0.22664259606224815,0.5137520885073609,H,0.1
2021-22,2022-02-19,Crystal Palace,Chelsea,A,1433.6766056476338,1617.6725178665354,-183.9959122189016,0.5210455802577164,0.22375132545243678,0.2552030942898467,A,0.1
2021-22,2022-02-20,Leeds United,Manchester United,A,1449.9522001978612,1582.676094746861,-132.72389454899985,0.45422927602907287,0.24691238000960652,0.29885834396132066,A,0.1
2021-22,2022-02-20,Wolverhampton Wanderers,Leicester City,H,1497.30186732367,1500.21256501172,-2.9106976880500497,0.31315359276623367,0.25185502363392226,0.434991383599844,H,0.1
2021-22,2022-02-23,Burnley,Tottenham,H,1428.563023874821,1537.4092087839695,-108.8461849091484,0.4250906915498929,0.25401195686785477,0.3208973515822524,A,0.1
2021-22,2022-02-23,Liverpool,Leeds United,H,1698.1393369965633,1441.7287575402295,256.41057945633383,0.12533875607891665,0.1,0.7746612439210834,H,0.1
2021-22,2022-02-23,Watford,Crystal Palace,A,1365.8371087032197,1429.4707177270143,-63.633609023794634,0.3738863908549916,0.2599664786281073,0.3661471305169012,A,0.1
2021-22,2022-02-24,Arsenal,Wolverhampton Wanderers,H,1575.649439389901,1503.0968598496167,72.55257954028434,0.2483467499278851,0.21900570506707565,0.5326475450050393,H,0.1
2021-22,2022-02-25,Southampton,Norwich City,H,1463.7805135916858,1315.0919424550405,148.68857113664535,0.19194782919345324,0.16992882630587972,0.6381233445006671,H,0.1
2021-22,2022-02-26,Manchester United,Watford,D,1590.8995374044928,1352.504772946922,238.39476445757077,0.13558475575191328,0.10897907530738186,0.7554361689407049,H,0.1
2021-22,2022-02-26,Leeds United,Tottenham,A,1436.87456083332,1529.8820190219376,-93.00745818861765,0.4065519018226132,0.2572483749819715,0.33619972319541525,A,0.1
2021-22,2022-02-26,Everton,Manchester City,A,1427.7919658975818,1732.750449984438,-304.9584840868563,0.6874695568862315,0.14470520930137754,0.16782523381239095,A,0.1
2021-22,2022-02-26,Brighton and Hove Albion,Aston Villa,A,1451.2570211876086,1439.004900728539,12.252120459069602,0.29928244037885554,0.24707735503337827,0.4536402045877662,H,0.1
2021-22,2022-02-26,Crystal Palace,Burnley,D,1442.803053483312,1436.090213636853,6.712839846459019,0.30429524148783305,0.2489416946690794,0.4467630638430875,H,0.1
2021-22,2022-02-26,Brentford,Newcastle United,A,1394.8909630311018,1417.2853030788838,-22.394340047781952,0.33169845452405516,0.2564339750273952,0.41186757044854966,H,0.1
2021-22,2022-02-27,West Ham,Wolverhampton Wanderers,H,1532.7557254692424,1498.8293472034825,33.92637826575992,0.2802398399313281,0.2385377742739038,0.4812223857947681,H,0.1
2021-22,2022-03-01,Burnley,Leicester City,A,1437.98710794378,1494.4175724857732,-56.43046454199316,0.3662147813026924,0.2599676503361025,0.3738175683612051,H,0.1
2021-22,2022-03-05,Wolverhampton Wanderers,Crystal Palace,A,1493.8048710018136,1440.9061591763848,52.89871182542879,0.2642672867709787,0.22956995809915395,0.5061627551298673,H,0.1
2021-22,2022-03-05,Newcastle United,Brighton and Hove Albion,H,1429.3332783333688,1438.091935582477,-8.758657249108182,0.31863212255134077,0.2534179929727999,0.42794988447585935,H,0.1
2021-22,2022-03-05,Norwich City,Brentford,A,1310.3326809624757,1382.8429877766168,-72.51030681414113,0.3835227269794852,0.2596029204982272,0.35687435252228755,A,0.1
2021-22,2022-03-05,Liverpool,West Ham,H,1702.9935337034728,1537.7802016709113,165.21333203256154,0.18073913255219548,0.15843729924116393,0.6608235682066407,H,0.1
2021-22,2022-03-05,Burnley,Chelsea,A,1427.1656898227166,1621.8784057871549,-194.7127159644383,0.5355919611167118,0.21777442875754383,0.24663361012574433,A,0.1
2021-22,2022-03-05,Aston Villa,Southampton,H,1452.1699863336707,1468.5397750842506,-16.3697887505798,0.32587415186607765,0.25521130085443516,0.4189145472794871,H,0.1
2021-22,2022-03-05,Leicester City,Leeds United,H,1505.2389906068368,1422.8955906818505,82.34339992498622,0.24063793798468017,0.21332440146777548,0.5460376605475443,H,0.1
2021-22,2022-03-06,Manchester City,Manchester United,H,1735.1394658782037,1583.942894793629,151.19657108457477,0.19022331502137316,0.16819024933134732,0.6415864356472796,H,0.1
2021-22,2022-03-06,Watford,Arsenal,A,1359.4614155577858,1579.9169520360354,-220.45553647824954,0.5710546664057486,0.20219974652947145,0.2267455870647799,A,0.1
2021-22,2022-03-07,Tottenham,Everton,H,1543.860989173407,1425.4029500038162,118.45803916959085,0.21339157107386536,0.19050398593440313,0.5961044429917315,H,0.1
2021-22,2022-03-10,Leeds United,Aston Villa,A,1418.8080172554448,1466.1498043441748,-47.341787088729916,0.3567215094157714,0.25959348324792225,0.3836850073363063,H,0.1
2021-22,2022-03-10,Norwich City,Chelsea,A,1300.0798945995314,1631.2022226497945,-331.12232805026315,0.7216364806236311,0.12682862182573038,0.15153489755063862,A,0.1
2021-22,2022-03-10,Southampton,Newcastle United,A,1454.5599570737465,1435.2263525471988,19.333604526547788,0.29296256741868537,0.24450078931586505,0.4625366432654496,H,0.1
2021-22,2022-03-10,Wolverhampton Wanderers,Watford,H,1479.708333905413,1355.8802392550933,123.8280946503196,0.20949336207863586,0.1869187680975833,0.6035878698237809,H,0.1
2021-22,2022-03-12,Brighton and Hove Albion,Liverpool,A,1432.198861368647,1705.762856202569,-273.56399483392215,0.6448502139188933,0.16654667115980887,0.18860311492129772,A,0.1
2021-22,2022-03-12,Manchester United,Tottenham,H,1578.0101053908663,1552.8248620918862,25.18524329898014,0.2878131657780262,0.2422129075071431,0.46997392671483074,H,0.1
2021-22,2022-03-12,Brentford,Burnley,H,1393.0957741395612,1417.841872960077,-24.746098820515726,0.33399452930207185,0.25686343069574624,0.4091420400021819,H,0.1
2021-22,2022-03-13,Arsenal,Leicester City,H,1583.4981283387278,1509.3265640332424,74.17156430548539,0.24706211826348742,0.21808409932472894,0.5348537824117836,H,0.1
2021-22,2022-03-13,Chelsea,Newcastle United,H,1634.516563444187,1443.6396777801333,190.87688566405382,0.16405742810296264,0.1406171418426028,0.6953254300544346,H,0.1
2021-22,2022-03-13,Everton,Wolverhampton Wanderers,A,1416.439077085337,1487.559953246954,-71.12087616161693,0.38200101918337015,0.2596861738226689,0.3583128069939609,A,0.1
2021-22,2022-03-13,Leeds United,Norwich City,H,1404.7428920429352,1296.7655538051388,107.9773382377964,0.2211120032508224,0.1973800355607157,0.5815079611884619,H,0.1
2021-22,2022-03-13,Southampton,Watford,A,1446.146631840812,1348.0286199135523,98.11801192725966,0.22851232807197122,0.20367554358546877,0.56781212834256,H,0.1
2021-22,2022-03-13,West Ham,Aston Villa,H,1535.010879171815,1480.2149295566844,54.79594961513067,0.2627035044912005,0.22860352017379335,0.5086929753350061,H,0.1
2021-22,2022-03-14,Crystal Palace,Manchester City,D,1455.0026962727854,1741.0722552809664,-286.06955900818093,0.6619911638734677,0.15784057165664664,0.18016826446988565,A,0.1
2021-22,2022-03-16,Arsenal,Liverpool,A,1590.2142726595885,1710.1850885194253,-119.97081585983688,0.43849230153619817,0.25102676649343003,0.3104809319703718,A,0.1
2021-22,2022-03-16,Brighton and Hove Albion,Tottenham,A,1427.7766290517907,1547.6192066484084,-119.84257759661773,0.438336061651568,0.2510644347616358,0.3105995035867962,A,0.1
2021-22,2022-03-17,Everton,Newcastle United,H,1409.939511072702,1441.204503005586,-31.26499193288396,0.3404262487453357,0.25791192424113685,0.40166182701352743,H,0.1
2021-22,2022-03-18,Wolverhampton Wanderers,Leeds United,A,1494.0595192595888,1408.3832908079398,85.67622845164897,0.23804620136556245,0.2113339956194711,0.5506198030149665,H,0.1
2021-22,2022-03-19,Aston Villa,Arsenal,A,1475.6085565222374,1581.57686846271,-105.96831194047263,0.42167448647951467,0.2546897221620386,0.3236357913584468,A,0.1
2021-22,2022-03-20,Leicester City,Brentford,H,1502.6104197123818,1402.8611147362303,99.7493049761515,0.22727856340749028,0.20264677508209075,0.570074661510419,H,0.1
2021-22,2022-03-20,Tottenham,West Ham,H,1556.260821703497,1539.617252206262,16.64356949723492,0.2953517616207877,0.24550468677853043,0.4591435516006819,H,0.1
2021-22,2022-04-02,Manchester United,Leicester City,D,1583.215760834344,1506.390537754317,76.82522308002717,0.244965053184845,0.21655790729979102,0.5384770395153641,H,0.1
2021-22,2022-04-02,Wolverhampton Wanderers,Aston Villa,H,1484.7436768801965,1469.8654848373874,14.878192042809133,0.29692735264449244,0.24614684164913014,0.4569258057063774,H,0.1
2021-22,2022-04-02,Burnley,Manchester City,A,1408.0765323634078,1735.3509763498334,-327.2744439864257,0.7167084602633187,0.1294206655715065,0.15387087416517492,A,0.1
2021-22,2022-04-02,Leeds United,Southampton,D,1417.699133187332,1436.6838152678836,-18.984682080551465,0.3283920237922851,0.2557635402658969,0.415844435941818,H,0.1
2021-22,2022-04-02,Chelsea,Brentford,A,1636.9517382187344,1399.0809966942952,237.87074152443915,0.13588107021820378,0.10931211492510703,0.7548068148566891,H,0.1
2021-22,2022-04-02,Brighton and Hove Albion,Norwich City,D,1419.1350139967021,1293.1251550401341,126.009858956568,0.2079206353819068,0.18545165939363595,0.6066277052244573,H,0.1
2021-22,2022-04-02,Liverpool,Watford,H,1718.8224927163037,1357.4914364864808,361.33105622982293,0.07313216921904776,0.1,0.8268678307809523,H,0.1
2021-22,2022-04-03,Tottenham,Newcastle United,H,1564.7974089424463,1434.934112738061,129.86329620438528,0.20515841874635607,0.1828469904348844,0.6119945908187595,H,0.1
2021-22,2022-04-03,West Ham,Everton,H,1531.0806649673127,1416.2099013402271,114.87076362708558,0.21601728284524357,0.19287666210464413,0.5911060550501123,H,0.1
2021-22,2022-04-04,Crystal Palace,Arsenal,H,1460.7239752039184,1587.3199401475601,-126.59596494364177,0.4466187495243585,0.24897957474340468,0.3044016757322368,A,0.1
2021-22,2022-04-06,Burnley,Everton,H,1404.6959401205318,1412.6837578466334,-7.987817726101639,0.317905759356325,0.25322109666076825,0.4288731439829068,H,0.1
2021-22,2022-04-08,Newcastle United,Wolverhampton Wanderers,H,1427.3030957073397,1490.1673279067454,-62.864232199405706,0.37306068284671573,0.2599791708071946,0.3669601463460897,A,0.1
2021-22,2022-04-09,Watford,Leeds United,A,1355.9578885365906,1416.5240710010376,-60.56618246444691,0.3706033606204623,0.2599991860728405,0.36939745330669715,A,0.1
2021-22,2022-04-09,Arsenal,Brighton and Hove Albion,A,1571.7289978084418,1414.2401900805949,157.48880772784696,0.1859334705809859,0.163817675958705,0.6502488534603091,H,0.1
2021-22,2022-04-09,Aston Villa,Tottenham,A,1464.4418338108385,1572.4284259731676,-107.98659216232909,0.4240681016658636,0.25421851669195894,0.3217133816421775,A,0.1
2021-22,2022-04-09,Everton,Manchester United,H,1406.8036157656707,1579.469319469177,-172.66570370350632,0.5058524316224329,0.229687818578782,0.26445974979878506,A,0.1
2021-22,2022-04-09,Southampton,Chelsea,A,1437.8588774541781,1615.7482298757407,-177.88935242156253,0.5128313546955425,0.227002256292608,0.26016638901184946,A,0.1
2021-22,2022-04-10,Norwich City,Burnley,H,1298.0199789562414,1410.5760822014945,-112.5561032452531,0.42952551531439964,0.253080487015182,0.3173939976704184,A,0.1
2021-22,2022-04-10,Manchester City,Liverpool,D,1738.7315685927094,1720.3560406661938,18.375527926515588,0.2938118930595783,0.2448618314087712,0.46132627553165056,H,0.1
2021-22,2022-04-10,Brentford,West Ham,H,1420.284505037289,1534.6068084609064,-114.32230342361754,0.43164899115712263,0.2526143770772102,0.31573663176566713,A,0.1
2021-22,2022-04-10,Leicester City,Crystal Palace,H,1510.136979119484,1476.3149175430367,33.82206157644737,0.28032939951264857,0.2385834020047552,0.4810871984825962,H,0.1
2021-22,2022-04-16,Southampton,Arsenal,H,1425.740156644044,1561.668786329914,-135.92862968586996,0.4582445457487788,0.2457663460039709,0.2959891082472503,A,0.1
2021-22,2022-04-16,Manchester United,Norwich City,H,1571.0282269357672,1310.040409229623,260.98781770614414,0.12252309356028254,0.1,0.7774769064397175,H,0.1
2021-22,2022-04-16,Watford,Brentford,A,1342.4883534340463,1432.3476147933352,-89.8592613592889,0.4029440176544996,0.2577460606395341,0.33930992170596624,A,0.1
2021-22,2022-04-16,Tottenham,Brighton and Hove Albion,A,1585.664255102773,1424.3004015591227,161.3638535436503,0.18331776788053603,0.1611195937920398,0.6555626383274242,H,0.1
2021-22,2022-04-17,Newcastle United,Leicester City,H,1434.0975593117762,1515.1635969655197,-81.06603765374348,0.3930029478928733,0.2588756581467087,0.348121393960418,A,0.1
2021-22,2022-04-17,West Ham,Burnley,D,1522.5436987048602,1398.5556519281129,123.9880467767473,0.20937784399158688,0.18681140649102476,0.6038107495173883,H,0.1
2021-22,2022-04-19,Liverpool,Manchester United,H,1722.5743682443717,1572.7153397260622,149.85902851830951,0.19114197871789215,0.16911781086816724,0.6397402104139406,H,0.1
2021-22,2022-04-20,Manchester City,Brighton and Hove Albion,H,1736.5132410145316,1434.3936129753458,302.1196280391857,0.09954875121371232,0.1,0.8004512487862877,H,0.1
2021-22,2022-04-20,Newcastle United,Crystal Palace,H,1441.187539300812,1471.288299697001,-30.100760396189116,0.3392702801879435,0.2577400473733585,0.4029896724386981,H,0.1
2021-22,2022-04-20,Chelsea,Arsenal,A,1627.8669506858748,1553.736288431364,74.13066225451075,0.24709452432476176,0.218107472444225,0.5347980032310132,H,0.1
2021-22,2022-04-20,Everton,Leicester City,D,1415.2447082990805,1508.073616976484,-92.82890867740343,0.4063465948852934,0.25727790761258634,0.3363754975021202,A,0.1
2021-22,2022-04-21,Burnley,Southampton,H,1403.4061000120412,1433.6726545425938,-30.26655453055264,0.3394347024453754,0.25776493345029533,0.40280036410432923,H,0.1
2021-22,2022-04-23,Norwich City,Newcastle United,A,1308.353296439328,1447.4384520876445,-139.08515564831646,0.46222256996451494,0.24459478489446437,0.29318264514102066,A,0.1
2021-22,2022-04-23,Leicester City,Aston Villa,D,1507.1315270871385,1451.206004681233,55.92552240590544,0.2617752610272332,0.22802244455624118,0.5102022944165256,H,0.1
2021-22,2022-04-23,Manchester City,Watford,H,1739.209697215717,1336.3998101950865,402.8098870206304,0.05861011445122997,0.1,0.84138988554877,H,0.1
2021-22,2022-04-23,Arsenal,Manchester United,H,1568.2749500827097,1565.782650650541,2.492299432168693,0.3081565019186364,0.25027093170829023,0.4415725663730733,H,0.1
2021-22,2022-04-23,Brentford,Tottenham,D,1438.436158032295,1575.57104368655,-137.13488565425496,0.45976204165828305,0.2453236127505031,0.2949143455912139,A,0.1
2021-22,2022-04-24,Chelsea,West Ham,H,1613.3282890345292,1517.6932506209318,95.63503841359739,0.23039739904057988,0.2052309791867893,0.5643716217726309,H,0.1
2021-22,2022-04-24,Liverpool,Everton,H,1729.507057319893,1416.1867981884259,313.3202591314671,0.09398188563425872,0.1,0.8060181143657413,H,0.1
2021-22,2022-04-24,Brighton and Hove Albion,Southampton,D,1431.6971567741605,1423.7607952181768,7.936361555983694,0.3031826864506744,0.24854150687694038,0.44827580667238526,H,0.1
2021-22,2022-04-24,Burnley,Wolverhampton Wanderers,H,1413.3179593364582,1483.372864302309,-70.05490496585071,0.38083693774326066,0.25974342463432704,0.35941963762241225,A,0.1
2021-22,2022-04-25,Crystal Palace,Leeds United,D,1465.0373869101686,1429.993606103582,35.04378080658671,0.2792817344425431,0.23804640002401325,0.48267186553344366,H,0.1
2021-22,2022-04-28,Manchester United,Chelsea,D,1556.761753810772,1617.1796296912091,-60.41787588043712,0.3704452368202431,0.2599995566286458,0.36955520655111107,A,0.1
2021-22,2022-04-30,Aston Villa,Norwich City,H,1454.4240649944825,1298.232367387984,156.19169760649856,0.18681349683537163,0.16472007991420093,0.6484664232504275,H,0.1
2021-22,2022-04-30,Leeds United,Manchester City,A,1432.6629304705423,1740.981496476753,-308.31856600621063,0.6919379053296871,0.14238185752859173,0.16568023714172098,A,0.1
2021-22,2022-04-30,Newcastle United,Liverpool,A,1457.5593811389886,1731.5154606926267,-273.9560795536381,0.6453902344368889,0.1662742649410445,0.18833550062206658,A,0.1
2021-22,2022-04-30,Southampton,Crystal Palace,A,1425.6916153705806,1462.3680625432082,-36.676447172627604,0.34584153916778904,0.258622442469946,0.39553601836226504,H,0.1
2021-22,2022-04-30,Watford,Burnley,A,1334.6280109340505,1420.2298771701523,-85.60186623610184,0.39810582858552646,0.25834107238696163,0.34355309902751185,A,0.1
2021-22,2022-04-30,Wolverhampton Wanderers,Brighton and Hove Albion,A,1476.4609464686148,1429.7663366217566,46.69460984685816,0.2694226486004672,0.2326446768031875,0.4979326745963452,H,0.1
2021-22,2022-05-01,Everton,Chelsea,H,1414.1783948156922,1617.167602262346,-202.98920744665384,0.5469246690948489,0.21294086701482848,0.24013446389032256,A,0.1
2021-22,2022-05-01,Tottenham,Leicester City,H,1573.3866942242873,1503.913466773889,69.47322745039833,0.2508011756509749,0.22073819628363156,0.5284606280653936,H,0.1
2021-22,2022-05-01,West Ham,Arsenal,A,1513.841909964252,1577.2958469224786,-63.45393695822668,0.3736934285858229,0.2599697115599243,0.3663368598542528,A,0.1
2021-22,2022-05-02,Manchester United,Brentford,H,1556.7737812396351,1440.6205074945576,116.15327374507751,0.2150765488792913,0.19203055943653835,0.5928928916841704,H,0.1
2021-22,2022-05-07,Liverpool,Tottenham,D,1734.3002679095223,1580.2418644540999,154.05840345542242,0.18826569383066882,0.16620316524123138,0.6455311409280998,H,0.1
2021-22,2022-05-07,Crystal Palace,Watford,H,1469.6428712045906,1328.4468906194363,141.1959805851543,0.19714942587692424,0.17510238559795163,0.627748188525124,H,0.1
2021-22,2022-05-07,Chelsea,Wolverhampton Wanderers,D,1608.3480514400462,1458.84369289204,149.50435854800617,0.1913859743694816,0.16936363231202325,0.6392503933184952,H,0.1
2021-22,2022-05-07,Brentford,Southampton,H,1433.6101694341082,1418.4168067091982,15.193362724910003,0.2966456172214499,0.24603317365165267,0.45732120912689744,H,0.1
2021-22,2022-05-07,Brighton and Hove Albion,Manchester United,H,1447.3835901983314,1563.7841193000845,-116.40052910175314,0.43415759864981585,0.2520473547858049,0.3137950465643793,A,0.1
2021-22,2022-05-07,Burnley,Aston Villa,A,1426.4109974847665,1459.012480263169,-32.60148277840244,0.34175720457557157,0.25810094907741665,0.4001418463470118,H,0.1
2021-22,2022-05-08,Arsenal,Leeds United,H,1583.966027632722,1427.2088573124831,156.75717032023886,0.1864295761521286,0.16432673296041606,0.6492436908874553,H,0.1
2021-22,2022-05-08,Leicester City,Everton,A,1497.0582965440765,1422.997945637992,74.06035090608452,0.24715023682842563,0.2181476404456899,0.5347021227258845,H,0.1
2021-22,2022-05-08,Manchester City,Newcastle United,H,1746.435569634812,1454.774573922093,291.6609957127191,0.1050054119173317,0.1,0.7949945880826683,H,0.1
2021-22,2022-05-08,Norwich City,West Ham,A,1293.6439521192974,1507.1717292540086,-213.5277771347112,0.561455086557713,0.2065408572314356,0.2320040562108514,A,0.1
2021-22,2022-05-10,Aston Villa,Liverpool,A,1470.6901200969987,1728.8161328296653,-258.1260127326666,0.6234865522298332,0.17721126326251543,0.1993021845076514,A,0.1
2021-22,2022-05-11,Wolverhampton Wanderers,Manchester City,A,1464.2355157927832,1750.1271523553164,-285.8916365625332,0.6617486193095728,0.1579645714930936,0.18028680919733361,A,0.1
2021-22,2022-05-11,Watford,Everton,D,1325.333484055043,1432.1699300595133,-106.83644600447019,0.42270279619566103,0.2544894144522735,0.3228077893520654,A,0.1
2021-22,2022-05-11,Leeds United,Chelsea,A,1424.3218917509464,1602.956228539303,-178.63433678835668,0.513830336291918,0.22661197438872616,0.2595576893193558,A,0.1
2021-22,2022-05-11,Leicester City,Norwich City,H,1487.8863121225552,1285.0647754418135,202.8215366807417,0.15660011592893383,0.13243865012049474,0.7109612339505714,H,0.1
2021-22,2022-05-12,Tottenham,Arsenal,H,1585.7259995339568,1586.8529931942587,-1.1269936603018778,0.31149710653173845,0.25134680362968104,0.43715608983858045,H,0.1
2021-22,2022-05-15,Wolverhampton Wanderers,Norwich City,D,1458.13623962058,1280.4825283876778,177.6537112329022,0.17254144896059784,0.14977379149773973,0.6776847595416624,H,0.1
2021-22,2022-05-15,Aston Villa,Crystal Palace,D,1467.6847516960663,1472.7562777689839,-5.07152607291755,0.3151693611518752,0.2524510579629898,0.43237958088513506,H,0.1
2021-22,2022-05-15,Everton,Brentford,A,1430.8299758217045,1444.4440037643678,-13.61402794266337,0.3232372301105283,0.2545938020404802,0.4221689678489915,H,0.1
2021-22,2022-05-15,West Ham,Manchester City,D,1515.7509059314925,1756.2264285275196,-240.47552259602708,0.5989159482878935,0.18916155034148907,0.2119225013706174,A,0.1
2021-22,2022-05-15,Leeds United,Brighton and Hove Albion,D,1415.7155833433028,1465.1290212232752,-49.413437879972435,0.3588672485919774,0.2597155894848467,0.381417161923176,H,0.1
2021-22,2022-05-15,Watford,Leicester City,A,1326.6734382928519,1492.4685591766909,-165.795120883839,0.4967452223949896,0.23307931943520135,0.2701754581698091,A,0.1
2021-22,2022-05-15,Tottenham,Burnley,H,1597.2561869653846,1414.7333576509368,182.5228293144478,0.16938972449971518,0.14639284298907312,0.6842174325112118,H,0.1
2021-22,2022-05-16,Newcastle United,Arsenal,H,1451.0829912015886,1575.322805762831,-124.23981456124238,0.44371645599975645,0.24973024147426298,0.3065533025259805,A,0.1
2021-22,2022-05-17,Southampton,Liverpool,A,1407.5829723789386,1731.8215012305977,-324.2385288516591,0.7127951469405117,0.1314762413301786,0.1557286117293097,A,0.1
2021-22,2022-05-19,Everton,Crystal Palace,H,1423.0268331717382,1474.3242048054917,-51.29737163375353,0.360827818305772,0.25980777331628274,0.37936440837794533,H,0.1
2021-22,2022-05-19,Aston Villa,Burnley,D,1466.1168246595585,1412.1931449641781,53.923679695380315,0.2634217320071535,0.22904934107639616,0.5075289269164504,H,0.1
2021-22,2022-05-19,Chelsea,Leicester City,D,1611.5625369469467,1503.0135260517866,108.54901089516011,0.22068702911769306,0.19700955803985098,0.5823034128424559,H,0.1
2021-22,2022-05-22,Crystal Palace,Manchester United,H,1467.7203005871013,1546.0386882751407,-78.31838768803937,0.3899377442929915,0.2591493782376479,0.3509128774693606,A,0.1
2021-22,2022-05-22,Burnley,Newcastle United,A,1415.3594590736973,1463.3829678437016,-48.023508770004355,0.3574264369346309,0.25963606111481796,0.38293750195055115,H,0.1
2021-22,2022-05-22,Leicester City,Southampton,H,1507.516897011496,1405.4165932896528,102.10030372184315,0.2255070148179026,0.2011548688191376,0.5733381163629598,H,0.1
2021-22,2022-05-22,Liverpool,Wolverhampton Wanderers,H,1733.9878803198835,1452.1949582823945,281.792922037489,0.11039013410961178,0.1,0.7896098658903883,H,0.1
2021-22,2022-05-22,Chelsea,Watford,H,1607.0591659872373,1316.1284714177561,290.93069456948115,0.10539597465689031,0.1,0.7946040253431097,H,0.1
2021-22,2022-05-22,Brighton and Hove Albion,West Ham,H,1465.4336327078736,1520.5236624168351,-55.09002970896154,0.3648016663533991,0.25993879597294056,0.3752595376736603,H,0.1
2021-22,2022-05-22,Brentford,Leeds United,A,1452.247146414334,1415.4109718587044,36.83617455562967,0.277749520068389,0.23724822970095372,0.4850022502306573,H,0.1
2021-22,2022-05-22,Manchester City,Aston Villa,H,1751.453672042177,1462.9505105500393,288.5031614921377,0.10670327681728879,0.1,0.7932967231827113,H,0.1
2021-22,2022-05-22,Arsenal,Everton,H,1563.022829120718,1429.6307373901286,133.3920917305893,0.20264626885545362,0.1804479484653287,0.6169057826792176,H,0.1
2021-22,2022-05-22,Norwich City,Tottenham,A,1286.4238097258633,1599.7963996521432,-313.37258992627994,0.6986174134064153,0.13889958562635848,0.16248300096722623,A,0.1
2022-23,2022-08-05,Crystal Palace,Arsenal,A,1477.2894618572,1563.4742772571876,-86.18481539998766,0.398765526124089,0.25826492092385117,0.3429695529520598,A,0.1
2022-23,2022-08-06,Bournemouth,Aston Villa,H,1405.6514418465133,1465.347730667689,-59.696288821175585,0.3696766811969046,0.2599997657957614,0.37032355300733405,H,0.1
2022-23,2022-08-06,Everton,Chelsea,A,1429.9139326025743,1597.6436974145236,-167.72976481194928,0.49930106601573515,0.23214094185656697,0.26855799212769793,A,0.1
2022-23,2022-08-06,Fulham,Liverpool,D,1372.5160946524504,1712.7392080769123,-340.22311342446187,0.733142803869168,0.1207637301538299,0.14609346597700212,A,0.1
2022-23,2022-08-06,Leeds United,Wolverhampton Wanderers,H,1431.6726122092948,1454.8253466651379,-23.152734455843074,0.33243750131998984,0.2565754150250669,0.4109870836549432,H,0.1
2022-23,2022-08-06,Newcastle United,Nottingham Forest,H,1473.3600940094875,1420.0,53.36009400948751,0.26388645233840685,0.2293360420299432,0.50677750563165,H,0.1
2022-23,2022-08-06,Tottenham,Southampton,H,1595.1436303622215,1408.1432477469477,187.0003826152738,0.1665198952777189,0.14329261088806572,0.6901874938342154,H,0.1
2022-23,2022-08-07,West Ham,Manchester City,A,1508.961637503839,1727.6160336653058,-218.65439616146682,0.5685558902080706,0.20333786616897276,0.22810624362295664,A,0.1
2022-23,2022-08-07,Leicester City,Brentford,D,1513.4968935240863,1449.2196942364399,64.27719928764645,0.2549758937145557,0.22359878078510662,0.5214253255003377,H,0.1
2022-23,2022-08-07,Manchester United,Brighton and Hove Albion,A,1535.0936281188178,1478.3999281083986,56.69370001041921,0.26114518576434265,0.22762488151449736,0.51122993272116,H,0.1
2022-23,2022-08-13,Wolverhampton Wanderers,Fulham,D,1448.6908077282797,1379.1929044932783,69.49790323500133,0.2507814498268617,0.22072442145180732,0.528494128721331,H,0.1
2022-23,2022-08-13,Southampton,Leeds United,D,1403.176303776661,1437.807151146153,-34.63084736949213,0.3437862773893328,0.25837099942565,0.3978427231850172,H,0.1
2022-23,2022-08-13,Manchester City,Bournemouth,H,1733.3385403751845,1416.3379853027607,317.0005550724238,0.09221363282716347,0.1,0.8077863671728366,H,0.1
2022-23,2022-08-13,Aston Villa,Everton,H,1454.6611872114415,1425.408851920465,29.25233529097659,0.2842719995945103,0.24054059365235358,0.4751874067531361,H,0.1
2022-23,2022-08-13,Brentford,Manchester United,H,1452.6515465467082,1526.1483567478508,-73.49681020114258,0.38460617138001635,0.2595378856688767,0.35585594295110695,A,0.1
2022-23,2022-08-13,Arsenal,Leicester City,H,1573.2509829491632,1510.065041213818,63.185941735345295,0.25585801736144825,0.2241892265849591,0.5199527560535927,H,0.1
2022-23,2022-08-13,Brighton and Hove Albion,Newcastle United,D,1487.3451994793656,1480.7055468722679,6.639652607097787,0.30436188751468585,0.24896542232765725,0.44667269015765687,H,0.1
2022-23,2022-08-14,Chelsea,Tottenham,D,1602.148778096633,1600.1105743325083,2.038203764124546,0.30857413198026706,0.25040917799570567,0.4410166900240273,H,0.1
2022-23,2022-08-14,Nottingham Forest,West Ham,H,1412.6545471372197,1503.2391307939604,-90.58458365674073,0.4037729730105727,0.2576357335336226,0.33859129345580474,A,0.1
2022-23,2022-08-15,Liverpool,Crystal Palace,D,1706.0623982360844,1467.5127561652243,238.54964207086005,0.13549725564327458,0.10888072637344637,0.755622017983279,H,0.1
2022-23,2022-08-20,Leicester City,Southampton,A,1503.0210287404689,1402.4474158049957,100.5736129354732,0.22665654544996014,0.20212491096269053,0.5712185435873492,H,0.1
2022-23,2022-08-20,Tottenham,Wolverhampton Wanderers,H,1601.8774390559802,1445.1270789712223,156.75036008475786,0.18643419734934516,0.16433147072306586,0.649234331927589,H,0.1
2022-23,2022-08-20,Fulham,Brentford,H,1382.7566332503357,1468.8303336666424,-86.07370041630679,0.3986397142599075,0.2582795665342464,0.34308071920584615,A,0.1
2022-23,2022-08-20,Everton,Nottingham Forest,D,1420.287926792117,1419.8964382506158,0.3914885415013032,0.31009221182775665,0.25090267342822997,0.4390051147440133,H,0.1
2022-23,2022-08-20,Crystal Palace,Aston Villa,H,1474.4716984829715,1459.7821123397894,14.689586143182169,0.29709604327978356,0.24621466003488382,0.45668929668533265,H,0.1
2022-23,2022-08-20,Bournemouth,Arsenal,A,1413.455306763323,1580.2949954225123,-166.83968865918928,0.49812433880546525,0.2325743049310372,0.2693013562634976,A,0.1
2022-23,2022-08-21,Leeds United,Chelsea,H,1438.5360391178183,1600.381913373161,-161.84587425534278,0.4915496089710862,0.2349533265322761,0.27349706449663774,A,0.1
2022-23,2022-08-21,Newcastle United,Manchester City,D,1482.6004103961823,1736.221218914622,-253.62080851843984,0.6172239495413554,0.18029203350645376,0.20248401695219084,A,0.1
2022-23,2022-08-21,West Ham,Brighton and Hove Albion,A,1495.9972396805642,1485.4503359554512,10.546903725112998,0.3008190208435467,0.2476655946672941,0.4515153844891592,H,0.1
2022-23,2022-08-22,Manchester United,Liverpool,H,1509.9695696279166,1699.1034559183372,-189.1338862904206,0.528000011563898,0.2209274483573743,0.25107254007872776,A,0.1
2022-23,2022-08-27,Chelsea,Leicester City,H,1583.7884896477974,1493.5300850882581,90.25840455953926,0.23450924592647765,0.20855386888557764,0.5569368851879447,H,0.1
2022-23,2022-08-27,Manchester City,Crystal Palace,H,1731.161612938566,1483.0743721087294,248.08724082983645,0.1301769533371441,0.1028992648575244,0.7669237818053315,H,0.1
2022-23,2022-08-27,Brighton and Hove Albion,Leeds United,H,1498.57411845549,1455.129462843182,43.444655612308,0.2721491451914342,0.2342014547023371,0.4936494001062287,H,0.1
2022-23,2022-08-27,Liverpool,Bournemouth,H,1690.4519107818248,1404.4117036558216,286.0402071260032,0.10804397403445537,0.1,0.7919560259655446,H,0.1
2022-23,2022-08-27,Brentford,Everton,D,1461.6601838601855,1418.5670168603433,43.0931669998422,0.2724451043277937,0.2343675488916195,0.49318734678058684,H,0.1
2022-23,2022-08-27,Arsenal,Fulham,H,1589.3385985300138,1389.9267830567926,199.41181547322117,0.15870870549986493,0.13476181367986237,0.7065294808202727,H,0.1
2022-23,2022-08-27,Southampton,Manchester United,A,1411.9383594572064,1518.621114764429,-106.68275530722258,0.4225206090005038,0.25452513750917244,0.3229542534903238,A,0.1
2022-23,2022-08-28,Aston Villa,West Ham,A,1451.1794387140314,1482.8734571805255,-31.69401846649407,0.3408530375067203,0.2579735687738685,0.40117339371941124,H,0.1
2022-23,2022-08-28,Nottingham Forest,Tottenham,A,1421.6173481823896,1604.7645008898103,-183.14715270742067,0.5199004459716204,0.22421014682690918,0.25588940720147035,A,0.1
2022-23,2022-08-28,Wolverhampton Wanderers,Newcastle United,D,1442.2400171373922,1487.6600163722385,-45.41999923484627,0.3547404860623526,0.2594608150296216,0.3857986989080258,H,0.1
2022-23,2022-08-30,Crystal Palace,Brentford,D,1480.2091180976402,1458.7770479359801,21.43207016166002,0.29110845317065065,0.24369659630715015,0.4651949505221992,H,0.1
2022-23,2022-08-30,Fulham,Brighton and Hove Albion,H,1387.5952669745086,1503.4053206606388,-115.81005368613023,0.4334437459957257,0.2522104939893664,0.31434576001490794,A,0.1
2022-23,2022-08-30,Leeds United,Everton,D,1450.298260638033,1421.4501527845487,28.848107853484407,0.284622586700012,0.24070976697780386,0.4746676463221841,H,0.1
2022-23,2022-08-30,Southampton,Chelsea,H,1406.210421912774,1587.73426414711,-181.52384223433592,0.5177133276222816,0.22508147529242084,0.25720519708529754,A,0.1
2022-23,2022-08-31,West Ham,Tottenham,D,1490.2619564591134,1611.4549378442498,-121.19298138513636,0.43998336285582923,0.2506640151765206,0.3093526219676502,A,0.1
2022-23,2022-08-31,Manchester City,Nottingham Forest,H,1734.0268669496552,1414.92691122795,319.0999557217051,0.09121819667251124,0.1,0.8087818033274887,H,0.1
2022-23,2022-08-31,Liverpool,Newcastle United,H,1695.3442690991042,1488.0794163645146,207.26485273458957,0.15387672287744125,0.1294271454890064,0.7166961316335524,H,0.1
2022-23,2022-08-31,Bournemouth,Wolverhampton Wanderers,D,1399.5193453385423,1441.820617145116,-42.30127180657382,0.3515449610436077,0.2592058666781113,0.389249172278281,H,0.1
2022-23,2022-08-31,Arsenal,Aston Villa,H,1591.6701146122978,1443.7909394354435,147.87917517685423,0.19250615378339223,0.17048926609627632,0.6370045801203315,H,0.1
2022-23,2022-09-01,Leicester City,Manchester United,A,1489.5843105889455,1524.3490523088612,-34.76474171991572,0.34392049776470457,0.2583880959883401,0.3976914062469553,H,0.1
2022-23,2022-09-03,Aston Villa,Manchester City,D,1440.7763720198375,1737.4717067660602,-296.69533474622267,0.6763942341035327,0.1504401906424267,0.1731655752540407,A,0.1
2022-23,2022-09-03,Everton,Liverpool,D,1423.9530831708087,1697.5836195775473,-273.63053640673866,0.6449418725811165,0.16650044429202215,0.18855768312686133,A,0.1
2022-23,2022-09-03,Brentford,Leeds United,H,1461.0788556033995,1447.795330251773,13.283525351626395,0.29835584159194706,0.24671543445402333,0.4549287239540296,H,0.1
2022-23,2022-09-03,Chelsea,West Ham,H,1579.178545270908,1492.005243096001,87.1733021749069,0.2368872835119253,0.2104311203431303,0.5526815961449444,H,0.1
2022-23,2022-09-03,Nottingham Forest,Bournemouth,A,1411.4820714115451,1399.010375173436,12.471696238109189,0.2990850000752653,0.24700069128656438,0.4539143086381704,H,0.1
2022-23,2022-09-03,Wolverhampton Wanderers,Southampton,H,1442.3295873102225,1414.7661407889761,27.563446521246306,0.2857387737132216,0.24124308972566602,0.4730181365611124,H,0.1
2022-23,2022-09-03,Tottenham,Fulham,H,1609.7116512073621,1395.2288525279978,214.48279867936435,0.14951193315350217,0.12457794258674597,0.7259101242597519,H,0.1
2022-23,2022-09-03,Newcastle United,Crystal Palace,D,1485.8400658860714,1477.9073104302208,7.932755455850611,0.30318596103438167,0.24854269608691806,0.4482713428787003,H,0.1
2022-23,2022-09-04,Manchester United,Arsenal,H,1531.667447217964,1594.6846820279038,-63.01723480993974,0.37322476746427596,0.2599768861492075,0.3667983463865165,A,0.1
2022-23,2022-09-04,Brighton and Hove Albion,Leicester City,H,1495.7717351071497,1482.2659156798427,13.50581942730696,0.2981564117200444,0.2466368295593616,0.45520675872059396,H,0.1
2022-23,2022-09-16,Aston Villa,Southampton,H,1446.6997767443386,1409.6101210412096,37.08965570312898,0.27753329425597834,0.23713436735915225,0.4853323383848694,H,0.1
2022-23,2022-09-16,Nottingham Forest,Fulham,A,1403.1724792373166,1393.0715433376902,10.100935899626393,0.30122184331360696,0.24781734698566082,0.4509608097007322,H,0.1
2022-23,2022-09-17,Newcastle United,Bournemouth,D,1483.9093456563417,1407.3199673476645,76.58937830867717,0.24515100213779945,0.21669432125305613,0.5381546766091444,H,0.1
2022-23,2022-09-17,Tottenham,Leicester City,H,1611.8689603976698,1471.3598719913716,140.50908840629813,0.19763001125932905,0.1755748545215108,0.6267951342191602,H,0.1
2022-23,2022-09-17,Wolverhampton Wanderers,Manchester City,A,1447.485607057989,1731.548302041559,-284.06269498357005,0.6592529938242415,0.15923917258234052,0.18150783359341788,A,0.1
2022-23,2022-09-18,Brentford,Arsenal,A,1471.994429102058,1583.9117371172304,-111.91730801517247,0.4287594292952905,0.25324548083378917,0.3179950898709203,A,0.1
2022-23,2022-09-18,Everton,West Ham,H,1429.4286012599166,1488.0045909651287,-58.57598970521212,0.3684860787715884,0.25999485132653477,0.37151906990187683,H,0.1
2022-23,2022-10-01,Liverpool,Brighton and Hove Albion,D,1692.1081014884394,1506.6777787956207,185.43032269281866,0.16752309278540556,0.14437860067311545,0.688098306541479,H,0.1
2022-23,2022-10-01,West Ham,Wolverhampton Wanderers,H,1481.2805589243337,1442.1844766896475,39.096082234686264,0.2758257644347847,0.23622455721061497,0.48794967835460035,H,0.1
2022-23,2022-10-01,Southampton,Everton,A,1404.6503481748728,1436.1526333007116,-31.502285125838853,0.34066225042641113,0.2579461324199435,0.4013916171536454,H,0.1
2022-23,2022-10-01,Fulham,Newcastle United,A,1401.344895621623,1480.1687411590008,-78.82384553737779,0.3905001508099185,0.25910187060806084,0.3503979785820207,A,0.1
2022-23,2022-10-01,Bournemouth,Brentford,D,1411.0605718450054,1460.7592916110568,-49.698719766051454,0.35916356757884693,0.2597307034521027,0.3811057289690504,H,0.1
2022-23,2022-10-01,Arsenal,Tottenham,H,1595.1468746082314,1619.1219697578986,-23.97509514966714,0.33324037719048966,0.2567256137406461,0.41003400906886417,H,0.1
2022-23,2022-10-01,Crystal Palace,Chelsea,A,1479.8380306599506,1583.1791974017804,-103.34116674182974,0.4185743232747884,0.25527396142232395,0.3261517153028876,A,0.1
2022-23,2022-10-02,Leeds United,Aston Villa,D,1436.8797567531146,1451.6595496106754,-14.779792857560778,0.3243506560707918,0.25485945221109946,0.4207898917181088,H,0.1
2022-23,2022-10-02,Manchester City,Manchester United,H,1736.8494324099006,1542.4403921286375,194.40904028126306,0.16183167248868965,0.1381875349202931,0.6999807925910172,H,0.1
2022-23,2022-10-03,Leicester City,Nottingham Forest,H,1464.1068626311428,1394.8991269533838,69.20773567775905,0.2510134690845387,0.2208862907099898,0.5281002402054715,H,0.1
2022-23,2022-10-08,Bournemouth,Leicester City,H,1410.7641640175766,1474.1610929146852,-63.39692889710864,0.37363222090659365,0.2599707030887815,0.3663970760046249,A,0.1
2022-23,2022-10-08,Brighton and Hove Albion,Tottenham,A,1512.761955911406,1609.377108507944,-96.61515259653811,0.41071789972568673,0.25661814334626726,0.33266395692804596,A,0.1
2022-23,2022-10-08,Chelsea,Wolverhampton Wanderers,H,1588.978062371394,1434.388086994039,154.5899753773549,0.18790327169914647,0.16583374605066323,0.6462629822501903,H,0.1
2022-23,2022-10-08,Manchester City,Southampton,H,1741.6330950127272,1397.257468003956,344.37562700877106,0.07996388936607167,0.1,0.8200361106339283,H,0.1
2022-23,2022-10-08,Newcastle United,Brentford,H,1492.8277724028865,1461.0556994384856,31.772072964400877,0.2820933681838186,0.2394715043627872,0.4784351274533942,H,0.1
2022-23,2022-10-09,West Ham,Fulham,H,1489.0769486199422,1388.6858643777373,100.3910842422049,0.2267941987873191,0.2022405841060079,0.570965217106673,H,0.1
2022-23,2022-10-09,Everton,Manchester United,A,1443.5455134716283,1537.656729525811,-94.1112160541827,0.40782289925917464,0.25706233222121794,0.33511476851960736,A,0.1
2022-23,2022-10-09,Arsenal,Liverpool,H,1604.891735858186,1686.0239243726542,-81.13218851446823,0.39307698524557305,0.25886860122929795,0.3480544135251289,A,0.1
2022-23,2022-10-09,Crystal Palace,Leeds United,H,1474.039165690337,1435.5855145335295,38.45365115680761,0.2763717211715868,0.2365175097262152,0.48711076910219797,H,0.1
2022-23,2022-10-10,Nottingham Forest,Aston Villa,D,1384.8448966698413,1452.9537918302606,-68.10889516041925,0.3787193621255024,0.2598330996171711,0.36144753825732645,A,0.1
2022-23,2022-10-14,Brentford,Brighton and Hove Albion,H,1449.2862959869994,1506.8192573255112,-57.53296133851177,0.36738045380358086,0.2599845470145427,0.37263499918187637,H,0.1
2022-23,2022-10-15,Fulham,Bournemouth,D,1382.7119986629752,1417.5673575144933,-34.855358851518076,0.34401135985181175,0.2583996159181571,0.3975890242300312,H,0.1
2022-23,2022-10-15,Leicester City,Crystal Palace,D,1467.3578994177685,1478.9711825547442,-11.613283136975724,0.32133333225796845,0.25412280222453004,0.42454386551750145,H,0.1
2022-23,2022-10-15,Tottenham,Everton,H,1615.3198070938388,1437.5489165313484,177.77089056249042,0.17246522308059722,0.1496923303741824,0.6778424465452204,H,0.1
2022-23,2022-10-15,Wolverhampton Wanderers,Nottingham Forest,H,1428.5526340964532,1385.078247064992,43.47438703146122,0.27212412060050095,0.23418738474806566,0.4936884946514334,H,0.1
2022-23,2022-10-16,Southampton,West Ham,D,1394.7846219668495,1495.0508143347042,-100.26619236785473,0.4149681287996911,0.2559156700264807,0.3291162011738283,A,0.1
2022-23,2022-10-16,Liverpool,Manchester City,H,1678.9328818730874,1744.1059410498337,-65.17305917674639,0.3755430942136302,0.2599320621908386,0.3645248435955313,A,0.1
2022-23,2022-10-16,Manchester United,Newcastle United,D,1543.653326466091,1504.5971758543726,39.056150611718294,0.27585967837632114,0.23624281120020765,0.48789751042347124,H,0.1
2022-23,2022-10-16,Aston Villa,Chelsea,A,1452.72044143511,1594.8135152689797,-142.09307383386977,0.46603434856366954,0.2434394923715779,0.2905261590647525,A,0.1
2022-23,2022-10-16,Leeds United,Arsenal,A,1430.6534976691223,1611.9827783577527,-181.32928068863043,0.5174514614170116,0.22518535738701662,0.25736318119597185,A,0.1
2022-23,2022-10-18,Brighton and Hove Albion,Nottingham Forest,D,1496.1891344023345,1380.247641868805,115.94149253352953,0.21523173898606876,0.19217044584610968,0.5925978151678216,H,0.1
2022-23,2022-10-18,Crystal Palace,Wolverhampton Wanderers,H,1480.3549295518017,1433.3832392926402,46.971690259161505,0.2691910280200955,0.2325102117338732,0.4982987602460313,H,0.1
2022-23,2022-10-19,Liverpool,West Ham,H,1685.7651506129378,1493.8970213549633,191.8681292579745,0.1634310713972932,0.13993447292458264,0.6966344556781242,H,0.1
2022-23,2022-10-19,Brentford,Chelsea,D,1459.9164189101762,1602.7391591473934,-142.8227402372172,0.4669620718874509,0.24315358682653843,0.28988434128601065,A,0.1
2022-23,2022-10-19,Newcastle United,Everton,H,1507.3734224829689,1433.425544116203,73.94787836676596,0.24723937208171098,0.2182118661856241,0.534548761732665,H,0.1
2022-23,2022-10-19,Manchester United,Tottenham,H,1540.8770798374946,1619.4431795089843,-78.56609967148961,0.3902132826623287,0.25912625643936205,0.35066046089830927,A,0.1
2022-23,2022-10-19,Bournemouth,Southampton,A,1418.2898175553487,1395.9384149465905,22.351402608758235,0.2902988165505803,0.2433385222053431,0.46636266124407655,H,0.1
2022-23,2022-10-20,Fulham,Aston Villa,H,1381.9895386221199,1444.7947975566963,-62.805258934576386,0.37299745408133866,0.2599800196720603,0.36702252624660103,A,0.1
2022-23,2022-10-20,Leicester City,Leeds United,H,1465.974152420711,1426.399401709282,39.57475071142903,0.275419448674702,0.23600528056397205,0.4885752707613259,H,0.1
2022-23,2022-10-22,Nottingham Forest,Liverpool,H,1384.918999511532,1688.1880980489523,-303.2690985374202,0.6852150056570077,0.14587547784775518,0.1689095164952372,A,0.1
2022-23,2022-10-22,Manchester City,Brighton and Hove Albion,H,1737.2736723099833,1491.5177767596074,245.75589555037595,0.13146502359931392,0.10434741826558537,0.7641875581351008,H,0.1
2022-23,2022-10-22,Everton,Crystal Palace,H,1429.183978505827,1485.1156043086896,-55.93162580286253,0.36568836593019816,0.2599579776752061,0.3743536563945957,H,0.1
2022-23,2022-10-22,Chelsea,Manchester United,D,1600.3994806139515,1552.0506855482731,48.34879506567836,0.2680417851448446,0.23183790760362094,0.5001203072515344,H,0.1
2022-23,2022-10-23,Tottenham,Newcastle United,A,1608.2695737982058,1511.6149880933447,96.65458570486112,0.22962230965663338,0.20459384209908132,0.5657838482442852,H,0.1
2022-23,2022-10-23,Aston Villa,Brentford,H,1431.2078038079128,1462.256097443618,-31.04829363570525,0.34021084613666575,0.2578804412302418,0.40190871263309247,H,0.1
2022-23,2022-10-23,Leeds United,Fulham,A,1418.6183945615478,1395.5765323709034,23.04186219064445,0.28969179745993406,0.24306730024623568,0.46724090229383025,H,0.1
2022-23,2022-10-23,Southampton,Arsenal,D,1404.3968019834185,1616.236874317593,-211.84007233417447,0.5591216463440805,0.20758298065479322,0.23329537300112632,A,0.1
2022-23,2022-10-23,Wolverhampton Wanderers,Leicester City,A,1428.6225645357522,1473.7551595684454,-45.13259503269319,0.3544450058317628,0.2594393716107928,0.3861156225574444,H,0.1
2022-23,2022-10-24,West Ham,Bournemouth,H,1491.4740739189488,1409.8314305185206,81.64264340042814,0.24118494371169766,0.21373938111802415,0.5450756751702782,H,0.1
2022-23,2022-10-29,Leicester City,Manchester City,A,1490.2004543872413,1740.1747186199939,-249.9742642327526,0.6121490893043655,0.1827717425566563,0.20507916813897828,A,0.1
2022-23,2022-10-29,Liverpool,Leeds United,A,1678.414009401712,1410.149746534307,268.264262867405,0.11815686747800032,0.1,0.7818431325219997,H,0.1
2022-23,2022-10-29,Newcastle United,Aston Villa,H,1521.060903484021,1445.7587826815657,75.30212080245542,0.24616739560803083,0.21743623093343484,0.5363963734585344,H,0.1
2022-23,2022-10-29,Fulham,Everton,D,1404.045180398144,1442.544916949309,-38.499736551164915,0.34768191594423453,0.2588289348372886,0.39348914921847694,H,0.1
2022-23,2022-10-29,Bournemouth,Tottenham,A,1403.332630501007,1598.8236584075294,-195.49102790652228,0.5366542816422629,0.21732763602985097,0.24601808232788613,A,0.1
2022-23,2022-10-29,Brighton and Hove Albion,Chelsea,H,1488.6167304495968,1597.3782625090241,-108.76153205942728,0.4249899035800244,0.25403245420587,0.3209776422141055,A,0.1
2022-23,2022-10-29,Brentford,Wolverhampton Wanderers,D,1447.7051185699652,1412.1772697169563,35.52784885300889,0.27886736858161953,0.23783204645602482,0.4833005849623556,H,0.1
2022-23,2022-10-29,Crystal Palace,Southampton,H,1471.7546658652077,1408.5086050541324,63.24606081107527,0.255809370970457,0.224156793163404,0.520033835866139,H,0.1
2022-23,2022-10-30,Arsenal,Nottingham Forest,H,1612.125071246879,1394.6930881587723,217.4319830881068,0.14774976842264764,0.122613370078402,0.7296368614989504,H,0.1
2022-23,2022-10-30,Manchester United,West Ham,H,1555.0719036532005,1497.9728739364623,57.09902971673819,0.2608131116821625,0.22741433004603326,0.5117725582718042,H,0.1
2022-23,2022-11-05,Everton,Leicester City,A,1443.1629555564177,1487.0765711877652,-43.91361563134751,0.3531940302307842,0.2593437918134718,0.387462177955744,H,0.1
2022-23,2022-11-05,Leeds United,Bournemouth,H,1420.8837961561526,1399.3306900812877,21.5531060748649,0.2910017675650964,0.24364965339452452,0.46534857904037913,H,0.1
2022-23,2022-11-05,Manchester City,Fulham,H,1743.29860181947,1403.4271417910354,339.8714600284345,0.08187323500927604,0.1,0.818126764990724,H,0.1
2022-23,2022-11-05,Nottingham Forest,Brentford,D,1389.2012982090607,1445.0228591620466,-55.82156095298592,0.3655723009925187,0.2599556733908384,0.37447202561664295,H,0.1
2022-23,2022-11-05,Wolverhampton Wanderers,Brighton and Hove Albion,A,1414.8595291248748,1503.668506042658,-88.80897691778318,0.4017460864669458,0.2579012038348803,0.34035270969817394,A,0.1
2022-23,2022-11-06,Tottenham,Liverpool,A,1602.8255988272488,1667.6799597798665,-64.85436095261775,0.37519962473990837,0.25994017433252375,0.3648602009275678,A,0.1
2022-23,2022-11-06,Aston Villa,Manchester United,H,1435.9684234786537,1559.633431133411,-123.66500765475735,0.4430104506072593,0.24990960576808804,0.30707994362465263,A,0.1
2022-23,2022-11-06,Chelsea,Arsenal,A,1582.326486915963,1617.6168611965907,-35.2903742806277,0.3444478245994617,0.25845434836861614,0.39709782703192215,H,0.1
2022-23,2022-11-06,Southampton,Newcastle United,A,1404.0654767729307,1530.851262686933,-126.78578591400242,0.4468531525308046,0.2489180215373849,0.30422882593181044,A,0.1
2022-23,2022-11-06,West Ham,Crystal Palace,A,1493.4113464562517,1476.1977941464095,17.21355230984227,0.2948443526799605,0.2452945252386775,0.45986112208136193,H,0.1
2022-23,2022-11-12,Tottenham,Leeds United,H,1596.186677517769,1426.1657433461444,170.02093417162473,0.17754649173277068,0.15508696498669677,0.6673665432805325,H,0.1
2022-23,2022-11-12,West Ham,Leicester City,A,1485.0298839361947,1498.34604511593,-13.316161179735445,0.3229532207410475,0.25452488605654994,0.42252189320240263,H,0.1
2022-23,2022-11-12,Nottingham Forest,Crystal Palace,H,1389.0810388637199,1484.5792566664666,-95.4982178027467,0.4094245221721575,0.25682007380450705,0.3337554040233354,A,0.1
2022-23,2022-11-12,Wolverhampton Wanderers,Arsenal,A,1408.7481943480134,1624.923267302452,-216.17507295443852,0.5651195620737974,0.2048937713479624,0.22998666657824018,A,0.1
2022-23,2022-11-12,Manchester City,Brentford,A,1744.3909619503474,1445.1431185073875,299.24784344295995,0.10102184516848274,0.1,0.7989781548315172,H,0.1
2022-23,2022-11-12,Bournemouth,Everton,H,1394.048742891296,1431.8934816282529,-37.84473873695697,0.3470198573285635,0.2587566692898962,0.39422347338154035,H,0.1
2022-23,2022-11-12,Liverpool,Southampton,H,1674.3188810893462,1393.4469381525662,280.87194293678,0.11090462116999199,0.1,0.789095378830008,H,0.1
2022-23,2022-11-12,Newcastle United,Chelsea,H,1541.4698013072975,1575.0200808101017,-33.55027950280419,0.3427046442776871,0.258229757025927,0.3990655986963859,H,0.1
2022-23,2022-11-13,Brighton and Hove Albion,Aston Villa,A,1509.7798408195194,1448.25480447726,61.525036342259455,0.25720422765455114,0.22508083735749057,0.5177149349879582,H,0.1
2022-23,2022-11-13,Fulham,Manchester United,A,1402.334781660158,1547.3470501348047,-145.01226847464682,0.46975299172414814,0.24228255345641403,0.28796445481943783,A,0.1
2022-23,2022-12-26,Brentford,Tottenham,D,1455.9764294170193,1598.8907980161596,-142.9143685991403,0.46707865505979557,0.24311752911153905,0.2898038158286653,A,0.1
2022-23,2022-12-26,Crystal Palace,Fulham,A,1477.259762686894,1397.3920775255026,79.86768516139136,0.24257370319513819,0.21478488844915342,0.5426414083557084,H,0.1
2022-23,2022-12-26,Arsenal,West Ham,H,1630.7101706991016,1472.6513349143247,158.05883578477687,0.18554744155029085,0.16342097219074733,0.6510315862589618,H,0.1
2022-23,2022-12-26,Aston Villa,Liverpool,A,1457.2645190065941,1676.7199239617078,-219.45540495511364,0.5696669158451563,0.2028325160070122,0.2275005681478316,A,0.1
2022-23,2022-12-26,Everton,Wolverhampton Wanderers,A,1419.1328635874447,1402.9612909513637,16.17157263608101,0.2957724203401826,0.24567767570103988,0.4585499039587775,H,0.1
2022-23,2022-12-26,Leicester City,Newcastle United,A,1510.7245941378,1547.7784012413167,-37.05380710351665,0.34622177847018576,0.2586665442557275,0.3951116772740868,H,0.1
2022-23,2022-12-26,Southampton,Brighton and Hove Albion,A,1391.0458952802046,1500.7701262901853,-109.72423100998071,0.42613716614150177,0.25379735446047325,0.320065479398025,A,0.1
2022-23,2022-12-27,Manchester United,Nottingham Forest,H,1552.28975426946,1396.4005328432925,155.88922142616752,0.18701903368093203,0.16493044808591653,0.6480505182331514,H,0.1
2022-23,2022-12-27,Chelsea,Bournemouth,H,1568.7114808760825,1406.809360932104,161.9021199439785,0.18295601296645145,0.1607446171583322,0.6562993698752163,H,0.1
2022-23,2022-12-28,Leeds United,Manchester City,A,1423.461622847754,1733.5576510407157,-310.09602819296174,0.6942928507265561,0.14115535478239663,0.16455179449104737,A,0.1
2022-23,2022-12-30,Liverpool,Leicester City,H,1682.4217297062924,1496.1921732200437,186.2295564862486,0.16701199781049492,0.14382562189705056,0.6891623802924545,H,0.1
2022-23,2022-12-30,West Ham,Brentford,A,1468.1046957411108,1458.3186007058198,9.786095035291055,0.3015064649279792,0.24792395594238312,0.45056957912963763,H,0.1
2022-23,2022-12-31,Bournemouth,Crystal Palace,A,1402.3477901735969,1458.7703646309883,-56.42257445739142,0.36620645015639497,0.25996750717589967,0.37382604266770536,H,0.1
2022-23,2022-12-31,Brighton and Hove Albion,Arsenal,A,1509.746874629968,1635.2568098723154,-125.50993524234741,0.4452793185093808,0.24932866036293116,0.305392021127688,A,0.1
2022-23,2022-12-31,Fulham,Southampton,H,1415.8814755814083,1382.069146940422,33.81232864098638,0.28033775658066734,0.2385876570132042,0.4810745864061285,H,0.1
2022-23,2022-12-31,Manchester City,Everton,D,1737.2473828736834,1410.7671228035724,326.48026007011094,0.08779412894316856,0.1,0.8122058710568315,H,0.1
2022-23,2022-12-31,Newcastle United,Leeds United,D,1562.310822159073,1419.7718910147862,142.53893114428683,0.19621163460388483,0.17417768918257975,0.6296106762135355,H,0.1
2022-23,2022-12-31,Wolverhampton Wanderers,Manchester United,A,1411.327031735236,1558.0882645011757,-146.76123276593967,0.4719898937266193,0.24157277571565205,0.2864373305577286,A,0.1
2022-23,2023-01-01,Tottenham,Aston Villa,A,1596.548626727359,1451.5627132620095,144.98591346534954,0.1945090354814917,0.1724897198489244,0.633001244669584,H,0.1
2022-23,2023-01-01,Nottingham Forest,Chelsea,D,1390.6020226115768,1573.1730516345897,-182.5710290230129,0.5191237645771508,0.2245203230912049,0.2563559123316442,A,0.1
2022-23,2023-01-02,Brentford,Liverpool,H,1471.4239018102521,1684.914896655299,-213.49099484504677,0.5614042074892823,0.20656363617909004,0.23203215633162758,A,0.1
2022-23,2023-01-03,Arsenal,Newcastle United,D,1643.7132344739075,1557.0627314265685,86.65050304733904,0.23729162469597553,0.21074702616403512,0.5519613491399893,H,0.1
2022-23,2023-01-03,Everton,Brighton and Hove Albion,A,1418.8161421603909,1501.290450028376,-82.47430786798509,0.39458156249643106,0.25872069119003993,0.34669774631352895,A,0.1
2022-23,2023-01-03,Leicester City,Fulham,A,1493.6990062710372,1420.9082932723372,72.79071299869997,0.24815754637313842,0.21887060672530909,0.5329718469015524,H,0.1
2022-23,2023-01-03,Manchester United,Bournemouth,H,1562.9964948447484,1391.5260909880856,171.47040385666287,0.17659000212098996,0.15407717674177202,0.669332821137238,H,0.1
2022-23,2023-01-04,Aston Villa,Wolverhampton Wanderers,D,1467.3311288328564,1406.4188013916632,60.912327441193156,0.25770195027391135,0.22540758114903595,0.5168904685770527,H,0.1
2022-23,2023-01-04,Crystal Palace,Tottenham,A,1469.5920638164996,1580.7802111565122,-111.18814734001262,0.42788622580343255,0.2534314778881164,0.3186822963084511,A,0.1
2022-23,2023-01-04,Leeds United,West Ham,D,1425.0199817472908,1454.9993946366785,-29.97941288938773,0.3391499778064324,0.25772174666353137,0.4031282755300363,H,0.1
2022-23,2023-01-04,Southampton,Nottingham Forest,A,1377.042329249493,1393.9904782999702,-16.94814905047724,0.326429727066745,0.2553362789693829,0.41823399396387206,H,0.1
2022-23,2023-01-05,Chelsea,Manchester City,A,1569.7845959461963,1729.198363516865,-159.4137675706686,0.4883648245895671,0.23607912165585795,0.2755560537545749,A,0.1
2022-23,2023-01-12,Fulham,Chelsea,H,1430.0641709125573,1565.1219160069047,-135.0577450943474,0.45715103922281475,0.2460821369604351,0.29676682381675007,A,0.1
2022-23,2023-01-13,Aston Villa,Leeds United,H,1463.9850010888279,1424.1580637611983,39.826937327629594,0.27520554244039425,0.23588941190072596,0.48890504565887977,H,0.1
2022-23,2023-01-14,Brighton and Hove Albion,Liverpool,H,1513.7893380195592,1670.7434231609734,-156.95408514141423,0.48515577965219925,0.23719529514048215,0.2776489252073186,A,0.1
2022-23,2023-01-14,Everton,Southampton,A,1406.3172541692077,1369.3158483576133,37.001405811594395,0.27760856072608964,0.23717403629786188,0.48521740297604854,H,0.1
2022-23,2023-01-14,Brentford,Bournemouth,H,1485.5953753045776,1386.1566905553993,99.43868474917826,0.22751320180435078,0.20284307778466573,0.5696437204109835,H,0.1
2022-23,2023-01-14,Nottingham Forest,Leicester City,H,1401.7169591918498,1484.5431286308171,-82.82616943896733,0.3949767883707089,0.2586804220809881,0.34634278954830294,A,0.1
2022-23,2023-01-14,Wolverhampton Wanderers,West Ham,H,1409.7649291356918,1455.861312622771,-46.096383487079265,0.35543667938371737,0.2595096354265595,0.38505368518972305,H,0.1
2022-23,2023-01-14,Manchester United,Manchester City,H,1568.3658952774347,1733.8610434561565,-165.49514817872182,0.4963495493991876,0.2332236304339481,0.27042682016686426,A,0.1
2022-23,2023-01-15,Chelsea,Crystal Palace,H,1557.2020799712172,1456.5129034254974,100.68917654571987,0.22656941760284455,0.20205164155427996,0.5713789408428755,H,0.1
2022-23,2023-01-15,Newcastle United,Fulham,H,1561.0496625484702,1437.9840069482448,123.06565560022545,0.21004446991909526,0.1874300868637035,0.6025254432172011,H,0.1
2022-23,2023-01-15,Tottenham,Arsenal,A,1593.8593715475145,1639.7263033520057,-45.86693180449129,0.3552003814589594,0.2594933327919939,0.3853062857490467,H,0.1
2022-23,2023-01-18,Crystal Palace,Manchester United,D,1452.7489287668898,1576.7118300755014,-123.96290130861166,0.4433762377271775,0.2498168354005728,0.30680692687224975,A,0.1
2022-23,2023-01-19,Manchester City,Tottenham,H,1725.5151086580897,1582.660088285334,142.8550203727557,0.19599125489457395,0.17395986413128683,0.6300488809741392,H,0.1
2022-23,2023-01-21,Leicester City,Brighton and Hove Albion,D,1473.2610170417204,1530.2491495212344,-56.98813247951398,0.36680402128385575,0.2599769683058196,0.3732190104103246,H,0.1
2022-23,2023-01-21,Liverpool,Chelsea,D,1654.2836116592982,1560.9660546298248,93.31755702947339,0.2321646814130825,0.2066710049581794,0.5611643136287381,H,0.1
2022-23,2023-01-21,Crystal Palace,Newcastle United,D,1454.5694083150793,1564.4433134671688,-109.87390515208949,0.4263157456153049,0.2537604096441831,0.31992384474051194,A,0.1
2022-23,2023-01-21,Southampton,Aston Villa,A,1377.9879185251648,1468.8891611088,-90.90124258363517,0.40413530314740087,0.25758675208739523,0.33827794476520395,A,0.1
2022-23,2023-01-21,West Ham,Everton,H,1449.3436394344242,1397.6451840016562,51.698455432768014,0.26525964858496237,0.2301751110831014,0.5045652403319362,H,0.1
2022-23,2023-01-21,Bournemouth,Nottingham Forest,D,1380.156872560467,1412.9990707809466,-32.84219822047953,0.34199737318453677,0.25813405201273054,0.3998685748027327,H,0.1
2022-23,2023-01-22,Manchester City,Wolverhampton Wanderers,H,1730.4104982327983,1416.2826023240386,314.1278959087597,0.09359129710871436,0.1,0.8064087028912856,H,0.1
2022-23,2023-01-22,Arsenal,Manchester United,H,1650.9255866141862,1574.891350527312,76.03423608687422,0.24558902643420177,0.21701482734031857,0.5373961462254797,H,0.1
2022-23,2023-01-22,Leeds United,Brentford,D,1419.2539037412262,1491.59519329951,-72.34128955828373,0.38333735288129117,0.2596135693764876,0.3570490777422212,A,0.1
2022-23,2023-01-23,Fulham,Tottenham,A,1434.5903560295462,1577.7646987106255,-143.17434268107922,0.4674095340094417,0.24301503594182183,0.2895754300487365,A,0.1
2022-23,2023-02-03,Chelsea,Fulham,D,1565.1131314954362,1429.611288792097,135.5018427033392,0.20115224616468966,0.1790079048381289,0.6198398489971815,H,0.1
2022-23,2023-02-04,Wolverhampton Wanderers,Liverpool,H,1413.7596228154584,1650.136534793687,-236.37691197822846,0.5932044947423617,0.19188276925632802,0.21491273600131028,A,0.1
2022-23,2023-02-04,Newcastle United,West Ham,D,1563.017606465694,1456.7408186561352,106.27678780955875,0.22237882400181894,0.198478726357248,0.579142449640933,H,0.1
2022-23,2023-02-04,Everton,Arsenal,H,1390.2480047799452,1655.1285418707307,-264.88053709078554,0.632855319743159,0.17256248785505013,0.19458219240179087,A,0.1
2022-23,2023-02-04,Manchester United,Crystal Palace,H,1570.6883952707674,1455.9951153165541,114.69327995421327,0.21614764443919332,0.19299355724539966,0.590858798315407,H,0.1
2022-23,2023-02-04,Brentford,Southampton,H,1491.2401317525698,1371.9219557609306,119.31817599163924,0.21276457538062207,0.1899323352869292,0.5973030893324487,H,0.1
2022-23,2023-02-04,Aston Villa,Leicester City,A,1474.9551238730342,1473.1743306974888,1.780793175545341,0.30881106183927737,0.25048713076792933,0.44070180739279335,H,0.1
2022-23,2023-02-04,Brighton and Hove Albion,Bournemouth,H,1530.335835865466,1379.3767962976974,150.9590395677685,0.19038628545085262,0.16835503040351874,0.6412586841456287,H,0.1
2022-23,2023-02-05,Nottingham Forest,Leeds United,H,1413.7791470437162,1419.6089652881662,-5.829818244450053,0.315879115141031,0.2526550948338516,0.43146579002511737,H,0.1
2022-23,2023-02-05,Tottenham,Manchester City,H,1582.7437659480747,1732.9334777413785,-150.1897117933038,0.4763940349780424,0.24014580009484274,0.28346016492711484,A,0.1
2022-23,2023-02-08,Manchester United,Leeds United,D,1574.2174483606193,1413.7650223200303,160.452426040589,0.18393119482782028,0.16175443695590716,0.6543143682162725,H,0.1
2022-23,2023-02-11,Southampton,Wolverhampton Wanderers,A,1365.0143773124955,1432.13743140891,-67.12305409641453,0.3776503199960132,0.2598712052123693,0.36247847479161754,A,0.1
2022-23,2023-02-11,Arsenal,Brentford,D,1645.6650483058006,1498.1477102010049,147.51733810479573,0.19275603127550983,0.17073969921753906,0.6365042695069512,H,0.1
2022-23,2023-02-11,Crystal Palace,Brighton and Hove Albion,D,1452.4660622267022,1533.3056602626518,-80.83959803594962,0.39274959808577903,0.25889964847705177,0.34835075343716915,A,0.1
2022-23,2023-02-11,Leicester City,Tottenham,H,1486.0832173548927,1590.8797720093123,-104.79655465441965,0.42028957768999503,0.25495438468713527,0.3247560376228697,A,0.1
2022-23,2023-02-11,Bournemouth,Newcastle United,D,1376.4069719005115,1558.566525285806,-182.15955338529443,0.518569355724083,0.2247412261013156,0.2566894181746013,A,0.1
2022-23,2023-02-11,West Ham,Chelsea,D,1461.1918998360231,1560.013355196738,-98.82145536071494,0.4132821864597444,0.256201387433571,0.3305164261066846,A,0.1
2022-23,2023-02-11,Fulham,Nottingham Forest,H,1434.711065090795,1419.6230900118521,15.087975078942918,0.2967398030156363,0.2460712295566419,0.45718896742772186,H,0.1
2022-23,2023-02-12,Manchester City,Aston Villa,H,1724.797471680141,1462.0462372156303,262.7512344645106,0.12145263776759672,0.1,0.7785473622324033,H,0.1
2022-23,2023-02-12,Leeds United,Manchester United,A,1419.3765423104285,1568.6059283702211,-149.22938605979266,0.47515788902659983,0.24055021551148933,0.28429189546191075,A,0.1
2022-23,2023-02-13,Liverpool,Everton,H,1631.7587262002353,1399.7114983448753,232.04722785536,0.13920107752101527,0.11304161360039967,0.747757308878585,H,0.1
2022-23,2023-02-15,Arsenal,Manchester City,A,1640.313915039048,1727.4462220212306,-87.13230698218263,0.3998396407050899,0.2581375411700624,0.3420228181248477,A,0.1
2022-23,2023-02-18,Aston Villa,Arsenal,A,1459.3974868745406,1630.5699093932703,-171.17242251872972,0.5038658916229539,0.2304387887106595,0.2656953196663866,A,0.1
2022-23,2023-02-18,Brentford,Crystal Palace,D,1503.4988434677575,1453.0651557847793,50.43368768297819,0.2663079308234948,0.23080748871196086,0.5028845804645443,H,0.1
2022-23,2023-02-18,Brighton and Hove Albion,Fulham,A,1532.7065667045747,1443.300243763013,89.40632294156171,0.235164672841224,0.20907455583874593,0.5557607713200301,H,0.1
2022-23,2023-02-18,Chelsea,Southampton,A,1558.900610981372,1358.4260075508707,200.47460343050125,0.1580497348758867,0.13403662530525048,0.7079136398188628,H,0.1
2022-23,2023-02-18,Everton,Leeds United,H,1396.592145681088,1411.6739463024776,-15.081800621389675,0.32463959811476234,0.254927214255663,0.42043318762957466,H,0.1
2022-23,2023-02-18,Newcastle United,Liverpool,A,1555.1885572270567,1634.8780788640227,-79.68952163696599,0.3914648981954216,0.2590175241576392,0.34951757764693936,A,0.1
2022-23,2023-02-18,Nottingham Forest,Manchester City,D,1411.0339113396342,1737.1902276670082,-326.15631632737404,0.7152697301851528,0.13017669471717555,0.15455357509767162,A,0.1
2022-23,2023-02-18,Wolverhampton Wanderers,Bournemouth,A,1438.7258011705349,1379.7849399592608,58.94086121127407,0.2593074986242411,0.226450874713649,0.5142416266621099,H,0.1
2022-23,2023-02-19,Tottenham,West Ham,H,1575.9504084363539,1462.3046440513892,113.64576438496465,0.21691791413528336,0.19368249423969638,0.5893995916250202,H,0.1
2022-23,2023-02-19,Manchester United,Leicester City,H,1576.308524378172,1501.012580927851,75.29594345032092,0.24617227913023945,0.217439780395537,0.5363879404742236,H,0.1
2022-23,2023-02-24,Fulham,Wolverhampton Wanderers,D,1452.6609281220403,1429.750426111792,22.910502010248365,0.28980721356960143,0.24311905139434567,0.46707373503605293,H,0.1
2022-23,2023-02-25,Crystal Palace,Liverpool,D,1456.140805198538,1644.8799789244376,-188.73917372589972,0.5274644331266007,0.22114715971487406,0.25138840715852523,A,0.1
2022-23,2023-02-25,Everton,Aston Villa,A,1402.591315557715,1452.3590741729988,-49.76775861528381,0.35923530785025964,0.2597342991510658,0.3810303929986745,H,0.1
2022-23,2023-02-25,Bournemouth,Manchester City,A,1388.7603150180037,1730.743905158954,-341.98359014095035,0.7353433904016327,0.11960210579134825,0.1450545038070191,A,0.1
2022-23,2023-02-25,Leicester City,Arsenal,A,1492.5793960794965,1637.6083220948121,-145.02892601531562,0.46977426499480673,0.2422758518146585,0.28794988319053477,A,0.1
2022-23,2023-02-25,West Ham,Nottingham Forest,H,1456.6839545605947,1417.4802338476884,39.20372071290626,0.2757343609654084,0.23617532269648667,0.48809031633810496,H,0.1
2022-23,2023-02-25,Leeds United,Southampton,H,1405.6747764258505,1368.8123294399184,36.86244698593214,0.27772710373517845,0.23723643955962395,0.4850364567051976,H,0.1
2022-23,2023-02-26,Tottenham,Chelsea,H,1581.5710979271485,1548.5142890923244,33.056808834824096,0.28098699476456335,0.23891683506868588,0.48009617016675077,H,0.1
2022-23,2023-03-01,Arsenal,Everton,H,1642.550697297029,1391.5319189794363,251.0187783175927,0.12856872778150347,0.10109155064880453,0.770339721569692,H,0.1
2022-23,2023-03-01,Liverpool,Wolverhampton Wanderers,H,1641.3353295158663,1432.092492216019,209.24283729984722,0.15267329330282464,0.12809277679862935,0.7192339298985461,H,0.1
2022-23,2023-03-04,Southampton,Leicester City,H,1363.8479246397123,1487.6370208772796,-123.78909623756726,0.44316279424034,0.24987101040744195,0.30696619535221803,A,0.1
2022-23,2023-03-04,Wolverhampton Wanderers,Tottenham,H,1428.5792398221888,1589.5630240631408,-160.983784240952,0.49041940580986254,0.23535487370036917,0.27422572048976823,A,0.1
2022-23,2023-03-04,Manchester City,Newcastle United,H,1734.6974585965497,1545.1866571666417,189.51080142990804,0.1649228542932234,0.14155897240105933,0.6935181733057173,H,0.1
2022-23,2023-03-04,Arsenal,Bournemouth,H,1646.6830763291034,1384.806761580408,261.87631474869545,0.12198275469830303,0.1,0.778017245301697,H,0.1
2022-23,2023-03-04,Brighton and Hove Albion,West Ham,H,1523.3458823455474,1468.100389374051,55.24549297149633,0.262333836186744,0.22837277036759196,0.509293393445664,H,0.1
2022-23,2023-03-04,Aston Villa,Crystal Palace,H,1463.4184707512775,1459.6854546071092,3.733016144168232,0.3070175983523875,0.24988846160793327,0.44309394003967917,H,0.1
2022-23,2023-03-04,Chelsea,Leeds United,H,1540.522362956332,1410.6391812260565,129.8831817302755,0.20514421579147574,0.18283350693357017,0.6120222772749541,H,0.1
2022-23,2023-03-05,Liverpool,Manchester United,H,1644.8485819096966,1584.7417092265266,60.10687268316997,0.2583571562376616,0.2258353144734933,0.5158075292888451,H,0.1
2022-23,2023-03-05,Nottingham Forest,Everton,D,1406.063799034232,1387.399539947362,18.66425908687006,0.2935557494221404,0.24475343164338687,0.4616908189344728,H,0.1
2022-23,2023-03-06,Brentford,Fulham,H,1500.423194053999,1450.3188620178132,50.104332036185724,0.26658134868826494,0.23097126558000997,0.502447385731725,H,0.1
2022-23,2023-03-11,Leeds United,Brighton and Hove Albion,D,1407.3529908708254,1534.0211763753591,-126.66818550453377,0.4467079218600847,0.24895617465236514,0.3043359034875501,A,0.1
2022-23,2023-03-11,Leicester City,Chelsea,A,1479.8833248624396,1543.8085533115632,-63.92522844912355,0.3741997566343872,0.2599608825447151,0.36583936082089774,A,0.1
2022-23,2023-03-11,Tottenham,Nottingham Forest,H,1581.278017528143,1403.8375715138848,177.4404460142582,0.17268022693428534,0.1499220605344821,0.6773977125312326,H,0.1
2022-23,2023-03-11,Bournemouth,Liverpool,H,1383.1276953208242,1658.3586505439296,-275.2309552231054,0.6471450740275559,0.1653881710805277,0.18746675489191633,A,0.1
2022-23,2023-03-11,Everton,Brentford,H,1389.6257674677092,1505.121731314123,-115.49596384641382,0.43306438226609795,0.25229661514839635,0.31463900258550576,A,0.1
2022-23,2023-03-11,Crystal Palace,Manchester City,A,1454.021019791866,1738.5839571261672,-284.5629373343013,0.6599360148316217,0.15889056351492392,0.18117342165345435,A,0.1
2022-23,2023-03-12,Fulham,Arsenal,A,1445.620324757689,1648.3621425886872,-202.74181783099812,0.5465848313129881,0.2130879111923551,0.24032725749465683,A,0.1
2022-23,2023-03-12,Manchester United,Southampton,D,1571.2316405922936,1371.6016206545523,199.63001993774128,0.15857328194735168,0.13461284576533095,0.7068138722873174,H,0.1
2022-23,2023-03-12,Newcastle United,Wolverhampton Wanderers,H,1541.3001586370242,1436.8642463571866,104.43591227983757,0.22375466870824692,0.1996622609479785,0.5765830703437745,H,0.1
2022-23,2023-03-12,West Ham,Aston Villa,D,1457.4250953442393,1469.0829055665208,-11.657810222281569,0.32137560786502684,0.2541334911330192,0.42449090100195397,H,0.1
2022-23,2023-03-15,Brighton and Hove Albion,Crystal Palace,H,1532.1255211077503,1451.376967036335,80.74855407141536,0.24188391379336102,0.21426703869335378,0.5438490475132851,H,0.1
2022-23,2023-03-15,Southampton,Brentford,A,1377.9368266679212,1497.4929137582142,-119.55608709029298,0.4379871604412529,0.25114831651189296,0.31086452304685414,A,0.1
2022-23,2023-03-17,Nottingham Forest,Newcastle United,A,1399.7073689962697,1545.0002488477874,-145.29287985151768,0.47011144036879754,0.24216950779491744,0.28771905183628504,A,0.1
2022-23,2023-03-18,Wolverhampton Wanderers,Leeds United,A,1433.1641561464235,1409.2486461384342,23.91551000798927,0.28892501888804556,0.24272131362748625,0.46835366748446816,H,0.1
2022-23,2023-03-18,Aston Villa,Bournemouth,H,1470.465395488123,1392.681569641728,77.78382584639508,0.24421011090206493,0.21600191406434538,0.5397879750335897,H,0.1
2022-23,2023-03-18,Brentford,Leicester City,D,1506.14393945399,1469.32801947328,36.81591998071008,0.27776680264313314,0.23725731745727363,0.48497587989959323,H,0.1
2022-23,2023-03-18,Chelsea,Everton,D,1554.3638587007229,1397.2545850236181,157.10927367710474,0.18619073460382882,0.16408176426998075,0.6497275011261904,H,0.1
2022-23,2023-03-18,Southampton,Tottenham,D,1369.2858009721454,1585.408220045758,-216.12241907361272,0.565046628318992,0.20492667639780066,0.23002669528320738,A,0.1
2022-23,2023-03-19,Arsenal,Crystal Palace,H,1656.1152863980915,1447.2604232016065,208.85486319648498,0.15290890717538655,0.12835419230323974,0.7187369005213737,H,0.1
2022-23,2023-04-01,Arsenal,Leeds United,H,1660.5574059025212,1422.6916720872541,237.86573381526705,0.13588390382439736,0.10931529962092072,0.7548007965546819,H,0.1
2022-23,2023-04-01,Bournemouth,Fulham,H,1384.3400674763184,1437.8671809482848,-53.52711347196646,0.3631597149760263,0.259893639460073,0.3769466455639007,H,0.1
2022-23,2023-04-01,Brighton and Hove Albion,Brentford,D,1536.2420649424787,1503.427307987062,32.81475695541667,0.2811952139465422,0.23902182886098852,0.4797829571924693,H,0.1
2022-23,2023-04-01,Chelsea,Aston Villa,A,1548.8186181890412,1478.8068976535326,70.01172053550863,0.2503709169635616,0.22043719138894033,0.529191891647498,H,0.1
2022-23,2023-04-01,Crystal Palace,Leicester City,H,1442.8183036971768,1472.044650940208,-29.226347243031114,0.338404172492712,0.2576065475074682,0.40398927999981976,H,0.1
2022-23,2023-04-01,Manchester City,Liverpool,H,1741.2280098816982,1648.8047762230258,92.42323365867242,0.2328487191580189,0.20722360068253526,0.5599276801594459,H,0.1
2022-23,2023-04-01,Nottingham Forest,Wolverhampton Wanderers,D,1394.77020450019,1419.7211301976035,-24.950925697413595,0.3341951102894762,0.2568995545023191,0.40890533520820466,H,0.1
2022-23,2023-04-02,West Ham,Southampton,H,1456.042605422637,1373.4994995467362,82.54310587590089,0.24048218105738822,0.21320591116140272,0.5463119077812091,H,0.1
2022-23,2023-04-02,Newcastle United,Manchester United,H,1549.937413343867,1564.8964345789248,-14.959021235057662,0.32452210597849473,0.2548997186203321,0.42057817540117315,H,0.1
2022-23,2023-04-03,Everton,Tottenham,D,1402.7998255352998,1581.1945214711673,-178.3946959358675,0.5135088941724042,0.22673771215951374,0.2597533936680821,A,0.1
2022-23,2023-04-04,Bournemouth,Brighton and Hove Albion,A,1390.9808442183887,1533.6324271003223,-142.65158288193356,0.46674435010767884,0.24322084839105348,0.29003480150126765,A,0.1
2022-23,2023-04-04,Chelsea,Liverpool,D,1534.3631853881568,1640.9896414428572,-106.62645605470038,0.4224538860795194,0.2545381952790841,0.32300791864139644,A,0.1
2022-23,2023-04-04,Leeds United,Nottingham Forest,H,1418.8744944305397,1393.7648192205634,25.10967520997633,0.2878792530375494,0.24224334891577098,0.46987739804667966,H,0.1
2022-23,2023-04-04,Leicester City,Aston Villa,A,1465.8083717980396,1493.262330454417,-27.45395865637738,0.33665412040476483,0.2573243736802478,0.4060215059149874,H,0.1
2022-23,2023-04-05,Manchester United,Brentford,H,1555.39124044051,1506.0369458292184,49.35429461129161,0.26720467554775784,0.2313428373294148,0.5014524871228273,H,0.1
2022-23,2023-04-05,West Ham,Newcastle United,A,1460.1265605656113,1559.4426074822818,-99.31604691667053,0.41385874805424644,0.25610471430066545,0.3300365376450882,A,0.1
2022-23,2023-04-08,Southampton,Manchester City,A,1369.415544403762,1749.0431446618668,-379.62760025810485,0.7766457862076275,0.1,0.12335421379237252,A,0.1
2022-23,2023-04-08,Manchester United,Everton,H,1560.104611662945,1406.0814481424618,154.0231635204832,0.18828973343636954,0.16622765209286897,0.6454826144707615,H,0.1
2022-23,2023-04-08,Tottenham,Brighton and Hove Albion,H,1577.9128988640052,1541.540494832627,36.37240403137821,0.27814542289122085,0.23745592305473376,0.4843986540540454,H,0.1
2022-23,2023-04-08,Wolverhampton Wanderers,Chelsea,H,1420.7265154772301,1535.6972036679444,-114.97068819071433,0.43243049400704003,0.2524396207291704,0.3151298852637896,A,0.1
2022-23,2023-04-08,Leicester City,Bournemouth,A,1458.3228984556852,1383.072776486084,75.2501219696012,0.24620850521773646,0.2174661058377062,0.5363253889445574,H,0.1
2022-23,2023-04-08,Fulham,West Ham,A,1431.2264042062145,1446.46254180545,-15.236137599235462,0.32478733659593473,0.2549616747236695,0.4202509886803958,H,0.1
2022-23,2023-04-08,Brentford,Newcastle United,A,1501.3235746067835,1573.106626242443,-71.7830516356596,0.38272561446248615,0.2596477146651134,0.35762667087240047,A,0.1
2022-23,2023-04-08,Aston Villa,Nottingham Forest,H,1500.7478037967714,1388.5575824469179,112.19022134985357,0.21799069377838534,0.19463694501918272,0.587372361202432,H,0.1
2022-23,2023-04-09,Leeds United,Crystal Palace,A,1424.0817312041852,1449.0545828393451,-24.97285163515994,0.33421658747207056,0.2569034092460728,0.40888000328185664,H,0.1
2022-23,2023-04-09,Liverpool,Arsenal,D,1639.6556231630695,1664.3745835592356,-24.71896039616604,0.3339679607143872,0.2568586290822589,0.4091734102033538,H,0.1
2022-23,2023-04-15,Wolverhampton Wanderers,Brentford,H,1428.347352556435,1494.8386824098084,-66.49132985337337,0.37696659178195596,0.25989303261101027,0.3631403756070338,A,0.1
2022-23,2023-04-15,Everton,Fulham,A,1401.4441443250323,1423.460567753955,-22.016423428922735,0.3313306716385772,0.2563624478674752,0.4123068804939476,H,0.1
2022-23,2023-04-15,Chelsea,Brighton and Hove Albion,A,1528.0763665887396,1536.5660916958482,-8.489725107108598,0.318378560759776,0.2533496159366455,0.4282718233035785,H,0.1
2022-23,2023-04-15,Manchester City,Leicester City,H,1752.2840220329863,1449.1358884320139,303.1481336009724,0.0990257662570016,0.1,0.8009742337429984,H,0.1
2022-23,2023-04-15,Tottenham,Bournemouth,A,1582.887302000784,1392.2597865097553,190.62751549102882,0.1642152151313188,0.14078898126017247,0.6949958036085088,H,0.1
2022-23,2023-04-15,Southampton,Crystal Palace,A,1366.1746670326424,1466.5672700271532,-100.39260299451075,0.4151158995097374,0.2558901893697765,0.32899391112048615,A,0.1
2022-23,2023-04-15,Aston Villa,Newcastle United,H,1506.4065448318133,1579.5915184394182,-73.18497360760489,0.38426341989645063,0.25955897488261226,0.35617760522093705,A,0.1
2022-23,2023-04-16,Nottingham Forest,Manchester United,A,1382.898841411876,1564.7419154803745,-181.84307406849848,0.5181431174795958,0.22491077164904236,0.2569461108713618,A,0.1
2022-23,2023-04-16,West Ham,Arsenal,D,1454.2283782577094,1665.3865774063295,-211.15819914862004,0.5581795212524704,0.20800223130905798,0.23381824743847177,A,0.1
2022-23,2023-04-17,Leeds United,Liverpool,A,1406.5690440163771,1638.6436293159757,-232.07458529959854,0.5872113277698052,0.19471262754570862,0.21807604468448613,A,0.1
2022-23,2023-04-21,Arsenal,Southampton,D,1661.2910952391244,1356.8840192381135,304.40707600101086,0.09838888530126137,0.1,0.8016111146987387,H,0.1
2022-23,2023-04-22,Liverpool,Nottingham Forest,H,1647.4219727546056,1376.1710219115616,271.25095084304394,0.11640328334750676,0.1,0.7835967166524933,H,0.1
2022-23,2023-04-22,Brentford,Aston Villa,D,1483.975640942195,1520.33208103901,-36.35644009681505,0.3455193585458194,0.25858448582432264,0.3958961556298579,H,0.1
2022-23,2023-04-22,Crystal Palace,Everton,D,1475.8579178216821,1389.382427336463,86.4754904852191,0.23742707064569796,0.21085263344108027,0.5517202959132217,H,0.1
2022-23,2023-04-22,Fulham,Leeds United,H,1435.5222847425243,1397.7907005777472,37.73158416477713,0.2769862215394991,0.23684493152244934,0.48616884693805157,H,0.1
2022-23,2023-04-22,Leicester City,Wolverhampton Wanderers,H,1447.011097130323,1439.2103940240484,7.800703106274568,0.30330589167637517,0.24858620438610038,0.4481079039375245,H,0.1
2022-23,2023-04-23,Newcastle United,Tottenham,H,1565.6659822322215,1572.5680416860496,-6.9020594538280875,0.3168848330816804,0.2529390404726401,0.43017612644567943,H,0.1
2022-23,2023-04-23,Bournemouth,West Ham,A,1402.5790468244898,1458.3238604249145,-55.74481360042478,0.36549138789079416,0.25995403024661873,0.37455458186258705,H,0.1
2022-23,2023-04-25,Aston Villa,Fulham,H,1521.0115488424326,1440.4689841290565,80.54256471337612,0.24204511681721216,0.2143883158744066,0.5435665673083812,H,0.1
2022-23,2023-04-25,Leeds United,Leicester City,D,1392.844001191215,1452.587061018645,-59.74305982742999,0.3697264564924511,0.2599998323755854,0.37027371113196345,H,0.1
2022-23,2023-04-25,Wolverhampton Wanderers,Crystal Palace,H,1433.6344301357262,1471.8752241121663,-38.240793976440045,0.347420058200077,0.2588006226276412,0.39377931917228187,H,0.1
2022-23,2023-04-26,Chelsea,Brentford,A,1520.1552762926017,1483.2961731387725,36.85910315382921,0.277729956713335,0.23723794029877698,0.485032102987888,H,0.1
2022-23,2023-04-26,Manchester City,Arsenal,H,1754.4088133346772,1653.4775149124857,100.9312984221915,0.2263869329780419,0.20189804728054175,0.5717150197414164,H,0.1
2022-23,2023-04-26,Nottingham Forest,Brighton and Hove Albion,H,1374.5748340304403,1544.487181991986,-169.91234796154572,0.5021926301386236,0.23106656020051314,0.26674080966086333,A,0.1
2022-23,2023-04-26,West Ham,Liverpool,A,1474.2127429004831,1649.0181606357269,-174.80541773524374,0.5087056176288868,0.22859866710356536,0.2626957152675478,A,0.1
2022-23,2023-04-27,Tottenham,Manchester United,D,1557.4151772869725,1571.4697349806888,-14.054557693716333,0.32365762639267054,0.2546949504035838,0.42164742320374565,H,0.1
2022-23,2023-04-27,Everton,Newcastle United,A,1393.3651210459789,1580.8188466312986,-187.45372558531972,0.5257217268477984,0.22185952311810922,0.2524187500340924,A,0.1
2022-23,2023-04-27,Southampton,Bournemouth,A,1364.6975995647522,1386.6901643489211,-21.992564784168962,0.3313074637375431,0.2563579088839526,0.4123346273785043,H,0.1
2022-23,2023-04-29,Brentford,Nottingham Forest,H,1497.0378553630806,1387.8961286091767,109.14172675390387,0.22024688476237964,0.19662485230385282,0.5831282629337675,H,0.1
2022-23,2023-04-29,Brighton and Hove Albion,Wolverhampton Wanderers,H,1531.1658874132497,1443.7574517711325,87.40843564211718,0.2367055564761442,0.21028882738673244,0.5530056161371233,H,0.1
2022-23,2023-04-29,Crystal Palace,West Ham,H,1461.75220247676,1469.8393075524366,-8.087105075676618,0.3179992455689893,0.25324661404089743,0.4287541403901133,H,0.1
2022-23,2023-04-30,Bournemouth,Leeds United,H,1394.3008078757582,1392.8366058599238,1.4642020158344167,0.3091026527197084,0.2505825940323776,0.440314753247914,H,0.1
2022-23,2023-04-30,Fulham,Manchester City,A,1436.3486887950187,1761.9284605131509,-325.5797717181322,0.7145267080858916,0.13056700734532795,0.15490628456878042,A,0.1
2022-23,2023-04-30,Liverpool,Tottenham,H,1653.3915959837734,1556.1004163462794,97.291179637494,0.22913909506093183,0.20419492193902408,0.5666659830000441,H,0.1
2022-23,2023-04-30,Manchester United,Aston Villa,H,1572.784495921382,1525.1318441764704,47.65265174491151,0.2686223416475613,0.23217859707995647,0.4991990612724822,H,0.1
2022-23,2023-04-30,Newcastle United,Southampton,H,1589.1065991769742,1357.0869560379151,232.0196431390591,0.13921692140654257,0.11305940063919317,0.7477236779542642,H,0.1
2022-23,2023-05-01,Leicester City,Everton,D,1452.5944563499363,1385.0773685003032,67.51708784963307,0.2523679024667868,0.22182452336198807,0.525807574171225,H,0.1
2022-23,2023-05-02,Arsenal,Chelsea,H,1645.957867734012,1506.4135940682936,139.5442736657185,0.19830610198744072,0.17623789946547044,0.6254559985470889,H,0.1
2022-23,2023-05-03,Manchester City,West Ham,H,1764.080003205553,1463.9574998035716,300.1225034019815,0.10057117930274674,0.1,0.7994288206972533,H,0.1
2022-23,2023-05-03,Liverpool,Fulham,H,1657.2141583513437,1434.1971461026164,223.01701224872727,0.14444669123674084,0.11892207599119597,0.7366312327720632,H,0.1
2022-23,2023-05-04,Brighton and Hove Albion,Manchester United,H,1542.3853463064775,1577.5316229953683,-35.146276688890794,0.34430319678471966,0.2584363229189036,0.39726048029637673,H,0.1
2022-23,2023-05-06,Wolverhampton Wanderers,Aston Villa,H,1432.5379928779048,1520.384717102484,-87.84672422457925,0.40065107250487014,0.25803854533271164,0.34131038216241816,A,0.1
2022-23,2023-05-06,Manchester City,Leeds United,H,1766.8063297831197,1381.4084682348903,385.39786154822946,0.0643474153049748,0.1,0.8356525846950252,H,0.1
2022-23,2023-05-06,Bournemouth,Chelsea,A,1405.7289455007917,1501.4396587703516,-95.71071326955985,0.40967033762040944,0.25678212648895443,0.33354753589063607,A,0.1
2022-23,2023-05-06,Liverpool,Brentford,H,1659.2777081428578,1500.6587753652182,158.61893277763966,0.18516855878655078,0.16303110776859825,0.651800333444851,H,0.1
2022-23,2023-05-06,Tottenham,Crystal Palace,H,1552.2778539787091,1467.634010225625,84.64384375308418,0.2388472898647682,0.2119534705973601,0.5491992395378716,H,0.1
2022-23,2023-05-07,West Ham,Manchester United,H,1461.231173226005,1571.1963578908997,-109.96518466489465,0.42642468098243247,0.25373782680658524,0.31983749221098223,A,0.1
2022-23,2023-05-07,Newcastle United,Arsenal,A,1592.2264048350871,1650.9318030319541,-58.70539819686701,0.3686234456604744,0.25999574458174396,0.3713808097577816,H,0.1
2022-23,2023-05-08,Nottingham Forest,Southampton,H,1384.275208607039,1353.9671503798022,30.30805822723687,0.28335778284276564,0.24009570943433717,0.47654650772289714,H,0.1
2022-23,2023-05-08,Fulham,Leicester City,H,1432.1335963111023,1449.0806001579397,-16.947003846837333,0.3264286262373385,0.2553360330896804,0.4182353406729812,H,0.1
2022-23,2023-05-08,Brighton and Hove Albion,Everton,A,1548.720611410946,1388.5912246922999,160.12938671864617,0.1841488786657697,0.1619794149539864,0.6538717063802439,H,0.1
2022-23,2023-05-13,Manchester United,Wolverhampton Wanderers,H,1563.6519769733793,1439.7363962274742,123.91558074590512,0.20943017501218142,0.18686005040536405,0.6037097745824546,H,0.1
2022-23,2023-05-13,Aston Villa,Tottenham,H,1513.1863137529147,1556.3238745609751,-43.13756080806047,0.3523995045337453,0.2592790396933748,0.38832145577287985,H,0.1
2022-23,2023-05-13,Chelsea,Nottingham Forest,D,1510.8894357574109,1389.3742616890538,121.51517406835706,0.211167597336825,0.18846761298514533,0.6003647896780296,H,0.1
2022-23,2023-05-13,Crystal Palace,Bournemouth,H,1463.587989643359,1396.2791685137324,67.3088211296265,0.2525350577792864,0.22193952012280282,0.5255254220979108,H,0.1
2022-23,2023-05-13,Leeds United,Newcastle United,D,1380.5650570623172,1581.4859473358936,-200.92089027357633,0.5440854135031447,0.21416549131093393,0.24174909518592147,A,0.1
2022-23,2023-05-13,Southampton,Fulham,A,1348.8680972977875,1441.6916554958925,-92.82355819810505,0.4063404438561632,0.25727879017823674,0.33638076596560007,A,0.1
2022-23,2023-05-14,Brentford,West Ham,H,1497.7980360352901,1468.7755541435254,29.022481891764755,0.28447131498754186,0.2406368692560025,0.47489181575645567,H,0.1
2022-23,2023-05-14,Everton,Manchester City,A,1412.0027090563108,1767.6497409556928,-355.647031899382,0.7521268993409922,0.11073013348203536,0.13714296717697244,A,0.1
2022-23,2023-05-14,Arsenal,Brighton and Hove Albion,A,1661.6722605311477,1525.3091270469351,136.36313348421254,0.2005440214041387,0.17841886728771145,0.6210371113081499,H,0.1
2022-23,2023-05-15,Leicester City,Liverpool,A,1439.5225409731495,1662.1384474727859,-222.61590649963637,0.5740542308845201,0.20082624819079586,0.225119520924684,A,0.1
2022-23,2023-05-18,Newcastle United,Brighton and Hove Albion,H,1577.6386192410562,1545.0440249650799,32.594594275976306,0.28138469535624133,0.23911713031135637,0.47949817433240227,H,0.1
2022-23,2023-05-20,Bournemouth,Manchester United,A,1389.3593489292448,1569.0093358355068,-179.64998690626203,0.5151936953683793,0.226077029077188,0.2587292755544327,A,0.1
2022-23,2023-05-20,Fulham,Crystal Palace,D,1451.2400822871773,1470.5078092278466,-19.267726940669263,0.32866549282228585,0.2558213389540781,0.41551316822363604,H,0.1
2022-23,2023-05-20,Liverpool,Aston Villa,D,1669.230884905147,1519.6548033636072,149.57608154153968,0.19133661899495719,0.16931392591739353,0.6393494550876493,H,0.1
2022-23,2023-05-20,Nottingham Forest,Arsenal,H,1394.1700923739243,1641.937362613003,-247.7672702390787,0.609075744949638,0.1842658232587126,0.20665843179164933,A,0.1
2022-23,2023-05-20,Tottenham,Brentford,A,1549.8553849502825,1505.9220685613589,43.933316388923686,0.2717380377133486,0.23396979800563622,0.4942921642810152,H,0.1
2022-23,2023-05-20,Wolverhampton Wanderers,Everton,D,1434.3790373653467,1408.3218666260248,26.05717073932192,0.28705140295946835,0.2418599906311449,0.4710886064093867,H,0.1
2022-23,2023-05-21,Brighton and Hove Albion,Southampton,H,1534.9403136270637,1339.3196705065027,195.620643120561,0.16107215414256734,0.1373561256010623,0.7015717202563704,H,0.1
2022-23,2023-05-21,Manchester City,Chelsea,H,1771.3305833859788,1506.0936050725404,265.2369783134384,0.11995712021357799,0.1,0.7800428797864221,H,0.1
2022-23,2023-05-21,West Ham,Leeds United,H,1460.6515216174566,1384.4123851571546,76.239136460302,0.24542729990503237,0.21689662690600464,0.537676073188963,H,0.1
2022-23,2023-05-22,Newcastle United,Leicester City,D,1587.7423305790724,1432.4301035407884,155.31222703828394,0.1874114465483257,0.16533166606936378,0.6472568873823106,H,0.1
2022-23,2023-05-24,Brighton and Hove Albion,Manchester City,D,1538.7079415457372,1772.9795162956095,-234.27157474987234,0.5902713320835403,0.1932711100419933,0.21645755787446636,A,0.1
2022-23,2023-05-25,Manchester United,Chelsea,H,1573.2939615475668,1504.4446721629097,68.84928938465714,0.25130026339834277,0.22108591103244882,0.5276138255692084,H,0.1
2022-23,2023-05-28,Leeds United,Tottenham,A,1377.7568494497705,1535.9550579980878,-158.19820854831733,0.4867774305759845,0.23663356403445268,0.2765890053895628,A,0.1
2022-23,2023-05-28,Manchester United,Fulham,H,1581.9676909501854,1450.0730550671374,131.89463588304807,0.20371028392934148,0.18146751156488725,0.6148222045057713,H,0.1
2022-23,2023-05-28,Everton,Bournemouth,H,1410.7493496921556,1385.0747232171848,25.674626474970864,0.28738543947717343,0.24201520638684343,0.4705993541359831,H,0.1
2022-23,2023-05-28,Aston Villa,Brighton and Hove Albion,H,1525.0480903112364,1543.341639171572,-18.293548860335704,0.3277250346414539,0.2556207827347996,0.4166541826237465,H,0.1
2022-23,2023-05-28,Southampton,Liverpool,D,1335.5520425878292,1663.8375979575178,-328.2855553696886,0.7180069017355685,0.12873807074198806,0.1532550275224435,A,0.1
2022-23,2023-05-28,Arsenal,Wolverhampton Wanderers,H,1632.6341989569871,1431.9515542992158,200.68264465777133,0.1579209249999503,0.1338947810275828,0.7081842939724668,H,0.1
2022-23,2023-05-28,Brentford,Manchester City,H,1519.8223955135536,1768.3458186697746,-248.52342315622104,0.6101288572190412,0.18375452453470412,0.20611661824625468,A,0.1
2022-23,2023-05-28,Crystal Palace,Nottingham Forest,D,1471.6748364478865,1403.47325602994,68.20158041794639,0.2518190007477004,0.22144567131011814,0.5267353279421814,H,0.1
2022-23,2023-05-28,Chelsea,Newcastle United,D,1495.770942760291,1582.2330112226225,-86.46206846233144,0.3990795903556503,0.25822810942212887,0.34269230022222086,A,0.1
2022-23,2023-05-28,Leicester City,West Ham,H,1437.9394228972383,1467.3070573248408,-29.367634427602525,0.3385439959488892,0.25762837425612833,0.40382762979498255,H,0.1
2023-24,2023-08-11,Burnley,Manchester City,A,1425.7572811945543,1733.1317549771272,-307.374473782573,0.6906845869435936,0.14303404838425657,0.16628136467214985,A,0.1
2023-24,2023-08-12,Arsenal,Nottingham Forest,H,1624.7597912394808,1416.3039320815176,208.45585915796323,0.1531514406087871,0.12862320179783676,0.718225357593376,H,0.1
2023-24,2023-08-12,Bournemouth,West Ham,D,1391.8913721580261,1464.9615720761863,-73.07019991816014,0.384137330969702,0.25956661323550934,0.35629605579478874,A,0.1
2023-24,2023-08-12,Brighton and Hove Albion,Luton Town,H,1533.5597272600291,1420.0,113.55972726002915,0.21698124602585445,0.1937390043605795,0.589279749613566,H,0.1
2023-24,2023-08-12,Everton,Fulham,A,1424.3502934603803,1452.1362815766884,-27.78598811630809,0.33698140603091475,0.25737841306324816,0.4056401809058371,H,0.1
2023-24,2023-08-12,Newcastle United,Aston Villa,H,1573.3255569022583,1527.9910292744985,45.334527627759826,0.27056147508241524,0.2333007700120732,0.4961377549055116,H,0.1
2023-24,2023-08-12,Sheffield United,Crystal Palace,A,1385.352191249576,1471.3293511485263,-85.97715989895028,0.39853043058834464,0.2582922412515652,0.3431773281600902,A,0.1
2023-24,2023-08-13,Brentford,Tottenham,D,1526.2196377878681,1540.7943017012485,-14.574663913380391,0.32415451753157065,0.2548131784542884,0.42103230401414093,H,0.1
2023-24,2023-08-13,Chelsea,Liverpool,D,1496.878001682364,1641.6200392808178,-144.74203759845386,0.46940796607618923,0.242391114806368,0.28820091911744283,A,0.1
2023-24,2023-08-14,Manchester United,Wolverhampton Wanderers,H,1576.700389838902,1433.3673866911017,143.33300314780035,0.1956582533134853,0.17363034789658632,0.6307113987899283,H,0.1
2023-24,2023-08-18,Nottingham Forest,Sheffield United,H,1414.0782940153028,1379.1792517956799,34.89904221962297,0.2794057130352907,0.23811031861289916,0.48248396835181007,H,0.1
2023-24,2023-08-19,Fulham,Brentford,A,1459.614154279273,1524.9195908240529,-65.30543654477992,0.3756858371913146,0.2599285411615579,0.36438562164712746,A,0.1
2023-24,2023-08-19,Liverpool,Bournemouth,H,1639.2282108519255,1392.2673853912565,246.96082546066896,0.1307982929196771,0.10359780264542542,0.7656039044348975,H,0.1
2023-24,2023-08-19,Manchester City,Newcastle United,H,1737.8520478544553,1584.4553420356401,153.39670581881524,0.18871735879839438,0.16666288097211304,0.6446197602294926,H,0.1
2023-24,2023-08-19,Tottenham,Manchester United,H,1542.0943486650638,1579.7819307719221,-37.68758210685837,0.3468611605584967,0.2587390107842952,0.39439982865720813,H,0.1
2023-24,2023-08-19,Wolverhampton Wanderers,Brighton and Hove Albion,A,1430.2858457580817,1540.6550795877101,-110.36923382962846,0.42690713667302876,0.25363739218557535,0.3194554711413959,A,0.1
2023-24,2023-08-20,Aston Villa,Everton,H,1516.8612441411165,1416.8724207577957,99.98882338332078,0.227097726446246,0.20249527576578166,0.5704069977879723,H,0.1
2023-24,2023-08-20,West Ham,Chelsea,H,1464.5855588429558,1499.2698301112562,-34.684271268300336,0.3438398262365468,0.2583778316727342,0.397782342090719,H,0.1
2023-24,2023-08-21,Crystal Palace,Arsenal,A,1477.5022906024224,1626.9854293056956,-149.4831387032732,0.47548433275809227,0.24044370923613265,0.284071958005775,A,0.1
2023-24,2023-08-25,Chelsea,Luton Town,H,1489.240903983039,1412.904647672319,76.33625631072005,0.2453506658482198,0.21684056196660276,0.5378087721851775,H,0.1
2023-24,2023-08-26,Manchester United,Nottingham Forest,H,1569.6735357481875,1419.0828254130586,150.59071033512896,0.19063914417723773,0.16861050073235123,0.640750355090411,H,0.1
2023-24,2023-08-26,Everton,Wolverhampton Wanderers,A,1408.1048213157326,1418.9856179814408,-10.880796665708203,0.32063850922628573,0.25394561890845097,0.42541587186526325,H,0.1
2023-24,2023-08-26,Brighton and Hove Albion,West Ham,A,1551.955307364351,1474.614484971173,77.34082239317809,0.24455882511092644,0.21625916249797097,0.5391820123911026,H,0.1
2023-24,2023-08-26,Bournemouth,Tottenham,A,1389.3848856567822,1552.2027436887984,-162.81785803201615,0.4928256006138832,0.23449733185892205,0.27267706752719467,A,0.1
2023-24,2023-08-26,Arsenal,Fulham,D,1631.8402612920465,1446.3564312475844,185.48383004446214,0.16748884861555585,0.14434156961008904,0.688169581774355,H,0.1
2023-24,2023-08-26,Brentford,Crystal Palace,D,1538.1773138557414,1472.6474586160714,65.52985523967004,0.2539656083471326,0.2229165323123631,0.5231178593405044,H,0.1
2023-24,2023-08-27,Sheffield United,Manchester City,A,1374.1747203979241,1740.7868181803462,-366.6120977824221,0.765194463083659,0.1038145016970532,0.13099103521928784,A,0.1
2023-24,2023-08-27,Burnley,Aston Villa,A,1421.0369883172261,1525.6288435831796,-104.59185526595343,0.42004800126772074,0.2549999462998631,0.3249520524324162,A,0.1
2023-24,2023-08-27,Newcastle United,Liverpool,A,1581.5205717097492,1642.1107105863998,-60.5901388766506,0.37062890808106447,0.259999115737711,0.36937197618122447,A,0.1
2023-24,2023-09-01,Luton Town,West Ham,A,1404.509878241508,1489.2171464203702,-84.70726817886225,0.3970951663550752,0.258454642416963,0.3444501912279619,A,0.1
2023-24,2023-09-02,Sheffield United,Everton,D,1372.4378733979015,1400.2387837890237,-27.800910391122216,0.33699612115204136,0.2573808289882332,0.4056230498597254,H,0.1
2023-24,2023-09-02,Chelsea,Nottingham Forest,A,1497.63567341385,1416.1076767822617,81.5279966315884,0.2412745049751858,0.21380715517417553,0.5449183398506386,H,0.1
2023-24,2023-09-02,Manchester City,Fulham,H,1742.5236651803689,1452.4415782486083,290.0820869317606,0.1058513894360723,0.1,0.7941486105639277,H,0.1
2023-24,2023-09-02,Brighton and Hove Albion,Newcastle United,H,1537.3526459151537,1574.7863406577171,-37.433694742563375,0.34660491086748174,0.2587102222619429,0.3946848668705754,H,0.1
2023-24,2023-09-02,Brentford,Bournemouth,D,1534.7136929940818,1382.0975497181819,152.61614327589996,0.18925090612488807,0.167204975070584,0.643544118804528,H,0.1
2023-24,2023-09-02,Burnley,Tottenham,A,1411.888147175652,1559.4900796273987,-147.60193245174673,0.47306750109230944,0.24122720824851462,0.28570529065917594,A,0.1
2023-24,2023-09-03,Arsenal,Manchester United,H,1625.7551142910227,1572.6486843789844,53.106429912038266,0.26409578857250443,0.22946473570384898,0.5064394757236467,H,0.1
2023-24,2023-09-03,Crystal Palace,Wolverhampton Wanderers,H,1476.111079477731,1426.8516555081496,49.25942396958135,0.2672835858698087,0.23138969808991391,0.5013267160402773,H,0.1
2023-24,2023-09-03,Liverpool,Aston Villa,H,1648.844941638432,1534.7776847247537,114.0672569136782,0.21660779893293772,0.19340548739748473,0.5899867136695776,H,0.1
2023-24,2023-09-16,West Ham,Manchester City,A,1495.4177830865128,1745.868443145721,-250.45066005920808,0.6128123258272936,0.18244854970615018,0.20473912446655612,A,0.1
2023-24,2023-09-16,Aston Villa,Crystal Palace,H,1527.6990258796268,1480.8263289677855,46.87269691184133,0.2692737648738679,0.2325582835834372,0.4981679515426949,H,0.1
2023-24,2023-09-16,Manchester United,Brighton and Hove Albion,A,1565.2953489285921,1547.4543270438946,17.84102188469751,0.2942864973505295,0.24506157730924794,0.4606519253402226,H,0.1
2023-24,2023-09-16,Tottenham,Sheffield United,H,1569.2734885886546,1371.5137533187742,197.75973526988037,0.15973617658922165,0.1358909483569437,0.7043728750538346,H,0.1
2023-24,2023-09-16,Fulham,Luton Town,H,1449.0968002832562,1398.3092415753654,50.78755870789087,0.2660143626771637,0.2306311060951544,0.5033545312276819,H,0.1
2023-24,2023-09-16,Wolverhampton Wanderers,Liverpool,A,1422.1364060180952,1655.9236004835589,-233.7871944654637,0.5895965942186625,0.1935895764178854,0.2168138293634521,A,0.1
2023-24,2023-09-16,Newcastle United,Brentford,H,1564.6846595289762,1529.2586506477596,35.4260088812166,0.2789545096216599,0.23787721731634062,0.4831682730619995,H,0.1
2023-24,2023-09-17,Bournemouth,Chelsea,D,1387.552592064504,1488.3704760908624,-100.81788402635834,0.41561334318854404,0.255803897760161,0.32858275905129497,A,0.1
2023-24,2023-09-17,Everton,Arsenal,A,1401.162903868151,1633.108449741415,-231.94554587326388,0.5870316327671488,0.19479705711659728,0.2181713101162539,A,0.1
2023-24,2023-09-18,Nottingham Forest,Burnley,D,1425.3728741052494,1402.104738214396,23.268135890853273,0.2894930645800493,0.24297799042506207,0.4675289449948886,H,0.1
2023-24,2023-09-23,Brentford,Everton,A,1524.2649065871176,1397.7649570508024,126.49994953631517,0.20756822888243487,0.1851213219895513,0.6073104491280138,H,0.1
2023-24,2023-09-23,Burnley,Manchester United,A,1404.4565308725091,1551.9960705021874,-147.5395396296783,0.47298747365116983,0.24125295207693462,0.2857595742718955,A,0.1
2023-24,2023-09-23,Crystal Palace,Fulham,D,1473.277713513244,1453.7818488129005,19.495864700343418,0.2928189003163121,0.24443926189925483,0.4627418377844331,H,0.1
2023-24,2023-09-23,Luton Town,Wolverhampton Wanderers,D,1393.624193045721,1416.7963553893112,-23.172162343590117,0.3324564509356267,0.2565790014723956,0.41096454759197765,H,0.1
2023-24,2023-09-23,Manchester City,Nottingham Forest,H,1750.8085565103706,1423.0210814471363,327.7874750632343,0.0871997320556651,0.1,0.8128002679443349,H,0.1
2023-24,2023-09-24,Chelsea,Aston Villa,A,1487.2010184186802,1535.2476413341683,-48.046622915488115,0.3574503580596625,0.25963746355510625,0.3829121783852313,H,0.1
2023-24,2023-09-24,Liverpool,West Ham,H,1661.2636511123428,1490.477669721863,170.78598139047972,0.17704129380236874,0.15455395518316103,0.6684047510144702,H,0.1
2023-24,2023-09-24,Arsenal,Tottenham,D,1636.5063965587635,1571.6247840479002,64.8816125108633,0.25448811864772064,0.22327018622177291,0.5222416951305064,H,0.1
2023-24,2023-09-24,Brighton and Hove Albion,Bournemouth,H,1560.7536054702994,1388.7220497366864,172.031555733613,0.17622046148475232,0.15368631882341593,0.6700932196918318,H,0.1
2023-24,2023-09-24,Sheffield United,Newcastle United,A,1369.1624578595286,1569.6784035896183,-200.5159457300897,0.5435300671741515,0.21440397996640068,0.2420659528594478,A,0.1
2023-24,2023-09-30,Tottenham,Liverpool,H,1575.0719747148885,1665.5333127210667,-90.46133800617827,0.4036320220617293,0.2576546635222561,0.3387133144160146,A,0.1
2023-24,2023-09-30,West Ham,Sheffield United,H,1486.2080081131392,1356.752881258348,129.45512685479116,0.20545006432661675,0.18312365946524176,0.6114262762081415,H,0.1
2023-24,2023-09-30,Wolverhampton Wanderers,Manchester City,H,1417.852393580482,1752.6613593704033,-334.80896578992133,0.7263233937976551,0.12436016931182402,0.14931643689052085,A,0.1
2023-24,2023-09-30,Newcastle United,Burnley,H,1582.0879801907988,1399.56360092998,182.5243792608187,0.1693887263582255,0.14639176821056052,0.6842195054312139,H,0.1
2023-24,2023-09-30,Aston Villa,Brighton and Hove Albion,H,1542.2642550505802,1564.9968849729437,-22.732629922363458,0.3320279510297658,0.25649741218690414,0.41147463678333007,H,0.1
2023-24,2023-09-30,Everton,Luton Town,A,1413.24998097988,1392.5681548545504,20.681826125329735,0.29177036940063583,0.2439862174370071,0.46424341316235707,H,0.1
2023-24,2023-09-30,Bournemouth,Arsenal,A,1384.478770234042,1633.0592058917753,-248.58043565773323,0.6102082545787689,0.1837159479685248,0.2060757974527062,A,0.1
2023-24,2023-09-30,Manchester United,Crystal Palace,A,1556.8890004447164,1471.0287488847316,85.86025155998482,0.23790356973308377,0.21122330242710727,0.5508731278398089,H,0.1
2023-24,2023-10-01,Nottingham Forest,Brentford,D,1421.1682785871037,1508.77988265804,-87.61160407093621,0.4003838779976581,0.25807140543498336,0.3415447165673586,A,0.1
2023-24,2023-10-02,Fulham,Chelsea,A,1456.0308134414129,1480.1844047022682,-24.153591260855364,0.33341484989111875,0.2567577785358154,0.40982737157306587,H,0.1
2023-24,2023-10-03,Luton Town,Burnley,A,1401.0016546107772,1395.5374904904172,5.46416412036001,0.3054338125484111,0.2493432573068225,0.4452229301447664,H,0.1
2023-24,2023-10-07,Luton Town,Tottenham,A,1392.7997584687475,1582.311911947949,-189.51215347920152,0.5285134756983992,0.22071646569430037,0.2507700586073004,A,0.1
2023-24,2023-10-07,Manchester United,Brentford,H,1547.5709302599814,1507.9868257269372,39.58410453304418,0.2754115127191021,0.23600098711290182,0.48858750016799607,H,0.1
2023-24,2023-10-07,Fulham,Sheffield United,H,1444.0467819261394,1351.5338157971707,92.51296612896863,0.2327800344515802,0.20716823510390292,0.5600517304445168,H,0.1
2023-24,2023-10-07,Everton,Bournemouth,H,1404.8164812236532,1377.1775036397328,27.63897758392045,0.2856730636990992,0.24121191572291392,0.47311502057798693,H,0.1
2023-24,2023-10-07,Crystal Palace,Nottingham Forest,D,1480.3468190694666,1421.9613355182064,58.38548355126022,0.25976091886964586,0.22674254214511008,0.513496538985244,H,0.1
2023-24,2023-10-07,Burnley,Chelsea,A,1403.739386632447,1492.1684362175417,-88.42904958509484,0.40131345403618235,0.2579559791290094,0.3407305668348083,A,0.1
2023-24,2023-10-08,Arsenal,Manchester City,H,1640.3604724860845,1742.6812011371453,-102.32072865106079,0.41737491159944834,0.2554919663352891,0.3271331220652626,A,0.1
2023-24,2023-10-08,Brighton and Hove Albion,Liverpool,D,1549.1575362409585,1658.2933754880062,-109.13583924704767,0.42543569227414824,0.25394156532811785,0.3206227423977339,A,0.1
2023-24,2023-10-08,West Ham,Newcastle United,D,1491.4270735743164,1586.1140906303617,-94.6870170560453,0.4084871948382487,0.2569629052555778,0.33454989990617356,A,0.1
2023-24,2023-10-08,Wolverhampton Wanderers,Aston Villa,D,1427.8325518137399,1558.1036037825654,-130.27105196882553,0.4511722987386403,0.24775956307924016,0.30106813818211947,A,0.1
2023-24,2023-10-21,Sheffield United,Manchester United,A,1345.3429696010248,1552.480009635063,-207.13704003403814,0.5526316305197497,0.21045305301831002,0.23691531646194028,A,0.1
2023-24,2023-10-21,Nottingham Forest,Luton Town,D,1425.2427215240975,1388.6925279797988,36.550193544298736,0.27799360580429755,0.23737639880906444,0.484629995386638,H,0.1
2023-24,2023-10-21,Manchester City,Brighton and Hove Albion,H,1735.254956263635,1550.5624255231567,184.69253074047833,0.16799567033873536,0.14488935115368048,0.6871149785075841,H,0.1
2023-24,2023-10-21,Newcastle United,Crystal Palace,H,1585.119021939242,1477.0654330635755,108.05358887566649,0.2210552935933191,0.19733065322086482,0.581614053185816,H,0.1
2023-24,2023-10-21,Chelsea,Arsenal,D,1504.4076101538749,1647.7867173595948,-143.37910720571995,0.467670251114112,0.24293411345505178,0.28939563543083624,A,0.1
2023-24,2023-10-21,Brentford,Burnley,H,1503.0777463518557,1391.5002126961137,111.57753365574195,0.21844312566769017,0.195037697607431,0.5865191767248787,H,0.1
2023-24,2023-10-21,Bournemouth,Wolverhampton Wanderers,A,1366.868608666279,1429.8279797805076,-62.95937111422859,0.37316270566872295,0.25997776415282176,0.3668595301784553,A,0.1
2023-24,2023-10-21,Liverpool,Everton,H,1656.888486205808,1415.125376197107,241.763110008701,0.13368971739006194,0.10684875195036603,0.759461530659572,H,0.1
2023-24,2023-10-22,Aston Villa,West Ham,H,1556.1081758157977,1492.4221422654362,63.68603355036157,0.255453532854543,0.2239190955123062,0.5206273716331508,H,0.1
2023-24,2023-10-23,Tottenham,Fulham,H,1586.4191424368978,1450.2376281222853,136.1815143146125,0.20067219495988287,0.17854313055249746,0.6207846744876196,H,0.1
2023-24,2023-10-27,Crystal Palace,Tottenham,A,1468.615655874779,1591.473814459221,-122.85815858444221,0.44202079503348357,0.250158871079438,0.3078203338870784,A,0.1
2023-24,2023-10-28,Arsenal,Sheffield United,H,1645.4319075755102,1341.5411412772671,303.8907662982431,0.09864964321422297,0.1,0.801350356785777,H,0.1
2023-24,2023-10-28,Bournemouth,Burnley,H,1360.1873787524491,1384.3393967984314,-24.15201804598223,0.33341331181639083,0.2567574957245953,0.4098291924590139,H,0.1
2023-24,2023-10-28,Chelsea,Brentford,A,1506.7624199379595,1510.238562249538,-3.476142311578542,0.3136801165980228,0.25201307767959374,0.4343068057223835,H,0.1
2023-24,2023-10-28,Wolverhampton Wanderers,Newcastle United,D,1436.5092096943374,1593.5687991280386,-157.05958943370115,0.485293178743964,0.23714788566204528,0.27755893559399075,A,0.1
2023-24,2023-10-29,Liverpool,Nottingham Forest,H,1659.8517246312122,1422.5331753041844,237.31854932702777,0.13619374896301736,0.10966352228064685,0.7541427287563358,H,0.1
2023-24,2023-10-29,Manchester United,Manchester City,A,1556.2818379588207,1737.767545646682,-181.48570768786135,0.5176619965984343,0.22510184577769035,0.2572361576238753,A,0.1
2023-24,2023-10-29,Aston Villa,Luton Town,H,1564.977629237596,1391.402074199712,173.575555037884,0.17520586181578474,0.1526111457722366,0.6721829924119788,H,0.1
2023-24,2023-10-29,West Ham,Everton,A,1483.552688843638,1412.1621377717029,71.39055107193508,0.24927125203917425,0.21966265635268373,0.531066091608142,H,0.1
2023-24,2023-10-29,Brighton and Hove Albion,Fulham,D,1548.0498361401096,1445.182956099962,102.86688004014763,0.22493103889048163,0.20066610692104614,0.5744028541884723,H,0.1
2023-24,2023-11-04,Brentford,West Ham,H,1522.9762737014946,1474.414660420329,48.56161328116559,0.26786446578444384,0.23173341734753097,0.5004021168680252,H,0.1
2023-24,2023-11-04,Burnley,Crystal Palace,A,1378.1881087044264,1463.2257213018408,-85.03761259741441,0.39746812752552674,0.2584131694694869,0.34411870300498637,A,0.1
2023-24,2023-11-04,Everton,Brighton and Hove Albion,D,1421.3001661950118,1543.6777981429234,-122.3776319479116,0.44143214987556406,0.25030592936566826,0.3082619207587678,A,0.1
2023-24,2023-11-04,Fulham,Manchester United,A,1449.5549940971482,1547.7793203283552,-98.22432623120699,0.4125869323380513,0.25631651947549955,0.3310965481864492,A,0.1
2023-24,2023-11-04,Manchester City,Bournemouth,H,1746.2700632771475,1366.338666846454,379.93139643069344,0.0662530346011857,0.1,0.8337469653988143,H,0.1
2023-24,2023-11-04,Newcastle United,Arsenal,H,1590.8456731217582,1648.8831066847538,-58.0374335629956,0.3679148578259776,0.25999022056063065,0.3720949216133918,H,0.1
2023-24,2023-11-04,Sheffield United,Wolverhampton Wanderers,H,1338.0899421680235,1439.2323357006178,-101.14239353259427,0.4159932285388389,0.2557374650996457,0.32826930636151547,A,0.1
2023-24,2023-11-05,Luton Town,Liverpool,D,1387.1913193919654,1663.679961901859,-276.4886425098937,0.6488746294760264,0.1645135337197653,0.1866118368042083,A,0.1
2023-24,2023-11-05,Nottingham Forest,Aston Villa,H,1418.7049380335375,1569.1883840453424,-150.48344601180497,0.47677252471464787,0.24002137422578995,0.2832061010595621,A,0.1
2023-24,2023-11-06,Tottenham,Chelsea,A,1596.8637490321591,1494.024708486003,102.83904054615618,0.22495194214150305,0.2006838766288828,0.5743641812296142,H,0.1
2023-24,2023-11-11,Wolverhampton Wanderers,Tottenham,H,1431.8244419007422,1577.8304827031077,-146.00604080236553,0.47102319567693585,0.24188077065362795,0.28709603366943626,A,0.1
2023-24,2023-11-11,Manchester United,Luton Town,H,1553.6874802026227,1392.724177329568,160.96330287305477,0.18358721812864853,0.16139860730342412,0.6550141745679273,H,0.1
2023-24,2023-11-11,Bournemouth,Newcastle United,H,1364.0891591010827,1597.5608408968137,-233.471681795731,0.5891571116914122,0.19379682164282852,0.21704606666575926,A,0.1
2023-24,2023-11-11,Arsenal,Burnley,H,1642.1679389096983,1368.3717584821734,273.79618042752486,0.11492642756860423,0.1,0.7850735724313957,H,0.1
2023-24,2023-11-11,Crystal Palace,Everton,A,1473.042071524094,1423.0764938242821,49.965577699811774,0.2666965911526482,0.23104015142375553,0.5022632574235962,H,0.1
2023-24,2023-11-12,Brighton and Hove Albion,Sheffield United,D,1541.901470513653,1345.4978359678992,196.4036345457539,0.1605823991075712,0.13681940810838486,0.7025981927840439,H,0.1
2023-24,2023-11-12,Aston Villa,Fulham,H,1556.2865998221775,1443.6468342228807,112.63976559929688,0.2176590583661386,0.19434252040666694,0.5879984212271945,H,0.1
2023-24,2023-11-12,Chelsea,Manchester City,D,1513.0579748150544,1748.519571022519,-235.46159620746448,0.5919291937439568,0.1924871817513834,0.21558362450465993,A,0.1
2023-24,2023-11-12,West Ham,Nottingham Forest,H,1469.6855820931087,1431.6067222567024,38.07885983640631,0.2766905649978821,0.23668770342511275,0.4866217315770052,H,0.1
2023-24,2023-11-12,Liverpool,Brentford,H,1658.1471039642565,1527.705352028715,130.44175193554156,0.20474548016832733,0.18245459526164942,0.6127999245700232,H,0.1
2023-24,2023-11-25,Nottingham Forest,Brighton and Hove Albion,A,1426.6670874297574,1535.6221843623198,-108.95509693256236,0.42522038927222927,0.2539855357012554,0.32079407502651525,A,0.1
2023-24,2023-11-25,Sheffield United,Bournemouth,A,1351.7771221192324,1378.6055097669473,-26.828387647714862,0.33603818603890984,0.25722108506510155,0.4067407288959886,H,0.1
2023-24,2023-11-25,Newcastle United,Chelsea,H,1583.0444902309491,1517.7185270779341,65.32596315301498,0.25412988287636684,0.22302790413775817,0.522842212985875,H,0.1
2023-24,2023-11-25,Luton Town,Crystal Palace,H,1389.8962010489913,1464.1882653757764,-74.29206432678507,0.38548140243611095,0.25948188014911394,0.35503671741477516,A,0.1
2023-24,2023-11-25,Burnley,West Ham,A,1365.8765283167493,1474.6252169200536,-108.74868860330434,0.4249746137036401,0.25403556108207315,0.32098982521428676,A,0.1
2023-24,2023-11-25,Manchester City,Liverpool,D,1743.8590187596392,1664.7020983229247,79.15692043671447,0.24313112547314863,0.2152012712261055,0.5416676033007458,H,0.1
2023-24,2023-11-25,Brentford,Arsenal,A,1521.1503576700468,1644.6631690751224,-123.51281140507558,0.4428236502762983,0.2499568489742536,0.3072195007494481,A,0.1
2023-24,2023-11-26,Everton,Manchester United,A,1431.9302999725996,1556.5154564831994,-124.58515651059975,0.4441410070124511,0.24962176733019947,0.3062372256573494,A,0.1
2023-24,2023-11-26,Tottenham,Aston Villa,A,1569.753413690406,1561.9335693300277,7.8198443603782835,0.30328850529873314,0.24857990254506976,0.4481315921561971,H,0.1
2023-24,2023-11-27,Fulham,Wolverhampton Wanderers,H,1437.9998647150305,1439.9015109134439,-1.9016461984133457,0.3122156824006239,0.2515693149252885,0.43621500267408764,H,0.1
2023-24,2023-12-02,Newcastle United,Manchester United,H,1591.8514851367177,1567.2242471015975,24.627238035120172,0.28830141538076454,0.2424371439439491,0.46926144067528636,H,0.1
2023-24,2023-12-02,Burnley,Sheffield United,H,1360.1922593776035,1339.8902257773075,20.302033600296,0.2921058579364084,0.24413193897480048,0.4637622030887911,H,0.1
2023-24,2023-12-02,Nottingham Forest,Everton,A,1420.9871736816458,1421.2215093542015,-0.23433567255574417,0.31067063566274655,0.2510869910233913,0.4382423733138622,H,0.1
2023-24,2023-12-02,Arsenal,Wolverhampton Wanderers,H,1650.0396188793097,1434.123433580629,215.91618529868083,0.14865392554209134,0.12362182734037816,0.7277242471175305,H,0.1
2023-24,2023-12-02,Brentford,Luton Town,H,1515.7739078658594,1396.8769117823085,118.8969960835509,0.21307146937470295,0.19021238204573185,0.5967161485795652,H,0.1
2023-24,2023-12-03,Bournemouth,Aston Villa,D,1390.4924061088723,1570.171862828659,-179.67945671978669,0.5152332786430057,0.22606145812958098,0.2587052632274133,A,0.1
2023-24,2023-12-03,Chelsea,Brighton and Hove Albion,H,1508.9115321721656,1541.3020981104314,-32.39056593826581,0.3415468799351786,0.25807170743455493,0.4003814126302665,H,0.1
2023-24,2023-12-03,Liverpool,Fulham,H,1668.5060861083537,1443.7779420478455,224.72814406050816,0.14344365647101326,0.11779917634985568,0.738757167179131,H,0.1
2023-24,2023-12-03,Manchester City,Tottenham,D,1740.0550309742102,1561.5151201917747,178.53991078243553,0.17196543143152523,0.14915782600314798,0.6788767425653268,H,0.1
2023-24,2023-12-03,West Ham,Crystal Palace,D,1480.3094858591994,1457.2075546424592,23.10193121674024,0.2896390302834892,0.24304361160611881,0.46731735811039204,H,0.1
2023-24,2023-12-05,Luton Town,Arsenal,A,1391.3919975611334,1652.1809365653867,-260.7889390042533,0.6271834575214125,0.17538240470642485,0.19743413777216265,A,0.1
2023-24,2023-12-05,Wolverhampton Wanderers,Burnley,H,1431.982115894552,1373.9141704303267,58.067945464225204,0.26002038564314356,0.22690885802756586,0.5130707563292906,H,0.1
2023-24,2023-12-06,Fulham,Nottingham Forest,H,1441.7327741255087,1412.8758414116548,28.856932713853894,0.2846149296773071,0.24070608061547405,0.47467898970721883,H,0.1
2023-24,2023-12-06,Manchester United,Chelsea,H,1562.0069089091348,1515.200745826927,46.80616308220783,0.26932938196953077,0.23259057343770448,0.4980800445927647,H,0.1
2023-24,2023-12-06,Sheffield United,Liverpool,A,1326.1683147245842,1670.5512540306904,-344.3829393061062,0.7383289327844575,0.11802539728035297,0.14364566993518949,A,0.1
2023-24,2023-12-06,Crystal Palace,Bournemouth,A,1459.554827623455,1393.8069847418942,65.7478428815607,0.2537900489835136,0.22279732250399892,0.5234126285124874,H,0.1
2023-24,2023-12-06,Aston Villa,Manchester City,H,1566.857284195637,1734.097271396396,-167.23998720075906,0.49865337514978414,0.23237975122438112,0.2689668736258347,A,0.1
2023-24,2023-12-06,Brighton and Hove Albion,Brentford,H,1535.01288445567,1521.2588220870346,13.75406236863546,0.29793381730820395,0.24654879730769536,0.45551738538410064,H,0.1
2023-24,2023-12-07,Everton,Newcastle United,H,1429.3328416241925,1597.0688233291803,-167.7359817049878,0.49930929015937037,0.2321379051657318,0.26855280467489795,A,0.1
2023-24,2023-12-07,Tottenham,West Ham,A,1567.4728797695889,1477.9622128782037,89.5106668913852,0.2350843547737641,0.2090108831837556,0.5559047620424803,H,0.1
2023-24,2023-12-09,Sheffield United,Brentford,H,1323.0740952590731,1515.8111189051967,-192.7370236461236,0.5328987237270951,0.21890107976498027,0.24820019650792452,A,0.1
2023-24,2023-12-09,Manchester United,Bournemouth,A,1566.7708802035424,1408.174956396348,158.59592380719437,0.185184115198393,0.16304712487102804,0.651768759930579,H,0.1
2023-24,2023-12-09,Wolverhampton Wanderers,Nottingham Forest,D,1436.5248553886593,1399.617232884777,36.907622503882294,0.27768856164686834,0.23721616027111986,0.48509527808201186,H,0.1
2023-24,2023-12-09,Brighton and Hove Albion,Burnley,D,1540.4605876375078,1369.3714309362194,171.0891567012884,0.17684130970948264,0.1543427514088286,0.6688159388816888,H,0.1
2023-24,2023-12-09,Aston Villa,Arsenal,H,1575.2265659713257,1655.148318317213,-79.92175234588717,0.3917240366631623,0.25899425674228665,0.34928170659455093,A,0.1
2023-24,2023-12-09,Crystal Palace,Liverpool,A,1445.186855969001,1673.6454734962015,-228.45861752720043,0.5821776277728411,0.19706817566792864,0.22075419655923031,A,0.1
2023-24,2023-12-10,Everton,Chelsea,H,1446.0846337979892,1510.4367745325194,-64.35214073453017,0.3746588960497903,0.2599519117373439,0.3653891922128658,A,0.1
2023-24,2023-12-10,Fulham,West Ham,H,1454.9913826523866,1487.3241420800969,-32.33275942771024,0.3414892541576159,0.25806365453419544,0.4004470913081887,H,0.1
2023-24,2023-12-10,Luton Town,Manchester City,A,1388.4246158093072,1725.7279896207074,-337.3033738114002,0.7294748176212711,0.12269882701397429,0.14782635536475455,A,0.1
2023-24,2023-12-10,Tottenham,Newcastle United,H,1558.1109505676957,1580.3170311553836,-22.206080587687893,0.33151520228100134,0.2563984306231761,0.4120863670958225,H,0.1
2023-24,2023-12-15,Nottingham Forest,Tottenham,A,1402.3363087963598,1570.3482884814805,-168.01197968512065,0.49967447051913677,0.23200295530428902,0.2683225741765742,A,0.1
2023-24,2023-12-16,Manchester City,Crystal Palace,D,1727.753380734102,1441.7340058492891,286.0193748848128,0.10805537576015375,0.1,0.7919446242398462,H,0.1
2023-24,2023-12-16,Chelsea,Sheffield United,H,1499.6291743486927,1331.7701409021208,167.85903344657186,0.17897834218658293,0.15659344565728459,0.6644282121561325,H,0.1
2023-24,2023-12-16,Burnley,Everton,A,1375.189090868678,1456.892233981816,-81.70314311313791,0.39371648056382785,0.2588067809066774,0.34747673852949473,A,0.1
2023-24,2023-12-16,Newcastle United,Fulham,H,1568.0796932415988,1471.2462656491193,96.83342759247944,0.22948649988318884,0.20448185605543878,0.5660316440613724,H,0.1
2023-24,2023-12-17,Liverpool,Manchester United,D,1677.0983236159134,1546.6314525398366,130.4668710760768,0.20472755862206463,0.18243754778361476,0.6128348935943206,H,0.1
2023-24,2023-12-17,West Ham,Wolverhampton Wanderers,H,1471.0692590833642,1433.8057794770764,37.263479606287774,0.2773850838333109,0.2370561462528605,0.48555876991382857,H,0.1
2023-24,2023-12-17,Arsenal,Brighton and Hove Albion,H,1648.0767320695165,1534.6429277050493,113.43380436446728,0.21707395594602344,0.1938216910964964,0.5891043529574802,H,0.1
2023-24,2023-12-17,Brentford,Aston Villa,A,1507.115073262149,1582.298152219022,-75.18307895687303,0.38646396567060265,0.2594153387162754,0.3541206956131219,A,0.1
2023-24,2023-12-21,Crystal Palace,Brighton and Hove Albion,D,1449.3327752768412,1529.0167083058989,-79.6839330290577,0.3914586637774999,0.2590180807494608,0.34952325547303925,A,0.1
2023-24,2023-12-22,Aston Villa,Sheffield United,D,1588.707862269186,1327.4379778448483,261.26988442433776,0.12235133678355613,0.1,0.7776486632164439,H,0.1
2023-24,2023-12-23,Liverpool,Arsenal,D,1672.1065663028678,1653.702951468667,18.40361483420088,0.29378696910364366,0.2448513019993903,0.46136172889696603,H,0.1
2023-24,2023-12-23,Fulham,Burnley,A,1463.5852617064195,1365.2571920290322,98.32806967738725,0.2283532500168999,0.2035433725148195,0.5681033774682807,H,0.1
2023-24,2023-12-23,Luton Town,Newcastle United,H,1386.3992246959126,1575.7406971842986,-189.341472488386,0.5282817672335033,0.22081171632899405,0.2509065164375027,A,0.1
2023-24,2023-12-23,Nottingham Forest,Bournemouth,A,1395.2043159842792,1428.314384060054,-33.110068075774734,0.3422647963389434,0.2581705507109389,0.3995646529501177,H,0.1
2023-24,2023-12-23,West Ham,Manchester United,H,1480.9817208360612,1551.6232098528822,-70.64148901682097,0.381477147892331,0.25971263221620366,0.35881021989146533,A,0.1
2023-24,2023-12-23,Tottenham,Everton,H,1577.4802812935611,1466.8241328214617,110.6561484720994,0.21912447509857716,0.195639219489534,0.5852363054118889,H,0.1
2023-24,2023-12-24,Wolverhampton Wanderers,Chelsea,H,1423.8933177243794,1503.9613374059652,-80.06801968158584,0.39188732323183684,0.2589794631361355,0.34913321363202765,A,0.1
2023-24,2023-12-26,Sheffield United,Luton Town,A,1334.7190592496581,1395.0533489133013,-60.334289663643176,0.37035614220441465,0.25999971626098883,0.3696441415345965,A,0.1
2023-24,2023-12-26,Newcastle United,Nottingham Forest,A,1567.08657296691,1387.8481588133816,179.2384141535283,0.17151216264072086,0.14867250003435178,0.6798153373249273,H,0.1
2023-24,2023-12-26,Bournemouth,Fulham,H,1435.6705412309516,1448.5832206852529,-12.91267945430127,0.3225688233443568,0.2544308610828816,0.4230003155727616,H,0.1
2023-24,2023-12-26,Burnley,Liverpool,A,1380.2592330501989,1669.8874701137727,-289.6282370635738,0.6668333047618958,0.15536058152974233,0.17780611370836188,A,0.1
2023-24,2023-12-26,Manchester United,Aston Villa,H,1540.652954205106,1581.4267808643763,-40.7738266592703,0.3499885806632292,0.2590631383290402,0.39094828100773055,H,0.1
2023-24,2023-12-27,Brentford,Wolverhampton Wanderers,A,1500.705363211985,1430.9672566378,69.73810657418517,0.250589480193144,0.22059023991590057,0.5288202798909555,H,0.1
2023-24,2023-12-27,Chelsea,Crystal Palace,H,1496.8873984925447,1449.8987190227679,46.9886794697768,0.26917683041163193,0.23250195818159028,0.4983212114067778,H,0.1
2023-24,2023-12-27,Everton,Manchester City,A,1463.228438062668,1720.15461130655,-256.926173243882,0.6218195950296816,0.1780334576836147,0.20014694728670365,A,0.1
2023-24,2023-12-28,Arsenal,West Ham,A,1655.922047657762,1491.9519764838374,163.97007117392468,0.181569789249608,0.15930371873721988,0.6591264920131721,H,0.1
2023-24,2023-12-28,Brighton and Hove Albion,Tottenham,H,1528.4507645599722,1581.075976052355,-52.62521149238273,0.362214994003412,0.25986194339034474,0.37792306260624325,H,0.1
2023-24,2023-12-30,Nottingham Forest,Manchester United,H,1404.071991615769,1547.0820927912023,-143.0101011754332,0.4672004801292717,0.2430798194340658,0.28971970043666256,A,0.1
2023-24,2023-12-30,Wolverhampton Wanderers,Everton,H,1449.2009499561966,1458.4377283893748,-9.236778433178188,0.31908330626296044,0.25353871833245345,0.4273779754045861,H,0.1
2023-24,2023-12-30,Manchester City,Sheffield United,H,1724.945320979843,1327.9790979111829,396.96622306866016,0.060480481508342836,0.1,0.8395195184916572,H,0.1
2023-24,2023-12-30,Crystal Palace,Brentford,H,1445.1383825376872,1482.4716698935883,-37.33328735590112,0.3465036120813607,0.25869874798759773,0.39479763993104156,H,0.1
2023-24,2023-12-30,Luton Town,Chelsea,A,1401.7933102517766,1501.6477349776253,-99.85442472584873,0.41448706791046747,0.2559981338344382,0.3295147982550944,A,0.1
2023-24,2023-12-30,Aston Villa,Burnley,H,1574.99764227828,1376.1719193395502,198.82572293872977,0.1590727777897592,0.13516213267821178,0.705765089532029,H,0.1
2023-24,2023-12-31,Fulham,Arsenal,H,1436.6576732861217,1639.890155005393,-203.23248171927116,0.5472589152590593,0.21279611982658023,0.23994496491436043,A,0.1
2023-24,2023-12-31,Tottenham,Bournemouth,H,1570.574221172344,1447.5960886300827,122.97813254226139,0.21010778338716338,0.18748873616104644,0.6024034804517902,H,0.1
2023-24,2024-01-01,Liverpool,Newcastle United,H,1673.9747838244214,1550.8627401645224,123.11204365989897,0.2100109173388685,0.1873989982448556,0.6025900844162759,H,0.1
2023-24,2024-01-02,West Ham,Brighton and Hove Albion,D,1507.9838691362065,1538.952519439983,-30.968650303776485,0.3401317068876619,0.25786881178019494,0.40199948133214314,H,0.1
2023-24,2024-01-12,Burnley,Luton Town,D,1373.8334019261965,1395.9200575280754,-22.086655601878874,0.3313989957982941,0.2563757930961449,0.412225211105561,H,0.1
2023-24,2024-01-13,Chelsea,Fulham,H,1507.5209877013265,1445.4800982133531,62.040889487973345,0.25678564647576074,0.22480483374322133,0.5184095197810179,H,0.1
2023-24,2024-01-13,Newcastle United,Manchester City,A,1545.4851030644768,1726.196166157597,-180.71106309312017,0.5166197724711942,0.22551465354356906,0.2578655739852368,A,0.1
2023-24,2024-01-14,Everton,Aston Villa,D,1446.6355366500704,1577.3361596916336,-130.70062304156318,0.4517066482844205,0.24761308624406342,0.3006802654715161,A,0.1
2023-24,2024-01-14,Manchester United,Tottenham,D,1539.0476239151542,1575.9552430553952,-36.90761914024097,0.34607443441032376,0.258649543841288,0.3952760217483882,H,0.1
2023-24,2024-01-20,Brentford,Nottingham Forest,H,1472.3726441916626,1412.1064604918172,60.26618369984544,0.2582274808157565,0.22575087562739993,0.5160216435568435,H,0.1
2023-24,2024-01-20,Arsenal,Crystal Palace,H,1631.0677300781615,1455.237408239613,175.83032183854857,0.17372996503806185,0.15104188918008005,0.6752281457818582,H,0.1
2023-24,2024-01-21,Bournemouth,Liverpool,A,1442.2150667470316,1679.352420924467,-237.13735417743533,0.594264087977009,0.19137968673334996,0.214356225289641,A,0.1
2023-24,2024-01-21,Sheffield United,West Ham,D,1326.728252733429,1507.150219029237,-180.42196629580803,0.5162310540731246,0.22566822928777294,0.2581007166391024,A,0.1
2023-24,2024-01-22,Brighton and Hove Albion,Wolverhampton Wanderers,D,1539.7861695469526,1461.003141695501,78.7830278514516,0.24342465439716016,0.2154197770864793,0.5411555685163605,H,0.1
2023-24,2024-01-30,Fulham,Everton,D,1441.0139063629094,1448.6428334285188,-7.628927065609332,0.3175680161470317,0.25312847480407186,0.42930350904889647,H,0.1
2023-24,2024-01-30,Crystal Palace,Sheffield United,H,1448.4468506860812,1330.0618410891875,118.38500959689372,0.2134448518278415,0.19055247405762415,0.5960026741145343,H,0.1
2023-24,2024-01-30,Nottingham Forest,Arsenal,A,1407.60617272143,1637.8582876316932,-230.25211491026312,0.5846738320012755,0.1959025511351546,0.21942361686356981,A,0.1
2023-24,2024-01-30,Luton Town,Brighton and Hove Albion,H,1397.0069803925662,1535.9913897981899,-138.98440940562364,0.46209525285685016,0.24463282643740675,0.2932719207057431,A,0.1
2023-24,2024-01-30,Aston Villa,Newcastle United,A,1575.3288629131853,1541.2197831701226,34.10907974306269,0.2800830313215208,0.23845776023956794,0.4814592084389113,H,0.1
2023-24,2024-01-31,Tottenham,Brentford,H,1576.6189182029495,1476.8729319620497,99.74598624089981,0.22728106962335712,0.20264887343754892,0.570070056939094,H,0.1
2023-24,2024-01-31,Manchester City,Burnley,H,1730.4614860519512,1372.7464790617057,357.71500699024546,0.07454301105752463,0.1,0.8254569889424754,H,0.1
2023-24,2024-01-31,Liverpool,Chelsea,H,1687.055038770166,1511.9871795517702,175.06785921839582,0.17422828149838024,0.15157241267530705,0.6741993058263127,H,0.1
2023-24,2024-02-01,Wolverhampton Wanderers,Manchester United,A,1464.7979214442637,1538.3839487675998,-73.58602732333611,0.38470427951640845,0.2595317616283422,0.35576395885524936,A,0.1
2023-24,2024-02-01,West Ham,Bournemouth,D,1503.8166306734784,1434.5124489013326,69.30418177214574,0.2509363359797294,0.22083251561950304,0.5282311484007676,H,0.1
2023-24,2024-02-03,Burnley,Fulham,D,1371.1811364799414,1439.5178593302883,-68.33672285034686,0.3789667725898513,0.2598235926219115,0.3612096347882373,A,0.1
2023-24,2024-02-03,Newcastle United,Luton Town,D,1554.898906211841,1415.5283447956035,139.37056141623748,0.19842796138408286,0.17635720399697224,0.6252148346189449,H,0.1
2023-24,2024-02-03,Brighton and Hove Albion,Crystal Palace,H,1517.4700253951526,1451.9157329656773,65.55429242947525,0.25394592382334247,0.22290317559098216,0.5231509005856754,H,0.1
2023-24,2024-02-03,Sheffield United,Aston Villa,A,1326.5929588095914,1561.6497398714669,-235.05678106187543,0.5913652058276236,0.19275409512649502,0.21588069904588136,A,0.1
2023-24,2024-02-03,Everton,Tottenham,D,1450.13888046114,1580.3990933317023,-130.26021287056233,0.45115882147971464,0.24776324860803392,0.3010779299122515,A,0.1
2023-24,2024-02-04,Chelsea,Wolverhampton Wanderers,A,1506.7132298680415,1458.3529312561625,48.36029861187899,0.2680321984855848,0.2318322635896212,0.500135537924794,H,0.1
2023-24,2024-02-04,Manchester United,West Ham,H,1544.828938955701,1500.2577705056735,44.57116845002747,0.27120203266226844,0.23366612008870294,0.49513184724902864,H,0.1
2023-24,2024-02-04,Arsenal,Liverpool,H,1641.2828217153217,1692.3289884538947,-51.04616673857299,0.36056588358001634,0.2597965201547833,0.3796375962652004,H,0.1
2023-24,2024-02-04,Bournemouth,Nottingham Forest,D,1438.0713090691374,1404.1816386378016,33.889670431335844,0.28027135268078834,0.23855383493025747,0.48117481238895415,H,0.1
2023-24,2024-02-05,Brentford,Manchester City,A,1473.092756833297,1732.0268286337155,-258.93407180041845,0.6246087844119222,0.17665687950469341,0.19873433608338434,A,0.1
2023-24,2024-02-10,Liverpool,Burnley,H,1681.868637967643,1371.4210406112352,310.44759735640787,0.09538284938645814,0.1,0.8046171506135419,H,0.1
2023-24,2024-02-10,Manchester City,Everton,H,1736.7718950059268,1452.1340088737009,284.63788613222596,0.1088138024832247,0.1,0.7911861975167753,H,0.1
2023-24,2024-02-10,Fulham,Bournemouth,H,1439.2779551989945,1435.4328630577932,3.8450921412013486,0.30691487599382355,0.2498535713086002,0.44323155269757625,H,0.1
2023-24,2024-02-10,Luton Town,Sheffield United,A,1420.7100434070157,1317.9346861658828,102.77535724113295,0.2249997627183771,0.20072451962285273,0.5742757176587702,H,0.1
2023-24,2024-02-10,Wolverhampton Wanderers,Brentford,A,1472.3508308397459,1468.3476904610857,4.003140378660191,0.3067700621694995,0.24980427355360868,0.44342566427689184,H,0.1
2023-24,2024-02-10,Nottingham Forest,Newcastle United,A,1406.8200846491459,1549.7172076004288,-142.89712295128288,0.46705671116840863,0.24312431827898842,0.289818970552603,A,0.1
2023-24,2024-02-10,Tottenham,Brighton and Hove Albion,H,1578.4039649191413,1526.2683457496337,52.13561916950766,0.26489792961935205,0.22995526372645647,0.5051468066541915,H,0.1
2023-24,2024-02-11,West Ham,Arsenal,A,1490.6405479342575,1651.7431722015733,-161.10262426731583,0.4905751199844622,0.23529968220541414,0.27412519781012373,A,0.1
2023-24,2024-02-11,Aston Villa,Manchester United,A,1570.3080125151755,1554.446161527117,15.86185098805845,0.29604869030912356,0.24579067512580974,0.45816063456506667,H,0.1
2023-24,2024-02-12,Crystal Palace,Chelsea,A,1443.1174126111962,1492.715330284458,-49.59791767326192,0.3590588424922183,0.2597254101175187,0.381215747390263,H,0.1
2023-24,2024-02-17,Newcastle United,Bournemouth,D,1554.7017715974766,1426.4588239620307,128.24294763544594,0.20631750107561408,0.18394425159970135,0.6097382473246845,H,0.1
2023-24,2024-02-17,Manchester City,Chelsea,D,1739.1241018182523,1503.780809268108,235.34329255014427,0.13731589296355184,0.11092441344412118,0.751759693592327,H,0.1
2023-24,2024-02-17,Fulham,Aston Villa,A,1448.251994294757,1561.9469526896867,-113.6949583949297,0.4308938484477475,0.25278160216750545,0.3163245493847471,A,0.1
2023-24,2024-02-17,Tottenham,Wolverhampton Wanderers,A,1583.062466054103,1459.3870655484773,123.6754005056257,0.20960367040068448,0.18702122844260408,0.6033751011567114,H,0.1
2023-24,2024-02-17,Brentford,Liverpool,A,1481.3114557523543,1683.9093125315812,-202.59785677922696,0.5463871020208917,0.21317340863799863,0.2404394893411097,A,0.1
2023-24,2024-02-17,Burnley,Arsenal,A,1369.380366047297,1664.7424218131519,-295.36205576585485,0.6745963938641286,0.15136769315408444,0.17403591298178703,A,0.1
2023-24,2024-02-17,Nottingham Forest,West Ham,H,1401.835520652098,1477.641298322679,-75.80577767058094,0.387151862999436,0.25936645791723484,0.3534816790833292,A,0.1
2023-24,2024-02-18,Luton Town,Manchester United,A,1405.6276759030486,1562.807221352606,-157.17954544955728,0.4854494255990441,0.23709393103939375,0.2774566433615621,A,0.1
2023-24,2024-02-18,Sheffield United,Brighton and Hove Albion,A,1333.01705366985,1521.609844614672,-188.59279094482213,0.527265863437607,0.22122852609989346,0.25150561046249964,A,0.1
2023-24,2024-02-19,Everton,Crystal Palace,D,1449.7818020613754,1432.0519336275463,17.729868433829097,0.2943852633301311,0.24510296424047692,0.46051177242939195,H,0.1
2023-24,2024-02-20,Manchester City,Brentford,H,1732.213060620855,1473.553383570508,258.659677050347,0.12394851837454415,0.1,0.7760514816254559,H,0.1
2023-24,2024-02-21,Liverpool,Luton Town,H,1691.6673847134275,1400.9221352275385,290.74524948588896,0.10549535049546123,0.1,0.7945046495045388,H,0.1
2023-24,2024-02-24,Bournemouth,Manchester City,A,1431.4023679176967,1733.921417296877,-302.5190493791804,0.6842123771548241,0.14639546411192098,0.16939215873325497,A,0.1
2023-24,2024-02-24,Manchester United,Fulham,A,1567.512762028116,1442.671696461002,124.8410655671139,0.20876236888521224,0.18623831993143325,0.6049993111833545,H,0.1
2023-24,2024-02-24,Crystal Palace,Burnley,H,1434.2525848585067,1362.9012145821312,71.35137027637552,0.2493024599144114,0.2196847405046185,0.5310127995809701,H,0.1
2023-24,2024-02-24,Aston Villa,Nottingham Forest,H,1567.5272505234416,1412.9385096692356,154.58874085420598,0.18790411295409157,0.16583460409848352,0.6462612829474249,H,0.1
2023-24,2024-02-24,Arsenal,Newcastle United,H,1671.2215732783177,1549.7582276418107,121.46334563650703,0.21120519621270825,0.1885022408458327,0.600292562941459,H,0.1
2023-24,2024-02-24,Brighton and Hove Albion,Everton,D,1532.2691255853001,1447.581150830415,84.68797475488509,0.23881301424417356,0.21192704325552758,0.5492599425002989,H,0.1
2023-24,2024-02-25,Wolverhampton Wanderers,Sheffield United,H,1469.128229576064,1322.3577726992219,146.77045687684222,0.19327236128973438,0.1712564064745581,0.6354712322357076,H,0.1
2023-24,2024-02-26,West Ham,Brentford,H,1466.5383093055414,1471.845026894486,-5.3067175889445934,0.31538936607840035,0.2525146276861423,0.43209600623545735,H,0.1
2023-24,2024-03-02,Newcastle United,Wolverhampton Wanderers,H,1542.919684733431,1472.1590282857421,70.76065644768892,0.24977325350858953,0.22001716452574077,0.5302095819656698,H,0.1
2023-24,2024-03-02,Tottenham,Crystal Palace,H,1573.3213020265162,1442.8324462894795,130.4888557370366,0.20471187409671582,0.18242262702898884,0.6128654988742954,H,0.1
2023-24,2024-03-02,Luton Town,Aston Villa,A,1398.051555374629,1572.151765417829,-174.10021004319992,0.5077644036266906,0.22895932015377976,0.2632762762195297,A,0.1
2023-24,2024-03-02,Brentford,Chelsea,D,1462.596501857095,1510.6918504655052,-48.09534860841018,0.35750078923996165,0.259640411113671,0.3828587996463674,H,0.1
2023-24,2024-03-02,Everton,West Ham,A,1451.5204679405792,1475.7868343429323,-24.266366402353015,0.3335251209090748,0.2567780201947495,0.4096968588961757,H,0.1
2023-24,2024-03-02,Fulham,Brighton and Hove Albion,H,1452.4247928037914,1528.329808475136,-75.90501567134447,0.38726158419769263,0.25935848729374117,0.3533799285085662,A,0.1
2023-24,2024-03-02,Nottingham Forest,Liverpool,A,1408.3139947748482,1694.537964566337,-286.2239697914888,0.6622016230967784,0.15773295770033577,0.18006541920288574,A,0.1
2023-24,2024-03-03,Burnley,Bournemouth,A,1354.3213531511583,1428.983916687205,-74.66256353604672,0.38588971989030607,0.2594546976361541,0.35465558247353984,A,0.1
2023-24,2024-03-03,Manchester City,Manchester United,H,1736.3398685273687,1557.7596656853266,178.58020284204213,0.17193926739319518,0.14912982635876768,0.6789309062480371,H,0.1
2023-24,2024-03-04,Sheffield United,Arsenal,A,1319.3269739895438,1678.0601161866973,-358.7331421971535,0.7558421188079767,0.108764250756459,0.13539363043556427,A,0.1
2023-24,2024-03-09,Manchester United,Everton,H,1553.65298343696,1439.540533990473,114.11244944648706,0.21657456262222927,0.19337577035365333,0.5900496670241173,H,0.1
2023-24,2024-03-09,Crystal Palace,Luton Town,D,1437.6388968620968,1393.665101914743,43.97379494735378,0.27170400172110937,0.23395056990532456,0.49434542837356604,H,0.1
2023-24,2024-03-09,Wolverhampton Wanderers,Fulham,H,1463.5570635545348,1466.4384137961467,-2.8813502416119263,0.31312628391753383,0.2518467801609865,0.4350269359214797,H,0.1
2023-24,2024-03-09,Bournemouth,Sheffield United,D,1439.1612809291025,1314.2435527378689,124.91772819123366,0.20870710252590885,0.18618677200847378,0.6051061254656174,H,0.1
2023-24,2024-03-09,Arsenal,Brentford,H,1683.1435374383723,1462.2539924766932,220.88954496167912,0.14569964248384806,0.12032353076532852,0.7339768267508234,H,0.1
2023-24,2024-03-10,Aston Villa,Tottenham,A,1576.538218877715,1578.514851453899,-1.9766325761838743,0.31228530784880026,0.2515907079412718,0.43612398420992793,H,0.1
2023-24,2024-03-10,Brighton and Hove Albion,Nottingham Forest,H,1514.3161874827806,1405.6914772587804,108.62471022400018,0.22063078880518802,0.19696045832568568,0.5824087528691263,H,0.1
2023-24,2024-03-10,Liverpool,Manchester City,D,1697.1604820824048,1740.4465507757352,-43.286068693330435,0.3525514329114617,0.25929166556267086,0.3881569015258674,H,0.1
2023-24,2024-03-10,West Ham,Burnley,D,1487.7667682930385,1344.1439889092608,143.6227793837777,0.19545651908341505,0.1734305064236831,0.6311129744929019,H,0.1
2023-24,2024-03-11,Chelsea,Newcastle United,H,1511.0343598459071,1551.5216494646384,-40.48728961873121,0.34969724834121313,0.25903505749515465,0.3912676941636322,H,0.1
2023-24,2024-03-13,Bournemouth,Luton Town,H,1434.2903964398197,1396.5714604068437,37.71893603297599,0.27699699366566205,0.23685064937029085,0.48615235696404707,H,0.1
2023-24,2024-03-16,Fulham,Tottenham,H,1460.6439132789808,1597.2555164781452,-136.6116031991644,0.45910333024634864,0.2455164324461256,0.29538023730752566,A,0.1
2023-24,2024-03-16,Burnley,Brentford,H,1349.414646232029,1460.1673950197685,-110.75274878773939,0.4273654547446485,0.2535413506780172,0.3190931945773343,A,0.1
2023-24,2024-03-16,Luton Town,Nottingham Forest,D,1391.6245036152986,1402.0619172180625,-10.437413602763854,0.32021849664197327,0.2538371353044796,0.42594436805354713,H,0.1
2023-24,2024-03-17,West Ham,Aston Villa,D,1482.4961109702701,1557.7975538534688,-75.30144288319866,0.3865946455032815,0.25940619786182806,0.3539991566348905,A,0.1
2023-24,2024-03-30,Tottenham,Luton Town,H,1581.3706977979023,1390.2075760728817,191.16312172502057,0.1638764197748536,0.14041994666592766,0.6957036335592187,H,0.1
2023-24,2024-03-30,Nottingham Forest,Crystal Palace,D,1403.4788447604794,1434.732538369996,-31.25369360951663,0.3404150152352913,0.2579102885142998,0.40167469625040886,H,0.1
2023-24,2024-03-30,Sheffield United,Fulham,D,1319.1144372271517,1476.5287319592237,-157.414294732072,0.48575527818577335,0.2369881867368919,0.2772565350773347,A,0.1
2023-24,2024-03-30,Newcastle United,West Ham,H,1545.097284463342,1482.9362373765982,62.16104708674379,0.2566882070271416,0.2247404251503951,0.5185713678224634,H,0.1
2023-24,2024-03-30,Brentford,Manchester United,D,1452.6109362254783,1559.2615109276812,-106.6505747022029,0.42248246924827515,0.254532603166627,0.3229849275850978,A,0.1
2023-24,2024-03-30,Bournemouth,Everton,H,1439.2373532313648,1433.9320064997519,5.305346731612872,0.3055788543785479,0.2493938335147859,0.44502731210666624,H,0.1
2023-24,2024-03-30,Chelsea,Burnley,D,1517.4587248472035,1356.9711050263193,160.48761982088422,0.18390748747927002,0.16172992551739232,0.6543625870033377,H,0.1
2023-24,2024-03-30,Aston Villa,Wolverhampton Wanderers,H,1557.3574274471407,1469.3515640717007,88.00586337543996,0.23624418330879246,0.20992670203482805,0.5538291146563794,H,0.1
2023-24,2024-03-31,Liverpool,Brighton and Hove Albion,H,1696.6797872264267,1517.9457475234985,178.73403970292816,0.17183939214620128,0.1490229273552955,0.6791376804985033,H,0.1
2023-24,2024-03-31,Manchester City,Arsenal,D,1740.9272456317133,1685.230134895297,55.697110736416334,0.26196279402501593,0.22814028357512364,0.5098969223998604,H,0.1
2023-24,2024-04-02,Newcastle United,Everton,D,1549.5611735517602,1428.3018485666576,121.2593249851027,0.2113532378211548,0.18863851777206192,0.6000082444067832,H,0.1
2023-24,2024-04-02,Bournemouth,Crystal Palace,H,1444.867511164459,1435.558040732675,9.30947043178412,0.30193772079297415,0.2480845201986524,0.4499777590083735,H,0.1
2023-24,2024-04-02,Burnley,Wolverhampton Wanderers,D,1362.5833189636287,1463.0342315663654,-100.45091260273671,0.4151840757477038,0.2558784098117075,0.32893751444058866,A,0.1
2023-24,2024-04-02,Nottingham Forest,Fulham,H,1402.6533423978005,1473.7961564016216,-71.14281400382106,0.3820250068895298,0.2596849352003737,0.35829005791009644,A,0.1
2023-24,2024-04-02,West Ham,Tottenham,D,1478.47234828818,1583.8023366381044,-105.3299883499244,0.4209196129396869,0.2548347123586954,0.32424567470161775,A,0.1
2023-24,2024-04-03,Brentford,Brighton and Hove Albion,D,1453.9456363355814,1515.35671730986,-61.41108097427855,0.3715052542884547,0.2599949443960849,0.36849980131546034,A,0.1
2023-24,2024-04-03,Manchester City,Aston Villa,H,1737.7150799609456,1563.674759952476,174.0403200084695,0.17490108145498803,0.15228759075123777,0.6728113277937742,H,0.1
2023-24,2024-04-03,Arsenal,Luton Town,H,1688.4423005660647,1387.7759372326796,300.6663633333851,0.10029184409901763,0.1,0.7997081559009824,H,0.1
2023-24,2024-04-04,Chelsea,Manchester United,H,1511.846510909894,1557.9268108175781,-46.08029990768409,0.3554201116813326,0.259508501345266,0.3850713869734014,H,0.1
2023-24,2024-04-04,Liverpool,Sheffield United,H,1699.2688174400653,1321.8470127847538,377.42180465531146,0.06714517276698136,0.1,0.8328548272330186,H,0.1
2023-24,2024-04-06,Fulham,Newcastle United,A,1462.8129817450126,1544.771015094664,-81.95803334965149,0.3940022422529584,0.25877865537577543,0.34721910237126624,A,0.1
2023-24,2024-04-06,Wolverhampton Wanderers,West Ham,A,1461.8751930107808,1479.769697209841,-17.894504199060293,0.3273404217264246,0.2555373084478835,0.41712226982569184,H,0.1
2023-24,2024-04-06,Everton,Burnley,H,1433.0920070237537,1363.7423575192133,69.34964950454037,0.250899977968142,0.220807154972129,0.528292867059729,H,0.1
2023-24,2024-04-06,Luton Town,Bournemouth,H,1385.6218440607238,1450.4108309095996,-64.78898684887577,0.3751292014636134,0.25994177465816753,0.36492902387821896,A,0.1
2023-24,2024-04-06,Brighton and Hove Albion,Arsenal,A,1515.3161033579654,1690.5963937380204,-175.28029038005502,0.5093398835974585,0.22835488105050908,0.26230523535203243,A,0.1
2023-24,2024-04-06,Crystal Palace,Manchester City,A,1430.0147209875345,1743.016155547904,-313.0014345603695,0.6981286426377682,0.13915475395351443,0.16271660340871738,A,0.1
2023-24,2024-04-06,Aston Villa,Brentford,D,1558.3736843655176,1453.986250287476,104.38743407804168,0.22379096386734773,0.19969334509676173,0.5765156910358905,H,0.1
2023-24,2024-04-07,Manchester United,Liverpool,D,1551.409404745075,1700.6680307154338,-149.2586259703587,0.4751954981375707,0.24053795581216791,0.28426654605026147,A,0.1
2023-24,2024-04-07,Sheffield United,Chelsea,D,1320.4477995093853,1518.363916982397,-197.9161174730118,0.5399689745721011,0.2159249922826346,0.2441060331452643,A,0.1
2023-24,2024-04-07,Tottenham,Nottingham Forest,H,1582.5049877164433,1413.6365170544095,168.86847066203381,0.1783090014396209,0.1558899963578583,0.6658010022025208,H,0.1
2023-24,2024-04-13,Nottingham Forest,Wolverhampton Wanderers,D,1409.325989732257,1454.170458263958,-44.84446853170084,0.3541489869890711,0.2594174559810104,0.3864335570299185,H,0.1
2023-24,2024-04-13,Manchester City,Luton Town,H,1746.652049244571,1392.4478297852945,354.2042194592764,0.07593642854933479,0.1,0.8240635714506652,H,0.1
2023-24,2024-04-13,Newcastle United,Tottenham,H,1551.0317624298114,1586.8155150385958,-35.783752608784425,0.3449433949093399,0.2585152815326398,0.3965413235580203,H,0.1
2023-24,2024-04-13,Bournemouth,Manchester United,D,1443.5848451850288,1553.923407301865,-110.3385621168361,0.42687049859351983,0.2536450432347449,0.31948445817173526,A,0.1
2023-24,2024-04-13,Brentford,Sheffield United,H,1458.393619950186,1324.2212005043764,134.1724194458095,0.2020929896872327,0.17991580116438258,0.6179912091483848,H,0.1
2023-24,2024-04-13,Burnley,Brighton and Hove Albion,D,1359.4149042188615,1506.5867391516772,-147.17183493281573,0.4725160120220025,0.24140435326226692,0.2860796347157305,A,0.1
2023-24,2024-04-14,Arsenal,Aston Villa,A,1699.3257579443086,1553.9663147028077,145.3594432415009,0.19424983317377745,0.17223172382225074,0.6335184430039719,H,0.1
2023-24,2024-04-14,Liverpool,Crystal Palace,A,1698.154028158644,1426.3788272908675,271.77520086777645,0.116097774615528,0.1,0.783902225384472,H,0.1
2023-24,2024-04-14,West Ham,Fulham,A,1487.474431956664,1456.5522344098654,30.922197546798543,0.28282689848989023,0.23983488633633807,0.4773382151737717,H,0.1
2023-24,2024-04-15,Chelsea,Everton,H,1514.590515987406,1437.4194603241056,77.17105566330042,0.24469253625230006,0.21635760601324575,0.5389498577344543,H,0.1
2023-24,2024-04-20,Luton Town,Brentford,A,1390.108567365022,1463.4969892949273,-73.38842192990523,0.3844870092310423,0.2595452715627868,0.3559677192061709,A,0.1
2023-24,2024-04-20,Sheffield United,Burnley,A,1319.117831159635,1361.8725557768162,-42.75472461718118,0.3520080995925225,0.25924597950149925,0.3887459209059783,H,0.1
2023-24,2024-04-20,Wolverhampton Wanderers,Arsenal,A,1454.6063930601745,1683.5518899344775,-228.945496874303,0.5828551676510676,0.19675228270255257,0.22039254964637997,A,0.1
2023-24,2024-04-21,Everton,Nottingham Forest,H,1425.6790681456473,1408.8900549360405,16.789013209606765,0.2952222249796941,0.24545119031714113,0.4593265847031648,H,0.1
2023-24,2024-04-21,Aston Villa,Bournemouth,H,1569.740182712639,1445.023651740119,124.71653097251988,0.2088521630858432,0.1863220417844912,0.6048257951296656,H,0.1
2023-24,2024-04-21,Crystal Palace,West Ham,H,1437.1258596061411,1473.8684160411865,-36.742556435045344,0.3459081281248961,0.25863022003886765,0.3954616518362362,H,0.1
2023-24,2024-04-21,Fulham,Liverpool,A,1470.1582503253428,1687.4069958433704,-217.2487455180276,0.5666071732673945,0.20422153925492217,0.2291712874776833,A,0.1
2023-24,2024-04-23,Arsenal,Chelsea,H,1689.012318983283,1526.3309081658642,162.68141081741874,0.18243295600266196,0.16020167326301682,0.6573653707343212,H,0.1
2023-24,2024-04-24,Everton,Liverpool,H,1434.2107466040043,1693.165952503301,-258.95520589929674,0.6246381307537291,0.17664237313513625,0.1987194961111346,A,0.1
2023-24,2024-04-24,Crystal Palace,Newcastle United,H,1449.8496943664345,1565.7665112381576,-115.91681687172309,0.4335727525946154,0.25218111633887724,0.31424613106650745,A,0.1
2023-24,2024-04-24,Wolverhampton Wanderers,Bournemouth,A,1449.145964011369,1439.6864508315784,9.45951317979052,0.3018019109794227,0.24803408160438126,0.45016400741619605,H,0.1
2023-24,2024-04-24,Manchester United,Sheffield United,H,1552.4846007467747,1304.8447353628771,247.6398653838976,0.1304235038552362,0.10317644173678722,0.7664000544079765,H,0.1
2023-24,2024-04-25,Brighton and Hove Albion,Manchester City,A,1504.1290875937225,1748.9913116648434,-244.86222407112086,0.6050287914712851,0.18622409367038203,0.20874711485833283,A,0.1
2023-24,2024-04-27,Wolverhampton Wanderers,Luton Town,H,1440.882451277801,1375.1336179082061,65.74883336959488,0.2537892514496607,0.22279678051438334,0.523413968035956,H,0.1
2023-24,2024-04-27,Manchester United,Burnley,D,1555.3566935345846,1376.145651573574,179.21104196101055,0.17152991241223126,0.14869151537503605,0.6797785722127326,H,0.1
2023-24,2024-04-27,Everton,Brentford,H,1449.1244839732308,1478.4719387517432,-29.34745477851243,0.33852402249008656,0.2576252628386864,0.4038507146712271,H,0.1
2023-24,2024-04-27,Fulham,Crystal Palace,D,1464.3992936654122,1461.95120890048,2.4480847649322186,0.3081971471663679,0.2502844334988286,0.4415184193348035,H,0.1
2023-24,2024-04-27,West Ham,Liverpool,D,1461.1445812808931,1678.2522151340745,-217.10763385318137,0.5664116141697524,0.20431002653649594,0.22927835929375173,A,0.1
2023-24,2024-04-27,Newcastle United,Sheffield United,H,1553.6649967041121,1301.9726425750673,251.69235412904482,0.12820101404944229,0.10067831397623364,0.7711206719743241,H,0.1
2023-24,2024-04-27,Aston Villa,Chelsea,D,1575.0773836211795,1519.0822852007482,55.995098420431304,0.2617181538477332,0.22798651578738208,0.5102953303648847,H,0.1
2023-24,2024-04-28,Bournemouth,Brighton and Hove Albion,H,1447.9499635651464,1496.6990986414116,-48.74913507626525,0.3581780287981697,0.25967879905578856,0.3821431721460418,H,0.1
2023-24,2024-04-28,Nottingham Forest,Manchester City,A,1400.3583764776836,1756.4213006171542,-356.0629241394706,0.7526292445933417,0.11046434643186637,0.1369064089747919,A,0.1
2023-24,2024-04-28,Tottenham,Arsenal,A,1572.0807662302495,1696.260941948399,-124.18017571814948,0.44364316742505816,0.24974892028684703,0.3066079122880948,A,0.1
2023-24,2024-05-02,Chelsea,Tottenham,H,1522.3021405737495,1566.7180468243453,-44.415906250595754,0.3537090630589901,0.25938408385946066,0.38690685308154926,H,0.1
2023-24,2024-05-03,Luton Town,Everton,D,1370.738151085439,1455.3627901336758,-84.62463904823676,0.39700192174703247,0.2584649309655858,0.3445331472873818,A,0.1
2023-24,2024-05-04,Manchester City,Wolverhampton Wanderers,H,1759.3319239568132,1445.277918100568,314.0540058562451,0.09362697202709107,0.1,0.806373027972909,H,0.1
2023-24,2024-05-04,Brentford,Fulham,D,1472.2336325912981,1462.6210022956514,9.612630295646795,0.3016633651161386,0.24798250768509367,0.4503541271987677,H,0.1
2023-24,2024-05-04,Burnley,Newcastle United,A,1382.1158570746318,1557.782531952881,-175.6666748782493,0.509856238118616,0.22815597266989268,0.2619877892114912,A,0.1
2023-24,2024-05-04,Arsenal,Bournemouth,H,1701.6236613543033,1461.073348847788,240.55031250651518,0.13437011768826204,0.10761369711275955,0.7580161851989784,H,0.1
2023-24,2024-05-04,Sheffield United,Nottingham Forest,A,1297.8551073262984,1397.4477531380246,-99.59264581172624,0.4141814628056859,0.25605013265539045,0.3297684045389237,A,0.1
2023-24,2024-05-05,Brighton and Hove Albion,Aston Villa,H,1483.57571335877,1571.8575282481781,-88.28181488940822,0.40114589494864356,0.25797701399643924,0.34087709105491726,A,0.1
2023-24,2024-05-05,Chelsea,West Ham,H,1532.5881504747188,1465.38157390515,67.20657656956882,0.2526171441113405,0.22199592856973374,0.5253869273189258,H,0.1
2023-24,2024-05-05,Liverpool,Tottenham,H,1674.0152225098177,1556.432036923376,117.58318558644169,0.21403031802002362,0.19108434993408552,0.5948853320458909,H,0.1
2023-24,2024-05-06,Crystal Palace,Manchester United,H,1463.7295002702408,1549.3864880335268,-85.656987763286,0.3981681694203419,0.25833394422360856,0.3434978863560495,A,0.1
2023-24,2024-05-11,Wolverhampton Wanderers,Crystal Palace,A,1442.3476269742946,1480.362630348025,-38.01500337373045,0.347191857792201,0.25877566112170125,0.39403248108609773,H,0.1
2023-24,2024-05-11,West Ham,Luton Town,H,1454.0908381493257,1371.445720783093,82.64511736623263,0.24040264169625258,0.21314534664228896,0.5464520116614584,H,0.1
2023-24,2024-05-11,Nottingham Forest,Chelsea,A,1406.7655146477928,1543.878886230543,-137.11337158275023,0.4597349472181502,0.24533156315647894,0.29493348962537086,A,0.1
2023-24,2024-05-11,Tottenham,Burnley,H,1550.9133741486637,1373.4007218537952,177.51265229486853,0.17263323329292188,0.14987185881837273,0.6774949078887054,H,0.1
2023-24,2024-05-11,Fulham,Manchester City,A,1464.5982270756883,1762.2622150830866,-297.6639880073983,0.6776985897989087,0.14976664708852228,0.17253476311256905,A,0.1
2023-24,2024-05-11,Everton,Sheffield United,H,1454.6552204360219,1288.5373458165302,166.11787461949166,0.1801360804414536,0.15780689892669586,0.6620570206318506,H,0.1
2023-24,2024-05-11,Bournemouth,Brentford,A,1457.3100373284078,1470.2564078112612,-12.946370482853354,0.3226009070267381,0.2544387418665047,0.42296035110675717,H,0.1
2023-24,2024-05-11,Newcastle United,Brighton and Hove Albion,D,1566.4976671737177,1490.7810391396304,75.71662803408731,0.2458398370079721,0.21719782053137654,0.5369623424606514,H,0.1
2023-24,2024-05-12,Manchester United,Arsenal,A,1532.7533579557426,1705.3869728736836,-172.63361491794103,0.5058097026520931,0.22970403542867596,0.26448626191923097,A,0.1
2023-24,2024-05-13,Aston Villa,Liverpool,D,1564.6522024673177,1679.53388528453,-114.88168281721232,0.43232315299151575,0.25246372555281105,0.3152131214556732,A,0.1
2023-24,2024-05-14,Tottenham,Manchester City,A,1553.5182996827798,1768.015705132585,-214.49740544980523,0.5627966892756894,0.20593931747948785,0.23126399324482272,A,0.1
2023-24,2024-05-15,Brighton and Hove Albion,Chelsea,A,1494.5000183797022,1548.9788402459258,-54.4788218662236,0.36415881953741663,0.2599226122412477,0.3759185682213357,H,0.1
2023-24,2024-05-15,Manchester United,Newcastle United,H,1528.339758124276,1562.7786879336459,-34.43892980936994,0.3435939672001337,0.258346338273011,0.3980596945268553,H,0.1
2023-24,2024-05-19,Manchester City,West Ham,H,1773.8464590622896,1460.5608257768793,313.2856332854103,0.09399866350256339,0.1,0.8060013364974367,H,0.1
2023-24,2024-05-19,Luton Town,Fulham,A,1364.9757331555395,1458.84473702619,-93.86900387065043,0.4075437176745897,0.25710367045851906,0.33535261186689125,A,0.1
2023-24,2024-05-19,Liverpool,Wolverhampton Wanderers,H,1677.9672719235605,1430.8656548731328,247.10161705042765,0.13072052827640737,0.10351037344341187,0.7657690982801808,H,0.1
2023-24,2024-05-19,Arsenal,Everton,H,1709.8005727051502,1457.4121825009142,252.38839020423598,0.12782174917252861,0.10025213924825457,0.7719261115792168,H,0.1
2023-24,2024-05-19,Sheffield United,Tottenham,A,1285.7803837516378,1547.6875457530753,-261.9071620014374,0.6287346407562318,0.17461285380180816,0.19665250544196008,A,0.1
2023-24,2024-05-19,Brighton and Hove Albion,Manchester United,A,1487.6285647451452,1534.6632073079993,-47.03464256285406,0.35640428545463937,0.25957353248246345,0.3840221820628971,H,0.1
2023-24,2024-05-19,Chelsea,Bournemouth,H,1555.8502938804827,1449.4915349297341,106.35875895074855,0.22231766856788998,0.1984258835565547,0.5792564478755553,H,0.1
2023-24,2024-05-19,Brentford,Newcastle United,A,1478.0749102099348,1556.4552387499225,-78.38032853998766,0.3900066282816,0.25914362551493736,0.3508497462034627,A,0.1
2023-24,2024-05-19,Burnley,Nottingham Forest,A,1370.795796319679,1401.66556063241,-30.869764312730922,0.3400334676146016,0.2578543288088018,0.4021122035765966,H,0.1
2023-24,2024-05-19,Crystal Palace,Aston Villa,H,1491.8446024491868,1566.2188158282872,-74.37421337910041,0.38557190614263287,0.2594759128755627,0.3549521809818044,A,0.1
2024-25,2024-08-16,Manchester United,Fulham,H,1541.2385173093674,1471.52165775858,69.71685955078738,0.2506064571599682,0.22060211558561096,0.5287914272544209,H,0.1
2024-25,2024-08-17,Arsenal,Wolverhampton Wanderers,H,1690.410582085709,1435.1867840119685,255.22379807374045,0.1260775971558496,0.1,0.7739224028441505,H,0.1
2024-25,2024-08-17,Everton,Brighton and Hove Albion,A,1460.080897599749,1478.8240775384627,-18.743179938713638,0.3281588354794493,0.255713918717105,0.4161272458034457,H,0.1
2024-25,2024-08-17,Ipswich,Liverpool,A,1420.0,1662.7628501050556,-242.76285010505558,0.6021034835280326,0.18763295580986772,0.21026356066209972,A,0.1
2024-25,2024-08-17,Newcastle United,Southampton,H,1559.8524656372895,1372.0475734889949,187.80489214829458,0.16600715509331765,0.14273664841572664,0.6912561964909557,H,0.1
2024-25,2024-08-17,Nottingham Forest,Bournemouth,D,1418.1656065115667,1451.2415444448106,-33.07593793324395,0.34223071363154733,0.2581659201225596,0.399603366245893,H,0.1
2024-25,2024-08-17,West Ham,Aston Villa,A,1462.696832565842,1543.3534510092834,-80.6566184434414,0.3925449702334841,0.25891884659972525,0.34853618316679064,A,0.1
2024-25,2024-08-18,Brentford,Crystal Palace,H,1471.2246684265822,1508.9036254404432,-37.67895701386101,0.3468524526630775,0.2587380380695704,0.3944095092673521,H,0.1
2024-25,2024-08-18,Chelsea,Manchester City,A,1553.5661014843845,1748.26972378941,-194.70362230502542,0.5355795535579422,0.21777963920157956,0.24664080724047818,A,0.1
2024-25,2024-08-19,Leicester City,Tottenham,D,1454.7842341113162,1548.2315579799883,-93.44732386867213,0.4070580376130848,0.25717495115549976,0.3357670112314155,A,0.1
2024-25,2024-08-24,Tottenham,Everton,H,1547.2718296227854,1444.710420354053,102.5614092687324,0.22516046009275537,0.20086100603046064,0.573978533876784,H,0.1
2024-25,2024-08-24,Southampton,Nottingham Forest,A,1369.5741877690048,1417.392217229912,-47.818029460907155,0.3572138419510565,0.2596234749937898,0.3831626830551537,H,0.1
2024-25,2024-08-24,Manchester City,Ipswich,H,1754.6344712261723,1414.8781419230243,339.75632930314805,0.08192257336931845,0.1,0.8180774266306816,H,0.1
2024-25,2024-08-24,Brighton and Hove Albion,Manchester United,H,1494.1945547841588,1545.559071813704,-51.36451702954514,0.360897858391747,0.25981072705909947,0.37929141454915355,H,0.1
2024-25,2024-08-24,Crystal Palace,West Ham,A,1502.5260821567845,1456.407561139823,46.118521016961495,0.2699046366298939,0.23292337941972854,0.4971719839503776,H,0.1
2024-25,2024-08-24,Aston Villa,Arsenal,A,1549.6427224353024,1693.1686277846943,-143.5259053493919,0.46785721946171344,0.24287599333070609,0.2892667872075805,A,0.1
2024-25,2024-08-24,Fulham,Leicester City,H,1467.2011032542434,1455.7439624685192,11.457140785724278,0.29999807970186043,0.24735316887557168,0.4526487514225679,H,0.1
2024-25,2024-08-25,Bournemouth,Newcastle United,D,1452.0149337264654,1562.3258513572796,-110.31091763081417,0.42683747864251215,0.2536519353475575,0.3195105860099304,A,0.1
2024-25,2024-08-25,Liverpool,Brentford,H,1667.8847081820313,1477.602211710241,190.2824964717904,0.16443366402383539,0.1410267955766177,0.6945395403995469,H,0.1
2024-25,2024-08-25,Wolverhampton Wanderers,Chelsea,A,1432.4287383129831,1547.201354047622,-114.77261573463898,0.4321916444103858,0.25249321344630277,0.3153151421433114,A,0.1
2024-25,2024-08-31,Nottingham Forest,Wolverhampton Wanderers,D,1424.4140026348634,1419.5240281400681,4.889974494795297,0.30595844237688696,0.24952557825393906,0.444515979369174,H,0.1
2024-25,2024-08-31,Ipswich,Fulham,D,1412.692006011393,1472.6981173161955,-60.006111304802516,0.370006508254608,0.259999999905171,0.369993491840221,A,0.1
2024-25,2024-08-31,Leicester City,Aston Villa,A,1450.246948406567,1541.7621289441302,-91.51518053756308,0.4048385282851546,0.25749037680393816,0.33767109491090724,A,0.1
2024-25,2024-08-31,Brentford,Southampton,H,1473.73089220522,1362.5524023640533,111.17848984116677,0.2187380699317788,0.195298381596241,0.5859635484719802,H,0.1
2024-25,2024-08-31,West Ham,Manchester City,A,1470.356217067588,1756.8206071378036,-286.4643900702156,0.6625292483412428,0.15756540086838602,0.1799053507903712,A,0.1
2024-25,2024-08-31,Arsenal,Brighton and Hove Albion,D,1701.0492212758666,1500.7995702449432,200.24965103092336,0.15818908318444228,0.13419004121142633,0.7076208756041314,H,0.1
2024-25,2024-08-31,Everton,Bournemouth,A,1436.0450827587085,1453.4529610720922,-17.407878313383662,0.32687188100938275,0.2554344752452588,0.4176936437453584,H,0.1
2024-25,2024-09-01,Chelsea,Crystal Palace,D,1560.106064220537,1488.5774262290195,71.5286379915176,0.24916128319149727,0.21958478923246458,0.5312539275760382,H,0.1
2024-25,2024-09-01,Manchester United,Liverpool,A,1538.9540563529195,1671.7560276870522,-132.80197133413276,0.45432681538206265,0.24688498440247672,0.29878820021546054,A,0.1
2024-25,2024-09-01,Newcastle United,Tottenham,H,1560.8878240116528,1555.9371672181298,4.950656793522967,0.3059029657683399,0.24950637958814695,0.44459065464351316,H,0.1
2024-25,2024-09-14,Liverpool,Nottingham Forest,A,1682.129696893404,1422.5677366865862,259.56196020681773,0.12339444088420368,0.1,0.7766055591157963,H,0.1
2024-25,2024-09-14,Southampton,Manchester United,A,1356.8671055476573,1528.5803871465678,-171.7132815989105,0.5045849583832375,0.23016766571407088,0.2652473759026916,A,0.1
2024-25,2024-09-14,Manchester City,Brentford,H,1760.9722766081215,1479.416189021616,281.55608758650556,0.11052224064485718,0.1,0.7894777593551429,H,0.1
2024-25,2024-09-14,Fulham,West Ham,D,1472.6979414187037,1466.20454759727,6.493393821433756,0.3044951069104934,0.24901276886285303,0.4464921242266535,H,0.1
2024-25,2024-09-14,Crystal Palace,Leicester City,D,1492.1920744379786,1444.1942755903306,47.99779884764803,0.26833440034281775,0.23200989555800658,0.4996557040991757,H,0.1
2024-25,2024-09-14,Aston Villa,Everton,H,1547.8148017603667,1428.329166699868,119.48563506049868,0.21264262222858918,0.18982092192943037,0.5975364558419805,H,0.1
2024-25,2024-09-14,Brighton and Hove Albion,Ipswich,D,1507.1454408005145,1412.6921819088848,94.45325889162973,0.23129765888151158,0.2059667492740111,0.5627355918444773,H,0.1
2024-25,2024-09-14,Bournemouth,Chelsea,A,1461.1688771309327,1556.491416011578,-95.3225388806452,0.4092213842664996,0.2568512796256129,0.33392733610788755,A,0.1
2024-25,2024-09-15,Tottenham,Arsenal,A,1550.2992856960018,1694.7033507202952,-144.40406502429346,0.4689766747677399,0.2425264720265254,0.2884968532057346,A,0.1
2024-25,2024-09-15,Wolverhampton Wanderers,Newcastle United,A,1421.3702940883454,1566.5257055337809,-145.15541144543545,0.4699358188043418,0.24222492756761882,0.2878392536280394,A,0.1
2024-25,2024-09-21,Tottenham,Brentford,H,1545.3445636921472,1477.90693892088,67.43762477126711,0.2524316717643529,0.22186841491950313,0.525699913316144,H,0.1
2024-25,2024-09-21,Southampton,Ipswich,D,1348.0057350411873,1416.8662883793622,-68.8605533381749,0.3795361344609224,0.2598007361096197,0.3606631294294579,A,0.1
2024-25,2024-09-21,Liverpool,Bournemouth,H,1671.4298304825152,1455.198377788072,216.23145269444308,0.1484656023921188,0.12341185581916472,0.7281225417887165,H,0.1
2024-25,2024-09-21,West Ham,Chelsea,A,1468.0953522798097,1562.4619153544386,-94.36656307462886,0.4081173846975396,0.2570184405750826,0.3348641747273778,A,0.1
2024-25,2024-09-21,Crystal Palace,Manchester United,D,1489.1800394857257,1537.4417576530377,-48.26171816731198,0.3576730263799922,0.2596503848043156,0.3826765888156921,H,0.1
2024-25,2024-09-21,Fulham,Newcastle United,H,1470.807136736164,1571.4655834318032,-100.65844669563921,0.4154267977502833,0.25583635086297285,0.32873685138674386,A,0.1
2024-25,2024-09-21,Leicester City,Everton,D,1447.2063105425834,1424.8780809878897,22.328229554693735,0.29031920485353213,0.2433475908454107,0.4663332043010572,H,0.1
2024-25,2024-09-21,Aston Villa,Wolverhampton Wanderers,H,1551.265887472345,1416.430416190323,134.8354712820219,0.20162349899882073,0.1794631867381108,0.6189133142630685,H,0.1
2024-25,2024-09-22,Brighton and Hove Albion,Nottingham Forest,D,1502.971334330037,1433.2676030974749,69.70373123256218,0.25061694740084317,0.22060945278764707,0.5287735998115097,H,0.1
2024-25,2024-09-22,Manchester City,Arsenal,D,1762.4815267088575,1699.6580727241499,62.82345398470761,0.25615145149973034,0.22438454758029103,0.5194640009199786,H,0.1
2024-25,2024-09-28,Wolverhampton Wanderers,Liverpool,A,1411.3431563166068,1675.7054578875327,-264.36230157092587,0.6321375532166889,0.17292025834868846,0.19494218843462272,A,0.1
2024-25,2024-09-28,Newcastle United,Manchester City,D,1559.736311998838,1759.0866414135892,-199.3503294147513,0.5419325331350808,0.21508809797574044,0.24297936888917876,A,0.1
2024-25,2024-09-28,Everton,Crystal Palace,H,1427.2043010239058,1488.8423130667136,-61.63801204280776,0.371747803074925,0.25999318757267165,0.3682590093524033,A,0.1
2024-25,2024-09-28,Nottingham Forest,Fulham,A,1436.8365025844594,1482.5364081691293,-45.69990558466998,0.3550284532260824,0.2594812983489048,0.38549024842501284,H,0.1
2024-25,2024-09-28,Brentford,West Ham,D,1470.9909772194753,1456.113168379906,14.877808839569298,0.29692769531375823,0.24614697959472587,0.4569253250915159,H,0.1
2024-25,2024-09-28,Arsenal,Leicester City,H,1703.0529580194182,1444.8800905065673,258.17286751285087,0.12424832759178593,0.1,0.7757516724082141,H,0.1
2024-25,2024-09-28,Chelsea,Brighton and Hove Albion,H,1574.4440992543423,1499.4024348430526,75.04166441128973,0.2463733499726595,0.21758579686767948,0.536040853159661,H,0.1
2024-25,2024-09-29,Manchester United,Tottenham,A,1537.7794840720499,1552.260525393552,-14.481041321502062,0.3240650293851613,0.25479199191646507,0.42114297869837364,H,0.1
2024-25,2024-09-29,Ipswich,Aston Villa,D,1416.6113164285355,1556.3531473460612,-139.7418309175257,0.4630530007534796,0.24434578392357936,0.292601215322941,A,0.1
2024-25,2024-09-30,Bournemouth,Southampton,H,1450.9227503830546,1348.260706992014,102.66204339104047,0.22508486539587072,0.20079681809688063,0.5741183165072486,H,0.1
2024-25,2024-10-05,Arsenal,Southampton,H,1705.7677262022253,1342.3484130636723,363.419313138553,0.07232853976803828,0.1,0.8276714602319617,H,0.1
2024-25,2024-10-05,Everton,Newcastle United,D,1433.9786526550886,1563.5450600057786,-129.56640735069004,0.45029672803214665,0.2479980876392034,0.30170518432865,A,0.1
2024-25,2024-10-05,Brentford,Wolverhampton Wanderers,H,1468.8685790138975,1408.4261858321647,60.44239318173277,0.2580840976461602,0.22565738665529395,0.5162585156985459,H,0.1
2024-25,2024-10-05,Crystal Palace,Liverpool,A,1482.0679614355308,1678.6224283719748,-196.554466936444,0.5381069638488635,0.216714501484084,0.24517853466705258,A,0.1
2024-25,2024-10-05,West Ham,Ipswich,H,1458.2355665854839,1418.8670013940157,39.36856519146818,0.275594419189598,0.23609983812586688,0.48830574268453514,H,0.1
2024-25,2024-10-05,Leicester City,Bournemouth,H,1442.1653223237602,1456.8350443113964,-14.669721987636194,0.32424539773927785,0.25483464700536157,0.42091995525536063,H,0.1
2024-25,2024-10-05,Manchester City,Fulham,H,1755.2778934066484,1489.606153701867,265.67173970478143,0.11969715811195672,0.1,0.7803028418880433,H,0.1
2024-25,2024-10-06,Chelsea,Nottingham Forest,D,1581.1346948080616,1429.7667570517217,151.36793775633987,0.19010578676835482,0.1680713534834709,0.6418228597481743,H,0.1
2024-25,2024-10-06,Brighton and Hove Albion,Tottenham,H,1492.7118392893333,1567.8269265371305,-75.11508724779719,0.38638891572501166,0.2594205575368384,0.3541905267381498,A,0.1
2024-25,2024-10-06,Aston Villa,Manchester United,D,1554.097462380581,1522.2130829284713,31.88437945210967,0.2819965342296127,0.2394232739272011,0.47858019184318623,H,0.1
2024-25,2024-10-19,Newcastle United,Brighton and Hove Albion,A,1561.5691136516396,1499.7058738505516,61.86323980108796,0.2569297499421809,0.22489997769257625,0.5181702723652429,H,0.1
2024-25,2024-10-19,Southampton,Leicester City,A,1340.8329524109824,1448.1575780073356,-107.32462559635314,0.42328188972132375,0.25437519941019676,0.32234291086847944,A,0.1
2024-25,2024-10-19,Bournemouth,Arsenal,H,1450.842788627821,1707.2831868549151,-256.4403982270942,0.6211444987589113,0.1783659943780094,0.2004895068630793,A,0.1
2024-25,2024-10-19,Fulham,Aston Villa,A,1487.9610843555693,1551.5127966805321,-63.551712324962864,0.3737984260980457,0.2599679725614996,0.3662336013404547,A,0.1
2024-25,2024-10-19,Ipswich,Everton,A,1409.040105110232,1435.9545990092276,-26.914493898995715,0.3361229117236743,0.25723541637654684,0.4066416718997788,H,0.1
2024-25,2024-10-19,Manchester United,Brentford,H,1524.7977486285201,1475.9959894897534,48.80175913876678,0.2676644685041083,0.23161532017888897,0.5007202113170027,H,0.1
2024-25,2024-10-19,Tottenham,West Ham,H,1560.8328919759122,1468.0624628692676,92.77042910664454,0.23258302595677563,0.2070092799860448,0.5604076940571796,H,0.1
2024-25,2024-10-20,Liverpool,Chelsea,H,1682.605821709795,1575.7049374019275,106.9008843078675,0.22191344306811103,0.1980761013226318,0.5800104556092572,H,0.1
2024-25,2024-10-20,Wolverhampton Wanderers,Manchester City,A,1401.2987753563089,1756.9229627529462,-355.62418739663735,0.7520992910663686,0.11074474054695455,0.1371559683866768,A,0.1
2024-25,2024-10-21,Nottingham Forest,Crystal Palace,H,1435.1965144578558,1478.0845680977106,-42.88805363985489,0.3521443721361565,0.25925757700522695,0.3885980508586165,H,0.1
2024-25,2024-10-25,Leicester City,Nottingham Forest,A,1453.8719329777596,1441.660852721934,12.211080255825664,0.29931935393076636,0.24709166083818748,0.4535889852310462,H,0.1
2024-25,2024-10-26,Aston Villa,Bournemouth,D,1562.0813217091868,1465.7194382893204,96.36188341986644,0.22984468044932874,0.20477698083225443,0.5653783387184169,H,0.1
2024-25,2024-10-26,Brentford,Ipswich,H,1471.271672913815,1397.1563339054721,74.11533900834297,0.2471066653465905,0.21811622758916158,0.5347771070642479,H,0.1
2024-25,2024-10-26,Brighton and Hove Albion,Wolverhampton Wanderers,D,1508.7200603554595,1399.4581329813304,109.26192737412907,0.22015768377314965,0.1965467625685305,0.5832955536583199,H,0.1
2024-25,2024-10-26,Everton,Fulham,D,1447.8383702139874,1477.3925593269146,-29.554189112927133,0.33872868977425874,0.2576570430962346,0.40361426712950665,H,0.1
2024-25,2024-10-26,Manchester City,Southampton,H,1758.7636051279246,1335.1185974405585,423.64500768736616,0.05237127495693809,0.1,0.847628725043062,H,0.1
2024-25,2024-10-27,Arsenal,Liverpool,D,1692.4065371934157,1686.264293051293,6.142244142122763,0.3048151286651576,0.24912605400061752,0.4460588173342249,H,0.1
2024-25,2024-10-27,Chelsea,Newcastle United,H,1572.0464660604296,1552.5549271467316,19.491538913697923,0.2928227297631948,0.24444090362374987,0.4627363666130554,H,0.1
2024-25,2024-10-27,Crystal Palace,Tottenham,H,1471.6202298336325,1568.6358176996725,-97.01558786604005,0.4111823758123964,0.2565442651353599,0.3322733590522437,A,0.1
2024-25,2024-10-27,West Ham,Manchester United,H,1460.2595371455072,1529.5220652044584,-69.26252805895115,0.3799735272098815,0.259782253820678,0.3602442189694405,A,0.1
2024-25,2024-11-02,Nottingham Forest,West Ham,H,1454.8249462201636,1467.158554593919,-12.333608373755396,0.3220177710909756,0.25429456555950924,0.42368766334951513,H,0.1
2024-25,2024-11-02,Southampton,Everton,H,1334.4421661293338,1446.9643055144868,-112.52213938515297,0.42948475776321837,0.2530893075743418,0.3174259346624398,A,0.1
2024-25,2024-11-02,Newcastle United,Arsenal,H,1547.2294197753874,1690.5254799344495,-143.2960601590621,0.46756449999422656,0.24296695419946038,0.28946854580631315,A,0.1
2024-25,2024-11-02,Wolverhampton Wanderers,Crystal Palace,D,1403.9778467987278,1478.9635687199864,-74.98572192125857,0.3862461539565554,0.25943042280168116,0.3543234232417634,A,0.1
2024-25,2024-11-02,Bournemouth,Manchester City,H,1469.9388038029124,1759.4400364391493,-289.50123263623686,0.6666607997050422,0.155449076496685,0.1778901237982729,A,0.1
2024-25,2024-11-02,Ipswich,Leicester City,D,1392.9178756480546,1440.7078394795299,-47.789963831475234,0.3571848125365435,0.2596217393329393,0.3831934481305172,H,0.1
2024-25,2024-11-02,Liverpool,Brighton and Hove Albion,H,1688.1453503102591,1504.2003465380621,183.94500377219697,0.16847524006521536,0.14540710700250076,0.686117652932284,H,0.1
2024-25,2024-11-03,Manchester United,Chelsea,D,1522.6230477560466,1577.3719734317738,-54.74892567572715,0.36444278933738633,0.2599299978706023,0.37562721279201144,H,0.1
2024-25,2024-11-03,Tottenham,Aston Villa,H,1561.2924788133187,1557.8619561955948,3.430522617723909,0.3072949757966698,0.24998234883443207,0.44272267536889814,H,0.1
2024-25,2024-11-04,Fulham,Brentford,H,1478.2666240264152,1475.5101311712326,2.756492855182614,0.3079137211459273,0.2501900713177404,0.4418962075363323,H,0.1
2024-25,2024-11-09,Brentford,Bournemouth,H,1469.8243583546496,1479.6092134078265,-9.784855053176898,0.31960111726710727,0.25367578483066133,0.4267230979022314,H,0.1
2024-25,2024-11-09,Brighton and Hove Albion,Manchester City,H,1501.6782673850978,1749.7696268342352,-248.09135944913737,0.6095271274719827,0.18404675692105607,0.20642611560696122,A,0.1
2024-25,2024-11-09,Crystal Palace,Fulham,A,1478.532512250781,1483.9523968429983,-5.419884592217159,0.3154952680336553,0.2525451239805231,0.4319596079858216,H,0.1
2024-25,2024-11-09,Liverpool,Aston Villa,H,1690.6674294632235,1546.5198751190187,144.14755434420476,0.195091468425496,0.1730684630791917,0.6318400684953124,H,0.1
2024-25,2024-11-09,West Ham,Everton,D,1455.2524402854524,1439.3807771206912,15.87166316476123,0.2960399350294095,0.2457871014992644,0.4581729634713261,H,0.1
2024-25,2024-11-09,Wolverhampton Wanderers,Southampton,H,1404.408903267933,1342.0256945231295,62.383208744803596,0.25650810962612464,0.2246212206606593,0.5188706697132162,H,0.1
2024-25,2024-11-10,Tottenham,Ipswich,A,1572.6345598898947,1392.5665871651845,180.06797272471022,0.17097470854741711,0.14809633345588508,0.6809289579966977,H,0.1
2024-25,2024-11-10,Nottingham Forest,Newcastle United,A,1466.7310605286302,1555.2679688484297,-88.53690831979952,0.40143623734281175,0.25794050153898807,0.3406232611182002,A,0.1
2024-25,2024-11-10,Chelsea,Arsenal,D,1577.523099993078,1682.4869308614072,-104.9638308683293,0.42048706847099565,0.2549170038013335,0.3245959277276709,A,0.1
2024-25,2024-11-10,Manchester United,Leicester City,H,1522.4719211947424,1441.0591279624,81.41279323234244,0.2413645205779596,0.21387522462666309,0.5447602547953774,H,0.1
2024-25,2024-11-23,Everton,Brentford,D,1441.5304755515217,1475.7346498484922,-34.20417429697045,0.34335885097787633,0.25831592302565165,0.398325225996472,H,0.1
2024-25,2024-11-23,Aston Villa,Crystal Palace,D,1541.6548968311972,1465.8657971621271,75.78909966907008,0.24578259383926368,0.21715608933488353,0.5370613168258528,H,0.1
2024-25,2024-11-23,Arsenal,Nottingham Forest,H,1681.199944831226,1457.035458469854,224.16448636137216,0.1437735970409327,0.11816863701882391,0.7380577659402433,H,0.1
2024-25,2024-11-23,Leicester City,Chelsea,A,1432.8502044660743,1578.8100860232591,-145.95988155718487,0.47096414886018306,0.24189952143247812,0.28713632970733877,A,0.1
2024-25,2024-11-23,Bournemouth,Brighton and Hove Albion,A,1473.698921913984,1510.984593830676,-37.28567191669208,0.34645558240767044,0.2586932890009248,0.39485112859140475,H,0.1
2024-25,2024-11-23,Manchester City,Tottenham,A,1740.463300388657,1562.3921985392305,178.07110184942644,0.17227001848314627,0.14948364765923153,0.6782463338576222,H,0.1
2024-25,2024-11-23,Fulham,Wolverhampton Wanderers,A,1496.6191119316522,1411.4772549475636,85.14185698408869,0.23846065816674103,0.21165496504849296,0.5498843767847661,H,0.1
2024-25,2024-11-24,Southampton,Liverpool,A,1334.957342843499,1695.532407751045,-360.575064907546,0.7580457291035507,0.10759806137281752,0.1343562095236318,A,0.1
2024-25,2024-11-24,Ipswich,Manchester United,D,1402.8089485158487,1530.6808446910682,-127.87189617521949,0.4481960132027849,0.2485627574314024,0.3032412293658126,A,0.1
2024-25,2024-11-25,Newcastle United,West Ham,A,1564.963570907206,1453.1027418546219,111.86082905258422,0.21823386600596817,0.1948524721723811,0.5869136618216507,H,0.1
2024-25,2024-11-29,Brighton and Hove Albion,Southampton,D,1518.2455221288737,1333.1641051319036,185.08141699697012,0.1677464846932075,0.14462010410592285,0.6876334112008696,H,0.1
2024-25,2024-11-30,Crystal Palace,Newcastle United,D,1469.5865736671026,1549.7218432402874,-80.13526957318481,0.39196241673144544,0.25897262539253874,0.3490649578760158,A,0.1
2024-25,2024-11-30,West Ham,Arsenal,A,1468.3444695215405,1685.3023603486643,-216.95789082712372,0.5662041077092544,0.2044038813017096,0.22939201098903592,A,0.1
2024-25,2024-11-30,Brentford,Leicester City,H,1476.4757521146057,1427.9261944173745,48.549557697231194,0.2678745084191821,0.23173934066051002,0.5003861509203078,H,0.1
2024-25,2024-11-30,Wolverhampton Wanderers,Bournemouth,A,1430.0959831380828,1466.4379936157861,-36.3420104777033,0.3455048367138624,0.25858276224491994,0.39591240104121767,H,0.1
2024-25,2024-11-30,Nottingham Forest,Ipswich,H,1452.9330429524157,1404.737982314353,48.195060638062614,0.2681699234864423,0.2319132903731186,0.4999167861404391,H,0.1
2024-25,2024-12-01,Manchester United,Everton,H,1528.7518108925638,1440.7893732854081,87.96243760715561,0.23627770218846073,0.20995305246392876,0.5537692453476105,H,0.1
2024-25,2024-12-01,Tottenham,Fulham,D,1586.139094829118,1478.000383741133,108.13871108798503,0.22099199533039088,0.19727551349819641,0.5817324911714128,H,0.1
2024-25,2024-12-01,Chelsea,Aston Villa,H,1583.734096071959,1537.9341203262218,45.79997574573713,0.2701713912996628,0.23307698122211856,0.4967516274782187,H,0.1
2024-25,2024-12-01,Liverpool,Manchester City,H,1697.3256454626403,1716.7164040987695,-19.39075863612925,0.3287844187921704,0.25584634167629655,0.415369239531533,H,0.1
2024-25,2024-12-03,Ipswich,Crystal Palace,A,1400.0016303726347,1470.1654653562005,-70.16383498356572,0.38095575926652586,0.259737838111265,0.3593064026222092,A,0.1
2024-25,2024-12-03,Leicester City,West Ham,H,1418.467559525115,1461.0679335250593,-42.600373999944395,0.3518503956414494,0.2592324416909076,0.3889171626676431,H,0.1
2024-25,2024-12-04,Aston Villa,Brentford,H,1528.3660436589264,1485.9343870068653,42.431656652061065,0.27300268407047557,0.23467892607560883,0.49231838985391563,H,0.1
2024-25,2024-12-04,Everton,Wolverhampton Wanderers,H,1431.5328509584322,1418.5536040714123,12.979246887019826,0.2986289816900373,0.24682268407321753,0.4545483342367452,H,0.1
2024-25,2024-12-04,Arsenal,Manchester United,H,1692.5788963451455,1538.0083332195397,154.57056312560576,0.18791650024164885,0.16584723836086798,0.6462362613974831,H,0.1
2024-25,2024-12-04,Newcastle United,Liverpool,D,1549.1429515511895,1706.948678185041,-157.80572663385146,0.4862655164460329,0.2368114017907368,0.27692308176323027,A,0.1
2024-25,2024-12-04,Southampton,Chelsea,A,1339.2419534540722,1593.3021727392543,-254.06021928518203,0.6178351548292075,0.17999235152624757,0.20217249364454487,A,0.1
2024-25,2024-12-04,Manchester City,Nottingham Forest,H,1707.0933713763689,1457.669394894134,249.42397648223482,0.12944204295460596,0.10207312525040299,0.768484831794991,H,0.1
2024-25,2024-12-05,Fulham,Brighton and Hove Albion,H,1482.4943353011893,1512.1676738067051,-29.673338505515858,0.33884669347069013,0.25767526342271774,0.40347804310659213,H,0.1
2024-25,2024-12-05,Bournemouth,Tottenham,H,1477.9803726824566,1581.6451432690617,-103.66477058660507,0.4189552401447532,0.25520378205966665,0.32584097779558013,A,0.1
2024-25,2024-12-07,Manchester United,Nottingham Forest,A,1533.383407707607,1454.0795262549207,79.30388145268626,0.24301580879086304,0.2151152859057534,0.5418689053033835,H,0.1
2024-25,2024-12-07,Crystal Palace,Manchester City,D,1476.6862572706666,1710.6832400155822,-233.9969827449156,0.5898888222591444,0.19345169099890042,0.21665948674195531,A,0.1
2024-25,2024-12-07,Aston Villa,Southampton,H,1536.055597779395,1332.1274293832519,203.92816839614306,0.15591925513078178,0.13168687722100195,0.7123938676482163,H,0.1
2024-25,2024-12-07,Brentford,Newcastle United,H,1478.2448328863968,1551.885948959353,-73.64111607295627,0.38476486845113766,0.2595279601513091,0.35570717139755326,A,0.1
2024-25,2024-12-08,Fulham,Arsenal,D,1492.3904611031148,1697.2038218570783,-204.81336075396348,0.549432423629955,0.21185193130064378,0.2387156450694013,A,0.1
2024-25,2024-12-08,Ipswich,Bournemouth,A,1393.4808384581686,1485.4275041531553,-91.94666569498668,0.40533334990358155,0.25742153035515836,0.3372451197412601,A,0.1
2024-25,2024-12-08,Leicester City,Brighton and Hove Albion,D,1428.7057057551344,1502.2715480047796,-73.56584224964513,0.38468208108141605,0.2595331506908782,0.3557847682277057,A,0.1
2024-25,2024-12-08,Tottenham,Chelsea,A,1574.198011798363,1600.4166968100747,-26.218685011711614,0.33543875268701945,0.25711856527931864,0.4074426820336619,H,0.1
2024-25,2024-12-09,West Ham,Wolverhampton Wanderers,H,1450.8297872950398,1405.8658636561272,44.96392363891255,0.27087233573292346,0.2334784046529133,0.4956492596141633,H,0.1
2024-25,2024-12-14,Nottingham Forest,Aston Villa,H,1463.317235024276,1538.3337358301897,-75.01650080591367,0.38628011622976766,0.2594280832895716,0.3542918004806606,A,0.1
2024-25,2024-12-14,Wolverhampton Wanderers,Ipswich,A,1401.0651143361258,1387.4374995375001,13.6276147986257,0.29804718508122335,0.24659367147818875,0.45535914344058787,H,0.1
2024-25,2024-12-14,Arsenal,Everton,D,1693.2614563181598,1444.2205913737173,249.04086494444255,0.12965239863237152,0.10230958338089823,0.7680380179867302,H,0.1
2024-25,2024-12-14,Newcastle United,Leicester City,H,1540.8385010693185,1429.095963777903,111.74253729141537,0.21832123038376802,0.19492982996452385,0.586748939651708,H,0.1
2024-25,2024-12-14,Liverpool,Fulham,D,1704.2056807768774,1496.3328266420333,207.87285413484415,0.15350622146879997,0.12901655794424527,0.7174772205869547,H,0.1
2024-25,2024-12-15,Chelsea,Brentford,H,1607.9304570162242,1489.2922807764314,118.63817623979276,0.21326017781819134,0.19038435154125766,0.5963554706405509,H,0.1
2024-25,2024-12-15,Manchester City,Manchester United,A,1706.0557511057186,1524.1456989382516,181.91005216746703,0.16978459929124573,0.14681783983490984,0.6833975608738444,H,0.1
2024-25,2024-12-15,Southampton,Tottenham,A,1329.8492913324571,1566.6842515922135,-236.83496025975637,0.5938427276845567,0.19157984117604468,0.21457743113939867,A,0.1
2024-25,2024-12-15,Brighton and Hove Albion,Crystal Palace,A,1501.881289982011,1481.3137461805302,20.567543801480724,0.2918712913224694,0.24403012926384596,0.46409857941368465,H,0.1
2024-25,2024-12-16,Bournemouth,West Ham,D,1491.4708430738237,1455.6305366150411,35.84030645878261,0.2786001244868304,0.23769320972012167,0.48370666579304794,H,0.1
2024-25,2024-12-21,Aston Villa,Manchester City,H,1531.341296597244,1695.799599337047,-164.458302739803,0.49498321247007276,0.23371996136690684,0.2712968261630204,A,0.1
2024-25,2024-12-21,Brentford,Nottingham Forest,A,1485.8274978664776,1470.3096742572216,15.517823609256084,0.29635578051121236,0.2459157115258961,0.45772850796289155,H,0.1
2024-25,2024-12-21,Crystal Palace,Arsenal,A,1494.6778208440726,1686.1500334095956,-191.47221256552302,0.5311771705398676,0.21961661403850974,0.24920621542162263,A,0.1
2024-25,2024-12-21,Ipswich,Newcastle United,A,1395.7646875655764,1549.1456055869096,-153.38091802133317,0.4805157547604328,0.23877589197364377,0.2807083532659234,A,0.1
2024-25,2024-12-21,West Ham,Brighton and Hove Albion,D,1458.3211402397433,1488.5172153184685,-30.196075078725244,0.33936479827007127,0.2577543709399571,0.4028808307899716,H,0.1
2024-25,2024-12-22,Manchester United,Bournemouth,A,1534.4018507069231,1488.7802394491216,45.62161125780153,0.2703208318088998,0.23316283059309625,0.4965163375980039,H,0.1
2024-25,2024-12-22,Leicester City,Wolverhampton Wanderers,A,1420.788859260312,1392.7379263080495,28.05093295226243,0.28531485913897414,0.24104148718478166,0.47364365367624417,H,0.1
2024-25,2024-12-22,Fulham,Southampton,D,1502.8079325038282,1321.2620597481414,181.5458727556868,0.17001951887258185,0.14707049289511906,0.6829099882322991,H,0.1
2024-25,2024-12-22,Everton,Chelsea,D,1451.3320142822815,1611.395239926178,-160.06322564389643,0.48921414421074566,0.2357806336661799,0.2750052221230745,A,0.1
2024-25,2024-12-22,Tottenham,Liverpool,A,1575.2714831765293,1697.7305749150826,-122.4590917385533,0.44153189846597646,0.2502810731351313,0.3081870283988923,A,0.1
2024-25,2024-12-26,Bournemouth,Crystal Palace,D,1506.3676516295081,1485.2217129271291,21.145938702379,0.29136077114223113,0.24380732892498075,0.4648318999327882,H,0.1
2024-25,2024-12-26,Chelsea,Fulham,A,1608.5922630385953,1496.79465162789,111.79761141070526,0.21828055302197275,0.1948938166340386,0.5868256303439886,H,0.1
2024-25,2024-12-26,Liverpool,Leicester City,H,1708.526899692955,1403.7037915348217,304.82310815813344,0.09817921182090703,0.1,0.801820788179093,H,0.1
2024-25,2024-12-26,Manchester City,Everton,D,1687.4675959969554,1454.1349911698642,233.33260482709125,0.13846402175117914,0.11221402967814657,0.7493219485706744,H,0.1
2024-25,2024-12-26,Newcastle United,Aston Villa,H,1560.2418874188793,1539.6732999373357,20.568587481543545,0.2918703695429491,0.24402972848623097,0.46409990197081996,H,0.1
2024-25,2024-12-26,Nottingham Forest,Tottenham,H,1483.5533930378538,1564.4751583986567,-80.92176536080297,0.3928415148452042,0.2588909729065368,0.3482675122482591,A,0.1
2024-25,2024-12-26,Southampton,West Ham,A,1327.2753406240795,1457.4654122969553,-130.19007167287577,0.45107161513197735,0.24778708571918495,0.3011412991488377,A,0.1
2024-25,2024-12-26,Wolverhampton Wanderers,Manchester United,H,1409.8229940335398,1516.8144385265366,-106.99144449299683,0.42288659449848137,0.2544532736040077,0.3226601318975109,A,0.1
2024-25,2024-12-27,Arsenal,Ipswich,H,1695.606141326539,1384.6684057336067,310.9377355929323,0.09514251909111489,0.1,0.8048574809088851,H,0.1
2024-25,2024-12-27,Brighton and Hove Albion,Brentford,D,1489.3729432612565,1472.5837790858454,16.789164175411088,0.2952220905462927,0.24545113474293967,0.4593267747107676,H,0.1
2024-25,2024-12-29,Leicester City,Manchester City,A,1401.5985734134463,1680.5869068754769,-278.9883334620306,0.6523071534824186,0.16277394387555186,0.18491890264202945,A,0.1
2024-25,2024-12-29,Fulham,Bournemouth,D,1506.4104254317922,1504.0736446201047,2.336780811687504,0.30829948359055864,0.25031838319102434,0.44138213321841707,H,0.1
2024-25,2024-12-29,Everton,Nottingham Forest,A,1461.0156802913427,1490.6410554202364,-29.625375128893666,0.3387991872785352,0.2576679372990979,0.4035328754223668,H,0.1
2024-25,2024-12-29,Tottenham,Wolverhampton Wanderers,D,1557.387496016274,1421.7080216644936,135.67947435178053,0.2010267259526775,0.1788864755746175,0.620086798472705,H,0.1
2024-25,2024-12-29,West Ham,Liverpool,A,1462.7052317681662,1710.6321178143305,-247.92688604616433,0.6092980563187174,0.18415794646862607,0.2065439972126566,A,0.1
2024-25,2024-12-29,Crystal Palace,Southampton,H,1487.5157199365326,1322.0355211528686,165.48019878366404,0.1805611006805698,0.1582513141041567,0.6611875852152735,H,0.1
2024-25,2024-12-30,Manchester United,Newcastle United,A,1504.9294108955828,1570.8473406233359,-65.91792972775306,0.3763468747375313,0.259911092431212,0.36374203283125667,A,0.1
2024-25,2024-12-30,Aston Villa,Brighton and Hove Albion,D,1529.0678467328792,1487.198071735758,41.86977499712111,0.27347688146484045,0.23494215514548328,0.4915809633896762,H,0.1
2024-25,2024-12-30,Ipswich,Chelsea,H,1383.3843782172992,1598.9764892346932,-215.59211101739402,0.5643121766326038,0.20525775750598246,0.23043006586141382,A,0.1
2024-25,2025-01-01,Brentford,Arsenal,A,1474.758650611344,1696.8901688428466,-222.1315182315027,0.5733814659065358,0.20113498859463844,0.2254835454988257,A,0.1
2024-25,2025-01-04,Southampton,Brentford,A,1319.2698498270422,1469.1256361952533,-149.85578636821106,0.47596397896550496,0.24028683749460983,0.28374918353988515,A,0.1
2024-25,2025-01-04,Crystal Palace,Chelsea,D,1490.281391262359,1584.7673866238192,-94.48599536146025,0.4082551808621801,0.2569978015717932,0.33474701756602676,A,0.1
2024-25,2025-01-04,Manchester City,West Ham,H,1684.893771467304,1454.5518001653218,230.3419713019823,0.14018260892815645,0.11414327752516018,0.7456741135466833,H,0.1
2024-25,2025-01-04,Aston Villa,Leicester City,H,1526.2170285445327,1397.291708821619,128.92531972291363,0.20582895384209587,0.18348251212239747,0.6106885340355066,H,0.1
2024-25,2025-01-04,Tottenham,Newcastle United,A,1552.2839377377366,1581.3321984937122,-29.04826075597566,0.3382279977411054,0.25757889538611584,0.4041931068727788,H,0.1
2024-25,2025-01-04,Brighton and Hove Albion,Arsenal,D,1490.0488899241045,1702.5231832589373,-212.47429333483274,0.5599982666238457,0.20719209867694774,0.23280963469920649,A,0.1
2024-25,2025-01-04,Bournemouth,Everton,H,1505.8488335355582,1449.230236694133,56.61859684142519,0.2612067447013212,0.22766383558322095,0.5111294197154578,H,0.1
2024-25,2025-01-05,Fulham,Ipswich,D,1504.6352365163386,1397.5934808281731,107.0417556881655,0.22180847117130267,0.19798512528569173,0.5802064035430057,H,0.1
2024-25,2025-01-05,Liverpool,Manchester United,D,1718.785549417175,1494.4445530252065,224.34099639196847,0.14367022657921116,0.11805289433694442,0.7382768790838444,H,0.1
2024-25,2025-01-06,Wolverhampton Wanderers,Nottingham Forest,A,1426.8115799430311,1502.426499017446,-75.61491907441496,0.3869409142963611,0.2593816477890058,0.353677437914633,A,0.1
2024-25,2025-01-14,Brentford,Manchester City,D,1481.6563596248795,1688.8654253970847,-207.20906577220512,0.552730876017639,0.21040948615133828,0.23685963783102282,A,0.1
2024-25,2025-01-14,Chelsea,Bournemouth,D,1583.778046841896,1510.419694281606,73.35835256028986,0.24770688855306927,0.21854793214329743,0.5337451793036333,H,0.1
2024-25,2025-01-14,Nottingham Forest,Liverpool,D,1515.226860879084,1712.0435730708996,-196.81671219181567,0.5384654053135562,0.21656283264378215,0.2449717620426616,A,0.1
2024-25,2025-01-14,West Ham,Fulham,H,1450.5801462355412,1500.166517248515,-49.586371012973814,0.3590468480747139,0.259724800494132,0.3812283514311542,H,0.1
2024-25,2025-01-15,Newcastle United,Wolverhampton Wanderers,H,1588.7811862410178,1414.0112180813933,174.76996815962457,0.17442318464964482,0.15177972374167947,0.6737970916086757,H,0.1
2024-25,2025-01-15,Leicester City,Crystal Palace,A,1393.9905718011719,1491.2707310442822,-97.28015924311035,0.41148948641107624,0.2564950240651183,0.3320154895238055,A,0.1
2024-25,2025-01-15,Everton,Aston Villa,A,1444.6593759480852,1529.5181655649799,-84.85878961689468,0.39726619997851687,0.25843568728042693,0.3442981127410562,A,0.1
2024-25,2025-01-15,Arsenal,Tottenham,H,1698.396223482444,1544.834949990431,153.56127349201302,0.18860497306446053,0.16654856166049567,0.6448464652750437,H,0.1
2024-25,2025-01-16,Ipswich,Brighton and Hove Albion,A,1402.0622000959968,1494.1758497005978,-92.11364960460105,0.40552497426025447,0.2573946406571748,0.33708038508257077,A,0.1
2024-25,2025-01-16,Manchester United,Southampton,H,1501.1865293714818,1306.739126397416,194.44740297406588,0.16180759296092476,0.1381611939432523,0.700031213095823,H,0.1
2024-25,2025-01-18,Arsenal,Aston Villa,D,1701.328638720445,1535.7154951523898,165.6131435680552,0.18047244620391503,0.15815866143738527,0.6613688923586997,H,0.1
2024-25,2025-01-18,Brentford,Liverpool,A,1485.6568033060857,1708.2973422881387,-222.64053898205293,0.5740884460585429,0.20081053596825704,0.22510101797320006,A,0.1
2024-25,2025-01-18,Leicester City,Fulham,A,1384.5942553801458,1493.590947573873,-108.99669219372731,0.4252699308545857,0.253975430228945,0.3207546389164693,A,0.1
2024-25,2025-01-18,Newcastle United,Bournemouth,A,1594.0629886085587,1514.0800376669026,79.9829509416561,0.2424833757625215,0.21471723934392803,0.5427993848935504,H,0.1
2024-25,2025-01-18,West Ham,Crystal Palace,A,1457.155715910183,1500.6670474653083,-43.51133155512525,0.352781987201171,0.259310604959716,0.387907407839113,H,0.1
2024-25,2025-01-19,Manchester United,Brighton and Hove Albion,A,1504.9767516463112,1503.7485923550194,1.2281592912918313,0.30932019175314884,0.2506534735090922,0.440026334737759,H,0.1
2024-25,2025-01-19,Nottingham Forest,Southampton,H,1518.9730916618448,1302.9489041225866,216.02418753925826,0.14858939509992186,0.12354988348176014,0.727860721418318,H,0.1
2024-25,2025-01-19,Everton,Tottenham,H,1438.4620463606752,1541.9025347524298,-103.44048839175457,0.4186912071586011,0.2552524751964045,0.32605631764499443,A,0.1
2024-25,2025-01-19,Ipswich,Manchester City,A,1392.4894574415753,1684.8649817158785,-292.3755242743032,0.6705590872457139,0.15344675893211177,0.1759941538221743,A,0.1
2024-25,2025-01-20,Chelsea,Wolverhampton Wanderers,H,1580.1177034565994,1408.7294157138524,171.38828774274702,0.17664411429988758,0.15413437670755567,0.6692215089925567,H,0.1
2024-25,2025-01-25,Liverpool,Ipswich,H,1713.9173363681211,1385.347686008574,328.56965035954704,0.08684579340203356,0.1,0.8131542065979664,H,0.1
2024-25,2025-01-25,Bournemouth,Nottingham Forest,H,1532.5722902630162,1521.1132084375456,11.459081825470548,0.29999633084883826,0.24735249878595097,0.45265117036521074,H,0.1
2024-25,2025-01-25,Brighton and Hove Albion,Everton,A,1516.6437910873337,1445.905695825012,70.73809526232185,0.2497912451551616,0.22002984106341578,0.5301789137814226,H,0.1
2024-25,2025-01-25,Southampton,Newcastle United,A,1300.8087873468858,1575.5707360124452,-274.76194866555943,0.6464996859814077,0.165714212231577,0.18778610178701524,A,0.1
2024-25,2025-01-25,Wolverhampton Wanderers,Arsenal,A,1404.4725274110808,1695.6162030852945,-291.1436756742137,0.6688898670473551,0.15430477260355777,0.17680536034908712,A,0.1
2024-25,2025-01-25,Manchester City,Chelsea,H,1692.0067531488796,1584.374591759371,107.63216138950861,0.2213688204213294,0.19760345700314808,0.5810277225755225,H,0.1
2024-25,2025-01-26,Tottenham,Leicester City,A,1534.4588852880931,1375.593195860329,158.8656894277642,0.18500177038500146,0.1628593274991809,0.6521389021158177,H,0.1
2024-25,2025-01-26,Fulham,Manchester United,A,1502.59200709369,1492.0815529139968,10.51045417969317,0.3008519291114575,0.2476780302026588,0.45147004068588376,H,0.1
2024-25,2025-01-26,Aston Villa,West Ham,D,1541.4279307875404,1445.8717748660317,95.55615592150866,0.2304574289148569,0.20528018347329005,0.5642623876118531,H,0.1
2024-25,2025-01-26,Crystal Palace,Brentford,A,1511.9509885094596,1480.0368092261033,31.91417928335636,0.2819708437798191,0.23941046800968888,0.47861868821049197,H,0.1
2024-25,2025-02-01,Bournemouth,Liverpool,A,1546.7817575209226,1716.2451032765243,-169.46334575560172,0.5015970773485207,0.23128893369380782,0.2671139889576715,A,0.1
2024-25,2025-02-01,Everton,Leicester City,H,1455.0353758201434,1385.6652160909139,69.3701597292295,0.25088357812622303,0.22079571296976316,0.5283207089040137,H,0.1
2024-25,2025-02-01,Ipswich,Southampton,A,1383.019919100171,1296.412234472251,86.60768462791998,0.23732475868124622,0.21077287070986678,0.5519023706088869,H,0.1
2024-25,2025-02-01,Newcastle United,Fulham,A,1579.96728888708,1494.3123804033296,85.65490848375043,0.23806272911135806,0.21134681467500646,0.5505904562136354,H,0.1
2024-25,2025-02-01,Nottingham Forest,Brighton and Hove Albion,H,1506.9037411796392,1507.5141110922023,-0.610369912563101,0.31101858412460637,0.25119688148821795,0.4377845343871757,H,0.1
2024-25,2025-02-01,Wolverhampton Wanderers,Aston Villa,H,1401.912993372169,1537.2276459606705,-135.31465258850153,0.4574734369445917,0.24598931662973522,0.29653724642567303,A,0.1
2024-25,2025-02-02,Brentford,Tottenham,A,1488.6356509378113,1524.3868650575082,-35.7512141196969,0.3449106938951162,0.25851130038010334,0.3965780057247804,H,0.1
2024-25,2025-02-02,Manchester United,Crystal Palace,A,1500.3611796043572,1503.3521467977516,-2.9909671933944537,0.31322829575577454,0.2518775504584997,0.43489415378572577,H,0.1
2024-25,2025-02-02,Arsenal,Manchester City,H,1698.1757371242063,1697.785823055623,0.38991406858326627,0.3100936660190636,0.2509031393800356,0.4390031946009008,H,0.1
2024-25,2025-02-03,Chelsea,West Ham,H,1578.5955218526276,1450.0720596929016,128.52346215972602,0.2061165903183709,0.18375449814484648,0.6101289115367826,H,0.1
2024-25,2025-02-12,Everton,Liverpool,D,1465.082516093914,1723.334032396744,-258.25151630283017,0.6236608741698264,0.1771251934249442,0.1992139324052293,A,0.1
2024-25,2025-02-14,Brighton and Hove Albion,Chelsea,H,1490.2448031963838,1581.902944286485,-91.65814109010125,0.4050024202068906,0.2574676681273476,0.3375299116657619,A,0.1
2024-25,2025-02-15,Aston Villa,Ipswich,D,1524.6690783662045,1373.6928169568084,150.9762614093961,0.19037446702565824,0.16834308402737524,0.6412824489469666,H,0.1
2024-25,2025-02-15,Crystal Palace,Everton,A,1516.1075824144223,1470.2406147302206,45.866967684201654,0.2701152769038159,0.23304470780570732,0.4968400152904768,H,0.1
2024-25,2025-02-15,Fulham,Nottingham Forest,H,1503.6279645766485,1524.1730490754576,-20.545084498809047,0.3299018975914826,0.25607735754570865,0.4140207448628087,H,0.1
2024-25,2025-02-15,Leicester City,Arsenal,A,1375.6180758171433,1711.4981281591645,-335.88005234202114,0.7276785818521017,0.12364589975850084,0.1486755183893975,A,0.1
2024-25,2025-02-15,Manchester City,Newcastle United,H,1684.4634320206649,1570.651704713761,113.81172730690378,0.2167957773044067,0.19357345548380245,0.5896307672117909,H,0.1
2024-25,2025-02-15,Southampton,Bournemouth,A,1305.7393366156134,1539.6928284007029,-233.95349178508945,0.5898282401265953,0.1934802814554004,0.2166914784180043,A,0.1
2024-25,2025-02-15,West Ham,Brentford,A,1446.764637259044,1477.0719262965713,-30.307289037527198,0.3394751098002879,0.2577710269826018,0.4027538632171103,H,0.1
2024-25,2025-02-16,Liverpool,Wolverhampton Wanderers,H,1718.1759337604374,1414.471560966635,303.70437279380235,0.09874392847935341,0.1,0.8012560715206466,H,0.1
2024-25,2025-02-16,Tottenham,Manchester United,H,1535.9505896987482,1487.6057439876865,48.34484571106168,0.2680450764522934,0.23183984517898723,0.5001150783687193,H,0.1
2024-25,2025-02-19,Aston Villa,Liverpool,D,1519.2472755378835,1719.5124153533084,-200.26513981542485,0.5431861985110682,0.21455147855074466,0.24226232293818717,A,0.1
2024-25,2025-02-21,Leicester City,Brentford,A,1372.3841633540922,1484.4921200499643,-112.10795669587219,0.4289879605548116,0.2531964383648008,0.31781560108038753,A,0.1
2024-25,2025-02-22,Aston Villa,Chelsea,H,1523.0785116705538,1567.3851529234892,-44.30664125293538,0.3535969735037729,0.2593754272354703,0.38702759926075686,H,0.1
2024-25,2025-02-22,Arsenal,West Ham,A,1714.7320406222157,1439.344443505651,275.3875971165646,0.11401116515524289,0.1,0.7859888348447571,H,0.1
2024-25,2025-02-22,Southampton,Brighton and Hove Albion,A,1300.4033872918199,1504.7625945593797,-204.3592072675599,0.5488077635065829,0.2121238072168183,0.23906842927659877,A,0.1
2024-25,2025-02-22,Bournemouth,Wolverhampton Wanderers,A,1545.0287777244964,1413.135079373764,131.8936983507324,0.2037109510258344,0.18146814920804838,0.6148208997661173,H,0.1
2024-25,2025-02-22,Ipswich,Tottenham,A,1379.1146197851294,1540.6839686226713,-161.56934883754184,0.49118692655493174,0.23508242450933906,0.2737306489357293,A,0.1
2024-25,2025-02-22,Fulham,Crystal Palace,A,1509.7187819601527,1507.3104601507027,2.4083218094499443,0.30823370355062135,0.25029656833449304,0.44146972811488555,H,0.1
2024-25,2025-02-22,Everton,Manchester United,D,1479.0377369939401,1482.8723650637635,-3.8346280698233386,0.31401427942739063,0.25211251813559676,0.4338732024370126,H,0.1
2024-25,2025-02-23,Manchester City,Liverpool,A,1692.6912540702995,1715.6811792206381,-22.98992515033865,0.3322787341288972,0.25654528756823763,0.4111759783028651,H,0.1
2024-25,2025-02-23,Newcastle United,Nottingham Forest,H,1562.4238826641265,1518.0822316919534,44.341650972173056,0.2713948224028101,0.2337755606540056,0.4948296169431843,H,0.1
2024-25,2025-02-25,Wolverhampton Wanderers,Fulham,A,1422.9589453184842,1496.7943721590307,-73.83542684054646,0.384978642226748,0.25951442909094824,0.3555069286823037,A,0.1
2024-25,2025-02-25,Crystal Palace,Aston Villa,H,1520.2348699518247,1529.5664447988547,-9.33157484702997,0.31917282099485655,0.25356252672687885,0.4272646522782646,H,0.1
2024-25,2025-02-25,Brighton and Hove Albion,Bournemouth,H,1513.6995954962854,1535.2049117797762,-21.505316283490856,0.33083378988799883,0.25626460672436574,0.4129016033876355,H,0.1
2024-25,2025-02-25,Chelsea,Southampton,H,1560.8972197951882,1291.4663863549142,269.430833440274,0.11746928124675277,0.1,0.7825307187532472,H,0.1
2024-25,2025-02-26,Brentford,Everton,D,1497.5264174952933,1477.4351038985067,20.091313596786676,0.29229211584607073,0.2442125303251683,0.46349535382876095,H,0.1
2024-25,2025-02-26,Liverpool,Newcastle United,H,1727.7075018492299,1567.2370917325688,160.47041011666101,0.18391908013004607,0.1617419115977363,0.6543390082722176,H,0.1
2024-25,2025-02-26,Manchester United,Ipswich,H,1484.474998159197,1369.8715503190708,114.60344784012614,0.21621364232565587,0.1930527046283333,0.5907336530460109,H,0.1
2024-25,2025-02-26,Nottingham Forest,Arsenal,D,1513.269022623511,1703.972126767293,-190.70310414378196,0.5301313505083373,0.22004949877146018,0.24981915072020244,A,0.1
2024-25,2025-02-26,Tottenham,Manchester City,A,1549.92703808873,1680.6649314417077,-130.73789335297784,0.4517530299287596,0.24760033967886136,0.30064663039237904,A,0.1
2024-25,2025-02-27,West Ham,Leicester City,H,1450.1043573605737,1359.3498659087631,90.75449145181051,0.23412813199337798,0.20824995921206166,0.5576219087945603,H,0.1
2024-25,2025-03-08,Liverpool,Southampton,H,1732.2006175475983,1287.723455195822,444.4771623517763,0.046760387749914256,0.1,0.8532396122500857,H,0.1
2024-25,2025-03-08,Nottingham Forest,Manchester City,H,1516.8629968481139,1685.8936161005686,-169.0306192524547,0.5010234533829533,0.2315025863765872,0.26747396024045966,A,0.1
2024-25,2025-03-08,Wolverhampton Wanderers,Everton,D,1416.5194685905124,1479.7003338057496,-63.18086521523719,0.3734003157421735,0.2599743112797421,0.3666253729780844,A,0.1
2024-25,2025-03-08,Brighton and Hove Albion,Fulham,H,1519.8065149401857,1503.2338488870025,16.572666053183184,0.2954149253368553,0.24553073361520056,0.45905434104794407,H,0.1
2024-25,2025-03-08,Crystal Palace,Ipswich,H,1532.0402426352643,1366.3410239100515,165.69921872521286,0.1804150594218042,0.15809867325500662,0.6614862673231892,H,0.1
2024-25,2025-03-08,Brentford,Aston Villa,A,1495.2611875880505,1517.7610721154151,-22.499884527364657,0.33180122734306766,0.25645382689064694,0.41174494576628545,H,0.1
2024-25,2025-03-09,Chelsea,Leicester City,H,1564.6401509542804,1353.109873117315,211.53027783696552,0.15128846385212072,0.12655473158270933,0.72215680456517,H,0.1
2024-25,2025-03-09,Manchester United,Arsenal,D,1488.0055245682163,1700.3781525426903,-212.37262797447397,0.5598577233305353,0.20725481690414077,0.23288745976532388,A,0.1
2024-25,2025-03-09,Tottenham,Bournemouth,D,1544.698353429869,1529.097992335876,15.600361093993115,0.2962820837231984,0.24588575938786472,0.45783215688893686,H,0.1
2024-25,2025-03-10,West Ham,Newcastle United,A,1456.344350152022,1562.7439760342004,-106.3996258821785,0.4221851405509594,0.25459065226149136,0.32322420718754924,A,0.1
2024-25,2025-03-15,Southampton,Wolverhampton Wanderers,A,1286.773741059173,1416.6110186929934,-129.83727763382035,0.45063316413663906,0.2479066544391706,0.3014601814241904,A,0.1
2024-25,2025-03-15,Bournemouth,Brentford,A,1531.2402416724565,1487.6621826879295,43.57805898452693,0.2720368730052829,0.23413829851928897,0.4938248284754281,H,0.1
2024-25,2025-03-15,Ipswich,Nottingham Forest,A,1363.578346332602,1525.2561106060623,-161.6777642734603,0.491329103390444,0.2350318433261431,0.2736390532834129,A,0.1
2024-25,2025-03-15,Everton,West Ham,D,1479.6087837032685,1450.6104170357194,28.998366667549135,0.28449223192264034,0.24064695791601956,0.47486081016134013,H,0.1
2024-25,2025-03-15,Manchester City,Brighton and Hove Albion,D,1677.5005023426202,1525.1940119778392,152.30649036478098,0.189462790855352,0.16741996262681072,0.6431172465178373,H,0.1
2024-25,2025-03-16,Leicester City,Manchester United,A,1350.9193111904854,1492.1300562656315,-141.21074507514618,0.4649141117683842,0.24378227865710086,0.2913036095745149,A,0.1
2024-25,2025-03-16,Arsenal,Chelsea,H,1696.253620845275,1566.83071288111,129.422907964165,0.20547309485595197,0.18314549080551093,0.6113814143385371,H,0.1
2024-25,2025-03-16,Fulham,Tottenham,H,1497.846351849349,1542.5561040932885,-44.70975224393942,0.3540106505912242,0.2594070654500083,0.38658228395876754,H,0.1
2024-25,2025-04-01,Arsenal,Fulham,H,1699.5469872199283,1508.1401038143636,191.4068834055647,0.16372235992169462,0.14025205424671852,0.6960255858315869,H,0.1
2024-25,2025-04-01,Nottingham Forest,Manchester United,H,1532.5777984743188,1502.166194629375,30.411603844943784,0.2832682260058525,0.2400518379942505,0.47667993599989705,H,0.1
2024-25,2025-04-01,Wolverhampton Wanderers,West Ham,H,1421.8580149919587,1453.1174008454668,-31.259385853508093,0.3404206747877655,0.2579111126940823,0.4016682125181522,H,0.1
2024-25,2025-04-02,Brighton and Hove Albion,Aston Villa,A,1530.6427908975666,1525.360077015536,5.282713882030521,0.3055995282990123,0.24940103189415522,0.4449994398068325,H,0.1
2024-25,2025-04-02,Liverpool,Everton,H,1733.1503316842472,1477.101799893521,256.0485317907262,0.1255637664946374,0.1,0.7744362335053626,H,0.1
2024-25,2025-04-02,Bournemouth,Ipswich,A,1522.4750882420374,1356.2566584643455,166.21842977769188,0.18006910857649044,0.15773681871942669,0.6621940727040829,H,0.1
2024-25,2025-04-02,Newcastle United,Brentford,H,1568.477909150503,1496.4273361183486,72.05057303215426,0.24874589048098686,0.2192899819505017,0.5319641275685115,H,0.1
2024-25,2025-04-02,Southampton,Crystal Palace,D,1281.5267447602077,1534.8029202127138,-253.2761754525061,0.6167445244816673,0.18052694899492813,0.20272852652340445,A,0.1
2024-25,2025-04-02,Manchester City,Leicester City,H,1672.0517234228928,1340.8831728267419,331.1685505961509,0.08567897665013541,0.1,0.8143210233498646,H,0.1
2024-25,2025-04-03,Chelsea,Tottenham,H,1563.5373465064567,1532.262352128274,31.274994378182782,0.28252223893215395,0.23968438427316083,0.4777933767946852,H,0.1
2024-25,2025-04-05,West Ham,Bournemouth,D,1446.8471043489446,1512.341557773602,-65.49445342465742,0.3758897325012432,0.2599233594933046,0.3641869080054523,A,0.1
2024-25,2025-04-05,Ipswich,Wolverhampton Wanderers,A,1366.3901889327808,1428.128311488481,-61.7381225557001,0.3718548450087749,0.25999232942755746,0.36815282556366763,A,0.1
2024-25,2025-04-05,Aston Villa,Nottingham Forest,H,1541.758246137076,1537.6747090665835,4.083537070492412,0.306696417376345,0.24977915352039973,0.4435244291032553,H,0.1
2024-25,2025-04-05,Crystal Palace,Brighton and Hove Albion,H,1529.7506979651307,1514.2446217760266,15.506076189104078,0.2963662707335659,0.24591997219949005,0.45771375706694406,H,0.1
2024-25,2025-04-05,Everton,Arsenal,D,1475.3693406822736,1701.9756180942863,-226.6062774120128,0.5796006911302163,0.19826624792347405,0.22213306094630972,A,0.1
2024-25,2025-04-06,Brentford,Chelsea,D,1492.1504635955764,1568.6164114749974,-76.46594787942104,0.38788225058375186,0.259312501042543,0.35280524837370514,A,0.1
2024-25,2025-04-06,Fulham,Liverpool,H,1505.7114729400055,1734.8827908954947,-229.17131795548926,0.5831694464265332,0.1966056303040758,0.22022492326939105,A,0.1
2024-25,2025-04-06,Manchester United,Manchester City,D,1497.0692840371103,1673.8697818013582,-176.8004977642479,0.5113728795654472,0.22756945659018057,0.2610576638443722,A,0.1
2024-25,2025-04-06,Tottenham,Southampton,H,1527.1832871597333,1286.5789670077909,240.60432015194237,0.13433977241163425,0.10757958252006353,0.7580806450683023,H,0.1
2024-25,2025-04-07,Leicester City,Newcastle United,A,1339.0651144482765,1572.7547816732751,-233.68966722499863,0.5894607449123236,0.19365365393931105,0.21688560114836541,A,0.1
2024-25,2025-04-12,Manchester City,Crystal Palace,H,1670.6291640156337,1535.1609379402114,135.4682260754223,0.20117600546554146,0.17903088207397522,0.6197931124604833,H,0.1
2024-25,2025-04-12,Southampton,Aston Villa,A,1283.5974666641794,1547.4150309976312,-263.81756433345186,0.6313828779397657,0.17329614435631693,0.19532097770391746,A,0.1
2024-25,2025-04-12,Nottingham Forest,Everton,A,1532.0179242060283,1479.8280232468787,52.189900959149554,0.2648530377325015,0.22992792045853003,0.5052190418089685,H,0.1
2024-25,2025-04-12,Brighton and Hove Albion,Leicester City,D,1508.834381800946,1332.3236843884451,176.5106974125008,0.173285959685191,0.15056860660217602,0.6761454337126329,H,0.1
2024-25,2025-04-12,Arsenal,Brentford,D,1697.5169355296812,1492.6240371641788,204.89289836550233,0.15532709755496282,0.13103242845214583,0.7136404739928914,H,0.1
2024-25,2025-04-13,Chelsea,Ipswich,D,1568.142837906395,1359.6816532243176,208.46118468207737,0.15314820202851018,0.12861961024018623,0.7182321877313036,H,0.1
2024-25,2025-04-13,Liverpool,West Ham,H,1725.7692746655428,1447.0052342486774,278.7640404168653,0.11208991917425772,0.1,0.7879100808257423,H,0.1
2024-25,2025-04-13,Newcastle United,Manchester United,H,1579.4962117331065,1500.3099018228347,79.1863099102718,0.24310806171339375,0.21518408027129107,0.5417078580153152,H,0.1
2024-25,2025-04-13,Wolverhampton Wanderers,Tottenham,H,1434.836847196944,1530.1647875033448,-95.3279403064007,0.40922762875882934,0.25685032242164424,0.3339220488195264,A,0.1
2024-25,2025-04-14,Bournemouth,Fulham,H,1512.1834278738693,1514.8249891699575,-2.6415612960881845,0.3129032202226442,0.251779276710904,0.43531750306645184,H,0.1
2024-25,2025-04-16,Newcastle United,Crystal Palace,H,1587.7863135090372,1528.7608855376945,59.02542797134265,0.25923850029157575,0.22640637609777214,0.514355123610652,H,0.1
2024-25,2025-04-19,West Ham,Southampton,D,1445.472852407552,1277.74823917084,167.724613236712,0.17906757690621303,0.1566871233508236,0.6642452997429634,H,0.1
2024-25,2025-04-19,Aston Villa,Newcastle United,H,1553.2642584909706,1599.4812504436513,-46.2169919526807,0.35556093854924425,0.25951809811624016,0.3849209633345156,H,0.1
2024-25,2025-04-19,Everton,Manchester City,A,1488.7122874275822,1677.0292164181506,-188.31692899056839,0.5268917344766235,0.2213816926078478,0.25172657291552875,A,0.1
2024-25,2025-04-19,Crystal Palace,Bournemouth,D,1517.0659486030804,1517.9739084353664,-0.9079598322859965,0.3112941579775098,0.25128338992065113,0.43742245210183905,H,0.1
2024-25,2025-04-19,Brentford,Brighton and Hove Albion,H,1499.0490568624793,1502.9144278419105,-3.865370979431191,0.3140429492084672,0.25212101828389705,0.4338360325076357,H,0.1
2024-25,2025-04-20,Ipswich,Arsenal,A,1366.166582106623,1691.0919158313807,-324.9253337247576,0.713682348503137,0.131010440336942,0.155307211159921,A,0.1
2024-25,2025-04-20,Leicester City,Liverpool,A,1338.2436383474806,1727.3016565066682,-389.05801815918767,0.7823113489036647,0.1,0.11768865109633526,A,0.1
2024-25,2025-04-20,Manchester United,Wolverhampton Wanderers,A,1492.019800046904,1446.4337238855262,45.58607616137783,0.27035061092424556,0.2331799206102092,0.49646946846554524,H,0.1
2024-25,2025-04-20,Fulham,Chelsea,A,1509.0345086084603,1561.6579090240896,-52.62340041562925,0.362213098993501,0.2598618755930424,0.3779250254134566,H,0.1
2024-25,2025-04-21,Tottenham,Nottingham Forest,A,1518.5679108147626,1523.1336600253248,-4.565749210562217,0.3146966443085818,0.252313482733023,0.4329898729583952,H,0.1
2024-25,2025-04-22,Manchester City,Aston Villa,H,1683.5727091494725,1566.303610824892,117.26909832458045,0.2142598910397929,0.19129244388720182,0.5944476650730053,H,0.1
2024-25,2025-04-23,Arsenal,Crystal Palace,D,1696.104427846084,1515.3813553614405,180.72307248464358,0.17055094184145128,0.14764151254750385,0.6818075456110448,H,0.1
2024-25,2025-04-26,Wolverhampton Wanderers,Leicester City,H,1455.2269349963785,1336.7032563633152,118.52367863306335,0.2133436881169199,0.19046039808726142,0.5961959137958186,H,0.1
2024-25,2025-04-26,Southampton,Fulham,A,1283.5014742544136,1502.1212560670465,-218.61978181263294,0.5685078877991617,0.20335967500502275,0.22813243719581555,A,0.1
2024-25,2025-04-26,Chelsea,Everton,H,1568.5711615655034,1482.1687946962602,86.40236686924322,0.2374836757203878,0.21089673649735194,0.5516195877822602,H,0.1
2024-25,2025-04-26,Brighton and Hove Albion,West Ham,H,1493.704212440258,1439.7196173239784,53.984595116279706,0.2633715337255269,0.2290182892611726,0.5076101770133005,H,0.1
2024-25,2025-04-26,Newcastle United,Ipswich,H,1586.44189810973,1361.1540700919197,225.28782801781017,0.14311649489037687,0.11743274229300585,0.7394507628166174,H,0.1
2024-25,2025-04-27,Bournemouth,Manchester United,D,1519.6585016770064,1483.2265889360517,36.43191274095466,0.278094601277983,0.2374293184993003,0.4844760802227167,H,0.1
2024-25,2025-04-27,Liverpool,Tottenham,H,1728.8420384908336,1510.5564212491274,218.28561724170618,0.1472420265804194,0.12204666352289872,0.7307113098966819,H,0.1
2024-25,2025-05-01,Nottingham Forest,Brentford,A,1531.14514959096,1508.2592722641318,22.885877326828222,0.2898288530203577,0.24312874473312793,0.46704240224651433,H,0.1
2024-25,2025-05-02,Manchester City,Wolverhampton Wanderers,H,1687.0597019132626,1462.1602079360348,224.89949397722785,0.14334344643728814,0.11768694600851101,0.7389696075542008,H,0.1
2024-25,2025-05-03,Leicester City,Southampton,H,1329.769983423659,1279.8904093784893,49.87957404516965,0.2667680376543198,0.2310828154068335,0.5021491469388467,H,0.1
2024-25,2025-05-03,Everton,Ipswich,D,1478.154350740843,1357.0756991319079,121.07865160893516,0.21148438485918253,0.1887591538652911,0.5997564612755264,H,0.1
2024-25,2025-05-03,Arsenal,Bournemouth,A,1690.106287259749,1516.952110204696,173.15417705505297,0.17548244144690045,0.1529045326760328,0.6716130258770667,H,0.1
2024-25,2025-05-03,Aston Villa,Fulham,H,1562.816618061102,1505.7323209429708,57.08429711813119,0.26082517698471075,0.2274219923700834,0.5117528306452058,H,0.1
2024-25,2025-05-04,Brighton and Hove Albion,Newcastle United,D,1498.3264466873313,1590.5202690697417,-92.19382238241042,0.40561700312443283,0.2573816814933901,0.33700131538217715,A,0.1
2024-25,2025-05-04,Brentford,Manchester United,H,1521.6780902495775,1485.932980408362,35.74510984121548,0.27868152745665914,0.23773554860931304,0.48358292393402785,H,0.1
2024-25,2025-05-04,West Ham,Tottenham,D,1435.097383076905,1505.645311225777,-70.54792814887196,0.3813749742035888,0.25971766039340494,0.35890736540300633,A,0.1
2024-25,2025-05-04,Chelsea,Liverpool,H,1572.5856055209206,1733.753148514184,-161.1675429932634,0.49066019352233303,0.23526951081251646,0.2740702956651505,A,0.1
2024-25,2025-05-05,Crystal Palace,Nottingham Forest,D,1521.3794959477755,1517.7263316055144,3.653164342261107,0.3070908016943028,0.24991328578465236,0.44299591252104487,H,0.1
2024-25,2025-05-10,Southampton,Manchester City,D,1272.4363631267313,1689.1030367154433,-416.666673588712,0.7976379187127085,0.1,0.1023620812872915,A,0.1
2024-25,2025-05-10,Ipswich,Brentford,A,1361.8618496107247,1526.6653083778863,-164.8034587671616,0.49543782960862265,0.233555164848732,0.2710070055426454,A,0.1
2024-25,2025-05-10,Wolverhampton Wanderers,Brighton and Hove Albion,A,1460.1168731338541,1499.25041645797,-39.13354332411586,0.34832354197736204,0.25889681635311595,0.39277964166952195,H,0.1
2024-25,2025-05-10,Bournemouth,Aston Villa,A,1527.1412832085807,1567.3784315778116,-40.23714836923091,0.349443084018858,0.2590102064030963,0.39154670957804566,H,0.1
2024-25,2025-05-10,Fulham,Everton,A,1501.170507426261,1473.3682002620262,27.80230716423489,0.2855310073900705,0.24114442646029177,0.47332456614963775,H,0.1
2024-25,2025-05-11,Liverpool,Arsenal,D,1720.6177653864816,1679.9171142558644,40.70065113061719,0.2744653119931719,0.23548615636443213,0.4900485316423959,H,0.1
2024-25,2025-05-11,Manchester United,West Ham,A,1480.9457622800533,1435.4008836144503,45.54487866560294,0.27038513793377134,0.23319972823351562,0.496415133832713,H,0.1
2024-25,2025-05-11,Newcastle United,Chelsea,H,1589.596299299103,1585.720988648623,3.87531065048006,0.3068871838956633,0.24984415434837426,0.44326866175596247,H,0.1
2024-25,2025-05-11,Nottingham Forest,Leicester City,D,1519.5381902646684,1337.224029675417,182.31416058925151,0.16952413374207076,0.14653754932757423,0.683938316930355,H,0.1
2024-25,2025-05-11,Tottenham,Crystal Palace,A,1505.3418106882318,1519.5676372886214,-14.22582660038961,0.32382118421605427,0.2547340249946675,0.42144479078927827,H,0.1
2024-25,2025-05-16,Aston Villa,Tottenham,H,1574.57218413865,1492.9964264028156,81.57575773583449,0.24123719197812718,0.21377892499766477,0.5449838830242081,H,0.1
2024-25,2025-05-16,Chelsea,Manchester United,H,1576.74799493528,1467.0097620503298,109.73823288495032,0.21980441144885934,0.1962370854708751,0.5839585030802656,H,0.1
2024-25,2025-05-18,Everton,Southampton,H,1486.9020202895922,1280.1616502092359,206.74037008035634,0.15419674738010417,0.12978162905848986,0.716021623561406,H,0.1
2024-25,2025-05-18,Leicester City,Ipswich,H,1343.2514088856328,1357.3016620961776,-14.050253210544724,0.32365351655132474,0.2546939665435269,0.42165251690514843,H,0.1
2024-25,2025-05-18,West Ham,Nottingham Forest,A,1449.3368838441738,1513.5108110544525,-64.17392721027863,0.374467172754168,0.2599557690578768,0.36557705818795505,A,0.1
2024-25,2025-05-18,Arsenal,Newcastle United,H,1682.7369875837826,1598.569293012446,84.1676945713366,0.23921728560989686,0.21223830327117396,0.5485444111189292,H,0.1
2024-25,2025-05-18,Brentford,Fulham,A,1531.2254958924334,1487.6366873986951,43.58880849373827,0.2720278275572667,0.2341332066562392,0.49383896578649417,H,0.1
2024-25,2025-05-19,Brighton and Hove Albion,Liverpool,H,1510.6920339271142,1717.7978920585633,-207.10585813144917,0.5525886659311504,0.2104719104841788,0.23693942358467082,A,0.1
2024-25,2025-05-20,Crystal Palace,Wolverhampton Wanderers,H,1531.9130215740377,1448.67525566471,83.23776590932766,0.23994084974626662,0.2127929741179709,0.5472661761357624,H,0.1
2024-25,2025-05-20,Manchester City,Bournemouth,H,1681.3777496329387,1519.9475306477423,161.43021898519646,0.18327314451989346,0.16107336315540224,0.6556534923247043,H,0.1
2024-25,2025-05-25,Southampton,Arsenal,A,1276.6027578577155,1686.7915860376165,-410.18882817990107,0.7942059880828984,0.1,0.1057940119171015,A,0.1
2024-25,2025-05-25,Wolverhampton Wanderers,Brentford,D,1442.222262266645,1522.4601918049298,-80.23792953828479,0.3920770729227698,0.2589621435075616,0.34896078356966864,A,0.1
2024-25,2025-05-25,Tottenham,Brighton and Hove Albion,A,1486.4957010381108,1519.5598634359203,-33.06416239780947,0.3422189551046666,0.25816432113968035,0.39961672375565305,H,0.1
2024-25,2025-05-25,Nottingham Forest,Chelsea,A,1520.1649154292897,1580.3589643892888,-60.19404895999901,0.3702066993966054,0.259999904391622,0.3697933962117726,A,0.1
2024-25,2025-05-25,Liverpool,Crystal Palace,D,1708.9300625497572,1538.3660149721027,170.5640475776545,0.1771877666327177,0.15470857008031652,0.6681036632869657,H,0.1
2024-25,2025-05-25,Ipswich,West Ham,A,1347.8206358653233,1442.6827794693365,-94.86214360401323,0.40868940642080404,0.2569323427800122,0.3343782507991838,A,0.1
2024-25,2025-05-25,Fulham,Manchester City,A,1496.4019914861988,1685.8496988169472,-189.44770733074847,0.5284259819841554,0.22075244059365992,0.25082157742218464,A,0.1
2024-25,2025-05-25,Bournemouth,Leicester City,H,1515.4755814637338,1352.732435116487,162.7431463472467,0.18239155397059517,0.16015865844237612,0.6574497875870288,H,0.1
2024-25,2025-05-25,Newcastle United,Everton,A,1594.514694558612,1490.4609126411126,104.05378191749946,0.22404085415398386,0.19990716475582265,0.5760519810901935,H,0.1
2024-25,2025-05-25,Manchester United,Aston Villa,H,1463.398792596321,1581.0729095033548,-117.67411690703375,0.43570024738254404,0.25169000612476045,0.3126097464926955,A,0.1
2025-26,2025-08-15,Liverpool,Bournemouth,H,1682.8101689592409,1517.9268317639164,164.88333719532443,0.18095940993002224,0.15866727678177106,0.6603733132882067,H,0.1
2025-26,2025-08-16,Aston Villa,Newcastle United,D,1562.0362888128573,1576.4859502325578,-14.449661419700533,0.324035039610339,0.2547848813643655,0.4211800790252955,H,0.1
2025-26,2025-08-16,Brighton and Hove Albion,Fulham,D,1530.8468465895846,1490.9013344156558,39.94551217392882,0.2751050049606022,0.23583485038521798,0.4890601446541798,H,0.1
2025-26,2025-08-16,Sunderland,West Ham,H,1422.3926297954217,1456.9453592599534,-34.552729464531694,0.34370798905422006,0.25836098352354925,0.39793102742223074,H,0.1
2025-26,2025-08-16,Tottenham,Burnley,H,1474.6031614370434,1389.3446532707824,85.25850816626098,0.23837014843862256,0.2115849578058085,0.550044893755569,H,0.1
2025-26,2025-08-16,Wolverhampton Wanderers,Manchester City,A,1448.5236889151718,1673.1251868571755,-224.6014979420038,0.5768132240896632,0.19955605508229066,0.2236307208280462,A,0.1
2025-26,2025-08-17,Chelsea,Crystal Palace,D,1578.3918605429212,1539.756300810433,38.63555973248822,0.2762170563487989,0.2364347148731194,0.4873482287780817,H,0.1
2025-26,2025-08-17,Manchester United,Arsenal,A,1477.9882430768512,1669.3485664030766,-191.3603233262254,0.531024976954812,0.21967969452660463,0.24929532851858333,A,0.1
2025-26,2025-08-17,Nottingham Forest,Brentford,H,1512.0796312937994,1519.6905197492454,-7.610888455446002,0.31755104781962307,0.25312380351906005,0.4293251486613169,H,0.1
2025-26,2025-08-18,Leeds United,Everton,H,1404.0525961514775,1499.9920962471942,-95.93950009571677,0.4099351292892869,0.25674102301066337,0.33332384770004975,A,0.1
2025-26,2025-08-22,West Ham,Chelsea,A,1444.294658487481,1575.626790200649,-131.3321317131681,0.4524929825957262,0.24739629023946147,0.30011072716481235,A,0.1
2025-26,2025-08-23,Burnley,Sunderland,H,1381.2747233376854,1435.0433305678941,-53.76860723020877,0.3634130201176121,0.2599014262443522,0.3766855536380357,H,0.1
2025-26,2025-08-23,Manchester City,Tottenham,A,1681.285128912989,1482.6730913701404,198.6120375428486,0.15920563478141567,0.1353081561031685,0.7054862091154158,H,0.1
2025-26,2025-08-23,Bournemouth,Wolverhampton Wanderers,H,1513.5303953297123,1440.3637468593583,73.16664847035395,0.2478590307029246,0.2186570069445671,0.5334839623525083,H,0.1
2025-26,2025-08-23,Arsenal,Leeds United,H,1673.4230666684073,1411.379030648251,262.0440360201562,0.12188098085700881,0.1,0.7781190191429912,H,0.1
2025-26,2025-08-23,Brentford,Aston Villa,H,1510.3807372817669,1560.7327049618907,-50.351967680123835,0.35984285135528554,0.2597637599572697,0.3803933886874447,H,0.1
2025-26,2025-08-24,Crystal Palace,Nottingham Forest,D,1542.5213711527051,1521.3894137612779,21.13195739142725,0.2913731042148436,0.2438127309783995,0.4648141648067569,H,0.1
2025-26,2025-08-24,Everton,Brighton and Hove Albion,H,1492.6656617504207,1528.0469918749143,-35.381330124493616,0.34453914071066766,0.25846567289683997,0.39699518639249237,H,0.1
2025-26,2025-08-24,Fulham,Manchester United,D,1493.7011891303262,1473.9137428115205,19.787446318805678,0.29256085755191175,0.24432842026014429,0.4631107221879439,H,0.1
2025-26,2025-08-25,Newcastle United,Liverpool,A,1577.7895340835244,1687.206605393445,-109.41707130992063,0.42577086462559616,0.2538728411824322,0.32035629419197154,A,0.1
2025-26,2025-08-30,Wolverhampton Wanderers,Everton,A,1436.1076658351021,1502.7130414677774,-66.6053756326753,0.3770899501873558,0.2598892417942563,0.3630208080183878,A,0.1
2025-26,2025-08-30,Tottenham,Bournemouth,A,1499.1154564232452,1517.7864763539685,-18.671019930723332,0.328089185226406,0.25569903731926974,0.4162117774543242,H,0.1
2025-26,2025-08-30,Sunderland,Brentford,H,1424.5116247530123,1516.9689896105535,-92.45736485754128,0.4059196359370306,0.25733885932336004,0.33674150473960934,A,0.1
2025-26,2025-08-30,Chelsea,Fulham,H,1587.7394053569064,1491.44425808768,96.29514726922639,0.2298953979112649,0.2048187114466263,0.5652858906421088,H,0.1
2025-26,2025-08-30,Leeds United,Newcastle United,D,1407.0426240200488,1572.119362796553,-165.07673877650427,0.49579793473935746,0.2334243830744911,0.27077768218615145,A,0.1
2025-26,2025-08-30,Manchester United,Burnley,H,1476.1706738541666,1391.8064291525673,84.36424470159932,0.23906451457236108,0.21212079436476278,0.5488146910628762,H,0.1
2025-26,2025-08-31,Aston Villa,Crystal Palace,A,1554.144452633104,1540.2277453843644,13.916707248739613,0.29778804286665983,0.24649097612963258,0.4557209810037076,H,0.1
2025-26,2025-08-31,Brighton and Hove Albion,Manchester City,H,1517.9996121575575,1664.8427638598841,-146.84315170232662,0.472094830056734,0.2415392280064661,0.2863659419367999,A,0.1
2025-26,2025-08-31,Liverpool,Arsenal,H,1692.8767766804162,1677.7594732966095,15.117303383806757,0.29671358988527335,0.24606064375631684,0.4572257663584098,H,0.1
2025-26,2025-08-31,Nottingham Forest,West Ham,A,1523.6830395296186,1432.1820433312237,91.50099619839489,0.23355530058684387,0.20779159220784524,0.5586531072053108,H,0.1
2025-26,2025-09-13,Crystal Palace,Sunderland,D,1556.8909075700628,1431.7831619522449,125.10774561781795,0.2085701521904257,0.18605897378130687,0.6053708740282674,H,0.1
2025-26,2025-09-13,Arsenal,Nottingham Forest,H,1672.3409314518776,1504.911890653872,167.42904079800564,0.17926387743279723,0.15689311074031,0.6638430118268928,H,0.1
2025-26,2025-09-13,Bournemouth,Brighton and Hove Albion,H,1525.473372460147,1526.0885256938882,-0.6151532337412391,0.31102301209655936,0.2511982751845614,0.43777871271887925,H,0.1
2025-26,2025-09-13,Brentford,Chelsea,D,1509.697452411321,1593.825427757152,-84.12797534583115,0.39644182416826534,0.25852605518816596,0.34503212064356864,A,0.1
2025-26,2025-09-13,Everton,Aston Villa,D,1509.312936449778,1537.4812904474056,-28.16835399762772,0.33735862806183287,0.2574399722562574,0.40520139968190966,H,0.1
2025-26,2025-09-13,Fulham,Leeds United,H,1485.3582356874344,1409.9780194015989,75.38021628583556,0.2461056619689912,0.21739134885469344,0.5365029891763153,H,0.1
2025-26,2025-09-13,Newcastle United,Wolverhampton Wanderers,H,1569.183967415003,1429.5077708531016,139.6761965619014,0.19821358461502617,0.17614728017614678,0.6256391352088271,H,0.1
2025-26,2025-09-13,West Ham,Tottenham,A,1450.9531922069702,1491.4285603170667,-40.4753681100965,0.3496851316468141,0.25903388024417207,0.39128098810901385,H,0.1
2025-26,2025-09-14,Burnley,Liverpool,A,1387.7553730111467,1698.295318525148,-310.5399455140014,0.6948800209873914,0.14084933440171965,0.16427064461088892,A,0.1
2025-26,2025-09-14,Manchester City,Manchester United,H,1656.7538503235535,1480.221729995587,176.53212032796637,0.17327198948070038,0.15055370640511895,0.6761743041141807,H,0.1
2025-26,2025-09-20,Manchester United,Chelsea,H,1474.986245461937,1593.1320830498375,-118.14583758790059,0.4362726456898637,0.2515557548341567,0.31217159947597956,A,0.1
2025-26,2025-09-20,West Ham,Crystal Palace,A,1436.5765205045122,1552.0158526329594,-115.43933212844718,0.432996007558251,0.2523120945537374,0.3146918978880116,A,0.1
2025-26,2025-09-20,Wolverhampton Wanderers,Leeds United,A,1426.3715530433851,1405.7629850271164,20.60856801626869,0.29183506025297484,0.24401437237672188,0.4641505673703033,H,0.1
2025-26,2025-09-20,Brighton and Hove Albion,Tottenham,D,1520.3320095725526,1505.8052320195247,14.526777553027841,0.2972417167822143,0.24627307972338155,0.4564852034944042,H,0.1
2025-26,2025-09-20,Burnley,Nottingham Forest,D,1385.4326274857274,1499.4336474290596,-114.00101994333227,0.431262135326188,0.2527002472392075,0.3160376174346045,A,0.1
2025-26,2025-09-20,Liverpool,Everton,H,1700.6180640505675,1508.399302950999,192.21876109956838,0.1632098342170785,0.13969314545488018,0.6970970203280413,H,0.1
2025-26,2025-09-20,Fulham,Brentford,H,1489.573270061917,1510.3907971186354,-20.817527056718518,0.3301660857743427,0.25613093976367657,0.4137029744619807,H,0.1
2025-26,2025-09-21,Arsenal,Manchester City,D,1677.81917467669,1661.9893348572036,15.829839819486324,0.2960772547730964,0.24580233084467137,0.4581204143822322,H,0.1
2025-26,2025-09-21,Bournemouth,Newcastle United,D,1531.2298885814826,1572.3201852247196,-41.090296643237025,0.35031057891976397,0.25909367330052013,0.3905957477797159,H,0.1
2025-26,2025-09-21,Sunderland,Aston Villa,D,1436.6582168893483,1538.3949239461845,-101.73670705683617,0.41668965910449474,0.2556144805387997,0.3276958603567056,A,0.1
2025-26,2025-09-27,Tottenham,Wolverhampton Wanderers,D,1507.9179797857018,1413.0065068378021,94.91147294789971,0.23094836463457163,0.2056818208349317,0.5633698145304967,H,0.1
2025-26,2025-09-27,Crystal Palace,Liverpool,H,1557.5596830537386,1703.0366982302994,-145.47701517656083,0.4703467456175636,0.2420951543239113,0.28755810005852506,A,0.1
2025-26,2025-09-27,Chelsea,Brighton and Hove Albion,A,1585.4631329282367,1518.2192618063755,67.24387112186128,0.2525872005601822,0.22197535671036148,0.5254374427294564,H,0.1
2025-26,2025-09-27,Leeds United,Bournemouth,D,1419.1280312326994,1530.6861603474504,-111.55812911475095,0.42832912871210244,0.2533374132447971,0.3183334580431005,A,0.1
2025-26,2025-09-27,Nottingham Forest,Sunderland,A,1497.8917692541252,1437.8537506070409,60.0380186470843,0.2584132143548977,0.22587178396577182,0.5157150016793305,H,0.1
2025-26,2025-09-27,Manchester City,Burnley,H,1664.1378851144673,1386.9745056606619,277.1633794538054,0.11299723339750169,0.1,0.7870027666024983,H,0.1
2025-26,2025-09-27,Brentford,Manchester United,H,1500.7298385785991,1482.6551955835378,18.074642995061367,0.2940789900460181,0.2449744207930459,0.460946589160936,H,0.1
2025-26,2025-09-28,Aston Villa,Fulham,H,1537.199390228492,1499.2342286019532,37.9651616265387,0.27678733966574987,0.23673922987687662,0.48647343045737346,H,0.1
2025-26,2025-09-28,Newcastle United,Arsenal,A,1572.8639134587518,1675.6706244194263,-102.80671096067454,0.4179457973818412,0.25538876635893804,0.3266654362592208,A,0.1
2025-26,2025-09-29,Everton,West Ham,D,1505.9806687712671,1431.032690083733,74.94797868753403,0.24644745640302806,0.21763955012005987,0.535912993476912,H,0.1
2025-26,2025-10-03,Bournemouth,Fulham,H,1529.2129959942315,1491.4014276967866,37.811568297444865,0.2769181074108458,0.23680875911412477,0.4862731334750294,H,0.1
2025-26,2025-10-04,Arsenal,West Ham,H,1681.4808668333376,1434.73259000989,246.74827682344767,0.1309157474161329,0.1037298555994283,0.7653543969844389,H,0.1
2025-26,2025-10-04,Chelsea,Liverpool,H,1571.0643243943337,1694.9671278105277,-123.90280341619405,0.44330242546223986,0.24983558324582006,0.30686199129194,A,0.1
2025-26,2025-10-04,Leeds United,Tottenham,A,1420.6011955859183,1503.7329887000724,-83.1317931141541,0.39532033848281384,0.2586449422469145,0.3460347192702717,A,0.1
2025-26,2025-10-04,Manchester United,Sunderland,H,1474.1668450640757,1446.8437416728466,27.323103391229097,0.2859479360992213,0.24134213464104778,0.4727099292597309,H,0.1
2025-26,2025-10-05,Wolverhampton Wanderers,Brighton and Hove Albion,D,1417.1914979234316,1532.6180703402786,-115.42657241684697,0.4329806031335382,0.2523155801732263,0.3147038166932355,A,0.1
2025-26,2025-10-05,Everton,Crystal Palace,H,1502.2807688451103,1565.6292534735103,-63.3484846284,0.37358021440987005,0.259971532702889,0.366448252887241,A,0.1
2025-26,2025-10-05,Newcastle United,Nottingham Forest,H,1567.0536710448405,1488.9017781883194,78.15189285652104,0.24392060634858798,0.21578778426806372,0.5402916093833483,H,0.1
2025-26,2025-10-05,Aston Villa,Burnley,H,1545.0321911336584,1383.385306530141,161.6468846035175,0.1831275019004601,0.16092242830802117,0.6559500697915187,H,0.1
2025-26,2025-10-05,Brentford,Manchester City,A,1509.2181890980612,1667.7270842449882,-158.508895146927,0.48718287651615805,0.23649237877331059,0.2763247447105313,A,0.1
2025-26,2025-10-18,Brighton and Hove Albion,Newcastle United,H,1531.03616247509,1573.6534492424353,-42.61728676734538,0.35186767300506105,0.25923393092888886,0.38889839606605003,H,0.1
2025-26,2025-10-18,Crystal Palace,Bournemouth,D,1558.8268537047038,1537.050749336276,21.776104368427696,0.29080528146944,0.24356300629889902,0.46563171223166094,H,0.1
2025-26,2025-10-18,Manchester City,Everton,H,1672.4070968196888,1509.0831686139168,163.32392820577206,0.1820023099364086,0.15975397594796123,0.6582437141156301,H,0.1
2025-26,2025-10-18,Burnley,Leeds United,H,1380.566828629655,1414.366136451508,-33.79930782185306,0.34295367125043896,0.2582628232535272,0.3987835054960339,H,0.1
2025-26,2025-10-18,Sunderland,Wolverhampton Wanderers,H,1438.6637114417872,1418.7734057886203,19.890305653166934,0.2924698684318516,0.24428923458615406,0.4632408969819944,H,0.1
2025-26,2025-10-18,Nottingham Forest,Chelsea,A,1482.3019999907247,1578.8197176590752,-96.51771766835054,0.4106049447838464,0.2566360012221665,0.33275905399398714,A,0.1
2025-26,2025-10-18,Fulham,Arsenal,A,1483.563674354742,1684.366630742071,-200.802956387329,0.5439236589776555,0.21423499089644224,0.24184135012590227,A,0.1
2025-26,2025-10-19,Liverpool,Manchester United,A,1687.2117345457862,1482.346875295135,204.86485925065108,0.1553442897626294,0.13105143713204337,0.7136042731053273,H,0.1
2025-26,2025-10-19,Tottenham,Aston Villa,A,1509.9680478344826,1547.8506690341444,-37.8826211996618,0.3470581199494851,0.25876090736625335,0.39418097268426155,H,0.1
2025-26,2025-10-20,West Ham,Brentford,A,1431.8468261011565,1504.5381765233606,-72.6913504222041,0.3837213730581722,0.2595913537245321,0.35668727321729565,A,0.1
2025-26,2025-10-24,Leeds United,West Ham,H,1404.3606458957415,1421.6003908017997,-17.23974490605815,0.32671012015148176,0.2553986805426867,0.4178911993058316,H,0.1
2025-26,2025-10-25,Brentford,Liverpool,H,1514.7846118227174,1676.7969369569382,-162.01232513422087,0.49176799201431765,0.23487548274380035,0.27335652524188203,A,0.1
2025-26,2025-10-25,Chelsea,Sunderland,A,1590.7093024790927,1447.0910634606296,143.6182390184631,0.19545967910257417,0.17343363806322973,0.631106682834196,H,0.1
2025-26,2025-10-25,Manchester United,Brighton and Hove Albion,H,1492.761672883983,1537.4959950142313,-44.7343221302483,0.35403587739618364,0.2594089673252606,0.3865551552785557,H,0.1
2025-26,2025-10-25,Newcastle United,Fulham,H,1567.1936167032939,1479.6538297787065,87.53978692458736,0.23660407412328135,0.21020928214774934,0.5531866437289693,H,0.1
2025-26,2025-10-26,Arsenal,Crystal Palace,H,1688.2764753181066,1556.515670721613,131.76080459649347,0.20380552275321973,0.1815585252768346,0.6146359519699457,H,0.1
2025-26,2025-10-26,Wolverhampton Wanderers,Burnley,A,1410.3460537697779,1390.5723191854215,19.77373458435636,0.2925729884524218,0.24433364059432772,0.4630933709532505,H,0.1
2025-26,2025-10-26,Aston Villa,Manchester City,H,1555.0980013368162,1676.8375108200348,-121.73950948321863,0.4406513213734735,0.2504996049809166,0.30884907364560993,A,0.1
2025-26,2025-10-26,Everton,Tottenham,A,1504.6527546135708,1502.7207155318108,1.9320390817599673,0.30867183302995493,0.2504413646408822,0.4408868023291629,H,0.1
2025-26,2025-10-26,Bournemouth,Nottingham Forest,H,1539.3619323193668,1470.4124151707072,68.94951714865965,0.2512200508144689,0.22103013144941905,0.527749817736112,H,0.1
2025-26,2025-11-01,Tottenham,Chelsea,A,1519.014640396656,1580.77319409697,-61.758553700313996,0.37187669389406297,0.25999214803955867,0.3681311580663784,A,0.1
2025-26,2025-11-01,Liverpool,Aston Villa,H,1668.4979684270531,1562.8210337279088,105.67693469914434,0.22282663243508463,0.1988650566751432,0.5783083108897722,H,0.1
2025-26,2025-11-01,Nottingham Forest,Manchester United,D,1463.541636860368,1503.0560721394434,-39.514435279075315,0.34870960067882517,0.25893664162027874,0.3923537577008961,H,0.1
2025-26,2025-11-01,Fulham,Wolverhampton Wanderers,H,1475.6597229707945,1401.9261349432293,73.73358802756525,0.24740925161255206,0.21833413647702218,0.5342566119104257,H,0.1
2025-26,2025-11-01,Crystal Palace,Brentford,H,1553.2586354712896,1523.0835803526024,30.17505511868717,0.2834728462700869,0.24015199975375134,0.47637515397616176,H,0.1
2025-26,2025-11-01,Brighton and Hove Albion,Leeds United,H,1527.201595758771,1410.3960210201521,116.80557473861882,0.21459893369297953,0.19159928435732249,0.593801781949698,H,0.1
2025-26,2025-11-01,Burnley,Arsenal,A,1398.9922380119701,1691.53351056843,-292.54127255645994,0.670783511424999,0.15333132894787435,0.17588515962712659,A,0.1
2025-26,2025-11-02,Manchester City,Bournemouth,H,1669.1144784289422,1546.232710629706,122.88176779923629,0.21017750473983213,0.18755329905212312,0.6022691962080448,H,0.1
2025-26,2025-11-02,West Ham,Newcastle United,H,1415.565015677389,1571.1877235112058,-155.62270783381678,0.48342384604012023,0.23778993638373222,0.2787862175761475,A,0.1
2025-26,2025-11-03,Sunderland,Everton,D,1457.0271718427523,1488.3588297487256,-31.331657905973316,0.34049253842907895,0.25792156299837354,0.4015858985725475,H,0.1
2025-26,2025-11-08,Everton,Fulham,H,1489.1821033691035,1484.1508110395662,5.031292329537337,0.3058292593241278,0.24948084264002565,0.4446898980358465,H,0.1
2025-26,2025-11-08,Tottenham,Manchester United,D,1512.306561757473,1503.6450117561246,8.66155000134836,0.30252470074688376,0.248301190227827,0.4491741090252892,H,0.1
2025-26,2025-11-08,Chelsea,Wolverhampton Wanderers,H,1587.481272736153,1393.4350468744576,194.04622586169535,0.16205950458680762,0.1384367058967904,0.699503789516402,H,0.1
2025-26,2025-11-08,West Ham,Burnley,H,1428.5800341100398,1394.9634865326398,33.61654757740007,0.2805058978066403,0.23867317018542417,0.4808209320079356,H,0.1
2025-26,2025-11-08,Sunderland,Arsenal,D,1456.2038982223744,1695.5622620477604,-239.35836382538605,0.5973590939510061,0.1899056011632273,0.21273530488576659,A,0.1
2025-26,2025-11-09,Nottingham Forest,Leeds United,H,1462.9526972436868,1403.4069506366757,59.5457466070111,0.258814222851557,0.22613208428856754,0.5150536928598755,H,0.1
2025-26,2025-11-09,Manchester City,Liverpool,H,1674.497937009758,1674.3291974125345,0.16873959722352083,0.31029799549515935,0.2509684819289145,0.4387335225759261,H,0.1
2025-26,2025-11-09,Aston Villa,Bournemouth,H,1556.9898047424274,1540.84925204889,16.140552693537302,0.29580008151692916,0.24568901147623143,0.4585109070068394,H,0.1
2025-26,2025-11-09,Brentford,Newcastle United,H,1514.9974094734143,1558.172705078555,-43.17529560514072,0.3524381033374354,0.2592822583626555,0.3882796382999091,H,0.1
2025-26,2025-11-09,Crystal Palace,Brighton and Hove Albion,D,1561.3448063504777,1534.1906661422474,27.154140208230274,0.2860950430162596,0.24141162532459753,0.4724933316591429,H,0.1
2025-26,2025-11-22,Wolverhampton Wanderers,Crystal Palace,A,1388.6425380605806,1558.88763333194,-170.24509527135933,0.5026342147763511,0.23090131466646532,0.2664644705571837,A,0.1
2025-26,2025-11-22,Brighton and Hove Albion,Brentford,H,1536.6478391607852,1525.250717962826,11.397121197959223,0.30005216032178994,0.24737388086968848,0.4525739588085216,H,0.1
2025-26,2025-11-22,Fulham,Sunderland,H,1475.217763964601,1460.951786735337,14.265977229264081,0.2974751772989633,0.2463664243209117,0.456158398380125,H,0.1
2025-26,2025-11-22,Burnley,Chelsea,A,1389.932647970892,1592.27378155003,-202.34113357913793,0.5460345485159491,0.2133257455690881,0.24063970591496278,A,0.1
2025-26,2025-11-22,Newcastle United,Manchester City,H,1547.9193965891434,1685.9829375750764,-138.06354098593306,0.46093258349608823,0.24497856780381086,0.2940888487001009,A,0.1
2025-26,2025-11-22,Liverpool,Nottingham Forest,A,1662.8441968472162,1470.1074937803403,192.73670306687586,0.1628833394101668,0.1393368134553269,0.6977798471345062,H,0.1
2025-26,2025-11-22,Bournemouth,West Ham,D,1528.3184907227635,1433.6108726717875,94.70761805097595,0.23110372548870503,0.20580863818776104,0.5630876363235339,H,0.1
2025-26,2025-11-23,Leeds United,Aston Villa,A,1396.2521541000222,1569.520566068554,-173.26841196853184,0.506655318464425,0.22938258083482777,0.2639621007007472,A,0.1
2025-26,2025-11-23,Arsenal,Tottenham,H,1690.8143735347978,1510.3556552724294,180.4587182623684,0.17072187556472998,0.14782502846327786,0.6814530959719922,H,0.1
2025-26,2025-11-24,Manchester United,Everton,A,1505.5959182411682,1498.1151504440686,7.480767797099588,0.30359660518420734,0.24869129630957534,0.44771209850621735,H,0.1
2025-26,2025-11-29,Brentford,Burnley,H,1519.7524124260876,1383.777552373267,135.97486005282053,0.20081808971491188,0.17868448800120842,0.6204974222838797,H,0.1
2025-26,2025-11-29,Everton,Newcastle United,A,1506.3482168697944,1555.8828227534032,-49.53460588360872,0.3589930796684703,0.25972205918096986,0.38128486115055976,H,0.1
2025-26,2025-11-29,Manchester City,Leeds United,H,1678.0195114108167,1391.8503163255564,286.1691950852603,0.10797340056768044,0.1,0.7920265994323196,H,0.1
2025-26,2025-11-29,Sunderland,Bournemouth,H,1455.5150432375833,1524.1383406128796,-68.62329737529626,0.37927816881847537,0.25981126065737153,0.36091057052415315,A,0.1
2025-26,2025-11-29,Tottenham,Fulham,A,1505.222222517958,1480.6545074623548,24.56771505560323,0.2883535319051315,0.24246098868583738,0.46918547940903116,H,0.1
2025-26,2025-11-30,Nottingham Forest,Brighton and Hove Albion,A,1490.7754920673392,1542.1461446975236,-51.370652630184395,0.3609042590641805,0.25981099582659545,0.379284745109224,H,0.1
2025-26,2025-11-30,Aston Villa,Wolverhampton Wanderers,H,1573.9224038430198,1381.5767417538157,192.3456620892041,0.1631298055519629,0.1396058239923675,0.6972643704556696,H,0.1
2025-26,2025-11-30,West Ham,Liverpool,A,1437.7910227816715,1642.1761985602172,-204.38517577854577,0.5488434760708089,0.21210827497480034,0.2390482489543909,A,0.1
2025-26,2025-11-30,Chelsea,Arsenal,D,1598.428877147655,1695.9478062892692,-97.51892914161431,0.4117668019379244,0.2564502922012102,0.3317829058608654,A,0.1
2025-26,2025-11-30,Crystal Palace,Manchester United,A,1565.9534296387048,1497.3628518154424,68.59057782326249,0.2515073826813014,0.22122975577540963,0.5272628615432889,H,0.1
2025-26,2025-12-02,Newcastle United,Tottenham,D,1569.848763927676,1496.730963915924,73.11780001175202,0.24789780722696036,0.21868478409520797,0.5334174086778316,H,0.1
2025-26,2025-12-02,Bournemouth,Everton,A,1517.2497381667476,1492.3822756955217,24.867462471225963,0.288091149637126,0.24234076411110345,0.4695680862517705,H,0.1
2025-26,2025-12-02,Fulham,Manchester City,A,1489.145766064389,1679.4912196680127,-190.3454536036238,0.5296452914300686,0.2202502224518974,0.25010448611803404,A,0.1
2025-26,2025-12-03,Wolverhampton Wanderers,Nottingham Forest,A,1379.1596670989402,1479.7734607983878,-100.61379369944757,0.4153745643911615,0.25584541784652637,0.32878001776231214,A,0.1
2025-26,2025-12-03,Arsenal,Brentford,H,1694.8721028731002,1524.8120775136276,170.06002535947255,0.1775206588804958,0.15505972854743116,0.667419612572073,H,0.1
2025-26,2025-12-03,Brighton and Hove Albion,Aston Villa,A,1553.148175966475,1576.3394784978952,-23.191302531420206,0.33247512078264846,0.25658253300876593,0.41094234620858566,H,0.1
2025-26,2025-12-03,Burnley,Crystal Palace,A,1378.717887285727,1556.8513664428876,-178.13347915716054,0.5131586162983518,0.22687456026230005,0.2599668234393483,A,0.1
2025-26,2025-12-03,Leeds United,Chelsea,H,1390.3786080683603,1599.504580563824,-209.12597249546366,0.5553739450590532,0.2092455066983977,0.2353805482425491,A,0.1
2025-26,2025-12-03,Liverpool,Sunderland,D,1648.2759496733868,1462.4036456837152,185.87230398967154,0.16724034630888193,0.14407275984948412,0.688686893841634,H,0.1
2025-26,2025-12-04,Manchester United,West Ham,D,1506.4649150112596,1431.691271668502,74.77364334275762,0.246585392785719,0.21773951300657463,0.5356750942077063,H,0.1
2025-26,2025-12-06,Tottenham,Brentford,H,1500.3853097630124,1520.5269803393626,-20.14167057635018,0.3295110166404989,0.25599735570575355,0.41449162765374753,H,0.1
2025-26,2025-12-06,Leeds United,Liverpool,D,1404.4708941894835,1642.1837665639785,-237.71287237449496,0.5950660474027444,0.1909983865351013,0.21393556606215433,A,0.1
2025-26,2025-12-06,Manchester City,Sunderland,H,1683.5836725682602,1468.4958287931236,215.08784377513666,0.14914940438707236,0.12417406706291811,0.7266765285500095,H,0.1
2025-26,2025-12-06,Everton,Nottingham Forest,H,1500.8779654400944,1485.630480332767,15.247485107327293,0.29659725606905885,0.24601361138727848,0.45738913254366265,H,0.1
2025-26,2025-12-06,Newcastle United,Burnley,H,1566.1944180805874,1374.4055782725115,191.78883980807586,0.16348112388418876,0.1399890562133657,0.6965298199024456,H,0.1
2025-26,2025-12-06,Bournemouth,Chelsea,D,1508.754048422175,1585.4122944427008,-76.6582460205259,0.3880952141274809,0.2592963711901122,0.35260841468240695,A,0.1
2025-26,2025-12-06,Aston Villa,Arsenal,H,1583.9226248545156,1699.1572000473652,-115.23457519284966,0.43274885955535675,0.2523679377197143,0.3148832027249289,A,0.1
2025-26,2025-12-07,Brighton and Hove Albion,West Ham,D,1545.5650296098547,1435.3868399124392,110.17818969741552,0.21947837436918619,0.19595070313183632,0.5845709224989775,H,0.1
2025-26,2025-12-07,Fulham,Crystal Palace,A,1485.0533131641414,1561.1636754561032,-76.11036229196179,0.38748870390529233,0.2593418365836179,0.3531694595110897,A,0.1
2025-26,2025-12-08,Wolverhampton Wanderers,Manchester United,A,1373.302647564561,1502.7693467673223,-129.46669920276122,0.4501729287857788,0.24803166346080724,0.30179540775341396,A,0.1
2025-26,2025-12-13,Chelsea,Everton,H,1584.9331986469629,1511.709487887402,73.22371075956084,0.24781373852137703,0.21862455065254266,0.5335617108260804,H,0.1
2025-26,2025-12-13,Liverpool,Brighton and Hove Albion,H,1637.4726451645015,1541.024355927882,96.44828923661953,0.2297790239578781,0.20472293680409168,0.5654980392380302,H,0.1
2025-26,2025-12-13,Arsenal,Wolverhampton Wanderers,H,1691.5323527199603,1362.7935675200936,328.7387851998667,0.08676942787589322,0.1,0.8132305721241068,H,0.1
2025-26,2025-12-13,Burnley,Fulham,A,1371.9816546042018,1478.6640592402339,-106.68240463603206,0.4225201933784501,0.2545252188888054,0.3229545877327445,A,0.1
2025-26,2025-12-14,Brentford,Leeds United,D,1510.8839862466727,1409.1820155889604,101.70197065771231,0.2258066292509814,0.2014083994210733,0.5727849713279453,H,0.1
2025-26,2025-12-14,Crystal Palace,Manchester City,A,1567.5529293800107,1687.8847664708244,-120.33183709081368,0.43893237127668483,0.2509203188808917,0.31014730984242345,A,0.1
2025-26,2025-12-14,Nottingham Forest,Tottenham,H,1474.7989578854595,1510.0283038557022,-35.229345970242775,0.34438656566273296,0.258446726859456,0.397166707477811,H,0.1
2025-26,2025-12-14,Sunderland,Newcastle United,H,1464.1947348905594,1568.6183417488971,-104.42360685833773,0.41984952264127334,0.2550372445369632,0.3251132328217634,A,0.1
2025-26,2025-12-14,West Ham,Aston Villa,A,1439.927513594412,1591.5474721819205,-151.61995858750856,0.4782386859893765,0.23953675184659465,0.28222456216402886,A,0.1
2025-26,2025-12-15,Manchester United,Bournemouth,D,1513.2784268117898,1509.233144217913,4.045282593876891,0.30673145749318875,0.24979110979048064,0.44347743271633067,H,0.1
2025-26,2025-12-20,Newcastle United,Chelsea,D,1561.1594393382504,1591.6772453573692,-30.51780601911878,0.33968399837849333,0.2578023876477674,0.40251361397373925,H,0.1
2025-26,2025-12-20,Wolverhampton Wanderers,Brentford,A,1361.630785273645,1506.5391078153766,-144.90832254173165,0.4696202565775129,0.24232434738075714,0.28805539604173,A,0.1
2025-26,2025-12-20,Manchester City,West Ham,H,1698.7690046235357,1435.1143837503835,263.6546208731522,0.12090731444125585,0.1,0.7790926855587441,H,0.1
2025-26,2025-12-20,Tottenham,Liverpool,A,1497.3549988243508,1643.5544486311483,-146.19944980679747,0.47127065453642947,0.24180211056261863,0.28692723490095184,A,0.1
2025-26,2025-12-20,Brighton and Hove Albion,Sunderland,D,1534.9425524612352,1471.6536373012061,63.28891516002909,0.25577469811251197,0.22413366703208493,0.5200916348554031,H,0.1
2025-26,2025-12-20,Bournemouth,Burnley,D,1511.0559162085908,1366.253709635549,144.80220657304176,0.19463658243059137,0.17261657488796883,0.6327468426814398,H,0.1
2025-26,2025-12-20,Everton,Arsenal,A,1504.9654411769957,1692.695134966409,-187.7296937894132,0.5260956677613235,0.2217069983791122,0.2521973338595642,A,0.1
2025-26,2025-12-20,Leeds United,Crystal Palace,H,1413.5268940202566,1556.6686912272994,-143.14179720704283,0.46736810393350964,0.24302788199351572,0.2896040140729747,A,0.1
2025-26,2025-12-21,Aston Villa,Manchester United,H,1596.360602025949,1511.455654821112,84.90494720483707,0.2386445375966332,0.21179704254642825,0.5495584198569385,H,0.1
2025-26,2025-12-22,Fulham,Nottingham Forest,H,1484.3920042088866,1487.472262916811,-3.0802587079242585,0.3133114111797359,0.2519025743409137,0.43478601447935045,H,0.1
2025-26,2025-12-26,Manchester United,Newcastle United,H,1507.414332983589,1560.3129044727432,-52.898571489154165,0.3625011168684708,0.25987198587467647,0.37762689725685267,H,0.1
2025-26,2025-12-27,Burnley,Everton,D,1371.5488394019148,1500.8264896241276,-129.27765022221274,0.4499382673883611,0.2480952042254487,0.30196652838619015,A,0.1
2025-26,2025-12-27,West Ham,Fulham,A,1431.7882602212028,1490.189839468346,-58.40157924714322,0.368301009477826,0.2599935129059796,0.3717054776161944,H,0.1
2025-26,2025-12-27,Liverpool,Wolverhampton Wanderers,H,1648.4737384631906,1353.7935308722394,294.6802075909511,0.10340405550001695,0.1,0.796595944499983,H,0.1
2025-26,2025-12-27,Nottingham Forest,Manchester City,A,1481.6744276573515,1702.0951281527164,-220.42070049536483,0.5710063193913982,0.20222181996735433,0.22677186064124738,A,0.1
2025-26,2025-12-27,Arsenal,Brighton and Hove Albion,H,1696.834086519277,1531.5358195549136,165.2982669643634,0.18068246052544926,0.15837810647253414,0.6609394330020166,H,0.1
2025-26,2025-12-27,Chelsea,Aston Villa,A,1592.5237802228764,1600.401923863472,-7.878143640595454,0.31780251813639715,0.25319285615671583,0.429004625706887,H,0.1
2025-26,2025-12-27,Brentford,Bournemouth,H,1514.3763622167821,1505.760786442225,8.6155757745571,0.30256638301641187,0.24831649422369179,0.4491171227598964,H,0.1
2025-26,2025-12-28,Crystal Palace,Tottenham,A,1540.5959945400955,1492.4357089923085,48.160285547787,0.26819891419643044,0.23193033068476304,0.49987075511880646,H,0.1
2025-26,2025-12-28,Sunderland,Leeds United,D,1475.0603702075277,1429.5995907074605,45.46077950006725,0.27045562916880644,0.23324014406351665,0.4963042267676769,H,0.1
2025-26,2025-12-30,Manchester United,Wolverhampton Wanderers,D,1514.044721910948,1352.3889125837136,161.65580932723446,0.18312150404293345,0.16091621098571104,0.6559622849713554,H,0.1
2025-26,2025-12-30,Burnley,Newcastle United,A,1373.5167978433788,1553.6825155453841,-180.1657177020054,0.5158866124542676,0.2258041344920337,0.2583092530536987,A,0.1
2025-26,2025-12-30,Chelsea,Bournemouth,D,1584.5886045013283,1494.6441435288414,89.94446097248692,0.2347506122403301,0.20874590575466279,0.5565034820050071,H,0.1
2025-26,2025-12-30,Arsenal,Aston Villa,H,1699.602246562731,1608.33709958502,91.26514697771086,0.2337361937207962,0.20793654320310323,0.5583272630761005,H,0.1
2025-26,2025-12-30,Nottingham Forest,Everton,A,1478.092685747477,1498.8585311826637,-20.765845435186748,0.3301159569838102,0.256120803035887,0.4137632399803028,H,0.1
2025-26,2025-12-30,West Ham,Brighton and Hove Albion,D,1425.0049699331864,1528.7676595114597,-103.76268957827324,0.419070554202791,0.2551824474947547,0.3257469983024543,A,0.1
2025-26,2026-01-01,Liverpool,Leeds United,D,1649.8783567517164,1432.5450839521875,217.3332727995289,0.14780854838571944,0.12267895827330876,0.7295124933409718,H,0.1
2025-26,2026-01-01,Sunderland,Manchester City,D,1472.1148769628007,1705.676870062591,-233.56199309979024,0.5892829057066561,0.19373751628009178,0.21697957801325202,A,0.1
2025-26,2026-01-01,Brentford,Tottenham,D,1525.4930051301658,1501.2646370846812,24.228368045484558,0.2886507809569284,0.24259665429843313,0.46875256474463844,H,0.1
2025-26,2026-01-01,Crystal Palace,Fulham,D,1531.7670664477228,1496.9731297563624,34.793936691360386,0.27949576665597087,0.23815668437001272,0.48234754897401644,H,0.1
2025-26,2026-01-03,Aston Villa,Nottingham Forest,H,1600.4811484239904,1465.985482031588,134.49566639240243,0.20186403351515395,0.17969519569788991,0.6184407707869561,H,0.1
2025-26,2026-01-03,Bournemouth,Arsenal,A,1498.710509467479,1707.4581977237606,-208.74768825628166,0.5548520991477055,0.2094758870860941,0.23567201376620034,A,0.1
2025-26,2026-01-03,Brighton and Hove Albion,Burnley,H,1527.5146874837942,1366.740709658546,160.77397782524827,0.18371465137881943,0.16153047830810383,0.6547548703130767,H,0.1
2025-26,2026-01-03,Wolverhampton Wanderers,West Ham,H,1358.0241159700631,1426.257941960852,-68.23382599078877,0.37885501478812883,0.259827918967978,0.36131706624389315,A,0.1
2025-26,2026-01-04,Leeds United,Manchester United,D,1439.175540960381,1508.4095185245988,-69.23397756421764,0.3799424474198854,0.25978359354046165,0.3602739590396529,A,0.1
2025-26,2026-01-04,Fulham,Liverpool,D,1499.6357741368581,1643.2478997435228,-143.61212560666468,0.46796705546157263,0.24284181595831633,0.289191128580111,A,0.1
2025-26,2026-01-04,Everton,Brentford,A,1510.9657348985527,1523.1151204164287,-12.149385517875999,0.3218426172907778,0.25425087133654695,0.4239065113726752,H,0.1
2025-26,2026-01-04,Manchester City,Chelsea,D,1701.0592258684114,1580.5222385626907,120.53698730572069,0.21187783065540458,0.18912056449203277,0.5990016048525627,H,0.1
2025-26,2026-01-04,Tottenham,Sunderland,D,1503.6425217984183,1476.7325211569803,26.910000641438046,0.2863076953645297,0.2415118318083262,0.47218047282714404,H,0.1
2025-26,2026-01-04,Newcastle United,Crystal Palace,H,1560.458603730217,1529.104422067227,31.35418166298996,0.28245388745646394,0.23965053613944315,0.47789557640409286,H,0.1
2025-26,2026-01-06,West Ham,Nottingham Forest,A,1412.493435276796,1460.8899709704876,-48.3965356936917,0.35781264903173454,0.2596583642988768,0.38252898666938867,H,0.1
2025-26,2026-01-07,Newcastle United,Leeds United,H,1568.5061397700815,1439.4412536385735,129.06488613150805,0.20572910716171908,0.18338800940314332,0.6108828834351376,H,0.1
2025-26,2026-01-07,Manchester City,Brighton and Hove Albion,D,1696.285103387988,1532.0011002937574,164.28400309423068,0.18135984794719795,0.15908494897072983,0.6595552030820723,H,0.1
2025-26,2026-01-07,Fulham,Chelsea,H,1501.9969178271656,1585.296361043114,-83.29944321594849,0.3955088960679971,0.25862528142832253,0.3458658225036804,A,0.1
2025-26,2026-01-07,Everton,Wolverhampton Wanderers,D,1498.5446362588225,1371.788622654119,126.75601360470341,0.20738423008230564,0.18494861527650588,0.6076671546411885,H,0.1
2025-26,2026-01-07,Bournemouth,Tottenham,H,1494.9358331361364,1501.1919525574274,-6.256119421291032,0.3162786714151402,0.25276862734274974,0.43095270124211005,H,0.1
2025-26,2026-01-07,Burnley,Manchester United,D,1362.2542968485827,1508.1438058464064,-145.88950899782367,0.47087413735156125,0.2419280915508864,0.2871977710975524,A,0.1
2025-26,2026-01-07,Brentford,Sunderland,H,1535.5362190561589,1479.1830903979712,56.35312865818764,0.26142441123817484,0.2278013793592078,0.5107742094026174,H,0.1
2025-26,2026-01-07,Crystal Palace,Aston Villa,D,1521.0568860273625,1605.5766594850907,-84.5197734577282,0.39688360943365075,0.2584779392418544,0.3446384513244949,A,0.1
2025-26,2026-01-08,Arsenal,Liverpool,D,1711.2328740551031,1640.8867560532153,70.34611800188782,0.25010395587597084,0.22024984991309762,0.5296461942109315,H,0.1
2025-26,2026-01-17,Tottenham,West Ham,A,1495.3408593227616,1405.4847363246079,89.85612299815375,0.23481855378333963,0.2087999008214173,0.5563815453952431,H,0.1
2025-26,2026-01-17,Manchester United,Manchester City,H,1505.7208646424542,1690.5984962265445,-184.8776315840903,0.5222363164102926,0.2232723541187848,0.25449132947092273,A,0.1
2025-26,2026-01-17,Sunderland,Crystal Palace,H,1470.0310446835033,1521.7614524977887,-51.7304078142854,0.36127972085682386,0.2598264212458371,0.37889385789733904,H,0.1
2025-26,2026-01-17,Liverpool,Burnley,D,1644.4717792597362,1364.677238052535,279.7945412072013,0.1115091049193665,0.1,0.7884908950806335,H,0.1
2025-26,2026-01-17,Nottingham Forest,Arsenal,D,1467.8986699226757,1707.6478508485823,-239.74918092590656,0.5979037278957096,0.18964550237660788,0.21245076972768248,A,0.1
2025-26,2026-01-17,Chelsea,Brentford,H,1578.1705590386814,1544.6882647706268,33.4822942680546,0.28062123745062273,0.23873172370583207,0.4806470388435452,H,0.1
2025-26,2026-01-17,Leeds United,Fulham,H,1436.1422975223181,1509.1227198315983,-72.98042230928013,0.3840387261252347,0.2595725416692292,0.3563887322055362,A,0.1
2025-26,2026-01-18,Aston Villa,Everton,A,1604.8720930146644,1493.63349897274,111.23859404192444,0.21869363137201336,0.19525913379818244,0.5860472348298043,H,0.1
2025-26,2026-01-18,Wolverhampton Wanderers,Newcastle United,D,1376.6997599402016,1571.8050958863369,-195.10533594613526,0.5361277564668132,0.21754925089039095,0.24632299264279592,A,0.1
2025-26,2026-01-19,Brighton and Hove Albion,Bournemouth,D,1537.687707455201,1500.7869263708021,36.900781084398886,0.27769439826168824,0.23721923188026064,0.48508636985805115,H,0.1
2025-26,2026-01-24,Manchester City,Wolverhampton Wanderers,H,1676.9705837688161,1380.403568316049,296.56701545276724,0.10241413684233973,0.1,0.7975858631576603,H,0.1
2025-26,2026-01-24,West Ham,Sunderland,H,1414.8507831672118,1476.6421146146781,-61.79133144746629,0.37191174834739354,0.2599918526103496,0.3680963990422568,A,0.1
2025-26,2026-01-24,Fulham,Brighton and Hove Albion,H,1502.1632693834943,1534.9688138980446,-32.80554451455032,0.34196079386339134,0.2581290300140552,0.3999101761225535,H,0.1
2025-26,2026-01-24,Burnley,Tottenham,D,1372.1992579432156,1485.9748124801577,-113.77555453694208,0.43099080782717747,0.25276022103461016,0.3162489711382124,A,0.1
2025-26,2026-01-24,Bournemouth,Liverpool,H,1503.5058199279586,1636.9497593690555,-133.44393944109697,0.45512935061358095,0.24665873219313347,0.2982119171932855,A,0.1
2025-26,2026-01-25,Arsenal,Manchester United,A,1702.8912540838517,1519.3487771001826,183.54247698366908,0.16873379299891686,0.14568601445140186,0.6855801925496813,H,0.1
2025-26,2026-01-25,Brentford,Nottingham Forest,A,1536.7102025637212,1472.6552666874063,64.05493587631486,0.2551554095201368,0.22371933639478206,0.5211252540850811,H,0.1
2025-26,2026-01-25,Crystal Palace,Chelsea,A,1515.1503825666139,1586.148621245587,-70.99823867897317,0.38186694534368854,0.2596930531439736,0.35844000151233785,A,0.1
2025-26,2026-01-25,Newcastle United,Aston Villa,A,1568.1012875104896,1595.2623909853473,-27.161103474857782,0.336365662933577,0.25727625973266594,0.4063580773337571,H,0.1
2025-26,2026-01-26,Everton,Leeds United,D,1503.243201002057,1443.1017479704221,60.14145303163491,0.25832900520172436,0.22581699284740284,0.5158540019508727,H,0.1
2025-26,2026-01-31,Liverpool,Newcastle United,H,1629.0534555337667,1556.2264661005604,72.82698943320634,0.24812873131728494,0.2188500123481028,0.5330212563346123,H,0.1
2025-26,2026-01-31,Chelsea,West Ham,H,1596.4544987808142,1425.59186412717,170.86263465364414,0.1769907192131319,0.15450055443839325,0.6685087263484748,H,0.1
2025-26,2026-01-31,Leeds United,Arsenal,A,1446.4281578033674,1692.6230146420596,-246.1948568386922,0.60688543005941,0.1853269975956908,0.20778757234489917,A,0.1
2025-26,2026-01-31,Brighton and Hove Albion,Everton,D,1528.6726623181958,1499.9167911691118,28.755871149083987,0.284702625836799,0.24074827799266013,0.4745490961705408,H,0.1
2025-26,2026-01-31,Wolverhampton Wanderers,Bournemouth,A,1378.2002801575654,1511.4021237632473,-133.20184360568192,0.4548265893423461,0.24674426421208936,0.2984291464455645,A,0.1
2025-26,2026-02-01,Tottenham,Manchester City,D,1484.4392700757123,1679.1738719272996,-194.73460185158729,0.5356218230493013,0.2177618877496351,0.24661628920106354,A,0.1
2025-26,2026-02-01,Nottingham Forest,Crystal Palace,D,1486.988148507421,1504.8445050313867,-17.856356523965587,0.327303672506787,0.2555292883237204,0.41716703916949266,H,0.1
2025-26,2026-02-01,Aston Villa,Brentford,A,1607.1372123952765,1522.3773207437064,84.75989165157011,0.23875716398716068,0.21188396644181637,0.5493588695710229,H,0.1
2025-26,2026-02-01,Manchester United,Fulham,H,1529.6170165419746,1508.459420963343,21.15759557863157,0.29135048876467595,0.24380282435901748,0.4648466868763066,H,0.1
2025-26,2026-02-02,Sunderland,Burnley,H,1465.9010336547199,1373.734800347661,92.16623330705897,0.23304550064800916,0.2073820731667681,0.5595724261852227,H,0.1
2025-26,2026-02-06,Leeds United,Nottingham Forest,H,1439.0444908376603,1485.781071247654,-46.73658040999362,0.35609666487084507,0.2595537159005094,0.38434961922864547,H,0.1
2025-26,2026-02-07,Wolverhampton Wanderers,Chelsea,A,1369.9921618493777,1599.1473286276578,-229.1551667782801,0.5831469680242599,0.19661612204989296,0.2202369099258471,A,0.1
2025-26,2026-02-07,Fulham,Everton,A,1503.1691311549482,1502.4172329176247,0.7518982373235303,0.3097594720848256,0.2507957164990929,0.43944481141608155,H,0.1
2025-26,2026-02-07,Arsenal,Sunderland,H,1700.0066816077667,1473.7252140415926,226.28146756617411,0.14253677887060404,0.11678323622363909,0.7406799849057569,H,0.1
2025-26,2026-02-07,Bournemouth,Aston Villa,D,1519.610242071435,1597.8324872467542,-78.22224517531913,0.3898308445609944,0.2591582692087281,0.3510108862302775,A,0.1
2025-26,2026-02-07,Manchester United,Tottenham,H,1534.9073063503695,1488.1338680417564,46.773438308613095,0.2693567400795586,0.23260644952201348,0.4980368103984279,H,0.1
2025-26,2026-02-07,Newcastle United,Brentford,A,1547.7016625432682,1531.6820458922286,16.01961665103954,0.29590794082276317,0.24573316664353576,0.4583588925337011,H,0.1
2025-26,2026-02-07,Burnley,West Ham,A,1365.9106199607882,1422.8990342803265,-56.98841431953838,0.3668043192785902,0.25997697261587777,0.373218708105532,H,0.1
2025-26,2026-02-08,Liverpool,Manchester City,A,1637.578259091059,1675.4792739612556,-37.901014870196605,0.3470766994526212,0.25876296255570724,0.3941603379916715,H,0.1
2025-26,2026-02-08,Brighton and Hove Albion,Crystal Palace,A,1526.1722205696828,1506.0515822911539,20.120638278528986,0.292266190318268,0.24420132598610259,0.46353248369562944,H,0.1
2025-26,2026-02-10,Everton,Bournemouth,A,1510.5457466117539,1520.134240068811,-9.588493457057211,0.3194155236767857,0.25362684001125063,0.4269576363119636,H,0.1
2025-26,2026-02-10,Chelsea,Leeds United,D,1604.602505858814,1449.391606908456,155.21089895035811,0.1874804052439842,0.1654021150850746,0.6471174796709411,H,0.1
2025-26,2026-02-10,West Ham,Manchester United,D,1433.7005815518482,1542.4590554167698,-108.7584738649216,0.4249862628230241,0.2540331940644293,0.32098054311254653,A,0.1
2025-26,2026-02-10,Tottenham,Newcastle United,A,1480.582118975356,1539.3382178923052,-58.75609891694921,0.36867727595322547,0.2599960713639085,0.3713266526828661,H,0.1
2025-26,2026-02-11,Manchester City,Fulham,H,1682.7261874078147,1495.040617460819,187.68556994699566,0.16608314711742841,0.14281908452287806,0.6910977683596935,H,0.1
2025-26,2026-02-11,Nottingham Forest,Wolverhampton Wanderers,D,1475.4339551768583,1364.5369846182214,110.8969705586369,0.21894627924928806,0.19548213398111422,0.5855715867695978,H,0.1
2025-26,2026-02-11,Aston Villa,Brighton and Hove Albion,H,1597.3084892493782,1517.7471099431496,79.56137930622867,0.24281383386307376,0.21496449085745103,0.5422216752794752,H,0.1
2025-26,2026-02-11,Crystal Palace,Burnley,A,1514.4766929176872,1355.1090726892664,159.36762022842072,0.18466275397330556,0.16250986904858494,0.6528273769781096,H,0.1
2025-26,2026-02-11,Sunderland,Liverpool,A,1469.668012434915,1630.3313456444998,-160.66333320958483,0.48999966078269047,0.2355034378310562,0.2744969013862534,A,0.1
2025-26,2026-02-12,Brentford,Arsenal,D,1540.0454905431916,1704.0638832144443,-164.01839267125274,0.4944041162931436,0.2339293782833699,0.2716665054234865,A,0.1
2025-26,2026-02-18,Wolverhampton Wanderers,Arsenal,D,1369.0940656105247,1701.1563495673436,-332.0622839568189,0.7228347317593011,0.1261978242681742,0.1509674439725248,A,0.1
2025-26,2026-02-21,Manchester City,Newcastle United,H,1687.6759466010071,1546.113554814974,141.56239178603323,0.19689332138968013,0.1748502161210901,0.6282564624892298,H,0.1
2025-26,2026-02-21,West Ham,Bournemouth,D,1435.0948221384658,1528.0300286277486,-92.93520648928279,0.4064688125498785,0.2572603445188031,0.3362708429313185,A,0.1
2025-26,2026-02-21,Aston Villa,Leeds United,D,1601.4466844419906,1454.8988947021917,146.54778973979887,0.19342643740603133,0.1714103930108583,0.6351631695831104,H,0.1
2025-26,2026-02-21,Brentford,Brighton and Hove Albion,A,1542.9530241902924,1513.6089147505372,29.34410943975513,0.2841924455345424,0.24050209488370566,0.4753054595817519,H,0.1
2025-26,2026-02-21,Chelsea,Burnley,D,1599.0952180650784,1365.185374874028,233.9098431910504,0.1381338074012838,0.11184317719070104,0.7500230154080152,H,0.1
2025-26,2026-02-22,Tottenham,Arsenal,A,1473.8067820526874,1694.6117642633778,-220.80498221069047,0.5715396815885294,0.20197819247276014,0.2264821259387104,A,0.1
2025-26,2026-02-22,Crystal Palace,Wolverhampton Wanderers,H,1504.4003907329256,1375.6386509144904,128.76173981843522,0.2059460129879309,0.1835932478583942,0.6104607391536749,H,0.1
2025-26,2026-02-22,Sunderland,Fulham,A,1465.0292087588923,1490.0908582676266,-25.061649508734263,0.33430357930930815,0.25691899649914873,0.4087774241915431,H,0.1
2025-26,2026-02-22,Nottingham Forest,Liverpool,A,1470.876874184555,1634.9701493205225,-164.0932751359676,0.4945026655560431,0.2338937800600133,0.2716035543839436,A,0.1
2025-26,2026-02-23,Everton,Manchester United,A,1502.6499580528164,1541.0648148301523,-38.4148567773359,0.34759606275143795,0.2588196912717776,0.39358424597678443,H,0.1
2025-26,2026-02-27,Wolverhampton Wanderers,Aston Villa,H,1372.3349564095452,1596.1154960170932,-223.780539607548,0.5756722675866226,0.2000821174929128,0.2242456149204645,A,0.1
2025-26,2026-02-28,Bournemouth,Sunderland,D,1527.0849064829902,1453.0781653339945,74.00674114899562,0.24719272053927252,0.2181782578508372,0.5346290216098902,H,0.1
2025-26,2026-02-28,Burnley,Brentford,A,1372.0748024198444,1529.3834492887179,-157.30864686887344,0.4856176169250101,0.23703580222120538,0.2773465808537845,A,0.1
2025-26,2026-02-28,Leeds United,Manchester City,A,1460.230083127089,1690.7838720896946,-230.5537889626055,0.5850938016744966,0.19570595852067932,0.21920023980482412,A,0.1
2025-26,2026-02-28,Liverpool,West Ham,H,1639.543768397471,1436.0399442832243,203.50382411424675,0.15618013277483223,0.13197501623458463,0.7118448509905831,H,0.1
2025-26,2026-02-28,Newcastle United,Everton,A,1543.0056293262865,1495.4147438740097,47.59088545227678,0.2686738917847703,0.23220874324511157,0.49911736497011816,H,0.1
2025-26,2026-03-01,Brighton and Hove Albion,Nottingham Forest,H,1527.1784896521117,1466.3032551076064,60.87523454450525,0.2577321011733354,0.22542732410999944,0.5168405747166652,H,0.1
2025-26,2026-03-01,Arsenal,Chelsea,H,1701.7627761878418,1592.2057905192619,109.55698566857996,0.21993880460101034,0.19635497103538802,0.5837062243636016,H,0.1
2025-26,2026-03-01,Manchester United,Crystal Palace,H,1548.300029008959,1507.704085237871,40.59594377108806,0.2745539522796714,0.23553463202742458,0.4899114156929041,H,0.1
2025-26,2026-03-01,Fulham,Tottenham,H,1502.0419016925243,1466.6557701282234,35.38613156430097,0.27898863634139454,0.23789489400699135,0.4831164696516141,H,0.1
2025-26,2026-03-03,Wolverhampton Wanderers,Liverpool,H,1386.6876607070717,1644.1099888829058,-257.4223281758341,0.622508998758018,0.1776936099832885,0.19979739125869347,A,0.1
2025-26,2026-03-03,Leeds United,Sunderland,A,1456.8102959891182,1456.7546594192124,0.05563656990580057,0.3104025240311929,0.25100181035647756,0.4385956656123296,H,0.1
2025-26,2026-03-03,Bournemouth,Brentford,D,1523.4084123977723,1534.086507405245,-10.67809500747262,0.3204464383719173,0.25389613861682436,0.42565742301125836,H,0.1
2025-26,2026-03-03,Everton,Burnley,H,1504.2357960890372,1367.3717443033174,136.86405178571977,0.20019073672801502,0.17807599402365545,0.6217332692483295,H,0.1
2025-26,2026-03-04,Fulham,West Ham,A,1507.0364616163295,1431.4737237977895,75.56273781853997,0.24596141645432806,0.21728638750547152,0.5367521960402004,H,0.1
2025-26,2026-03-04,Brighton and Hove Albion,Arsenal,A,1531.667058413987,1705.3767670713632,-173.70970865737627,0.5072435784439839,0.2291583151881038,0.2635981063679122,A,0.1
2025-26,2026-03-04,Newcastle United,Manchester United,H,1534.184577111259,1553.1886287038758,-19.00405159261686,0.32841073221952544,0.2557675079240334,0.4158217598564412,H,0.1
2025-26,2026-03-04,Manchester City,Nottingham Forest,D,1694.2036592276654,1461.8146863457312,232.38897288193425,0.13900488063429145,0.11282134416785981,0.7481737751978487,H,0.1
2025-26,2026-03-04,Aston Villa,Chelsea,A,1581.7627917195666,1588.5917996357405,-6.82900791617385,0.3168162350719202,0.252919865483431,0.43026389944464877,H,0.1
2025-26,2026-03-05,Tottenham,Crystal Palace,A,1461.6612102044182,1502.815485542954,-41.154275338535854,0.3503757048467141,0.2590997852077187,0.3905245099455672,H,0.1
2025-26,2026-03-14,West Ham,Manchester City,D,1440.664670909294,1687.337298201518,-246.67262729222398,0.6075509961190759,0.1850048648915109,0.20744413898941316,A,0.1
2025-26,2026-03-14,Chelsea,Newcastle United,A,1604.5104839329813,1540.2495485035186,64.26093542946273,0.2549890269358546,0.2236076074097758,0.5214033656543695,H,0.1
2025-26,2026-03-14,Sunderland,Brighton and Hove Albion,A,1464.8722667825818,1527.273386484397,-62.401119701815105,0.3725643908659188,0.2599853617625394,0.36745024737154186,A,0.1
2025-26,2026-03-14,Arsenal,Everton,H,1709.7704390009533,1509.274002938126,200.49643606282734,0.15803621425126224,0.13402173789722266,0.7079420478515152,H,0.1
2025-26,2026-03-14,Burnley,Bournemouth,D,1362.3335374542287,1521.9982738086985,-159.66473635446982,0.4886929272434115,0.23596396322106752,0.275343109535521,A,0.1
2025-26,2026-03-15,Crystal Palace,Leeds United,D,1514.1842678659636,1448.6926886257488,65.49157924021483,0.25399644211595174,0.22293744934353313,0.5230661085405152,H,0.1
2025-26,2026-03-15,Liverpool,Tottenham,D,1634.7146963633293,1450.2924278814087,184.42226848192058,0.16816896698956338,0.14507651116558562,0.686754521844851,H,0.1
2025-26,2026-03-15,Manchester United,Aston Villa,H,1547.1236573116162,1565.8441074223258,-18.720450110709635,0.32813689493334236,0.25570923390749023,0.4161538711591674,H,0.1
2025-26,2026-03-15,Nottingham Forest,Fulham,D,1468.6810473718785,1497.845514504825,-29.164467132946356,0.3383429482180121,0.25759695691577494,0.4040600948662129,H,0.1
2025-26,2026-03-16,Brentford,Wolverhampton Wanderers,D,1535.4966459943187,1396.0829532266482,139.41369276767045,0.19839770094395534,0.17632758380679023,0.6252747152492544,H,0.1
2025-26,2026-03-20,Bournemouth,Manchester United,D,1519.2058686414325,1556.7288697785864,-37.52300113715387,0.3466950305153531,0.2587203855669662,0.3945845839176807,H,0.1
2025-26,2026-03-21,Leeds United,Brentford,D,1452.1553399425218,1530.3140393425358,-78.15869940001403,0.3897602019011381,0.2591641202164345,0.3510756778824274,A,0.1
2025-26,2026-03-21,Brighton and Hove Albion,Liverpool,H,1533.967094496419,1628.6488254213305,-94.68173092491156,0.4084810923872687,0.25696382543611535,0.334555082176616,A,0.1
2025-26,2026-03-21,Everton,Chelsea,H,1505.5991015418927,1595.4647413966256,-89.86563985473299,0.4029513015594065,0.2577451017579858,0.33930359668260773,A,0.1
2025-26,2026-03-21,Fulham,Burnley,H,1498.7307095112353,1365.1259426214947,133.60476688974063,0.20249539463117788,0.18030297060805944,0.6172016347607626,H,0.1
2025-26,2026-03-22,Tottenham,Nottingham Forest,A,1456.3582988234075,1467.7958523654681,-11.437553542060641,0.3211665308872928,0.25408052596795877,0.4247529431447484,H,0.1
2025-26,2026-03-22,Aston Villa,West Ham,H,1556.2388949553556,1445.5739868044914,110.66490815086422,0.21911799200318607,0.1956335073226637,0.5852485006741502,H,0.1
2025-26,2026-03-22,Newcastle United,Sunderland,A,1549.2952910398742,1458.17855877056,91.1167322693143,0.23385006652298598,0.2080276936366632,0.5581222398403508,H,0.1
2025-26,2026-04-10,West Ham,Wolverhampton Wanderers,H,1439.8751761360413,1401.265559878431,38.60961625761024,0.2762391108114037,0.23644653049742173,0.4873143586911746,H,0.1
2025-26,2026-04-11,Arsenal,Bournemouth,A,1713.4453403971866,1518.5598296506132,194.88551074657335,0.1615327451925132,0.137860450813438,0.7006068039940487,H,0.1
2025-26,2026-04-11,Brentford,Everton,D,1529.7918653351157,1520.0600781441665,9.731787190949262,0.3015555802888728,0.24794230133640016,0.45050211837472703,H,0.1
2025-26,2026-04-11,Burnley,Brighton and Hove Albion,A,1360.0087517665486,1541.2737340000913,-181.2649822335427,0.5173649330419905,0.2252196621428825,0.25741540481512704,A,0.1
2025-26,2026-04-11,Liverpool,Fulham,H,1621.342185917658,1503.8479003661814,117.49428555147665,0.21409528341724365,0.19114326374998372,0.5947614528327727,H,0.1
2025-26,2026-04-12,Sunderland,Tottenham,H,1467.5595829097142,1440.6518535976006,26.907729312113588,0.2863096742747208,0.24151276294509033,0.4721775627801888,H,0.1
2025-26,2026-04-12,Chelsea,Manchester City,A,1581.0037647943518,1682.4279823063207,-101.42421751196889,0.41632336355510674,0.2556793582328523,0.32799727821204105,A,0.1
2025-26,2026-04-12,Crystal Palace,Newcastle United,H,1510.7216165491907,1539.91426690072,-29.19265035152921,0.33837083162240633,0.2576013272835317,0.404027841094062,H,0.1
2025-26,2026-04-12,Nottingham Forest,Aston Villa,D,1483.502297591275,1561.9377056238056,-78.43540803253063,0.39006789014849796,0.25913849383338977,0.35079361601811215,A,0.1
2025-26,2026-04-13,Manchester United,Leeds United,A,1557.3749087694057,1452.6775139499418,104.69739481946385,0.2235589552807721,0.19949452425893638,0.5769465204602916,H,0.1
2025-26,2026-04-18,Brentford,Fulham,D,1527.8113452453601,1498.326948635093,29.48439661026714,0.2840708680222788,0.2404431806256466,0.47548595135207455,H,0.1
2025-26,2026-04-18,Chelsea,Manchester United,A,1569.3243352514385,1547.8373884081857,21.48694684325278,0.291060079344311,0.24367532029789027,0.4652646003577987,H,0.1
2025-26,2026-04-18,Leeds United,Wolverhampton Wanderers,H,1462.2150343111618,1389.8211276553877,72.39390665577412,0.24847286775387947,0.2190956352557212,0.5324314969903994,H,0.1
2025-26,2026-04-18,Newcastle United,Bournemouth,A,1533.6785517682379,1528.9086336961334,4.769918072104474,0.30606822191802274,0.24956351317463332,0.44436826490734394,H,0.1
2025-26,2026-04-18,Tottenham,Brighton and Hove Albion,D,1435.482173609329,1548.0181654693424,-112.53599186001338,0.42950138075796374,0.25308571067903707,0.3174129085629992,A,0.1
2025-26,2026-04-19,Aston Villa,Sunderland,H,1561.4075893496642,1472.7292628979858,88.67832645167846,0.2357254789248113,0.20951809337482105,0.5547564277003676,H,0.1
2025-26,2026-04-19,Everton,Liverpool,A,1522.040598233922,1626.8631376487465,-104.8225394148244,0.4203202513102271,0.25494858670521703,0.32473116198455587,A,0.1
2025-26,2026-04-19,Manchester City,Arsenal,H,1694.107411849234,1703.0965363516664,-8.989124502432333,0.31884954306229785,0.2534763199445095,0.4276741369931927,H,0.1
2025-26,2026-04-19,Nottingham Forest,Burnley,H,1484.0324138654164,1353.2643202972974,130.76809356811896,0.20451271334803423,0.18223306775644094,0.6132542188955248,H,0.1
2025-26,2026-04-20,Crystal Palace,West Ham,D,1516.9573316816727,1451.3196083590847,65.63772332258804,0.253878726015888,0.22285756091626796,0.523263713067844,H,0.1
2025-26,2026-04-21,Brighton and Hove Albion,Chelsea,H,1546.5174782580043,1560.878820784791,-14.361342526786757,0.3239506450015715,0.2547648434429202,0.42128451155550833,H,0.1
2025-26,2026-04-22,Burnley,Manchester City,A,1346.719468233543,1700.0043526844738,-353.2848844509308,0.7492639472510654,0.11224471038993519,0.13849134235899946,A,0.1
2025-26,2026-04-22,Bournemouth,Leeds United,D,1537.0997663040264,1470.7559736886385,66.34379261538788,0.2533104711448568,0.22247068990033952,0.5242188389548037,H,0.1
2025-26,2026-04-24,Sunderland,Nottingham Forest,A,1468.7554448892336,1490.5772659291708,-21.821821039937277,0.33114141505847294,0.256325344943426,0.4125332399981011,H,0.1
2025-26,2026-04-25,Arsenal,Newcastle United,H,1697.1995955164266,1525.4874191603449,171.71217635608173,0.17643073352651373,0.1539087697871833,0.669660496686303,H,0.1
2025-26,2026-04-25,Wolverhampton Wanderers,Tottenham,A,1381.280188277911,1436.9828608206672,-55.70267254275609,0.3654469657815279,0.2599531153014842,0.37459991891698785,H,0.1
2025-26,2026-04-25,Fulham,Aston Villa,H,1500.8470376981793,1565.3814073584165,-64.53436966023719,0.3748550230922728,0.2599478008252213,0.36519717608250585,A,0.1
2025-26,2026-04-25,West Ham,Everton,H,1454.7859611601177,1516.2732208659095,-61.48725970579176,0.37158666113267314,0.25999438380311457,0.3684189550642123,A,0.1
2025-26,2026-04-25,Liverpool,Crystal Palace,H,1632.630515016759,1513.4909788806397,119.13953613611943,0.21289471265420193,0.19005114475098067,0.5970541425948174,H,0.1
2025-26,2026-04-27,Manchester United,Brentford,H,1556.282902874833,1525.2912561822739,30.991646692559243,0.282766907402822,0.23980529815523607,0.4774277944419419,H,0.1
2025-26,2026-05-01,Leeds United,Burnley,H,1474.2401943384714,1344.8560591018631,129.38413523660824,0.20550081199716022,0.18317176151602038,0.6113274264868194,H,0.1
2025-26,2026-05-02,Newcastle United,Brighton and Hove Albion,H,1522.8059475676985,1558.491641002594,-35.685693434895484,0.34484485364348255,0.2585032677532927,0.39665187860322476,H,0.1
2025-26,2026-05-02,Wolverhampton Wanderers,Sunderland,D,1374.436271376516,1449.072089943322,-74.63581856680594,0.3858602330813287,0.2594566830405759,0.3546830838780954,A,0.1
2025-26,2026-05-02,Arsenal,Fulham,H,1699.881067109073,1507.6688568551149,192.21221025395812,0.16321396603488675,0.13969765342734924,0.697088380537764,H,0.1
2025-26,2026-05-02,Brentford,West Ham,H,1520.2063383806935,1461.5578386395473,58.648499741146225,0.2595461259374962,0.22660453742086956,0.5138493366416342,H,0.1
2025-26,2026-05-03,Aston Villa,Tottenham,A,1558.559588201481,1443.8267777220622,114.73281047941873,0.2161186056076951,0.19296752560856678,0.5909138687837381,H,0.1
2025-26,2026-05-03,Bournemouth,Crystal Palace,H,1533.6155456541935,1508.0122787687835,25.603266885409994,0.2874477806784427,0.24204409470594843,0.47050812461560887,H,0.1
2025-26,2026-05-03,Manchester United,Liverpool,H,1561.3678206764134,1638.1092151286152,-76.7413944522018,0.3881873277779205,0.2592893390672945,0.35252333315478496,A,0.1
2025-26,2026-05-04,Chelsea,Nottingham Forest,A,1548.9046580402014,1510.2606208750824,38.644037165119016,0.2762098499676692,0.2364308533889503,0.4873592966433805,H,0.1
2025-26,2026-05-04,Everton,Manchester City,D,1509.50134338648,1701.8677618161537,-192.3664184296738,0.5323940724966817,0.21911120741446943,0.24849472008884893,A,0.1
2025-26,2026-05-09,Brighton and Hove Albion,Wolverhampton Wanderers,H,1548.4362054002638,1374.8572750975575,173.57893030270634,0.17520364735976324,0.1526087958616986,0.6721875567785381,H,0.1
2025-26,2026-05-09,Fulham,Bournemouth,A,1502.8314274407694,1544.0093706940822,-41.17794325331283,0.35039979968682267,0.2591020409995785,0.39049815931359877,H,0.1
2025-26,2026-05-09,Liverpool,Chelsea,D,1631.0888905423758,1535.122635062535,95.96625547984081,0.23014543747337443,0.2050242336811027,0.5648303288455229,H,0.1
2025-26,2026-05-09,Sunderland,Manchester United,D,1448.6510862222806,1568.3881452626529,-119.73705904037229,0.4382075328239849,0.25109537317704717,0.310697093998968,A,0.1
2025-26,2026-05-09,Manchester City,Brentford,H,1698.2321692054845,1529.2693474542398,168.96282175124475,0.17824650858437305,0.15582424888230403,0.6659292425333229,H,0.1
2025-26,2026-05-10,Nottingham Forest,Newcastle United,D,1524.0426438527488,1532.8613831700286,-8.818739317279778,0.3186887922338511,0.25343322266845103,0.42787798509769787,H,0.1
2025-26,2026-05-10,West Ham,Arsenal,A,1452.494829566001,1704.7184965234185,-252.22366695741744,0.6152800902263529,0.1812436740588069,0.20347623571484014,A,0.1
2025-26,2026-05-10,Crystal Palace,Everton,D,1497.6184537288948,1513.136935997149,-15.518482268254274,0.3250577476102583,0.2550244218322017,0.41991783055753995,H,0.1
2025-26,2026-05-10,Burnley,Aston Villa,D,1339.6352379649475,1548.9121847240992,-209.27694675915177,0.5555822501604208,0.20915346881113733,0.23526428102844177,A,0.1
2025-26,2026-05-11,Tottenham,Leeds United,D,1453.4741811994438,1479.461015475387,-25.986834275943238,0.3352110338793531,0.25707910111005894,0.407709865010588,H,0.1
2025-26,2026-05-13,Manchester City,Crystal Palace,H,1703.668902730534,1496.3451222838482,207.32378044668576,0.15384079100504372,0.12938733496305324,0.7167718740319031,H,0.1
2025-26,2026-05-15,Aston Villa,Liverpool,H,1544.8618670391945,1626.8788893630708,-82.01702232387629,0.39406839978372343,0.2587720999600809,0.3471595002561957,A,0.1
2025-26,2026-05-17,Newcastle United,West Ham,H,1534.3239340921862,1449.403985580009,84.91994851217714,0.23863289178703678,0.21178805014859742,0.5495790580643659,H,0.1
2025-26,2026-05-17,Brentford,Crystal Palace,D,1523.8326139291903,1491.8677815030612,31.964832426129078,0.28192717937414496,0.23938869281808298,0.4786841278077721,H,0.1
2025-26,2026-05-17,Everton,Sunderland,A,1514.4102674421956,1450.353712087552,64.0565553546437,0.2551541012329618,0.2237184585358476,0.5211274402311906,H,0.1
2025-26,2026-05-17,Leeds United,Brighton and Hove Albion,H,1480.4368775252979,1553.7494969399565,-73.31261941465868,0.38440368991380386,0.25955040170344024,0.3560459083827559,A,0.1
2025-26,2026-05-17,Manchester United,Nottingham Forest,H,1566.6855193973815,1522.5800929305913,44.10542646679028,0.2715933400964585,0.23388800155874587,0.4945186583447956,H,0.1
2025-26,2026-05-17,Wolverhampton Wanderers,Fulham,D,1369.5439835578647,1495.6590623095149,-126.11507875165012,0.4460253085265032,0.24913479502820493,0.3048398964452919,A,0.1
2025-26,2026-05-18,Arsenal,Burnley,H,1707.8093405094105,1343.6855556498522,364.1237848595583,0.07205925895421163,0.1,0.8279407410457884,H,0.1
2025-26,2026-05-19,Bournemouth,Manchester City,D,1551.1817358253368,1708.146243511321,-156.96450768598424,0.48516935202011213,0.2371906135325551,0.27764003444733276,A,0.1
2025-26,2026-05-19,Chelsea,Tottenham,H,1539.33263624184,1452.498319149533,86.83431709230695,0.23714941487381347,0.21063602911297383,0.5522145560132127,H,0.1
2025-26,2026-05-24,Manchester City,Aston Villa,A,1705.4256514308559,1556.123415286933,149.30223614392276,0.19152509932323158,0.16950369668753432,0.6389712039892341,H,0.1
2025-26,2026-05-24,Sunderland,Chelsea,H,1464.6866275739537,1543.3393488650254,-78.65272129107166,0.39030967231481206,0.2591180982545693,0.35057222943061866,A,0.1
2025-26,2026-05-24,Nottingham Forest,Bournemouth,D,1517.762149087124,1553.902327905802,-36.140178818677896,0.3453017676380022,0.25855854498575626,0.39613968737624156,H,0.1
2025-26,2026-05-24,Fulham,Newcastle United,H,1493.7787592784732,1540.7288499551419,-46.95009067666865,0.3563169998041502,0.2595679566801203,0.38411504351572945,H,0.1
2025-26,2026-05-24,Liverpool,Brentford,D,1615.6173411153322,1521.2457874308752,94.37155368445701,0.23135997357665666,0.20601750821924175,0.5626225182041016,H,0.1
2025-26,2026-05-24,Brighton and Hove Albion,Manchester United,A,1546.7846589169196,1571.5034632408488,-24.718804323929135,0.33396780792418823,0.25685860145790274,0.40917359061790903,H,0.1
2025-26,2026-05-24,Crystal Palace,Arsenal,A,1494.4546080013763,1708.761668244037,-214.30706024266078,0.5625332677667105,0.20605756430294273,0.23140916793034674,A,0.1
2025-26,2026-05-24,Burnley,Wolverhampton Wanderers,D,1342.7332279152256,1371.4242865889064,-28.6910586736808,0.3378748544700592,0.25752295943780695,0.4046021860921338,H,0.1
2025-26,2026-05-24,Tottenham,Everton,H,1448.4916065263476,1500.0773519557938,-51.585745429446206,0.36112870377224016,0.2598202973182122,0.37905099890954763,H,0.1
2025-26,2026-05-24,West Ham,Leeds United,H,1442.9990697170533,1487.4017155483348,-44.40264583128146,0.35369545828790333,0.2593830364993598,0.3869215052127369,H,0.1
