Season,Date,HomeTeam,AwayTeam,ActualResult,HomeElo,AwayElo,EloDifference,AwayProbability,DrawProbability,HomeProbability,PredictedResult,RegressionRate
2015-16,2015-08-08,Manchester United,Tottenham,H,1498.9031628763178,1450.7788496496667,48.12431322665111,0.2682289051352809,0.23194795321021122,0.49982314165450786,H,0.3
2015-16,2015-08-08,Norwich City,Crystal Palace,A,1420.0,1414.4295874356667,5.57041256433331,0.30533680875728836,0.24930935910682991,0.4453538321358817,H,0.3
2015-16,2015-08-08,Bournemouth,Aston Villa,A,1420.0,1345.2125959488776,74.7874040511224,0.2465745034689197,0.21773162572490376,0.5356938708061765,H,0.3
2015-16,2015-08-08,Chelsea,Swansea,D,1548.2625301048104,1415.6122158064557,132.65031429835471,0.20317296499271914,0.18095327023382335,0.6158737647734575,H,0.3
2015-16,2015-08-08,Everton,Watford,D,1407.3585458638754,1420.0,-12.641454136124594,0.32231062922077175,0.2543672212993694,0.42332214947985886,H,0.3
2015-16,2015-08-08,Leicester City,Sunderland,H,1396.3889069159181,1365.158365476907,31.230541439011176,0.2825606140292984,0.23970337464686278,0.47773601132383886,H,0.3
2015-16,2015-08-09,Arsenal,West Ham,A,1531.0141546008447,1386.784225472714,144.2299291281306,0.19503419896236135,0.17301161671108342,0.6319541843265551,H,0.3
2015-16,2015-08-09,Newcastle United,Southampton,D,1345.5560769543688,1448.1221967276606,-102.5661197732918,0.41766309814481895,0.25543999876921697,0.3268969030859641,A,0.3
2015-16,2015-08-09,Stoke,Liverpool,A,1435.0774137679975,1444.8228949097038,-9.74548114170625,0.31956389577693506,0.25366598509916016,0.4267701191239048,H,0.3
2015-16,2015-08-10,West Bromwich Albion,Manchester City,A,1391.4850422912061,1543.6854267191266,-152.20038442792043,0.47898851159851014,0.23928730025625897,0.2817241881452309,A,0.3
2015-16,2015-08-14,Aston Villa,Manchester United,A,1354.393770141484,1503.640919430413,-149.247149288929,0.47518073632300684,0.2405427681554738,0.28427649552151935,A,0.3
2015-16,2015-08-15,West Ham,Leicester City,A,1402.54157278081,1404.4404893905112,-1.8989166097012458,0.3122131481800984,0.251568535708545,0.43621831611135664,H,0.3
2015-16,2015-08-15,Watford,West Bromwich Albion,D,1421.354708686964,1381.8813710199395,39.47333766702445,0.27550549921164597,0.2360518087800754,0.48844269200827867,H,0.3
2015-16,2015-08-15,Tottenham,Stoke,D,1446.0410930955713,1427.1852397665516,18.855853329019737,0.29338586814208933,0.24468130706256344,0.46193282479534725,H,0.3
2015-16,2015-08-15,Southampton,Everton,A,1446.9031385603025,1406.0038371769115,40.89930138339105,0.274297196558023,0.2353940774797758,0.4903087259622012,H,0.3
2015-16,2015-08-15,Sunderland,Norwich City,A,1357.106783002314,1406.9976936551077,-49.890910652793764,0.35936330814937884,0.25974065327413626,0.38089603857648496,H,0.3
2015-16,2015-08-15,Swansea,Newcastle United,H,1420.6510101118618,1346.7751351217269,73.87587499013489,0.24729644529589506,0.2182529642394487,0.5344505904646562,H,0.3
2015-16,2015-08-16,Crystal Palace,Arsenal,A,1427.431893780559,1515.2568072927488,-87.82491351218982,0.4006262804112198,0.2580416051187001,0.34133211447008016,A,0.3
2015-16,2015-08-16,Manchester City,Chelsea,H,1553.2890979903932,1543.2237357994043,10.065362190988935,0.30125399259645114,0.2478294144234206,0.4509165929801283,H,0.3
2015-16,2015-08-17,Liverpool,Bournemouth,H,1452.7150689111497,1410.8188258073935,41.896243103756206,0.2734545315707007,0.23492978131422734,0.4916156871150719,H,0.3
2015-16,2015-08-22,Sunderland,Swansea,D,1346.0517963096988,1427.3758508824408,-81.32405457274194,0.3932917897189446,0.2588480090713315,0.347860201209724,A,0.3
2015-16,2015-08-22,West Ham,Bournemouth,A,1394.4686161456202,1405.9564731277812,-11.48785698216102,0.32121427163923605,0.25409264268670434,0.42469308567405967,H,0.3
2015-16,2015-08-22,Norwich City,Stoke,D,1418.0526803477228,1429.4167078637831,-11.364027516060332,0.3210967606275794,0.2540627940153316,0.424840445357089,H,0.3
2015-16,2015-08-22,Leicester City,Tottenham,D,1412.513446025701,1443.8096249983398,-31.296178972638927,0.3404572584452065,0.25791643609470005,0.4016263054600934,H,0.3
2015-16,2015-08-22,Crystal Palace,Aston Villa,H,1421.2991764075396,1349.5343207900414,71.76485561749814,0.24897323307608343,0.21945146077880898,0.5315753061451076,H,0.3
2015-16,2015-08-22,Manchester United,Newcastle United,D,1508.5003687818557,1340.0502943511478,168.4500744307079,0.1785862672928493,0.1561815581982126,0.665232174508938,H,0.3
2015-16,2015-08-23,Everton,Manchester City,A,1423.4587529176324,1564.3430985115158,-140.88434559388338,0.464500144874758,0.24390826796694337,0.2915915871582987,A,0.3
2015-16,2015-08-23,Watford,Southampton,D,1418.567383640005,1429.4482228195816,-10.880839179576697,0.32063854951994625,0.25394562926589326,0.4254158212141605,H,0.3
2015-16,2015-08-23,West Bromwich Albion,Chelsea,A,1384.6686960668985,1532.1697352782817,-147.50103921138316,0.4729380957163417,0.24126882990736065,0.28579307437629764,A,0.3
2015-16,2015-08-24,Arsenal,Liverpool,D,1521.3895246657682,1457.577421590762,63.812103075006235,0.25535162741897555,0.2238508762437136,0.5207974963373109,H,0.3
2015-16,2015-08-29,Chelsea,Crystal Palace,A,1537.0634214912372,1425.5813819030227,111.48203958821455,0.2185136881978016,0.19510010470897823,0.5863862070932202,H,0.3
2015-16,2015-08-29,Liverpool,West Ham,A,1460.9974585500731,1386.6165512912085,74.38090725886468,0.24689629867452287,0.21796439982555624,0.5351393014999208,H,0.3
2015-16,2015-08-29,Aston Villa,Sunderland,D,1345.2521152945583,1346.664782432185,-1.4126671376266131,0.3117619528415463,0.251429180585813,0.43680886657264073,H,0.3
2015-16,2015-08-29,Bournemouth,Leicester City,D,1413.808537982193,1411.6891581693176,2.1193798128754224,0.3084994432349009,0.25038453292472457,0.44111602384037457,H,0.3
2015-16,2015-08-29,Newcastle United,Arsenal,A,1345.8174817354027,1517.9694877064571,-172.15200597105445,0.5051686127502384,0.2299470102843123,0.26488437696544925,A,0.3
2015-16,2015-08-29,Stoke,West Bromwich Albion,A,1430.8074909470934,1379.775009853943,51.03248109315041,0.265811299321976,0.23050877637527764,0.5036799243027463,H,0.3
2015-16,2015-08-29,Tottenham,Everton,D,1444.6339128547233,1415.4950019201433,29.138910934580053,0.28437034241793036,0.24058812840006102,0.4750415291820086,H,0.3
2015-16,2015-08-29,Manchester City,Watford,H,1572.306849509005,1417.162964929997,155.14388457900782,0.18752601927586549,0.16544870552846513,0.6470252751956693,H,0.3
2015-16,2015-08-30,Southampton,Norwich City,H,1430.8526415295894,1416.6618972644126,14.190744265176818,0.2975425484300394,0.2463932971435982,0.45606415442636233,H,0.3
2015-16,2015-08-30,Swansea,Manchester United,H,1426.7628647599547,1502.733181397601,-75.97031663764619,0.3873337972548319,0.2593532153541786,0.35331298739098943,A,0.3
2015-16,2015-09-12,Everton,Chelsea,H,1418.0057762956133,1527.4510733956927,-109.44529710007942,0.4258045151709962,0.2538659230720308,0.32032956175697297,A,0.3
2015-16,2015-09-12,Watford,Swansea,H,1412.5509767700464,1433.7707308673587,-21.21975409731226,0.3305564356914748,0.2562093886579106,0.41323417565061454,H,0.3
2015-16,2015-09-12,Norwich City,Bournemouth,H,1405.785190302698,1412.0394098567704,-6.254219554072279,0.31627688987235447,0.25276812324736303,0.43095498688028244,H,0.3
2015-16,2015-09-12,West Bromwich Albion,Southampton,D,1388.643452180564,1441.7293484913039,-53.08589631073983,0.36269729575712106,0.2598786488774985,0.3774240553653805,H,0.3
2015-16,2015-09-12,Arsenal,Stoke,H,1522.392023488538,1421.9390486204722,100.45297486806567,0.22674751899397186,0.2022013697468004,0.5710511112592278,H,0.3
2015-16,2015-09-12,Manchester United,Liverpool,H,1495.725315290197,1442.6453801423038,53.07993514789314,0.264117659479294,0.22947816505973212,0.5064041754609738,H,0.3
2015-16,2015-09-12,Crystal Palace,Manchester City,A,1435.1937299985673,1576.9188376689556,-141.7251076703883,0.46556695368846657,0.2435828394666112,0.2908502068449222,A,0.3
2015-16,2015-09-13,Leicester City,Aston Villa,H,1413.4582862947402,1343.5816398968002,69.87664639794002,0.25047880000537487,0.2205127733923164,0.5290084266023086,H,0.3
2015-16,2015-09-13,Sunderland,Tottenham,A,1348.335257829943,1442.1231384792534,-93.78788064931041,0.4074502463379351,0.2571174513445887,0.3354323023174763,A,0.3
2015-16,2015-09-14,West Ham,Newcastle United,H,1404.9686296989778,1341.394945953322,63.5736837456559,0.2555443693541498,0.2239798496379303,0.5204757810079199,H,0.3
2015-16,2015-09-19,Swansea,Everton,D,1427.6685997483505,1429.9506850447556,-2.2820852964050573,0.3125690460695883,0.25167758435774884,0.4357533695726629,H,0.3
2015-16,2015-09-19,Stoke,Leicester City,D,1415.966866725526,1417.7758410305653,-1.808974305039328,0.31212965223711875,0.25154284071909383,0.4363275070437874,H,0.3
2015-16,2015-09-19,Newcastle United,Watford,A,1334.362671520667,1418.6531078890546,-84.29043636838765,0.3966249642838926,0.25850619664415897,0.3448688390719484,A,0.3
2015-16,2015-09-19,Manchester City,West Ham,A,1581.9266751829011,1412.0009041316328,169.92577105126838,0.17760938748799432,0.15515326969174098,0.6672373428202647,H,0.3
2015-16,2015-09-19,Chelsea,Arsenal,H,1515.5061646465504,1528.3642053834842,-12.858040736933845,0.322516796693444,0.25441806888170126,0.4230651344248547,H,0.3
2015-16,2015-09-19,Bournemouth,Sunderland,H,1402.7656969994564,1342.331687390586,60.43400960887038,0.25809091830855185,0.22566183683224433,0.5162472448592038,H,0.3
2015-16,2015-09-19,Aston Villa,West Bromwich Albion,A,1339.2640851609751,1388.4444745455326,-49.18038938455743,0.35862533396928364,0.259702937087786,0.38167172894293033,H,0.3
2015-16,2015-09-20,Liverpool,Norwich City,D,1435.291221080235,1415.058903160012,20.23231792022284,0.29216747104072405,0.2441586227223569,0.46367390623691906,H,0.3
2015-16,2015-09-20,Southampton,Manchester United,A,1441.9283261263354,1503.0794743522658,-61.151148225930456,0.37122759363108415,0.2599966354028066,0.3687757709661092,A,0.3
2015-16,2015-09-20,Tottenham,Crystal Palace,H,1448.1267089186103,1430.1858924846217,17.94081643398863,0.2941978447603075,0.24502437533850324,0.4607777799011892,H,0.3
2015-16,2015-09-26,Tottenham,Manchester City,H,1453.4851041168167,1571.7631162326682,-118.27801211585142,0.4364331285417428,0.251517954869603,0.31204891658865425,A,0.3
2015-16,2015-09-26,Stoke,Bournemouth,H,1414.3074817725383,1409.8933632370035,4.414118535534726,0.3063937388091244,0.2496755582662442,0.4439307029246314,H,0.3
2015-16,2015-09-26,West Ham,Norwich City,D,1422.1644630818657,1417.3279828948887,4.836480186977042,0.3060073538929084,0.2495424891239754,0.44445015698311624,H,0.3
2015-16,2015-09-26,Southampton,Swansea,H,1435.2066554798457,1426.0224600506997,9.18419542914603,0.30205114702078784,0.24812655711333978,0.4498222958658724,H,0.3
2015-16,2015-09-26,Manchester United,Sunderland,H,1509.8011449987555,1335.2040211530389,174.59712384571662,0.17453632746489345,0.15190002040576478,0.6735636521293418,H,0.3
2015-16,2015-09-26,Liverpool,Aston Villa,H,1433.0221413453582,1332.2731090969705,100.74903224838772,0.22652429740772778,0.20201368168918954,0.5714620209030827,H,0.3
2015-16,2015-09-26,Newcastle United,Chelsea,D,1328.1529339751617,1524.955484247302,-196.80255027214025,0.5384460464632492,0.21657102787061333,0.24498292566613736,A,0.3
2015-16,2015-09-26,Leicester City,Arsenal,A,1419.435225983553,1518.9148857827327,-99.47965979917967,0.4140496154691756,0.256072473165139,0.32987791136568545,A,0.3
2015-16,2015-09-27,Watford,Crystal Palace,A,1424.8628454345599,1424.8274972864153,0.035348148144521474,0.31042127719761947,0.2510077826443673,0.43857094015801323,H,0.3
2015-16,2015-09-28,West Bromwich Albion,Everton,A,1395.4354506095372,1431.5968247424064,-36.16137413286924,0.3453230883044589,0.2585610977175108,0.3961158139780303,H,0.3
2015-16,2015-10-03,Norwich City,Leicester City,A,1419.172761594333,1407.6726844966427,11.500077097690337,0.2999593963652838,0.24733834248859632,0.4527022611461199,H,0.3
2015-16,2015-10-03,Sunderland,West Ham,D,1329.9176582161606,1420.3196843824214,-90.40202616626084,0.4035642035915926,0.25766374680967324,0.33877204959873425,A,0.3
2015-16,2015-10-03,Aston Villa,Stoke,A,1328.5101609290143,1419.9570563517907,-91.44689542277638,0.4047602639765826,0.257501188037408,0.33773854798600933,A,0.3
2015-16,2015-10-03,Bournemouth,Watford,D,1404.243788657751,1416.745556114267,-12.501767456515836,0.32217771731819,0.25433430913402055,0.42348797354778944,H,0.3
2015-16,2015-10-03,Chelsea,Southampton,A,1521.2096038773243,1443.9968997843748,77.21270409294948,0.24465972925750665,0.21633346224734804,0.5390068084951453,H,0.3
2015-16,2015-10-03,Crystal Palace,West Bromwich Albion,H,1432.9447866067082,1388.1489029842985,44.79588362240975,0.2710133640544006,0.23355878622572268,0.49542784971987675,H,0.3
2015-16,2015-10-03,Manchester City,Newcastle United,H,1556.4212235804514,1331.8988143451393,224.52240923531213,0.1435640316111609,0.1179339800909828,0.7385019882978563,H,0.3
2015-16,2015-10-04,Swansea,Tottenham,D,1417.2322157461706,1468.8269967690335,-51.59478102286289,0.361138134748577,0.2598206829230905,0.37904118232833256,H,0.3
2015-16,2015-10-04,Arsenal,Manchester United,H,1530.677427269643,1515.0875079356338,15.58991933400921,0.29629140631639483,0.24588955021819683,0.45781904346540836,H,0.3
2015-16,2015-10-04,Everton,Liverpool,D,1438.883372367645,1436.7850895133145,2.0982828543305914,0.3085188528817553,0.25039094083321045,0.44109020628503426,H,0.3
2015-16,2015-10-17,Chelsea,Aston Villa,H,1506.6094820676376,1322.4560104762031,184.15347159143448,0.16834142272770056,0.14526269064243694,0.6863958866298625,H,0.3
2015-16,2015-10-17,Crystal Palace,West Ham,A,1440.5591242148016,1419.446870294272,21.11225392052961,0.29139048550225616,0.24382034256422802,0.4647891719335158,H,0.3
2015-16,2015-10-17,Everton,Manchester United,A,1437.1148324629828,1504.270607079716,-67.1557746167332,0.3776857619747616,0.2598700195255331,0.3624442184997053,A,0.3
2015-16,2015-10-17,Manchester City,Bournemouth,H,1561.7136001269735,1402.8851334658789,158.82846666109458,0.18502692490742417,0.16288524103218102,0.6520878340603948,H,0.3
2015-16,2015-10-17,Southampton,Leicester City,D,1458.5970215940615,1415.9674487969603,42.62957279710122,0.2728357836075947,0.2345859325196338,0.4925782838727715,H,0.3
2015-16,2015-10-17,Tottenham,Liverpool,D,1469.068871233325,1438.5536294179767,30.51524181534819,0.2831786088974416,0.24000788512533938,0.47681350597721905,H,0.3
2015-16,2015-10-17,Watford,Arsenal,A,1418.1042113061392,1541.4943281255607,-123.39011681942156,0.44267310026011,0.24999485873576655,0.3073320410041235,A,0.3
2015-16,2015-10-17,West Bromwich Albion,Sunderland,H,1380.5345653762051,1330.79047230431,49.74409307189512,0.26688061190408746,0.2311499719354835,0.5019694161604291,H,0.3
2015-16,2015-10-18,Newcastle United,Norwich City,H,1326.6064377986172,1410.8779972940154,-84.27155949539815,0.3966036811244023,0.2585085108368983,0.3448878080386994,A,0.3
2015-16,2015-10-19,Swansea,Stoke,A,1416.9903412818792,1426.011206804602,-9.020865522722715,0.31887949628565104,0.25348433345516014,0.42763617025918876,H,0.3
2015-16,2015-10-24,West Ham,Chelsea,H,1432.8238365916068,1510.6026838178802,-77.77884722627346,0.38933814539660055,0.25919867171663996,0.35146318288675954,A,0.3
2015-16,2015-10-24,Norwich City,West Bromwich Albion,A,1394.2962710195416,1385.2402238892641,9.05604713027742,0.3021672074858495,0.24816948684685208,0.44966330566729845,H,0.3
2015-16,2015-10-24,Stoke,Watford,A,1433.9200656529547,1407.3462594793543,26.57380617360036,0.2866007111849066,0.24164942965852712,0.4717498591565663,H,0.3
2015-16,2015-10-24,Aston Villa,Swansea,A,1318.4628087259605,1409.0814824335264,-90.6186737075659,0.4038119673381268,0.25763048420329077,0.33855754845858244,A,0.3
2015-16,2015-10-24,Leicester City,Crystal Palace,H,1418.838345865635,1427.1821579174668,-8.343812051831947,0.3182410529075543,0.2533123749598067,0.428446572132639,H,0.3
2015-16,2015-10-24,Arsenal,Everton,H,1552.2522799523456,1423.9395494780256,128.31273047432,0.20626751124187237,0.18389705525371655,0.609835433504411,H,0.3
2015-16,2015-10-25,Liverpool,Southampton,D,1441.1014834455375,1455.726124525387,-14.624641079849425,0.3242022956586767,0.25482447101291295,0.42097323332841036,H,0.3
2015-16,2015-10-25,Bournemouth,Tottenham,A,1396.2495292283431,1466.521017205764,-70.27148797742097,0.381073217817686,0.2597322580596318,0.35919452412268227,A,0.3
2015-16,2015-10-25,Sunderland,Newcastle United,H,1326.084813791251,1343.188164073091,-17.103350281839994,0.32657894184844566,0.2553695429580067,0.4180515151935476,H,0.3
2015-16,2015-10-25,Manchester United,Manchester City,D,1517.4458900646732,1568.3492043645092,-50.90331429983598,0.360416999650368,0.2597899782343678,0.3797930221152642,H,0.3
2015-16,2015-10-31,West Bromwich Albion,Leicester City,A,1393.4975398708618,1424.7244602543772,-31.226920383515335,0.34038839679961796,0.25790640986609625,0.4017051933342858,H,0.3
2015-16,2015-10-31,Swansea,Arsenal,A,1415.1535656093263,1555.5630019040743,-140.40943629474805,0.46389825302832544,0.24409079084592245,0.2920109561257521,A,0.3
2015-16,2015-10-31,Newcastle United,Stoke,D,1331.1219902704781,1420.414841559822,-89.29285128934384,0.4022976276741777,0.25783040661327966,0.3398719657125425,A,0.3
2015-16,2015-10-31,Watford,West Ham,H,1420.851483572487,1439.860905203085,-19.0094216305979,0.3284159191276155,0.2557686076037001,0.4158154732686844,H,0.3
2015-16,2015-10-31,Crystal Palace,Manchester United,D,1421.2960435287246,1517.1841262152907,-95.88808268656612,0.4098756084031747,0.25675028287412904,0.33337410872269624,A,0.3
2015-16,2015-10-31,Chelsea,Liverpool,A,1503.565615206402,1439.802850654935,63.76276455146717,0.2553915061137096,0.22387758031321886,0.5207309135730716,H,0.3
2015-16,2015-10-31,Manchester City,Norwich City,H,1568.6109682138917,1386.0389550379439,182.57201317594786,0.16935805244595892,0.14635873794815646,0.6842832096058846,H,0.3
2015-16,2015-11-01,Everton,Sunderland,H,1420.6288275262968,1338.1509875938639,82.47783993243297,0.24053307756847464,0.21324464603383683,0.5462222763976885,H,0.3
2015-16,2015-11-01,Southampton,Bournemouth,H,1457.0247573159895,1381.1142655490132,75.91049176697629,0.24568672754824403,0.21708615643806556,0.5372271160136904,H,0.3
2015-16,2015-11-02,Tottenham,Aston Villa,H,1481.656280885094,1312.3907255501606,169.26555533493342,0.17804607543551407,0.15561329693812617,0.6663406276263597,H,0.3
2015-16,2015-11-07,Sunderland,Southampton,A,1328.665592281491,1463.6899034301807,-135.02431114868978,0.45710909361715535,0.24609419584609082,0.2967967105367538,A,0.3
2015-16,2015-11-07,Leicester City,Watford,H,1432.1236329261815,1430.4643785613073,1.6592543648741866,0.30892297840025607,0.25052383265029377,0.44055318894945017,H,0.3
2015-16,2015-11-07,Manchester United,West Bromwich Albion,H,1516.154842275886,1386.0983671990575,130.05647507682852,0.20502046577726793,0.18271598667613584,0.6122635475465962,H,0.3
2015-16,2015-11-07,Bournemouth,Newcastle United,A,1374.449119434822,1331.963114220016,42.48600521480603,0.2729568458016747,0.2346534038834392,0.4923897503148862,H,0.3
2015-16,2015-11-07,Norwich City,Swansea,H,1383.499371208456,1405.0855054319945,-21.586134223538465,0.33091231868929044,0.25628016223421607,0.41280751907649343,H,0.3
2015-16,2015-11-07,West Ham,Everton,D,1430.2480102142647,1430.1142228386698,0.13378737559492038,0.31033029507924786,0.2509787876332622,0.43869091728748993,H,0.3
2015-16,2015-11-07,Stoke,Chelsea,H,1419.5737176102841,1489.2388102479104,-69.66509263762623,0.3804119783030988,0.25976292412800556,0.3598250975688957,A,0.3
2015-16,2015-11-08,Liverpool,Crystal Palace,A,1454.1296556134266,1422.3253274681292,31.804328145297404,0.2820655544768533,0.2394576572999582,0.47847678822318856,H,0.3
2015-16,2015-11-08,Aston Villa,Manchester City,D,1308.088685908155,1571.1505520433795,-263.0618661352246,0.6303356024273562,0.17381728537770025,0.19584711219494358,A,0.3
2015-16,2015-11-08,Arsenal,Tottenham,D,1565.631062081406,1485.9583205270997,79.67274155430641,0.2427265145419251,0.21489922180546853,0.5423742636526064,H,0.3
2015-16,2015-11-21,Watford,Manchester United,A,1424.7545848424031,1521.3590532430753,-96.6044684006722,0.41070551249220544,0.2566201038080399,0.3326743836997546,A,0.3
2015-16,2015-11-21,West Bromwich Albion,Arsenal,H,1380.8941562318682,1561.8143832876367,-180.92022705576846,0.5169010946682683,0.22540337596335736,0.25769552936837437,A,0.3
2015-16,2015-11-21,Chelsea,Norwich City,H,1482.333237431343,1389.6076457730683,92.72559165827465,0.23261732840849875,0.2070369726893513,0.5603456989021499,H,0.3
2015-16,2015-11-21,Everton,Aston Villa,H,1431.8279342808685,1313.347673811709,118.48026046915948,0.21337536033455012,0.19048923057149775,0.5961354090939521,H,0.3
2015-16,2015-11-21,Manchester City,Liverpool,A,1565.8915641398255,1445.5324067548113,120.35915738501421,0.2120070860470079,0.18923913098610162,0.5987537829668904,H,0.3
2015-16,2015-11-21,Newcastle United,Leicester City,A,1340.7129367632804,1437.8334266450856,-97.12048988180527,0.41130412295127805,0.25652478197964973,0.33217109506907233,A,0.3
2015-16,2015-11-21,Southampton,Stoke,A,1468.8318638261765,1426.4792904268515,42.35257339932491,0.2730693930048768,0.2347160444982206,0.4922145624969026,H,0.3
2015-16,2015-11-21,Swansea,Bournemouth,D,1398.9772308673823,1365.6992968915577,33.27793397582468,0.2807968696651049,0.23882072002103172,0.48038241031386336,H,0.3
2015-16,2015-11-22,Tottenham,West Ham,H,1489.774999320869,1428.534298772066,61.240700548803034,0.2574351282659666,0.22523261362795363,0.5173322581060797,H,0.3
2015-16,2015-11-23,Crystal Palace,Sunderland,A,1430.9225763267445,1323.5236318854952,107.39894444124934,0.2215424302248014,0.1977542931821362,0.5807032765930623,H,0.3
2015-16,2015-11-28,Sunderland,Stoke,H,1333.0912167426732,1435.2272363228437,-102.13601958017057,0.4171580916205575,0.2555308917235664,0.32731101665587614,A,0.3
2015-16,2015-11-28,Manchester City,Southampton,H,1546.47785978785,1460.0839179301843,86.39394185766582,0.23749019802956337,0.21090181705328995,0.5516079849171467,H,0.3
2015-16,2015-11-28,Leicester City,Manchester United,D,1449.6971141554409,1527.3019814126214,-77.60486725718056,0.38914495975988506,0.25921425462586567,0.3516407856142493,A,0.3
2015-16,2015-11-28,Bournemouth,Everton,D,1368.321353822144,1439.8788473632,-71.55749354105615,0.38247866725322716,0.2596610641689665,0.35786026857780634,A,0.3
2015-16,2015-11-28,Aston Villa,Watford,A,1305.2967607293774,1418.811656672857,-113.51489594347959,0.43067728714888803,0.2528292610996542,0.3164934517514578,A,0.3
2015-16,2015-11-28,Crystal Palace,Newcastle United,H,1421.3549914695666,1328.8492492529251,92.50574221664147,0.2327855634893125,0.20717269296801988,0.5600417435426677,H,0.3
2015-16,2015-11-29,Liverpool,Swansea,H,1464.9461111067867,1396.355173936796,68.59093716999064,0.2515070949238742,0.22122955611275888,0.5272633489633669,H,0.3
2015-16,2015-11-29,Norwich City,Arsenal,D,1385.705394921251,1553.266370857819,-167.56097593656818,0.4990778071074968,0.23222333631782047,0.26869885657468273,A,0.3
2015-16,2015-11-29,Tottenham,Chelsea,D,1498.7380905462605,1486.2354882831603,12.502602263100243,0.2990572173750888,0.24698988384544476,0.4539528987794665,H,0.3
2015-16,2015-11-29,West Ham,West Bromwich Albion,D,1419.5712075466745,1389.4421686616859,30.12903888498863,0.2835126632859934,0.24017145875307933,0.4763158779609273,H,0.3
2015-16,2015-12-05,Watford,Norwich City,H,1424.3957248342667,1388.7059934211836,35.68973141308311,0.2787288891759205,0.23776016238612344,0.4835109484379561,H,0.3
2015-16,2015-12-05,Stoke,Manchester City,H,1423.4614721404778,1552.840842080102,-129.3793699396242,0.45006451876961784,0.24806103497030807,0.3018744462600741,A,0.3
2015-16,2015-12-05,West Bromwich Albion,Tottenham,D,1391.9796255247636,1496.6810706194183,-104.70144509465467,0.4201773206369479,0.25497557893846023,0.3248471004245918,A,0.3
2015-16,2015-12-05,Swansea,Leicester City,A,1392.0134448114818,1450.203389746998,-58.18994493551622,0.3680765448817309,0.2599916814042939,0.3719317737139751,H,0.3
2015-16,2015-12-05,Southampton,Aston Villa,D,1453.7209356379324,1299.7126925679677,154.0082430699647,0.18829991220801562,0.166238019602084,0.6454620681899004,H,0.3
2015-16,2015-12-05,Chelsea,Bournemouth,A,1488.2925082100026,1368.6538825800403,119.63862562996223,0.21253123886715422,0.1897191010079955,0.5977496601248503,H,0.3
2015-16,2015-12-05,Arsenal,Sunderland,H,1550.2657723578864,1344.8569809250391,205.40879143284724,0.15501097383747142,0.130682820325228,0.7143062058373006,H,0.3
2015-16,2015-12-05,Manchester United,West Ham,D,1526.7957058210643,1417.0337506835967,109.76195513746757,0.21978682494119445,0.19622165212839446,0.5839915229304111,H,0.3
2015-16,2015-12-06,Newcastle United,Liverpool,H,1319.77952851017,1469.287840232101,-149.50831172193102,0.4755167244232264,0.24043312958145105,0.2840501459953226,A,0.3
2015-16,2015-12-07,Everton,Crystal Palace,D,1439.5463186053037,1430.4247122123218,9.121606392981903,0.3021078280929784,0.24814753348224253,0.4497446384247791,H,0.3
2015-16,2015-12-12,West Ham,Stoke,D,1421.564909042784,1435.8822584527818,-14.31734940999786,0.32390861311264624,0.2547548483260633,0.42133653856129044,H,0.3
2015-16,2015-12-12,Sunderland,Watford,A,1341.273604621228,1432.3020730527237,-91.02846843149564,0.4042809517172917,0.25756693310893536,0.3381521151737728,A,0.3
2015-16,2015-12-12,Norwich City,Everton,D,1380.7996452027267,1437.5826779057447,-56.78303270301808,0.36658721863537813,0.2599737248782027,0.3734390564864192,H,0.3
2015-16,2015-12-12,Crystal Palace,Southampton,H,1432.3883529118807,1448.2378101569204,-15.84945724503973,0.3253749603806512,0.25509749030491713,0.41952754931443165,H,0.3
2015-16,2015-12-12,Bournemouth,Manchester United,H,1378.3532082635115,1522.264547461877,-143.91133919836557,0.4683483511165419,0.24272297279887395,0.28892867608458406,A,0.3
2015-16,2015-12-12,Manchester City,Swansea,H,1540.420055767798,1378.4373662214532,161.98268954634477,0.1829018974447483,0.16068848623995674,0.656409616315295,H,0.3
2015-16,2015-12-13,Aston Villa,Arsenal,A,1305.1958180489796,1553.8491486616974,-248.6533306127178,0.6103097692038345,0.18366661961477856,0.20602361118138696,A,0.3
2015-16,2015-12-13,Liverpool,West Bromwich Albion,D,1456.4077197542497,1393.2591838522144,63.14853590203529,0.25588828781685585,0.22420940090273356,0.5199023112804105,H,0.3
2015-16,2015-12-13,Tottenham,Newcastle United,A,1495.4015122919675,1332.6596489880212,162.74186330394627,0.18239241437314294,0.16015955241884158,0.6574480332080155,H,0.3
2015-16,2015-12-14,Leicester City,Chelsea,H,1463.7794683370266,1478.5931825265313,-14.813714189504708,0.32438309973061696,0.25486708493953814,0.4207498153298449,H,0.3
2015-16,2015-12-19,Southampton,Tottenham,A,1442.225760253944,1485.2967406131168,-43.070980359172836,0.3523314081040218,0.2592733430852869,0.38839524881069126,H,0.3
2015-16,2015-12-19,Stoke,Crystal Palace,A,1437.1895856488031,1438.4004028148572,-1.2108171660540847,0.3115748010039904,0.25137101375681203,0.4370541852391976,H,0.3
2015-16,2015-12-19,Newcastle United,Aston Villa,D,1342.764420666872,1300.2136397603538,42.550780906518185,0.2729022198220706,0.2346229710364095,0.4924748091415199,H,0.3
2015-16,2015-12-19,West Bromwich Albion,Bournemouth,A,1396.6623447537613,1386.400526401916,10.26181835184525,0.3010764795517053,0.2477627027419424,0.45116081770635225,H,0.3
2015-16,2015-12-19,Everton,Leicester City,A,1437.6752670215826,1469.774140052474,-32.098873030891355,0.3412561798976523,0.2580309029789215,0.4007129171234262,H,0.3
2015-16,2015-12-19,Chelsea,Sunderland,H,1472.598510811084,1335.2103968097153,137.38811400136865,0.19982148568456096,0.1777170520121013,0.6224614623033378,H,0.3
2015-16,2015-12-19,Manchester United,Norwich City,A,1514.2172293234726,1380.7070560868888,133.5101732365838,0.2025624930420388,0.180367459143046,0.6170700478149153,H,0.3
2015-16,2015-12-20,Swansea,West Ham,D,1375.6235452821077,1420.2575818467626,-44.634036564654934,0.35393291985151826,0.2594011853972307,0.38666589475125107,H,0.3
2015-16,2015-12-20,Watford,Liverpool,H,1438.3652808642364,1453.0045588527028,-14.639277988466347,0.3242162895836437,0.2548277760274171,0.4209559343889392,H,0.3
2015-16,2015-12-21,Arsenal,Manchester City,H,1558.8313269503233,1543.2338767071435,15.597450243179765,0.296284682562298,0.24588681620490158,0.4578285012328004,H,0.3
2015-16,2015-12-26,Tottenham,Norwich City,H,1496.596522140297,1390.54679812932,106.04972401097712,0.2225482756602234,0.1986250407075071,0.5788266836322695,H,0.3
2015-16,2015-12-26,Manchester City,Sunderland,H,1537.8255870041783,1330.18480516242,207.64078184175833,0.15364757939886053,0.12917323409367326,0.7171791865074661,H,0.3
2015-16,2015-12-26,Southampton,Arsenal,H,1430.9259787267636,1564.2396166532885,-133.31363792652496,0.45496638056072675,0.24670479889157956,0.29832882054769366,A,0.3
2015-16,2015-12-26,Stoke,Manchester United,H,1429.1007661555407,1504.3774872810413,-75.27672112550067,0.386567348424454,0.25940811287932297,0.35402453869622297,A,0.3
2015-16,2015-12-26,Newcastle United,Everton,A,1339.895604632286,1430.2960168455816,-90.40041221329557,0.4035623582894392,0.2576639937348877,0.33877364797567305,A,0.3
2015-16,2015-12-26,Swansea,West Bromwich Albion,H,1375.1815654374966,1388.386526804856,-13.204961367359374,0.32284724459346414,0.2544990500256578,0.422653705380878,H,0.3
2015-16,2015-12-26,Aston Villa,West Ham,D,1303.0824557949397,1420.6995616913737,-117.61710589643394,0.4356311060537348,0.25170616216544023,0.31266273178082504,A,0.3
2015-16,2015-12-26,Chelsea,Watford,D,1477.6241024583794,1450.3487705940267,27.275331864352665,0.28598952276632295,0.24136179359250404,0.47264868364117296,H,0.3
2015-16,2015-12-26,Bournemouth,Crystal Palace,D,1394.6763443508214,1446.4892223081197,-51.81287795729827,0.361365837133674,0.2598298649521622,0.3788042979141638,H,0.3
2015-16,2015-12-26,Liverpool,Leicester City,H,1441.0210691229124,1477.153390228475,-36.132321105562596,0.34529386372711235,0.2585575980445858,0.39614853822830187,H,0.3
2015-16,2015-12-28,West Ham,Southampton,H,1419.0562450147488,1449.256207687397,-30.1999626726481,0.33936865382725556,0.25775495420050165,0.4028763919722428,H,0.3
2015-16,2015-12-28,Arsenal,Bournemouth,H,1545.9093876926552,1394.4407436428928,151.46864404976236,0.19003673762811027,0.16800147674757446,0.6419617856243153,H,0.3
2015-16,2015-12-28,Crystal Palace,Swansea,D,1446.7248230160483,1381.1492434880931,65.57557952795514,0.2539287775060025,0.22289153915974713,0.5231796833342504,H,0.3
2015-16,2015-12-28,Everton,Stoke,A,1436.3728291019231,1440.190193598855,-3.8173644969319867,0.3139981808960009,0.2521077429924209,0.4338940761115782,H,0.3
2015-16,2015-12-28,Manchester United,Chelsea,D,1493.288059837727,1475.1636521502046,18.124407687522307,0.29403480161417067,0.24495582545773714,0.46100937292809224,H,0.3
2015-16,2015-12-28,Norwich City,Aston Villa,H,1383.201187032269,1304.7257724715646,78.4754145607044,0.24366630580805587,0.21559927374307128,0.5407344204488728,H,0.3
2015-16,2015-12-28,Watford,Tottenham,A,1452.8092209022016,1503.9421332373481,-51.13291233514656,0.36065631657953673,0.2598004422147762,0.3795432412056871,H,0.3
2015-16,2015-12-28,West Bromwich Albion,Newcastle United,H,1382.4188487542594,1333.8187923759444,48.600056378315,0.26783244325230976,0.2317145255819706,0.5004530311657197,H,0.3
2015-16,2015-12-29,Leicester City,Manchester City,D,1470.8016594788032,1542.2956165704366,-71.49395709163332,0.38240912947783773,0.2596647780773345,0.3579260924448278,A,0.3
2015-16,2015-12-30,Sunderland,Liverpool,A,1325.7147755961616,1447.3727998725842,-121.65802427642257,0.44055168497411373,0.2505242037662998,0.30892411125958646,A,0.3
2015-16,2016-01-02,Arsenal,Newcastle United,H,1550.604791501294,1329.0904765089701,221.51431499232376,0.1453310166288666,0.119911362841008,0.7347576205301254,H,0.3
2015-16,2016-01-02,Leicester City,Bournemouth,D,1471.132361521716,1389.745339834254,81.38702168746181,0.24138466017047966,0.21389044746205949,0.5447248923674608,H,0.3
2015-16,2016-01-02,Manchester United,Swansea,H,1491.0766055024208,1384.6140224654976,106.4625830369232,0.22224022279295078,0.1983589360545986,0.5794008411524507,H,0.3
2015-16,2016-01-02,Norwich City,Southampton,H,1389.7915642643816,1443.0036349664608,-53.212070702079245,0.36282948345018773,0.2598830365129496,0.37728748003686263,H,0.3
2015-16,2016-01-02,Sunderland,Aston Villa,H,1320.3000795579935,1298.135395239452,22.164684318541504,0.29046312549717557,0.24341153034538993,0.46612534415743456,H,0.3
2015-16,2016-01-02,Watford,Manchester City,A,1445.862346600583,1541.964914527524,-96.10256792694099,0.4101239420441365,0.2567115703275193,0.33316448762834416,A,0.3
2015-16,2016-01-02,West Bromwich Albion,Stoke,H,1387.1471646212337,1448.2189303935786,-61.07176577234486,0.3711428314068258,0.2599970834412959,0.3688600851518783,A,0.3
2015-16,2016-01-02,West Ham,Liverpool,H,1425.308817735685,1452.7874959107523,-27.478678175067444,0.33667847787720484,0.25732841559915876,0.4059931065236364,H,0.3
2015-16,2016-01-03,Crystal Palace,Chelsea,A,1443.2600440386439,1477.3751064855107,-34.11506244686689,0.3432696366346478,0.2583043057088033,0.3984260576565489,H,0.3
2015-16,2016-01-03,Everton,Tottenham,D,1428.3440923071996,1510.8890075389668,-82.54491523176716,0.39466084593455547,0.25871266013766014,0.3466264939277844,A,0.3
2015-16,2016-01-12,Bournemouth,West Ham,A,1393.6040924879733,1435.146711330478,-41.54261884250468,0.35077122579852754,0.25913644237094746,0.390092331830525,H,0.3
2015-16,2016-01-12,Aston Villa,Crystal Palace,H,1289.7841319552488,1428.5936086634676,-138.80947670821888,0.46187423806487077,0.2446987794256498,0.29342698250947946,A,0.3
2015-16,2016-01-12,Newcastle United,Manchester United,D,1327.0106697057051,1494.7424533205058,-167.73178361480063,0.4993037366225114,0.23213995577112043,0.26855630760636817,A,0.3
2015-16,2016-01-13,Chelsea,West Bromwich Albion,D,1492.041541860687,1393.9122212414518,98.12932061923516,0.22850376235212413,0.2036684302942427,0.5678278073536333,H,0.3
2015-16,2016-01-13,Liverpool,Arsenal,D,1442.9496023159593,1552.684598304559,-109.73499598859962,0.4261500081815036,0.25379470081369176,0.3200552910048046,A,0.3
2015-16,2016-01-13,Manchester City,Everton,D,1547.9186314826293,1428.992077905007,118.92655357762237,0.21304992441972304,0.19019273700513364,0.5967573385751433,H,0.3
2015-16,2016-01-13,Southampton,Watford,H,1436.368064270504,1439.9086296454775,-3.5405653749735393,0.31374014844009246,0.25203099174496846,0.4342288598149391,H,0.3
2015-16,2016-01-13,Stoke,Norwich City,H,1441.4538737733606,1396.4271349603384,45.02673881302212,0.27081963020450367,0.2334483311968378,0.4957320385986585,H,0.3
2015-16,2016-01-13,Swansea,Sunderland,A,1380.9481746474125,1328.6513428421968,52.29683180521579,0.2647646185033588,0.22987402718864441,0.5053613543079969,H,0.3
2015-16,2016-01-13,Tottenham,Leicester City,A,1510.2410219411595,1467.2736088679967,42.96741307316279,0.2725510428392378,0.2344268644940796,0.4930220926666826,H,0.3
2015-16,2016-01-16,Tottenham,Sunderland,H,1501.4844348998683,1342.7348805357358,158.74955436413256,0.18508025861196523,0.16294017679877287,0.651979564589262,H,0.3
2015-16,2016-01-16,Southampton,West Bromwich Albion,H,1445.5696478103757,1398.1733111933029,47.39633661707285,0.2688363042883863,0.23230360880880993,0.49886008690280376,H,0.3
2015-16,2016-01-16,Newcastle United,West Ham,H,1330.01574114744,1446.5015066221977,-116.48576547475773,0.4342607164441304,0.2520236722631044,0.3137156112927652,A,0.3
2015-16,2016-01-16,Bournemouth,Norwich City,H,1382.2492971962536,1388.820119158189,-6.570821961935508,0.3165738815022536,0.25285189581789924,0.4305742226798472,H,0.3
2015-16,2016-01-16,Chelsea,Everton,D,1487.7804519088359,1433.7303339282535,54.0501179805824,0.2633175454045604,0.22898487496151584,0.5076975796339237,H,0.3
2015-16,2016-01-16,Aston Villa,Leicester City,D,1297.7583268408093,1476.0301959092878,-178.2718690684785,0.5133441761677833,0.22680208693556106,0.25985373689665564,A,0.3
2015-16,2016-01-16,Manchester City,Crystal Palace,H,1543.1803754593827,1420.619413777907,122.56096168147565,0.2104097025815385,0.18776814904874733,0.6018221483697143,H,0.3
2015-16,2016-01-17,Liverpool,Manchester United,A,1444.371392234798,1491.737381878771,-47.36598964397308,0.3567465161329715,0.2595950350751026,0.3836584487919259,H,0.3
2015-16,2016-01-17,Stoke,Arsenal,D,1449.06088957551,1551.2628083857203,-102.20191881021037,0.4172354371285007,0.2555170230479852,0.3272475398235142,A,0.3
2015-16,2016-01-18,Swansea,Watford,H,1366.8646369538735,1430.7070461056057,-63.84240915173223,0.3741107393338717,0.2599625157091259,0.3659267449570025,A,0.3
2015-16,2016-01-23,West Ham,Manchester City,D,1438.857673574889,1551.078891936878,-112.22121836198903,0.4291237710045074,0.2531672223283675,0.3177090066671251,A,0.3
2015-16,2016-01-23,West Bromwich Albion,Aston Villa,D,1388.6688635638566,1301.0367945524779,87.63206901137869,0.23653279164613658,0.21015337252988764,0.5533138358239758,H,0.3
2015-16,2016-01-23,Watford,Newcastle United,H,1423.8965554191038,1337.6595741947485,86.2369812243553,0.23761172953872345,0.21099643831385387,0.5513918321474227,H,0.3
2015-16,2016-01-23,Sunderland,Bournemouth,D,1337.0170681329955,1393.9620410129305,-56.944972879934994,0.3667583901986758,0.25997630352539464,0.37326530627592963,H,0.3
2015-16,2016-01-23,Norwich City,Liverpool,A,1377.1073753415121,1437.3393774121473,-60.23200207063519,0.3702471379269507,0.25999986333509645,0.3697529987379529,A,0.3
2015-16,2016-01-23,Leicester City,Stoke,H,1472.7517281976193,1450.2696196619036,22.482108535715724,0.29018383687315097,0.24328732974361403,0.46652883338323503,H,0.3
2015-16,2016-01-23,Crystal Palace,Tottenham,A,1412.7208973004117,1507.2022473026086,-94.4813500021969,0.4082498205446275,0.2569986056401068,0.33475157381526566,A,0.3
2015-16,2016-01-23,Manchester United,Southampton,A,1498.7693967014216,1455.074095439822,43.695301261599525,0.27193822723287425,0.234082740250751,0.4939790325163747,H,0.3
2015-16,2016-01-24,Arsenal,Chelsea,A,1550.0540782993266,1484.6108638385997,65.44321446072695,0.25403540631822635,0.22296387336436108,0.5230007203174126,H,0.3
2015-16,2016-01-24,Everton,Swansea,A,1436.8999219984896,1373.6751276403754,63.224794358114195,0.2558265784373305,0.2241682673972125,0.520005154165457,H,0.3
2015-16,2016-02-02,West Ham,Aston Villa,H,1440.3495037096716,1305.0474598279945,135.30204388167704,0.20129348047979387,0.17914445418885586,0.6195620653313503,H,0.3
2015-16,2016-02-02,West Bromwich Albion,Swansea,D,1384.65819828834,1382.7072654358176,1.9509328525223282,0.30865444378898915,0.2504356402220905,0.4409099159889203,H,0.3
2015-16,2016-02-02,Norwich City,Tottenham,A,1370.3651226898996,1516.6939821085662,-146.32885941866653,0.471436274246075,0.24174939489796138,0.28681433085596364,A,0.3
2015-16,2016-02-02,Sunderland,Manchester City,A,1336.9291396503233,1549.5870618020956,-212.65792215177225,0.5602521376311362,0.20707875864818642,0.23266910372067737,A,0.3
2015-16,2016-02-02,Leicester City,Liverpool,H,1483.2764850817948,1444.0816300637598,39.194855018035014,0.2757418886882937,0.23617937955275356,0.4880787317589527,H,0.3
2015-16,2016-02-02,Manchester United,Stoke,H,1490.0026003554522,1439.744862777728,50.25773757772413,0.2664539750504191,0.23089502885976776,0.5026509960898131,H,0.3
2015-16,2016-02-02,Arsenal,Southampton,D,1540.9928716911172,1463.8408917857914,77.15197990532579,0.2447075633342228,0.2163686627606764,0.5389237739051007,H,0.3
2015-16,2016-02-02,Crystal Palace,Bournemouth,A,1403.2291624944542,1394.0499694956027,9.179192998851477,0.3020556769667919,0.24812823428299224,0.44981608875021584,H,0.3
2015-16,2016-02-03,Everton,Newcastle United,H,1427.8677842030474,1333.6421674543756,94.22561674867188,0.23147129987776818,0.20610813506016162,0.5624205650620702,H,0.3
2015-16,2016-02-03,Watford,Chelsea,D,1427.9139621594768,1493.6720704468091,-65.75810828733233,0.37617429369756533,0.2599158289509995,0.36390987735143515,A,0.3
2015-16,2016-02-06,Stoke,Everton,A,1430.3538494992933,1435.619677878442,-5.265828379148616,0.31535110861414944,0.252503594216391,0.43214529716945954,H,0.3
2015-16,2016-02-06,Tottenham,Watford,H,1526.5274642315132,1428.0796786661379,98.4477855653754,0.22826261610265056,0.2034680056488043,0.5682693782485452,H,0.3
2015-16,2016-02-06,Southampton,West Ham,H,1467.5954150748598,1445.425450280402,22.169964794457883,0.2904584778586681,0.24340946761931737,0.46613205452201456,H,0.3
2015-16,2016-02-06,Swansea,Crystal Palace,D,1384.471696608067,1394.9699545276223,-10.498257919555272,0.32027610837517895,0.2538520771864638,0.4258718144383572,H,0.3
2015-16,2016-02-06,Liverpool,Sunderland,D,1436.2884159420482,1333.2198473996557,103.06856854239254,0.2247796334218372,0.20053732722013776,0.574683039358025,H,0.3
2015-16,2016-02-06,Aston Villa,Norwich City,H,1299.9715132572642,1360.5316405669525,-60.56012730968837,0.37059690354775154,0.2599992033891423,0.36940389306310617,A,0.3
2015-16,2016-02-06,Manchester City,Leicester City,A,1553.2963540527633,1491.0696992035064,62.226654849256875,0.25663501335450534,0.22470523818486737,0.5186597484606273,H,0.3
2015-16,2016-02-06,Newcastle United,West Bromwich Albion,H,1325.890273778981,1382.8937671160904,-57.003493337109376,0.36682026289866937,0.2599772026248429,0.3732025344764877,H,0.3
2015-16,2016-02-07,Bournemouth,Arsenal,A,1402.3091774624345,1537.2383484020488,-134.92917093961432,0.45698974665457476,0.24612848464910395,0.29688176869632127,A,0.3
2015-16,2016-02-07,Chelsea,Manchester United,D,1493.506353940148,1499.3936136338868,-5.88725969373877,0.31593293008933715,0.25267044194538707,0.4313966279652757,H,0.3
2015-16,2016-02-13,Norwich City,West Ham,D,1349.8225975008938,1440.1565009891199,-90.33390348822604,0.40348632185992656,0.2576741579795073,0.3388395201605661,A,0.3
2015-16,2016-02-13,Chelsea,Newcastle United,H,1491.9613367970217,1332.5884123056585,159.37292449136316,0.18465917313356017,0.16250617580745405,0.6528346510589857,H,0.3
2015-16,2016-02-13,Crystal Palace,Watford,A,1396.3851659466263,1424.2771275494454,-27.891961602819038,0.33708591964929685,0.2573955464697524,0.40551853388095077,H,0.3
2015-16,2016-02-13,Swansea,Southampton,A,1383.056485189063,1472.864364366142,-89.8078791770788,0.40288534576178103,0.257753777601349,0.33936087663687,A,0.3
2015-16,2016-02-13,Bournemouth,Stoke,A,1394.1563244454917,1414.3631350640535,-20.206810618561803,0.3295741078861665,0.2560103271586352,0.4144155649551984,H,0.3
2015-16,2016-02-13,Sunderland,Manchester United,H,1337.5965796455719,1500.9386307770133,-163.3420511314414,0.4935144959461805,0.23424998618611084,0.2722355178677087,A,0.3
2015-16,2016-02-13,Everton,West Bromwich Albion,A,1451.6103923136818,1376.195628589413,75.41476372426882,0.2460783555194328,0.21737148886938665,0.5365501556111806,H,0.3
2015-16,2016-02-14,Manchester City,Tottenham,A,1539.0015992860694,1530.3300153482057,8.671583937863716,0.3025156041030667,0.24829784887295908,0.44918654702397426,H,0.3
2015-16,2016-02-14,Arsenal,Leicester City,H,1545.3912014189916,1505.3644539702002,40.02674744879141,0.27503614121161707,0.23579744036121175,0.4891664184271712,H,0.3
2015-16,2016-02-14,Aston Villa,Liverpool,A,1310.680556323323,1431.911683696132,-121.23112737280917,0.44002996056269905,0.2506525838153215,0.30931745562197943,A,0.3
2015-16,2016-02-27,Leicester City,Norwich City,H,1500.4643396578685,1350.6934657643965,149.77087389347207,0.1912026092300476,0.16917891623683762,0.6396184745331148,H,0.3
2015-16,2016-02-27,Southampton,Chelsea,A,1478.95402189186,1498.5792274352104,-19.625205543350376,0.32901113696275497,0.25589378372571714,0.4150950793115279,H,0.3
2015-16,2016-02-27,Stoke,Aston Villa,H,1426.4906788108017,1295.4548205482208,131.03585826258086,0.20432183309683685,0.18205122157494727,0.6136269453282159,H,0.3
2015-16,2016-02-27,Watford,Bournemouth,D,1431.7525745991097,1382.0287806987435,49.72379390036622,0.26689748159345406,0.23116002856917292,0.501942489837373,H,0.3
2015-16,2016-02-27,West Bromwich Albion,Crystal Palace,H,1385.3847126810508,1388.909718896962,-3.525006215911162,0.3137256490190658,0.2520266669776715,0.4342476840032627,H,0.3
2015-16,2016-02-27,West Ham,Sunderland,H,1439.2856327256172,1345.9135366322341,93.3720960933831,0.23212300311665207,0.2066372489620031,0.5612397479213448,H,0.3
2015-16,2016-02-28,Manchester United,Arsenal,H,1492.621673790351,1550.2913157313233,-57.66964194097227,0.3675251804944601,0.2599862118123196,0.3724886076932203,H,0.3
2015-16,2016-02-28,Tottenham,Swansea,H,1538.5814210636752,1376.966827663345,161.61459340033025,0.18314920407928853,0.160944923577055,0.6559058723436564,H,0.3
2015-16,2016-03-01,Norwich City,Chelsea,A,1347.7064402883084,1506.2442094839923,-158.53776919568395,0.4872205668813119,0.23647923918068048,0.27630019393800764,A,0.3
2015-16,2016-03-01,Leicester City,West Bromwich Albion,D,1503.4513651339566,1391.1900046392004,112.26136049475622,0.21793819506084836,0.19459037459589915,0.5874714303432526,H,0.3
2015-16,2016-03-01,Sunderland,Crystal Palace,D,1342.022637359588,1383.1044269388124,-41.08178957922428,0.3503019200621519,0.25909285906834406,0.390605220869504,H,0.3
2015-16,2016-03-01,Bournemouth,Southampton,H,1385.0859189456858,1471.2890398430782,-86.20312089739241,0.398786255913134,0.258262502255864,0.342951241831002,A,0.3
2015-16,2016-03-01,Aston Villa,Everton,A,1292.1865511213873,1442.421308222044,-150.23475710065668,0.47645206603071527,0.24012674097702574,0.28342119299225893,A,0.3
2015-16,2016-03-02,Stoke,Newcastle United,H,1429.7589482376352,1325.9705216674697,103.78842657016548,0.22423970318500522,0.20007706953910495,0.5756832272758898,H,0.3
2015-16,2016-03-02,Arsenal,Swansea,A,1543.582203882736,1374.1479016323794,169.4343022503565,0.17793440519059128,0.15549571325371653,0.6665698815556922,H,0.3
2015-16,2016-03-02,Liverpool,Manchester City,H,1447.1374194712341,1530.7501935706,-83.61277409936588,0.3958614976121382,0.2585881596294718,0.34555034275839003,A,0.3
2015-16,2016-03-02,Manchester United,Watford,H,1499.3307856389383,1428.6954363521675,70.63534928677086,0.24987319083637416,0.2200875528952236,0.5300392562684022,H,0.3
2015-16,2016-03-02,West Ham,Tottenham,H,1443.1765319982633,1541.4003470946407,-98.2238150963774,0.41258633760275154,0.2563166172845696,0.33109704511267873,A,0.3
2015-16,2016-03-05,Swansea,Norwich City,H,1384.3075176517948,1343.0269813416587,41.280536310136085,0.27397475401934934,0.23521695949568056,0.4908082864849701,H,0.3
2015-16,2016-03-05,Watford,Leicester City,A,1424.3921073148547,1498.863224843269,-74.47111752841442,0.38567868797561383,0.25946883000894705,0.3548524820154391,A,0.3
2015-16,2016-03-05,Southampton,Sunderland,D,1459.9213487646634,1341.4786649967807,118.44268376788273,0.21340277343666916,0.19051418180563337,0.5960830447576975,H,0.3
2015-16,2016-03-05,Tottenham,Arsenal,D,1534.0380628286703,1533.4225878633206,0.6154749653496765,0.30988538968675433,0.25083627161840977,0.43927833869483585,H,0.3
2015-16,2016-03-05,Manchester City,Aston Villa,H,1516.4885553494335,1284.515108434508,231.9734469149255,0.13924345769878874,0.11308919116174737,0.7476673511394639,H,0.3
2015-16,2016-03-05,Chelsea,Stoke,D,1510.923668430642,1433.470024753641,77.45364367700108,0.24446998898973876,0.2161936976990818,0.5393363133111794,H,0.3
2015-16,2016-03-05,Newcastle United,Bournemouth,A,1322.259445151464,1396.4536100241005,-74.19416487263652,0.385373569267084,0.2594889470374311,0.3551374836954849,A,0.3
2015-16,2016-03-05,Everton,West Ham,A,1450.0927509089233,1450.5388162642337,-0.4460653553103384,0.3108665148298168,0.25114894531017584,0.43798453986000735,H,0.3
2015-16,2016-03-06,Crystal Palace,Liverpool,A,1383.6483993016197,1461.3990576924007,-77.75065839078093,0.3893068394713492,0.2592012068524995,0.3514919536761513,A,0.3
2015-16,2016-03-06,West Bromwich Albion,Manchester United,H,1395.778144929888,1503.634114676251,-107.85596974636314,0.42391287446127957,0.25424959875937736,0.3218375267793431,A,0.3
2015-16,2016-03-12,Bournemouth,Swansea,H,1406.6473735849274,1389.1822886076072,17.465084977320203,0.29462063448212295,0.2452013436457854,0.46017802187209167,H,0.3
2015-16,2016-03-12,Norwich City,Manchester City,D,1338.1522103858463,1521.0600995860289,-182.90788920018258,0.519577830225397,0.22433908718981946,0.25608308258478346,A,0.3
2015-16,2016-03-12,Stoke,Southampton,A,1437.2320042561767,1455.1939000222676,-17.961895766090947,0.3274053508074385,0.255551459640049,0.4170431895525125,H,0.3
2015-16,2016-03-13,Aston Villa,Tottenham,A,1279.9435641979126,1532.3108976696253,-252.36733347171275,0.6154800075477805,0.18114590523057197,0.20337408722164751,A,0.3
2015-16,2016-03-14,Leicester City,Newcastle United,H,1505.2886551174088,1312.065681590637,193.22297352677174,0.16257714558520528,0.13900243515699198,0.6984204192578027,H,0.3
2015-16,2016-03-19,West Bromwich Albion,Norwich City,A,1403.2900924771268,1341.549245653306,61.7408468238209,0.2570290601454339,0.22496547052183588,0.5180054693327302,H,0.3
2015-16,2016-03-19,Watford,Stoke,A,1417.966677040715,1429.528817847239,-11.562140806523985,0.3212847812853764,0.2541105137125701,0.4246047050020535,H,0.3
2015-16,2016-03-19,Swansea,Aston Villa,H,1383.813783270386,1275.0480231294348,108.76576014095122,0.22052601765865484,0.19686894510838487,0.5826050372329602,H,0.3
2015-16,2016-03-19,Everton,Arsenal,A,1441.9863002342543,1535.1497530223655,-93.16345278811127,0.4067313412761649,0.2572224446861504,0.33604621403768464,A,0.3
2015-16,2016-03-19,Crystal Palace,Leicester City,A,1377.2952790142076,1507.694970489702,-130.39969147549436,0.4513322694429131,0.2477157836348681,0.3009519469222188,A,0.3
2015-16,2016-03-19,Chelsea,West Ham,D,1507.1616889281063,1458.6452669389028,48.516421989203536,0.2679021126381218,0.23175561873683545,0.5003422686250427,H,0.3
2015-16,2016-03-20,Manchester City,Manchester United,A,1517.6630643185692,1496.1221671290123,21.540897189556972,0.29101252767125996,0.24365439127467534,0.4653330810540647,H,0.3
2015-16,2016-03-20,Newcastle United,Sunderland,D,1309.6593662183438,1346.2061137391765,-36.546747520832696,0.34571092892249883,0.25860712021251275,0.3956819508649884,H,0.3
2015-16,2016-03-20,Southampton,Liverpool,H,1462.8970864312053,1467.7521779798128,-4.855091548607561,0.314967006798219,0.25239233126680444,0.43264066193497663,H,0.3
2015-16,2016-03-20,Tottenham,Bournemouth,H,1537.206438738103,1412.0158789221487,125.19055981595443,0.20851048103216085,0.18600326262629974,0.6054862563415394,H,0.3
2015-16,2016-04-02,Stoke,Swansea,D,1437.3791730471817,1387.4409847517888,49.93818829539282,0.2667193432305435,0.23105374130094009,0.5022269154685164,H,0.3
2015-16,2016-04-02,West Ham,Crystal Palace,D,1461.670868709068,1372.0597215505775,89.61114715849044,0.23500702553157718,0.2089495445531051,0.5560434299153177,H,0.3
2015-16,2016-04-02,Sunderland,West Bromwich Albion,D,1346.8801291405223,1394.2775237476371,-47.39739460711485,0.3567789667277482,0.25959704429518043,0.3836239889770713,H,0.3
2015-16,2016-04-02,Norwich City,Newcastle United,H,1350.5618143827955,1308.985350816998,41.57646356579744,0.2737246373755915,0.23507910645624674,0.49119625616816176,H,0.3
2015-16,2016-04-02,Liverpool,Tottenham,D,1461.92458245189,1543.9262149210103,-82.0016324691203,0.3940511388272644,0.25877381190669607,0.3471750492660396,A,0.3
2015-16,2016-04-02,Aston Villa,Chelsea,A,1271.420821648032,1504.1360871579411,-232.71526550990916,0.5881035710918487,0.19429304096306296,0.21760338794508818,A,0.3
2015-16,2016-04-02,Arsenal,Watford,H,1544.686545936392,1410.1163218407723,134.57022409561955,0.20181124391367192,0.17964429887468666,0.6185444572116414,H,0.3
2015-16,2016-04-02,Bournemouth,Manchester City,A,1405.2961027392414,1509.216745642665,-103.92064290342364,0.4192566192012395,0.2551479357200612,0.32559544507869925,A,0.3
2015-16,2016-04-03,Leicester City,Southampton,H,1512.930527953332,1468.724681959128,44.20584599420408,0.2715089381306484,0.23384022723229447,0.4946508346370571,H,0.3
2015-16,2016-04-03,Manchester United,Everton,H,1504.5684858049165,1432.449507320228,72.11897848468857,0.24869147938152172,0.21925128702679464,0.5320572335916837,H,0.3
2015-16,2016-04-09,West Ham,Arsenal,D,1457.61251311148,1552.148681260093,-94.53616814861311,0.408313079200189,0.25698911038861316,0.33469781041119784,A,0.3
2015-16,2016-04-09,Swansea,Chelsea,H,1390.5037159839612,1511.9979264442497,-121.49421046028851,0.4403514300781588,0.25057356492432176,0.3090750049975195,A,0.3
2015-16,2016-04-09,Southampton,Newcastle United,H,1463.9087512047806,1304.1165507045175,159.7922005002631,0.18437624374025574,0.16221422655714723,0.653409529702597,H,0.3
2015-16,2016-04-09,Watford,Everton,D,1402.6541865170711,1428.173910975774,-25.519724458702967,0.33475262767234676,0.2569987916041901,0.4082485807234632,H,0.3
2015-16,2016-04-09,Crystal Palace,Norwich City,H,1376.1180771481654,1355.4306144952761,20.68746265288928,0.29176539246837907,0.2439840502522951,0.46425055727932585,H,0.3
2015-16,2016-04-09,Aston Villa,Bournemouth,A,1263.5589823617233,1391.860174273278,-128.30119191155472,0.44872757081540376,0.2484208974158815,0.30285153176871477,A,0.3
2015-16,2016-04-09,Manchester City,West Bromwich Albion,H,1522.6526741086284,1394.6400968849064,128.01257722372202,0.20648257600873893,0.18410002011078147,0.6094174038804796,H,0.3
2015-16,2016-04-10,Liverpool,Stoke,H,1462.556995206785,1434.3164418150093,28.24055339177562,0.28515008519421353,0.24096281205933567,0.4738871027464508,H,0.3
2015-16,2016-04-10,Sunderland,Leicester City,A,1346.517556003253,1517.7464587076795,-171.22890270442645,0.5039409575329985,0.23041052283287256,0.26564851963412894,A,0.3
2015-16,2016-04-10,Tottenham,Manchester United,H,1543.2938021661155,1508.8440821493703,34.44972001674523,0.2797908273085182,0.2383082337619651,0.48190093892951674,H,0.3
2015-16,2016-04-13,Crystal Palace,Everton,D,1381.418292503949,1429.1630877391578,-47.74479523520881,0.35713809692814746,0.25961893761219246,0.3832429654596601,H,0.3
2015-16,2016-04-16,West Bromwich Albion,Watford,A,1391.3246711630743,1401.6650097536874,-10.3403385906131,0.3201265958972564,0.25381325986958986,0.4260601442331537,H,0.3
2015-16,2016-04-16,Chelsea,Manchester City,A,1504.2785728373403,1525.9680998304605,-21.689526993120126,0.331012804670841,0.2563000165616074,0.4126871787675516,H,0.3
2015-16,2016-04-16,Everton,Southampton,D,1429.5156746684793,1468.4168699745446,-38.90119530606535,0.3480882146772045,0.25887216532816365,0.3930396199946319,H,0.3
2015-16,2016-04-16,Manchester United,Aston Villa,H,1498.8166032188353,1258.2806825427529,240.53592067608247,0.13437820475034454,0.10762278867999459,0.7579990065696609,H,0.3
2015-16,2016-04-16,Newcastle United,Swansea,H,1299.6084319347535,1398.2230695908706,-98.61463765611711,0.41304127892527437,0.2562414599512385,0.3307172611234872,A,0.3
2015-16,2016-04-16,Norwich City,Sunderland,A,1350.1303991394925,1339.4808091367015,10.649590002791001,0.30072632541073674,0.24763052987261697,0.45164314471664635,H,0.3
2015-16,2016-04-17,Leicester City,West Ham,D,1524.783205574231,1458.603282827217,66.17992274701396,0.25344228672121744,0.2225606110549981,0.5239971022237845,H,0.3
2015-16,2016-04-17,Arsenal,Crystal Palace,D,1551.157911544356,1381.0657055746276,170.0922059697284,0.1774993943228634,0.1550373071090786,0.667463298568058,H,0.3
2015-16,2016-04-17,Bournemouth,Liverpool,A,1397.1384740922485,1472.840863615157,-75.70238952290856,0.38703758034032765,0.25937470907057514,0.3535877105890972,A,0.3
2015-16,2016-04-18,Stoke,Tottenham,A,1424.032573406637,1553.3212810966504,-129.28870769001333,0.44995199038504,0.24809149204867634,0.30195651756628367,A,0.3
2015-16,2016-04-19,Newcastle United,Manchester City,D,1314.345240994345,1541.2032931783538,-226.85805218400878,0.5799508789139328,0.19810375576786055,0.22194536531820658,A,0.3
2015-16,2016-04-20,Liverpool,Everton,H,1479.239114948305,1428.9091476536448,50.329967294660264,0.2663940158266967,0.23085910540846669,0.5027468787648366,H,0.3
2015-16,2016-04-20,Manchester United,Crystal Palace,H,1500.6984024943486,1386.864350986638,113.83405150771046,0.2167793511449244,0.19355878507319585,0.5896618637818797,H,0.3
2015-16,2016-04-20,West Ham,Watford,H,1462.0833588222051,1409.5434885531615,52.539870269043604,0.26456372454976046,0.2297513916638446,0.5056848837863949,H,0.3
2015-16,2016-04-21,Arsenal,West Bromwich Albion,H,1545.3592661323455,1383.4461923636002,161.91307376874533,0.18294865519295292,0.1607369859356277,0.6563143588714194,H,0.3
2015-16,2016-04-23,Liverpool,Newcastle United,D,1490.138431398678,1318.809727717793,171.32870368088493,0.17668338416842766,0.15417588200916588,0.6691407338224065,H,0.3
2015-16,2016-04-23,Aston Villa,Southampton,A,1256.3988832672396,1469.023396989379,-212.62451372213945,0.5602059477563215,0.2070993846525171,0.23269466759116153,A,0.3
2015-16,2016-04-23,Bournemouth,Chelsea,A,1390.7402227591006,1489.043379489447,-98.30315673034647,0.41267866429249905,0.2563014195239588,0.33101991618354215,A,0.3
2015-16,2016-04-23,Manchester City,Stoke,H,1536.7388064549057,1411.8234919344031,124.91531452050253,0.20870884242983495,0.18618839506816978,0.6051027625019954,H,0.3
2015-16,2016-04-24,Sunderland,Arsenal,D,1356.0443233045555,1549.8205962072102,-193.77627290265468,0.53431480114555,0.21830979139271914,0.24737540746173098,A,0.3
2015-16,2016-04-24,Leicester City,Swansea,H,1521.303129579243,1383.4862605312792,137.8168690479638,0.19951965852362585,0.17742321836454986,0.6230571231118243,H,0.3
2015-16,2016-04-25,Tottenham,West Bromwich Albion,D,1565.5303625688844,1378.9848622887355,186.54550028014887,0.1668101982025405,0.1436071152061247,0.6895826865913348,H,0.3
2015-16,2016-04-30,Newcastle United,Crystal Palace,H,1324.63194700877,1381.2485705733045,-56.61662356453439,0.36641139232830955,0.25997093637661256,0.37361767129507795,H,0.3
2015-16,2016-04-30,Arsenal,Norwich City,H,1546.1498403179296,1333.5668849716385,212.5829553462911,0.15065365144749293,0.12584882210450316,0.723497526448004,H,0.3
2015-16,2016-04-30,Everton,Bournemouth,H,1418.009831203272,1378.9272829397328,39.08254826353914,0.27583725852794416,0.2362307446768766,0.4879319967951793,H,0.3
2015-16,2016-04-30,Watford,Aston Villa,H,1402.172529206473,1250.5189138247222,151.6536153817508,0.18990994731270058,0.1678731203611326,0.6422169323261668,H,0.3
2015-16,2016-04-30,West Bromwich Albion,West Ham,A,1385.0892157656401,1469.4543181688937,-84.36510240325356,0.3967091572613609,0.2584970256023731,0.34479381713626595,A,0.3
2015-16,2016-04-30,Stoke,Sunderland,D,1404.01195057632,1359.7150791938361,44.296871382483914,0.2714324468072521,0.23379689078737176,0.49477066240537615,H,0.3
2015-16,2016-05-01,Manchester United,Leicester City,D,1506.3141829076822,1528.6503938650537,-22.336210957371577,0.3316418628473137,0.25642301835708664,0.41193511879559974,H,0.3
2015-16,2016-05-01,Southampton,Manchester City,H,1474.9033664318965,1544.5503478129888,-69.64698138109225,0.38039224356631746,0.25976381139729326,0.3598439450363892,A,0.3
2015-16,2016-05-01,Swansea,Liverpool,H,1376.1389962454684,1484.316212107701,-108.17721586223252,0.4242947100248059,0.254173011924508,0.32153227805068607,A,0.3
2015-16,2016-05-02,Chelsea,Tottenham,D,1500.8563193088148,1559.4260090919797,-58.569689783164904,0.3684793924980875,0.25999480567002936,0.3715258018318831,H,0.3
2015-16,2016-05-07,Aston Villa,Newcastle United,D,1247.5591098657953,1331.3237099301111,-83.7646000643158,0.39603244396189546,0.25856999567260286,0.3453975603655017,A,0.3
2015-16,2016-05-07,Crystal Palace,Stoke,H,1374.5568076519635,1401.0970809691262,-26.5402733171627,0.3357548166586954,0.2571728670530138,0.4070723162882908,H,0.3
2015-16,2016-05-07,Norwich City,Manchester United,A,1331.3882272913256,1505.2343585192123,-173.84613122788664,0.5074255004808318,0.22908885370550014,0.2634856458136681,A,0.3
2015-16,2016-05-07,Bournemouth,West Bromwich Albion,D,1374.0080341437113,1372.673001795881,1.3350323478302926,0.30922168221946317,0.2506214127141619,0.4401569050663749,H,0.3
2015-16,2016-05-07,West Ham,Swansea,A,1481.8705321386528,1388.0529936730775,93.81753846557535,0.23178275791607372,0.20636130772889139,0.5618559343550349,H,0.3
2015-16,2016-05-07,Sunderland,Chelsea,H,1362.62994880103,1500.815151904084,-138.18520310305394,0.4610860808595175,0.2449330941628032,0.29398082497767924,A,0.3
2015-16,2016-05-07,Leicester City,Everton,H,1529.7302182535236,1422.9290799992934,106.80113825423018,0.22198778646744688,0.1981404970821951,0.579871716450358,H,0.3
2015-16,2016-05-08,Tottenham,Southampton,A,1559.4671764967106,1485.8479730446832,73.61920345202748,0.24749995890582646,0.2183993501595962,0.5341006909345773,H,0.3
2015-16,2016-05-08,Manchester City,Arsenal,D,1533.6057412002021,1548.3284979982425,-14.722756798040336,0.3242961103820381,0.2548466059808948,0.4208572836370671,H,0.3
2015-16,2016-05-08,Liverpool,Watford,H,1472.402214680092,1405.1323331653998,67.26988151469209,0.25256631826453524,0.22196100680841668,0.5254726749270481,H,0.3
2015-16,2016-05-10,West Ham,Manchester United,H,1463.0448204354502,1509.6255078642764,-46.580687428826195,0.35593586003463107,0.2595431726304124,0.38452096733495655,H,0.3
2015-16,2016-05-11,Liverpool,Chelsea,D,1479.3232008345378,1492.8499680271618,-13.526767192623993,0.3231540085394144,0.2545736567010416,0.422272334759544,H,0.3
2015-16,2016-05-11,Norwich City,Watford,H,1326.9970779462615,1398.211347010954,-71.21426906469242,0.3821031472840386,0.2596808839270363,0.35821596878892503,A,0.3
2015-16,2016-05-11,Sunderland,Everton,H,1370.595132677952,1417.1278808813177,-46.5327482033656,0.3558864224112294,0.2595399057499565,0.384573671838814,H,0.3
2015-16,2016-05-15,Swansea,Manchester City,D,1406.87870537628,1532.3098848835018,-125.43117950722171,0.44518229743212534,0.2493537706882267,0.3054639318796479,A,0.3
2015-16,2016-05-15,West Bromwich Albion,Liverpool,D,1374.4202524522034,1477.993514446189,-103.57326199398562,0.4188474974365428,0.2552236783365951,0.3259288242268621,A,0.3
2015-16,2016-05-15,Watford,Sunderland,D,1387.226331555279,1383.6449712905376,3.5813602647415337,0.30715663860432557,0.2499355836269782,0.4429077777686962,H,0.3
2015-16,2016-05-15,Everton,Norwich City,H,1404.0780422687321,1337.9820934019363,66.09594886679588,0.25350985084042094,0.2226066593134041,0.523883489846175,H,0.3
2015-16,2016-05-15,Southampton,Crystal Palace,H,1495.0143694963706,1380.7481108917004,114.26625860467016,0.21646146627825805,0.19327460721949005,0.5902639265022519,H,0.3
2015-16,2016-05-15,Arsenal,Aston Villa,H,1549.6243543149428,1248.242045318918,301.3823089960249,0.09992515765312521,0.1,0.8000748423468748,H,0.3
2015-16,2016-05-15,Newcastle United,Tottenham,H,1330.6407744769886,1550.3007800450232,-219.66000556803465,0.5699507655193298,0.20270322929783952,0.22734600518283088,A,0.3
2015-16,2016-05-15,Chelsea,Leicester City,D,1494.1796544155106,1535.5314173714994,-41.35176295598876,0.3505767965680344,0.2591185215149981,0.39030468191696754,H,0.3
2015-16,2016-05-15,Stoke,West Ham,H,1394.9057777293892,1469.5705356829208,-74.66475795353153,0.38589213935706934,0.2594545345740281,0.35465332606890254,A,0.3
2015-16,2016-05-17,Manchester United,Bournemouth,H,1503.0997926168059,1372.2607834873888,130.83900912941704,0.20446215078760563,0.18218491425874572,0.6133529349536486,H,0.3
2016-17,2016-08-13,Burnley,Swansea,A,1391.890557613684,1436.1180091990254,-44.22745158534144,0.3535157550611142,0.2593691157386795,0.3871151292002063,H,0.3
2016-17,2016-08-13,Crystal Palace,West Bromwich Albion,A,1411.5731929709714,1412.9675002816834,-1.3943073107120654,0.3117449263711698,0.2514238975748761,0.43683117605395405,H,0.3
2016-17,2016-08-13,Everton,Tottenham,D,1438.9990638547915,1520.565594654252,-81.56653079946045,0.39356339157560777,0.2588217212885611,0.34761488713583116,A,0.3
2016-17,2016-08-13,Hull,Leicester City,H,1399.9129155012063,1525.2473493602474,-125.33443385904116,0.4450631346514406,0.2493845789932127,0.30555228635534665,A,0.3
2016-17,2016-08-13,Manchester City,Sunderland,H,1521.3140039828218,1419.8183817232834,101.49562225953832,0.22596192521523986,0.20153961586773095,0.5724984589170292,H,0.3
2016-17,2016-08-13,Middlesbrough,Stoke,D,1420.0,1431.3247664826695,-11.324766482669474,0.32105950994699006,0.2540533151229423,0.42488717493006767,H,0.3
2016-17,2016-08-13,Southampton,Watford,D,1501.4605433006784,1419.7915302687882,81.66901303189024,0.24116434667595105,0.21372378784611415,0.5451118654779349,H,0.3
2016-17,2016-08-14,Arsenal,Liverpool,A,1536.937324228574,1483.7221365471912,53.21518768138276,0.26400602328182926,0.2294095851179838,0.5065843916001869,H,0.3
2016-17,2016-08-14,Bournemouth,Manchester United,A,1406.9530994372112,1505.799303835725,-98.84620439851369,0.41331102226468647,0.2561965781987508,0.3304923995365628,A,0.3
2016-17,2016-08-15,Chelsea,West Ham,H,1495.5504008906596,1473.8086529059476,21.741747984711992,0.2908355470705927,0.24357636905068838,0.4655880838787189,H,0.3
2016-17,2016-08-19,Manchester United,Southampton,H,1515.142393483833,1497.594884972171,17.547508511662045,0.2945473520360685,0.24517075121324547,0.460281896750686,H,0.3
2016-17,2016-08-20,Swansea,Hull,A,1443.2211364282896,1407.689642523471,35.53149390481849,0.2788642499761823,0.23783042896855708,0.4833053210552606,H,0.3
2016-17,2016-08-20,Tottenham,Crystal Palace,H,1519.9456560273447,1403.4886036111154,116.45705241622932,0.21485405035856572,0.19182979093948194,0.5933161587019523,H,0.3
2016-17,2016-08-20,Watford,Chelsea,A,1423.6571885972955,1500.8283714145352,-77.1711828172397,0.3886637420342801,0.2592524354237125,0.3520838225420074,A,0.3
2016-17,2016-08-20,Leicester City,Arsenal,D,1517.4706223379826,1528.0390933596036,-10.568471021621008,0.3203426012240214,0.25386929809359626,0.4257881006823823,H,0.3
2016-17,2016-08-20,West Bromwich Albion,Everton,A,1421.0520896415394,1439.6190024816988,-18.566912840159375,0.3279887197775324,0.2556775232528626,0.41633375696960506,H,0.3
2016-17,2016-08-20,Burnley,Liverpool,H,1384.7874303844198,1492.6203674161616,-107.83293703174172,0.42388550766284405,0.25425507108224454,0.3218594212549114,A,0.3
2016-17,2016-08-20,Stoke,Manchester City,A,1432.716657714148,1525.0641646745917,-92.34750696044375,0.4057934613518638,0.2573567513464326,0.3368497873017037,A,0.3
2016-17,2016-08-21,Sunderland,Middlesbrough,A,1416.0682210315135,1418.6081087685216,-2.53988773700803,0.3128086752112596,0.2517505744995898,0.4354407502891506,H,0.3
2016-17,2016-08-21,West Ham,Bournemouth,H,1468.530682382072,1397.610009789103,70.92067259296891,0.24964566937041574,0.2199272138655113,0.530427116764073,H,0.3
2016-17,2016-08-27,Southampton,Sunderland,D,1489.0887827267495,1408.010039757221,81.07874296952855,0.24162564549410104,0.2140724114573619,0.5443019430485371,H,0.3
2016-17,2016-08-27,Watford,Arsenal,A,1417.2913108110909,1529.4523243014337,-112.16101349034284,0.42905157618506684,0.25318275975388826,0.31776566406104495,A,0.3
2016-17,2016-08-27,Tottenham,Liverpool,D,1523.4458699887314,1480.71477469733,42.73109529140129,0.2727501970624125,0.2345381754857325,0.492711627451855,H,0.3
2016-17,2016-08-27,Leicester City,Swansea,H,1516.0573913961525,1429.5095941471748,86.54779724897776,0.2373711055194621,0.21080901047366193,0.5518198840068759,H,0.3
2016-17,2016-08-27,Hull,Manchester United,A,1421.401184804586,1523.6484957292546,-102.24731092466868,0.4172887200373113,0.2555074579844365,0.3272038219782522,A,0.3
2016-17,2016-08-27,Everton,Stoke,H,1447.3082899494846,1420.6473122464076,26.660977703076924,0.2865247152396772,0.24161379574189118,0.47186148901843167,H,0.3
2016-17,2016-08-27,Crystal Palace,Bournemouth,D,1399.9883896497288,1393.312022931015,6.67636671871378,0.3043284534147609,0.24895352240716623,0.44671802417807294,H,0.3
2016-17,2016-08-27,Chelsea,Burnley,H,1507.19424920074,1396.6930231032513,110.5012260974886,0.21923915147213277,0.19574022311368058,0.5850206254141866,H,0.3
2016-17,2016-08-28,Manchester City,West Ham,H,1537.133510142332,1472.82866924016,64.30484090217192,0.25495357379915407,0.22358377744141733,0.5214626487594286,H,0.3
2016-17,2016-08-28,West Bromwich Albion,Middlesbrough,D,1413.3628021737536,1426.6662900428141,-13.303487869060518,0.32294114138194835,0.2545219445259633,0.42253691409208843,H,0.3
2016-17,2016-09-10,Manchester United,Manchester City,A,1529.4706563098248,1544.1436831621677,-14.6730268523429,0.3242485577150045,0.2548353926216456,0.42091604966334994,H,0.3
2016-17,2016-09-10,Stoke,Tottenham,A,1415.4724868035337,1520.572291929773,-105.09980512623929,0.42064765592535835,0.2548865193029659,0.3244658247716757,A,0.3
2016-17,2016-09-10,Middlesbrough,Crystal Palace,A,1428.002288761741,1398.0925073706496,29.90978139109143,0.2837024360242406,0.24026406190220276,0.47603350207355666,H,0.3
2016-17,2016-09-10,West Ham,Watford,A,1465.8184962203243,1408.3957836929987,57.42271252732553,0.2605481193481756,0.2272458068625597,0.5122060737892646,H,0.3
2016-17,2016-09-10,Bournemouth,West Bromwich Albion,H,1395.2079052100942,1412.0268034548267,-16.81889824473251,0.326305503060614,0.25530848852767735,0.4183860084117087,H,0.3
2016-17,2016-09-10,Arsenal,Southampton,H,1538.3478514195258,1485.237584448856,53.11026697066973,0.2640926212518827,0.2294627906248395,0.5064445881232778,H,0.3
2016-17,2016-09-10,Liverpool,Leicester City,H,1483.5883527562885,1520.069231244001,-36.480878487712516,0.34564461291315035,0.2585993064940512,0.3957560805927984,H,0.3
2016-17,2016-09-10,Burnley,Hull,D,1389.4964839364206,1415.5790242240157,-26.082540287595066,0.33530501913052163,0.25709542356334114,0.40759955730613723,H,0.3
2016-17,2016-09-11,Swansea,Chelsea,D,1425.4977542993263,1514.3907883675706,-88.89303406824433,0.40184185492992697,0.25788898840542934,0.3402691566646436,A,0.3
2016-17,2016-09-12,Sunderland,Everton,A,1411.8612380351144,1452.4831153923585,-40.6218773572441,0.3498340635878612,0.2590482985452699,0.39111763786686893,H,0.3
2016-17,2016-09-16,Chelsea,Liverpool,A,1513.5610917682307,1496.303451828,17.257639940230547,0.2948051313828483,0.24527821209306985,0.4599166565240818,H,0.3
2016-17,2016-09-17,Manchester City,Bournemouth,H,1551.92246851555,1401.2362199248619,150.68624859068814,0.19057353970265867,0.1685442418159659,0.6408822184813754,H,0.3
2016-17,2016-09-17,Everton,Middlesbrough,H,1466.8531251430472,1419.4325873004066,47.42053784264067,0.2688160972350976,0.23229181509110228,0.4988920876738001,H,0.3
2016-17,2016-09-17,Hull,Arsenal,A,1416.5521577928298,1542.9872142899026,-126.43505649707276,0.4464201173779915,0.24903162716342359,0.3045482554585848,A,0.3
2016-17,2016-09-17,West Bromwich Albion,West Ham,H,1405.998488740059,1451.62505862856,-45.62656988850108,0.35495298693389493,0.25947596993264416,0.38557104313346097,H,0.3
2016-17,2016-09-17,Leicester City,Burnley,H,1507.3541321722894,1388.5233503676066,118.83078180468283,0.21311973835067016,0.19025638616939605,0.5966238754799338,H,0.3
2016-17,2016-09-18,Watford,Manchester United,H,1422.589221284763,1521.6918709564425,-99.1026496716795,0.4136099066965784,0.25614657066774077,0.3302435226356808,A,0.3
2016-17,2016-09-18,Tottenham,Sunderland,H,1533.95006145283,1397.4912282844257,136.45883316840423,0.20047650116526836,0.17835337843606455,0.621170120398667,H,0.3
2016-17,2016-09-18,Crystal Palace,Stoke,H,1406.6622088319841,1402.0947172804767,4.5674915515073735,0.3062533876937155,0.24962732897547957,0.4441192833308049,H,0.3
2016-17,2016-09-18,Southampton,Swansea,H,1480.5982215784793,1426.3274508986663,54.27077067981304,0.26313578782709374,0.22887224474954737,0.507991967423359,H,0.3
2016-17,2016-09-24,Middlesbrough,Tottenham,A,1411.901253711111,1537.13498054589,-125.23372683477896,0.4449391166146729,0.2494166043938857,0.30564427899144136,A,0.3
2016-17,2016-09-24,Manchester United,Leicester City,H,1510.0011221296193,1514.2774651429204,-4.27634301330113,0.3144264012425437,0.2522342288635203,0.433339369893936,H,0.3
2016-17,2016-09-24,Liverpool,Hull,H,1504.68557866522,1405.9192592787595,98.76631938646051,0.22802155991285458,0.20326733217897192,0.5687111079081735,H,0.3
2016-17,2016-09-24,Arsenal,Chelsea,H,1553.620112803973,1505.1789649310108,48.44114787296212,0.2679648277727309,0.23179258328659672,0.5002425889406724,H,0.3
2016-17,2016-09-24,Bournemouth,Everton,H,1394.3313469656296,1474.3844587323429,-80.0531117667133,0.3918706781381844,0.25898097584974483,0.3491483460120708,A,0.3
2016-17,2016-09-24,Stoke,West Bromwich Albion,D,1390.8022555565278,1416.316387685589,-25.51413212906118,0.33474714261028193,0.25699782364062407,0.408255033749094,H,0.3
2016-17,2016-09-24,Sunderland,Crystal Palace,A,1394.3063091913657,1417.954670555933,-23.648361364567336,0.3329211984902748,0.25666633336044176,0.41041246814928345,H,0.3
2016-17,2016-09-24,Swansea,Manchester City,A,1421.7108148222985,1558.8273414747823,-137.1165266524838,0.459738920590626,0.24533039734058476,0.2949306820687893,A,0.3
2016-17,2016-09-25,West Ham,Southampton,A,1441.30715968303,1485.214857654847,-43.907697971817015,0.3531879661403264,0.25934330953954665,0.38746872432012697,H,0.3
2016-17,2016-09-26,Burnley,Watford,H,1381.6000173969755,1434.2799701115862,-52.679952714610636,0.3622722760468751,0.2598639847694184,0.37786373918370647,H,0.3
2016-17,2016-09-30,Everton,Crystal Palace,D,1467.3107595881731,1425.5273359875057,41.78342360066745,0.27354980575375665,0.23498250657128025,0.49146768767496307,H,0.3
2016-17,2016-10-01,Sunderland,West Bromwich Albion,D,1386.733643759793,1417.3057238339566,-30.572080074163523,0.33973786954989726,0.25781043727727543,0.40245169317282736,H,0.3
2016-17,2016-10-01,Hull,Chelsea,A,1397.1027764421176,1495.716028851951,-98.61325240983342,0.4130396657195763,0.25624172765275643,0.33071860662766733,A,0.3
2016-17,2016-10-01,Swansea,Liverpool,A,1413.6276792981641,1513.5020615018618,-99.87438220369768,0.4145103738326844,0.2559941559295971,0.3294954702377185,A,0.3
2016-17,2016-10-01,West Ham,Middlesbrough,D,1427.086398360726,1406.5601766712023,20.52622168952371,0.2919077887362498,0.24404599348854839,0.46404621777520183,H,0.3
2016-17,2016-10-01,Watford,Bournemouth,D,1423.776780713722,1401.4050461097993,22.371734603922732,0.2902809287294662,0.24333056357359142,0.4663885076969424,H,0.3
2016-17,2016-10-02,Manchester United,Stoke,D,1521.636902549241,1389.8129194081603,131.82398314108082,0.2037605598161142,0.18151556210933323,0.6147238780745526,H,0.3
2016-17,2016-10-02,Tottenham,Manchester City,H,1542.4760575857986,1566.9104769989167,-24.43441941311812,0.3336894968515178,0.2568080681095654,0.40950243503891676,H,0.3
2016-17,2016-10-02,Burnley,Arsenal,A,1392.1032067948397,1563.0830488830327,-170.97984208819298,0.5036099815446612,0.2305350849332196,0.2658549335221192,A,0.3
2016-17,2016-10-02,Leicester City,Southampton,D,1502.6416847232986,1499.435618977151,3.2060657461474875,0.3075009181624394,0.25005174920236367,0.44244733263519687,H,0.3
2016-17,2016-10-15,Bournemouth,Hull,H,1403.7324505282888,1387.7517767393497,15.980673788939157,0.29594267889505627,0.24574737188621804,0.45830994921872575,H,0.3
2016-17,2016-10-15,West Bromwich Albion,Tottenham,D,1418.1507077406673,1552.2331197822882,-134.08241204162096,0.45592847032896316,0.24643195014167382,0.297639579529363,A,0.3
2016-17,2016-10-15,Manchester City,Everton,D,1557.153414802427,1464.4622249625854,92.69118983984163,0.23264364912321606,0.2070582170922209,0.5602981337845632,H,0.3
2016-17,2016-10-15,Crystal Palace,West Ham,A,1428.3758706130934,1424.8092964794446,3.566574133648828,0.3071701972784764,0.24994017239373187,0.4428896303277917,H,0.3
2016-17,2016-10-15,Chelsea,Leicester City,H,1505.067028554719,1500.8422750396408,4.224753515078191,0.30656709284921696,0.24973496008100762,0.44369794706977544,H,0.3
2016-17,2016-10-15,Arsenal,Swansea,H,1567.5273776441236,1407.7548534387445,159.7725242053791,0.18438951616299182,0.1622279282264048,0.6533825556106034,H,0.3
2016-17,2016-10-15,Stoke,Sunderland,H,1394.8339472888802,1385.8886598530823,8.945287435797809,0.3022675462214095,0.24820653323519198,0.44952592054339857,H,0.3
2016-17,2016-10-16,Middlesbrough,Watford,A,1408.8372785524837,1421.4493762952325,-12.612097742748801,0.32228269302840273,0.25436031220813493,0.42335699476346234,H,0.3
2016-17,2016-10-16,Southampton,Burnley,H,1501.235028660809,1387.6588780337488,113.57615062706009,0.2169691560158817,0.1937282182040639,0.5893026257800543,H,0.3
2016-17,2016-10-17,Liverpool,Manchester United,D,1519.3748873612815,1516.6158746685212,2.7590126927602796,0.3079114062356804,0.250189298567104,0.44189929519721566,H,0.3
2016-17,2016-10-22,Swansea,Watford,D,1404.910272185156,1429.2755697435143,-24.365297558358407,0.3336218795156053,0.2567957258301562,0.4095823946542385,H,0.3
2016-17,2016-10-22,West Ham,Sunderland,H,1432.9817332246573,1377.0902306642354,55.89150256042194,0.26180318698496513,0.2280400064776445,0.5101568065373904,H,0.3
2016-17,2016-10-22,Arsenal,Middlesbrough,D,1570.3719588977121,1401.0110851042018,169.36087379351034,0.17798299263940284,0.15554687827388547,0.6664701290867117,H,0.3
2016-17,2016-10-22,Bournemouth,Tottenham,D,1417.6915430249394,1550.1325942779313,-132.44105125299188,0.45387604665038367,0.2470114033623032,0.2991125499873132,A,0.3
2016-17,2016-10-22,Burnley,Everton,H,1382.0363727855388,1468.5943629293831,-86.55799014384434,0.399188294079969,0.25821528464693533,0.34259642127309564,A,0.3
2016-17,2016-10-22,Hull,Stoke,A,1373.7926842426991,1403.6323764777271,-29.839692235027997,0.3390115034470079,0.2577005848671724,0.4032879116858197,H,0.3
2016-17,2016-10-22,Leicester City,Crystal Palace,H,1489.5348665066335,1420.2034338678807,69.33143263875286,0.2509145445982903,0.22081731655834103,0.5282681388433687,H,0.3
2016-17,2016-10-22,Liverpool,West Bromwich Albion,H,1517.5879311507942,1420.2512332450242,97.33669790577005,0.22910456568538076,0.2041663659278318,0.5667290683867875,H,0.3
2016-17,2016-10-23,Chelsea,Manchester United,H,1516.3744370877262,1518.4028308790084,-2.0283937912822694,0.3123333754870206,0.25160545994474703,0.43606116456823235,H,0.3
2016-17,2016-10-23,Manchester City,Southampton,D,1553.0212768356294,1506.857533909019,46.16374292661044,0.26986678108964335,0.23290154431006188,0.4972316746002947,H,0.3
2016-17,2016-10-29,Watford,Hull,H,1430.2976375353537,1362.0150090433106,68.28262849204316,0.25175405546490254,0.22140072164204383,0.5268452228930536,H,0.3
2016-17,2016-10-29,West Bromwich Albion,Manchester City,A,1416.4294597704024,1550.0573171010715,-133.62785733066903,0.45535944691995806,0.24659358547343385,0.2980469676066081,A,0.3
2016-17,2016-10-29,Tottenham,Leicester City,D,1548.0772710319468,1496.3942604357596,51.68301059618716,0.265272433772485,0.2301828663397603,0.5045446998877547,H,0.3
2016-17,2016-10-29,Sunderland,Arsenal,A,1372.5052230167933,1564.5873022497644,-192.08207923297118,0.5320070096089111,0.2192721614737986,0.24872082891729025,A,0.3
2016-17,2016-10-29,Middlesbrough,Bournemouth,H,1406.7957417521495,1419.7468662709239,-12.95112451877435,0.3226054344572642,0.254439853464807,0.4229547120779288,H,0.3
2016-17,2016-10-29,Manchester United,Burnley,D,1504.981617728796,1389.214246851309,115.76737087748688,0.21535937820535594,0.19228540739704203,0.592355214397602,H,0.3
2016-17,2016-10-29,Crystal Palace,Liverpool,A,1413.3440399387546,1521.409704625416,-108.06566468666142,0.42416208978103,0.2541996617892878,0.32163824842968214,A,0.3
2016-17,2016-10-30,Everton,West Ham,H,1461.4164888636128,1437.5667408720994,23.849747991513368,0.2889826864731708,0.2427474658440294,0.4682698476827998,H,0.3
2016-17,2016-10-30,Southampton,Chelsea,A,1509.8214936435768,1529.7956502379386,-19.97415659436183,0.3293488156534295,0.2559639039473901,0.4146872803991804,H,0.3
2016-17,2016-10-31,Stoke,Swansea,H,1415.4100516771157,1403.8882043933165,11.521847283799161,0.29993978398770643,0.24733082193785513,0.4527293940744384,H,0.3
2016-17,2016-11-05,Bournemouth,Sunderland,A,1410.2950711128663,1364.3816975404927,45.91337357237353,0.27007641045681735,0.23302234237939723,0.4969012471637854,H,0.3
2016-17,2016-11-05,Burnley,Crystal Palace,H,1393.8816855684595,1404.311828802196,-10.430143233736544,0.32021161308119495,0.2538353487102055,0.42595303820859953,H,0.3
2016-17,2016-11-05,Chelsea,Everton,H,1541.931660067606,1469.7116108394707,72.22004922813517,0.24861109868601,0.2191940901534107,0.5321948111605792,H,0.3
2016-17,2016-11-05,Manchester City,Middlesbrough,D,1562.0620001343393,1416.2475369102071,145.81446322413217,0.19393433240361863,0.1719173310713834,0.6341483365249979,H,0.3
2016-17,2016-11-05,West Ham,Stoke,D,1429.2716188962415,1424.1204063138857,5.151212582355811,0.30571966860901595,0.24944281062816845,0.44483752076281563,H,0.3
2016-17,2016-11-06,Leicester City,West Bromwich Albion,A,1499.5024306186913,1404.4247767371346,95.07765388155667,0.23082175916581718,0.20557837467548853,0.5635998661586943,H,0.3
2016-17,2016-11-06,Swansea,Manchester United,A,1395.1778497565465,1500.3141790116456,-105.1363292550991,0.42069079945568016,0.25487831578242787,0.3244308847618919,A,0.3
2016-17,2016-11-06,Hull,Southampton,H,1357.6674704178358,1497.6854838139095,-140.01801339607368,0.4634025522140245,0.24424052108385216,0.29235692670212327,A,0.3
2016-17,2016-11-06,Liverpool,Watford,H,1530.4419157619745,1434.6451761608284,95.7967396011461,0.23027437128811154,0.20513007427440622,0.5645955544374822,H,0.3
2016-17,2016-11-06,Arsenal,Tottenham,D,1572.710827726065,1544.9691008490151,27.741726877049814,0.285583691490859,0.24116947124055058,0.47324683726859046,H,0.3
2016-17,2016-11-19,Watford,Leicester City,H,1424.6968849483019,1490.0748430169228,-65.37795806862096,0.3757640564203512,0.25992657450483525,0.36430936907481354,A,0.3
2016-17,2016-11-19,Southampton,Liverpool,D,1489.693883498167,1540.390206974501,-50.6963234763341,0.3602013596018069,0.25978031568279114,0.380018324715402,H,0.3
2016-17,2016-11-19,Everton,Swansea,D,1458.6642276478592,1386.0473299602243,72.61689768763495,0.24829563890030368,0.2189692316574645,0.5327351294422318,H,0.3
2016-17,2016-11-19,Manchester United,Arsenal,D,1509.4446988079678,1570.2377703217387,-60.79307151377088,0.3708453768642241,0.25999840302999483,0.3691562201057811,A,0.3
2016-17,2016-11-19,Crystal Palace,Manchester City,A,1398.3907103316903,1556.7459366464882,-158.35522631479785,0.4869823147475804,0.23656225568618897,0.27645542956623065,A,0.3
2016-17,2016-11-19,Stoke,Bournemouth,A,1425.9739339880425,1401.4973030148878,24.47663097315467,0.28843329525005906,0.2424974487731198,0.4690692559768212,H,0.3
2016-17,2016-11-19,Sunderland,Hull,H,1373.1794656384711,1365.6590707335783,7.5203949048927825,0.3035605862160277,0.2486783042150938,0.44776110956887855,H,0.3
2016-17,2016-11-19,Tottenham,West Ham,H,1547.4421582533414,1427.4180912220847,120.02406703125666,0.21225076154198633,0.18946243348816394,0.5982868049698498,H,0.3
2016-17,2016-11-20,Middlesbrough,Chelsea,A,1421.5636003980583,1552.9790432592174,-131.41544286115914,0.45259678920630303,0.24736755995907034,0.30003565083462663,A,0.3
2016-17,2016-11-21,West Bromwich Albion,Burnley,H,1413.852364338903,1399.8028040389652,14.049560299937866,0.2976690087730467,0.24644366169719134,0.45588732952976196,H,0.3
2016-17,2016-11-26,Leicester City,Middlesbrough,D,1483.2392233193432,1416.348671435967,66.89055188337625,0.2528709649614371,0.22217008363661722,0.5249589514019457,H,0.3
2016-17,2016-11-26,Liverpool,Sunderland,H,1540.6579243229241,1384.343543618262,156.3143807046622,0.1867301665801299,0.16463474809151346,0.6486350853283567,H,0.3
2016-17,2016-11-26,Burnley,Manchester City,A,1387.168321485716,1561.4288962628782,-174.26057477716222,0.5079783625586007,0.22887745273269658,0.26314418470870266,A,0.3
2016-17,2016-11-26,Chelsea,Tottenham,H,1558.1939722213087,1550.8845616085898,7.309410612718921,0.3037523965950935,0.2487473972544184,0.4475002061504881,H,0.3
2016-17,2016-11-26,Hull,West Bromwich Albion,D,1354.4949927537875,1426.4868468921522,-71.99185413836472,0.3829543341208249,0.25963512748273193,0.35741053839644316,A,0.3
2016-17,2016-11-26,Swansea,Crystal Palace,H,1389.689177401722,1393.7077507153003,-4.018573313578372,0.3141858504899121,0.25216331227924627,0.43365083723084163,H,0.3
2016-17,2016-11-27,Manchester United,West Ham,D,1509.4675252013885,1423.9756878668363,85.4918373345522,0.2381891675964873,0.21144482808659718,0.5503660043169155,H,0.3
2016-17,2016-11-27,Arsenal,Bournemouth,H,1570.214943928318,1409.9872144360988,160.22772949221917,0.18408259452359896,0.161910926792109,0.654006478684292,H,0.3
2016-17,2016-11-27,Watford,Stoke,A,1431.5325046458815,1417.4840225668315,14.048482079050018,0.29766997470079953,0.24644404600135858,0.45588597929784186,H,0.3
2016-17,2016-11-27,Southampton,Everton,H,1489.426166149744,1455.0223802063615,34.403785943382445,0.2798302177955943,0.23832842288702932,0.4818413593173764,H,0.3
2016-17,2016-12-03,West Ham,Arsenal,A,1427.9345337135123,1574.7134236691775,-146.77888995566514,0.4720125109635347,0.24156554696875926,0.2864219420677061,A,0.3
2016-17,2016-12-03,West Bromwich Albion,Watford,H,1426.1418305809714,1423.1989221098208,2.942908471150531,0.3077425014054359,0.25013282653326385,0.44212467206130024,H,0.3
2016-17,2016-12-03,Tottenham,Swansea,H,1545.2979478549905,1395.5027452166319,149.79520263835866,0.19118587550792232,0.16916205285370392,0.6396520716383738,H,0.3
2016-17,2016-12-03,Crystal Palace,Southampton,H,1387.8941829003904,1494.4408474792422,-106.54666457885173,0.4223593352194745,0.254556675872346,0.3230839889081796,A,0.3
2016-17,2016-12-03,Stoke,Burnley,H,1425.8176051028922,1382.7848303614362,43.03277474145602,0.2724959770010783,0.2343960418696231,0.49310798112929854,H,0.3
2016-17,2016-12-03,Manchester City,Chelsea,A,1565.812387387158,1563.780585974908,2.0318014122499335,0.30858002326152906,0.2504111204835517,0.4410088562549192,H,0.3
2016-17,2016-12-03,Sunderland,Leicester City,H,1379.75788232514,1479.7411837001857,-99.98330137504581,0.41463758538602596,0.25597241226768475,0.32939000234628935,A,0.3
2016-17,2016-12-04,Bournemouth,Liverpool,H,1405.4887346952394,1545.2435856160462,-139.7548509208068,0.4630694757019802,0.24434082870021606,0.29258969559780384,A,0.3
2016-17,2016-12-04,Everton,Manchester United,D,1450.0076988768633,1505.5086793547125,-55.500980477849225,0.3652344182778793,0.25994861146647996,0.37481697025564076,H,0.3
2016-17,2016-12-05,Middlesbrough,Hull,H,1419.8467110551244,1354.8400090649684,65.00670199015599,0.25438724016463504,0.22320204165635993,0.5224107181790051,H,0.3
2016-17,2016-12-10,Swansea,Sunderland,H,1387.7823087714378,1387.147689092279,0.6346196791587317,0.3098677169194363,0.2508305854931497,0.43930169758741405,H,0.3
2016-17,2016-12-10,Watford,Everton,H,1414.1936461844616,1449.8782139231664,-35.6845677387048,0.34484372254678614,0.25850312955932114,0.39665314789389267,H,0.3
2016-17,2016-12-10,Leicester City,Manchester City,H,1472.3513769330466,1552.8972890184207,-80.54591208537408,0.39242120838743944,0.25893038033113536,0.3486484112814252,A,0.3
2016-17,2016-12-10,Arsenal,Stoke,H,1586.109174975386,1433.487994896916,152.62118007846993,0.1892474606672128,0.16720147778578165,0.6435510615470056,H,0.3
2016-17,2016-12-10,Burnley,Bournemouth,H,1375.1144405674124,1413.4765493270304,-38.36210875961797,0.3475427185775654,0.2588139287322158,0.39364335269021883,H,0.3
2016-17,2016-12-10,Hull,Crystal Palace,D,1350.4304425865648,1402.877685781508,-52.44724319494321,0.36202881712211127,0.2598552017103264,0.37811598116756234,H,0.3
2016-17,2016-12-11,Chelsea,West Bromwich Albion,H,1576.6956843436453,1435.1471065063306,141.54857783731472,0.19690297347316463,0.17485972480654724,0.6282373017202881,H,0.3
2016-17,2016-12-11,Liverpool,West Ham,D,1537.2557709842552,1416.5387824073039,120.71698857695128,0.21174704033370367,0.18900050704035762,0.5992524526259386,H,0.3
2016-17,2016-12-11,Manchester United,Tottenham,H,1505.6381643084094,1553.0183843001846,-47.38021999177522,0.35676121997941973,0.2595959461189368,0.3836428339016435,H,0.3
2016-17,2016-12-11,Southampton,Middlesbrough,H,1479.4573445981246,1424.256277533528,55.2010670645966,0.2623703537888687,0.2283956038738427,0.5092340423372886,H,0.3
2016-17,2016-12-13,Bournemouth,Leicester City,H,1407.0876103974974,1483.5754832120385,-76.4878728145411,0.3879065268580324,0.25931067140081576,0.3527828017411518,A,0.3
2016-17,2016-12-13,Everton,Arsenal,H,1443.53395921383,1590.7782971868276,-147.24433797299753,0.4726089504730198,0.2413745433089818,0.28601650621799846,A,0.3
2016-17,2016-12-14,West Ham,Burnley,H,1421.3169039185527,1381.5033794969454,39.813524421607326,0.27521691654924463,0.2358955804866254,0.48888750296412997,H,0.3
2016-17,2016-12-14,Sunderland,Chelsea,A,1375.6831529958895,1579.8038163416386,-204.1206633457491,0.5484797432901725,0.21226640713039513,0.2392538495794325,A,0.3
2016-17,2016-12-14,Stoke,Southampton,D,1428.8188726854744,1484.0558101429308,-55.236937457456406,0.3649563188141187,0.25994240326681645,0.3751012779190648,H,0.3
2016-17,2016-12-14,Middlesbrough,Liverpool,A,1419.6578119887217,1532.4776494730063,-112.81983748428456,0.42984210213431356,0.2530118105786093,0.31714608728707716,A,0.3
2016-17,2016-12-14,Tottenham,Hull,H,1546.4793978748232,1350.2130910077572,196.26630686706608,0.1606682351680185,0.13691350883780212,0.7024182559941793,H,0.3
2016-17,2016-12-14,Crystal Palace,Manchester United,A,1403.0950373603157,1512.1771507337708,-109.08211337345506,0.42537168455553115,0.2539546517039416,0.3206736637405273,A,0.3
2016-17,2016-12-14,West Bromwich Albion,Swansea,H,1432.0389745083373,1399.2468448678273,32.792129640509984,0.28121468394360594,0.23903163219097004,0.47975368386542405,H,0.3
2016-17,2016-12-14,Manchester City,Watford,H,1541.6731827394287,1420.537900893798,121.13528184563074,0.21144327343063554,0.18872134635339555,0.5998353802159689,H,0.3
2016-17,2016-12-17,Sunderland,Watford,H,1371.8301313906773,1415.110142586548,-43.28001119587066,0.35254523483907024,0.2592911527382333,0.3881636124226964,H,0.3
2016-17,2016-12-17,West Ham,Hull,H,1426.2213355873018,1345.474505127951,80.7468304593508,0.24188526239655606,0.21426805392990103,0.5438466836735429,H,0.3
2016-17,2016-12-17,West Bromwich Albion,Manchester United,A,1440.0395315561439,1517.8543851549834,-77.81485359883959,0.38937813630631296,0.2591954277034308,0.35142643599025625,A,0.3
2016-17,2016-12-17,Crystal Palace,Chelsea,A,1397.417802939103,1583.6568379468508,-186.23903500774782,0.5240770841732892,0.2225281833475838,0.2533947324791269,A,0.3
2016-17,2016-12-17,Stoke,Leicester City,D,1428.6817893131838,1476.559253558359,-47.87746424517513,0.3572753241898072,0.25962713746786603,0.3830975383423268,H,0.3
2016-17,2016-12-17,Middlesbrough,Swansea,H,1408.4605471065795,1391.2462878200208,17.214259286558672,0.29484372370861056,0.2452942637106158,0.45986201258077364,H,0.3
2016-17,2016-12-18,Bournemouth,Southampton,A,1414.103840051177,1484.1928935152214,-70.08905346404435,0.3808741838449641,0.2597416797784034,0.35938413637663263,A,0.3
2016-17,2016-12-18,Manchester City,Arsenal,H,1547.1009410466788,1582.6837162908757,-35.58277524419691,0.3447414542563114,0.2584906070553739,0.3967679386883147,H,0.3
2016-17,2016-12-18,Tottenham,Burnley,H,1551.2179837546294,1376.5989478281963,174.61903592643307,0.17452198172472608,0.1518847696048139,0.67359324867046,H,0.3
2016-17,2016-12-19,Everton,Liverpool,A,1451.6285401097819,1543.6749143551485,-92.04637424536668,0.40544776294537155,0.2574054906446991,0.33714674640992937,A,0.3
2016-17,2016-12-26,Watford,Crystal Palace,D,1408.6392831215142,1393.2522072085349,15.387075912979299,0.2964725509389345,0.24596309921676607,0.45756434984429945,H,0.3
2016-17,2016-12-26,Swansea,West Ham,A,1380.498608329169,1430.3379108034328,-49.83930247426383,0.3593096636613482,0.25973799985738155,0.38095233648127025,H,0.3
2016-17,2016-12-26,Leicester City,Everton,A,1476.9080266625515,1445.587357322084,31.320669340467475,0.2824828126368371,0.2396648637813651,0.4778523235817978,H,0.3
2016-17,2016-12-26,Manchester United,Sunderland,H,1527.921603368683,1378.300990855711,149.620612512972,0.19130597893709547,0.16928306327144088,0.6394109577914637,H,0.3
2016-17,2016-12-26,Chelsea,Bournemouth,H,1587.822433677419,1403.7659992452072,184.05643443221174,0.16840370437618465,0.14532991075787902,0.6862663848659363,H,0.3
2016-17,2016-12-26,Burnley,Middlesbrough,H,1373.9560555255093,1419.2082265974313,-45.25217107192202,0.35456791725078857,0.25944834388974725,0.3859837388594642,H,0.3
2016-17,2016-12-26,Arsenal,West Bromwich Albion,H,1576.34116138766,1429.9723133424443,146.3688480452156,0.19355030500353015,0.17153412096075552,0.6349155740357144,H,0.3
2016-17,2016-12-26,Hull,Manchester City,A,1341.35792991182,1553.4434959498947,-212.0855660380746,0.5594609298525532,0.2074317843168957,0.23310728583055101,A,0.3
2016-17,2016-12-27,Liverpool,Stoke,H,1549.7160971428464,1428.3330162089912,121.38308093385513,0.21126343126988667,0.1885558607178271,0.6001807080122863,H,0.3
2016-17,2016-12-28,Southampton,Tottenham,A,1494.5307343211912,1553.8608760573163,-59.33014173612514,0.369287206821427,0.25999886069952394,0.37071393247904905,H,0.3
2016-17,2016-12-30,Hull,Everton,D,1333.920299064013,1459.202549707703,-125.28225064368985,0.4449988693428551,0.24940117920325316,0.3055999514538918,A,0.3
2016-17,2016-12-31,Southampton,West Bromwich Albion,A,1481.0058064744703,1426.9356189524276,54.070187522042715,0.26330101028259517,0.22897463735280646,0.5077243523645983,H,0.3
2016-17,2016-12-31,Burnley,Sunderland,H,1380.4597044785007,1373.563211142843,6.896493335657624,0.3041280503089436,0.24888204862679442,0.446989901064262,H,0.3
2016-17,2016-12-31,Chelsea,Stoke,H,1592.8637591491195,1421.49189918259,171.37185996652943,0.17665494082338476,0.15414581998438054,0.6691992391922347,H,0.3
2016-17,2016-12-31,Leicester City,West Ham,H,1463.2928342769326,1444.2900827294916,19.002751547440994,0.2932556654924225,0.24462590365831668,0.4621184308492608,H,0.3
2016-17,2016-12-31,Liverpool,Manchester City,H,1556.5572141692476,1560.8811267977017,-4.323912628454082,0.3144708087275215,0.25224728242846284,0.4332819088440157,H,0.3
2016-17,2016-12-31,Manchester United,Middlesbrough,H,1532.659383081551,1412.70457764444,119.95480543711096,0.21230114695921035,0.18950857008141686,0.5981902829593728,H,0.3
2016-17,2016-12-31,Swansea,Bournemouth,A,1366.5464364031102,1398.7246737735068,-32.17823737039657,0.3413352541191546,0.25804204695520866,0.4006226989256367,H,0.3
2016-17,2017-01-01,Watford,Tottenham,A,1406.5028916698752,1567.3858039040372,-160.88291223416195,0.4902872563662648,0.2354016797250926,0.2743110639086425,A,0.3
2016-17,2017-01-01,Arsenal,Crystal Palace,H,1579.3778557776766,1395.3885986601738,183.9892571175028,0.16844682850334897,0.14537644875618128,0.6861767227404697,H,0.3
2016-17,2017-01-02,Everton,Southampton,H,1457.3453802847482,1472.0959638621987,-14.75058357745047,0.3243227212525392,0.2548528753476999,0.42082440339976085,H,0.3
2016-17,2017-01-02,Manchester City,Burnley,H,1555.0624389011234,1391.6508490164354,163.41158988468806,0.1819435975524412,0.15969289174051837,0.6583635107070405,H,0.3
2016-17,2017-01-02,Middlesbrough,Leicester City,D,1409.2610583050161,1468.6286966601547,-59.367638355138524,0.36932707672560416,0.2599989846784964,0.37067393859589937,H,0.3
2016-17,2017-01-02,Sunderland,Liverpool,D,1362.3720666049085,1562.3759020658258,-200.00383546091734,0.5428280095705225,0.2147049786069208,0.2424670118225567,A,0.3
2016-17,2017-01-02,West Bromwich Albion,Hull,H,1435.8454615646992,1335.7774684869678,100.06799307773144,0.22703797075980683,0.20244517466628895,0.5705168545739042,H,0.3
2016-17,2017-01-02,West Ham,Manchester United,A,1438.9542203462695,1536.1029024209747,-97.14868207470522,0.41133684707232065,0.2565195367758074,0.33214361615187193,A,0.3
2016-17,2017-01-03,Stoke,Watford,H,1417.2346628894804,1397.2336614400745,20.001001449405976,0.2923719698633602,0.2442470141397075,0.46338101599693227,H,0.3
2016-17,2017-01-03,Bournemouth,Arsenal,D,1413.4795483293767,1583.3743649760847,-169.89481664670802,0.5021693700117348,0.23107525584243332,0.2667553741458319,A,0.3
2016-17,2017-01-03,Crystal Palace,Swansea,A,1391.3920894617656,1351.7915618472402,39.60052761452539,0.27539757944283677,0.23599344804939892,0.4886089725077643,H,0.3
2016-17,2017-01-04,Tottenham,Chelsea,H,1576.655034133838,1597.120995442229,-20.465961308391115,0.3298252033375346,0.2560617286560771,0.41411306800638825,H,0.3
2016-17,2017-01-14,Tottenham,West Bromwich Albion,H,1586.3066481767491,1441.828122692317,144.4785254844321,0.1948614217017572,0.17284003608503984,0.6322985422132029,H,0.3
2016-17,2017-01-14,Swansea,Arsenal,A,1360.5006348544919,1580.3127650255744,-219.81213017108257,0.5701618293979102,0.20260704811828545,0.2272311224838044,A,0.3
2016-17,2017-01-14,Sunderland,Stoke,A,1366.1968838973337,1425.658303328714,-59.461419431380364,0.36942680912998244,0.2599992634976495,0.370573927372368,H,0.3
2016-17,2017-01-14,Burnley,Southampton,H,1388.8567775064828,1460.1087389535505,-71.25196144706774,0.382144371466001,0.25967873648214673,0.3581768920518523,A,0.3
2016-17,2017-01-14,Hull,Bournemouth,H,1329.79480735935,1416.541148279887,-86.74634092053702,0.39940181297716765,0.2581899689077802,0.3424082181150521,A,0.3
2016-17,2017-01-14,Watford,Middlesbrough,D,1388.8100210008408,1409.2428574939036,-20.432836493062723,0.3297930996267655,0.25605517662860267,0.41415172374463183,H,0.3
2016-17,2017-01-14,Leicester City,Chelsea,A,1468.6468974712673,1587.4693813993179,-118.82248392805059,0.43709466744620623,0.2513613994972752,0.3115439330565186,A,0.3
2016-17,2017-01-14,West Ham,Crystal Palace,H,1429.5534298933467,1382.683016454514,46.87041343883266,0.26927567355512744,0.23255939204566642,0.4981649343992061,H,0.3
2016-17,2017-01-15,Manchester United,Liverpool,D,1545.5036928738975,1558.5510847734006,-13.047391899503054,0.32269712392808464,0.2544623397768704,0.422840536295045,H,0.3
2016-17,2017-01-15,Everton,Manchester City,H,1469.3326051933964,1557.856510411076,-88.52390521767961,0.4014214333833819,0.25794237052516467,0.34063619609145346,A,0.3
2016-17,2017-01-21,Manchester City,Tottenham,D,1541.117322935471,1593.4223379571633,-52.30501502169227,0.36188008582539255,0.2598496984758123,0.37827021569879515,H,0.3
2016-17,2017-01-21,West Bromwich Albion,Sunderland,H,1434.7124329119029,1355.4832967361456,79.22913617575728,0.24307445555799934,0.21515902561624642,0.5417665188257542,H,0.3
2016-17,2017-01-21,Stoke,Manchester United,D,1436.3718904899022,1544.1604553996567,-107.78856490975454,0.4238327897996936,0.25426560632200473,0.3219016038783017,A,0.3
2016-17,2017-01-21,Liverpool,Swansea,A,1559.8943222476414,1352.1611221291485,207.73320011849296,0.1535912772767989,0.1291108343528594,0.7172978883703417,H,0.3
2016-17,2017-01-21,Middlesbrough,West Ham,A,1410.3767940637633,1439.0788130267472,-28.702018962983857,0.3378856857709222,0.25752468512400656,0.4045896291050713,H,0.3
2016-17,2017-01-21,Bournemouth,Watford,D,1405.159727853129,1387.676084430981,17.483643422147907,0.294604133091387,0.24519445797288858,0.46020140893572437,H,0.3
2016-17,2017-01-21,Crystal Palace,Everton,A,1373.1576333211135,1486.0717926690013,-112.91415934788779,0.42995536858294126,0.2529871702377346,0.3170574611793241,A,0.3
2016-17,2017-01-22,Arsenal,Burnley,H,1588.6522777509178,1395.7881632078243,192.8641145430936,0.16280307971153393,0.13924918490366675,0.6979477353847993,H,0.3
2016-17,2017-01-22,Chelsea,Hull,H,1598.4161947395219,1341.176227786108,257.23996695341384,0.1248245706932055,0.1,0.7751754293067945,H,0.3
2016-17,2017-01-22,Southampton,Leicester City,H,1453.177353252209,1457.7000841310632,-4.5227308788541905,0.31465646312253714,0.25230172670521295,0.43304181017224985,H,0.3
2016-17,2017-01-31,Bournemouth,Crystal Palace,A,1402.9658213881658,1367.5609782754782,35.40484311268756,0.27897262278016843,0.23788660036761722,0.48314077685221435,H,0.3
2016-17,2017-01-31,Burnley,Leicester City,H,1393.3774515154607,1446.0560403156514,-52.67858880019071,0.3622708487350422,0.2598639340916414,0.3778652171733165,H,0.3
2016-17,2017-01-31,Arsenal,Watford,A,1591.0629894432814,1389.8699908959443,201.19299854733708,0.1576051918383017,0.13354697470330532,0.708847833458393,H,0.3
2016-17,2017-01-31,Liverpool,Chelsea,D,1549.4613887067487,1601.1445890183622,-51.68320031161352,0.36123043388542325,0.259824434489336,0.37894513162524074,H,0.3
2016-17,2017-01-31,Middlesbrough,West Bromwich Albion,D,1398.5578725234136,1441.2809418385193,-42.723069315105704,0.35197575181788426,0.25924321284807683,0.3887810353340389,H,0.3
2016-17,2017-01-31,Sunderland,Tottenham,D,1348.9147878095291,1593.6437812213173,-244.72899341178822,0.6048431593346524,0.1863136644090513,0.2088431762562963,A,0.3
2016-17,2017-01-31,Swansea,Southampton,H,1362.5940556700411,1464.8213970676209,-102.22734139757972,0.41726527843238403,0.25551166720220503,0.32722305436541094,A,0.3
2016-17,2017-02-01,Manchester United,Hull,D,1542.7935989587372,1338.4478335072677,204.34576545146956,0.15566277142548388,0.13140348271627336,0.7129337458582428,H,0.3
2016-17,2017-02-01,West Ham,Manchester City,A,1450.897734567097,1540.895879671317,-89.99814510422016,0.4031026394001735,0.257725136685128,0.33917222391469853,A,0.3
2016-17,2017-02-01,Stoke,Everton,D,1437.7387469308217,1491.6684477146366,-53.92970078381495,0.3635820740804019,0.259906456104607,0.3765114698149912,H,0.3
2016-17,2017-02-04,Southampton,West Ham,A,1457.3966052390479,1436.7675674337156,20.629037805332246,0.29181698329522593,0.2440065075680945,0.46417650913667957,H,0.3
2016-17,2017-02-04,Watford,Burnley,H,1400.2610320064605,1400.00420366374,0.25682834272038235,0.31021660344738433,0.25094248417311066,0.43884091237950495,H,0.3
2016-17,2017-02-04,West Bromwich Albion,Stoke,H,1441.7778024026684,1437.564047450719,4.2137549519493405,0.30657716374224764,0.2497384052742552,0.4436844309834972,H,0.3
2016-17,2017-02-04,Tottenham,Middlesbrough,H,1588.7770412288023,1398.0610119592645,190.71602926953778,0.16415919895200362,0.1407279825125324,0.695112818535464,H,0.3
2016-17,2017-02-04,Hull,Liverpool,H,1344.8635969065438,1549.222057680905,-204.35846077436122,0.548806736919878,0.21212425368357782,0.2390690093965441,A,0.3
2016-17,2017-02-04,Everton,Bournemouth,H,1491.8431471947392,1389.257160377671,102.58598681706826,0.2251419965455632,0.20084533139064556,0.5740126720637913,H,0.3
2016-17,2017-02-04,Chelsea,Arsenal,H,1601.383920044206,1580.6719483327652,20.71197171144081,0.29174375220414406,0.2439746252442595,0.46428162255159644,H,0.3
2016-17,2017-02-04,Crystal Palace,Sunderland,A,1381.269639285973,1353.7815278020441,27.488111483928833,0.2858043237062454,0.24127416005660557,0.47292151623714906,H,0.3
2016-17,2017-02-05,Leicester City,Manchester United,A,1439.429288167372,1536.3778355594611,-96.94854739208904,0.41110458486774154,0.25655668826820427,0.3323387268640543,A,0.3
2016-17,2017-02-05,Manchester City,Swansea,H,1555.0260468046984,1370.0188474986142,185.0071993060842,0.16779402505308394,0.1446714833725341,0.687534491574382,H,0.3
2016-17,2017-02-11,Sunderland,Southampton,A,1373.5975147438319,1444.0310743025827,-70.43355955875086,0.38125010794445396,0.25972374664162057,0.3590261454139255,A,0.3
2016-17,2017-02-11,West Ham,West Bromwich Albion,D,1450.1330983701807,1447.4317465708364,2.7013517993443656,0.30796438111647767,0.2502069740800404,0.441828644803482,H,0.3
2016-17,2017-02-11,Stoke,Crystal Palace,H,1431.910103282551,1361.4536523441852,70.45645093836583,0.25001591090559444,0.2201879668663018,0.5297961222281037,H,0.3
2016-17,2017-02-11,Manchester United,Watford,H,1548.2489081138456,1406.0015969240687,142.24731118977684,0.1964150715856456,0.17437859193849328,0.6292063364758611,H,0.3
2016-17,2017-02-11,Liverpool,Tottenham,H,1535.2178154134447,1591.2142049192967,-55.996389505851994,0.36575667443760207,0.2599593048138758,0.3742840207485222,H,0.3
2016-17,2017-02-11,Arsenal,Hull,H,1572.2721262498299,1358.867839174004,213.40428707582578,0.15015944085520622,0.12529890187485623,0.7245416572699376,H,0.3
2016-17,2017-02-11,Middlesbrough,Everton,D,1395.6238482687702,1499.3062246346315,-103.68237636586127,0.41897597173963735,0.2551999495093536,0.32582407875100916,A,0.3
2016-17,2017-02-12,Burnley,Chelsea,D,1394.2636387461318,1609.7837421271413,-215.52010338100945,0.5642124645657148,0.20530266747421785,0.23048486796006723,A,0.3
2016-17,2017-02-12,Swansea,Leicester City,H,1367.5102442310315,1427.5582156129876,-60.04797138195613,0.37005108983399626,0.25999999415697367,0.36994891600903,A,0.3
2016-17,2017-02-13,Bournemouth,Manchester City,A,1381.7940829377787,1557.534650072281,-175.74056713450227,0.5099550141926956,0.22811787736095676,0.26192710844634765,A,0.3
2016-17,2017-02-25,Hull,Burnley,D,1355.4294104998114,1398.463068931017,-43.033658431205595,0.35229324113199423,0.25927014006591714,0.3884366188020886,H,0.3
2016-17,2017-02-25,Everton,Sunderland,H,1498.0555279821908,1358.4705998115799,139.58492817061097,0.19827758857087283,0.1762099748550837,0.6255124365740434,H,0.3
2016-17,2017-02-25,Watford,West Ham,D,1401.091859752512,1448.347748826248,-47.25588907373617,0.3566327690223896,0.25958795171147536,0.383779279266135,H,0.3
2016-17,2017-02-25,Chelsea,Swansea,H,1605.5843119422561,1378.2059497212122,227.37836222104397,0.14189847664891525,0.11606780773426696,0.7420337156168177,H,0.3
2016-17,2017-02-25,West Bromwich Albion,Bournemouth,H,1449.217096114769,1374.889656901831,74.32743921293809,0.24693864417054248,0.2179949836326404,0.5350663721968172,H,0.3
2016-17,2017-02-25,Crystal Palace,Middlesbrough,H,1357.1469716177746,1396.8745449212108,-39.7275733034362,0.3489257832799846,0.25895860937573867,0.39211560734427675,H,0.3
2016-17,2017-02-26,Tottenham,Stoke,H,1580.6242189100592,1436.2167840089617,144.40743490109753,0.1949108220955245,0.17288910656553583,0.6322000713389397,H,0.3
2016-17,2017-02-27,Leicester City,Liverpool,H,1416.862510122807,1545.8078014226821,-128.94529129987518,0.44952592533584856,0.24820653194369424,0.30226754272045714,A,0.3
2016-17,2017-03-04,Leicester City,Hull,H,1429.2731461194198,1354.9414677338305,74.33167838558938,0.2469352866830141,0.21799255910680118,0.5350721542101847,H,0.3
2016-17,2017-03-04,Liverpool,Arsenal,H,1533.3971654260693,1575.7105549240225,-42.31338949795327,0.3515573310356967,0.2592069520761282,0.3892357168881751,H,0.3
2016-17,2017-03-04,Manchester United,Bournemouth,D,1553.1586452854024,1370.6551322372245,182.50351304817787,0.16940216415035872,0.1464062375433278,0.6841915983063135,H,0.3
2016-17,2017-03-04,Stoke,Middlesbrough,H,1429.098652187212,1390.4628398543682,38.6358123328439,0.2762168416198834,0.2364345998171374,0.48734855856297915,H,0.3
2016-17,2017-03-04,Swansea,Burnley,H,1375.0091278710233,1398.951011696998,-23.941883825974628,0.3332079225787478,0.2567196119155827,0.4100724655056695,H,0.3
2016-17,2017-03-04,Watford,Southampton,A,1400.7252191730333,1459.1579892348348,-58.43277006180142,0.3683341008165623,0.25999376360490617,0.37167213557853157,H,0.3
2016-17,2017-03-04,West Bromwich Albion,Crystal Palace,A,1453.4516207793754,1363.5586766846172,89.89294409475815,0.2347902329808048,0.2087773967299043,0.5564323702892909,H,0.3
2016-17,2017-03-05,Tottenham,Everton,H,1587.7423507318088,1503.0284931069082,84.71385762490058,0.23879291288460863,0.21191154137997653,0.5492955457354148,H,0.3
2016-17,2017-03-05,Sunderland,Manchester City,A,1353.4976346868625,1564.4390761082288,-210.94144142136633,0.5578801126384911,0.2081352864632135,0.23398460089829531,A,0.3
2016-17,2017-03-06,West Ham,Chelsea,A,1448.7143894057267,1608.781133792445,-160.06674438671826,0.4892187480510806,0.23577901220581518,0.27500223974310417,A,0.3
2016-17,2017-03-08,Manchester City,Stoke,D,1570.3635085665096,1436.909849283288,133.45365928322167,0.20260258593635194,0.1804059830806476,0.6169914309830005,H,0.3
2016-17,2017-03-11,Bournemouth,West Ham,H,1376.6859803619152,1444.064194857967,-67.3782144960519,0.3779267756281554,0.2598618151251155,0.362211409246729,A,0.3
2016-17,2017-03-11,Everton,West Bromwich Albion,H,1498.9837328263466,1438.6060926686564,60.377640157690166,0.2581367819779219,0.22569175315759393,0.5161714648644842,H,0.3
2016-17,2017-03-11,Hull,Swansea,H,1348.230029503209,1381.1568941517864,-32.92686464857752,0.34208187999215206,0.2581456268108824,0.39977249319696556,H,0.3
2016-17,2017-03-12,Liverpool,Burnley,H,1543.6277412749175,1392.8032454162349,150.82449585868267,0.1904786291121136,0.16844835572714048,0.641073015160746,H,0.3
2016-17,2017-03-18,Sunderland,Burnley,D,1347.5732022285817,1389.8314770174923,-42.25827478891051,0.3515010716847328,0.25920200941519966,0.3892969189000675,H,0.3
2016-17,2017-03-18,West Bromwich Albion,Arsenal,H,1429.6098090728717,1565.4799790751742,-135.87017000230253,0.45817108731263606,0.24578764534033304,0.2960412673470309,A,0.3
2016-17,2017-03-18,Stoke,Chelsea,A,1441.9658750288665,1613.4313283402046,-171.46545331133802,0.5042554096659014,0.23029202131158935,0.26545256902250924,A,0.3
2016-17,2017-03-18,West Ham,Leicester City,A,1437.1958986045752,1435.9845843500414,1.2113142545338178,0.30933572072807325,0.25065852211604445,0.4400057571558823,H,0.3
2016-17,2017-03-18,Crystal Palace,Watford,H,1378.4042047953362,1393.9426287237982,-15.538423928461953,0.3250768531453955,0.2550288391548302,0.4198943076997743,H,0.3
2016-17,2017-03-18,Bournemouth,Swansea,H,1383.5542766153071,1374.8587144507264,8.695562164580679,0.30249386655987054,0.24828986219903942,0.44921627124109,H,0.3
2016-17,2017-03-18,Everton,Hull,H,1507.9800164221313,1354.528209204269,153.45180721786232,0.18867972522383705,0.16662460506851937,0.6446956697076436,H,0.3
2016-17,2017-03-19,Tottenham,Southampton,H,1591.7871110123704,1465.94057968407,125.84653132830044,0.20803814972673423,0.18556168517723273,0.606400165096033,H,0.3
2016-17,2017-03-19,Middlesbrough,Manchester United,A,1382.6516427582924,1547.1277971607117,-164.4761544024193,0.49500672003483714,0.23371144848361794,0.27128183148154494,A,0.3
2016-17,2017-03-19,Manchester City,Liverpool,D,1565.307482820931,1546.5995096736601,18.707973147270877,0.2935169831503652,0.244736989308176,0.4617460275414588,H,0.3
2016-17,2017-04-01,Watford,Sunderland,H,1387.9357973921842,1347.062997723498,40.872799668686184,0.27431962068663307,0.2354063700303947,0.49027400928297227,H,0.3
2016-17,2017-04-01,Southampton,Bournemouth,D,1462.5910651346255,1392.3612652599895,70.229799874636,0.25019679720596394,0.22031505201823845,0.5294881507757976,H,0.3
2016-17,2017-04-01,Manchester United,West Bromwich Albion,D,1554.365330247459,1442.1811749408148,112.18415530664424,0.21799517066902643,0.19464091571009812,0.5873639136208755,H,0.3
2016-17,2017-04-01,Liverpool,Everton,H,1548.8269329951995,1514.7925107810477,34.034422214151846,0.2801471009742912,0.2384904720156693,0.4813624270100395,H,0.3
2016-17,2017-04-01,Burnley,Tottenham,A,1390.341681522576,1595.1366255618148,-204.79494403923877,0.5494070886031661,0.21186296616384845,0.23872994523298546,A,0.3
2016-17,2017-04-01,Chelsea,Crystal Palace,A,1617.8666209769353,1384.4110361269502,233.45558484998514,0.13839362920435566,0.11213497817784142,0.7494713926178028,H,0.3
2016-17,2017-04-01,Leicester City,Stoke,H,1444.1202855062888,1437.5305823921358,6.589703114153053,0.3044073789659216,0.24898160253941237,0.446611018494666,H,0.3
2016-17,2017-04-01,Hull,West Ham,H,1347.7157148453525,1429.0601974483277,-81.34448260297518,0.3933146656310928,0.2588458057528878,0.3478395286160195,A,0.3
2016-17,2017-04-02,Arsenal,Manchester City,D,1552.9086132072312,1563.0800594993916,-10.171446292160454,0.31996675503391786,0.2537716151248252,0.4262616298412569,H,0.3
2016-17,2017-04-02,Swansea,Middlesbrough,D,1366.051725806044,1375.414109671545,-9.362383865500988,0.3192019176761192,0.2535702554000134,0.42722782692386735,H,0.3
2016-17,2017-04-04,Burnley,Stoke,H,1384.2529862048475,1428.6512535210404,-44.398267316192914,0.35369096616464446,0.259382690472304,0.38692634336305154,H,0.3
2016-17,2017-04-04,Leicester City,Sunderland,H,1452.9996143773842,1342.1799931776632,110.81962119972104,0.2190035051313347,0.1955325984783414,0.5854638963903239,H,0.3
2016-17,2017-04-04,Manchester United,Everton,D,1549.7789444953503,1506.8324192861098,42.94652520924046,0.2725686419796021,0.23443671132129934,0.4929946466990986,H,0.3
2016-17,2017-04-04,Watford,West Bromwich Albion,H,1392.818801938019,1446.7675606929236,-53.948758754904475,0.3636020781068611,0.2599070424480598,0.37649087944507903,H,0.3
2016-17,2017-04-05,Swansea,Tottenham,A,1364.6044910189894,1601.2253208795432,-236.62082986055384,0.5935443608720687,0.19172149352692888,0.21473414560100226,A,0.3
2016-17,2017-04-05,Southampton,Crystal Palace,H,1459.0089598972115,1394.9904797133445,64.01848018386704,0.25518486115354794,0.22373909554771462,0.5210760432987374,H,0.3
2016-17,2017-04-05,Liverpool,Bournemouth,D,1556.7870244901374,1395.9433704974035,160.84365399273383,0.18366774732851665,0.16148194723076306,0.6548503054407203,H,0.3
2016-17,2017-04-05,Chelsea,Manchester City,H,1607.287177390541,1564.5044876900336,42.78268970050749,0.27270670822286697,0.2345138906762083,0.4927794011009247,H,0.3
2016-17,2017-04-05,Arsenal,West Ham,H,1551.4841850165892,1421.9657457106032,129.51843930598602,0.2054048117008139,0.18308075606936886,0.6115144322298173,H,0.3
2016-17,2017-04-05,Hull,Middlesbrough,H,1354.810166583077,1376.8613444585997,-22.051177875522626,0.3313644804913244,0.25636905476462724,0.4122664647440484,H,0.3
2016-17,2017-04-08,Bournemouth,Chelsea,A,1401.5626002391616,1612.1316828415768,-210.56908260241516,0.5573658621288626,0.2083636085775011,0.23427052929363623,A,0.3
2016-17,2017-04-08,Stoke,Liverpool,A,1422.1617970737354,1551.1677947483793,-129.00599767464382,0.4496012212479939,0.24818623383599325,0.3022125449160128,A,0.3
2016-17,2017-04-08,Middlesbrough,Burnley,D,1367.1675998972137,1390.7424426521525,-23.5748427549388,0.33284941375643395,0.25665292277244783,0.41049766347111816,H,0.3
2016-17,2017-04-08,West Bromwich Albion,Southampton,A,1436.231138230506,1466.0277839212497,-29.796645690743617,0.3389688501296708,0.25769404567938614,0.40333710419094304,H,0.3
2016-17,2017-04-08,Tottenham,Watford,H,1606.4957897769552,1403.3552244004366,203.14056537651868,0.15640365632931494,0.13222180821667204,0.711374535454013,H,0.3
2016-17,2017-04-08,Manchester City,Hull,H,1559.6599822389978,1364.503911144463,195.1560710945348,0.1613631410257626,0.1376747914445552,0.7009620675296823,H,0.3
2016-17,2017-04-08,West Ham,Swansea,H,1415.3819936554225,1359.3340221215774,56.04797153384516,0.26167476147833313,0.2279592017012162,0.5103660368204507,H,0.3
2016-17,2017-04-09,Sunderland,Manchester United,A,1336.4852558359603,1546.8996788881927,-210.41442305223245,0.5571523017244598,0.20845835003665142,0.2343893482388887,A,0.3
2016-17,2017-04-09,Everton,Leicester City,H,1509.7116848932674,1458.694351719087,51.017333174180294,0.2658238554576496,0.2305163481560116,0.5036597963863387,H,0.3
2016-17,2017-04-10,Crystal Palace,Arsenal,H,1387.9716556893063,1558.0679370717698,-170.09628138246353,0.5024367015044924,0.23097526421192632,0.2665880342835813,A,0.3
2016-17,2017-04-15,Crystal Palace,Leicester City,D,1404.7861260084576,1451.2759073350849,-46.48978132662728,0.35584211737487964,0.25953696785177977,0.38462091477334054,H,0.3
2016-17,2017-04-15,Everton,Burnley,H,1517.1301292772696,1391.7870186260607,125.34311065120892,0.2084005856731171,0.185900616393933,0.6056987979329499,H,0.3
2016-17,2017-04-15,Southampton,Manchester City,A,1473.4596540434134,1563.4365437980596,-89.97688975464621,0.4030783600248864,0.2577283451573694,0.3391932948177442,A,0.3
2016-17,2017-04-15,Stoke,Hull,H,1416.897871441732,1360.7273495854013,56.17052185633065,0.261574203280874,0.2278958573218621,0.5105299393972639,H,0.3
2016-17,2017-04-15,Sunderland,West Ham,D,1328.9918282392287,1419.9639547084685,-90.97212646923981,0.404216446081074,0.25757571980051996,0.33820783411840605,A,0.3
2016-17,2017-04-15,Tottenham,Bournemouth,H,1611.8069071529062,1395.6283008186115,216.17860633429473,0.14849715998894447,0.12344704389279544,0.72805579611826,H,0.3
2016-17,2017-04-15,Watford,Swansea,H,1398.0441070244856,1354.7520610685315,43.29204595595411,0.27227761889651086,0.2342736246075665,0.4934487564959226,H,0.3
2016-17,2017-04-16,West Bromwich Albion,Liverpool,A,1428.7992681083424,1556.4317203803828,-127.63245227204038,0.4478997231995881,0.24864152762676095,0.30345874917365095,A,0.3
2016-17,2017-04-16,Manchester United,Chelsea,H,1554.3931064849244,1618.065982262127,-63.672875777202535,0.37392857311572836,0.2599657502610977,0.36610567662317395,A,0.3
2016-17,2017-04-17,Middlesbrough,Arsenal,A,1366.1230239233055,1541.2534667526186,-175.1304428293131,0.509139698181635,0.22843188906309114,0.26242841275527384,A,0.3
2016-17,2017-04-22,West Ham,Everton,D,1419.0748591640051,1522.4515989936892,-103.37673982968408,0.4186161835601869,0.25526627135096486,0.32611754508884827,A,0.3
2016-17,2017-04-22,Swansea,Stoke,H,1349.9177937865918,1424.1563272488324,-74.23853346224064,0.38542243680429167,0.2594857502781644,0.3550918129175439,A,0.3
2016-17,2017-04-22,Hull,Watford,H,1353.4688937783008,1402.8783743064253,-49.409480528124504,0.3588631395594939,0.25971537693115143,0.3814214835093547,H,0.3
2016-17,2017-04-22,Bournemouth,Middlesbrough,H,1390.6630881078788,1361.7555808276438,28.907507280234995,0.28457105065743354,0.24068494839675333,0.4747440009458131,H,0.3
2016-17,2017-04-23,Burnley,Manchester United,A,1386.465548909641,1565.183077907696,-178.71752899805506,0.5139419476344963,0.2265682809388869,0.2594897714266167,A,0.3
2016-17,2017-04-23,Liverpool,Crystal Palace,A,1561.7236761955612,1404.3974665325757,157.32620966298555,0.18604366289387794,0.16393081972860596,0.650025517377516,H,0.3
2016-17,2017-04-25,Chelsea,Southampton,H,1607.2760108393552,1461.2876688393203,145.9883420000349,0.19381384116244385,0.17179715894496494,0.6343889998925912,H,0.3
2016-17,2017-04-26,Middlesbrough,Sunderland,H,1349.8485476016776,1329.880923783692,19.967623817985668,0.2924014863274497,0.2442597500783,0.46333876359425025,H,0.3
2016-17,2017-04-26,Arsenal,Leicester City,H,1545.6209098482802,1451.6645668109668,93.95634303731345,0.23167679144720446,0.20627523347674015,0.5620479750760554,H,0.3
2016-17,2017-04-26,Crystal Palace,Tottenham,A,1414.4562774340243,1616.7721198636389,-202.31584242961458,0.5459998203529357,0.21334074410899176,0.24065943553807256,A,0.3
2016-17,2017-04-27,Manchester City,Manchester United,D,1575.6085290021526,1572.0010076367666,3.607521365385992,0.3071326503491124,0.2499274623141591,0.4429398873367285,H,0.3
2016-17,2017-04-29,Crystal Palace,Burnley,A,1410.5724111533339,1379.6476191805705,30.924791972763387,0.2828246572325917,0.23983378134519648,0.4773415614222118,H,0.3
2016-17,2017-04-29,Southampton,Hull,D,1456.4657560391129,1363.8862791810272,92.57947685808563,0.23272913196387396,0.20712718603232624,0.5601436820037997,H,0.3
2016-17,2017-04-29,Stoke,West Ham,D,1413.0935367470295,1420.3168955444326,-7.22335879740308,0.31718668152242335,0.2530230811597844,0.4297902373177922,H,0.3
2016-17,2017-04-29,Sunderland,Bournemouth,A,1324.5654923566078,1402.570121333845,-78.00462897723719,0.38958896809039845,0.25917822201165197,0.3512328098979496,A,0.3
2016-17,2017-04-29,West Bromwich Albion,Leicester City,A,1423.507312293164,1447.783906872987,-24.27659457982304,0.3335351234262293,0.25677985294256467,0.409685023631206,H,0.3
2016-17,2017-04-30,Middlesbrough,Manchester City,D,1355.1639790287618,1573.7979409568068,-218.63396192804498,0.5685275523781551,0.20335074108903892,0.22812170653280597,A,0.3
2016-17,2017-04-30,Tottenham,Arsenal,H,1620.6559861443293,1549.50156978626,71.15441635806928,0.24945937111137417,0.21979568687104092,0.5307449420175849,H,0.3
2016-17,2017-04-30,Manchester United,Swansea,D,1573.8115956821125,1360.9805842883948,212.83101139371774,0.1505042907579391,0.1256826575435541,0.7238130516985067,H,0.3
2016-17,2017-04-30,Everton,Chelsea,A,1521.2095626132618,1612.0979236395626,-90.8883610263008,0.404120558635486,0.25758875429466704,0.3382906870698469,A,0.3
2016-17,2017-05-01,Watford,Liverpool,A,1392.4609889036988,1551.6648652941126,-159.20387639041382,0.48809051975935047,0.23617525145734755,0.27573422878330206,A,0.3
2016-17,2017-05-05,West Ham,Tottenham,H,1421.824352508032,1627.4612025818049,-205.63685007377285,0.5505655992689559,0.21135767179432954,0.23807672893671458,A,0.3
2016-17,2017-05-06,Leicester City,Watford,H,1455.3421691812307,1387.7942917297662,67.5478774514645,0.25234319637465064,0.2218075116575257,0.5258492919678236,H,0.3
2016-17,2017-05-06,Manchester City,Crystal Palace,H,1569.5249708631586,1396.966335457738,172.55863540542055,0.1758737441513789,0.15331923742339265,0.6708070184252284,H,0.3
2016-17,2017-05-06,Swansea,Everton,H,1367.5378002224836,1509.0770791577975,-141.53927893531386,0.465331026863545,0.24365501922136035,0.2910139539150947,A,0.3
2016-17,2017-05-06,Bournemouth,Stoke,D,1408.9176529476924,1411.58607978343,-2.6684268357375913,0.31292820582480674,0.2517868528462614,0.4352849413289318,H,0.3
2016-17,2017-05-06,Burnley,West Bromwich Albion,D,1393.2536948761663,1415.9490499849203,-22.69535510875403,0.3319916322477511,0.2564904496342058,0.41151791811804317,H,0.3
2016-17,2017-05-06,Hull,Sunderland,A,1368.0157504439085,1318.2179607427604,49.797789701148076,0.26683599047401624,0.23112336264476413,0.5020406468812195,H,0.3
2016-17,2017-05-07,Liverpool,Southampton,D,1556.3315624680451,1452.3362847762317,103.9952776918135,0.22408468702477333,0.199944635743042,0.5759706772321846,H,0.3
2016-17,2017-05-07,Arsenal,Manchester United,H,1542.6963533487844,1567.2543797480237,-24.558026399239225,0.33381044090047074,0.2568300808894454,0.4093594782100838,H,0.3
2016-17,2017-05-08,Chelsea,Middlesbrough,H,1624.230407095027,1359.43694912241,264.79345797261703,0.12022281180242021,0.1,0.7797771881975798,H,0.3
2016-17,2017-05-10,Southampton,Arsenal,A,1456.734555270102,1552.4566986913846,-95.72214342128268,0.4096835633612899,0.25678007903984146,0.3335363575988687,A,0.3
2016-17,2017-05-12,Everton,Watford,H,1501.0636431738992,1379.0714853391744,121.99215783472482,0.2108217393987875,0.18814876335476918,0.6010294972464434,H,0.3
2016-17,2017-05-12,West Bromwich Albion,Chelsea,A,1417.0186567684668,1627.5361720573724,-210.51751528890554,0.557294653589779,0.2083952037528267,0.23431014265739417,A,0.3
2016-17,2017-05-13,Stoke,Arsenal,A,1413.2213990232694,1561.9060859054368,-148.6846868821674,0.4744576167699874,0.24077797597396408,0.2847644072560485,A,0.3
2016-17,2017-05-13,Sunderland,Swansea,A,1332.2472561136753,1375.5512362063819,-43.303980092706524,0.352569760502103,0.25929318085082753,0.3881370586470695,H,0.3
2016-17,2017-05-13,Bournemouth,Burnley,H,1407.282333707853,1392.1840880926197,15.098245615233282,0.29673062319650845,0.2460675229131095,0.45720185389038204,H,0.3
2016-17,2017-05-13,Middlesbrough,Southampton,A,1356.1311841600645,1447.2851680560498,-91.15398389598522,0.4044246833167638,0.25754730227801015,0.33802801440522606,A,0.3
2016-17,2017-05-13,Manchester City,Leicester City,H,1576.4273172082526,1464.0649755718225,112.36234163643007,0.21786368560894642,0.19452425456888162,0.5876120598221719,H,0.3
2016-17,2017-05-14,Crystal Palace,Hull,H,1390.063989112644,1353.9864550729935,36.07753403965057,0.2783973405202659,0.23758755210482274,0.4840151073749114,H,0.3
2016-17,2017-05-14,Tottenham,Manchester United,H,1618.610514022469,1557.4940344054235,61.11647961704557,0.25753604472717057,0.22529884226788485,0.5171651130049445,H,0.3
2016-17,2017-05-14,West Ham,Liverpool,A,1430.6750410673678,1551.9332919741748,-121.258250906807,0.44006309582331216,0.2506444515809136,0.3092924525957742,A,0.3
2016-17,2017-05-15,Chelsea,Watford,H,1631.2811608089553,1375.6606847877667,255.62047602118855,0.12583023707148314,0.1,0.7741697629285169,H,0.3
2016-17,2017-05-16,Arsenal,Sunderland,H,1571.647013716798,1320.9558567107888,250.69115700600923,0.12874782470693638,0.10129283353747778,0.7699593417555859,H,0.3
2016-17,2017-05-16,Manchester City,West Bromwich Albion,H,1579.9947403763595,1413.273668016884,166.72107235947556,0.17973454067785494,0.15738651084386718,0.6628789484782778,H,0.3
2016-17,2017-05-17,Southampton,Manchester United,D,1453.3456584059131,1553.0101023955008,-99.66444398958765,0.4142652636716531,0.25603590397822884,0.329698832350118,A,0.3
2016-17,2017-05-18,Leicester City,Tottenham,A,1460.4975524037156,1623.0944460323917,-162.59689362867607,0.4925353659813166,0.23460129709615424,0.2728633369225293,A,0.3
2016-17,2017-05-21,Swansea,West Bromwich Albion,H,1386.8426356092684,1408.9170128122637,-22.074377202995265,0.33138705015454356,0.2563734617367206,0.41223948810873584,H,0.3
2016-17,2017-05-21,Liverpool,Middlesbrough,H,1564.5250056207017,1350.0706938102012,214.45431181050049,0.149529014632097,0.12459696833153404,0.725874017036369,H,0.3
2016-17,2017-05-21,Southampton,Stoke,A,1454.4823588431216,1403.4804712119083,51.00188763121332,0.2658366586869874,0.2305240678982623,0.5036392734147502,H,0.3
2016-17,2017-05-21,Arsenal,Everton,H,1574.4727409718832,1504.4744437253069,69.99829724657639,0.25038163682365067,0.22044470487236975,0.5291736583039796,H,0.3
2016-17,2017-05-21,Manchester United,Crystal Palace,H,1551.8734019582923,1401.6281772754662,150.24522468282612,0.19087648423429404,0.16885007261624116,0.6402734431494648,H,0.3
2016-17,2017-05-21,Chelsea,Sunderland,H,1633.0175992709817,1318.1301294557036,314.8874698152781,0.09322526274402797,0.1,0.806774737255972,H,0.3
2016-17,2017-05-21,Burnley,West Ham,A,1386.7651391224056,1418.083327420841,-31.318188298435416,0.34047914400246243,0.2579196172996857,0.40160123869785186,H,0.3
2016-17,2017-05-21,Leicester City,Bournemouth,D,1448.6015725437774,1412.7012826780672,35.90028986571019,0.2785488407471479,0.2376665142463784,0.48378464500647367,H,0.3
2016-17,2017-05-21,Hull,Tottenham,A,1342.4222669101714,1634.99042589233,-292.5681589821586,0.670819911894351,0.15331260520613346,0.17586748289951556,A,0.3
2016-17,2017-05-21,Watford,Manchester City,A,1373.9242463257403,1584.3513955809797,-210.42714925523933,0.557169873843124,0.2084505562606962,0.23437956989617975,A,0.3
2017-18,2017-08-11,Arsenal,Leicester City,H,1556.918599460845,1462.136557261747,94.78204219909799,0.23104699892109962,0.20576234950572153,0.5631906515731789,H,0.3
2017-18,2017-08-12,Brighton and Hove Albion,Manchester City,A,1420.0,1565.8251717999651,-145.82517179996512,0.47079185494361175,0.24195419388468073,0.28725395117170743,A,0.3
2017-18,2017-08-12,Chelsea,Burnley,A,1595.1540456508321,1415.5576365083944,179.59640914243778,0.17128011063335757,0.14842382630784756,0.6802960630587949,H,0.3
2017-18,2017-08-12,Crystal Palace,Huddersfield Town,A,1427.8333267293992,1420.0,7.833326729399232,0.30327625944338277,0.2485754627968807,0.44814827775973654,H,0.3
2017-18,2017-08-12,Everton,Stoke,H,1498.3444298271882,1438.643946174837,59.70048365235107,0.25868813110222577,0.22605034645355604,0.5152615224442182,H,0.3
2017-18,2017-08-12,Southampton,Swansea,D,1461.9300348636837,1425.0713675076574,36.85866735602622,0.2777303285401655,0.23723813588527282,0.48503153557456163,H,0.3
2017-18,2017-08-12,Watford,Liverpool,D,1404.9677775347388,1548.1881831445817,-143.22040560984283,0.46746817568799237,0.242996846972179,0.28953497733982864,A,0.3
2017-18,2017-08-12,West Bromwich Albion,Bournemouth,H,1431.960386387415,1440.7754413935443,-8.815055006129342,0.3186853169485584,0.2534322892514728,0.42788239379996873,H,0.3
2017-18,2017-08-13,Manchester United,West Ham,H,1539.617778734232,1447.8362900718782,91.7814886623537,0.23334027010428998,0.2076190417326766,0.5590406881630333,H,0.3
2017-18,2017-08-13,Newcastle United,Tottenham,A,1427.2654454578094,1599.4877623928082,-172.22231693499884,0.5052621816039015,0.22991158685811824,0.26482623153798024,A,0.3
2017-18,2017-08-19,Liverpool,Crystal Palace,H,1545.837688333081,1411.3563242213725,134.48136411170844,0.20187416090116636,0.17970495856910618,0.6184208805297274,H,0.3
2017-18,2017-08-19,Stoke,Arsenal,H,1434.1327568688814,1560.7848193970226,-126.65206252814119,0.44668801337483877,0.24896140064549943,0.3043505859796618,A,0.3
2017-18,2017-08-19,Swansea,Manchester United,A,1427.7891385026062,1548.7171076232503,-120.9279691206441,0.43965973230894395,0.2507432501315172,0.30959701755953883,A,0.3
2017-18,2017-08-19,Leicester City,Brighton and Hove Albion,H,1458.2703373255692,1412.1914202770522,46.07891704851704,0.2699377922099337,0.23294249598170186,0.4971197118083644,H,0.3
2017-18,2017-08-19,Southampton,West Ham,H,1459.212263868735,1438.73696118286,20.475302685875022,0.291952767015705,0.24406553233839123,0.46398170064590377,H,0.3
2017-18,2017-08-19,Bournemouth,Watford,A,1434.8814209825932,1407.3182723462396,27.563148636353617,0.2857390328860464,0.24124321262672319,0.4730177544872304,H,0.3
2017-18,2017-08-19,Burnley,West Bromwich Albion,A,1425.7964419012178,1437.854406798366,-12.057964897148167,0.32175572498672134,0.2542291282960765,0.4240151467172022,H,0.3
2017-18,2017-08-20,Huddersfield Town,Newcastle United,H,1436.4770025080268,1420.2579608353901,16.21904167263665,0.2957300947726061,0.24566032092413334,0.45860958430326054,H,0.3
2017-18,2017-08-20,Tottenham,Chelsea,A,1606.4952470152275,1584.9152402580087,21.580006757218825,0.29097806007916727,0.2436392119170728,0.4653827280037599,H,0.3
2017-18,2017-08-21,Manchester City,Everton,D,1573.633751522913,1502.8556191331438,70.7781323897691,0.2497593176766408,0.2200073442514264,0.5302333380719327,H,0.3
2017-18,2017-08-26,Newcastle United,West Ham,H,1414.8629288313468,1433.4322635011697,-18.569334669822865,0.32799105661370387,0.2556780243261033,0.4163309190601928,H,0.3
2017-18,2017-08-26,Watford,Brighton and Hove Albion,D,1420.84653284827,1404.6177239756703,16.228808872599757,0.2957213864349136,0.2456567488267916,0.45862186473829486,H,0.3
2017-18,2017-08-26,Manchester United,Leicester City,H,1561.324676401835,1465.8440336269512,95.48064277488379,0.23051490293692226,0.20532727374749302,0.5641578233155847,H,0.3
2017-18,2017-08-26,Crystal Palace,Swansea,A,1408.1411954312202,1415.1815697240215,-7.040374292801289,0.3170147472368154,0.25297527790772417,0.4300099748554605,H,0.3
2017-18,2017-08-26,Bournemouth,Manchester City,A,1421.3531604805628,1570.037896891101,-148.6847364105381,0.47445768041547554,0.24077795531780452,0.2847643642667199,A,0.3
2017-18,2017-08-26,Huddersfield Town,Southampton,D,1441.87203451207,1464.516961550425,-22.644927038355036,0.3319425026425344,0.2564810194114137,0.41157647794605184,H,0.3
2017-18,2017-08-27,Liverpool,Arsenal,H,1549.0528171232331,1552.9885159161604,-3.935698792927269,0.31410854208908984,0.2521404468907536,0.4337510110201566,H,0.3
2017-18,2017-08-27,Tottenham,Burnley,D,1598.0483454232824,1417.9574974206334,180.09084800264895,0.17095990133168443,0.14808044899977263,0.6809596496685428,H,0.3
2017-18,2017-08-27,Chelsea,Everton,H,1593.3621418499538,1506.4514737649558,86.91066808499795,0.23709035944557413,0.21058990051101623,0.5523197400434097,H,0.3
2017-18,2017-08-27,West Bromwich Albion,Stoke,D,1445.6933512789503,1441.9290603497436,3.764290929206709,0.30698893109160735,0.24987873115320586,0.44313233775518684,H,0.3
2017-18,2017-09-09,Leicester City,Chelsea,A,1459.7355390265586,1599.7104667505791,-139.97492772402052,0.4633480093193227,0.24425696351654758,0.2923950271641297,A,0.3
2017-18,2017-09-09,Southampton,Watford,A,1465.5880031429408,1418.6870321428548,46.900971000085974,0.26925013220890964,0.23254455701886081,0.49820531077222957,H,0.3
2017-18,2017-09-09,Stoke,Manchester United,D,1443.7440123090832,1567.4331710022275,-123.68915869314424,0.4430400979200169,0.2499020994764125,0.3070578026035706,A,0.3
2017-18,2017-09-09,Manchester City,Liverpool,H,1574.9083598262966,1562.548276921695,12.36008290460154,0.29918534968652066,0.24703968660192727,0.453774963711552,H,0.3
2017-18,2017-09-09,Everton,Tottenham,A,1500.1031488643305,1592.0618676186814,-91.95871875435091,0.4053471791170895,0.2574195940311724,0.33723322685173807,A,0.3
2017-18,2017-09-09,Arsenal,Bournemouth,H,1539.4930561176984,1416.482697545367,123.01035857233137,0.21008447014440662,0.18746714259093716,0.6024483872646562,H,0.3
2017-18,2017-09-09,Brighton and Hove Albion,West Bromwich Albion,H,1406.7772246810855,1443.8783993196107,-37.10117463852521,0.34626953163070845,0.2586720297762496,0.39505843859304196,H,0.3
2017-18,2017-09-10,Burnley,Crystal Palace,H,1423.9439752252345,1395.5336539308387,28.41032129439577,0.2850026187277619,0.2408922521770261,0.4741051290952121,H,0.3
2017-18,2017-09-10,Swansea,Newcastle United,A,1427.789111224403,1426.9782878368205,0.810823387582559,0.30970509667017393,0.25077817340948966,0.43951672992033647,H,0.3
2017-18,2017-09-11,West Ham,Huddersfield Town,H,1421.316904495696,1440.8009929195543,-19.48408842385834,0.3288746569440999,0.25586525949753003,0.4152600835583701,H,0.3
2017-18,2017-09-15,Bournemouth,Brighton and Hove Albion,H,1409.6936319564352,1416.8701113439656,-7.176479387530435,0.3171426262088573,0.2530108491898401,0.4298465246013025,H,0.3
2017-18,2017-09-16,Watford,Manchester City,A,1432.6529144964643,1589.0677584368216,-156.4148439403573,0.4844538714506075,0.23743695082181246,0.27810917772758004,A,0.3
2017-18,2017-09-16,Liverpool,Burnley,D,1548.3888783111702,1429.08238106605,119.30649724512023,0.21277308191240513,0.1899401039132338,0.597286814174361,H,0.3
2017-18,2017-09-16,Tottenham,Swansea,D,1604.1480241502406,1419.6596752635098,184.48834888673082,0.1681265859435758,0.1450307464464622,0.686842667609962,H,0.3
2017-18,2017-09-16,West Bromwich Albion,West Ham,D,1433.7855126567306,1430.9424182925325,2.843094364198123,0.3078341701016315,0.2501634970858503,0.4420023328125182,H,0.3
2017-18,2017-09-16,Crystal Palace,Southampton,A,1390.3952480900232,1451.6221207893313,-61.22687269930816,0.371308464912271,0.2599961781890142,0.3686953568987148,A,0.3
2017-18,2017-09-16,Newcastle United,Stoke,H,1435.1077237977138,1445.5568729399627,-10.44914914224887,0.3202296080553461,0.2538400186272684,0.4259303733173854,H,0.3
2017-18,2017-09-16,Huddersfield Town,Leicester City,D,1431.175479122718,1454.6928433282528,-23.517364205534932,0.3327932994610127,0.25664241968158674,0.41056428085740054,H,0.3
2017-18,2017-09-17,Chelsea,Arsenal,D,1604.753162448885,1546.2821217066303,58.47104074225467,0.25969103612886457,0.22669767463680104,0.5136112892343344,H,0.3
2017-18,2017-09-17,Manchester United,Everton,H,1565.620310371348,1488.0169923327712,77.60331803857684,0.244352163891536,0.21610679648785514,0.5395410396206088,H,0.3
2017-18,2017-09-23,Swansea,Watford,A,1425.7267481963718,1419.4014684221743,6.325279774197497,0.3046482869765379,0.24906707290451033,0.44628464011895175,H,0.3
2017-18,2017-09-23,Stoke,Chelsea,A,1439.6354355737935,1601.4695792398702,-161.83414366607667,0.49153422048721435,0.2349588087333646,0.27350697077942104,A,0.3
2017-18,2017-09-23,Burnley,Huddersfield Town,D,1433.8291131795575,1430.1292668628917,3.6998463166657984,0.30704800486262135,0.24989877686040116,0.44305321827697747,H,0.3
2017-18,2017-09-23,Southampton,Manchester United,A,1458.3420965300832,1575.3121921375907,-116.97009560750757,0.43484699522774156,0.2518884670976555,0.31326453767460294,A,0.3
2017-18,2017-09-23,Manchester City,Crystal Palace,H,1602.3192045111116,1383.6752723492714,218.6439321618402,0.1470292107128314,0.12180905172388326,0.7311617375632854,H,0.3
2017-18,2017-09-23,Leicester City,Liverpool,A,1455.739055588079,1543.6421461976627,-87.90309060958361,0.40071514951821413,0.2580306268572258,0.3412542236245601,A,0.3
2017-18,2017-09-23,Everton,Bournemouth,H,1478.3251105665286,1415.560163390385,62.76494717614355,0.25619883226219564,0.224416035046874,0.5193851326909303,H,0.3
2017-18,2017-09-23,West Ham,Tottenham,A,1432.7317171888847,1598.0809512173787,-165.34923402849404,0.49615714478762,0.2332937109483084,0.2705491442640715,A,0.3
2017-18,2017-09-24,Brighton and Hove Albion,Newcastle United,H,1411.0035799100158,1441.029161163883,-30.02558125386713,0.3391957444527123,0.25772871800848846,0.4030755375387993,H,0.3
2017-18,2017-09-25,Arsenal,West Bromwich Albion,H,1549.565704915645,1431.9962137603784,117.56949115526663,0.2140403247916346,0.1910934259357367,0.5948662492726288,H,0.3
2017-18,2017-09-30,Stoke,Southampton,H,1428.9162673216429,1452.830180490262,-23.913913168619047,0.3331805911990281,0.2567145529826152,0.41010485581835676,H,0.3
2017-18,2017-09-30,West Bromwich Albion,Watford,D,1426.4771984319252,1427.6166920232665,-1.1394935913413065,0.3115086915492756,0.2513504159333307,0.4371408925173938,H,0.3
2017-18,2017-09-30,West Ham,Swansea,H,1428.1818365360248,1417.5115245952795,10.67031194074525,0.30070762216891433,0.24762344826732485,0.4516689295637608,H,0.3
2017-18,2017-09-30,Bournemouth,Leicester City,D,1411.107836738622,1449.6080379028463,-38.500201164224336,0.3476823859334771,0.25882898533519905,0.39348862873132384,H,0.3
2017-18,2017-09-30,Chelsea,Manchester City,A,1612.1887474920209,1607.776470439531,4.412277052489799,0.3063954242378278,0.24967613669404282,0.44392843906812945,H,0.3
2017-18,2017-09-30,Huddersfield Town,Tottenham,A,1431.9424249970045,1602.6308318702386,-170.68840687323404,0.5032228325003032,0.23068057039336645,0.2660965971063303,A,0.3
2017-18,2017-09-30,Manchester United,Crystal Palace,H,1580.824108177412,1378.218006420852,202.60610175656007,0.15673286232615932,0.13258513198956837,0.7106820056842723,H,0.3
2017-18,2017-10-01,Arsenal,Brighton and Hove Albion,H,1555.0847202440982,1417.2532347024874,137.83148554161085,0.19950937336985494,0.1774131987549757,0.6230774278751694,H,0.3
2017-18,2017-10-01,Newcastle United,Liverpool,D,1434.7795063714113,1549.7731638828955,-114.99365751148412,0.43245819835701477,0.25243339411073046,0.3151084075322548,A,0.3
2017-18,2017-10-01,Everton,Burnley,A,1482.7774372182917,1432.0159550454446,50.76148217284708,0.2660359884171493,0.23064411827130935,0.5033198933115414,H,0.3
2017-18,2017-10-14,Manchester City,Stoke,H,1615.9620517201524,1435.0635648074685,180.8984869126839,0.17043756967333737,0.1475197536746537,0.6820426766520089,H,0.3
2017-18,2017-10-14,Burnley,West Ham,D,1440.8806843971136,1433.6957931303702,7.184891266743307,0.30386564224247986,0.24878808230109847,0.44734627545642164,H,0.3
2017-18,2017-10-14,Liverpool,Manchester United,D,1548.2034068886653,1586.1498183872004,-37.9464114985351,0.34712255821922594,0.2587680276324565,0.3941094141483176,H,0.3
2017-18,2017-10-14,Tottenham,Bournemouth,H,1612.9628473426428,1410.4898114530733,202.47303588956947,0.1568148870425899,0.13267562905019523,0.7105094839072149,H,0.3
2017-18,2017-10-14,Swansea,Huddersfield Town,H,1411.997568000934,1421.6104095246003,-9.612841523666248,0.31943853197956973,0.25363291883735917,0.4269285491830711,H,0.3
2017-18,2017-10-14,Watford,Arsenal,H,1429.2948095784207,1560.0996573816412,-130.80484780322058,0.45183636072762257,0.2475774258200073,0.30058621345237013,A,0.3
2017-18,2017-10-14,Crystal Palace,Chelsea,H,1372.8922962110635,1604.0031662113995,-231.11087000033604,0.5858693988329361,0.19534253003133298,0.2187880711357309,A,0.3
2017-18,2017-10-15,Brighton and Hove Albion,Everton,D,1412.2382975649443,1473.9127078666227,-61.674410301678336,0.3717867185130995,0.25999288145523264,0.3682204000316679,A,0.3
2017-18,2017-10-15,Southampton,Newcastle United,D,1446.6828830044362,1436.3492633656415,10.333619638794744,0.301011620947757,0.24773827867262355,0.45125010037961943,H,0.3
2017-18,2017-10-16,Leicester City,West Bromwich Albion,D,1450.2260631883948,1424.799080876771,25.42698231162376,0.2876018272676878,0.24211537109836276,0.4702828016339494,H,0.3
2017-18,2017-10-20,West Ham,Brighton and Hove Albion,A,1435.6057819076177,1412.2864905943363,23.319291313281383,0.2894481489211131,0.24295777034809665,0.4675940807307903,H,0.3
2017-18,2017-10-21,Chelsea,Watford,H,1594.8691213664201,1437.1524397632963,157.7166816031238,0.1857791001519608,0.1636590992420559,0.6505618006059833,H,0.3
2017-18,2017-10-21,Huddersfield Town,Manchester United,H,1412.2473934550226,1586.7837205619678,-174.53632710694524,0.5083463735348392,0.2287364788694082,0.2629171475957526,A,0.3
2017-18,2017-10-21,Swansea,Leicester City,A,1421.3605840705118,1447.8156570737992,-26.455073003287453,0.33567105651943524,0.25715853002131306,0.4071704134592517,H,0.3
2017-18,2017-10-21,Manchester City,Burnley,H,1622.5822731282565,1438.970695619866,183.61157750839038,0.16868939233791339,0.14563813003593923,0.6856724776261474,H,0.3
2017-18,2017-10-21,Southampton,West Bromwich Albion,H,1444.6857259622466,1427.2094869913667,17.476238970879876,0.29461071673880546,0.24519720539433204,0.46019207786686245,H,0.3
2017-18,2017-10-21,Stoke,Bournemouth,A,1428.4433433993645,1408.1945859798784,20.248757419486083,0.29215294135344283,0.24415233231274733,0.4636947263338098,H,0.3
2017-18,2017-10-21,Newcastle United,Crystal Palace,H,1438.3464204078311,1382.0263410560428,56.32007935178831,0.26145151751303203,0.22781848665744764,0.5107299958295204,H,0.3
2017-18,2017-10-22,Everton,Arsenal,A,1473.8645148372307,1552.2420271967655,-78.37751235953488,0.39000349621134084,0.25914388748476036,0.3508526163038988,A,0.3
2017-18,2017-10-22,Tottenham,Liverpool,H,1615.2580728158377,1547.569504713898,67.68856810193984,0.25223032253994154,0.22172974237860205,0.5260399350814564,H,0.3
2017-18,2017-10-28,West Bromwich Albion,Manchester City,A,1421.8412188077439,1627.6349155397002,-205.7936967319563,0.550781505208801,0.21126334578241232,0.2379551490087867,A,0.3
2017-18,2017-10-28,Manchester United,Tottenham,H,1578.3181495242748,1623.9755653473142,-45.6574158230394,0.3549847274100724,0.25947821444065144,0.38553705814927614,H,0.3
2017-18,2017-10-28,Watford,Stoke,A,1432.5981670646995,1420.0163164812955,12.581850583404048,0.2989859864513712,0.24696215283018033,0.4540518607184485,H,0.3
2017-18,2017-10-28,Bournemouth,Chelsea,A,1416.6216128979474,1599.423394065017,-182.80178116706952,0.5194347849690396,0.22439621279234293,0.25616900223861744,A,0.3
2017-18,2017-10-28,Liverpool,Huddersfield Town,H,1538.8520121824215,1420.7129644927156,118.13904768970588,0.2136243530855941,0.19071572560144356,0.5956599213129623,H,0.3
2017-18,2017-10-28,Arsenal,Swansea,H,1564.9206855340876,1413.8522381370494,151.0684473970382,0.1903112114193098,0.16827913466871391,0.6414096539119762,H,0.3
2017-18,2017-10-28,Crystal Palace,West Ham,D,1377.4496752999241,1418.6602503919512,-41.21057509202706,0.35043302237989327,0.2591051465277126,0.3904618310923942,H,0.3
2017-18,2017-10-29,Brighton and Hove Albion,Southampton,D,1429.2320221100028,1450.0539941458694,-20.821972035866565,0.33017039748361743,0.2561318109875277,0.4136977915288549,H,0.3
2017-18,2017-10-29,Leicester City,Everton,H,1455.3240030072616,1461.1858564999086,-5.861853492647015,0.3159091270050549,0.25266365585179,0.431427217143155,H,0.3
2017-18,2017-10-30,Burnley,Newcastle United,H,1433.9180532084224,1442.9230861639498,-9.00503295552744,0.318864555205502,0.25348033687093274,0.42765510792356526,H,0.3
2017-18,2017-11-04,Swansea,Brighton and Hove Albion,A,1410.8839938439182,1428.1091431473183,-17.22514930340003,0.3266960807484435,0.25539556680176784,0.41790835244978874,H,0.3
2017-18,2017-11-04,West Ham,Liverpool,A,1419.2005269038598,1545.7977487836863,-126.59722187982652,0.4466203013842614,0.24897916768319858,0.30440053093254,A,0.3
2017-18,2017-11-04,Stoke,Leicester City,D,1428.3275875633465,1464.5872850813037,-36.25969751795719,0.3454220072908228,0.2585729102937529,0.39600508241542437,H,0.3
2017-18,2017-11-04,Newcastle United,Bournemouth,A,1437.0258784253472,1412.394178497124,24.63169992822327,0.28829750894964234,0.24243535594041096,0.46926713510994666,H,0.3
2017-18,2017-11-04,Southampton,Burnley,A,1451.176873108554,1439.815260947025,11.36161216152891,0.30008415910331016,0.24738612720676317,0.4525297136899266,H,0.3
2017-18,2017-11-04,Huddersfield Town,West Bromwich Albion,H,1413.7672278914508,1418.0166468382465,-4.249418946795686,0.3144012690614443,0.2522268359969641,0.43337189494159156,H,0.3
2017-18,2017-11-05,Chelsea,Manchester United,H,1603.6508284658405,1584.8285313929487,18.822297072891843,0.2934156164289205,0.24469395026445326,0.4618904333066262,H,0.3
2017-18,2017-11-05,Everton,Watford,H,1451.9225744258665,1424.2868959826485,27.635678443218012,0.2856759336432617,0.24121327785740124,0.4731107884993371,H,0.3
2017-18,2017-11-05,Manchester City,Arsenal,H,1631.4594875091975,1567.8889298272188,63.5705576819787,0.25554689710773054,0.22398153952991615,0.5204715633623533,H,0.3
2017-18,2017-11-05,Tottenham,Crystal Palace,H,1617.4651834786403,1376.9093987880156,240.5557846906247,0.13436704283672368,0.10761024032708247,0.7580227168361938,H,0.3
2017-18,2017-11-18,Liverpool,Southampton,H,1556.4240066256461,1442.8842246960244,113.53978192962177,0.21699592921083402,0.19375210302519552,0.5892519677639705,H,0.3
2017-18,2017-11-18,West Bromwich Albion,Chelsea,A,1412.19920811096,1608.9905164111242,-196.79130830016425,0.5384306792490199,0.21657753299741134,0.2449917877535688,A,0.3
2017-18,2017-11-18,Manchester United,Newcastle United,H,1579.488843447665,1428.5336736466484,150.9551698010166,0.19038894111810473,0.1683577147498301,0.6412533441320653,H,0.3
2017-18,2017-11-18,Leicester City,Manchester City,A,1465.269524452199,1638.4918565284545,-173.2223320762555,0.5065939119629239,0.22940596083573722,0.26400012720133886,A,0.3
2017-18,2017-11-18,Crystal Palace,Everton,D,1375.0277975946758,1457.077090582427,-82.04929298775119,0.39410459591600083,0.2587685063652036,0.3471268977187955,A,0.3
2017-18,2017-11-18,Burnley,Swansea,H,1448.1079093595547,1403.1638787476404,44.944030611914286,0.2708890285263984,0.23348792571470034,0.49562304575890126,H,0.3
2017-18,2017-11-18,Bournemouth,Huddersfield Town,H,1420.8863832758227,1419.5846666187374,1.3017166570853078,0.3092523881816727,0.2506314126297148,0.4401161991886125,H,0.3
2017-18,2017-11-18,Arsenal,Tottenham,H,1560.8565608079618,1619.34678467198,-58.49022386401816,0.36839506185197196,0.2599942124644643,0.37161072568356374,H,0.3
2017-18,2017-11-19,Watford,West Ham,H,1419.132379826088,1408.5742690619,10.558110764188086,0.3008089031656476,0.24766176998202602,0.45152932685232633,H,0.3
2017-18,2017-11-20,Brighton and Hove Albion,Stoke,D,1435.829258243596,1427.6453481924511,8.183910051144949,0.3029579585507264,0.24845973374829344,0.4485823077009802,H,0.3
2017-18,2017-11-24,West Ham,Leicester City,D,1399.8310220510211,1458.2914243770117,-58.46040232599057,0.36836341883253326,0.2599939815749367,0.37164259959253004,H,0.3
2017-18,2017-11-25,Tottenham,West Bromwich Albion,D,1608.6916830089735,1402.9596290149327,205.73205399404083,0.15481307838568378,0.13046388310288845,0.7147230385114277,H,0.3
2017-18,2017-11-25,Swansea,Bournemouth,D,1395.5542402371373,1434.1623119295941,-38.60807169245686,0.34779151878599307,0.25884068030499713,0.39336780090900975,H,0.3
2017-18,2017-11-25,Newcastle United,Watford,A,1422.5939130519544,1427.8756268369668,-5.281713785012471,0.3153659711642392,0.2525078816274961,0.43212614720826464,H,0.3
2017-18,2017-11-25,Liverpool,Chelsea,D,1563.5200155550858,1618.2300955071514,-54.7100799520656,0.3644019381456495,0.25992895847619396,0.3756691033781566,H,0.3
2017-18,2017-11-25,Crystal Palace,Stoke,H,1375.661576631328,1429.5830267931808,-53.92145016185282,0.3635734141727269,0.25990620169194456,0.3765203841353285,H,0.3
2017-18,2017-11-25,Manchester United,Brighton and Hove Albion,H,1585.428604042359,1433.8915796428664,151.53702439949257,0.18998986039634877,0.1679540275021294,0.6420561121015218,H,0.3
2017-18,2017-11-26,Burnley,Arsenal,A,1455.7175478700578,1571.5116624709683,-115.79411460091046,0.4334244885419374,0.2522148753679019,0.31436063609016074,A,0.3
2017-18,2017-11-26,Huddersfield Town,Manchester City,A,1406.308737964966,1645.4699566036418,-239.1612186386758,0.5970843585692065,0.19003672654624415,0.21287891488454935,A,0.3
2017-18,2017-11-26,Southampton,Everton,H,1435.7882157665847,1456.4433115457748,-20.655095779190106,0.3300085554255658,0.25609903718486693,0.4138924073895673,H,0.3
2017-18,2017-11-28,Watford,Manchester United,A,1443.8656091964522,1588.3900882250587,-144.5244790286065,0.4691303078969135,0.24247829986923036,0.28839139223385624,A,0.3
2017-18,2017-11-28,Brighton and Hove Albion,Crystal Palace,D,1430.9300954601667,1382.3088679824325,48.62122747773424,0.2678148090992187,0.23170411944978017,0.5004810714510012,H,0.3
2017-18,2017-11-28,Leicester City,Tottenham,H,1458.3357372701282,1602.2525029767082,-143.91676570658,0.4683552680818746,0.24272081408963592,0.2889239178284894,A,0.3
2017-18,2017-11-28,West Bromwich Albion,Newcastle United,D,1409.398809047198,1406.603930692469,2.7948783547290077,0.30787845879703657,0.25017829665296587,0.44194324454999756,H,0.3
2017-18,2017-11-29,Manchester City,Southampton,H,1648.7562395420389,1447.9735403117534,200.78269923028552,0.15785899711702023,0.13382657614777954,0.7083144267352003,H,0.3
2017-18,2017-11-29,Stoke,Liverpool,A,1422.9357354420763,1563.3677711812306,-140.43203573915434,0.46392688367358415,0.24408212642522178,0.2919909899011941,A,0.3
2017-18,2017-11-29,Everton,West Ham,H,1444.2579870006061,1399.7867091579046,44.47127784270151,0.2712859275422163,0.23371377407161117,0.4950002983861725,H,0.3
2017-18,2017-11-29,Arsenal,Huddersfield Town,H,1577.0480888452457,1403.0224550265689,174.02563381867685,0.17491070781342513,0.15229781415058333,0.6727914780359916,H,0.3
2017-18,2017-11-29,Bournemouth,Burnley,A,1434.777244251322,1450.1811214957804,-15.4038772444585,0.3249479650401727,0.2549989984967877,0.42005303646303954,H,0.3
2017-18,2017-11-29,Chelsea,Swansea,H,1618.3823398810066,1394.9393079154095,223.44303196559713,0.14419657225618837,0.11864214572156638,0.7371612820222452,H,0.3
2017-18,2017-12-02,Leicester City,Burnley,H,1466.383132687091,1457.9431011133975,8.440031573693432,0.30272557842780917,0.24837484409838695,0.4488995774738039,H,0.3
2017-18,2017-12-02,Watford,Tottenham,D,1436.016333690269,1594.2051075597456,-158.18877386947656,0.48676512132500777,0.23663784577290983,0.27659703290208243,A,0.3
2017-18,2017-12-02,West Bromwich Albion,Crystal Palace,D,1407.610853521844,1385.3372099043645,22.273643617479593,0.2903672351165314,0.2433689439827006,0.466263820900768,H,0.3
2017-18,2017-12-02,Stoke,Swansea,H,1412.8685762713549,1392.880347581431,19.98822868992397,0.2923832648013547,0.24425188840455106,0.4633648467940943,H,0.3
2017-18,2017-12-02,Everton,Huddersfield Town,H,1455.4278822097958,1396.170412099745,59.25747011005092,0.25904923520608814,0.22628415921998205,0.5146666055739298,H,0.3
2017-18,2017-12-02,Chelsea,Newcastle United,H,1620.4413002149852,1408.391886217823,212.04941399716222,0.15097520515859994,0.1262064546897237,0.7228183401516763,H,0.3
2017-18,2017-12-02,Brighton and Hove Albion,Liverpool,A,1427.9017535382347,1573.434930351952,-145.53317681371732,0.4704185289308632,0.24207244900910047,0.2875090220600363,A,0.3
2017-18,2017-12-02,Arsenal,Manchester United,A,1583.9001317720697,1596.2393637312418,-12.339231959172139,0.3220231190125487,0.2542958968358334,0.42368098415161787,H,0.3
2017-18,2017-12-03,Bournemouth,Southampton,D,1427.0152646337049,1445.6583336165502,-18.643068982845307,0.32806220958903326,0.25569326630309147,0.4162445241078752,H,0.3
2017-18,2017-12-03,Manchester City,West Ham,H,1651.071446237242,1388.616813948715,262.45463228852714,0.12163213186734083,0.1,0.7783678681326592,H,0.3
2017-18,2017-12-09,West Ham,Chelsea,H,1386.9429671387475,1623.9039432681766,-236.96097612942913,0.5940183189986903,0.19149644744716443,0.2144852335541452,A,0.3
2017-18,2017-12-09,Burnley,Watford,H,1452.3809813294326,1438.7695234739008,13.611457855531853,0.2980616730159223,0.24659940035236239,0.4553389266317153,H,0.3
2017-18,2017-12-09,Crystal Palace,Bournemouth,D,1387.661943793958,1425.830506918551,-38.16856312459299,0.34734704305974623,0.2587926651634245,0.3938602917768293,H,0.3
2017-18,2017-12-09,Huddersfield Town,Brighton and Hove Albion,H,1389.0067972501388,1416.44902130417,-27.442224054031158,0.3366425581686168,0.2573224538882437,0.40603498794313947,H,0.3
2017-18,2017-12-09,Newcastle United,Leicester City,A,1404.9292431646315,1471.9452524710557,-67.01600930642417,0.37753439117928034,0.2598750462414025,0.3625905625793171,A,0.3
2017-18,2017-12-09,Swansea,West Bromwich Albion,H,1387.5653520171147,1405.2861196322506,-17.720767615135856,0.327173080709521,0.25550072552475794,0.4173261937657211,H,0.3
2017-18,2017-12-09,Tottenham,Stoke,H,1591.4519177761138,1418.183571835671,173.2683459404427,0.17540748088176808,0.15282503860104124,0.6717674805171907,H,0.3
2017-18,2017-12-10,Southampton,Arsenal,D,1446.843091331704,1571.4859572174792,-124.64286588577511,0.444211981032442,0.2496035883401037,0.3061844306274542,A,0.3
2017-18,2017-12-10,Manchester United,Manchester City,A,1608.6535382858324,1652.7452930472095,-44.09175476137716,0.35337661757897215,0.25935822706646644,0.38726515535456135,H,0.3
2017-18,2017-12-10,Liverpool,Everton,D,1584.8876625860169,1462.591497059402,122.29616552661491,0.21060146471472996,0.1879453888964771,0.601453146388793,H,0.3
2017-18,2017-12-12,Huddersfield Town,Chelsea,A,1398.8437232793249,1614.7090335646265,-215.86531028530158,0.5646905203779375,0.2050872680949134,0.23022221152714914,A,0.3
2017-18,2017-12-12,Burnley,Stoke,H,1457.8317395284437,1412.0054700781213,45.82626945032234,0.2701493660180442,0.23306431611305925,0.4967863178688966,H,0.3
2017-18,2017-12-12,Crystal Palace,Watford,H,1387.0344102209485,1433.3187652748898,-46.284355053941226,0.35563035628328965,0.259522792786726,0.3848468509299843,H,0.3
2017-18,2017-12-13,Tottenham,Brighton and Hove Albion,H,1597.6300195336635,1406.6120952749839,191.0179242586796,0.16396822485240048,0.14051997034717753,0.695511804800422,H,0.3
2017-18,2017-12-13,Swansea,Manchester City,A,1393.6087968030492,1659.8514982948236,-266.24270149177437,0.634741014668168,0.17162133325552506,0.19363765207630698,A,0.3
2017-18,2017-12-13,Southampton,Leicester City,A,1448.6824864602024,1478.536004920372,-29.853518460169653,0.33902520429559446,0.2577026832612303,0.4032721124431752,H,0.3
2017-18,2017-12-13,West Ham,Arsenal,D,1396.1378768422976,1569.6465620889808,-173.50868524668317,0.5069755677659273,0.2292605556141295,0.26376387661994316,A,0.3
2017-18,2017-12-13,Manchester United,Bournemouth,H,1601.5473330382183,1426.4580404915605,175.08929254665782,0.17421426278555638,0.151557497392232,0.6742282398222116,H,0.3
2017-18,2017-12-13,Liverpool,West Bromwich Albion,D,1580.0745419371121,1399.242674846316,180.8318670907961,0.17048062184059395,0.1475659945193016,0.6819533836401044,H,0.3
2017-18,2017-12-13,Newcastle United,Everton,A,1398.3384907153152,1467.4046177083067,-69.06612699299149,0.3797597693172089,0.2597913863609433,0.36044884432184776,A,0.3
2017-18,2017-12-16,Stoke,West Ham,A,1407.2219567572554,1399.2934398917505,7.928516865504889,0.3031898099958083,0.24854409380438208,0.44826609619980956,H,0.3
2017-18,2017-12-16,Watford,Huddersfield Town,A,1426.7979704554023,1393.0487400997165,33.74923035568577,0.28039193929498796,0.2386152332185197,0.4809928274864923,H,0.3
2017-18,2017-12-16,Arsenal,Newcastle United,H,1566.4909990395279,1391.7933273973765,174.69767164215136,0.174470504603841,0.15183004005552822,0.6736994553406307,H,0.3
2017-18,2017-12-16,Brighton and Hove Albion,Burnley,D,1402.7551968448515,1462.6152528493096,-59.8600560044581,0.36985099211788164,0.2599999502741875,0.37014905760793093,H,0.3
2017-18,2017-12-16,Chelsea,Southampton,H,1620.5040167442348,1433.8213474000906,186.6826693441442,0.1667226280314702,0.14351226536935868,0.6897651065991711,H,0.3
2017-18,2017-12-16,Leicester City,Crystal Palace,A,1493.3971439804839,1393.555205040436,99.84193894004784,0.2272086150431224,0.2025881960647222,0.5702031888921554,H,0.3
2017-18,2017-12-16,Manchester City,Tottenham,H,1666.5634989932319,1601.4869179637958,65.07658102943606,0.2543308968425138,0.22316395325578922,0.522505149901697,H,0.3
2017-18,2017-12-17,West Bromwich Albion,Manchester United,A,1405.2428198254113,1604.184025556915,-198.94120573150371,0.5413721690880863,0.2153273813375983,0.24330044957431549,A,0.3
2017-18,2017-12-17,Bournemouth,Liverpool,A,1423.8213479728638,1574.074396958017,-150.2530489851531,0.47647563235999474,0.24011899921378982,0.28340536842621544,A,0.3
2017-18,2017-12-18,Everton,Swansea,H,1473.9497810262453,1386.896796104641,87.05298492160432,0.23698030374620743,0.21050388064006437,0.5525158156137283,H,0.3
2017-18,2017-12-22,Arsenal,Liverpool,D,1569.1328538210441,1585.3120279157529,-16.179174094708742,0.3256912110965317,0.25516975900282807,0.41913902990064017,H,0.3
2017-18,2017-12-23,Stoke,West Bromwich Albion,H,1390.7420209653412,1401.3008531668072,-10.558832201465975,0.3203334724785687,0.2538669353942475,0.42579959212718377,H,0.3
2017-18,2017-12-23,Southampton,Huddersfield Town,D,1431.3338830948796,1410.2994961649824,21.03438692989721,0.2914591826009736,0.24385040734915775,0.46469041004986866,H,0.3
2017-18,2017-12-23,Swansea,Crystal Palace,D,1380.5525042275247,1412.5203918762613,-31.967887648736678,0.3411257059826836,0.2580124422420279,0.4008618517752885,H,0.3
2017-18,2017-12-23,Manchester City,Bournemouth,H,1675.3799743217558,1412.5837170151278,262.7962573066279,0.12142541094296128,0.1,0.7785745890570387,H,0.3
2017-18,2017-12-23,West Ham,Newcastle United,A,1415.7733756836647,1389.1514726158603,26.621903067804396,0.28655877867314006,0.24162977242871633,0.47181144889814364,H,0.3
2017-18,2017-12-23,Everton,Chelsea,D,1480.2940729033617,1622.9914810494458,-142.69740814608417,0.4668026360384915,0.24320285175637865,0.2899945122051298,A,0.3
2017-18,2017-12-23,Brighton and Hove Albion,Watford,H,1402.7511689330945,1409.5472143901363,-6.796045457041828,0.31678528591455685,0.2529112051520651,0.43030350893337804,H,0.3
2017-18,2017-12-23,Leicester City,Manchester United,D,1474.4319571446586,1608.125992215519,-133.69403507086054,0.4554422599858508,0.24657010859418235,0.2979876314199668,A,0.3
2017-18,2017-12-23,Burnley,Tottenham,A,1462.6192807610666,1592.670442635272,-130.05116187420526,0.45089894338255276,0.24783422995794985,0.30126682665949733,A,0.3
2017-18,2017-12-26,Liverpool,Swansea,H,1586.5666469371154,1379.747421377172,206.81922555994333,0.1541486073115822,0.12972831535425,0.7161230773341678,H,0.3
2017-18,2017-12-26,Bournemouth,West Ham,D,1408.7043087069285,1407.251820496432,1.45248821049654,0.30911344552565834,0.2505861174397396,0.4403004370346021,H,0.3
2017-18,2017-12-26,Chelsea,Brighton and Hove Albion,H,1620.6552126815786,1408.611318748987,212.04389393259157,0.15097853408688316,0.1262101564263975,0.7228113094867193,H,0.3
2017-18,2017-12-26,Huddersfield Town,Stoke,D,1412.590461195349,1400.130194028405,12.46026716694405,0.299095274618604,0.24700468683902577,0.4539000385423702,H,0.3
2017-18,2017-12-26,Tottenham,Southampton,H,1603.1557320793047,1429.042918064513,174.11281401479164,0.17485356805593755,0.15223712663999758,0.6729093053040649,H,0.3
2017-18,2017-12-26,Watford,Leicester City,H,1403.6870645742438,1476.521794969809,-72.8347303955652,0.3838787535703579,0.2595820757080284,0.35653917072161373,A,0.3
2017-18,2017-12-26,West Bromwich Albion,Everton,D,1391.9126801037435,1482.6303412712289,-90.7176611674854,0.40392521243479823,0.2576152091610637,0.33845957840413804,A,0.3
2017-18,2017-12-26,Manchester United,Burnley,D,1606.0361543903687,1452.1339913170339,153.9021630733348,0.188372288786544,0.16631172732720012,0.6453159838862559,H,0.3
2017-18,2017-12-27,Newcastle United,Manchester City,A,1397.673027803093,1679.259382629955,-281.58635482686213,0.6558672207607338,0.16096459552202977,0.1831681837172363,A,0.3
2017-18,2017-12-28,Crystal Palace,Arsenal,A,1413.325474726614,1567.8782347996816,-154.5527600730677,0.48203460462200287,0.23826291569420857,0.27970247968378853,A,0.3
2017-18,2017-12-30,Chelsea,Stoke,H,1624.1179546784604,1402.1860469828398,221.93190769562057,0.14508494137052455,0.11963615113783618,0.7352789074916393,H,0.3
2017-18,2017-12-30,Huddersfield Town,Burnley,D,1410.5346082409142,1457.614981155535,-47.08037291462074,0.35645150174115325,0.2595765331329538,0.38397196512589293,H,0.3
2017-18,2017-12-30,Bournemouth,Everton,H,1406.9537808002294,1481.7485124024467,-74.79473160221733,0.38603546470149247,0.25944483318952716,0.35451970210898043,A,0.3
2017-18,2017-12-30,Liverpool,Leicester City,H,1592.3685927014988,1469.5647079959726,122.80388470552612,0.21023386343929842,0.18760547090536453,0.6021606656553371,H,0.3
2017-18,2017-12-30,Manchester United,Southampton,D,1600.5551645518676,1423.7437598438241,176.81140470804348,0.1730899206440252,0.15035946836927777,0.6765506109866971,H,0.3
2017-18,2017-12-30,Newcastle United,Brighton and Hove Albion,D,1394.9900412435547,1405.1485767521053,-10.158535508550585,0.31995453874610524,0.2537684261029516,0.4262770351509432,H,0.3
2017-18,2017-12-30,Watford,Swansea,A,1410.6441515480801,1373.9454756127886,36.698675935291476,0.2778668574903499,0.23730989161153143,0.4848232508981186,H,0.3
2017-18,2017-12-31,Crystal Palace,Manchester City,D,1408.5692657475513,1681.9423691894933,-273.373103441942,0.6445872439295578,0.16667927590782455,0.1887334801626176,A,0.3
2017-18,2017-12-31,West Bromwich Albion,Arsenal,D,1392.7945089725256,1572.6344437787443,-179.8399348062187,0.515448853711583,0.2259766179698907,0.25857452831852634,A,0.3
2017-18,2018-01-01,Stoke,Newcastle United,A,1396.8215303755194,1393.5652489924096,3.2562813831098083,0.3074548355580047,0.25003624259866536,0.44250892184333,H,0.3
2017-18,2018-01-01,Leicester City,Huddersfield Town,H,1466.1668809014302,1410.1629227850062,56.00395811642397,0.2617108824778751,0.2279819395358753,0.5103071779862496,H,0.3
2017-18,2018-01-01,Burnley,Liverpool,A,1457.9866666114428,1595.7664197960412,-137.77975318459835,0.46057466840696,0.2450843965782118,0.2943409350148283,A,0.3
2017-18,2018-01-01,Brighton and Hove Albion,Bournemouth,D,1406.5733690032505,1413.9426306833398,-7.3692616800892665,0.31732382537854353,0.25306108501771796,0.4296150896037385,H,0.3
2017-18,2018-01-01,Everton,Manchester United,A,1474.7596625193364,1594.629591658395,-119.86992913905851,0.4383693821771398,0.2510564069043501,0.3105742109185101,A,0.3
2017-18,2018-01-02,Manchester City,Watford,H,1676.472041252269,1401.9764094190052,274.4956318332638,0.11452338596250472,0.1,0.7854766140374952,H,0.3
2017-18,2018-01-02,Southampton,Crystal Palace,A,1429.6693327372968,1414.0395936847756,15.629739052521245,0.29625585569167756,0.24587509136710248,0.45786905294121993,H,0.3
2017-18,2018-01-02,Swansea,Tottenham,A,1382.6132177418635,1608.4548902999936,-225.84167255813009,0.5785373757866055,0.19875902294470582,0.22270360126868874,A,0.3
2017-18,2018-01-02,West Ham,West Bromwich Albion,H,1409.002348403131,1396.1131984508631,12.889149952267871,0.29870989370549533,0.24685436400292995,0.45443574229157474,H,0.3
2017-18,2018-01-03,Arsenal,Chelsea,D,1569.3157543004068,1629.4824712857808,-60.16671698537402,0.37017757981029203,0.25999992942790184,0.3698224907618061,A,0.3
2017-18,2018-01-04,Tottenham,West Ham,D,1613.9934745296455,1414.4685937600952,199.52488076955024,0.15863852587751848,0.13468461921120736,0.7066768549112742,H,0.3
2017-18,2018-01-13,Huddersfield Town,West Ham,A,1400.997286961118,1420.8019878173484,-19.804700856230284,0.3291847993921161,0.2559299261623279,0.414885274445556,H,0.3
2017-18,2018-01-13,West Bromwich Albion,Brighton and Hove Albion,H,1390.646953093899,1405.0700162929709,-14.423063199071976,0.32400962140490497,0.25477885063934075,0.42121152795575434,H,0.3
2017-18,2018-01-13,Watford,Southampton,D,1399.490632747883,1421.3117832491698,-21.821150501286866,0.3311407630896541,0.25632521677993747,0.4125340201304084,H,0.3
2017-18,2018-01-13,Tottenham,Everton,H,1607.6600804723923,1466.1189456636962,141.54113480869614,0.19690817417163756,0.17486484808074013,0.6282269777476224,H,0.3
2017-18,2018-01-13,Chelsea,Leicester City,D,1629.477672785583,1475.3325167253183,154.14515606026475,0.18820652088088616,0.1661428824492519,0.6456505966698619,H,0.3
2017-18,2018-01-13,Crystal Palace,Burnley,H,1422.3971431729026,1452.9000757378421,-30.502932564939556,0.3396692365445366,0.2578001791534408,0.4025305843020226,H,0.3
2017-18,2018-01-13,Newcastle United,Swansea,D,1401.7328568007897,1377.0746335122117,24.65822328857803,0.2882742882586439,0.24242472562546463,0.46930098611589155,H,0.3
2017-18,2018-01-14,Liverpool,Manchester City,H,1600.853010669642,1678.9578179233913,-78.10480725374941,0.3897002991981386,0.259169066446819,0.35113063435504244,A,0.3
2017-18,2018-01-14,Bournemouth,Arsenal,H,1415.4459833936194,1569.3205528006044,-153.87456940698507,0.48115524224576534,0.2385604405223229,0.28028431723191166,A,0.3
2017-18,2018-01-15,Manchester United,Stoke,H,1603.2703085140352,1388.6539225671393,214.6163859468959,0.14943184607527202,0.12448873505519825,0.7260794188695298,H,0.3
2017-18,2018-01-20,West Ham,Bournemouth,D,1436.1237088002044,1423.6333569561143,12.490351844090128,0.2990682295551217,0.24699416815475517,0.45393760229012314,H,0.3
2017-18,2018-01-20,Stoke,Huddersfield Town,H,1384.3422932819597,1385.675565978262,-1.3332726963024015,0.3116883294214652,0.251406323862587,0.43690534671594783,H,0.3
2017-18,2018-01-20,Manchester City,Newcastle United,H,1671.9154928509834,1399.3433028649554,272.572189986028,0.1156346348965263,0.1,0.7843653651034738,H,0.3
2017-18,2018-01-20,Leicester City,Watford,H,1480.818397533443,1398.3961589418957,82.42223859154728,0.24057644224149047,0.21327763658761906,0.5461459211708906,H,0.3
2017-18,2018-01-20,Arsenal,Crystal Palace,H,1561.1331792381095,1428.6547851060868,132.4783941320227,0.20329514066912102,0.1810703116611608,0.6156345476697181,H,0.3
2017-18,2018-01-20,Burnley,Manchester United,A,1446.642433804658,1607.5819377992148,-160.93950399455684,0.49036139312905125,0.2353754249691317,0.2742631819018171,A,0.3
2017-18,2018-01-20,Brighton and Hove Albion,Chelsea,A,1395.57907541379,1623.9917919774584,-228.41271656366848,0.5821137562885981,0.1970979358229052,0.2207883078884967,A,0.3
2017-18,2018-01-20,Everton,West Bromwich Albion,D,1458.901828288057,1400.1378939730798,58.76393431497718,0.2594518910862348,0.22654389871904534,0.5140042101947199,H,0.3
2017-18,2018-01-21,Southampton,Tottenham,D,1422.406257055157,1614.8771978480315,-192.47094079287444,0.5325363821349786,0.2190519838687357,0.24841163399628577,A,0.3
2017-18,2018-01-22,Swansea,Liverpool,H,1379.464187448046,1607.8953357420498,-228.43114829400383,0.5821394040718009,0.19708598593853074,0.2207746099896683,A,0.3
2017-18,2018-01-30,Huddersfield Town,Liverpool,A,1376.532629165045,1598.789699399639,-222.25707023459404,0.5735558329617005,0.20105500691518963,0.22538916012310978,A,0.3
2017-18,2018-01-30,Swansea,Arsenal,H,1388.569823790457,1567.62506525291,-179.05524146245307,0.5143951389788247,0.2263906829301305,0.2592141780910447,A,0.3
2017-18,2018-01-30,West Ham,Crystal Palace,D,1434.0670265517351,1422.1628990912864,11.904127460448763,0.2995955483269721,0.24719842693039382,0.45320602474263405,H,0.3
2017-18,2018-01-31,Manchester City,West Bromwich Albion,H,1674.427342109253,1403.4289963211886,270.9983457880644,0.11655073414577283,0.1,0.7834492658542271,H,0.3
2017-18,2018-01-31,Tottenham,Manchester United,H,1611.2389947631934,1612.2154737463304,-0.9764789831369853,0.3113576343984719,0.25130325087338284,0.4373391147281453,H,0.3
2017-18,2018-01-31,Stoke,Watford,D,1393.4852300951768,1391.919772703384,1.5654573917927337,0.30900937047825616,0.2505521114020221,0.4404385181197217,H,0.3
2017-18,2018-01-31,Everton,Leicester City,H,1455.6107259399482,1487.2947837719546,-31.684057832006374,0.340843123888648,0.2579721479322068,0.4011847281791452,H,0.3
2017-18,2018-01-31,Chelsea,Bournemouth,A,1632.0107493009868,1425.6900392045836,206.32071009640322,0.15445309028264212,0.13006546165386168,0.7154814480634962,H,0.3
2017-18,2018-01-31,Newcastle United,Burnley,D,1396.8314536066857,1442.0088978575423,-45.177444250856524,0.3544911019229664,0.25944274528585093,0.3860661527911826,H,0.3
2017-18,2018-01-31,Southampton,Brighton and Hove Albion,D,1426.0444601399952,1387.5601180902615,38.48434204973364,0.27634562265582274,0.23650354959320757,0.48715082775096974,H,0.3
2017-18,2018-02-03,Manchester United,Huddersfield Town,H,1603.082014418159,1369.428611269508,233.6534031486508,0.1382804462308117,0.11200786807356171,0.7497116856956266,H,0.3
2017-18,2018-02-03,Arsenal,Everton,H,1554.1146789532413,1461.888125269601,92.2265536836403,0.23299930574652958,0.20734489134020526,0.5596558029132651,H,0.3
2017-18,2018-02-03,Bournemouth,Stoke,H,1446.538136635193,1391.7315504912842,54.80658614390882,0.26269475405242415,0.22859806819223927,0.5087071777553366,H,0.3
2017-18,2018-02-03,Brighton and Hove Albion,West Ham,H,1390.321168321508,1432.0265090779299,-41.70534075642195,0.35093706441824174,0.2591515768932047,0.3899113586885536,H,0.3
2017-18,2018-02-03,Burnley,Manchester City,D,1442.4352666584314,1677.6240884929196,-235.18882183448818,0.5915491621361635,0.1926670616484083,0.2157837762154282,A,0.3
2017-18,2018-02-03,Leicester City,Swansea,D,1481.0173844423018,1402.0802100901255,78.93717435217627,0.24330361464202166,0.21532973698400085,0.5413666483739775,H,0.3
2017-18,2018-02-03,West Bromwich Albion,Southampton,A,1400.232249937522,1423.2834099087488,-23.051159971226753,0.3323384415062186,0.2565566340879311,0.41110492440585034,H,0.3
2017-18,2018-02-04,Liverpool,Tottenham,D,1605.8937172951757,1620.372454091365,-14.478736796189196,0.3240628268755458,0.25479146988081425,0.42114570324364,H,0.3
2017-18,2018-02-04,Crystal Palace,Newcastle United,D,1424.2034165650916,1396.4050848057966,27.798331759295024,0.28553446442277947,0.24114607040125452,0.47331946517596607,H,0.3
2017-18,2018-02-05,Watford,Chelsea,H,1393.6734523072766,1611.1626518703774,-217.48919956310078,0.5669404357163336,0.20407066251011755,0.2289889017735489,A,0.3
2017-18,2018-02-10,Manchester City,Leicester City,H,1672.9696842431936,1477.2188075396127,195.75087670358084,0.16099063526194646,0.1372668225321979,0.7017425422058556,H,0.3
2017-18,2018-02-10,Everton,Crystal Palace,H,1452.8069986997025,1421.7288296462036,31.07816905349887,0.2826921805352545,0.23976840959318993,0.4775394098715556,H,0.3
2017-18,2018-02-10,Stoke,Brighton and Hove Albion,D,1387.125385175021,1400.5357004932814,-13.410315318260473,0.3230429733663791,0.2545467157036728,0.4224103109299481,H,0.3
2017-18,2018-02-10,Swansea,Burnley,H,1405.8787869928146,1447.0896709081574,-41.21088391534272,0.35043333680735916,0.2591051758924488,0.3904614873001921,H,0.3
2017-18,2018-02-10,West Ham,Watford,H,1421.8119769061564,1411.645870315976,10.166106590180334,0.301162952722036,0.24779522519262634,0.45104182208533766,H,0.3
2017-18,2018-02-10,Tottenham,Arsenal,H,1621.6752152977158,1563.1958055231398,58.47940977457597,0.2596842009722101,0.22669328452391818,0.5136225145038716,H,0.3
2017-18,2018-02-11,Southampton,Liverpool,A,1430.8697702761192,1604.590956088825,-173.7211858127057,0.5072588822237524,0.2291524738297847,0.26358864394646286,A,0.3
2017-18,2018-02-11,Newcastle United,Manchester United,H,1398.8796717246846,1606.1750866127231,-207.29541488803852,0.5528498642585746,0.210357239166181,0.23679289657524435,A,0.3
2017-18,2018-02-11,Huddersfield Town,Bournemouth,H,1366.3355390749439,1451.1443019514563,-84.80876287651245,0.3972097244547291,0.25844195822212535,0.3443483173231456,A,0.3
2017-18,2018-02-12,Chelsea,West Bromwich Albion,H,1593.190233861678,1392.6458895701517,200.5443442915264,0.1580065477228298,0.13398907127837834,0.7080043809987919,H,0.3
2017-18,2018-02-24,Bournemouth,Newcastle United,D,1436.8444019383307,1407.749705997744,29.09469594058669,0.28440868474151976,0.24060664452552316,0.4749846707329571,H,0.3
2017-18,2018-02-24,Brighton and Hove Albion,Swansea,H,1401.868679227923,1412.3152053953397,-10.446526167416778,0.3202271245508652,0.25383937424094677,0.42593350120818796,H,0.3
2017-18,2018-02-24,Burnley,Southampton,D,1440.6532525056323,1423.9063014458877,16.74695105974456,0.2952596825923737,0.24546667065618072,0.45927364675144555,H,0.3
2017-18,2018-02-24,Leicester City,Stoke,D,1471.7029967169951,1385.7924064403794,85.91059027661572,0.23786456204275658,0.21119300855734122,0.5509424293999022,H,0.3
2017-18,2018-02-24,Liverpool,West Ham,H,1611.5544249190564,1430.5686205259337,180.98580439312263,0.17038115103952672,0.14745914916213068,0.6821596997983426,H,0.3
2017-18,2018-02-24,Watford,Everton,H,1402.8892266961986,1460.8635694625793,-57.97434276638069,0.3678479884499051,0.25998958170601033,0.37216242984408465,H,0.3
2017-18,2018-02-24,West Bromwich Albion,Huddersfield Town,A,1388.0098182129418,1380.6354390880695,7.374379124872348,0.30369332268719923,0.2487261423927706,0.4475805349200302,H,0.3
2017-18,2018-02-25,Manchester United,Chelsea,H,1597.3050523396637,1597.826305218888,-0.521252879224221,0.310936096324111,0.2511708967181795,0.4378930069577095,H,0.3
2017-18,2018-02-25,Crystal Palace,Tottenham,A,1413.6722588833268,1626.209990348445,-212.5377314651182,0.560085968294215,0.20715295158216174,0.23276108012362332,A,0.3
2017-18,2018-03-01,Arsenal,Manchester City,A,1558.6610304724106,1678.4854950658112,-119.82446459340053,0.4383139968242154,0.2510697491691881,0.3106162540065965,A,0.3
2017-18,2018-03-03,Swansea,West Ham,H,1400.4724186835851,1425.4487653439846,-24.976346660399486,0.3342200110679117,0.2569040234800785,0.4088759654520097,H,0.3
2017-18,2018-03-03,Leicester City,Bournemouth,D,1467.7339919952626,1434.3348199856105,33.39917200965215,0.28069266567032947,0.23876794189109574,0.4805393924385748,H,0.3
2017-18,2018-03-03,Tottenham,Huddersfield Town,H,1629.9212810482732,1388.8668646346355,241.05441641363768,0.1340870437477994,0.10729545624617581,0.7586175000060247,H,0.3
2017-18,2018-03-03,Liverpool,Newcastle United,H,1616.6742801010055,1410.2592879504643,206.41499215054114,0.15439547799395772,0.13000167991397443,0.7156028420920678,H,0.3
2017-18,2018-03-03,Burnley,Everton,H,1438.4795385319671,1454.1494403845509,-15.669901852583735,0.32520284064314414,0.25505791545723416,0.41973924389962175,H,0.3
2017-18,2018-03-03,Watford,West Bromwich Albion,H,1409.603355774227,1379.7783926663758,29.824963107851318,0.2837758719267857,0.24029983385945122,0.4759242942137631,H,0.3
2017-18,2018-03-03,Southampton,Stoke,D,1426.0800154195529,1389.761411162112,36.31860425744094,0.2781913743742423,0.2374799637450516,0.48432866188070617,H,0.3
2017-18,2018-03-04,Brighton and Hove Albion,Arsenal,H,1413.7114659396775,1547.7557757563927,-134.0443098167152,0.4558807544924654,0.24644553305012754,0.29767371245740715,A,0.3
2017-18,2018-03-04,Manchester City,Chelsea,H,1689.390749781829,1592.0713626087645,97.31938717306457,0.22911769696631046,0.20417722636676733,0.5667050766669222,H,0.3
2017-18,2018-03-05,Crystal Palace,Manchester United,A,1409.9609681834986,1603.059994949787,-193.0990267662885,0.5333918318434149,0.2186954575267498,0.24791271062983528,A,0.3
2017-18,2018-03-10,West Bromwich Albion,Leicester City,A,1374.6693372921247,1465.1086857612515,-90.4393484691268,0.40360687767537856,0.25765803312858326,0.3387350891960382,A,0.3
2017-18,2018-03-10,Newcastle United,Southampton,H,1406.6944255865906,1423.376646619975,-16.682221033384394,0.32617418229669953,0.25527901400200703,0.41854680370129344,H,0.3
2017-18,2018-03-10,Manchester United,Liverpool,H,1607.103853089646,1620.2391424648793,-13.135289375233242,0.3227808594342471,0.25448283253746223,0.4227363080282907,H,0.3
2017-18,2018-03-10,West Ham,Burnley,A,1413.1185609963602,1444.488575833942,-31.37001483758172,0.3405306836204965,0.2579270987699011,0.40154221760960235,H,0.3
2017-18,2018-03-10,Everton,Brighton and Hove Albion,H,1448.140403082576,1421.6165346801288,26.523868402447306,0.2866442531865159,0.2416698293940426,0.47168591741944155,H,0.3
2017-18,2018-03-10,Chelsea,Crystal Palace,H,1588.249289128834,1405.9171100436397,182.3321790851944,0.16951252520085705,0.1465250532439494,0.6839624215551936,H,0.3
2017-18,2018-03-10,Huddersfield Town,Swansea,D,1385.8924689745345,1412.8026230312096,-26.910154056675083,0.336118641049986,0.2572346949362317,0.40664666401378236,H,0.3
2017-18,2018-03-11,Arsenal,Watford,H,1539.8507070159415,1414.7124111484782,125.13829586746328,0.20854813836576813,0.18603842283303273,0.6054134388011991,H,0.3
2017-18,2018-03-11,Bournemouth,Tottenham,A,1436.9601262196215,1632.8956767083741,-195.9355504887526,0.537261343818171,0.21707171535865777,0.24566694082317114,A,0.3
2017-18,2018-03-12,Stoke,Manchester City,A,1392.4647799616898,1693.2128232617595,-300.74804330006964,0.6818410205459223,0.14762417905819167,0.17053480039588598,A,0.3
2017-18,2018-03-17,Bournemouth,West Bromwich Albion,H,1428.9717642317153,1362.5174002452666,66.4543639864487,0.2532215520795974,0.22240997012319558,0.524368477797207,H,0.3
2017-18,2018-03-17,Huddersfield Town,Crystal Palace,A,1384.9429358921063,1403.3744585566114,-18.43152266450511,0.32785810217657807,0.25564946619071277,0.4164924316327092,H,0.3
2017-18,2018-03-17,Liverpool,Watford,H,1614.2726334761585,1407.9909799610143,206.28165351514417,0.15447695997478678,0.1300918859517908,0.7154311540734224,H,0.3
2017-18,2018-03-17,Stoke,Everton,A,1388.597469064438,1456.3468408066665,-67.7493717422285,0.3783292073117303,0.25984756698472056,0.3618232257035492,A,0.3
2017-18,2018-03-31,Watford,Bournemouth,D,1402.1729459270161,1433.353852705298,-31.18090677828195,0.34034265318116297,0.2578997355574557,0.4017576112613813,H,0.3
2017-18,2018-03-31,West Ham,Southampton,H,1398.326755714836,1411.3246032681805,-12.9978475533444,0.32264993305767137,0.2544507726212129,0.4228992943211158,H,0.3
2017-18,2018-03-31,West Bromwich Albion,Burnley,A,1358.1353117716837,1459.280381115466,-101.14506934378232,0.4159963620866327,0.2557369152004684,0.328266722712899,A,0.3
2017-18,2018-03-31,Newcastle United,Huddersfield Town,H,1418.746468938385,1372.7507742695757,45.99569466880939,0.27000747285761373,0.23298264870500138,0.49700987843738487,H,0.3
2017-18,2018-03-31,Manchester United,Swansea,H,1613.0703620783668,1413.7521561136377,199.31820596472903,0.15876682236024273,0.13482573286271232,0.706407444777045,H,0.3
2017-18,2018-03-31,Everton,Manchester City,A,1462.9212745396064,1697.0801341590113,-234.1588596194049,0.5901143169450614,0.19334524935709713,0.2165404336978414,A,0.3
2017-18,2018-03-31,Crystal Palace,Liverpool,A,1415.566620179142,1620.0906675101567,-204.52404733101457,0.5490344671976123,0.21202518525875028,0.23894034754363755,A,0.3
2017-18,2018-03-31,Brighton and Hove Albion,Leicester City,A,1413.4100969560384,1477.2606228081097,-63.850525852071314,0.37411946269469437,0.25996235718979965,0.365918180115506,A,0.3
2017-18,2018-04-01,Arsenal,Stoke,H,1546.5721382034053,1382.023035331498,164.54910287190728,0.181182665497467,0.15890020465315569,0.6599171298493773,H,0.3
2017-18,2018-04-01,Chelsea,Tottenham,A,1590.7919406158624,1640.8840386962804,-50.092098080418054,0.35957249714206124,0.259750868504134,0.3806766343538048,H,0.3
2017-18,2018-04-07,West Bromwich Albion,Swansea,D,1352.2896387446858,1410.0550200109715,-57.76538126628566,0.36762658391782294,0.2599873214475142,0.37238609463466293,H,0.3
2017-18,2018-04-07,Stoke,Tottenham,A,1376.4661822657274,1651.9318220456707,-275.46563977994333,0.6474679334382032,0.16522499890167724,0.18730706766011956,A,0.3
2017-18,2018-04-07,Manchester City,Manchester United,A,1702.4110216582703,1616.767498181033,85.6435234772373,0.2380715553095651,0.21135365968699524,0.5505747850034396,H,0.3
2017-18,2018-04-07,Watford,Burnley,A,1401.345362903227,1465.126054142464,-63.78069123923706,0.37404441399006716,0.2599637101224505,0.3659918758874823,A,0.3
2017-18,2018-04-07,Everton,Liverpool,D,1457.5903870403474,1623.9368170611851,-166.34643002083772,0.49747285087159593,0.2328132611886428,0.26971388793976137,A,0.3
2017-18,2018-04-07,Brighton and Hove Albion,Huddersfield Town,D,1402.852148031629,1367.9706431051811,34.88150492644786,0.27942073748185603,0.23811805787533966,0.4824612046428043,H,0.3
2017-18,2018-04-07,Bournemouth,Crystal Palace,D,1434.1814357290873,1411.7204706281136,22.46096510097368,0.29020243418116043,0.24329561558381602,0.4665019502350236,H,0.3
2017-18,2018-04-07,Leicester City,Newcastle United,A,1487.818571732519,1423.5266001027796,64.29197162973946,0.2549639652668732,0.2235907629280748,0.521445271805052,H,0.3
2017-18,2018-04-08,Arsenal,Southampton,H,1552.128991269176,1399.396197707111,152.7327935620649,0.18917111937165182,0.16712397690443245,0.6437049037239158,H,0.3
2017-18,2018-04-08,Chelsea,West Ham,D,1579.744157266472,1410.2551612759055,169.48899599056654,0.17789821915993334,0.15545760290103663,0.6666441779390301,H,0.3
2017-18,2018-04-14,Huddersfield Town,Watford,H,1370.6356290555598,1394.6824794867844,-24.046850431224584,0.3333105062304334,0.25673856267928424,0.4099509310902824,H,0.3
2017-18,2018-04-14,Liverpool,Bournemouth,H,1620.968061849322,1431.8516023134941,189.11645953582797,0.16517314946349074,0.14183105665978676,0.6929957938767225,H,0.3
2017-18,2018-04-14,Burnley,Leicester City,H,1471.7889375589066,1478.7724224350723,-6.983484876165676,0.31696130805021155,0.2529603841281822,0.4300783078216062,H,0.3
2017-18,2018-04-14,Crystal Palace,Brighton and Hove Albion,H,1414.0503040437068,1400.1871620812503,13.863141962456439,0.2978360463005486,0.2465100314609287,0.45565392223852264,H,0.3
2017-18,2018-04-14,Southampton,Chelsea,A,1396.4519116284505,1573.9570474605232,-177.5051358320727,0.5123164923935886,0.22720283943186798,0.2604806681745435,A,0.3
2017-18,2018-04-14,Swansea,Everton,D,1410.1193366214131,1460.5591422522104,-50.43980563079731,0.3599342712248623,0.25976804003494175,0.38029768874019587,H,0.3
2017-18,2018-04-14,Tottenham,Manchester City,A,1654.69625438627,1693.0955753775818,-38.3993209913117,0.3475803506822657,0.2588179954884575,0.39360165382927675,H,0.3
2017-18,2018-04-15,Newcastle United,Arsenal,H,1432.5727494002265,1555.0732773478364,-122.50052794760995,0.4415826438666209,0.25026841800014005,0.3081489381332392,A,0.3
2017-18,2018-04-15,Manchester United,West Bromwich Albion,A,1626.0829444617216,1352.2253221342442,273.85762232747743,0.11489097473914567,0.1,0.7851090252608544,H,0.3
2017-18,2018-04-16,West Ham,Stoke,D,1416.0422710818543,1373.701749925128,42.340521156726254,0.27307956035726993,0.23472169932243825,0.4921987403202918,H,0.3
2017-18,2018-04-17,Brighton and Hove Albion,Tottenham,D,1394.7417951331452,1643.228150673318,-248.48635554017278,0.6100772353069095,0.18377960381045566,0.20614316088263476,A,0.3
2017-18,2018-04-18,Bournemouth,Manchester United,A,1426.9375760972143,1615.3284277979371,-188.3908517007228,0.5269919794529159,0.22134067045777542,0.2516673500893088,A,0.3
2017-18,2018-04-19,Burnley,Chelsea,A,1477.6522315602815,1578.2808579750679,-100.62862641478637,0.4153919145637029,0.2558424070691409,0.3287656783671561,A,0.3
2017-18,2018-04-19,Leicester City,Southampton,D,1472.9091284336973,1392.1281011139058,80.78102731979152,0.2418585066185305,0.21424790997850923,0.5438935834029602,H,0.3
2017-18,2018-04-21,Watford,Crystal Palace,D,1388.532953964623,1419.495670991812,-30.962717027189,0.3401258117638307,0.2578679441506633,0.402006244085506,H,0.3
2017-18,2018-04-21,West Bromwich Albion,Liverpool,D,1362.9798387980286,1625.882088065602,-262.9022492675733,0.6301143502994957,0.17392731176537882,0.1959583379351256,A,0.3
2017-18,2018-04-22,Arsenal,West Ham,H,1547.33884391712,1413.1790097066262,134.15983421049373,0.20210190663128985,0.17992438822478435,0.6179737051439258,H,0.3
2017-18,2018-04-22,Manchester City,Swansea,H,1704.563679090534,1409.8442415347824,294.7194375557515,0.10338338890162423,0.1,0.7966166110983758,H,0.3
2017-18,2018-04-22,Stoke,Burnley,D,1376.5650113003562,1471.7955289292997,-95.23051762894352,0.4091150117092703,0.25686756506626385,0.33401742322446587,A,0.3
2017-18,2018-04-23,Everton,Newcastle United,H,1460.8342373388411,1440.307182830943,20.52705450789813,0.2919070531240696,0.24404567382633416,0.46404727304959625,H,0.3
2017-18,2018-04-28,Burnley,Brighton and Hove Albion,D,1470.7849743504044,1399.6906309660894,71.09434338431493,0.2495072424439858,0.219829504658585,0.5306632528974292,H,0.3
2017-18,2018-04-28,Southampton,Bournemouth,H,1395.971998961841,1420.3961699487988,-24.424170986957733,0.33367947079769616,0.25680623964392585,0.40951428955837793,H,0.3
2017-18,2018-04-28,Newcastle United,West Bromwich Albion,A,1435.0035786964218,1368.2355023558227,66.76807634059901,0.2529693751026811,0.22223749770167067,0.5247931271956483,H,0.3
2017-18,2018-04-28,Crystal Palace,Leicester City,H,1420.3294906851395,1469.065230585762,-48.73573990062255,0.35816414246128503,0.2596780342367798,0.38215782330193515,H,0.3
2017-18,2018-04-28,Huddersfield Town,Everton,A,1376.7851545777212,1466.1378414733624,-89.35268689564123,0.4023658730846508,0.25782157131109756,0.3398125556042516,A,0.3
2017-18,2018-04-28,Liverpool,Stoke,D,1620.6264245078078,1377.5755658792516,243.05085862855617,0.13296964030522118,0.10603914944972874,0.7609912102450501,H,0.3
2017-18,2018-04-28,Swansea,Chelsea,A,1406.2141386941726,1584.1375606060496,-177.92342191187709,0.5128770204233004,0.2269844470215121,0.26013853255518743,A,0.3
2017-18,2018-04-29,Manchester United,Arsenal,H,1621.8698339463526,1553.7789653407608,68.09086860559182,0.25190773253456866,0.22150704145972008,0.5265852260057112,H,0.3
2017-18,2018-04-29,West Ham,Manchester City,A,1406.7388882829853,1708.1937819311438,-301.45489364815853,0.6827881466326052,0.14713361889516077,0.170078234472234,A,0.3
2017-18,2018-04-30,Tottenham,Watford,H,1638.2793148403737,1387.6991342712954,250.58018056907827,0.12880852712849405,0.10136105752087451,0.7698304153506315,H,0.3
2017-18,2018-05-04,Brighton and Hove Albion,Manchester United,H,1403.2944074756126,1626.220988376593,-222.9265809009803,0.5744857883612438,0.2006279954440419,0.22488621619471438,A,0.3
2017-18,2018-05-05,Watford,Newcastle United,H,1384.8717320700841,1425.9251186287893,-41.05338655870514,0.3502730115155049,0.25909013791087365,0.39063685057362146,H,0.3
2017-18,2018-05-05,West Bromwich Albion,Tottenham,H,1377.3139624234552,1641.106717041585,-263.7927546181297,0.631348501841457,0.1733132593735012,0.19533823878504195,A,0.3
2017-18,2018-05-05,Stoke,Crystal Palace,A,1384.6007232958573,1437.290646019226,-52.68992272336868,0.3622827096226336,0.2598643549298645,0.3778529354475019,H,0.3
2017-18,2018-05-05,Everton,Southampton,D,1475.805371280766,1402.1278480610708,73.6775232196951,0.24745370868845687,0.2183661050511366,0.5341801862604065,H,0.3
2017-18,2018-05-05,Bournemouth,Swansea,H,1414.2403208495691,1401.897986729928,12.34233411964101,0.2992013095898469,0.24704588267641872,0.4537528077337344,H,0.3
2017-18,2018-05-05,Leicester City,West Ham,A,1452.1040752516756,1401.8761241960235,50.227951055652056,0.26647870392643297,0.2309098379628313,0.5026114581107357,H,0.3
2017-18,2018-05-06,Arsenal,Burnley,H,1549.4278109105205,1467.1811978408812,82.24661306963935,0.24071344616183754,0.21338179130936982,0.5459047625287926,H,0.3
2017-18,2018-05-06,Chelsea,Liverpool,H,1588.453712570294,1613.601267091202,-25.14755452090799,0.3343877544931805,0.25693403919343377,0.4086782063133857,H,0.3
2017-18,2018-05-06,Manchester City,Huddersfield Town,D,1713.0565460181056,1367.1176247703177,345.9389212477879,0.07931064755891089,0.1,0.8206893524410891,H,0.3
2017-18,2018-05-08,Swansea,Southampton,A,1396.420002403352,1405.7961444262216,-9.376142022869544,0.3192149118363512,0.2535737052945889,0.4272113828690599,H,0.3
2017-18,2018-05-09,Chelsea,Huddersfield Town,D,1594.6216835259945,1375.3551659356751,219.26651759031938,0.14665987153025026,0.12139656812471832,0.7319435603450314,H,0.3
2017-18,2018-05-09,Leicester City,Arsenal,H,1438.0654124370521,1559.9985698429002,-121.93315740584808,0.4408881704045793,0.25044102585696393,0.30867080373845684,A,0.3
2017-18,2018-05-09,Manchester City,Brighton and Hove Albion,H,1704.819004852748,1412.340650240024,292.47835461272416,0.10456978124064918,0.1,0.7954302187593508,H,0.3
2017-18,2018-05-09,Tottenham,Newcastle United,H,1631.6530098663422,1419.4913233788338,212.1616864875084,0.1509075075062683,0.1261311724031583,0.7229613200905733,H,0.3
2017-18,2018-05-10,West Ham,Manchester United,D,1415.914787010647,1617.1747456121816,-201.25995860153466,0.5445505531651292,0.21396547683929007,0.24148396999558075,A,0.3
2017-18,2018-05-13,Swansea,Stoke,A,1388.519324381813,1377.6889704287605,10.830353953052509,0.30056320011028104,0.24756869169229875,0.4518681081974202,H,0.3
2017-18,2018-05-13,Southampton,Manchester City,A,1413.6968224477607,1707.0723588488688,-293.3755364011081,0.6719124761330212,0.15275040572033674,0.17533711814664213,A,0.3
2017-18,2018-05-13,Tottenham,Leicester City,H,1633.8364250239365,1450.3107300429513,183.52569498098524,0.168744577284386,0.14569764415849515,0.6855577785571189,H,0.3
2017-18,2018-05-13,Crystal Palace,West Bromwich Albion,H,1444.2023988863227,1386.767669598698,57.434729287624805,0.26053828473970364,0.22723954387338116,0.5122221713869152,H,0.3
2017-18,2018-05-13,West Ham,Everton,H,1419.7704266071228,1472.1370749156151,-52.36664830849236,0.361944530966901,0.2598520958433655,0.37820337318973357,H,0.3
2017-18,2018-05-13,Huddersfield Town,Arsenal,A,1382.0166888432918,1547.753252237001,-165.73656339370928,0.4966679701739164,0.23310751546321143,0.2702245143628722,A,0.3
2017-18,2018-05-13,Burnley,Bournemouth,A,1456.6104389085015,1419.7183051761451,36.89213373235634,0.27770177568898524,0.23722311405006394,0.48507511026095085,H,0.3
2017-18,2018-05-13,Manchester United,Watford,H,1613.3191060157058,1391.3055273200396,222.01357869566618,0.14503684427693486,0.11958235268220965,0.7353808030408555,H,0.3
2017-18,2018-05-13,Liverpool,Brighton and Hove Albion,H,1607.4332961355017,1410.0872962439032,197.34599989159847,0.15999408215302,0.1361740625406989,0.7038318553062811,H,0.3
2017-18,2018-05-13,Newcastle United,Chelsea,H,1417.3079082212396,1587.9601606183778,-170.65225239713823,0.503174814518453,0.2306985985491313,0.2661265869324157,A,0.3
2018-19,2018-08-10,Manchester United,Leicester City,H,1580.775449740156,1463.4483206840903,117.32712905606581,0.2142174651170209,0.1912540071619639,0.5945285277210152,H,0.3
2018-19,2018-08-11,Watford,Brighton and Hove Albion,H,1422.4617935948656,1433.2313443224548,-10.769550727589149,0.32053308648488954,0.25391848736128103,0.4255484261538295,H,0.3
2018-19,2018-08-11,Wolverhampton Wanderers,Everton,D,1420.0,1473.1494676102886,-53.14946761028864,0.3627638917918959,0.25988086962060314,0.3773552385875009,H,0.3
2018-19,2018-08-11,Bournemouth,Cardiff City,H,1449.8721694843618,1420.0,29.872169484361848,0.2837349988911685,0.24027992816476484,0.47598507294406667,H,0.3
2018-19,2018-08-11,Fulham,Crystal Palace,A,1420.0,1465.9953462756625,-45.99534627566254,0.35533261148986456,0.2595024894461317,0.3851648990640037,H,0.3
2018-19,2018-08-11,Huddersfield Town,Chelsea,A,1414.2318803328887,1549.7916946621456,-135.55981432925682,0.45778123710387036,0.24590047709009671,0.2963182858060329,A,0.3
2018-19,2018-08-11,Newcastle United,Tottenham,A,1453.8959535255867,1595.4546878627311,-141.55873433714441,0.4653557236814253,0.2436474690370652,0.29099680728150956,A,0.3
2018-19,2018-08-12,Arsenal,Manchester City,A,1536.6070784233164,1646.7225992156195,-110.11552079230319,0.42660414195552954,0.25370054756479443,0.31969531047967603,A,0.3
2018-19,2018-08-12,Liverpool,West Ham,H,1579.0330703431287,1451.1857834556279,127.84728688750079,0.20660106059497474,0.18421174734409454,0.6091871920609307,H,0.3
2018-19,2018-08-12,Southampton,Burnley,D,1437.8158276920212,1463.5579513748908,-25.742123682869533,0.3349708198105704,0.2570371618571303,0.40799201833229926,H,0.3
2018-19,2018-08-18,West Ham,Bournemouth,A,1443.4815840065617,1457.9682808004097,-14.486696793848068,0.32407043455369144,0.2547932729223535,0.4211362925239551,H,0.3
2018-19,2018-08-18,Tottenham,Fulham,H,1600.4658336912155,1408.8053279284848,191.66050576273074,0.1635621547269384,0.14007741074134067,0.6963604345317209,H,0.3
2018-19,2018-08-18,Leicester City,Wolverhampton Wanderers,H,1459.9622713762833,1419.8028513762627,40.159420000020646,0.2749236984788312,0.23573629015080505,0.4893400113703637,H,0.3
2018-19,2018-08-18,Chelsea,Arsenal,H,1560.054047103926,1527.643393678637,32.410653425288956,0.28154306988804023,0.23919660798320797,0.4792603221287518,H,0.3
2018-19,2018-08-18,Cardiff City,Newcastle United,D,1411.9038886839521,1448.8848076971024,-36.98091901315024,0.34614830753329134,0.25865808134764295,0.39519361111906576,H,0.3
2018-19,2018-08-18,Everton,Southampton,H,1473.346616234026,1436.8329898598593,36.51362637416673,0.27802482646632865,0.2373927648939134,0.484582408639758,H,0.3
2018-19,2018-08-19,Brighton and Hove Albion,Manchester United,H,1423.8375674225902,1584.261499047963,-160.42393162537292,0.48968620945680286,0.23561417947632532,0.2746996110668718,A,0.3
2018-19,2018-08-19,Burnley,Watford,A,1464.5407892070527,1431.8555704947303,32.68521871232247,0.2813066894891149,0.2390779246711897,0.4796153858396954,H,0.3
2018-19,2018-08-19,Manchester City,Huddersfield Town,H,1655.6862839602989,1403.9695278911083,251.71675606919052,0.1281877054010156,0.10066335846646852,0.7711489361325158,H,0.3
2018-19,2018-08-20,Crystal Palace,Liverpool,A,1477.1900183471778,1586.7372697921949,-109.54725144501708,0.425926081055196,0.2538409028422671,0.32023301610253685,A,0.3
2018-19,2018-08-25,Southampton,Leicester City,A,1431.8614692278686,1467.7245127404547,-35.863043512586046,0.3450230924882435,0.2585249608118553,0.39645194669990125,H,0.3
2018-19,2018-08-25,Wolverhampton Wanderers,Manchester City,D,1412.0406100120913,1660.2696672289,-248.22905721680877,0.609718902081504,0.18395364548763238,0.20632745243086353,A,0.3
2018-19,2018-08-25,Liverpool,Brighton and Hove Albion,H,1595.7199294390546,1432.1149566924778,163.60497274657678,0.18181411348713608,0.15955813703939795,0.658627749473466,H,0.3
2018-19,2018-08-25,Bournemouth,Everton,D,1465.7513513062997,1478.3181368660166,-12.566785559716891,0.3222395766925362,0.25434963985140946,0.4234107834560543,H,0.3
2018-19,2018-08-25,Arsenal,West Ham,H,1522.5877500537429,1435.6985135006717,86.88923655307121,0.23710693530390353,0.21060285009454385,0.5522902146015527,H,0.3
2018-19,2018-08-25,Huddersfield Town,Cardiff City,D,1399.3861446225071,1411.2423140130509,-11.856169390543755,0.32156399019682813,0.2541809939325124,0.4242550158706595,H,0.3
2018-19,2018-08-26,Fulham,Burnley,H,1404.9609943698747,1450.8942491365292,-45.9332547666545,0.3552686699893557,0.2594980723775049,0.3852332576331394,H,0.3
2018-19,2018-08-26,Newcastle United,Chelsea,A,1449.5463823680036,1565.1096907288202,-115.56330836081656,0.43314570155328397,0.2522781882324004,0.31457611021431575,A,0.3
2018-19,2018-08-26,Watford,Crystal Palace,H,1445.5021105652538,1468.207358700318,-22.705248135064267,0.3320012712248717,0.25649229821010633,0.41150643056502195,H,0.3
2018-19,2018-08-27,Manchester United,Tottenham,A,1575.9841097780754,1604.3101672498256,-28.32605747175012,0.33751430961035256,0.2574651519513633,0.4050205384382841,H,0.3
2018-19,2018-09-01,Leicester City,Liverpool,A,1475.017861122247,1598.5113364082831,-123.49347528603607,0.44279992183525946,0.24996284363792293,0.30723723452681767,A,0.3
2018-19,2018-09-01,Everton,Huddersfield Town,D,1479.6749551842342,1398.0092552587553,81.66569992547898,0.2411669344515244,0.21372574709706943,0.5451073184514061,H,0.3
2018-19,2018-09-01,Brighton and Hove Albion,Fulham,D,1429.3235497232492,1415.2869677272429,14.036581996006362,0.2976806355817329,0.24644828714869696,0.45587107726957016,H,0.3
2018-19,2018-09-01,Chelsea,Bournemouth,H,1570.6509333584174,1464.3945329880821,106.25640037033531,0.22239403570249505,0.19849186728597673,0.5791140970115282,H,0.3
2018-19,2018-09-01,Manchester City,Newcastle United,H,1655.326425372355,1444.0051397384063,211.32128563394872,0.15141468216000387,0.12669502271256336,0.7218902951274327,H,0.3
2018-19,2018-09-01,West Ham,Wolverhampton Wanderers,A,1429.3495811192836,1416.9838518686363,12.365729250647291,0.29918027256096463,0.24703771518480297,0.45378201225423237,H,0.3
2018-19,2018-09-01,Crystal Palace,Southampton,A,1462.080321211801,1424.5681208460762,37.512200365724766,0.2771731057705438,0.2369440231001939,0.48588287112926226,H,0.3
2018-19,2018-09-02,Burnley,Manchester United,A,1440.568275779161,1561.053085535043,-120.484809755882,0.43911893519558814,0.2508750356616265,0.31000602914278536,A,0.3
2018-19,2018-09-02,Cardiff City,Arsenal,A,1412.6192033768027,1528.936682435131,-116.31747905832822,0.43405714322718725,0.25207039758357097,0.31387245918924184,A,0.3
2018-19,2018-09-02,Watford,Tottenham,H,1451.629148053771,1619.241191492858,-167.61204343908707,0.4991453491807116,0.23219841821146353,0.26865623260782484,A,0.3
2018-19,2018-09-15,Tottenham,Liverpool,A,1610.866947247465,1603.8881842793062,6.97876296815889,0.30405317741341653,0.2488552809836793,0.4470915416029042,H,0.3
2018-19,2018-09-15,Newcastle United,Arsenal,A,1441.812208008094,1534.4621946163609,-92.64998660826677,0.4061409423026102,0.25730734455092474,0.33655171314646504,A,0.3
2018-19,2018-09-15,Manchester City,Fulham,H,1657.5193571026673,1417.3862323031176,240.1331247995497,0.1346046675221868,0.10787737655785383,0.7575179559199594,H,0.3
2018-19,2018-09-15,Watford,Manchester United,A,1460.0033922991638,1569.6736215282533,-109.6702292290895,0.4260727493452834,0.253810658048217,0.3201165926064996,A,0.3
2018-19,2018-09-15,Huddersfield Town,Crystal Palace,A,1401.874832477871,1448.3238543077784,-46.44902182990745,0.3558000926773558,0.2595341722665058,0.3846657350561383,H,0.3
2018-19,2018-09-15,Bournemouth,Leicester City,H,1458.5787961995154,1469.641013251224,-11.062217051708558,0.3208104913863209,0.25398973968226785,0.4251997689314112,H,0.3
2018-19,2018-09-15,Chelsea,Cardiff City,H,1576.4666701469841,1407.0936911955728,169.37297895141137,0.17797498218539518,0.15553844335682473,0.66648657445778,H,0.3
2018-19,2018-09-16,Everton,West Ham,A,1475.8093779651185,1421.0416044469268,54.76777351819169,0.262726685241535,0.2286179606250814,0.5086553541333836,H,0.3
2018-19,2018-09-16,Wolverhampton Wanderers,Burnley,H,1425.291828540993,1431.9477397859507,-6.655911244957679,0.31665373708289235,0.2528743306548919,0.4304719322622157,H,0.3
2018-19,2018-09-17,Southampton,Brighton and Hove Albion,D,1438.3245877500988,1427.2242851473745,11.100302602724241,0.3003197142050705,0.2474760787054435,0.452204207089486,H,0.3
2018-19,2018-09-22,Fulham,Watford,D,1413.614592767633,1454.338556773446,-40.72396400581306,0.34993786919814973,0.25905828139023773,0.3910038494116125,H,0.3
2018-19,2018-09-22,Manchester United,Wolverhampton Wanderers,D,1575.338457053971,1431.1496277293259,144.1888293246452,0.19506277167584185,0.17303997998311435,0.6318972483410438,H,0.3
2018-19,2018-09-22,Liverpool,Southampton,H,1612.1135045817512,1436.3062533345876,175.80725124716355,0.17374503159274407,0.15105793964621653,0.6751970287610394,H,0.3
2018-19,2018-09-22,Leicester City,Huddersfield Town,H,1460.2394531316638,1394.822057115512,65.41739601615177,0.2540562079742431,0.2229779763423485,0.5229658156834084,H,0.3
2018-19,2018-09-22,Cardiff City,Manchester City,A,1401.6680161865556,1661.290996638152,-259.6229804515963,0.6255652612599016,0.1761838365061566,0.19825090223394184,A,0.3
2018-19,2018-09-22,Burnley,Bournemouth,H,1426.089940597618,1467.9803563190756,-41.89041572145766,0.35112576270171153,0.2591686286006755,0.3897056086976129,H,0.3
2018-19,2018-09-22,Brighton and Hove Albion,Tottenham,A,1429.2426195628857,1602.64162694502,-173.3990073821344,0.5068293708956856,0.22931628065106108,0.26385434845325334,A,0.3
2018-19,2018-09-22,Crystal Palace,Newcastle United,D,1455.3766296701374,1435.7840717992194,19.59255787091797,0.2927333110796583,0.2444025444279843,0.46286414449235747,H,0.3
2018-19,2018-09-23,Arsenal,Everton,H,1540.4903308252356,1461.672633504397,78.81769732083853,0.24339742796850242,0.21539953137712756,0.5412030406543701,H,0.3
2018-19,2018-09-23,West Ham,Chelsea,D,1435.1783489076483,1581.8923451560013,-146.71399624835294,0.4719293914114988,0.24159210789216848,0.28647850069633274,A,0.3
2018-19,2018-09-29,Newcastle United,Leicester City,A,1438.0356785530287,1467.216078149978,-29.180399596949428,0.3383587109627311,0.2575994280426358,0.4040418609946331,H,0.3
2018-19,2018-09-29,Wolverhampton Wanderers,Southampton,H,1436.4320412208062,1431.0517548265661,5.380286394240102,0.30551040842052984,0.24936998262605573,0.44511960895341446,H,0.3
2018-19,2018-09-29,West Ham,Manchester United,H,1437.6236147421025,1570.0560435624907,-132.43242882038817,0.4538652814552876,0.24701441663472232,0.29912030190999006,A,0.3
2018-19,2018-09-29,Manchester City,Brighton and Hove Albion,H,1669.0044473108198,1424.8431992826786,244.16124802814124,0.132350702544453,0.1053432395579703,0.7623060578975767,H,0.3
2018-19,2018-09-29,Arsenal,Watford,H,1547.0707713307258,1454.892797129766,92.17797420095985,0.23303650876191728,0.20737483664485476,0.5595886545932279,H,0.3
2018-19,2018-09-29,Huddersfield Town,Tottenham,A,1387.8454320971978,1607.0410472252272,-219.19561512802943,0.5693065362001472,0.20299655633665287,0.2276969074631999,A,0.3
2018-19,2018-09-29,Chelsea,Liverpool,D,1579.447079321547,1617.3680030897726,-37.92092376822552,0.3470968104114357,0.25876518513825303,0.3941380044503112,H,0.3
2018-19,2018-09-29,Everton,Fulham,H,1455.0921929989067,1413.060352411313,42.031840587593706,0.27334005092546726,0.23486634935151296,0.4917935997230198,H,0.3
2018-19,2018-09-30,Cardiff City,Burnley,A,1393.9545655138877,1441.0611144775924,-47.106548963704654,0.356478530665688,0.25957824594928863,0.3839432233850234,H,0.3
2018-19,2018-10-01,Bournemouth,Crystal Palace,H,1453.009182439101,1453.1250229163281,-0.11584047722703872,0.31056105234094894,0.2510522288440913,0.4383867188149598,H,0.3
2018-19,2018-10-05,Brighton and Hove Albion,West Ham,H,1421.9174501975876,1450.115510725672,-28.198060528084397,0.3373879492740534,0.2574447247150318,0.4051673260109148,H,0.3
2018-19,2018-10-06,Burnley,Huddersfield Town,D,1448.09900178727,1382.1369180159377,65.96208377133235,0.25361757941734064,0.22268002240823398,0.5237023981744254,H,0.3
2018-19,2018-10-06,Crystal Palace,Wolverhampton Wanderers,A,1447.3768735257665,1445.3530450136952,2.0238285120713044,0.30858735984050806,0.2504135392200459,0.440999100939446,H,0.3
2018-19,2018-10-06,Leicester City,Everton,A,1479.0176533543863,1464.8114334257007,14.206219928685641,0.2975286890607479,0.246387771302944,0.4560835396363081,H,0.3
2018-19,2018-10-06,Manchester United,Newcastle United,H,1557.5641475789212,1426.2341033486205,131.3300442303007,0.20411222807036547,0.18185134760598493,0.6140364243236497,H,0.3
2018-19,2018-10-06,Tottenham,Cardiff City,H,1612.7495613064873,1386.91667820421,225.83288310227726,0.1427983186991368,0.11707629313058823,0.740125388170275,H,0.3
2018-19,2018-10-06,Watford,Bournemouth,A,1448.6926084818924,1458.7573318296627,-10.064723347770268,0.3198657838747793,0.2537452304696279,0.42638898565559274,H,0.3
2018-19,2018-10-07,Southampton,Chelsea,A,1422.1307510336771,1578.812446502153,-156.68169546847594,0.48480114792027906,0.23731750161514628,0.27788135046457463,A,0.3
2018-19,2018-10-07,Fulham,Arsenal,A,1403.341111984519,1553.2709599785994,-149.92984799408032,0.47605934107977493,0.2402555946896317,0.2836850642305934,A,0.3
2018-19,2018-10-07,Liverpool,Manchester City,D,1618.0026359091667,1671.9301963959108,-53.92756048674414,0.3635798275939486,0.2599063901404885,0.37651378226556287,H,0.3
2018-19,2018-10-20,Bournemouth,Southampton,D,1477.065326158898,1412.7005093151938,64.36481684370415,0.2549051488464133,0.22355121562845306,0.5215436355251336,H,0.3
2018-19,2018-10-20,Cardiff City,Fulham,H,1384.8833046312382,1392.0888206778307,-7.205516046592493,0.31716991308953374,0.253018426765728,0.4298116601447382,H,0.3
2018-19,2018-10-20,Chelsea,Manchester United,D,1588.2426882206364,1560.827854715057,27.41483350557951,0.2858680939049435,0.24130436017432266,0.47282754592073384,H,0.3
2018-19,2018-10-20,Huddersfield Town,Liverpool,A,1385.6114822435784,1617.82787484517,-232.21639260159168,0.5874088074302853,0.1946198132510906,0.21797137931862412,A,0.3
2018-19,2018-10-20,Manchester City,Burnley,H,1672.1049574599074,1444.6244375596293,227.48051990027807,0.14183911783278527,0.1160012621010987,0.742159620066116,H,0.3
2018-19,2018-10-20,Newcastle United,Brighton and Hove Albion,A,1422.9703962124847,1428.1365156049928,-5.166119392508108,0.31525783221339093,0.25247665638162853,0.43226551140498054,H,0.3
2018-19,2018-10-20,West Ham,Tottenham,A,1443.8964453182668,1614.7829348794592,-170.88648956119232,0.5034859536923432,0.23058171848305561,0.26593232782460124,A,0.3
2018-19,2018-10-20,Wolverhampton Wanderers,Watford,A,1453.501440391542,1430.3846141526572,23.11682623888487,0.28962594692011756,0.2430377353571495,0.4673363177227329,H,0.3
2018-19,2018-10-21,Everton,Crystal Palace,H,1473.1474109043545,1439.2284781479198,33.91893275643474,0.2802462315174743,0.23854103230287985,0.4812127361796459,H,0.3
2018-19,2018-10-22,Arsenal,Leicester City,H,1564.5232512852879,1470.6816758757325,93.84157540955539,0.23176440562657952,0.20634640514178745,0.561889189231633,H,0.3
2018-19,2018-10-27,Watford,Huddersfield Town,H,1443.8088676815182,1382.2177743587151,61.59109332280309,0.25715060314242455,0.22504554042193128,0.5178038564356442,H,0.3
2018-19,2018-10-27,Liverpool,Cardiff City,H,1621.2215827300333,1394.1823089793124,227.0392737507209,0.14209561249702535,0.1162887942232027,0.741615593279772,H,0.3
2018-19,2018-10-27,Southampton,Newcastle United,D,1416.1345862568498,1414.9727414407637,1.161844816086159,0.30938132866175444,0.2506733411027218,0.4399453302355238,H,0.3
2018-19,2018-10-27,Fulham,Bournemouth,A,1382.7898163297564,1473.631249217242,-90.84143288748555,0.404066847297782,0.2575960415039553,0.3383371111982627,A,0.3
2018-19,2018-10-27,Brighton and Hove Albion,Wolverhampton Wanderers,H,1436.1341703767139,1440.077186862681,-3.943016485967064,0.31411536771258214,0.25214246714744903,0.4337421651399688,H,0.3
2018-19,2018-10-27,Leicester City,West Ham,D,1464.5277896996286,1439.4503782484421,25.077411451186435,0.2879074722165741,0.242256338795053,0.46983618898837287,H,0.3
2018-19,2018-10-28,Burnley,Chelsea,A,1439.4134383425626,1585.778466176883,-146.36502783432047,0.4714825694532255,0.2417346494271335,0.28678278111964106,A,0.3
2018-19,2018-10-28,Crystal Palace,Arsenal,D,1431.264629534798,1570.6771374613918,-139.4125079265939,0.462636417204937,0.24447088371283787,0.29289269908222515,A,0.3
2018-19,2018-10-28,Manchester United,Everton,H,1563.2920767588103,1481.1112595174764,82.1808172413339,0.24076478457734585,0.21342079151722873,0.5458144239054254,H,0.3
2018-19,2018-10-29,Tottenham,Manchester City,A,1619.2290019492839,1677.315956676974,-58.08695472769023,0.3679673519249598,0.25999070785183515,0.37204194022320514,H,0.3
2018-19,2018-11-03,West Ham,Burnley,H,1441.8513051856928,1427.9987728749802,13.852532310712604,0.2978455549899276,0.24651380427735048,0.4556406407327219,H,0.3
2018-19,2018-11-03,Newcastle United,Watford,H,1416.715159117,1452.7585045368596,-36.043345419859634,0.3452043752641849,0.25854685398040106,0.3962487707554141,H,0.3
2018-19,2018-11-03,Cardiff City,Leicester City,A,1390.1411900159023,1462.1268627623779,-71.98567274647553,0.3829475614861997,0.2596355032807388,0.35741693523306156,A,0.3
2018-19,2018-11-03,Arsenal,Liverpool,D,1568.4304508087732,1625.2627016934434,-56.8322508846702,0.366639235491444,0.25997452268428584,0.3733862418242702,H,0.3
2018-19,2018-11-03,Everton,Brighton and Hove Albion,H,1477.0207388663755,1441.9464712546196,35.074267611755886,0.2792556251633145,0.238032926393508,0.4827114484431775,H,0.3
2018-19,2018-11-03,Bournemouth,Manchester United,A,1485.7657653081308,1567.382597409911,-81.61683210178035,0.3936197540382238,0.25881623104201434,0.3475640149197619,A,0.3
2018-19,2018-11-03,Wolverhampton Wanderers,Tottenham,A,1434.2648859847752,1612.4386512738374,-178.1737652890622,0.5132126307044834,0.22685346920931568,0.259933900086201,A,0.3
2018-19,2018-11-04,Chelsea,Crystal Palace,H,1597.1931316444654,1433.5113161874165,163.68181545704897,0.18176267548773065,0.15950459007417836,0.658732734438091,H,0.3
2018-19,2018-11-04,Manchester City,Southampton,H,1684.1063073524206,1414.3921685806135,269.71413877180703,0.11730281279646712,0.1,0.7826971872035329,H,0.3
2018-19,2018-11-05,Huddersfield Town,Fulham,H,1373.2681375033737,1370.6553002388675,2.6128372645061972,0.3080457156210791,0.25023407835631517,0.44172020602260575,H,0.3
2018-19,2018-11-10,Cardiff City,Brighton and Hove Albion,H,1383.6607858702052,1434.020164138315,-50.35937826810982,0.35985056339509697,0.2597641225620292,0.38038531404287385,H,0.3
2018-19,2018-11-10,Huddersfield Town,West Ham,D,1378.9570525363129,1450.4823677240342,-71.52531518772139,0.3824434481976226,0.25966294764856396,0.35789360415381344,A,0.3
2018-19,2018-11-10,Crystal Palace,Tottenham,A,1429.088718080085,1616.750223495307,-187.66150541522188,0.5260032615824901,0.22174470630444715,0.25225203211306274,A,0.3
2018-19,2018-11-10,Southampton,Watford,D,1410.231610265604,1446.4082592804716,-36.17664901486751,0.3453384541928495,0.2585629360103074,0.3960986097968431,H,0.3
2018-19,2018-11-10,Newcastle United,Bournemouth,H,1423.065404373388,1479.497543867673,-56.43213949428491,0.36621654990629304,0.25996768068630616,0.3738157694074008,H,0.3
2018-19,2018-11-10,Leicester City,Burnley,D,1468.607266908075,1419.3677103366388,49.2395565714362,0.26730011283576566,0.23139950751779173,0.5013003796464427,H,0.3
2018-19,2018-11-11,Liverpool,Fulham,H,1625.3538743157335,1364.9663852059284,260.3874891098051,0.12288932335659682,0.1,0.7771106766434032,H,0.3
2018-19,2018-11-11,Manchester City,Manchester United,H,1688.26686566743,1573.650818850369,114.61604681706103,0.21620438544539258,0.19304440993442926,0.5907512046201782,H,0.3
2018-19,2018-11-11,Chelsea,Everton,D,1601.6157297517968,1484.94704598268,116.6686837691168,0.2146991176401146,0.19168984283865773,0.5936110395212276,H,0.3
2018-19,2018-11-11,Arsenal,Wolverhampton Wanderers,D,1568.3392781864832,1429.9533137633057,138.38596442317748,0.1991194138182938,0.17703297540622684,0.6238476107754793,H,0.3
2018-19,2018-11-24,Brighton and Hove Albion,Leicester City,D,1427.431789080875,1465.5627689003393,-38.1309798194643,0.34730905665385997,0.2587885143857438,0.39390242896039623,H,0.3
2018-19,2018-11-24,Everton,Cardiff City,H,1489.6347505540514,1390.2491609276453,99.38558962640604,0.22755332265465963,0.2028766130805038,0.5695700642648366,H,0.3
2018-19,2018-11-24,Fulham,Southampton,H,1362.2837274986173,1409.546991731283,-47.26326423266573,0.3566403875102558,0.25958842810978505,0.3837711843799591,H,0.3
2018-19,2018-11-24,Manchester United,Crystal Palace,D,1568.0553944320231,1424.9485500259245,143.10684440609862,0.19581577610674475,0.173786278110885,0.6303979457823703,H,0.3
2018-19,2018-11-24,Tottenham,Chelsea,H,1620.8903915494675,1596.9280251804255,23.962366369042,0.2888839348893246,0.24270266901759371,0.46841339609308164,H,0.3
2018-19,2018-11-24,Watford,Liverpool,A,1447.0928778147927,1628.0365320230446,-180.94365420825193,0.5169326080487097,0.22539090388110392,0.25767648807018634,A,0.3
2018-19,2018-11-24,West Ham,Manchester City,A,1450.15076411233,1693.8622900857758,-243.71152597344576,0.6034254396847073,0.18699699026394762,0.209577570051345,A,0.3
2018-19,2018-11-25,Bournemouth,Arsenal,A,1472.808821953271,1563.1783399682497,-90.36951801497867,0.40352703691877884,0.25766871788214224,0.33880424519907903,A,0.3
2018-19,2018-11-25,Wolverhampton Wanderers,Huddersfield Town,A,1435.1142519815392,1379.288656148017,55.82559583352213,0.26185729336606106,0.22807401840938618,0.5100686882245529,H,0.3
2018-19,2018-11-26,Burnley,Newcastle United,A,1422.4122083443744,1429.7541262877899,-7.34191794341541,0.31729811966949434,0.25305397027127696,0.4296479100592287,H,0.3
2018-19,2018-11-30,Cardiff City,Wolverhampton Wanderers,H,1386.4627829771687,1420.9548596843129,-34.49207670714418,0.3436472140211238,0.25835318595096446,0.39799960002791174,H,0.3
2018-19,2018-12-01,Crystal Palace,Burnley,H,1430.2084744033841,1414.4646814321084,15.743792971275752,0.2961540467159949,0.24583364007018893,0.4580123132138162,H,0.3
2018-19,2018-12-01,Huddersfield Town,Brighton and Hove Albion,A,1393.4480484452433,1426.80317804056,-33.35512959531661,0.3425095986163237,0.25820362921728957,0.39928677216638675,H,0.3
2018-19,2018-12-01,Leicester City,Watford,H,1466.1913799406543,1438.5706877529165,27.62069218773786,0.2856889705387796,0.24121946476698158,0.47309156469423874,H,0.3
2018-19,2018-12-01,Manchester City,Bournemouth,H,1701.3324451001456,1466.731340201432,234.60110489871363,0.13773900458993063,0.11139972767209433,0.750861267737975,H,0.3
2018-19,2018-12-01,Newcastle United,West Ham,A,1437.701653200056,1442.6806090979603,-4.97895589790437,0.3150828008582938,0.2524259668416886,0.43249123230001757,H,0.3
2018-19,2018-12-01,Southampton,Manchester United,D,1403.0099461930713,1562.7954700545636,-159.78552386149227,0.48885088226359,0.23590845577261893,0.275240661963791,A,0.3
2018-19,2018-12-02,Arsenal,Tottenham,H,1569.2558217200888,1629.1817685008164,-59.9259467807276,0.36992114431122824,0.25999998607608815,0.37007886961268355,H,0.3
2018-19,2018-12-02,Chelsea,Fulham,H,1588.6366482290766,1368.820773036829,219.81587519224763,0.1463344338779544,0.12103299961246412,0.7326325665095814,H,0.3
2018-19,2018-12-02,Liverpool,Everton,H,1636.5587220849209,1493.421128504528,143.13759358039283,0.19579435488657074,0.17376507937702856,0.6304405657364007,H,0.3
2018-19,2018-12-04,West Ham,Cardiff City,H,1458.684544290077,1392.787120074362,65.89742421571486,0.25366962451713626,0.22271543901098104,0.5236149364718827,H,0.3
2018-19,2018-12-04,Watford,Manchester City,A,1430.400478526982,1704.4100992345045,-274.0096207075226,0.6454639652817642,0.16623706235066502,0.18829897236757076,A,0.3
2018-19,2018-12-04,Bournemouth,Huddersfield Town,H,1463.653686067073,1386.0974860290894,77.55620003798367,0.24438925202670345,0.21613415971753647,0.5394765882557601,H,0.3
2018-19,2018-12-04,Brighton and Hove Albion,Crystal Palace,H,1434.1537404567139,1438.7754612967606,-4.621720840046692,0.31474893042078944,0.2523287657985505,0.4329223037806601,H,0.3
2018-19,2018-12-05,Fulham,Leicester City,D,1365.4950293998606,1474.3615891665888,-108.86655976672819,0.42511495263460325,0.25400701835969197,0.3208780290057047,A,0.3
2018-19,2018-12-05,Everton,Newcastle United,D,1490.3366839678897,1421.6977180079393,68.63896595995038,0.25146863625639987,0.2212028666339907,0.5273284971096095,H,0.3
2018-19,2018-12-05,Burnley,Liverpool,A,1405.897694538732,1639.6431666215592,-233.7454720828273,0.5895384773404274,0.19361699073901437,0.21684453192055822,A,0.3
2018-19,2018-12-05,Manchester United,Arsenal,D,1559.9998597391034,1579.9483485476758,-19.948488808572392,0.32932396760212906,0.2559587662025251,0.4147172661953458,H,0.3
2018-19,2018-12-05,Wolverhampton Wanderers,Chelsea,H,1414.6305225871195,1591.962391866045,-177.33186927892552,0.5120843881889898,0.22729313810213175,0.26062247370887853,A,0.3
2018-19,2018-12-05,Tottenham,Southampton,H,1618.4892416732293,1405.8055565085315,212.68368516469786,0.1505929890189535,0.12578133827632068,0.7236256727047259,H,0.3
2018-19,2018-12-08,Burnley,Brighton and Hove Albion,H,1400.556614584837,1443.3840579174978,-42.82744333266078,0.3520824183386111,0.259252315967231,0.38866526569415794,H,0.3
2018-19,2018-12-08,West Ham,Crystal Palace,H,1465.6467252607679,1429.5451438359767,36.10158142479122,0.2783767902190606,0.23757682980429695,0.48404637997664246,H,0.3
2018-19,2018-12-08,Manchester United,Fulham,H,1558.8521639567423,1366.8923203421923,191.95984361454998,0.16337318631444805,0.13987134138582302,0.6967554722997289,H,0.3
2018-19,2018-12-08,Leicester City,Tottenham,A,1472.9642982242572,1621.940531425756,-148.97623320149887,0.4748323536589047,0.24065621546943886,0.2845114308716565,A,0.3
2018-19,2018-12-08,Bournemouth,Liverpool,A,1467.8286179931001,1644.984246575454,-177.15562858235398,0.5118483500512032,0.22738488679796523,0.2607667631508315,A,0.3
2018-19,2018-12-08,Cardiff City,Southampton,H,1385.824939103671,1402.3542667560048,-16.529327652333677,0.32602733058083383,0.2552459361239335,0.41872673329523274,H,0.3
2018-19,2018-12-08,Arsenal,Huddersfield Town,H,1581.0960443300369,1381.9225541030623,199.17349022697454,0.15885669215712622,0.13492456302906664,0.7062187448138071,H,0.3
2018-19,2018-12-08,Chelsea,Manchester City,H,1583.4605094927022,1707.1941818422242,-123.73367234952207,0.44309474567345214,0.2498882574893516,0.3070169968371963,A,0.3
2018-19,2018-12-09,Newcastle United,Wolverhampton Wanderers,A,1425.2398453352566,1423.1324049604623,2.1074403747943506,0.3085104276561582,0.250388159610614,0.4411014127332278,H,0.3
2018-19,2018-12-10,Everton,Watford,D,1486.7945566405724,1427.6163959192622,59.17816072131018,0.2591139141628003,0.22632595092164187,0.5145601349155579,H,0.3
2018-19,2018-12-15,Wolverhampton Wanderers,Bournemouth,H,1431.2821053739472,1457.774167829736,-26.492062455788755,0.33570741865023457,0.25716475877957995,0.4071278225701854,H,0.3
2018-19,2018-12-15,Manchester City,Everton,H,1694.9061758689422,1483.4928274297108,211.4133484392314,0.15135907433466161,0.12663321745991207,0.7220077082054263,H,0.3
2018-19,2018-12-15,Tottenham,Burnley,H,1629.6509824650657,1407.0199443157117,222.63103814935403,0.14467352442193154,0.11917589844660507,0.7361505771314634,H,0.3
2018-19,2018-12-15,Watford,Cardiff City,H,1430.9181251301238,1391.8483956544856,39.06972947563827,0.27584814552853987,0.2362366045455009,0.48791524992595925,H,0.3
2018-19,2018-12-15,Fulham,West Ham,A,1362.048683098363,1470.6266587860644,-108.57797568770138,0.4247714231051921,0.2540767829826176,0.3211517939121903,A,0.3
2018-19,2018-12-15,Huddersfield Town,Newcastle United,A,1379.5881931089475,1417.0901449217718,-37.501951812824245,0.34667378777819013,0.25871799369200915,0.39460821852980066,H,0.3
2018-19,2018-12-15,Crystal Palace,Leicester City,H,1424.5652103106802,1465.2538471849475,-40.68863687426733,0.3499019443520985,0.2590548327450436,0.3910432229028579,H,0.3
2018-19,2018-12-16,Brighton and Hove Albion,Chelsea,A,1436.9207281866231,1595.7485154659842,-158.82778727936102,0.48759922992118687,0.23634708888795386,0.2760536811908592,A,0.3
2018-19,2018-12-16,Liverpool,Manchester United,H,1655.0386967388183,1563.6958012005716,91.3428955382467,0.2336765528554581,0.20788877336208408,0.5584346737824578,H,0.3
2018-19,2018-12-16,Southampton,Arsenal,H,1396.3308102051903,1583.4304053241517,-187.09959511896136,0.5252420320270186,0.22205491717518852,0.25270305079779287,A,0.3
2018-19,2018-12-21,Wolverhampton Wanderers,Liverpool,A,1441.0938089096296,1661.2622156327848,-220.16840672315516,0.5706561949322227,0.2023816119110829,0.2269621931566945,A,0.3
2018-19,2018-12-22,Bournemouth,Brighton and Hove Albion,H,1447.9624642940535,1432.246828000482,15.715636293571379,0.29617917810014505,0.2458438783766321,0.4579769435232228,H,0.3
2018-19,2018-12-22,Chelsea,Leicester City,A,1600.4224156521252,1458.826127750416,141.59628790170927,0.1968696385644164,0.17482688351841127,0.6283034779171723,H,0.3
2018-19,2018-12-22,Arsenal,Burnley,H,1574.804232972036,1404.9522290574012,169.8520039146349,0.1776581504439505,0.15520466740539957,0.66713718215065,H,0.3
2018-19,2018-12-22,Cardiff City,Manchester United,A,1386.928886792973,1557.4722823066052,-170.54339551363228,0.5030302519368229,0.23075285214597083,0.2662168959172062,A,0.3
2018-19,2018-12-22,Manchester City,Crystal Palace,A,1698.3802354420695,1430.9929297452118,267.38730569685777,0.11867600014999212,0.1,0.7813239998500079,H,0.3
2018-19,2018-12-22,Newcastle United,Fulham,D,1424.3461467335655,1353.0336192198672,71.31252751369834,0.24933340085829403,0.21970662981434716,0.5309599693273588,H,0.3
2018-19,2018-12-22,West Ham,Watford,A,1479.6417226645601,1435.8376339916365,43.804088672923626,0.2718467163632364,0.23403114413180712,0.4941221395049565,H,0.3
2018-19,2018-12-22,Huddersfield Town,Southampton,A,1372.3321912971537,1404.956982557306,-32.62479126015228,0.3417804540914612,0.25810416702245764,0.4001153788860812,H,0.3
2018-19,2018-12-23,Everton,Tottenham,A,1480.0187678565835,1631.7186977233762,-151.69992986679267,0.47834195536112284,0.23950246048425794,0.2821555841546192,A,0.3
2018-19,2018-12-26,Manchester United,Huddersfield Town,H,1567.8105724053953,1360.6553951415235,207.1551772638718,0.15394361179244595,0.12950124953989992,0.7165551386676541,H,0.3
2018-19,2018-12-26,Tottenham,Bournemouth,H,1642.8908239612038,1456.5304033662344,186.36042059496936,0.16692839575266147,0.14373510998568179,0.6893364942616567,H,0.3
2018-19,2018-12-26,Leicester City,Manchester City,H,1468.743360588183,1687.6495005201655,-218.90613993198258,0.5689050250703149,0.20317918183700895,0.227915793092676,A,0.3
2018-19,2018-12-26,Liverpool,Newcastle United,H,1666.945637627692,1420.7369071932878,246.20873043440406,0.1312142016888502,0.10406541091664115,0.7647203873945086,H,0.3
2018-19,2018-12-26,Burnley,Everton,A,1400.6627007874542,1468.846641618756,-68.1839408313017,0.3788008435685664,0.2598299970995637,0.3613691593318699,A,0.3
2018-19,2018-12-26,Brighton and Hove Albion,Arsenal,D,1423.6788889283011,1579.093761241983,-155.41487231368183,0.4831538055597528,0.2378821545100621,0.2789640399301851,A,0.3
2018-19,2018-12-26,Crystal Palace,Cardiff City,D,1441.7236646671158,1376.5905966941828,65.13306797293308,0.25428535712716344,0.22313315357269883,0.5225814893001377,H,0.3
2018-19,2018-12-26,Fulham,Wolverhampton Wanderers,D,1356.642858760145,1435.4103869147225,-78.76752815457758,0.3904374555236625,0.2591072274118774,0.3504553170644601,A,0.3
2018-19,2018-12-26,Watford,Chelsea,A,1449.7350928017847,1590.5051828143582,-140.77009001257352,0.4643552929927108,0.24395226574888612,0.291692441258403,A,0.3
2018-19,2018-12-27,Southampton,West Ham,A,1416.6337787129362,1465.7442638544119,-49.11048514147569,0.35855279659157996,0.2596990883391069,0.3817481150693132,H,0.3
2018-19,2018-12-29,Brighton and Hove Albion,Everton,H,1426.3581302928476,1484.089563988271,-57.73143369542345,0.3675906252996441,0.25998693331467854,0.3724224413856774,H,0.3
2018-19,2018-12-29,Fulham,Huddersfield Town,H,1357.1825068703504,1357.104101688667,0.0784051816833653,0.3103814793822674,0.2509951057431268,0.4386234148746058,H,0.3
2018-19,2018-12-29,Leicester City,Cardiff City,A,1477.745344207359,1380.044163201839,97.70118100552008,0.22882818007780686,0.20393755280000675,0.5672342671221864,H,0.3
2018-19,2018-12-29,Liverpool,Arsenal,H,1671.1853650007909,1576.4145198774365,94.77084512335432,0.2310555329037679,0.20576931437194212,0.56317515272429,H,0.3
2018-19,2018-12-29,Tottenham,Wolverhampton Wanderers,A,1649.331306845386,1434.870738804517,214.46056804086902,0.14952526313245965,0.12459278985495674,0.7258819470125837,H,0.3
2018-19,2018-12-29,Watford,Newcastle United,D,1444.7082496206986,1416.4971798201889,28.211069800509676,0.2851757011122143,0.2409750544754839,0.47384924441230186,H,0.3
2018-19,2018-12-30,Burnley,West Ham,H,1385.4197784179391,1472.736820037202,-87.31704161926291,0.4000493345693103,0.258112185744593,0.3418384796860968,A,0.3
2018-19,2018-12-30,Crystal Palace,Chelsea,A,1438.2700981594596,1595.5320259954444,-157.2619278359848,0.4855567482336182,0.23705684505732888,0.27738640670905285,A,0.3
2018-19,2018-12-30,Manchester United,Bournemouth,H,1571.3618658582518,1450.089920482052,121.27194537619971,0.21134407858135418,0.18863008949113405,0.6000258319275118,H,0.3
2018-19,2018-12-30,Southampton,Manchester City,A,1409.641222530146,1678.6475169009893,-269.0062943708433,0.638562360660266,0.16970873959599783,0.19172889974373622,A,0.3
2018-19,2019-01-01,Everton,Leicester City,A,1477.3794345673214,1468.287331094592,9.092103472729377,0.30213454888210856,0.24815741525318682,0.44970803586470465,H,0.3
2018-19,2019-01-01,Cardiff City,Tottenham,A,1389.502176314606,1632.7303588861491,-243.22818257154313,0.6027519218433217,0.18732115168061134,0.20992692647606692,A,0.3
2018-19,2019-01-01,Arsenal,Fulham,H,1567.4369810772714,1362.926992171821,204.50998890545043,0.15556197396786278,0.1312920801551814,0.7131459458769559,H,0.3
2018-19,2019-01-02,Bournemouth,Watford,D,1443.2452381495216,1442.2225138828605,1.0227242666610437,0.30950961706423114,0.2507149562930745,0.43977542664269437,H,0.3
2018-19,2019-01-02,Chelsea,Southampton,D,1600.235982413306,1405.1202481557275,195.11573425757842,0.16138842026640393,0.13770246733041253,0.7009091124031835,H,0.3
2018-19,2019-01-02,Huddersfield Town,Burnley,A,1351.3596163871964,1396.815611463792,-45.45599507659563,0.35477750771068234,0.25946347133184305,0.38575902095747455,H,0.3
2018-19,2019-01-02,Newcastle United,Manchester United,A,1418.982915558027,1578.2065481907823,-159.22363263275543,0.4881163353052195,0.23616621012690658,0.2757174545678739,A,0.3
2018-19,2019-01-02,West Ham,Brighton and Hove Albion,D,1461.3409869913492,1433.0682597137973,28.272727277551894,0.28512213372562206,0.2409494485991013,0.47392841767527666,H,0.3
2018-19,2019-01-02,Wolverhampton Wanderers,Crystal Palace,A,1451.471686763754,1433.5661417415981,17.90554502215582,0.2942291759527635,0.24503752881344665,0.46073329523378986,H,0.3
2018-19,2019-01-03,Manchester City,Liverpool,H,1683.1684912754079,1680.162903800956,3.005587474451886,0.30768494791815626,0.250113543779249,0.44220150830259475,H,0.3
2018-19,2019-01-12,Brighton and Hove Albion,Liverpool,A,1435.5556603698035,1674.4825775539218,-238.92691718411834,0.5967578452810596,0.1901924953307816,0.21304965938815876,A,0.3
2018-19,2019-01-12,Leicester City,Southampton,A,1476.5452010934039,1411.377029274728,65.16817181867577,0.2542570589596145,0.22311400822700006,0.5226289328133855,H,0.3
2018-19,2019-01-12,Crystal Palace,Watford,A,1446.866958696028,1443.9610486457327,2.9059100502952333,0.30777647813361103,0.25014420052579794,0.4420793213405911,H,0.3
2018-19,2019-01-12,Chelsea,Newcastle United,H,1593.9792012943053,1411.5869749819062,182.3922263123991,0.1694738425427363,0.14648341062309903,0.6840427468341647,H,0.3
2018-19,2019-01-12,Cardiff City,Huddersfield Town,D,1383.0531626855482,1344.284343515896,38.76881916965226,0.276103791581222,0.2363739838971832,0.48752222452159477,H,0.3
2018-19,2019-01-12,Burnley,Fulham,H,1403.8908843350926,1358.3843219286887,45.50656240640387,0.2704172528159126,0.23321814513887248,0.4963646020452149,H,0.3
2018-19,2019-01-12,West Ham,Arsenal,H,1458.853586335343,1571.9796513204037,-113.1260649850608,0.4302099169811085,0.25293166115651905,0.31685842186237234,A,0.3
2018-19,2019-01-13,Everton,Bournemouth,H,1469.1215645685095,1441.5067033866494,27.61486118186008,0.28569404317998254,0.24122187179010943,0.473084085029908,H,0.3
2018-19,2019-01-13,Tottenham,Manchester United,A,1639.179372515207,1585.602488766903,53.576883748304,0.26370763054014235,0.22922588504966707,0.5070664844101905,H,0.3
2018-19,2019-01-14,Manchester City,Wolverhampton Wanderers,H,1688.848817522442,1438.1708698093241,250.67794771311787,0.12875504902802173,0.10130095296472458,0.7699439980072537,H,0.3
2018-19,2019-01-19,Wolverhampton Wanderers,Leicester City,H,1434.6049474935423,1467.487586341182,-32.882638847639555,0.342037735444911,0.2581395851190399,0.3998226794360491,H,0.3
2018-19,2019-01-19,Watford,Burnley,D,1452.1231998458113,1408.6807835803888,43.44241626542248,0.27215103008529806,0.23420251431060943,0.4936464556040925,H,0.3
2018-19,2019-01-19,Southampton,Everton,H,1420.43464402695,1477.2919661682695,-56.8573221413194,0.3666657347164513,0.2599749243511599,0.3733593409323888,H,0.3
2018-19,2019-01-19,Newcastle United,Cardiff City,H,1409.0450918214972,1380.2845504528304,28.760541368666736,0.2846985728402392,0.2407463288784497,0.4745550982813111,H,0.3
2018-19,2019-01-19,Liverpool,Crystal Palace,H,1677.7724449839532,1438.7048074959494,239.0676374880038,0.1352048632159147,0.10855206866016248,0.7562430681239228,H,0.3
2018-19,2019-01-19,Bournemouth,West Ham,H,1433.3363017868894,1466.446333202508,-33.11003141561855,0.342264759728253,0.25817054574019893,0.3995646945315481,H,0.3
2018-19,2019-01-19,Arsenal,Chelsea,H,1564.3869044532387,1596.5210844547144,-32.13418000147567,0.3412913559593839,0.25803586448200716,0.40067277955860897,H,0.3
2018-19,2019-01-19,Manchester United,Brighton and Hove Albion,H,1594.5056357453318,1432.2657929397722,162.23984280555965,0.18272923531057453,0.1605093286542487,0.6567614360351768,H,0.3
2018-19,2019-01-20,Fulham,Tottenham,A,1353.5944226833924,1630.2762255367782,-276.68180285338576,0.64914011446701,0.16437916411446646,0.1864807214185234,A,0.3
2018-19,2019-01-20,Huddersfield Town,Manchester City,A,1347.0529557486136,1692.4147398382238,-345.3617840896102,0.7395423484451488,0.11738435368642966,0.14307329786842157,A,0.3
2018-19,2019-01-29,Newcastle United,Manchester City,H,1419.3073541603421,1696.2993333430818,-276.99197918273967,0.6495663464907824,0.16416337307273537,0.18627028043648222,A,0.3
2018-19,2019-01-29,Manchester United,Burnley,D,1597.3158945006908,1411.5731334464817,185.74276105420904,0.16732319054627157,0.14416239036461997,0.6885144190891085,H,0.3
2018-19,2019-01-29,Wolverhampton Wanderers,West Ham,H,1440.9023878779067,1456.459101645696,-15.556713767789233,0.325094376899625,0.25503288890460163,0.41987273419577337,H,0.3
2018-19,2019-01-29,Fulham,Brighton and Hove Albion,H,1350.8463222252876,1429.4555341844132,-78.60921195912556,0.39026125414994844,0.2591222007587049,0.3506165450913467,A,0.3
2018-19,2019-01-29,Arsenal,Cardiff City,H,1574.3482775577959,1370.0222881139855,204.32598944381039,0.155674912136475,0.13141689966684805,0.7129081881966769,H,0.3
2018-19,2019-01-29,Huddersfield Town,Everton,A,1343.1683622437556,1470.5962363007575,-127.42787405700187,0.4476466850494223,0.24870862715739353,0.30364468779318415,A,0.3
2018-19,2019-01-30,Liverpool,Leicester City,D,1679.6689352819874,1461.1901459568176,218.47878932516983,0.14712727208703735,0.12191854446663998,0.7309541834463227,H,0.3
2018-19,2019-01-30,Bournemouth,Chelsea,H,1443.3235333437015,1586.5597113501572,-143.2361780064557,0.4674882562519325,0.24299061688992538,0.28952112685814213,A,0.3
2018-19,2019-01-30,Tottenham,Watford,H,1633.024325994883,1449.2308499797184,183.79347601516452,0.16857254421175105,0.14551209064210952,0.6859153651461395,H,0.3
2018-19,2019-01-30,Southampton,Crystal Palace,D,1427.130373894462,1436.8083171979151,-9.677943303453048,0.31950005786130653,0.2536491586733743,0.42685078346531924,H,0.3
2018-19,2019-02-02,Tottenham,Newcastle United,H,1635.5483322693124,1428.8761140149336,206.67221825437878,0.1542383600663172,0.12982771103660284,0.71593392889708,H,0.3
2018-19,2019-02-02,Everton,Wolverhampton Wanderers,A,1475.8923730714625,1452.9166642861992,22.97570878526335,0.2897499173031322,0.24309337115267216,0.46715671154419564,H,0.3
2018-19,2019-02-02,Crystal Palace,Fulham,H,1438.2466585202508,1362.021028973029,76.22562954722184,0.24543795888358844,0.21690442210308722,0.5376576190133243,H,0.3
2018-19,2019-02-02,Chelsea,Huddersfield Town,H,1567.896761765013,1337.8722254730505,230.02453629196248,0.1403657882689969,0.11434881843628496,0.7452853932947181,H,0.3
2018-19,2019-02-02,Cardiff City,Bournemouth,H,1367.7488033888974,1461.9864829288456,-94.2376795399482,0.40796872542179524,0.25704063436599256,0.3349906402122122,A,0.3
2018-19,2019-02-02,Burnley,Southampton,D,1417.662971316132,1425.6920325721264,-8.02906125599452,0.31794459052252877,0.2532317020765502,0.428823707400921,H,0.3
2018-19,2019-02-02,Brighton and Hove Albion,Watford,D,1418.2808274366719,1446.706843705289,-28.426016268617104,0.33761301697334,0.25748104836724794,0.40490593465941205,H,0.3
2018-19,2019-02-03,Leicester City,Manchester United,A,1467.839038353761,1591.2260566310406,-123.3870182772796,0.44266929872803057,0.249995817761574,0.3073348835103955,A,0.3
2018-19,2019-02-03,Manchester City,Arsenal,H,1686.7305734884903,1576.621762282884,110.10881120560634,0.21952977084433736,0.19599588530838735,0.5844743438472753,H,0.3
2018-19,2019-02-04,West Ham,Liverpool,D,1444.4448252374034,1673.020042885044,-228.57521764764056,0.5823398808442665,0.19699256105929588,0.22066755809643773,A,0.3
2018-19,2019-02-06,Everton,Manchester City,A,1462.4714404529293,1692.4440420913804,-229.97260163845112,0.5842847368646166,0.1960845673617392,0.21963069577364427,A,0.3
2018-19,2019-02-09,Liverpool,Bournemouth,H,1668.5160706276395,1450.4168246757888,218.09924595185066,0.14735279154017897,0.12217031524864658,0.7304768932111744,H,0.3
2018-19,2019-02-09,Watford,Everton,H,1447.6131224950504,1457.0367048124288,-9.423582317378305,0.3192597209151196,0.2535855942449259,0.4271546848399545,H,0.3
2018-19,2019-02-09,Brighton and Hove Albion,Burnley,A,1417.3745486469104,1416.1781852427714,1.1963634041389923,0.3093495040007218,0.25066300194005614,0.439987494059222,H,0.3
2018-19,2019-02-09,Huddersfield Town,Arsenal,A,1332.730364988535,1570.908293679994,-238.17792869145887,0.5957141025020485,0.19068992492276626,0.21359597257518534,A,0.3
2018-19,2019-02-09,Fulham,Manchester United,A,1355.365098464041,1596.60509634622,-241.23999788217907,0.5999813105413944,0.18865142459150802,0.2113672648670975,A,0.3
2018-19,2019-02-09,Crystal Palace,West Ham,D,1444.9025890292387,1448.9487974948079,-4.04620846556918,0.314211632833763,0.2521709298607801,0.4336174373054568,H,0.3
2018-19,2019-02-09,Southampton,Cardiff City,A,1427.176818645487,1379.3184616419542,47.858357003532774,0.2684507064708626,0.23207810239934207,0.49947119112979527,H,0.3
2018-19,2019-02-10,Manchester City,Chelsea,H,1697.878777731881,1573.0386222495285,124.84015548235243,0.208763025015805,0.18623893182943443,0.6049980431547606,H,0.3
2018-19,2019-02-10,Tottenham,Leicester City,H,1637.79453185584,1462.4599986385815,175.33453321725847,0.1740539044105839,0.15138684410776648,0.6745592514816496,H,0.3
2018-19,2019-02-11,Wolverhampton Wanderers,Newcastle United,D,1466.3375969047324,1426.629914428406,39.707682476326454,0.2753066812731954,0.23594423369748246,0.4887490850293222,H,0.3
2018-19,2019-02-22,Cardiff City,Watford,A,1388.1432152318644,1453.5173525254058,-65.37413729354148,0.37575993512739636,0.25992667878348374,0.3643133860891199,A,0.3
2018-19,2019-02-22,West Ham,Fulham,H,1450.545496650264,1348.855894115536,101.68960253472801,0.22581593572131461,0.20141626659220724,0.5727677976864781,H,0.3
2018-19,2019-02-23,Bournemouth,Wolverhampton Wanderers,D,1446.182519879238,1463.5440520724092,-17.361532193171115,0.32682728513611825,0.2554246219827074,0.4177480928811743,H,0.3
2018-19,2019-02-23,Burnley,Tottenham,H,1429.0725959422205,1641.9684733376857,-212.89587739546528,0.5605811552653975,0.20693177656777695,0.23248706816682543,A,0.3
2018-19,2019-02-23,Leicester City,Crystal Palace,A,1458.2860571567358,1443.3058898737825,14.980167282953289,0.29683617424973996,0.24611011023781806,0.457053715512442,H,0.3
2018-19,2019-02-23,Newcastle United,Huddersfield Town,H,1429.4234592607293,1329.4290204219856,99.99443883874369,0.2270934877255194,0.2024917225353392,0.5704147897391414,H,0.3
2018-19,2019-02-24,Manchester United,Liverpool,D,1603.114300694725,1672.7503754241902,-69.63607472946524,0.3803803596573194,0.259764344912059,0.35985529543062156,A,0.3
2018-19,2019-02-24,Arsenal,Southampton,H,1574.2096382465434,1418.3520650555768,155.8575731909666,0.18704054612809426,0.16495245749981544,0.6480069963720902,H,0.3
2018-19,2019-02-26,Cardiff City,Everton,A,1372.7550320975106,1451.1324747820734,-78.37744268456277,0.39000341872121613,0.2591438939656364,0.35085268731314745,A,0.3
2018-19,2019-02-26,Huddersfield Town,Wolverhampton Wanderers,H,1323.4443557131397,1464.7651615856887,-141.32080587254904,0.4650537538726617,0.24373969582158334,0.291206550305755,A,0.3
2018-19,2019-02-26,Leicester City,Brighton and Hove Albion,H,1441.5906268922868,1404.4801379474613,37.11048894482542,0.2775155280354826,0.23712499837800186,0.4853594735865156,H,0.3
2018-19,2019-02-26,Newcastle United,Burnley,H,1435.4081239695752,1438.0070393319684,-2.5989153623931998,0.31286356161601603,0.25176724365290754,0.4353691947310765,H,0.3
2018-19,2019-02-27,Crystal Palace,Manchester United,A,1460.0013201382314,1603.3915781277374,-143.39025798950593,0.4676844515520958,0.24292970175198378,0.2893858466959204,A,0.3
2018-19,2019-02-27,Arsenal,Bournemouth,H,1578.8055603339812,1444.9614103659585,133.84414996802275,0.2023256454171525,0.18013973527945373,0.6175346193033938,H,0.3
2018-19,2019-02-27,Chelsea,Tottenham,H,1563.5906407538273,1633.0340299479378,-69.44338919411052,0.38017045958681184,0.25977367106775034,0.3600558693454379,A,0.3
2018-19,2019-02-27,Southampton,Fulham,H,1413.7561429681389,1342.917288287853,70.83885468028598,0.24971089956509476,0.2199732157184824,0.5303158847164229,H,0.3
2018-19,2019-02-27,Liverpool,Watford,H,1672.4730979911778,1468.9055356597596,203.56756233141823,0.15614093183538796,0.13193172600580197,0.71192734215881,H,0.3
2018-19,2019-02-27,Manchester City,West Ham,H,1707.3267592275822,1456.4841024779473,250.8426567496349,0.12866498624687872,0.1011997322344778,0.7701352815186435,H,0.3
2018-19,2019-03-02,Tottenham,Arsenal,D,1622.0946775027242,1586.2935657309351,35.80111177178901,0.2786336380500471,0.23771064581902296,0.4836557161309299,H,0.3
2018-19,2019-03-02,Wolverhampton Wanderers,Cardiff City,H,1456.754856405338,1360.0763706955117,96.67848570982619,0.22960415775433946,0.20457888039887764,0.5658169618467829,H,0.3
2018-19,2019-03-02,Manchester United,Southampton,H,1611.2764308847725,1420.5707182890196,190.70571259575286,0.16416572733238588,0.140735091935196,0.6950991807324182,H,0.3
2018-19,2019-03-02,West Ham,Newcastle United,H,1454.7027088614107,1444.5846853961073,10.118023465303395,0.30120640154776873,0.2478115485131547,0.4509820499390766,H,0.3
2018-19,2019-03-02,Brighton and Hove Albion,Huddersfield Town,H,1399.5207896721756,1331.4546608934904,68.0661287786852,0.251927563264044,0.22152075040046595,0.5265516863354901,H,0.3
2018-19,2019-03-02,Burnley,Crystal Palace,A,1428.8304779054363,1452.1164673811963,-23.28598947576006,0.3325674933344154,0.25659997730650436,0.4108325293590802,H,0.3
2018-19,2019-03-02,Bournemouth,Manchester City,A,1437.4734049690046,1709.1081528441189,-271.6347478751143,0.6421909082010075,0.1678862136570398,0.1899228781419527,A,0.3
2018-19,2019-03-03,Everton,Liverpool,D,1463.8111361840722,1678.372920322637,-214.5617841385647,0.5628857898841004,0.20589930634103593,0.23121490377486364,A,0.3
2018-19,2019-03-03,Fulham,Chelsea,A,1336.1027129669721,1574.529993199041,-238.42728023206882,0.5960615794610787,0.19052440930426381,0.21341401123465747,A,0.3
2018-19,2019-03-03,Watford,Leicester City,H,1463.0057133283005,1446.5499751675725,16.45573816072806,0.2955191109181674,0.24557364119519276,0.45890724788663984,H,0.3
2018-19,2019-03-09,Huddersfield Town,Bournemouth,A,1327.1030398348973,1434.6570433899287,-107.55400355503139,0.42355419396133914,0.25432114280780976,0.32212466323085104,A,0.3
2018-19,2019-03-09,Manchester City,Watford,H,1711.9245144231948,1468.3957012534927,243.52881316970206,0.13270300240573205,0.10573935328324466,0.7615576443110232,H,0.3
2018-19,2019-03-09,Newcastle United,Everton,H,1435.8263978573893,1467.9878216945835,-32.16142383719421,0.34131850080175385,0.25803968868606564,0.4006418105121805,H,0.3
2018-19,2019-03-09,Southampton,Tottenham,H,1418.1334269927831,1619.4051203554757,-201.27169336269253,0.5445666533289157,0.21395854931460298,0.2414747973564812,A,0.3
2018-19,2019-03-09,Crystal Palace,Brighton and Hove Albion,A,1464.132028342494,1403.8724107307687,60.25961761172539,0.2582328246561112,0.22575435740649144,0.5160128179373974,H,0.3
2018-19,2019-03-09,Leicester City,Fulham,H,1441.1599872423803,1332.8051924951346,108.3547947472457,0.2208313566448207,0.19713548460410696,0.5820331587510724,H,0.3
2018-19,2019-03-09,Cardiff City,West Ham,H,1354.0009052223484,1463.4609964001286,-109.46009117778021,0.4258221533488027,0.25386229555720036,0.320315551093997,A,0.3
2018-19,2019-03-10,Arsenal,Manchester United,H,1588.9831228781836,1613.713722181009,-24.73059930282534,0.3339793550255715,0.2568606888007065,0.4091599561737219,H,0.3
2018-19,2019-03-10,Chelsea,Wolverhampton Wanderers,D,1577.8275136708785,1462.8303218785013,114.99719179237718,0.21592444752051812,0.1927933642279697,0.5912821882515122,H,0.3
2018-19,2019-03-10,Liverpool,Burnley,H,1674.1962348121256,1416.8149169441385,257.38131786798704,0.12473711578108106,0.1,0.775262884218919,H,0.3
2018-19,2019-03-16,Bournemouth,Newcastle United,D,1443.7063937638993,1442.1117800928332,1.5946136710660994,0.3089825140076689,0.2505433253751384,0.44047416061719274,H,0.3
2018-19,2019-03-16,Burnley,Leicester City,A,1414.0885910698057,1446.919862064793,-32.831270994987335,0.34198646780079667,0.258132555549808,0.39988097664939537,H,0.3
2018-19,2019-03-16,West Ham,Huddersfield Town,H,1451.5157274503126,1318.0536894609268,133.46203798938586,0.20259664153307577,0.1804002717485329,0.6170030867183913,H,0.3
2018-19,2019-03-17,Everton,Chelsea,H,1461.7024394591397,1573.177431224864,-111.47499176572433,0.4282295754685336,0.2533586061534863,0.3184118183779801,A,0.3
2018-19,2019-03-17,Fulham,Liverpool,A,1327.045317672722,1676.9225606864584,-349.87724301373646,0.7451049240455252,0.11444424081473105,0.14045083513974374,A,0.3
2018-19,2019-03-30,Manchester United,Watford,H,1603.9487932479024,1465.4601052071434,138.48868804075892,0.1990472140823603,0.17696250748989872,0.623990278427741,H,0.3
2018-19,2019-03-30,Fulham,Manchester City,A,1325.1483179009751,1714.860110469544,-389.71179256856885,0.782695809413035,0.1,0.11730419058696516,A,0.3
2018-19,2019-03-30,Leicester City,Bournemouth,H,1454.2823850319407,1441.9519007950385,12.330484236902294,0.29921196548337126,0.24705001869321544,0.45373801582341333,H,0.3
2018-19,2019-03-30,Burnley,Wolverhampton Wanderers,H,1406.726068102658,1467.4804043245158,-60.754336221857784,0.37080404974134057,0.25999855521870896,0.36919739503995047,A,0.3
2018-19,2019-03-30,West Ham,Everton,A,1454.746510781965,1473.6966736613917,-18.95016287942667,0.32835868484384484,0.25575646484627657,0.4158848503098786,H,0.3
2018-19,2019-03-30,Brighton and Hove Albion,Southampton,A,1412.8653473292097,1426.932611641822,-14.067264312612224,0.32366975867883524,0.25469785419376584,0.42163238712739887,H,0.3
2018-19,2019-03-30,Crystal Palace,Huddersfield Town,H,1455.139091744053,1314.8229061292743,140.31618561477876,0.19776508854310185,0.17570747785669902,0.6265274336001991,H,0.3
2018-19,2019-03-31,Cardiff City,Chelsea,A,1365.9461741721643,1561.183197022612,-195.2370228504476,0.5363075076302329,0.2174736305146095,0.24621886185515762,A,0.3
2018-19,2019-03-31,Liverpool,Tottenham,H,1678.8195604582052,1610.6059357064369,68.2136247517683,0.25180934876335337,0.2214389926822019,0.5267516585544447,H,0.3
2018-19,2019-04-01,Arsenal,Newcastle United,H,1598.7480518112902,1443.866273061694,154.88177874959615,0.1877044816198746,0.16563091607404795,0.6466646023060775,H,0.3
2018-19,2019-04-02,Watford,Fulham,H,1462.3059769577578,1322.7154601730824,139.5905167846754,0.19827366911555938,0.17620613607052368,0.6255201948139169,H,0.3
2018-19,2019-04-02,Wolverhampton Wanderers,Manchester United,H,1456.7663052618248,1607.102921497288,-150.33661623546323,0.47658330514073177,0.2400836138576306,0.2833330810016377,A,0.3
2018-19,2019-04-03,Manchester City,Cardiff City,H,1717.2929681974367,1361.9397956421815,355.35317255525524,0.07547783008840618,0.1,0.8245221699115939,H,0.3
2018-19,2019-04-03,Chelsea,Brighton and Hove Albion,H,1565.1895755525948,1405.0726300842289,160.11694546836588,0.1841572651267017,0.16198807920962377,0.6538546556636745,H,0.3
2018-19,2019-04-03,Tottenham,Crystal Palace,H,1606.257096169737,1460.0946303163244,146.16246585341264,0.19369322023816954,0.17167680002808236,0.634629979733748,H,0.3
2018-19,2019-04-05,Southampton,Liverpool,A,1434.7253288868028,1683.168399994905,-248.44307110810223,0.610016955188112,0.18380888736014467,0.20617415745174325,A,0.3
2018-19,2019-04-06,Bournemouth,Burnley,A,1433.2690976366855,1417.440167165349,15.828930471336434,0.2960780662392138,0.24580266188739802,0.45811927187338813,H,0.3
2018-19,2019-04-06,Huddersfield Town,Leicester City,A,1309.867367557003,1462.9651881902937,-153.09782063329067,0.4801492511096056,0.2388990230450586,0.2809517258453358,A,0.3
2018-19,2019-04-06,Newcastle United,Crystal Palace,A,1439.2483737645148,1455.2767762546005,-16.028402490085682,0.325546567022327,0.25513677694322234,0.4193166560344507,H,0.3
2018-19,2019-04-07,Everton,Arsenal,H,1485.8699536316424,1603.3659511084695,-117.49599747682714,0.4354842559486103,0.2517404328322128,0.3127753112191769,A,0.3
2018-19,2019-04-08,Chelsea,West Ham,H,1570.8691169614126,1442.5732308117144,128.29588614969816,0.20627957729555382,0.183908448097054,0.6098119746073922,H,0.3
2018-19,2019-04-12,Leicester City,Newcastle United,A,1472.5339903727604,1431.5007522412952,41.03323813146517,0.27418388616696665,0.23533191271708345,0.4904842011159499,H,0.3
2018-19,2019-04-13,Tottenham,Huddersfield Town,H,1611.074950231461,1300.2985653745363,310.77638485692455,0.09522157545100716,0.1,0.8047784245489928,H,0.3
2018-19,2019-04-13,Southampton,Wolverhampton Wanderers,H,1429.7382127106289,1464.9043689898183,-35.16615627918941,0.34432314656962487,0.258438815853317,0.39723803757705806,H,0.3
2018-19,2019-04-13,Manchester United,West Ham,H,1598.9648577692944,1437.3254424875652,161.63941528172927,0.1831325217372049,0.16092763173088906,0.6559398465319061,H,0.3
2018-19,2019-04-13,Fulham,Everton,H,1316.4404451268613,1493.5290815862747,-177.08863645941346,0.5117586411857618,0.2274197355816201,0.2608216232326182,A,0.3
2018-19,2019-04-13,Brighton and Hove Albion,Bournemouth,A,1399.393088675411,1420.017920263747,-20.624831588336065,0.3299792110211262,0.25609307895176137,0.4139277100271124,H,0.3
2018-19,2019-04-13,Burnley,Cardiff City,H,1430.6913445382875,1360.3533576794941,70.33798685879333,0.25011044521415193,0.22025440908864194,0.5296351456972062,H,0.3
2018-19,2019-04-14,Crystal Palace,Manchester City,A,1463.02439777782,1718.879406160124,-255.85500838230405,0.6203308179196252,0.17876645293921753,0.20090272914115728,A,0.3
2018-19,2019-04-14,Liverpool,Chelsea,H,1688.155516171079,1576.1169052855619,112.03861088551707,0.21810260109408344,0.19473616803410476,0.5871612308718118,H,0.3
2018-19,2019-04-15,Watford,Arsenal,A,1468.580992003979,1595.7068231538371,-127.12583114985819,0.4472732783994967,0.24880735539442697,0.30391936620607635,A,0.3
2018-19,2019-04-16,Brighton and Hove Albion,Cardiff City,A,1379.6387227392381,1353.5239110589612,26.114811680276944,0.28700109471377167,0.241836551766442,0.4711623535197863,H,0.3
2018-19,2019-04-20,Wolverhampton Wanderers,Brighton and Hove Albion,D,1454.8626851113572,1366.1442068381252,88.718478273232,0.23569452843147098,0.20949366256822377,0.5548118090003052,H,0.3
2018-19,2019-04-20,Newcastle United,Southampton,H,1440.2301020449445,1439.77989658909,0.45020545585452965,0.3100379842887034,0.2508852886035491,0.43907672710774753,H,0.3
2018-19,2019-04-20,West Ham,Leicester City,D,1434.5068609343166,1463.8046405691111,-29.29777963479455,0.33847485898900076,0.25761759506190435,0.40390754594909484,H,0.3
2018-19,2019-04-20,Huddersfield Town,Watford,A,1297.3144767167978,1463.2786795194788,-165.96420280268103,0.4969683201520045,0.23299783633030316,0.27003384351769233,A,0.3
2018-19,2019-04-20,Bournemouth,Fulham,A,1439.77228619992,1329.9106229137467,109.86166328617333,0.21971291465437615,0.19615677319504862,0.5841303121505752,H,0.3
2018-19,2019-04-20,Manchester City,Tottenham,H,1723.6945976282825,1614.0590388891994,109.63555873908308,0.21988053787040154,0.19630387285307627,0.5838155892765222,H,0.3
2018-19,2019-04-21,Arsenal,Crystal Palace,A,1601.0091356383373,1458.2092063096616,142.79992932867572,0.1960296552439579,0.17399783357874968,0.6299725111772925,H,0.3
2018-19,2019-04-21,Cardiff City,Liverpool,A,1367.018426960074,1693.818231088774,-326.79980412869986,0.7160980915174872,0.1297414454937226,0.15416046298879033,A,0.3
2018-19,2019-04-21,Everton,Manchester United,H,1480.0589037993893,1601.783439322543,-121.72453552315369,0.44063301067861504,0.2505041275809454,0.3088628617404396,A,0.3
2018-19,2019-04-22,Chelsea,Burnley,D,1570.4541903678669,1437.5207911588204,132.93339920904646,0.20297187534357547,0.18076048647880957,0.6162676381776149,H,0.3
2018-19,2019-04-23,Tottenham,Brighton and Hove Albion,H,1610.446358052489,1370.1810787195777,240.26527933291118,0.13453034035722894,0.1077938193792203,0.7576758402635508,H,0.3
2018-19,2019-04-23,Watford,Southampton,D,1467.8169625477801,1430.6880486725543,37.12891387522586,0.27749981622049047,0.237116711079439,0.48538347270007054,H,0.3
2018-19,2019-04-24,Manchester United,Manchester City,A,1583.8516347375498,1727.307278464993,-143.4556437274432,0.46776772532794275,0.24290382223899398,0.28932845243306327,A,0.3
2018-19,2019-04-24,Wolverhampton Wanderers,Arsenal,H,1450.8258132299047,1591.080642309278,-140.25482907937317,0.4637024160497665,0.24415000876804968,0.2921475751821838,A,0.3
2018-19,2019-04-26,Liverpool,Huddersfield Town,H,1697.2070705800554,1292.7761936884965,404.4308768915589,0.058100899153191735,0.1,0.8418991008468083,H,0.3
2018-19,2019-04-27,Tottenham,West Ham,A,1612.3308579160152,1433.6254730333526,178.70538488266266,0.17185799323998494,0.1490428385863592,0.6790991681736559,H,0.3
2018-19,2019-04-27,Watford,Wolverhampton Wanderers,A,1465.0919892851764,1463.4975961764792,1.5943931086972043,0.30898271716572334,0.25054339185441876,0.4404738909798579,H,0.3
2018-19,2019-04-27,Southampton,Bournemouth,D,1433.413021935158,1430.1776049049179,3.2354170302401144,0.3074739820227354,0.25004268689565495,0.4424833310816097,H,0.3
2018-19,2019-04-27,Crystal Palace,Everton,D,1468.137699638721,1497.9907083843827,-29.853008745661782,0.3390246991952058,0.2577026059190852,0.403272694885709,H,0.3
2018-19,2019-04-27,Brighton and Hove Albion,Newcastle United,D,1368.2965788560514,1449.3219499614802,-81.0253711054288,0.3929574387188006,0.25887998553297714,0.3481625757482223,A,0.3
2018-19,2019-04-27,Fulham,Cardiff City,H,1339.5053042087488,1363.6295874687926,-24.12428326004374,0.3333861974668654,0.2567525079542144,0.4098612945789203,H,0.3
2018-19,2019-04-28,Burnley,Manchester City,A,1442.5656621155158,1735.190077990444,-292.6244158749282,0.670896072338301,0.15327342822862536,0.17583049943307374,A,0.3
2018-19,2019-04-28,Leicester City,Arsenal,H,1464.6860284700751,1578.4088593627034,-113.72283089262828,0.43092737798997505,0.2527742113708279,0.3162984106391971,A,0.3
2018-19,2019-04-28,Manchester United,Chelsea,D,1575.9688352120988,1565.4093194111715,10.559515800927329,0.3008076347208499,0.24766129043904436,0.4515310748401057,H,0.3
2018-19,2019-05-03,Everton,Burnley,H,1498.8562374324815,1440.024851392704,58.8313860397775,0.2593968368788955,0.22650844601451084,0.5140947171065937,H,0.3
2018-19,2019-05-04,Cardiff City,Crystal Palace,A,1357.478764196183,1467.2721705906222,-109.79340639443922,0.42621969375882635,0.25378029268688906,0.32000001355428465,A,0.3
2018-19,2019-05-04,West Ham,Southampton,H,1443.857530786381,1431.6127948195635,12.244735966817416,0.2992890821029761,0.24707992966019118,0.4536309882368327,H,0.3
2018-19,2019-05-04,Bournemouth,Tottenham,H,1431.9778320205123,1602.098800162987,-170.12096814247457,0.5024694642957043,0.23096300198308597,0.2665675337212098,A,0.3
2018-19,2019-05-04,Wolverhampton Wanderers,Fulham,H,1471.6392850934044,1345.6561274813585,125.98315761204594,0.2079398445797693,0.18546964892076506,0.6065905064994657,H,0.3
2018-19,2019-05-04,Newcastle United,Liverpool,A,1448.7175287868236,1699.1612295629434,-250.44370077611984,0.6128026376094887,0.1824532726754863,0.204744089715025,A,0.3
2018-19,2019-05-05,Huddersfield Town,Manchester United,D,1290.8220347056085,1573.9654365008028,-283.1434017951942,0.6579969802346871,0.15987976796451758,0.18212325180079528,A,0.3
2018-19,2019-05-05,Arsenal,Brighton and Hove Albion,D,1563.205168308746,1368.901000030708,194.30416827803788,0.1618975090033239,0.13825954853789152,0.6998429424587846,H,0.3
2018-19,2019-05-05,Chelsea,Watford,H,1567.4127181224676,1456.9503003682512,110.4624177542164,0.219267883251125,0.19576551850250207,0.584966598246373,H,0.3
2018-19,2019-05-06,Manchester City,Leicester City,H,1737.7308887132558,1479.8897195240327,257.84116918922314,0.12445295784941934,0.1,0.7755470421505807,H,0.3
2018-19,2019-05-12,Tottenham,Everton,D,1593.6912384200834,1506.0328981581767,87.65834026190669,0.23651250090200973,0.21013745227398128,0.553350046824009,H,0.3
2018-19,2019-05-12,Crystal Palace,Bournemouth,H,1472.9344107101338,1440.3853937634158,32.549016946717984,0.281423932096811,0.2391368357556326,0.4794392321475564,H,0.3
2018-19,2019-05-12,Fulham,Newcastle United,A,1342.308770617629,1445.6005618313823,-103.29179121375319,0.418516226466657,0.2552846251864117,0.32619914834693126,A,0.3
2018-19,2019-05-12,Brighton and Hove Albion,Manchester City,A,1375.1435459451156,1739.4467692043643,-364.3032232592486,0.7624738968370274,0.10525440716839488,0.13227169599457775,A,0.3
2018-19,2019-05-12,Burnley,Arsenal,A,1432.8481906670088,1556.9626223943383,-124.11443172732947,0.44356238639724643,0.24976949273680515,0.3066681208659484,A,0.3
2018-19,2019-05-12,Leicester City,Chelsea,D,1478.1738390329242,1574.6105476907903,-96.43670865786612,0.410511050823454,0.2566508132708146,0.3328381359057314,A,0.3
2018-19,2019-05-12,Liverpool,Wolverhampton Wanderers,H,1702.2781965183847,1474.9866419571338,227.2915545612509,0.1419489281824251,0.11612436574518102,0.7419267060723939,H,0.3
2018-19,2019-05-12,Manchester United,Cardiff City,A,1568.301083824985,1351.8165240766714,216.4845597483136,0.1483145127614849,0.12324336874281214,0.728442118495703,H,0.3
2018-19,2019-05-12,Southampton,Huddersfield Town,D,1420.65263308257,1296.4863873814263,124.16624570114368,0.20924918835007675,0.18669176019238182,0.6040590514575414,H,0.3
2018-19,2019-05-12,Watford,West Ham,A,1449.7524707999285,1454.8176925233745,-5.0652217234460295,0.3151634655134702,0.2524493504323702,0.43238718405415966,H,0.3
2019-20,2019-08-09,Liverpool,Norwich City,H,1643.8335317982685,1458.991959672334,184.8415721259346,0.16790014510924428,0.14478615307024412,0.6873137018205117,H,0.3
2019-20,2019-08-10,Burnley,Southampton,H,1447.042437165067,1441.0587845786729,5.983652586394101,0.30495974425390004,0.24917703773410127,0.4458632180119987,H,0.3
2019-20,2019-08-10,Crystal Palace,Everton,D,1486.6600299328115,1507.0309385525552,-20.37090861974366,0.3297330874411931,0.2560429131404966,0.41422399941831023,H,0.3
2019-20,2019-08-10,Bournemouth,Sheffield United,D,1452.663833198673,1420.0,32.663833198673046,0.2813250959405726,0.23908717927818723,0.4795877247812402,H,0.3
2019-20,2019-08-10,Watford,Brighton and Hove Albion,A,1453.6267579091034,1410.13895773846,43.48780017064337,0.27211283141412906,0.23418103613161934,0.4937061324542516,H,0.3
2019-20,2019-08-10,West Ham,Manchester City,A,1479.5723564172088,1670.0742628661758,-190.50190644896702,0.5298578950560338,0.22016246181383575,0.2499796431301305,A,0.3
2019-20,2019-08-10,Tottenham,Aston Villa,H,1562.7759570522269,1438.798220341689,123.97773671053778,0.20938528893064443,0.18681832767460935,0.6037963833947462,H,0.3
2019-20,2019-08-11,Leicester City,Wolverhampton Wanderers,D,1485.4531206980082,1480.2518551345943,5.201265563413926,0.3056739357516739,0.2494269176078243,0.4448991466405018,H,0.3
2019-20,2019-08-11,Manchester United,Chelsea,H,1536.1768102581314,1551.495950008592,-15.319139750460636,0.32486681207681256,0.2549801603751239,0.4201530275480636,H,0.3
2019-20,2019-08-11,Newcastle United,Arsenal,A,1471.347284314,1545.825131977876,-74.47784766387599,0.3856861050319441,0.2594683363333348,0.35484555863472106,A,0.3
2019-20,2019-08-17,Southampton,Liverpool,A,1429.8279815079131,1648.854933287469,-219.02695177955593,0.569072588685568,0.20310298392676085,0.2278244273876711,A,0.3
2019-20,2019-08-17,Everton,Watford,H,1508.1666345956398,1436.0989814346292,72.06765316101064,0.2487323039284917,0.2192803214687696,0.5319873746027387,H,0.3
2019-20,2019-08-17,Brighton and Hove Albion,West Ham,D,1427.6667342129342,1469.0006815559796,-41.33394734304534,0.35055865192652047,0.25911683933277785,0.3903245087407017,H,0.3
2019-20,2019-08-17,Norwich City,Newcastle United,H,1453.9705581831333,1464.9220026995558,-10.951444516422498,0.32070547309803893,0.25396281870482096,0.4253317081971401,H,0.3
2019-20,2019-08-17,Arsenal,Burnley,H,1552.2504135923202,1458.2732402358267,93.9771733564935,0.23166089148086716,0.20626231276568058,0.5620767957534522,H,0.3
2019-20,2019-08-17,Manchester City,Tottenham,D,1680.645937727405,1568.1317496357424,112.51418809166262,0.2177516710555686,0.19442479855372152,0.5878235303907099,H,0.3
2019-20,2019-08-17,Aston Villa,Bournemouth,A,1433.4424277581736,1450.0582439190418,-16.615816160868235,0.32611039500358097,0.25526466136091835,0.4186249436355006,H,0.3
2019-20,2019-08-18,Chelsea,Leicester City,D,1537.557062507375,1483.5982019145488,53.95886059282611,0.2633927399094237,0.2290314090216854,0.5075758510688909,H,0.3
2019-20,2019-08-18,Sheffield United,Crystal Palace,H,1422.6055892796312,1485.524333889727,-62.9187446100957,0.3731191367532766,0.2599783704483143,0.36690249279840914,A,0.3
2019-20,2019-08-19,Wolverhampton Wanderers,Manchester United,D,1482.1067739180537,1550.1156977593484,-68.00892384129475,0.3786108399301031,0.25983718826431185,0.3615519718055851,A,0.3
2019-20,2019-08-23,Aston Villa,Everton,H,1425.7083087630886,1512.4431884474257,-86.7348796843371,0.3993888176193681,0.25819151442369614,0.34241966795693574,A,0.3
2019-20,2019-08-24,Sheffield United,Leicester City,A,1429.4009464410842,1486.765427065052,-57.36448062396789,0.36720211998474744,0.25998236436552485,0.37281551564972776,H,0.3
2019-20,2019-08-24,Watford,West Ham,A,1431.8224275828434,1469.5374174264286,-37.71498984358527,0.34688883260475817,0.2587420992838011,0.39436906811144073,H,0.3
2019-20,2019-08-24,Norwich City,Chelsea,A,1463.369172389785,1534.3898373568716,-71.02066496708653,0.3818914600629878,0.25969180083233495,0.35841673910467725,A,0.3
2019-20,2019-08-24,Brighton and Hove Albion,Southampton,A,1427.1299983424851,1426.2235604592272,0.9064378832579223,0.3096168802125213,0.25074967366215745,0.4396334461253212,H,0.3
2019-20,2019-08-24,Liverpool,Arsenal,H,1652.459354336155,1556.1307087994398,96.32864553671516,0.2298699394535804,0.20479776589321372,0.5653322946532059,H,0.3
2019-20,2019-08-24,Manchester United,Crystal Palace,A,1549.8852232224758,1478.728976728274,71.15624649420192,0.24945791278748838,0.21979465644332513,0.5307474307691865,H,0.3
2019-20,2019-08-25,Bournemouth,Manchester City,A,1457.792362914127,1676.0520542678505,-218.2596913537236,0.5680085665536706,0.20358640688853746,0.22840502655779188,A,0.3
2019-20,2019-08-25,Tottenham,Newcastle United,A,1572.7256330952969,1455.5233884929041,117.20224460239274,0.21430877303766965,0.19133671850651995,0.5943545084558104,H,0.3
2019-20,2019-08-25,Wolverhampton Wanderers,Burnley,D,1482.3372484549263,1454.3929450287071,27.94430342621922,0.2854075458580556,0.2410856655894948,0.47350678855244954,H,0.3
2019-20,2019-08-31,Southampton,Manchester United,D,1439.110783128847,1540.7501905573595,-101.63940742851241,0.4165755790941382,0.25563473196123726,0.3277896889446244,A,0.3
2019-20,2019-08-31,West Ham,Norwich City,H,1481.0302178958934,1456.8673848123829,24.162833083510577,0.2887082108521479,0.24262280002403044,0.46866898912382166,H,0.3
2019-20,2019-08-31,Newcastle United,Watford,D,1465.1970755657044,1420.3296271133786,44.86744845232579,0.27095329706000115,0.23352456570907237,0.49552213723092653,H,0.3
2019-20,2019-08-31,Manchester City,Brighton and Hove Albion,H,1681.7847802767951,1414.2427756728653,267.54200460392985,0.11858428266930995,0.1,0.78141571733069,H,0.3
2019-20,2019-08-31,Burnley,Liverpool,A,1456.8714756634,1658.5444537177632,-201.67297805436328,0.5451173072329145,0.21372144303902638,0.24116124972805908,A,0.3
2019-20,2019-08-31,Chelsea,Sheffield United,D,1540.8916249342738,1422.5943757557916,118.29724917848216,0.21350888939552365,0.1906107328140248,0.5958803777904517,H,0.3
2019-20,2019-08-31,Leicester City,Bournemouth,H,1493.5719977503447,1452.0596369051823,41.51236084516245,0.2737788038712206,0.23510899495967016,0.4911122011691092,H,0.3
2019-20,2019-08-31,Crystal Palace,Aston Villa,H,1487.8640093933902,1437.0894396262881,50.77456976710209,0.2660251344982083,0.23063758786033672,0.503337277641455,H,0.3
2019-20,2019-09-01,Arsenal,Tottenham,D,1550.0456094178317,1563.0519460224966,-13.006336604664966,0.32265801847290165,0.2544527553950979,0.4228892261320004,H,0.3
2019-20,2019-09-01,Everton,Wolverhampton Wanderers,H,1501.062057584226,1479.8587178202336,21.203339763992517,0.29131014092198904,0.24378514198923062,0.46490471708878034,H,0.3
2019-20,2019-09-14,Tottenham,Crystal Palace,H,1564.3963438240366,1492.549314147091,71.84702967694557,0.2489078352176943,0.219405042149383,0.5316871226329227,H,0.3
2019-20,2019-09-14,Wolverhampton Wanderers,Chelsea,A,1474.5693932573322,1536.1674272719508,-61.598034014618634,0.37170506418954924,0.25999351604466825,0.3683014197657825,A,0.3
2019-20,2019-09-14,Norwich City,Manchester City,H,1448.5826720013324,1685.5661310927492,-236.98345909141676,0.5940496470714208,0.1914815664338616,0.21446878649471748,A,0.3
2019-20,2019-09-14,Sheffield United,Southampton,A,1427.3185734181145,1440.3035562734544,-12.984982855339922,0.322637680352323,0.2544477671815006,0.4229145524661764,H,0.3
2019-20,2019-09-14,Brighton and Hove Albion,Burnley,D,1410.4614248569112,1449.0816927422736,-38.62026788536241,0.34780385947100595,0.25884199890805104,0.393354141620943,H,0.3
2019-20,2019-09-14,Manchester United,Leicester City,H,1539.557417412752,1501.290912757209,38.26650465554303,0.276530900205112,0.23660255926945456,0.4868665405254335,H,0.3
2019-20,2019-09-14,Liverpool,Newcastle United,H,1666.3342366388895,1462.267185968151,204.06705067073858,0.15583392802451945,0.13159260931453956,0.712573462660941,H,0.3
2019-20,2019-09-15,Bournemouth,Everton,H,1444.340721898318,1506.3513821471274,-62.01066024880947,0.3721463818953748,0.2599897353959314,0.36786388270869375,A,0.3
2019-20,2019-09-15,Watford,Arsenal,D,1423.259516710932,1548.7012116162916,-125.44169490535955,0.44519525073673316,0.2493504195802091,0.3054543296830577,A,0.3
2019-20,2019-09-16,Aston Villa,West Ham,D,1432.4041348725873,1489.3149307069439,-56.91079583435658,0.3667222593806633,0.2599757703925542,0.37330197022678246,H,0.3
2019-20,2019-09-20,Southampton,Bournemouth,A,1448.1211703076801,1455.0875063655474,-6.966336057867238,0.31694520064506987,0.2529558915638601,0.43009890779107,H,0.3
2019-20,2019-09-21,Newcastle United,Brighton and Hove Albion,D,1458.6589987826023,1409.8468422431793,48.812156539423086,0.26765581157053553,0.23161020248894212,0.5007339859405223,H,0.3
2019-20,2019-09-21,Burnley,Norwich City,H,1449.6962753560056,1457.7778125608236,-8.081537204818005,0.3179940024502363,0.253245184290745,0.42876081325901866,H,0.3
2019-20,2019-09-21,Leicester City,Tottenham,H,1496.3550927994459,1574.3357547109126,-77.98066191146677,0.38956233662820966,0.25918040494393624,0.3512572584278541,A,0.3
2019-20,2019-09-21,Everton,Sheffield United,A,1495.604597679898,1419.5009593838888,76.1036382960092,0.24553424066516485,0.21697480415191775,0.5374909551829175,H,0.3
2019-20,2019-09-21,Manchester City,Watford,H,1676.370990533258,1425.121116646491,251.2498738867671,0.12844249357763615,0.1009496842538905,0.7706078221684733,H,0.3
2019-20,2019-09-22,Arsenal,Aston Villa,H,1546.8396116807328,1432.3152227723765,114.52438890835629,0.21627173442182493,0.1931047485345957,0.5906235170435794,H,0.3
2019-20,2019-09-22,Chelsea,Liverpool,A,1549.5907670443592,1669.942423824438,-120.35165678007888,0.4389565399268998,0.250914457829654,0.3101290022434462,A,0.3
2019-20,2019-09-22,Crystal Palace,Wolverhampton Wanderers,D,1482.609903260215,1461.1460534849239,21.463849775291237,0.29108043872427164,0.24368427668611597,0.46523528458961233,H,0.3
2019-20,2019-09-22,West Ham,Manchester United,H,1489.4038428071547,1544.4932373705153,-55.089394563360656,0.36480099784197895,0.25993878013927835,0.37526022201874276,H,0.3
2019-20,2019-09-28,Tottenham,Southampton,H,1567.29543136863,1435.5109255806724,131.78450578795764,0.20378865445533367,0.1815424082745102,0.6146689372701561,H,0.3
2019-20,2019-09-28,Chelsea,Brighton and Hove Albion,H,1544.1490582691574,1412.8801747408902,131.26888352826722,0.20415579507026066,0.18189290826256857,0.6139512966671707,H,0.3
2019-20,2019-09-28,Crystal Palace,Norwich City,H,1480.3072293834607,1448.4555158910398,31.851713492420913,0.2820246974205037,0.23943730752530476,0.47853799505419153,H,0.3
2019-20,2019-09-28,Aston Villa,Burnley,D,1428.7833993730758,1459.0185720257894,-30.235172652713572,0.33940357527158843,0.2577602333924244,0.4028361913359872,H,0.3
2019-20,2019-09-28,Bournemouth,West Ham,D,1467.697751092555,1499.970113606566,-32.272362514010865,0.34142905454175826,0.25805522304769346,0.4005157224105483,H,0.3
2019-20,2019-09-28,Everton,Manchester City,A,1481.0265112862867,1682.0056058416565,-200.97909455536978,0.5441652502840275,0.21413117783367322,0.24170357188229927,A,0.3
2019-20,2019-09-28,Sheffield United,Liverpool,A,1434.0790457775001,1675.3841325996398,-241.30508682213963,0.6000720171551921,0.18860795562519714,0.21132002721961074,A,0.3
2019-20,2019-09-28,Wolverhampton Wanderers,Watford,H,1463.4487273616783,1419.4865013380925,43.9622260235858,0.27171372904846036,0.2339560659713402,0.4943302049801994,H,0.3
2019-20,2019-09-29,Leicester City,Newcastle United,H,1503.3954161417284,1455.6256662848914,47.76974985683705,0.2685246292477736,0.23212140847663068,0.49935396227559575,H,0.3
2019-20,2019-09-30,Manchester United,Arsenal,D,1533.926966571104,1550.3714350800335,-16.444468508929504,0.32594584732938064,0.25522752874713334,0.4188266239234861,H,0.3
2019-20,2019-10-05,Brighton and Hove Albion,Tottenham,H,1407.7058186027805,1570.5520998107054,-162.8462812079249,0.4928629409578395,0.23448394567684036,0.2726531133653201,A,0.3
2019-20,2019-10-05,Liverpool,Leicester City,H,1678.63774634599,1515.6605453754346,162.9772009705555,0.18223463481635466,0.15999557534771638,0.6577697898359289,H,0.3
2019-20,2019-10-05,Burnley,Everton,H,1459.8731828795612,1474.8343571332773,-14.96117425371608,0.32452416599202694,0.2549002013956285,0.42057563261234454,H,0.3
2019-20,2019-10-05,West Ham,Crystal Palace,A,1500.7664891550469,1488.3384936483988,12.42799550664813,0.29912428769939764,0.24701596581488094,0.4538597464857214,H,0.3
2019-20,2019-10-05,Watford,Sheffield United,D,1411.8456897263113,1430.8254320311498,-18.97974230483851,0.32838725274795505,0.2557625281103044,0.41585021914174053,H,0.3
2019-20,2019-10-05,Norwich City,Aston Villa,A,1440.4242516261017,1427.928788519304,12.495463106797843,0.29906363488872406,0.2469923806842332,0.4539439844270427,H,0.3
2019-20,2019-10-06,Arsenal,Bournemouth,H,1551.6185377882991,1466.9013755440742,84.71716224422494,0.23879034649527472,0.21190956204573133,0.5493000914589939,H,0.3
2019-20,2019-10-06,Manchester City,Wolverhampton Wanderers,A,1688.1977599946658,1471.0895389734594,217.10822102120642,0.14794261407284917,0.12282853806544397,0.7292288478617069,H,0.3
2019-20,2019-10-06,Newcastle United,Manchester United,H,1443.3605370511852,1532.6798638628384,-89.31932681165313,0.40232782314655224,0.25782649943450126,0.3398456774189466,A,0.3
2019-20,2019-10-06,Southampton,Chelsea,A,1432.254257138597,1549.3234144072671,-117.0691572686701,0.4349669805655362,0.25186067992620087,0.31317233950826295,A,0.3
2019-20,2019-10-19,Wolverhampton Wanderers,Southampton,D,1487.7152558498174,1421.2345499971618,66.48070585265555,0.2532003713382326,0.22239549921611207,0.5244041294456553,H,0.3
2019-20,2019-10-19,Leicester City,Burnley,H,1512.8604814055452,1465.8703287999535,46.990152605591675,0.26917559935887225,0.23250124246746115,0.49832315817366657,H,0.3
2019-20,2019-10-19,Tottenham,Watford,D,1553.9315829419827,1410.6704873252322,143.26109561675048,0.19570833058667184,0.17367992979241245,0.6306117396209158,H,0.3
2019-20,2019-10-19,Everton,West Ham,H,1468.837211212885,1492.4575631636365,-23.620351950751456,0.33289384818748674,0.25666122725333335,0.41044492455917997,H,0.3
2019-20,2019-10-19,Bournemouth,Norwich City,D,1462.856674742748,1421.1291349164867,41.72753982626136,0.2735970068319909,0.2350086061341769,0.49139438703383215,H,0.3
2019-20,2019-10-19,Chelsea,Newcastle United,H,1560.3431215487024,1450.5823525095561,109.76076903914623,0.219787704237694,0.1962224238086056,0.5839898719537003,H,0.3
2019-20,2019-10-19,Aston Villa,Brighton and Hove Albion,H,1447.223905228919,1424.3263354715032,22.897569757415795,0.2898185779117438,0.24312414239834856,0.4670572796899076,H,0.3
2019-20,2019-10-19,Crystal Palace,Manchester City,A,1496.6474196398092,1671.5720431183079,-174.9246234784987,0.5088647998137277,0.228537540447753,0.26259765973851934,A,0.3
2019-20,2019-10-20,Manchester United,Liverpool,D,1525.4580484044675,1681.4378103158795,-155.97976191141197,0.48388797094306263,0.23763112429851435,0.2784809047584231,A,0.3
2019-20,2019-10-21,Sheffield United,Arsenal,H,1432.000634432229,1555.6632385896253,-123.66260415739634,0.44300750020141494,0.24991035264646244,0.3070821471521226,A,0.3
2019-20,2019-10-25,Southampton,Leicester City,A,1424.7222324608567,1517.620788559707,-92.89855609885035,0.4064266698560783,0.2572664063702514,0.3363069237736703,A,0.3
2019-20,2019-10-26,Watford,Bournemouth,D,1415.9336223344665,1460.0096181359904,-44.07599580152396,0.3533604619715977,0.2593569565102461,0.38728258151815625,H,0.3
2019-20,2019-10-26,Manchester City,Aston Villa,H,1678.500289961355,1452.4775445649868,226.02274539636824,0.14268758714418947,0.11695222395059475,0.7403601889052157,H,0.3
2019-20,2019-10-26,West Ham,Sheffield United,D,1482.7221256867963,1439.7524418781888,42.96968380860744,0.27254912966871836,0.23442579394260074,0.49302507638868087,H,0.3
2019-20,2019-10-26,Brighton and Hove Albion,Everton,H,1419.0726961354353,1478.5726486897252,-59.49995255428985,0.36946779402362406,0.2599993651146768,0.37053284086169913,H,0.3
2019-20,2019-10-26,Burnley,Chelsea,A,1461.1100216457917,1563.9537154438178,-102.84369379802615,0.41798926606310016,0.25538086640127805,0.32662986753562184,A,0.3
2019-20,2019-10-27,Arsenal,Crystal Palace,D,1547.9114311436654,1489.719172796762,58.19225834690337,0.25991878773440624,0.22684378576239234,0.5132374265032014,H,0.3
2019-20,2019-10-27,Liverpool,Tottenham,H,1678.7434838194622,1548.6684479327484,130.07503588671375,0.20500721374269895,0.18270339764164711,0.612289388615654,H,0.3
2019-20,2019-10-27,Newcastle United,Wolverhampton Wanderers,D,1446.9717586144407,1484.2275733861225,-37.2558147716818,0.3464254683028249,0.25868986017187334,0.39488467152530177,H,0.3
2019-20,2019-10-27,Norwich City,Manchester United,A,1423.9761915232443,1528.1523749008848,-104.17618337764043,0.4195577743934635,0.2550918484472191,0.3253503771593174,A,0.3
2019-20,2019-11-02,Watford,Chelsea,A,1415.4756133131878,1573.1614835058115,-157.68587019262372,0.48610924895768937,0.23686559461845424,0.2770251564238564,A,0.3
2019-20,2019-11-02,West Ham,Newcastle United,A,1479.8422487921007,1446.3180618602898,33.524186931810846,0.28058524316219646,0.2387134600296438,0.48070129680815976,H,0.3
2019-20,2019-11-02,Manchester City,Southampton,H,1682.562994673682,1404.7150346737337,277.8479599999482,0.11260842031134514,0.1,0.7873915796886549,H,0.3
2019-20,2019-11-02,Sheffield United,Burnley,H,1442.6323187728844,1451.902253583798,-9.269934810913583,0.31911461306994465,0.25354705045916043,0.427338336470895,H,0.3
2019-20,2019-11-02,Bournemouth,Manchester United,H,1460.4676271572691,1537.315213432574,-76.84758627530482,0.3883049954210197,0.25928030746007075,0.3524146971189096,A,0.3
2019-20,2019-11-02,Aston Villa,Liverpool,A,1448.41483985266,1682.026686398838,-233.61184654617796,0.58935234693768,0.19370477322126695,0.21694287984105315,A,0.3
2019-20,2019-11-02,Brighton and Hove Albion,Norwich City,H,1425.8119264108357,1414.8133529915551,10.998573419280547,0.3004114539040908,0.24751101687315244,0.45207752922275674,H,0.3
2019-20,2019-11-02,Arsenal,Wolverhampton Wanderers,D,1544.6350086807277,1484.8812701402733,59.75373854045438,0.2586447437542943,0.22602219763611384,0.5153330586095919,H,0.3
2019-20,2019-11-03,Crystal Palace,Leicester City,A,1492.9955952596997,1537.62798634683,-44.63239108713037,0.3539312307384504,0.259401057289042,0.38666771197250766,H,0.3
2019-20,2019-11-03,Everton,Tottenham,D,1471.8334184143248,1545.3852453533727,-73.55182693904794,0.38466666843182634,0.25953411396251647,0.3557992176056572,A,0.3
2019-20,2019-11-08,Norwich City,Watford,A,1406.0851465876176,1410.7798048770458,-4.694658289428162,0.3148170752747767,0.2523486596035386,0.4328342651216847,H,0.3
2019-20,2019-11-09,Southampton,Everton,A,1403.174995246389,1472.2232736577669,-69.04827841137785,0.37974034829493325,0.2597922066242209,0.3604674450808459,A,0.3
2019-20,2019-11-09,Chelsea,Crystal Palace,H,1577.8572919419535,1481.7519606358499,96.10533130610361,0.23003968664174937,0.20493735382650557,0.5650229595317451,H,0.3
2019-20,2019-11-09,Burnley,West Ham,H,1440.0989492667138,1471.220117728846,-31.12116846213212,0.34028327284600274,0.25789105481641034,0.40182567233758687,H,0.3
2019-20,2019-11-09,Leicester City,Arsenal,H,1548.87162097068,1541.318527070127,7.5530939005529945,0.30353086693882064,0.24866757833085418,0.4478015547303252,H,0.3
2019-20,2019-11-09,Newcastle United,Bournemouth,H,1454.9401929235446,1467.489666602729,-12.549473679184302,0.32222310495064865,0.254345559817883,0.42343133523146836,H,0.3
2019-20,2019-11-09,Tottenham,Sheffield United,D,1544.9953901099307,1454.4356230899687,90.55976701996201,0.23427768512547217,0.20836931666000136,0.5573529982145264,H,0.3
2019-20,2019-11-10,Manchester United,Brighton and Hove Albion,H,1530.2931739871142,1434.5401328147732,95.753041172341,0.2303076148966892,0.2051573484431433,0.5645350366601676,H,0.3
2019-20,2019-11-10,Wolverhampton Wanderers,Aston Villa,H,1488.197751750874,1445.0429130466523,43.154838704221675,0.2723931603683211,0.23433843862002357,0.4932684010116553,H,0.3
2019-20,2019-11-10,Liverpool,Manchester City,H,1685.3986132048456,1684.1030341010267,1.295579103818909,0.3092580452125338,0.25063325430604244,0.44010870048142375,H,0.3
2019-20,2019-11-23,Bournemouth,Wolverhampton Wanderers,A,1461.532987329577,1493.0347757101435,-31.501788380566495,0.34066175624568223,0.25794606110072693,0.40139218265359083,H,0.3
2019-20,2019-11-23,Crystal Palace,Liverpool,A,1475.660706214598,1694.4610576528219,-218.80035143822397,0.568758305868369,0.20324588018026743,0.22799581395136365,A,0.3
2019-20,2019-11-23,Brighton and Hove Albion,Leicester City,A,1428.439159927185,1557.7178199489629,-129.2786600217778,0.44993952059957754,0.2480948652411328,0.3019656141592897,A,0.3
2019-20,2019-11-23,Arsenal,Southampton,D,1532.472328091844,1396.6294354278964,135.84289266394762,0.2009112863406914,0.17877473801611207,0.6203139756431965,H,0.3
2019-20,2019-11-23,Everton,Norwich City,A,1478.7688334762595,1393.391944422803,85.37688905345658,0.2382783168762563,0.2115138786973071,0.5502078044264366,H,0.3
2019-20,2019-11-23,West Ham,Tottenham,A,1458.6841486806343,1540.9142532883266,-82.23010460769228,0.3943074517865703,0.2587482751241043,0.3469442730893254,A,0.3
2019-20,2019-11-23,Manchester City,Chelsea,H,1675.0405896530503,1583.9485463632054,91.09204328984492,0.2338690124661334,0.20804285182258334,0.5580881357112834,H,0.3
2019-20,2019-11-23,Watford,Burnley,A,1423.4730070418605,1452.6349183149255,-29.161911273065016,0.3383404196396851,0.25759656038497136,0.40406301997534355,H,0.3
2019-20,2019-11-24,Sheffield United,Manchester United,D,1458.5167599115728,1536.3941468747023,-77.87738696312954,0.38944759771661575,0.2591897782263353,0.35136262405704904,A,0.3
2019-20,2019-11-25,Aston Villa,Newcastle United,H,1440.2058890873827,1460.8968721966964,-20.69098310931372,0.3300433547762019,0.25610609671022877,0.41385054851356934,H,0.3
2019-20,2019-11-30,Chelsea,West Ham,A,1580.017514181843,1452.429358958235,127.58815522360783,0.20678688657540803,0.18438684464009591,0.6088262687844961,H,0.3
2019-20,2019-11-30,Southampton,Watford,H,1401.7364713255663,1408.5802313142713,-6.84375998870496,0.316830086867856,0.2529237396996885,0.43024617343245547,H,0.3
2019-20,2019-11-30,Tottenham,Bournemouth,H,1547.1690430107258,1454.1400958080474,93.02894720267841,0.23238530499886365,0.2068495267105916,0.5607651682905447,H,0.3
2019-20,2019-11-30,Liverpool,Brighton and Hove Albion,H,1698.0691751358445,1420.1048408793083,277.9643342565362,0.11254243873733275,0.1,0.7874575612626673,H,0.3
2019-20,2019-11-30,Burnley,Crystal Palace,A,1467.5276940425147,1472.0525887315753,-4.524894689060602,0.31465848413058706,0.25230231823489396,0.4330391976345189,H,0.3
2019-20,2019-11-30,Newcastle United,Manchester City,D,1451.2392770964043,1678.9716218344129,-227.73234473800858,0.5811671014810952,0.19753863298072455,0.22129426553818035,A,0.3
2019-20,2019-12-01,Leicester City,Everton,H,1566.0521389968396,1464.009321738513,102.04281725832652,0.22555024082909172,0.20119147652463748,0.5732582826462709,H,0.3
2019-20,2019-12-01,Manchester United,Aston Villa,D,1535.8800479524657,1449.8634841876749,86.01656376479082,0.23778245475375143,0.21112921369543539,0.5510883315508132,H,0.3
2019-20,2019-12-01,Norwich City,Arsenal,D,1408.1514561605493,1527.3652921941741,-119.21383603362483,0.43757061662132185,0.2512480331872401,0.31118135019143806,A,0.3
2019-20,2019-12-01,Wolverhampton Wanderers,Sheffield United,D,1500.4276672316732,1459.0308588338094,41.39680839786388,0.2738764631480869,0.23516283431244378,0.49096070253946933,H,0.3
2019-20,2019-12-03,Burnley,Manchester City,A,1454.8282912871662,1674.4870092320684,-219.65871794490226,0.5699489790766508,0.2027040432047532,0.22734697771859602,A,0.3
2019-20,2019-12-03,Crystal Palace,Bournemouth,H,1484.7519914869238,1450.2431741567445,34.50881733017923,0.2797401543260138,0.23828224714961752,0.48197759852436867,H,0.3
2019-20,2019-12-04,Wolverhampton Wanderers,West Ham,H,1497.5893606073314,1462.210311676174,35.37904893115751,0.2789946979043815,0.23789803293882497,0.4831072691567936,H,0.3
2019-20,2019-12-04,Manchester United,Tottenham,H,1531.9084738716872,1551.0659646620286,-19.1574907903414,0.3285589645424879,0.25579887440510546,0.4156421610524067,H,0.3
2019-20,2019-12-04,Southampton,Norwich City,H,1407.597421518633,1409.8394552848506,-2.2420337662176735,0.31253183053386935,0.2516662173758126,0.435801952090318,H,0.3
2019-20,2019-12-04,Liverpool,Everton,H,1699.6082399117759,1460.268514366699,239.33972554507682,0.13505143572149161,0.10837960431260311,0.7565689599659053,H,0.3
2019-20,2019-12-04,Chelsea,Aston Villa,H,1570.236561463904,1453.8350582684534,116.40150319545069,0.21489472729737197,0.19186651378166572,0.5932387589209622,H,0.3
2019-20,2019-12-04,Leicester City,Watford,H,1569.7929463686537,1402.7192811212046,167.07366524744907,0.17950005020059467,0.15714077908136145,0.6633591707180438,H,0.3
2019-20,2019-12-05,Arsenal,Brighton and Hove Albion,A,1525.6772930698728,1418.565776103377,107.11151696649586,0.22175649787018553,0.19794005987602323,0.5803034422537913,H,0.3
2019-20,2019-12-05,Sheffield United,Newcastle United,A,1461.8691654581512,1455.7238896987487,6.145275759402466,0.30481236471108936,0.24912507831120964,0.446062556977701,H,0.3
2019-20,2019-12-07,Bournemouth,Liverpool,A,1445.2306463204302,1703.3957609674972,-258.16511464706696,0.6235408648835048,0.17718444869017239,0.19927468642632284,A,0.3
2019-20,2019-12-07,Watford,Crystal Palace,D,1398.370226247962,1489.7645193232381,-91.39429307527621,0.40469998254977385,0.2575095006168029,0.3377905168334232,A,0.3
2019-20,2019-12-07,Everton,Chelsea,H,1456.4809933109777,1573.7376811413471,-117.2566878303694,0.4351941877943267,0.2518079531248194,0.3129978590808539,A,0.3
2019-20,2019-12-07,Tottenham,Burnley,H,1544.998419584835,1447.6400335303244,97.35838605451045,0.2290881144531887,0.20415275830665613,0.5667591272401552,H,0.3
2019-20,2019-12-07,Manchester City,Manchester United,A,1681.6752669889102,1537.976018948881,143.69924804002926,0.19540330226773056,0.17337776147887463,0.6312189362533948,H,0.3
2019-20,2019-12-08,Norwich City,Sheffield United,A,1404.0556722351762,1448.852756310522,-44.797084075345765,0.3541003241268035,0.2594138117017616,0.38648586417143493,H,0.3
2019-20,2019-12-08,Newcastle United,Southampton,H,1468.740298846378,1413.3812045683073,55.35909427807064,0.262240471816183,0.2283143532558692,0.5094451749279477,H,0.3
2019-20,2019-12-08,Brighton and Hove Albion,Wolverhampton Wanderers,D,1428.1301792042968,1505.5057804768567,-77.37560127255983,0.38889050477437165,0.25923455673591184,0.35187493848971657,A,0.3
2019-20,2019-12-08,Aston Villa,Leicester City,A,1450.3339385910103,1574.1420012418964,-123.80806265088609,0.4431860826144437,0.24986510517496835,0.306948812210588,A,0.3
2019-20,2019-12-09,West Ham,Arsenal,A,1454.2938918066486,1516.112889968953,-61.8189981623043,0.3719413388909802,0.2599915990017259,0.36806706210729395,A,0.3
2019-20,2019-12-14,Chelsea,Bournemouth,A,1561.603988659613,1439.2210302826213,122.38295837699161,0.21053860002964386,0.1878873045035427,0.6015740954668134,H,0.3
2019-20,2019-12-14,Leicester City,Norwich City,D,1584.8827477681689,1396.9654629647273,187.9172848034416,0.16593559406448521,0.14265900695924758,0.6914053989762672,H,0.3
2019-20,2019-12-14,Burnley,Newcastle United,H,1437.7618639599289,1473.3356820581469,-35.573818098218,0.3447324564314353,0.25848950267296317,0.3967780408956015,H,0.3
2019-20,2019-12-14,Sheffield United,Aston Villa,H,1455.9429655809708,1439.5931920647379,16.349773516232972,0.2956135509890997,0.24561247555362928,0.458773973457271,H,0.3
2019-20,2019-12-14,Southampton,West Ham,A,1408.7858213565385,1443.6639818433866,-34.878160486848174,0.344034226215076,0.2584025081880252,0.39756326559689875,H,0.3
2019-20,2019-12-14,Liverpool,Watford,H,1709.405377005306,1399.2713753639698,310.1340016413362,0.09553689586819271,0.1,0.8044631041318073,H,0.3
2019-20,2019-12-15,Manchester United,Everton,D,1547.9128794037322,1468.614685792712,79.29819361102022,0.2430202713033939,0.21511861484999448,0.5418611138466116,H,0.3
2019-20,2019-12-15,Wolverhampton Wanderers,Tottenham,A,1505.0060869959952,1554.8765891552305,-49.87050215923523,0.3593420936034312,0.25973960559031667,0.38091830080625205,H,0.3
2019-20,2019-12-15,Arsenal,Manchester City,A,1526.742799932215,1671.7384065340589,-144.99560660184397,0.4697317135292667,0.24228925571293985,0.2879790307577934,A,0.3
2019-20,2019-12-16,Crystal Palace,Brighton and Hove Albion,D,1488.8633702072302,1428.6298726851583,60.23349752207196,0.25825408329031885,0.22576820667441275,0.5159777100352684,H,0.3
2019-20,2019-12-21,Brighton and Hove Albion,Sheffield United,A,1431.9586384238776,1464.4894729213008,-32.53083449742326,0.34168674289865164,0.25809117896316147,0.4002220781381869,H,0.3
2019-20,2019-12-21,Aston Villa,Southampton,A,1431.046684724408,1401.4700136287277,29.57667109568024,0.28399091957390166,0.24040438700880826,0.47560469341729006,H,0.3
2019-20,2019-12-21,Manchester City,Leicester City,H,1681.6244728622123,1578.7536834964596,102.87078936575267,0.22492810366407737,0.2006636115151502,0.5744082848207724,H,0.3
2019-20,2019-12-21,Bournemouth,Burnley,A,1448.948886178646,1444.1042692866165,4.844616892029535,0.3059999138705109,0.24953991773630024,0.44446016839318886,H,0.3
2019-20,2019-12-21,Newcastle United,Crystal Palace,H,1466.9932767314592,1485.534604468511,-18.541327737051688,0.32796403338716734,0.2556722280009459,0.41636373861188675,H,0.3
2019-20,2019-12-21,Norwich City,Wolverhampton Wanderers,A,1403.0945272364365,1498.0307059024187,-94.9361786659822,0.40877491555938633,0.25691937724954267,0.3343057071910711,A,0.3
2019-20,2019-12-21,Everton,Arsenal,D,1472.422150821152,1516.8567336040614,-44.4345827829095,0.3537282253232085,0.2593855575017537,0.38688621717503785,H,0.3
2019-20,2019-12-22,Watford,Manchester United,H,1397.2271496855583,1544.1054143752922,-146.8782646897339,0.47213981346114087,0.2415248401557055,0.2863353463831536,A,0.3
2019-20,2019-12-22,Tottenham,Chelsea,A,1561.851970248807,1551.8761327635882,9.97583748521879,0.3013349106349288,0.24785975879901018,0.4508053305660611,H,0.3
2019-20,2019-12-26,Chelsea,Southampton,A,1564.9860461173826,1415.0449687163532,149.94107740102936,0.19108555683670478,0.16906093453787446,0.6398535086254208,H,0.3
2019-20,2019-12-26,Manchester United,Newcastle United,H,1531.284003194133,1473.0504864373577,58.233516756775316,0.259885073738066,0.22682217781308883,0.5132927484488452,H,0.3
2019-20,2019-12-26,Leicester City,Liverpool,A,1572.8470272612474,1711.4496026837176,-138.60257542247018,0.4616129230351451,0.24477661929226982,0.2936104576725851,A,0.3
2019-20,2019-12-26,Sheffield United,Watford,D,1471.8588567950817,1410.0485608667175,61.81029592836421,0.2569727059175788,0.22492831384528975,0.5180989802371314,H,0.3
2019-20,2019-12-26,Aston Villa,Norwich City,H,1417.4717296367824,1397.1157086011062,20.35602103567612,0.2920581514823184,0.24411126131183908,0.4638305872058426,H,0.3
2019-20,2019-12-26,Everton,Burnley,H,1471.974441595553,1452.296560818121,19.677880777431938,0.29265780129445945,0.2443701121266424,0.46297208657889816,H,0.3
2019-20,2019-12-26,Bournemouth,Arsenal,D,1440.7565946471416,1517.3044428296605,-76.54784818251892,0.3879729406387013,0.259305654067628,0.35272140529367074,A,0.3
2019-20,2019-12-26,Tottenham,Brighton and Hove Albion,H,1548.7420568950126,1424.5892545500967,124.15280234491593,0.20925889266961936,0.1867007876941073,0.6040403196362732,H,0.3
2019-20,2019-12-26,Crystal Palace,West Ham,H,1479.4773947626124,1450.9797895711974,28.497605191415005,0.2849268214957449,0.24085593002666483,0.4742172484775903,H,0.3
2019-20,2019-12-27,Wolverhampton Wanderers,Manchester City,H,1504.009524537749,1687.5311290974246,-183.52160455967555,0.5204055183347459,0.2240079987650783,0.2555864829001759,A,0.3
2019-20,2019-12-28,Norwich City,Tottenham,D,1391.8084899817434,1552.1184035594456,-160.30991357770222,0.48953696359647175,0.23566684715847191,0.2747961892450562,A,0.3
2019-20,2019-12-28,Southampton,Crystal Palace,D,1430.8848358625185,1484.6139870489276,-53.729151186409126,0.36337162429036224,0.25990017423064476,0.37672820147899294,H,0.3
2019-20,2019-12-28,Newcastle United,Everton,A,1463.9714191885284,1477.2960040226276,-13.324584834099142,0.32296124980654334,0.2545268408004842,0.4225119093929725,H,0.3
2019-20,2019-12-28,Watford,Aston Villa,H,1413.4176205160907,1422.7789482561452,-9.361327740054548,0.3192009202148942,0.2535699905369437,0.42722908924816205,H,0.3
2019-20,2019-12-28,Brighton and Hove Albion,Bournemouth,H,1421.2129078856638,1441.2325201829394,-20.01961229727567,0.32939282334306647,0.2559729946755467,0.41463418198138685,H,0.3
2019-20,2019-12-28,West Ham,Leicester City,A,1445.8431972848823,1561.074584875418,-115.23138759053563,0.43274501284678,0.2523688055355771,0.3148861816176429,A,0.3
2019-20,2019-12-28,Burnley,Manchester United,A,1446.9749983910463,1540.3630704429622,-93.38807205191597,0.40698982975804127,0.2571848970833233,0.3358252731586355,A,0.3
2019-20,2019-12-29,Arsenal,Chelsea,A,1516.8285172938627,1549.1461789712173,-32.317661677354636,0.3414742049159353,0.2580615485666432,0.4004642465174215,H,0.3
2019-20,2019-12-29,Liverpool,Wolverhampton Wanderers,H,1723.222045069547,1512.5906389647555,210.6314061047915,0.15183176474991725,0.1271584561019089,0.7210097791481739,H,0.3
2019-20,2019-12-29,Manchester City,Sheffield United,H,1678.950014670418,1468.4897971457085,210.4602175247096,0.15193536486858145,0.12727353278392836,0.7207911023474901,H,0.3
2019-20,2020-01-01,West Ham,Bournemouth,H,1440.2950251756145,1431.5927706124858,8.70225456312869,0.3024877997503041,0.2482876326413764,0.44922456760831947,H,0.3
2019-20,2020-01-01,Watford,Wolverhampton Wanderers,H,1425.223991577518,1510.3898694665181,-85.16587788900006,0.3976130162402452,0.25839691981627283,0.343990063943482,A,0.3
2019-20,2020-01-01,Southampton,Tottenham,H,1430.7043659215244,1549.3088855691153,-118.6045196475909,0.4368297506369652,0.2514242351619366,0.3117460142010981,A,0.3
2019-20,2020-01-01,Norwich City,Crystal Palace,D,1394.6180079720737,1484.7944569899216,-90.17644901784797,0.40330635693987105,0.25769813392770086,0.338995509132428,A,0.3
2019-20,2020-01-01,Manchester City,Everton,H,1682.441240057067,1485.1058051186744,197.3354349383926,0.16000067101561893,0.1361812937686025,0.7038180352157786,H,0.3
2019-20,2020-01-01,Burnley,Aston Villa,A,1437.445890786983,1410.9725771947178,26.473313592265185,0.2866883379234012,0.24169047095508048,0.47162119112151835,H,0.3
2019-20,2020-01-01,Brighton and Hove Albion,Chelsea,D,1430.8526574561174,1556.5204315927333,-125.66777413661589,0.4454738090979067,0.24927825202082454,0.30524793888126883,A,0.3
2019-20,2020-01-01,Arsenal,Manchester United,H,1509.4542646723467,1549.8921780470255,-40.43791337467883,0.34964706592789835,0.2590301769393997,0.391322757132702,H,0.3
2019-20,2020-01-01,Newcastle United,Leicester City,A,1456.1616180924816,1566.6227569846858,-110.46113889220419,0.4270169336437647,0.253614439977129,0.31936862637910635,A,0.3
2019-20,2020-01-02,Liverpool,Sheffield United,H,1725.4228145677844,1464.9985717590596,260.4242428087248,0.12286687534522388,0.1,0.7771331246547761,H,0.3
2019-20,2020-01-10,Sheffield United,West Ham,H,1462.316444154965,1453.1966942164677,9.119749938497307,0.3021095094317427,0.24814815539983553,0.4497423351684218,H,0.3
2019-20,2020-01-11,Tottenham,Liverpool,A,1541.6330103628438,1728.104942171879,-186.47193180903514,0.524392254356057,0.22240031946813127,0.2532074261758118,A,0.3
2019-20,2020-01-11,Manchester United,Norwich City,H,1539.7111043117256,1395.4843785249018,144.22672578682386,0.19503642585495018,0.1730138273981614,0.6319497467468884,H,0.3
2019-20,2020-01-11,Leicester City,Southampton,A,1577.9191160037387,1438.380241127796,139.53887487594284,0.19830988864389346,0.1762416076703996,0.6254485036857069,H,0.3
2019-20,2020-01-11,Wolverhampton Wanderers,Newcastle United,D,1503.234213122927,1444.8652590734287,58.36895404949837,0.25977442145259144,0.22675120775720786,0.5134743707902008,H,0.3
2019-20,2020-01-11,Chelsea,Burnley,H,1554.6525508420543,1428.9265215603868,125.72602928166748,0.2081248738989245,0.185642841313485,0.6062322847875905,H,0.3
2019-20,2020-01-11,Everton,Brighton and Hove Albion,H,1482.749407732947,1432.7205382067964,50.02886952615063,0.26664402011746396,0.23100873785159523,0.5023472420309407,H,0.3
2019-20,2020-01-11,Crystal Palace,Arsenal,D,1483.9280864370935,1519.6353384076465,-35.70725197055299,0.3448665161917856,0.2585059131259885,0.3966275706822259,H,0.3
2019-20,2020-01-12,Aston Villa,Manchester City,A,1419.491946421314,1684.7976374427944,-265.30569102148047,0.6334440226384468,0.1722688554716231,0.19428712188993008,A,0.3
2019-20,2020-01-12,Bournemouth,Watford,A,1418.6911015716325,1432.3796479211092,-13.68854634947661,0.3233083125368589,0.25461097692213586,0.42208071054100527,H,0.3
2019-20,2020-01-18,West Ham,Everton,D,1447.6492747611471,1487.4494362225291,-39.800161461382004,0.3489994334685527,0.25896603888135844,0.3920345276500889,H,0.3
2019-20,2020-01-18,Southampton,Wolverhampton Wanderers,A,1448.2780617126427,1499.953251653828,-51.67518994118518,0.3612220712144572,0.25982409624721836,0.37895383253832443,H,0.3
2019-20,2020-01-18,Norwich City,Bournemouth,H,1388.360036306771,1403.0882446049159,-14.728208298144864,0.32430132353945734,0.25484783449400317,0.4208508419665395,H,0.3
2019-20,2020-01-18,Watford,Tottenham,D,1447.9825048878258,1537.4715844044454,-89.48907951661954,0.40252147016775824,0.2578013653807217,0.33967716445152013,A,0.3
2019-20,2020-01-18,Manchester City,Crystal Palace,D,1692.303771645918,1483.2300221449202,209.0737495009978,0.15277595302737926,0.12820668834597782,0.719017358626643,H,0.3
2019-20,2020-01-18,Brighton and Hove Albion,Aston Villa,D,1428.0205097172143,1411.9858122181904,16.034697499023878,0.295894489099207,0.24572766384685316,0.4583778470539398,H,0.3
2019-20,2020-01-18,Arsenal,Sheffield United,D,1520.3334026998198,1467.8638636102855,52.46953908953424,0.26462184979805736,0.2297869008185139,0.5055912493834287,H,0.3
2019-20,2020-01-18,Newcastle United,Chelsea,H,1448.1462205425278,1561.3553876980877,-113.20916715555995,0.4303097729425369,0.25290983516151516,0.31678039189594803,A,0.3
2019-20,2020-01-19,Burnley,Leicester City,H,1422.2236847043534,1568.021295418892,-145.79761071453845,0.47075660916167894,0.24196537060759613,0.28727802023072496,A,0.3
2019-20,2020-01-19,Liverpool,Manchester United,H,1732.2663681302774,1546.8354465298564,185.43092160042102,0.1675227094689175,0.14437818617666284,0.6880991043544197,H,0.3
2019-20,2020-01-21,Bournemouth,Brighton and Hove Albion,H,1397.0950075833773,1425.8663360830146,-28.77132849963732,0.3379541861442884,0.2575355841144642,0.4045102297412474,H,0.3
2019-20,2020-01-21,Aston Villa,Watford,H,1414.13998585239,1448.8292365144405,-34.689250662050426,0.3438448176235391,0.25837846775020407,0.3977767146262568,H,0.3
2019-20,2020-01-21,Chelsea,Arsenal,D,1553.7613731758572,1517.204795826716,36.55657734914121,0.2779881556227389,0.23737354113910314,0.484638303238158,H,0.3
2019-20,2020-01-21,Crystal Palace,Southampton,A,1489.7251557738414,1441.3434243372933,48.38173143654808,0.26801433770109356,0.23182174671694536,0.500163915581961,H,0.3
2019-20,2020-01-21,Sheffield United,Manchester City,A,1470.9924704833893,1685.8086380169968,-214.81616753360754,0.5632378879834009,0.20574112102530412,0.23102099099129492,A,0.3
2019-20,2020-01-21,Everton,Newcastle United,D,1488.0301801079588,1455.7402350647583,32.28994504320053,0.28164703402349966,0.23924869243178024,0.47910427354472007,H,0.3
2019-20,2020-01-22,Manchester United,Burnley,A,1542.867899122157,1430.2978005800578,112.57009854209923,0.2177104347697505,0.1943881692247325,0.587901396005517,H,0.3
2019-20,2020-01-22,Leicester City,West Ham,H,1559.9471795431875,1447.0685308757174,112.87864866747009,0.21748294270614768,0.19418593567125486,0.5883311216225975,H,0.3
2019-20,2020-01-22,Tottenham,Norwich City,H,1536.6248527778307,1394.3532733283096,142.27157944952114,0.1963981375069534,0.1743618752659803,0.6292399872270662,H,0.3
2019-20,2020-01-23,Wolverhampton Wanderers,Liverpool,A,1506.8878890291774,1736.2339155379768,-229.34602650879947,0.583412602454,0.19649211205651562,0.2200952854894844,A,0.3
2019-20,2020-01-29,West Ham,Liverpool,A,1439.9507331202635,1739.6727348301001,-299.7220017098366,0.680464660543511,0.14833659667070972,0.17119874278577937,A,0.3
2019-20,2020-02-01,Bournemouth,Aston Villa,H,1406.9672043546134,1420.4676169252602,-13.500412570646859,0.32312887715700456,0.2545675652451409,0.42230355759785454,H,0.3
2019-20,2020-02-01,Crystal Palace,Sheffield United,A,1475.7267870433275,1467.3189418722752,8.407845171052259,0.3027547739991898,0.24838552794132016,0.44885969805949,H,0.3
2019-20,2020-02-01,Leicester City,Chelsea,D,1567.0649772986415,1551.0516567056984,16.013320592943046,0.29591355687395565,0.24573546370313384,0.45835097942291053,H,0.3
2019-20,2020-02-01,Liverpool,Southampton,H,1743.5599448160772,1455.3417930678072,288.21815174827,0.10685768065348668,0.1,0.7931423193465134,H,0.3
2019-20,2020-02-01,Manchester United,Wolverhampton Wanderers,D,1527.6139996766942,1503.449069737054,24.16492993964016,0.2887063732006422,0.24262196373713638,0.4686716630622214,H,0.3
2019-20,2020-02-01,Newcastle United,Norwich City,D,1458.335790768138,1391.255935940567,67.0798548275709,0.25271890430147226,0.22206579808154825,0.5252152976169795,H,0.3
2019-20,2020-02-01,Watford,Everton,A,1442.5016054415703,1485.4346244045792,-42.93301896300886,0.35219033996795673,0.25926146809193606,0.3885481919401072,H,0.3
2019-20,2020-02-01,West Ham,Brighton and Hove Albion,D,1436.0635231342865,1415.9941393117786,20.069383822507916,0.2923115047196818,0.24422090688216128,0.46346758839815694,H,0.3
2019-20,2020-02-02,Burnley,Arsenal,D,1445.5517000255206,1519.9145122968748,-74.36281227135419,0.38555934448679047,0.25947674308306246,0.3549639124301471,A,0.3
2019-20,2020-02-02,Tottenham,Manchester City,H,1539.7221901655732,1689.482166628111,-149.75997646253768,0.47584063092993417,0.2403272226146457,0.28383214645542015,A,0.3
2019-20,2020-02-08,Everton,Crystal Palace,H,1492.567124547819,1467.4794387510183,25.08768579680077,0.28789848564986387,0.2422522026463676,0.46984931170376854,H,0.3
2019-20,2020-02-08,Brighton and Hove Albion,Watford,D,1418.2587704088417,1435.3691052983304,-17.11033488948874,0.32658565831798725,0.2553710372326965,0.41804330444931626,H,0.3
2019-20,2020-02-09,Sheffield United,Bournemouth,H,1475.5662901645844,1412.9398399220486,62.62645024253584,0.25631101325618943,0.22449052976686437,0.5191984569769462,H,0.3
2019-20,2020-02-14,Wolverhampton Wanderers,Leicester City,D,1505.825231722812,1564.9113903973341,-59.08615867452204,0.369027868340785,0.25999787962239895,0.37097425203681605,H,0.3
2019-20,2020-02-15,Norwich City,Liverpool,A,1394.7587565215815,1746.9390497942663,-352.1802932726848,0.7479195092159784,0.1129558267429718,0.1391246640410498,A,0.3
2019-20,2020-02-15,Southampton,Burnley,A,1451.962688089618,1445.9648596632614,5.997828426356591,0.3049468155767755,0.24917248506701728,0.4458806993562072,H,0.3
2019-20,2020-02-16,Arsenal,Newcastle United,H,1519.501352659134,1454.8329701871235,64.66838247201053,0.25466013466249404,0.22338623740523653,0.5219536279322694,H,0.3
2019-20,2020-02-16,Aston Villa,Tottenham,A,1414.494981357825,1552.6079070666317,-138.11292570880664,0.4609948866168554,0.24496011680021076,0.29404499658293376,A,0.3
2019-20,2020-02-17,Chelsea,Manchester United,A,1553.2052436070057,1525.2378376909362,27.967405916069538,0.2853874624527621,0.24107609769558527,0.47353643985165267,H,0.3
2019-20,2020-02-19,Manchester City,West Ham,H,1676.5964497270525,1433.7988920372234,242.7975576898291,0.13311108670964514,0.10619818438043516,0.7606907289099197,H,0.3
2019-20,2020-02-22,Southampton,Aston Villa,H,1443.752529405914,1409.41506506702,34.33746433889405,0.2798870981593034,0.23835755850804224,0.4817553433326544,H,0.3
2019-20,2020-02-22,Sheffield United,Brighton and Hove Albion,D,1480.0212668920715,1417.030539293691,62.990727598380545,0.2560160175891266,0.22429446513401063,0.5196895172768627,H,0.3
2019-20,2020-02-22,Leicester City,Manchester City,A,1564.9376928043466,1679.5434667766433,-114.60577397229667,0.43199053100829365,0.25253821471374105,0.3154712542779653,A,0.3
2019-20,2020-02-22,Chelsea,Tottenham,H,1539.667587751312,1557.6878233574369,-18.020235606124743,0.3274615671853113,0.2555636924350427,0.4169747403796461,H,0.3
2019-20,2020-02-22,Burnley,Bournemouth,H,1454.1750183469655,1408.4848631945615,45.69015515240403,0.2702633967383587,0.2331298528367124,0.4966067504249289,H,0.3
2019-20,2020-02-22,Crystal Palace,Newcastle United,H,1459.2254343390505,1444.579327744329,14.64610659472146,0.2971349416464344,0.24623027267563252,0.45663478567793314,H,0.3
2019-20,2020-02-23,Wolverhampton Wanderers,Norwich City,H,1505.7989293157996,1392.8845145131836,112.91441480261597,0.21745658093615466,0.1941624836715842,0.5883809353922612,H,0.3
2019-20,2020-02-23,Arsenal,Everton,H,1529.7549951019284,1500.821128959787,28.93386614214137,0.284548183299262,0.24067393050520716,0.47477788619553085,H,0.3
2019-20,2020-02-23,Manchester United,Watford,H,1538.7754935466298,1436.5973364134811,102.17815713314872,0.22544848153224586,0.2011052812514121,0.573446237216342,H,0.3
2019-20,2020-02-24,Liverpool,West Ham,H,1748.8132918026643,1430.8518749876325,317.9614168150317,0.09175684898709342,0.1,0.8082431510129066,H,0.3
2019-20,2020-02-28,Norwich City,Leicester City,H,1385.76789669998,1559.3764493956548,-173.60855269567492,0.507108705549189,0.22920977998174344,0.2636815144690676,A,0.3
2019-20,2020-02-29,Watford,Liverpool,H,1429.1203435091102,1750.0481726307733,-320.9278291216631,0.7085031452144743,0.13372765974136674,0.1577691950441589,A,0.3
2019-20,2020-02-29,Bournemouth,Chelsea,D,1398.912400179154,1545.7160562502725,-146.80365607111844,0.4720442352191372,0.24155540575661238,0.2864003590242504,A,0.3
2019-20,2020-02-29,Brighton and Hove Albion,Crystal Palace,A,1420.4296835286652,1464.6540467419863,-44.22436321332111,0.3535125878793806,0.25936886895178723,0.38711854316883215,H,0.3
2019-20,2020-02-29,Newcastle United,Burnley,D,1439.1507153413932,1463.747481362373,-24.596766020979885,0.33384835319801404,0.2568369645208128,0.4093146822811731,H,0.3
2019-20,2020-02-29,West Ham,Southampton,H,1429.6169941595235,1451.7027669364415,-22.08577277691802,0.3313981368871244,0.25637562549434817,0.4122262376185275,H,0.3
2019-20,2020-03-01,Everton,Manchester United,D,1495.6935959924624,1546.2524864510008,-50.55889045853837,0.36005824287888005,0.2597737802795104,0.3801679768416096,H,0.3
2019-20,2020-03-01,Tottenham,Wolverhampton Wanderers,A,1551.6393548584765,1512.9155471290032,38.723807729473265,0.27614204587218943,0.2363945046063104,0.48746344952150017,H,0.3
2019-20,2020-03-07,Sheffield United,Norwich City,H,1476.6221226570972,1394.221345175239,82.40077748185809,0.2405931814336634,0.2132903682636914,0.5461164503026452,H,0.3
2019-20,2020-03-07,Liverpool,Bournemouth,H,1730.2586619730337,1401.3600921741122,328.89856979892147,0.08669733915548222,0.1,0.8133026608445177,H,0.3
2019-20,2020-03-07,Southampton,Newcastle United,A,1442.0081030618553,1438.1352406005847,3.8728624612706426,0.30688942733450414,0.2498449174275058,0.44326565523799005,H,0.3
2019-20,2020-03-07,Burnley,Tottenham,D,1464.7629561031815,1542.9427320941447,-78.17977599096321,0.38978363119715886,0.2591621818299897,0.35105418697285157,A,0.3
2019-20,2020-03-07,Arsenal,West Ham,H,1534.882528069253,1439.3116580341098,95.57087003514334,0.2304462307521945,0.2052710062942199,0.5642827629535856,H,0.3
2019-20,2020-03-07,Crystal Palace,Watford,H,1471.7572440218662,1448.9098541668498,22.847389855016445,0.28986267698062346,0.24314389007055168,0.46699343294882484,H,0.3
2019-20,2020-03-07,Wolverhampton Wanderers,Brighton and Hove Albion,D,1521.612169893335,1413.3264862487854,108.28568364454964,0.2208827275422593,0.19718027948057776,0.581936992977163,H,0.3
2019-20,2020-03-08,Manchester United,Manchester City,H,1546.5241565624747,1685.104710185335,-138.5805536228604,0.4615851153718085,0.2447848936835189,0.29362999094467257,A,0.3
2019-20,2020-03-08,Chelsea,Everton,H,1543.2683642553143,1495.4219258809885,47.84643837432577,0.26846064912158163,0.23208392914107925,0.49945542173733914,H,0.3
2019-20,2020-03-09,Leicester City,Aston Villa,H,1550.9230009203957,1401.4648275364923,149.4581733839034,0.1914177597821036,0.16939563886562908,0.6391866013522673,H,0.3
2019-20,2020-06-17,Aston Villa,Sheffield United,D,1394.5186287415765,1480.7086562998563,-86.19002755827978,0.39877142846693414,0.25826423242183455,0.34296433911123136,A,0.3
2019-20,2020-06-17,Manchester City,Arsenal,H,1672.4711450905568,1538.7349867025323,133.73615838802448,0.20240221402320843,0.1802133814083059,0.6173844045684856,H,0.3
2019-20,2020-06-19,Norwich City,Southampton,A,1390.13481153248,1433.830902926867,-43.69609139438717,0.3529711798471111,0.25932594817197846,0.38770287198091036,H,0.3
2019-20,2020-06-19,Tottenham,Manchester United,D,1542.4199531096704,1559.157721657253,-16.73776854758262,0.32622754781631425,0.2552910036827232,0.4184814485009626,H,0.3
2019-20,2020-06-20,Bournemouth,Crystal Palace,A,1400.1983493838472,1477.0119384739448,-76.8135890900976,0.3882673210893868,0.2592832050988201,0.3524494738117932,A,0.3
2019-20,2020-06-20,Brighton and Hove Albion,Arsenal,H,1417.8238130608536,1532.281850793274,-114.45803773242051,0.4318125057444559,0.25257795482065803,0.31560953943488607,A,0.3
2019-20,2020-06-20,Watford,Leicester City,D,1443.6551597147711,1557.8691997153114,-114.21404000054031,0.4315186028608705,0.25264336652656505,0.3158380306125644,A,0.3
2019-20,2020-06-20,West Ham,Wolverhampton Wanderers,A,1435.4591994008306,1517.1148430812668,-81.65564368043624,0.3936632467835587,0.2588119862047813,0.34752476701166,A,0.3
2019-20,2020-06-21,Newcastle United,Sheffield United,H,1446.3124407355729,1479.9562712620157,-33.6438305264428,0.34279817747499547,0.2582422150084175,0.39895960751658704,H,0.3
2019-20,2020-06-21,Everton,Liverpool,D,1484.4083805339264,1731.4204047632986,-247.01202422937217,0.6080237736253632,0.18477586912611374,0.20720035724852304,A,0.3
2019-20,2020-06-21,Aston Villa,Chelsea,A,1395.2710137794172,1554.2819096023763,-159.01089582295913,0.4878383919488898,0.23626349138526212,0.2758981166658481,A,0.3
2019-20,2020-06-22,Manchester City,Burnley,H,1678.924280999815,1465.285735087656,213.6385459121591,0.15001865821176394,0.12514219325008613,0.7248391485381499,H,0.3
2019-20,2020-06-23,Leicester City,Brighton and Hove Albion,D,1556.3213366594814,1425.4368535390088,130.88448312047262,0.2044297315060975,0.18215403352529108,0.6134162349686113,H,0.3
2019-20,2020-06-23,Tottenham,West Ham,H,1541.1811618349461,1425.5256512145886,115.65551062035752,0.21544139859633002,0.1923592378583457,0.5921993635453243,H,0.3
2019-20,2020-06-24,Liverpool,Crystal Palace,H,1726.5036781699976,1487.1141004789774,239.38957769102012,0.1350233364253156,0.10834801801791034,0.756628645556774,H,0.3
2019-20,2020-06-24,Newcastle United,Aston Villa,D,1458.9327675434793,1390.6006213344522,68.33214620902709,0.2517143810232911,0.22137324938126512,0.5269123695954439,H,0.3
2019-20,2020-06-24,Norwich City,Everton,A,1375.9044481663345,1489.3251071272275,-113.42065896089298,0.43056398061995055,0.25285414349853585,0.3165818758815136,A,0.3
2019-20,2020-06-24,Manchester United,Sheffield United,H,1560.3965129319772,1467.3359444541093,93.06056847786795,0.23236112679898602,0.20682997602984202,0.560808897171172,H,0.3
2019-20,2020-06-24,Wolverhampton Wanderers,Bournemouth,H,1527.0483912675088,1390.0961873788146,136.95220388869416,0.2001285997971295,0.17801563278804403,0.6218557674148265,H,0.3
2019-20,2020-06-25,Southampton,Arsenal,A,1448.0612662930125,1524.668810315119,-76.60754402210637,0.3880390541272025,0.2593006421252754,0.352660303747522,A,0.3
2019-20,2020-06-25,Chelsea,Manchester City,H,1558.9523020473414,1684.5253117510604,-125.57300970371898,0.44535703224832834,0.24930852986791552,0.3053344378837562,A,0.3
2019-20,2020-06-25,Burnley,Watford,H,1459.6847043364105,1445.2030227706011,14.481681565809367,0.2972820757731071,0.24628924116348228,0.4564286830634106,H,0.3
2019-20,2020-06-27,Aston Villa,Wolverhampton Wanderers,A,1394.135023258782,1530.2258060094323,-136.0907827506503,0.4584483429845773,0.24570719060402751,0.29584446641139517,A,0.3
2019-20,2020-06-28,Watford,Southampton,A,1439.770894011738,1437.951908499674,1.818985512064046,0.30877589954596624,0.2504755837624308,0.4407485166916029,H,0.3
2019-20,2020-06-29,Crystal Palace,Burnley,A,1482.7180851722424,1465.1168330952737,17.60125207696865,0.2944995759335074,0.2451507882133867,0.46034963585310584,H,0.3
2019-20,2020-06-30,Brighton and Hove Albion,Manchester United,A,1430.4376302161309,1568.1892457832175,-137.75161556708667,0.4605391910755666,0.24509487100587807,0.29436593791855536,A,0.3
2019-20,2020-07-01,Arsenal,Norwich City,H,1534.7781681084575,1370.318406332011,164.4597617764466,0.18124236715153103,0.1589624656053185,0.6597951672431506,H,0.3
2019-20,2020-07-01,Bournemouth,Newcastle United,A,1386.9187726368912,1455.3983656191494,-68.47959298225828,0.379121991063552,0.25981749660963127,0.36106051232681674,A,0.3
2019-20,2020-07-01,Everton,Leicester City,H,1494.9111489615511,1551.3205599823593,-56.40941102080819,0.3661925512233342,0.25996726763091915,0.37384018114574663,H,0.3
2019-20,2020-07-01,West Ham,Chelsea,H,1419.9572040023756,1566.7325778443799,-146.77537384200423,0.47200800709127805,0.24156698654451564,0.28642500636420637,A,0.3
2019-20,2020-07-02,Sheffield United,Tottenham,H,1459.543211602869,1546.749609047159,-87.20639744429013,0.3999237307910367,0.25812739238025273,0.3419488768287105,A,0.3
2019-20,2020-07-02,Manchester City,Liverpool,H,1676.745035954022,1730.8996934767326,-54.15465752271075,0.363818256029577,0.25991325971190204,0.37626848425852094,H,0.3
2019-20,2020-07-04,Manchester United,Bournemouth,H,1578.3635553201655,1373.802379188789,204.56117613137644,0.15553056386938935,0.13125736198469976,0.7132120741459109,H,0.3
2019-20,2020-07-04,Chelsea,Watford,H,1558.6446223579107,1426.8610619894164,131.78356036849436,0.20378932730243132,0.18154305117815292,0.6146676215194158,H,0.3
2019-20,2020-07-04,Norwich City,Brighton and Hove Albion,A,1363.8642523297526,1420.263320679183,-56.39906834943031,0.3661816309701372,0.25996707880047626,0.3738512902293866,H,0.3
2019-20,2020-07-04,Wolverhampton Wanderers,Arsenal,A,1535.3463005152917,1541.2323221107158,-5.886021595424154,0.31593177008214973,0.252670111314195,0.43139811860365535,H,0.3
2019-20,2020-07-04,Leicester City,Crystal Palace,H,1544.6322127523451,1474.330783238085,70.30142951426024,0.2501396223121011,0.2202749046395405,0.5295854730483585,H,0.3
2019-20,2020-07-05,Newcastle United,West Ham,D,1468.5147590672516,1428.0451594888448,40.469599578406815,0.274660934708264,0.23559307087244946,0.48974599441928657,H,0.3
2019-20,2020-07-05,Burnley,Sheffield United,D,1473.5041350294312,1470.9362513195624,2.567883709868738,0.3080870289003584,0.25024783016804336,0.4416651409315983,H,0.3
2019-20,2020-07-05,Liverpool,Aston Villa,H,1715.4562174321884,1389.0145287529226,326.4416886792658,0.08781172230739473,0.1,0.8121882776926053,H,0.3
2019-20,2020-07-05,Southampton,Manchester City,H,1450.8617405219954,1692.1885119985661,-241.32677147657068,0.6001022364224812,0.18859347251493835,0.21130429106258058,A,0.3
2019-20,2020-07-06,Tottenham,Everton,H,1535.3565693304656,1501.5994961915653,33.757073138900296,0.28038520428058195,0.23861180647836727,0.4810029892410507,H,0.3
2019-20,2020-07-07,Crystal Palace,Chelsea,A,1465.7116104278243,1565.1579885042104,-99.44637807638605,0.4140107841199085,0.2560790420947798,0.32991017378531173,A,0.3
2019-20,2020-07-07,Watford,Norwich City,H,1420.3476958431168,1357.035992015945,63.31170382717164,0.2557562612983942,0.22412136694148307,0.5201223717601227,H,0.3
2019-20,2020-07-07,Arsenal,Leicester City,D,1553.8820142314523,1553.2513855626057,0.6306286688466116,0.3098714010165923,0.2508317709910033,0.43929682799240444,H,0.3
2019-20,2020-07-08,Sheffield United,Wolverhampton Wanderers,H,1472.7178815356,1522.6966083945551,-49.97872685895504,0.3594546045642734,0.2597451373193872,0.3808002581163394,H,0.3
2019-20,2020-07-08,West Ham,Burnley,A,1430.85891027413,1471.7225048133935,-40.86359453926343,0.3500798919032053,0.25907185080776735,0.3908482572890273,H,0.3
2019-20,2020-07-08,Brighton and Hove Albion,Liverpool,A,1427.0915809929904,1717.323017620209,-290.2314366272185,0.6676522904739695,0.15494030112813822,0.17740740839789232,A,0.3
2019-20,2020-07-08,Manchester City,Newcastle United,H,1682.9492140581547,1465.7010082819663,217.24820577618834,0.14785921520850406,0.12273549058775785,0.7294052942037381,H,0.3
2019-20,2020-07-09,Bournemouth,Tottenham,D,1369.260904357357,1540.3845216570921,-171.1236172997351,0.5038010307577035,0.23046320482924426,0.26573576441305213,A,0.3
2019-20,2020-07-09,Everton,Southampton,D,1496.5715438649388,1460.101038462407,36.4705054025319,0.2780616457442027,0.2374120576959226,0.4845262965598746,H,0.3
2019-20,2020-07-09,Aston Villa,Manchester United,A,1387.147728564902,1582.9050301515974,-195.75730158669535,0.5370178894654244,0.2171744013166666,0.24580770921790907,A,0.3
2019-20,2020-07-11,Watford,Newcastle United,H,1424.7895700069216,1460.2039672952642,-35.41439728834257,0.34457234375955664,0.25846977972119517,0.39695787651924813,H,0.3
2019-20,2020-07-11,Sheffield United,Chelsea,H,1479.2999517054736,1571.0399715133135,-91.74001980783987,0.40509631091574455,0.25745461665739977,0.3374490724268557,A,0.3
2019-20,2020-07-11,Norwich City,West Ham,A,1352.5941178521402,1423.679400325616,-71.08528247347567,0.38196210227251187,0.25968817828073926,0.358349719446749,A,0.3
2019-20,2020-07-11,Liverpool,Burnley,D,1721.398150539984,1478.9020147619076,242.49613577807645,0.13327952778578273,0.10638756915385718,0.7603329030603602,H,0.3
2019-20,2020-07-11,Brighton and Hove Albion,Manchester City,A,1423.0164480732153,1688.4462550448568,-265.4298069716415,0.6336158589374017,0.17218311447121065,0.19420102659138755,A,0.3
2019-20,2020-07-12,Aston Villa,Crystal Palace,H,1379.1531459757555,1459.8296274187212,-80.67648144296572,0.3925671790182781,0.25891677070762664,0.34851605027409527,A,0.3
2019-20,2020-07-12,Bournemouth,Leicester City,H,1372.3545220743868,1554.9789738660636,-182.62445179167685,0.5191957635397307,0.22449160425888462,0.25631263220138467,A,0.3
2019-20,2020-07-12,Tottenham,Arsenal,H,1537.2909039400624,1552.1544259279945,-14.863521987932018,0.3244307424628696,0.25487828235775445,0.4206909751793759,H,0.3
2019-20,2020-07-12,Wolverhampton Wanderers,Everton,H,1516.1145382246816,1493.864122997624,22.2504152270576,0.2903876755324737,0.24337802682632587,0.4662342976412004,H,0.3
2019-20,2020-07-13,Manchester United,Southampton,D,1590.899612740744,1462.8084593297217,128.09115341102233,0.20642626325630414,0.18404689622857198,0.609526840515124,H,0.3
2019-20,2020-07-14,Chelsea,Norwich City,H,1556.5195885593223,1337.5007608197725,219.0188277395498,0.14680674334824662,0.12156061356456278,0.7316326430871906,H,0.3
2019-20,2020-07-15,Manchester City,Bournemouth,H,1695.9479082487699,1389.4939836592657,306.45392458950414,0.09736108412569745,0.1,0.8026389158743026,H,0.3
2019-20,2020-07-15,Arsenal,Liverpool,H,1546.158918495159,1714.3810886277988,-168.2221701326398,0.4999526719010332,0.2319000033865459,0.26814732471242086,A,0.3
2019-20,2020-07-15,Burnley,Wolverhampton Wanderers,D,1485.9190766740928,1526.6490489095465,-40.729972235453715,0.3499439793854787,0.2590588672916886,0.3909971533228327,H,0.3
2019-20,2020-07-15,Newcastle United,Tottenham,A,1453.8642242514666,1543.2864113728979,-89.4221871214313,0.40244515311157397,0.2578112866838848,0.3397435602045411,A,0.3
2019-20,2020-07-16,Crystal Palace,Manchester United,A,1448.6021950720747,1585.9593707661054,-137.35717569403073,0.4600420518886755,0.24524135198559213,0.29471659612573237,A,0.3
2019-20,2020-07-16,Everton,Aston Villa,D,1483.329612312759,1390.380578322402,92.94903399035707,0.2324464144259448,0.20689892537318874,0.5606546602008664,H,0.3
2019-20,2020-07-16,Leicester City,Sheffield United,H,1537.8395122811846,1493.8203346594648,44.01917762171979,0.2716658454935284,0.2339290052321291,0.4944051492743425,H,0.3
2019-20,2020-07-16,Southampton,Brighton and Hove Albion,D,1467.7487013043603,1415.5147948693022,52.23390643505809,0.2648166480927653,0.2299057463351067,0.5052776055721281,H,0.3
2019-20,2020-07-17,West Ham,Watford,H,1438.7727573579837,1431.1293130507192,7.643444307264417,0.30344876105177515,0.24863791711230668,0.4479133218359182,H,0.3
2019-20,2020-07-18,Norwich City,Burnley,A,1335.3937192992532,1485.3650087174753,-149.9712894182221,0.47611270633851277,0.24023810321904332,0.28364919044244397,A,0.3
2019-20,2020-07-19,Tottenham,Leicester City,H,1552.9515509372297,1545.4785136341213,7.473037303108413,0.3036036321703549,0.24869383000975936,0.44770253781988567,H,0.3
2019-20,2020-07-19,Bournemouth,Southampton,A,1388.1776641933814,1464.6262139421315,-76.44854974875011,0.3878629874761743,0.25931395119789863,0.3528230613259271,A,0.3
2019-20,2020-07-20,Brighton and Hove Albion,Newcastle United,D,1418.6372822315311,1444.1990846871347,-25.561802455603583,0.3347939008884094,0.2570060698711068,0.4082000292404839,H,0.3
2019-20,2020-07-20,Sheffield United,Everton,A,1486.1813333065281,1479.1913220459182,6.99001126060989,0.3040429415076823,0.2488516188525391,0.44710543963977856,H,0.3
2019-20,2020-07-20,Wolverhampton Wanderers,Crystal Palace,H,1527.203116866164,1440.5267114437293,86.67640542243475,0.23727158206691368,0.2107313897601445,0.5519970281729418,H,0.3
2019-20,2020-07-21,Aston Villa,Arsenal,H,1394.5188685892429,1554.5412884723553,-160.02241988311243,0.48916075668449743,0.23579943388481242,0.2750398094306902,A,0.3
2019-20,2020-07-21,Watford,Manchester City,A,1422.28621804447,1697.2642277146542,-274.9780096701843,0.6467970297487295,0.16556402083780417,0.18763894941346615,A,0.3
2019-20,2020-07-22,Manchester United,West Ham,D,1594.0348543944508,1447.615852364233,146.41900203021783,0.193515582970631,0.17149944416066684,0.6349849728687021,H,0.3
2019-20,2020-07-22,Liverpool,Chelsea,H,1705.9987186506025,1558.6266300798416,147.37208857076098,0.19285638652108336,0.17084020926265828,0.6363034042162583,H,0.3
2019-20,2020-07-26,Southampton,Sheffield United,H,1474.7411254853178,1477.9558393419843,-3.214713856666549,0.31343659834085735,0.25194018597257173,0.4346232156865709,H,0.3
2019-20,2020-07-26,Leicester City,Manchester United,A,1534.3123822644718,1588.7063197690175,-54.39393750454565,0.3640696154407863,0.25992021474867466,0.37601016981053903,H,0.3
2019-20,2020-07-26,Manchester City,Norwich City,H,1703.6982939939962,1327.7141190883367,375.98417490565953,0.06766120098498857,0.1,0.8323387990150114,H,0.3
2019-20,2020-07-26,Everton,Bournemouth,A,1487.416816010462,1378.062752650195,109.35406336026699,0.22008932296537792,0.1964868888085269,0.5834237882260952,H,0.3
2019-20,2020-07-26,Newcastle United,Liverpool,A,1445.187062184331,1710.788448122553,-265.60138593822217,0.6338533882972746,0.17206457038645148,0.1940820413162739,A,0.3
2019-20,2020-07-26,Arsenal,Watford,H,1546.269369686068,1415.852151765128,130.41721792094017,0.20476298506083365,0.18247124500225806,0.6127657699369082,H,0.3
2019-20,2020-07-26,Chelsea,Wolverhampton Wanderers,H,1553.836900607891,1533.5580840684695,20.27881653942154,0.2921263756040693,0.24414082757848338,0.4637327968174474,H,0.3
2019-20,2020-07-26,Burnley,Brighton and Hove Albion,A,1493.0446089283919,1417.649304734335,75.39530419405696,0.24609373619804545,0.21738267580030082,0.5365235880016538,H,0.3
2019-20,2020-07-26,Crystal Palace,Tottenham,D,1434.1717442414238,1564.1176823068793,-129.9459380654555,0.45076817542961456,0.24786988538385174,0.30136193918653376,A,0.3
2019-20,2020-07-26,West Ham,Aston Villa,D,1452.9443869896663,1402.79078737553,50.15359961413628,0.2665404372127235,0.23094679029515705,0.5025127724921193,H,0.3
2020-21,2020-09-12,Crystal Palace,Southampton,H,1455.3107299160226,1488.7538348835649,-33.44310496754224,0.3425975157730298,0.2582154313221236,0.3991870529048465,H,0.3
2020-21,2020-09-12,Fulham,Arsenal,A,1416.1324738802157,1534.683073838809,-118.55059995859324,0.4367642340104099,0.251439745784401,0.3117960202051891,A,0.3
2020-21,2020-09-12,Liverpool,Leeds United,H,1650.7689886971675,1420.0,230.76898869716752,0.1399364246627504,0.11386701058854806,0.7461965647487016,H,0.3
2020-21,2020-09-12,West Ham,Newcastle United,A,1464.9132268605053,1458.4138685176513,6.499358342854066,0.30448967329057364,0.24901083990137526,0.44649948680805107,H,0.3
2020-21,2020-09-13,Tottenham,Everton,A,1543.4918686677893,1480.5528936296328,62.938975038156514,0.2560579145845497,0.22432234485441668,0.5196197405610335,H,0.3
2020-21,2020-09-13,West Bromwich Albion,Leicester City,A,1458.6850138152874,1516.3928500328254,-57.70783621753799,0.36756563162896405,0.259986660070263,0.372447708300773,H,0.3
2020-21,2020-09-14,Brighton and Hove Albion,Chelsea,A,1448.7867006257957,1543.5758608282645,-94.78916020246879,0.4086051257913895,0.2569450978530906,0.3344497763555198,A,0.3
2020-21,2020-09-14,Sheffield United,Wolverhampton Wanderers,A,1478.1340404955465,1517.600628445188,-39.46658794964151,0.3486610850060744,0.25893167876149276,0.3924072362324328,H,0.3
2020-21,2020-09-19,Leeds United,Fulham,H,1418.01862664193,1405.174371381176,12.844255260754153,0.2987502176148725,0.24687013680419898,0.45437964558092847,H,0.3
2020-21,2020-09-19,Manchester United,Crystal Palace,A,1569.720241390617,1461.6175386283558,108.10270276226129,0.22101877049444243,0.19729884018361965,0.5816823893219379,H,0.3
2020-21,2020-09-19,Arsenal,West Ham,H,1545.6411763378487,1451.8881402671823,93.75303607066644,0.23183200976833898,0.20640129216810815,0.5617666980635528,H,0.3
2020-21,2020-09-19,Everton,West Bromwich Albion,H,1489.581270009196,1445.0872920472618,44.493977961934206,0.2712668609496077,0.2337029478599365,0.49503019119045577,H,0.3
2020-21,2020-09-20,Leicester City,Burnley,H,1529.990571800851,1488.699038938113,41.291532862737995,0.2739654570539521,0.23521184267648124,0.4908227002695667,H,0.3
2020-21,2020-09-20,Chelsea,Liverpool,A,1553.0570834813232,1652.7503620552375,-99.69327857391431,0.41429892233864346,0.25603018262248006,0.32967089503887653,A,0.3
2020-21,2020-09-20,Southampton,Tottenham,A,1482.4470261712318,1534.463492288226,-52.01646611699425,0.36157849902578615,0.25983821860158546,0.37858328237262834,H,0.3
2020-21,2020-09-20,Newcastle United,Brighton and Hove Albion,A,1471.4389551109743,1439.305477972737,32.13347713823737,0.2817818364995927,0.23931612227563798,0.47890204122476937,H,0.3
2020-21,2020-09-21,Aston Villa,Sheffield United,H,1434.101395195132,1466.7044334221127,-32.60303822698074,0.3417587560490125,0.2581011639050834,0.40014008004590407,H,0.3
2020-21,2020-09-21,Wolverhampton Wanderers,Manchester City,A,1529.0302355186218,1644.1993936770568,-115.16915815843504,0.43266992120189723,0.2523857378896839,0.3149443409084189,A,0.3
2020-21,2020-09-26,Brighton and Hove Albion,Manchester United,A,1456.5095181705979,1554.5436575802964,-98.03413940969858,0.41236568528993284,0.25635282526451847,0.33128148944554875,A,0.3
2020-21,2020-09-26,Burnley,Southampton,A,1480.9730615539504,1468.59314853174,12.379913022210303,0.29916751896560567,0.24703276232337387,0.45379971871102043,H,0.3
2020-21,2020-09-26,Crystal Palace,Everton,A,1476.7941224386764,1499.2015846365734,-22.407462197897075,0.33171123068799846,0.25643644612633404,0.41185232318566756,H,0.3
2020-21,2020-09-26,West Bromwich Albion,Chelsea,D,1435.4669774198844,1543.742734542707,-108.2757571228226,0.4244118893789784,0.2541494211034832,0.3214386895175385,A,0.3
2020-21,2020-09-27,West Ham,Wolverhampton Wanderers,H,1448.0039192912693,1520.2345309837392,-72.23061169246989,0.383216003967884,0.25962046435212677,0.35716353167998927,A,0.3
2020-21,2020-09-27,Tottenham,Newcastle United,D,1548.3173699277177,1454.2349149131135,94.0824550146042,0.23158053847707624,0.2061969938969079,0.5622224676260158,H,0.3
2020-21,2020-09-27,Sheffield United,Leeds United,A,1460.4116673634567,1423.4858353195493,36.92583204390735,0.27767302696041224,0.23720798382570182,0.4851189892138859,H,0.3
2020-21,2020-09-27,Manchester City,Leicester City,A,1652.9950982119394,1537.7165491850137,115.2785490269257,0.21571792660615746,0.19260790378178114,0.5916741696120613,H,0.3
2020-21,2020-09-28,Fulham,Aston Villa,A,1399.7071627035566,1440.394161253788,-40.686998550231465,0.3499002783821992,0.25905467265926285,0.3910450489585379,H,0.3
2020-21,2020-09-28,Liverpool,Arsenal,H,1662.0647109938536,1549.5253973137617,112.53931368009194,0.21773313936132466,0.19440833832001533,0.58785852231866,H,0.3
2020-21,2020-10-03,Everton,Brighton and Hove Albion,H,1506.8027096716128,1450.5972802985718,56.20542937304094,0.2615455645179632,0.22787780515214526,0.5105766303298915,H,0.3
2020-21,2020-10-03,Chelsea,Crystal Palace,H,1542.3621202108955,1469.192997403637,73.16912280725842,0.24785706663935725,0.21865559976222246,0.5334873335984203,H,0.3
2020-21,2020-10-03,Newcastle United,Burnley,H,1458.4002043691476,1472.664868621694,-14.264664252546481,0.3238582823429008,0.25474286624589415,0.42139885141120503,H,0.3
2020-21,2020-10-03,Leeds United,Manchester City,D,1432.1568253853284,1633.6886225715264,-201.531797186198,0.5449235553110093,0.21380490899104984,0.24127153569794071,A,0.3
2020-21,2020-10-04,Wolverhampton Wanderers,Fulham,H,1504.1034404253185,1385.3401138986346,118.76332652668384,0.21316891806867752,0.190301208736974,0.5965298731943485,H,0.3
2020-21,2020-10-04,Southampton,West Bromwich Albion,H,1476.9013414639965,1436.847591751696,40.05374971230049,0.2750132537435455,0.23578500001112457,0.4892017462453299,H,0.3
2020-21,2020-10-04,Manchester United,Tottenham,A,1560.4558954523225,1544.1520804716836,16.30381498063889,0.2956545179402606,0.2456293037876642,0.45871617827207517,H,0.3
2020-21,2020-10-04,Aston Villa,Liverpool,H,1454.76121005871,1667.7143093850004,-212.95309932629038,0.5606602818369847,0.20689641270821602,0.23244330545479933,A,0.3
2020-21,2020-10-04,Arsenal,Sheffield United,H,1543.8757989226149,1451.7406772976776,92.13512162493726,0.23306932880454947,0.2074012474311106,0.5595294237643399,H,0.3
2020-21,2020-10-04,Leicester City,West Ham,A,1557.0230248254268,1464.13500984969,92.88801497573672,0.23249308162408713,0.20693663507840485,0.560570283297508,H,0.3
2020-21,2020-10-17,Chelsea,Southampton,D,1552.2443274522072,1484.6669725722284,67.57735487997888,0.2523195445695044,0.22179122232257653,0.525889233107919,H,0.3
2020-21,2020-10-17,Everton,Liverpool,D,1514.0600888080496,1644.6174260333785,-130.55733722532887,0.45152836450477,0.24766203398932973,0.30080960150590025,A,0.3
2020-21,2020-10-17,Manchester City,Arsenal,H,1629.8263239755968,1547.788436870732,82.0378871048647,0.2408763303952387,0.21350547513071919,0.5456181944740421,H,0.3
2020-21,2020-10-17,Newcastle United,Manchester United,A,1467.8869327401687,1538.8256056363477,-70.93867289617901,0.3818018388342668,0.25969636701410576,0.3585017941516275,A,0.3
2020-21,2020-10-18,Leicester City,Aston Villa,A,1538.2191447824614,1477.858093410332,60.361051372129396,0.25815028001641344,0.22570055522501992,0.5161491647585666,H,0.3
2020-21,2020-10-18,Sheffield United,Fulham,D,1447.8280393495604,1381.8773561914436,65.95068315811682,0.2536267554071455,0.22268626788762766,0.5236869767052268,H,0.3
2020-21,2020-10-18,Tottenham,West Ham,D,1565.7823702876583,1482.9388898926554,82.84348039500287,0.24024801981248523,0.2130275032288709,0.5467244769586439,H,0.3
2020-21,2020-10-18,Crystal Palace,Brighton and Hove Albion,D,1459.3107901623252,1443.339901162135,15.970889000190255,0.29595140765323513,0.24575094008222717,0.45829765226453767,H,0.3
2020-21,2020-10-19,West Bromwich Albion,Burnley,D,1429.081960643464,1463.1781402506729,-34.096179607208796,0.34325073450860116,0.25830183891745845,0.39844742657394033,H,0.3
2020-21,2020-10-19,Leeds United,Wolverhampton Wanderers,A,1436.019123981258,1507.5661981325095,-71.54707415125154,0.3824672629881067,0.25966167461534173,0.35787106239655164,A,0.3
2020-21,2020-10-23,Aston Villa,Leeds United,A,1486.8523775495787,1429.5290036864174,57.32337386316135,0.2606294278104677,0.22729756302287255,0.5120730091666598,H,0.3
2020-21,2020-10-24,Fulham,Crystal Palace,A,1385.351631894308,1457.1583679288922,-71.80673603458422,0.3827515524046202,0.25964629799163896,0.3576021496037408,A,0.3
2020-21,2020-10-24,Liverpool,Sheffield United,H,1642.6140875098945,1444.353763646696,198.26032386319844,0.15942444765411254,0.13554858250034382,0.7050269698455436,H,0.3
2020-21,2020-10-24,Manchester United,Chelsea,D,1551.832816471791,1548.7289509056347,3.1038655661561734,0.3075947227963159,0.2500832735766024,0.4423220036270817,H,0.3
2020-21,2020-10-24,West Ham,Manchester City,D,1486.833263055677,1633.9194367423518,-147.08617368667478,0.4724062212885221,0.24143954607107174,0.2861542326404061,A,0.3
2020-21,2020-10-25,Arsenal,Leicester City,A,1543.695324103977,1529.2248606432145,14.47046346076263,0.29729211612108847,0.24629326013836153,0.45641462374055003,H,0.3
2020-21,2020-10-25,Southampton,Everton,H,1488.1823491188009,1516.0634273315336,-27.881078212732746,0.3370751849770885,0.25739378943175867,0.4055310255911529,H,0.3
2020-21,2020-10-25,Wolverhampton Wanderers,Newcastle United,D,1514.05631842735,1454.8797219047256,59.17659652262455,0.259115189910695,0.22632677496664197,0.5145580351226631,H,0.3
2020-21,2020-10-26,Brighton and Hove Albion,West Bromwich Albion,D,1445.492323395568,1428.3377671836236,17.15455621194451,0.2948968427720984,0.24531634188953577,0.45978681533836585,H,0.3
2020-21,2020-10-26,Burnley,Tottenham,A,1463.9223337105134,1561.8879971246367,-97.96566341412336,0.412286048996208,0.2563658539322401,0.3313480970715519,A,0.3
2020-21,2020-10-30,Wolverhampton Wanderers,Crystal Palace,H,1510.754629329851,1463.6427354678194,47.11189386203159,0.2690738767492004,0.232442068778077,0.49848405447272254,H,0.3
2020-21,2020-10-31,Liverpool,West Ham,H,1644.9593753135655,1489.2885978636468,155.67077744991866,0.1871675450315289,0.16508235658214673,0.6477500983863244,H,0.3
2020-21,2020-10-31,Sheffield United,Manchester City,A,1442.008475843025,1631.464101934382,-189.45562609135686,0.5284367323883871,0.22074802086033826,0.25081524675127465,A,0.3
2020-21,2020-10-31,Burnley,Chelsea,A,1458.0086273016086,1550.5255141250382,-92.51688682342956,0.4059880114726705,0.2573291404534984,0.3366828480738311,A,0.3
2020-21,2020-11-01,Aston Villa,Southampton,A,1468.9449188626797,1498.030922578105,-29.08600371542525,0.33826532931845793,0.25758476894602006,0.40414990173552207,H,0.3
2020-21,2020-11-01,Manchester United,Arsenal,A,1550.0362532523875,1535.3553366451276,14.68091660725986,0.29710379906177525,0.24621777373935735,0.45667842719886736,H,0.3
2020-21,2020-11-01,Newcastle United,Everton,H,1458.1814110022246,1506.2148538722295,-48.03344287000482,0.3574367176996678,0.25963666419287895,0.3829266181074533,H,0.3
2020-21,2020-11-01,Tottenham,Brighton and Hove Albion,H,1567.8017035335415,1443.3074347896704,124.49426874387109,0.20901247423210212,0.1864714169393569,0.604516108828541,H,0.3
2020-21,2020-11-02,Fulham,West Bromwich Albion,H,1378.8672643553807,1430.5226557895212,-51.65539143414048,0.3612014026458806,0.2598232588497094,0.37897533850441006,H,0.3
2020-21,2020-11-02,Leeds United,Leicester City,A,1447.4364623733163,1537.564848102064,-90.12838572874762,0.4032514350883762,0.2577054282186578,0.33904313669296604,A,0.3
2020-21,2020-11-06,Brighton and Hove Albion,Burnley,D,1439.9365101169203,1445.9466030189078,-6.010092901987491,0.3160480321724754,0.2527032088009679,0.4312487590265566,H,0.3
2020-21,2020-11-06,Southampton,Newcastle United,H,1505.4790468976148,1464.731234993324,40.74781190429076,0.27442539415334044,0.23546430944749266,0.4901102963991669,H,0.3
2020-21,2020-11-07,West Ham,Fulham,H,1486.386243421092,1389.3435950608903,97.04264836020184,0.22932767799323284,0.20435076333438837,0.5663215586723788,H,0.3
2020-21,2020-11-07,Everton,Manchester United,A,1499.66502988113,1541.6930739334025,-42.028044052272435,0.3512661396290332,0.2591811971720384,0.38955266319892845,H,0.3
2020-21,2020-11-07,Chelsea,Sheffield United,H,1562.587538407739,1437.900241706168,124.68729670157109,0.20887324512052613,0.18634169261174527,0.6047850622677285,H,0.3
2020-21,2020-11-07,Crystal Palace,Leeds United,H,1456.1016684056385,1435.271046045809,20.830622359829476,0.2916390058807408,0.24392896258219987,0.4644320315370593,H,0.3
2020-21,2020-11-08,Arsenal,Aston Villa,A,1543.6985159641126,1461.49679454317,82.2017214209427,0.24074847301382346,0.2134084018335568,0.5458431251526197,H,0.3
2020-21,2020-11-08,Leicester City,Wolverhampton Wanderers,H,1549.7302644295712,1518.295696392032,31.434568037539293,0.28238451263227793,0.2396161503346034,0.4779993370331187,H,0.3
2020-21,2020-11-08,Manchester City,Liverpool,D,1635.572336071239,1647.8617297561202,-12.289393684881134,0.3219757262042601,0.25428409334808005,0.42374018044765976,H,0.3
2020-21,2020-11-08,West Bromwich Albion,Tottenham,A,1420.0463250840116,1571.1726282062916,-151.12630312227998,0.4776015105203115,0.23974787505147868,0.2826506144282098,A,0.3
2020-21,2020-11-21,Tottenham,Manchester City,H,1575.9953750840446,1634.2076816051663,-58.21230652112172,0.36810025677658004,0.25999188566887504,0.371907857554545,H,0.3
2020-21,2020-11-21,Aston Villa,Brighton and Hove Albion,A,1480.043750732288,1438.394944192768,41.64880653951991,0.27366351646322334,0.2350453577627536,0.49129112577402306,H,0.3
2020-21,2020-11-21,Manchester United,West Bromwich Albion,H,1553.0303903987228,1415.2235782062587,137.80681219246412,0.19952673537212212,0.17743011223984728,0.6230431523880305,H,0.3
2020-21,2020-11-21,Newcastle United,Chelsea,A,1456.987853067182,1569.3232633166426,-112.33541024946066,0.4292607295186654,0.25313770554525117,0.31760156493608344,A,0.3
2020-21,2020-11-22,Sheffield United,West Ham,A,1431.1645167972642,1490.2131151198232,-59.04859832255897,0.36898795748067587,0.25999770173926445,0.3710143407800596,H,0.3
2020-21,2020-11-22,Liverpool,Leicester City,H,1649.226384222193,1554.8060348565496,94.42034936564346,0.23132275708787337,0.20598719587595332,0.5626900470361733,H,0.3
2020-21,2020-11-22,Leeds United,Arsenal,D,1424.676662215476,1525.1515597749947,-100.4748975595187,0.41521212175899325,0.255873559657281,0.3289143185837257,A,0.3
2020-21,2020-11-22,Fulham,Everton,A,1385.5167233621592,1488.3277134158097,-102.81099005365058,0.4179508267391678,0.25538785263218305,0.32666132062864905,A,0.3
2020-21,2020-11-23,Burnley,Crystal Palace,H,1447.4881689430601,1466.6960522359716,-19.207883292911447,0.3286076586401162,0.2558091509643356,0.41558319039554814,H,0.3
2020-21,2020-11-23,Wolverhampton Wanderers,Southampton,D,1513.2199259650536,1513.222428823757,-0.0025028587033375516,0.3104562662694061,0.2510189198029179,0.438524813927676,H,0.3
2020-21,2020-11-27,Crystal Palace,Newcastle United,A,1460.627661919248,1448.0981265953046,12.529535323943492,0.29903300768150687,0.2469804623273598,0.4539865299911333,H,0.3
2020-21,2020-11-28,West Bromwich Albion,Sheffield United,H,1412.0591313432305,1424.3957400239876,-12.336608680757081,0.3220206243165423,0.2542952758435042,0.4236840998399535,H,0.3
2020-21,2020-11-28,Manchester City,Burnley,H,1623.5598298083644,1453.5565592597836,170.00327054858076,0.17755816515773098,0.15509927201056384,0.6673425628317051,H,0.3
2020-21,2020-11-28,Everton,Leeds United,A,1494.1378647007327,1425.836381834302,68.30148286643066,0.2517389485708909,0.2213902621473731,0.526870789281736,H,0.3
2020-21,2020-11-28,Brighton and Hove Albion,Liverpool,D,1447.132979570856,1656.9714658892685,-209.8384863184126,0.5563572015447028,0.2088106787995974,0.23483211965569983,A,0.3
2020-21,2020-11-29,Chelsea,Tottenham,D,1578.21298978852,1586.6432268808464,-8.430237092326479,0.31832249391792317,0.2533344450370049,0.42834306104507186,H,0.3
2020-21,2020-11-29,Southampton,Manchester United,A,1514.9323324654426,1556.194837261751,-41.26250479630835,0.35048589770502253,0.25911007757295695,0.39040402472202057,H,0.3
2020-21,2020-11-29,Arsenal,Wolverhampton Wanderers,A,1523.9918401561686,1511.5100223233678,12.481817832800743,0.29907590114776295,0.2469971523498885,0.45392694650234855,H,0.3
2020-21,2020-11-30,Leicester City,Fulham,A,1547.060953189474,1379.7065720772362,167.3543811122379,0.17931348017353438,0.15694514228319303,0.6637413775432727,H,0.3
2020-21,2020-11-30,West Ham,Aston Villa,H,1496.9818918930998,1471.3057153542,25.67617653889988,0.2873840854150294,0.24201457864961032,0.4706013359353603,H,0.3
2020-21,2020-12-05,Chelsea,Leeds United,H,1576.7394978563443,1434.9347111249222,141.80478673142215,0.19672399632761978,0.174683344297429,0.6285926593749513,H,0.3
2020-21,2020-12-05,Burnley,Everton,D,1446.5658956619213,1485.0395354101126,-38.47363974819132,0.3476555180044458,0.2588260966891339,0.3935183853064203,H,0.3
2020-21,2020-12-05,West Ham,Manchester United,A,1502.1772803124688,1563.36528063671,-61.1880003242411,0.3712669486544492,0.25999641653211386,0.368736634813437,A,0.3
2020-21,2020-12-05,Manchester City,Fulham,H,1630.5504934062267,1389.8493734374283,240.70111996879837,0.134285394235453,0.1075184494591249,0.7581961563054221,H,0.3
2020-21,2020-12-06,Tottenham,Arsenal,H,1588.116718813022,1515.6820936961747,72.43462511684743,0.24844049988258182,0.21907256422322893,0.5324869358941893,H,0.3
2020-21,2020-12-06,West Bromwich Albion,Crystal Palace,A,1418.0122388411842,1447.455872617119,-29.443633775934813,0.3386192273418018,0.25764007423070656,0.40374069842749166,H,0.3
2020-21,2020-12-06,Sheffield United,Leicester City,A,1418.442632526034,1536.918151829282,-118.47551930324789,0.4366730171295098,0.25146132141326266,0.31186566145722755,A,0.3
2020-21,2020-12-06,Liverpool,Wolverhampton Wanderers,H,1652.9076461021007,1519.8197687833617,133.08787731873895,0.20286218660432828,0.18065525267083613,0.6164825607248355,H,0.3
2020-21,2020-12-07,Brighton and Hove Albion,Southampton,A,1451.1967993580238,1507.7618890904837,-56.56508973245991,0.3663569563469859,0.2599700443212801,0.373672999331734,H,0.3
2020-21,2020-12-11,Leeds United,West Ham,A,1430.0145064620642,1491.524991764368,-61.51048530230378,0.3716114836296895,0.2599942070262495,0.36839430934406103,A,0.3
2020-21,2020-12-12,Everton,Chelsea,H,1485.6583222710249,1581.6597025192023,-96.00138024817738,0.4100067709141462,0.2567298617566126,0.33326336732924117,A,0.3
2020-21,2020-12-12,Manchester United,Manchester City,D,1574.0175691848108,1633.5304645594124,-59.51289537460161,0.36948156120981734,0.2599993975550126,0.3705190412351701,H,0.3
2020-21,2020-12-12,Newcastle United,West Bromwich Albion,H,1461.2699158974337,1400.7372244609173,60.532691436516416,0.2580106403836777,0.225609440371289,0.5163799192450333,H,0.3
2020-21,2020-12-12,Wolverhampton Wanderers,Aston Villa,A,1512.304747146135,1466.110326934831,46.19442021130408,0.2698411029220084,0.232886727849347,0.49727216922864464,H,0.3
2020-21,2020-12-13,Southampton,Sheffield United,H,1514.5864181991788,1412.9620220641739,101.62439613500487,0.22586500419644132,0.20145773850083193,0.5726772573027268,H,0.3
2020-21,2020-12-13,Fulham,Liverpool,D,1386.8694022842426,1660.4226677393274,-273.5532654550848,0.6448354341760528,0.16655412478276385,0.1886104410411832,A,0.3
2020-21,2020-12-13,Leicester City,Brighton and Hove Albion,H,1542.398762291142,1444.3722702493287,98.0264920418133,0.22858165601531913,0.20373310101476722,0.5676852429699137,H,0.3
2020-21,2020-12-13,Arsenal,Burnley,A,1508.9147622969465,1445.947108801009,62.967653495937384,0.256034697022948,0.2243068964491826,0.5196584065278694,H,0.3
2020-21,2020-12-13,Crystal Palace,Tottenham,D,1464.7308869973858,1594.8840502122503,-130.15316321486443,0.45102573163293924,0.24779962022105836,0.3011746481460024,A,0.3
2020-21,2020-12-15,Manchester City,West Bromwich Albion,D,1633.5444845483412,1396.2420669701262,237.302417578215,0.1362028902812122,0.10967379544521745,0.7541233142735703,H,0.3
2020-21,2020-12-15,Wolverhampton Wanderers,Chelsea,H,1503.5030696686026,1574.3322951546745,-70.82922548607189,0.38168223460743894,0.259702409184384,0.3586153562081771,A,0.3
2020-21,2020-12-16,West Ham,Crystal Palace,D,1498.238620565756,1466.723056737196,31.51556382856006,0.2823146237488235,0.2395814782554723,0.47810389799570424,H,0.3
2020-21,2020-12-16,Arsenal,Southampton,D,1499.8860083388188,1522.0823343793168,-22.19632604049798,0.33150570939327384,0.2563965842098481,0.41209770639687804,H,0.3
2020-21,2020-12-16,Fulham,Brighton and Hove Albion,D,1392.3433629420472,1436.7526063609064,-44.409243418859205,0.35370222715025035,0.25938355771361044,0.3869142151361392,H,0.3
2020-21,2020-12-16,Leeds United,Newcastle United,H,1423.3008776606762,1465.765073388225,-42.46419572754871,0.3517113071857745,0.2592203981769003,0.3890682946373252,H,0.3
2020-21,2020-12-16,Leicester City,Everton,A,1550.0184261795644,1492.9857296355526,57.03269654401174,0.2608674381883575,0.2274488239097062,0.5116837379019363,H,0.3
2020-21,2020-12-16,Liverpool,Tottenham,H,1654.9487070815228,1592.89188047244,62.05682660908269,0.25677272126365225,0.22479629348449193,0.5184309852518558,H,0.3
2020-21,2020-12-17,Sheffield United,Manchester United,A,1405.4661058840359,1574.003549195882,-168.53744331184612,0.5003701073623967,0.2317452923544735,0.2678846002831299,A,0.3
2020-21,2020-12-17,Aston Villa,Burnley,D,1474.9120044123633,1454.9758627591368,19.936141653226514,0.29242932855212045,0.2442717584992986,0.46329891294858094,H,0.3
2020-21,2020-12-19,Crystal Palace,Liverpool,A,1469.2978135145258,1659.4145934629612,-190.11677994843535,0.5293346060725055,0.22037836802356292,0.2502870259039316,A,0.3
2020-21,2020-12-19,Everton,Arsenal,H,1507.170869920886,1498.8022048584653,8.368665062420632,0.3027903162316466,0.24839852708818003,0.4488111566801734,H,0.3
2020-21,2020-12-19,Newcastle United,Fulham,D,1452.8505039646948,1391.8949258551881,60.95557810950663,0.2576667968071646,0.22538455520496883,0.5169486479878665,H,0.3
2020-21,2020-12-19,Southampton,Manchester City,A,1523.1661378596702,1626.6041022386758,-103.4379643790055,0.4186882365328982,0.2552530218020245,0.3260587416650772,A,0.3
2020-21,2020-12-20,Tottenham,Leicester City,A,1588.4259940910017,1535.833285894231,52.59270819677067,0.26452006198212896,0.22972470359859432,0.5057552344192767,H,0.3
2020-21,2020-12-20,Brighton and Hove Albion,Sheffield United,D,1437.2010434477654,1400.9761672954571,36.2248761523083,0.27827144174196367,0.2375218203445275,0.4842067379135088,H,0.3
2020-21,2020-12-20,Manchester United,Leeds United,H,1578.4934877844607,1436.2154470842063,142.27804070025445,0.19639362906108124,0.17435742450344363,0.6292489464354751,H,0.3
2020-21,2020-12-20,West Bromwich Albion,Aston Villa,A,1403.1824492797916,1472.65101196808,-69.46856268828833,0.380197876657739,0.2597724633261624,0.36002966001609854,A,0.3
2020-21,2020-12-21,Burnley,Wolverhampton Wanderers,H,1457.2368552034202,1510.4275832712487,-53.19072806782856,0.36280712085076455,0.2598823000092932,0.3773105791399423,H,0.3
2020-21,2020-12-21,Chelsea,West Ham,H,1567.4077815520284,1495.6638637884262,71.74391776360221,0.24898989802010016,0.2194632851339114,0.5315468168459885,H,0.3
2020-21,2020-12-26,Sheffield United,Everton,A,1403.6770353552433,1512.7345342548776,-109.05749889963431,0.425342361901988,0.2539606426613548,0.3206969954366573,A,0.3
2020-21,2020-12-26,Leicester City,Manchester United,D,1549.9232170665107,1585.685058786216,-35.76184171970522,0.3449213742993945,0.2585126012704257,0.39656602443017974,H,0.3
2020-21,2020-12-26,Manchester City,Newcastle United,H,1632.400907562179,1449.5032707934106,182.8976367687685,0.16914844939258103,0.14613297042485138,0.6847185801825676,H,0.3
2020-21,2020-12-26,Aston Villa,Crystal Palace,H,1485.7234624514792,1457.0082989611194,28.715163490359828,0.2847379552117819,0.24076526364219214,0.4744967811460259,H,0.3
2020-21,2020-12-26,Arsenal,Chelsea,H,1493.2385405244736,1575.9729744917126,-82.73443396723906,0.3948737162414848,0.2586909805082682,0.34643530325024696,A,0.3
2020-21,2020-12-26,Fulham,Southampton,D,1395.2421590264723,1517.369332536167,-122.12717350969456,0.4411255617082396,0.2503821651883567,0.30849227310340377,A,0.3
2020-21,2020-12-27,Leeds United,Burnley,H,1429.0238760824511,1463.8720731698554,-34.84819708740429,0.3440041780137887,0.258398706950485,0.39759711503572637,H,0.3
2020-21,2020-12-27,Liverpool,West Bromwich Albion,D,1671.7041080163676,1390.1099987963923,281.5941092199753,0.1105010229751177,0.1,0.7894989770248824,H,0.3
2020-21,2020-12-27,West Ham,Brighton and Hove Albion,D,1487.098670848742,1434.5001753879792,52.598495460762706,0.26451527996241764,0.22972177991954645,0.5057629401180359,H,0.3
2020-21,2020-12-27,Wolverhampton Wanderers,Tottenham,D,1503.7923653048135,1574.336062918722,-70.54369761390853,0.3813703547561063,0.25971788670513263,0.35891175853876106,A,0.3
2020-21,2020-12-28,Chelsea,Aston Villa,D,1564.6931931263712,1495.9876093179798,68.70558380839134,0.2514152984449277,0.22116583609639054,0.5274188654586818,H,0.3
2020-21,2020-12-28,Crystal Palace,Leicester City,D,1446.7441520946188,1549.2267163543033,-102.48256425968452,0.4175649535001764,0.2554577262379298,0.32697732026189374,A,0.3
2020-21,2020-12-29,Burnley,Sheffield United,H,1457.5417869395708,1397.9992817501418,59.542505189428994,0.25881686462010084,0.22613379571049658,0.5150493396694026,H,0.3
2020-21,2020-12-29,Manchester United,Wolverhampton Wanderers,H,1586.3815594984233,1504.09574418989,82.2858153085333,0.24068286091233917,0.2133585491546474,0.5459585899330135,H,0.3
2020-21,2020-12-29,Brighton and Hove Albion,Arsenal,A,1437.6321302306128,1504.518321889815,-66.88619165920227,0.3773938389448996,0.2598796264551524,0.362726534599948,A,0.3
2020-21,2020-12-29,West Bromwich Albion,Leeds United,A,1397.6544205080563,1435.3541623127358,-37.699741804679434,0.34687343729621084,0.25874038148982476,0.39438618121396435,H,0.3
2020-21,2020-12-29,Southampton,West Ham,D,1515.5999871117992,1483.9667160061083,31.633271105690937,0.28221307884860103,0.2395310452275993,0.4782558759237997,H,0.3
2020-21,2020-12-30,Newcastle United,Liverpool,D,1445.484719473531,1664.1596863047037,-218.6749668311727,0.5685844175060022,0.2033249044335109,0.22809067806048686,A,0.3
2020-21,2021-01-01,Everton,West Ham,A,1518.4122878599792,1486.5446357994795,31.867652060499722,0.2820109556282082,0.23943046068981952,0.47855858368197224,H,0.3
2020-21,2021-01-01,Manchester United,Aston Villa,H,1590.4701766341434,1499.5314133754493,90.93876325869405,0.23398665670833652,0.2081369297715609,0.5578764135201025,H,0.3
2020-21,2021-01-02,Brighton and Hove Albion,Wolverhampton Wanderers,D,1431.0384878608438,1500.0071270541698,-68.968639193326,0.3796537029301076,0.2597958469201035,0.360550450149789,A,0.3
2020-21,2021-01-02,Crystal Palace,Sheffield United,H,1447.9608410111603,1393.4850451981736,54.47579581298669,0.2629669745891039,0.22876744616658287,0.5082655792443133,H,0.3
2020-21,2021-01-02,Tottenham,Leeds United,H,1574.0326840336456,1454.09901020854,119.93367382510564,0.21231652076239896,0.18952264499047805,0.598160834247123,H,0.3
2020-21,2021-01-02,West Bromwich Albion,Arsenal,A,1378.909572612252,1511.111964259584,-132.20239164733198,0.4535781421043868,0.24709468857924652,0.2993271693163666,A,0.3
2020-21,2021-01-03,Chelsea,Manchester City,A,1561.1493890689017,1636.4194588820587,-75.27006981315708,0.3865600044997319,0.2594086275826361,0.35403136791763196,A,0.3
2020-21,2021-01-03,Newcastle United,Leicester City,A,1449.7586542474478,1548.010027437762,-98.2513731903141,0.41261840401824496,0.25631134204644856,0.3310702539353064,A,0.3
2020-21,2021-01-04,Southampton,Liverpool,H,1513.022067318428,1659.8857515307868,-146.86368421235875,0.47212113402251954,0.2415308152346925,0.2863480507427881,A,0.3
2020-21,2021-01-12,Wolverhampton Wanderers,Everton,A,1499.7490461895754,1509.8141207385545,-10.065074548979055,0.31986611610729015,0.2537453173836676,0.42638856650904217,H,0.3
2020-21,2021-01-12,Burnley,Manchester United,A,1462.056023491539,1594.4039167032684,-132.34789321172934,0.45375974712199274,0.24704394215238804,0.29919631072561925,A,0.3
2020-21,2021-01-12,Sheffield United,Newcastle United,H,1386.174203016037,1443.8510742260414,-57.67687121000449,0.3675328366500385,0.2599862972251884,0.3724808661247731,H,0.3
2020-21,2021-01-13,Manchester City,Brighton and Hove Albion,H,1646.575565932071,1431.2965687254382,215.27899720663277,0.14903497789274117,0.12404655765395008,0.7269184644533087,H,0.3
2020-21,2021-01-13,Tottenham,Fulham,D,1580.9204037859315,1397.01150445084,183.90889933509152,0.16849842183490638,0.14543212044069734,0.6860694577243963,H,0.3
2020-21,2021-01-14,Arsenal,Crystal Palace,D,1523.1836089819471,1455.271683193297,67.91192578865025,0.2520511892698599,0.22160615744501094,0.5263426532851291,H,0.3
2020-21,2021-01-16,Leicester City,Southampton,H,1553.9176074591683,1521.1112710513735,32.80633640779479,0.28120245941928596,0.23902547731255847,0.47977206326815564,H,0.3
2020-21,2021-01-16,Fulham,Chelsea,A,1403.068027850203,1550.9932820188894,-147.92525416868648,0.4734823403092187,0.24109355323276857,0.2854241064580127,A,0.3
2020-21,2021-01-16,West Ham,Burnley,H,1495.1428029209042,1456.859996366241,38.28280655466324,0.2765170320364574,0.23659515601947234,0.48688781194407027,H,0.3
2020-21,2021-01-16,Wolverhampton Wanderers,West Bromwich Albion,A,1491.864230292184,1366.837927889889,125.02630240229496,0.20862884444679397,0.18611375460269802,0.605257400950508,H,0.3
2020-21,2021-01-16,Leeds United,Brighton and Hove Albion,A,1447.2112904562541,1429.1481545139432,18.063135942310964,0.29408920838589725,0.24497871909275187,0.4609320725213508,H,0.3
2020-21,2021-01-17,Sheffield United,Tottenham,A,1392.8834339172902,1574.8638803865686,-181.98044646927838,0.5183281135086673,0.2248372162833737,0.25683467020795897,A,0.3
2020-21,2021-01-17,Liverpool,Manchester United,D,1651.7965477978414,1599.5999438285664,52.196603969274975,0.26484749457648993,0.22992454327101763,0.5052279621524924,H,0.3
2020-21,2021-01-17,Manchester City,Crystal Palace,H,1648.723980143566,1458.7954965769554,189.92848356661057,0.1646579772366197,0.14127088533898174,0.6940711374243986,H,0.3
2020-21,2021-01-18,Arsenal,Newcastle United,H,1519.6597955982886,1437.1418433247882,82.51795227350044,0.24050179591609688,0.21322084091275298,0.5462773631711502,H,0.3
2020-21,2021-01-19,Leicester City,Chelsea,H,1561.917701109528,1555.878638714805,6.039062394723032,0.30490921162649526,0.24915923741218046,0.44593155096132425,H,0.3
2020-21,2021-01-19,West Ham,West Bromwich Albion,H,1500.0782915346665,1376.5929142575185,123.48537727714802,0.20974098939249278,0.18714869665094058,0.6031103139565667,H,0.3
2020-21,2021-01-20,Fulham,Manchester United,A,1398.1826711542874,1602.7214621872615,-204.53879103297413,0.5490547454514213,0.21201636101973342,0.23892889352884536,A,0.3
2020-21,2021-01-20,Manchester City,Aston Villa,H,1654.4055530903115,1495.5976733063244,158.80787978398712,0.18504083796584864,0.16289957296420257,0.6520595890699488,H,0.3
2020-21,2021-01-21,Liverpool,Burnley,A,1648.6750294391463,1451.9245077524786,196.75052168666775,0.16036569507452886,0.1365817753112433,0.7030525296142279,H,0.3
2020-21,2021-01-23,Aston Villa,Newcastle United,H,1491.0677110637753,1428.9730218001528,62.09468926362251,0.2567420157736833,0.2247760007734828,0.5184819834528339,H,0.3
2020-21,2021-01-26,Newcastle United,Leeds United,A,1421.8959095087946,1438.8170391093527,-16.92112960055806,0.32640375534925203,0.2553304761076709,0.41826576854307707,H,0.3
2020-21,2021-01-26,Southampton,Arsenal,A,1513.1111774010137,1527.828617122924,-14.717439721910296,0.32429102583529223,0.2548454076238692,0.42086356654083856,H,0.3
2020-21,2021-01-26,Crystal Palace,West Ham,A,1453.11392363021,1503.4652541251176,-50.35133049490764,0.3598421882566987,0.2597637287664092,0.3803940829768921,H,0.3
2020-21,2021-01-26,West Bromwich Albion,Manchester City,A,1373.2059516670674,1658.9355153328606,-285.7295636657932,0.6615276443674833,0.15807752498935315,0.1803948306431636,A,0.3
2020-21,2021-01-27,Brighton and Hove Albion,Fulham,D,1437.5424058608446,1394.3367726257936,43.20563323505098,0.27235038279619944,0.234314452234299,0.4933351649695015,H,0.3
2020-21,2021-01-27,Everton,Leicester City,D,1517.698936635946,1570.8159927123445,-53.11705607639851,0.3627299368451477,0.25987973994570596,0.3773903232091463,H,0.3
2020-21,2021-01-27,Chelsea,Wolverhampton Wanderers,D,1546.9803471119885,1482.1092439245544,64.87110318743407,0.2544965950140094,0.22327590918981868,0.522227495796172,H,0.3
2020-21,2021-01-27,Burnley,Aston Villa,H,1462.2859896078814,1498.1448233551334,-35.85883374725199,0.3450188607525492,0.258524447702001,0.3964566915454498,H,0.3
2020-21,2021-01-27,Manchester United,Sheffield United,A,1606.5673607157553,1386.1595582801613,220.40780243559402,0.1459842614572946,0.12064168090513909,0.7333740576375664,H,0.3
2020-21,2021-01-28,Tottenham,Liverpool,A,1581.5877560236975,1638.3135475837435,-56.72579156004599,0.3665267303034905,0.2599727815553053,0.3735004881412043,H,0.3
2020-21,2021-01-30,Arsenal,Manchester United,D,1540.156081392505,1596.058654283572,-55.90257289106694,0.365657726258814,0.25995737540529895,0.37438489833588706,H,0.3
2020-21,2021-01-30,Crystal Palace,Wolverhampton Wanderers,H,1446.1494034303496,1485.5561680505064,-39.406764620156764,0.3486004338532039,0.25892545756524626,0.3924741085815499,H,0.3
2020-21,2021-01-30,Everton,Newcastle United,A,1517.500855497579,1414.1688076493585,103.33204784822055,0.22458192720169526,0.20036897827871405,0.5750490945195907,H,0.3
2020-21,2021-01-30,Manchester City,Sheffield United,H,1665.7311573434154,1396.6682647123446,269.0628926310708,0.11768578064311405,0.1,0.7823142193568859,H,0.3
2020-21,2021-01-30,Southampton,Aston Villa,A,1500.7837131314327,1491.7976587939975,8.986054337435235,0.30223061204686935,0.24819290398404079,0.44957648396908984,H,0.3
2020-21,2021-01-30,West Bromwich Albion,Fulham,D,1366.4103096565127,1397.2228762334448,-30.812566576932113,0.3399766544918729,0.2578459294450183,0.4021774160631088,H,0.3
2020-21,2021-01-31,Brighton and Hove Albion,Tottenham,H,1434.6563022531934,1570.7768568518366,-136.12055459864314,0.4584857674281605,0.24569631731093544,0.29581791526090406,A,0.3
2020-21,2021-01-31,West Ham,Liverpool,A,1510.4297743249779,1649.1244467556044,-138.6946724306265,0.4617292289614653,0.24474199300704363,0.29352877803149113,A,0.3
2020-21,2021-01-31,Chelsea,Burnley,H,1543.5334229860366,1468.6331541690174,74.9002688170192,0.24648520051581185,0.217666914965794,0.5358478845183942,H,0.3
2020-21,2021-01-31,Leicester City,Leeds United,A,1571.0140738507114,1446.5441409687887,124.46993288192266,0.20903003098371964,0.18648776861709954,0.6044822003991808,H,0.3
2020-21,2021-02-02,Sheffield United,West Bromwich Albion,H,1395.0530603903226,1365.57219848743,29.480861902892684,0.28407393087351,0.24044466600043113,0.47548140312605885,H,0.3
2020-21,2021-02-02,Newcastle United,Crystal Palace,A,1429.2611229082545,1452.5557610803362,-23.294638172081704,0.33257593166222515,0.25660156848653287,0.41082249985124203,H,0.3
2020-21,2021-02-02,Wolverhampton Wanderers,Arsenal,H,1479.1498104005198,1540.0381534274522,-60.88834302693249,0.3709470393536862,0.259997996298085,0.3690549643482288,A,0.3
2020-21,2021-02-02,Manchester United,Southampton,H,1596.1765822486248,1492.5274727431363,103.64910950548847,0.22434414207231457,0.20016622067474468,0.5754896372529408,H,0.3
2020-21,2021-02-03,Aston Villa,West Ham,A,1500.053899182294,1502.3967524221548,-2.342853239860915,0.31262551760563456,0.25169481676430805,0.4356796656300574,H,0.3
2020-21,2021-02-03,Burnley,Manchester City,A,1461.9384110362607,1667.3463616654374,-205.40795062917664,0.5502505522829395,0.21149522284895006,0.23825422486811038,A,0.3
2020-21,2021-02-03,Fulham,Leicester City,A,1398.0609874025276,1555.5617918190108,-157.5008044164831,0.48586801867103535,0.23694916548526618,0.2771828158436984,A,0.3
2020-21,2021-02-03,Leeds United,Everton,A,1461.9964230004894,1502.4085402386831,-40.41211723819379,0.34962085097197054,0.25902762227205367,0.3913515267559758,H,0.3
2020-21,2021-02-03,Liverpool,Brighton and Hove Albion,A,1657.1574686584274,1442.5915870371812,214.56588162124626,0.1494621210101974,0.12452245866051104,0.7260154203292916,H,0.3
2020-21,2021-02-04,Tottenham,Chelsea,A,1562.8415720678488,1550.2281661187933,12.613405949055505,0.29895762694738615,0.24695110323479577,0.4540912698178181,H,0.3
2020-21,2021-02-06,Newcastle United,Southampton,H,1421.6803463271378,1480.1916809914212,-58.51133466428337,0.36841746344853926,0.2599943731823206,0.3715881633691401,H,0.3
2020-21,2021-02-06,Manchester United,Everton,D,1608.5123740003398,1509.5983142293742,98.91405977096565,0.2279098029741624,0.203174187569956,0.5689160094558816,H,0.3
2020-21,2021-02-06,Aston Villa,Arsenal,H,1487.2747854025922,1533.2761087418924,-46.00132333930014,0.3553387671392391,0.25950291361568395,0.385158319245077,H,0.3
2020-21,2021-02-06,Burnley,Brighton and Hove Albion,D,1455.8662305943276,1453.0662465156856,2.7999840786419554,0.30787376871903627,0.25017672998300483,0.44194950129795885,H,0.3
2020-21,2021-02-06,Fulham,West Ham,D,1390.6126711186207,1515.1758662018565,-124.56319508323577,0.4441139998150343,0.24962868146658898,0.30625731871837664,A,0.3
2020-21,2021-02-07,Liverpool,Manchester City,A,1646.682809179923,1673.4185421073705,-26.735732927447543,0.3359470361668215,0.2572056231318762,0.4068473407013023,H,0.3
2020-21,2021-02-07,Sheffield United,Chelsea,A,1400.1692467064424,1558.53991806806,-158.3706713616175,0.48700247081964027,0.23655523645062254,0.27644229272973725,A,0.3
2020-21,2021-02-07,Tottenham,West Bromwich Albion,H,1554.5298201185822,1360.45601217131,194.07380794727214,0.16204217782549926,0.13841776000727404,0.6995400621672268,H,0.3
2020-21,2021-02-07,Wolverhampton Wanderers,Leicester City,D,1485.9118550860796,1563.0101081029177,-77.09825301683804,0.38858286670863107,0.2592587630404757,0.35215837025089325,A,0.3
2020-21,2021-02-08,Leeds United,Crystal Palace,H,1454.8066490097983,1460.1365376614528,-5.329888651654528,0.31541104737782055,0.2525208766770021,0.43206807594517727,H,0.3
2020-21,2021-02-13,Leicester City,Liverpool,H,1562.518377730146,1631.6789724670016,-69.1605947368555,0.37986257320918004,0.25978701805300136,0.36035040873781865,A,0.3
2020-21,2021-02-13,Manchester City,Tottenham,H,1688.422378820292,1558.3272601735594,130.09511864673254,0.20499287558413795,0.18268977592334237,0.6123173484925197,H,0.3
2020-21,2021-02-13,Brighton and Hove Albion,Aston Villa,D,1454.8543442973921,1493.790879794832,-38.93653549743999,0.348123999594488,0.25887593220511,0.39300006820040206,H,0.3
2020-21,2021-02-13,Crystal Palace,Burnley,A,1450.8873966949207,1454.078132812621,-3.190736117700453,0.3134142705706587,0.25193348469763166,0.43465224473170966,H,0.3
2020-21,2021-02-14,Arsenal,Leeds United,H,1526.7600143496525,1464.0557899763305,62.70422437332195,0.25624801333199027,0.22444870393122396,0.5193032827367857,H,0.3
2020-21,2021-02-14,Everton,Fulham,A,1513.877871959084,1392.4498506281748,121.42802133090913,0.21123082425715073,0.18852583986833193,0.6002433358745174,H,0.3
2020-21,2021-02-14,Southampton,Wolverhampton Wanderers,A,1473.4687129130978,1486.4035854588512,-12.934872545753478,0.3225899573558887,0.25443605295134736,0.4229739896927639,H,0.3
2020-21,2021-02-14,West Bromwich Albion,Manchester United,D,1356.6585721163328,1604.23281627063,-247.57424415429728,0.6088068927941854,0.18439624232462606,0.2067968648811885,A,0.3
2020-21,2021-02-15,Chelsea,Newcastle United,H,1563.2225814347585,1428.4033144054613,134.81926702929718,0.20163496586913662,0.17947425291932767,0.6188907812115357,H,0.3
2020-21,2021-02-15,West Ham,Sheffield United,H,1513.3386866923024,1395.486583339744,117.85210335255852,0.21383386618627834,0.19090606997477663,0.595260063838945,H,0.3
2020-21,2021-02-17,Burnley,Fulham,D,1470.1644914848541,1407.8524691249988,62.31202235985529,0.25656580901705955,0.224659433579273,0.5187747574036675,H,0.3
2020-21,2021-02-17,Everton,Manchester City,A,1498.4752534622598,1694.9881587046461,-196.5129052423863,0.5380501641054126,0.216738521602031,0.2452113142925564,A,0.3
2020-21,2021-02-19,Wolverhampton Wanderers,Leeds United,H,1494.2223523950645,1456.9971778081117,37.22517458695279,0.2774177398990996,0.23707339339007366,0.48550886671082666,H,0.3
2020-21,2021-02-20,Liverpool,Everton,A,1620.7469200802234,1492.160577144132,128.58634293609134,0.20607156810559593,0.18371195070256674,0.6102164811918374,H,0.3
2020-21,2021-02-20,Southampton,Chelsea,D,1465.6499459768845,1568.3102345582365,-102.660288581352,0.41777373063847223,0.25541997927099847,0.3268062900905293,A,0.3
2020-21,2021-02-20,Fulham,Sheffield United,H,1411.2343242702425,1388.5315381332416,22.702786137000885,0.2899897841685596,0.24320073912901877,0.4668094767024217,H,0.3
2020-21,2021-02-20,Burnley,West Bromwich Albion,D,1466.7826363396105,1361.587559067776,105.1950772718344,0.22318671282322386,0.19917492361690842,0.5776383635598676,H,0.3
2020-21,2021-02-21,Arsenal,Manchester City,A,1533.8186265178713,1701.302835022774,-167.48420850490265,0.4989762831566926,0.23226077733546777,0.2687629395078396,A,0.3
2020-21,2021-02-21,Aston Villa,Leicester City,A,1494.3963933728683,1573.4504301169243,-79.05403674405602,0.39075649644670957,0.25907980954064463,0.3501636940126459,A,0.3
2020-21,2021-02-21,Manchester United,Newcastle United,H,1599.303829319187,1423.3156612819832,175.98816803720365,0.17362690075486906,0.15093207747980256,0.6754410217653284,H,0.3
2020-21,2021-02-21,West Ham,Tottenham,H,1520.2937318988047,1551.761480289205,-31.467748390400402,0.34062789338392147,0.257941170962309,0.4014309356537696,H,0.3
2020-21,2021-02-22,Brighton and Hove Albion,Crystal Palace,A,1454.248830719356,1434.8010380226876,19.44779269666833,0.29286145856967266,0.2444575018069547,0.46268103962337265,H,0.3
2020-21,2021-02-23,Leeds United,Southampton,H,1452.0401665159852,1466.871674172853,-14.83150765686787,0.32440011910918104,0.2548710864956795,0.4207287943951394,H,0.3
2020-21,2021-02-27,Newcastle United,Wolverhampton Wanderers,D,1419.1553345928291,1499.179363687191,-80.02402909436182,0.3918382081992572,0.2589839236728565,0.3491778681278863,A,0.3
2020-21,2021-02-27,West Bromwich Albion,Brighton and Hove Albion,H,1366.0136398835457,1445.8337941284265,-79.82015424488077,0.3916106495459907,0.2590044692648259,0.3493848811891834,A,0.3
2020-21,2021-02-27,Leeds United,Aston Villa,A,1464.030107054955,1488.0719370083734,-24.041829953418528,0.33330559914894925,0.25673765750398714,0.4099567433470636,H,0.3
2020-21,2021-02-27,Manchester City,West Ham,H,1705.8125251400681,1526.5675134842543,179.24501165581387,0.1715078845762334,0.14866791681712313,0.6798241986066436,H,0.3
2020-21,2021-02-28,Chelsea,Manchester United,D,1567.088506362268,1603.464156008341,-36.37564964607304,0.34553869163002926,0.25858677873961494,0.39587452963035574,H,0.3
2020-21,2021-02-28,Crystal Palace,Fulham,D,1443.2160746136171,1416.492059876768,26.724014736849085,0.2864697684920882,0.24158800844220532,0.4719422230657065,H,0.3
2020-21,2021-02-28,Leicester City,Arsenal,A,1579.7748864814191,1529.308936400577,50.46595008084205,0.26628115759635546,0.23079142571886518,0.5029274166847794,H,0.3
2020-21,2021-02-28,Sheffield United,Liverpool,A,1383.273802526716,1605.2285795412663,-221.95477701455025,0.5731360210530786,0.2012475287853983,0.22561645016152307,A,0.3
2020-21,2021-02-28,Tottenham,Burnley,H,1545.4876987037555,1462.3565555238408,83.13114317991472,0.240023892231612,0.21285643377767488,0.5471196739907132,H,0.3
2020-21,2021-03-01,Everton,Southampton,H,1507.6789176830891,1454.8817336338834,52.797184049205725,0.2643511369760905,0.22962133551146563,0.506027527512444,H,0.3
2020-21,2021-03-02,Manchester City,Wolverhampton Wanderers,H,1708.3949283917552,1498.603663085892,209.79126530586313,0.1523405988664395,0.12772351548296074,0.7199358856505997,H,0.3
2020-21,2021-03-03,Burnley,Leicester City,D,1452.898615192239,1565.731046333171,-112.83243114093193,0.4298572239402302,0.25300852305642774,0.3171342530033421,A,0.3
2020-21,2021-03-03,Crystal Palace,Manchester United,D,1440.7705376674955,1604.143073467012,-163.37253579951653,0.4935545750363657,0.23423557104663242,0.272209853917002,A,0.3
2020-21,2021-03-03,Sheffield United,Aston Villa,H,1377.6362623970933,1495.6355812072468,-117.99931881015345,0.436094796950848,0.2515975633526222,0.3123076396965298,A,0.3
2020-21,2021-03-04,West Bromwich Albion,Everton,A,1373.0835916992166,1512.3244231875542,-139.24083148833756,0.4624193491081235,0.24453591837036565,0.2930447325215108,A,0.3
2020-21,2021-03-04,Fulham,Tottenham,A,1418.9375968228896,1554.9456390353575,-136.0080422124679,0.4583443454361461,0.24573738934223122,0.2959182652216227,A,0.3
2020-21,2021-03-04,Liverpool,Chelsea,A,1610.866119670889,1566.4095889035968,44.45653076729218,0.27129831457869985,0.23372080630111156,0.49498087912018857,H,0.3
2020-21,2021-03-06,Aston Villa,Wolverhampton Wanderers,D,1487.9688445532604,1494.1829716600023,-6.214127106741898,0.3162392962102863,0.25275748152079874,0.431003222268915,H,0.3
2020-21,2021-03-06,Brighton and Hove Albion,Leicester City,A,1438.7638423127555,1564.2220201338614,-125.45817782110589,0.44521555561493065,0.24934516571611542,0.3054392786689539,A,0.3
2020-21,2021-03-06,Burnley,Arsenal,D,1454.4076413915486,1543.3527765488252,-88.94513515727658,0.40190122422929053,0.25788139934885274,0.3402173764218568,A,0.3
2020-21,2021-03-06,Sheffield United,Southampton,A,1385.3029990510797,1450.2362281294184,-64.93322907833863,0.3752845988001069,0.25993821481522283,0.3647771863846703,A,0.3
2020-21,2021-03-07,West Bromwich Albion,Newcastle United,D,1368.026238326392,1419.731035194128,-51.70479686773592,0.36125298106887094,0.25982534479510133,0.37892167413602773,H,0.3
2020-21,2021-03-07,Tottenham,Crystal Palace,H,1560.0677973367478,1443.6610443657746,116.40675297097323,0.21489088287409838,0.191863043419712,0.5932460737061896,H,0.3
2020-21,2021-03-07,Liverpool,Fulham,A,1602.0886704043553,1413.8154385214993,188.27323188285595,0.16570907465086254,0.14241316350131372,0.6918777618478238,H,0.3
2020-21,2021-03-07,Manchester City,Manchester United,A,1712.815619817645,1601.252566768733,111.56305304891202,0.2184538248862025,0.195047161896429,0.5864990132173685,H,0.3
2020-21,2021-03-08,Chelsea,Everton,H,1575.1870381701306,1517.3817765603787,57.805261609751824,0.2602351527377271,0.22704619734466697,0.512718649917606,H,0.3
2020-21,2021-03-08,West Ham,Leeds United,H,1523.9851102325672,1456.4664628560815,67.51864737648566,0.25236665104098327,0.221823661768017,0.5258096871909999,H,0.3
2020-21,2021-03-10,Manchester City,Southampton,H,1697.579013916073,1460.755881163203,236.82313275287015,0.13647465874674392,0.10997920232160874,0.7535461389316473,H,0.3
2020-21,2021-03-12,Newcastle United,Aston Villa,D,1419.9697449762439,1486.4330121665782,-66.46326719033436,0.37693624272047604,0.25989395528492204,0.3631698019946019,A,0.3
2020-21,2021-03-13,Fulham,Manchester City,A,1424.1180042076473,1701.4172880230124,-277.299283815365,0.6499885306989519,0.16394955543409684,0.1860619138669513,A,0.3
2020-21,2021-03-13,Leeds United,Chelsea,D,1449.5529272296296,1582.3951758135734,-132.84224858394373,0.4543771383129412,0.2468708416043269,0.29875202008273183,A,0.3
2020-21,2021-03-13,Crystal Palace,West Bromwich Albion,H,1436.6589762176707,1367.7875285442763,68.87144767339441,0.25128252871861134,0.22107358184138068,0.527643889440008,H,0.3
2020-21,2021-03-13,Everton,Burnley,A,1510.173638916936,1455.2388272391115,54.93481167782443,0.2625892802689971,0.22853231393042436,0.5088784058005785,H,0.3
2020-21,2021-03-14,Leicester City,Sheffield United,H,1569.5584917491176,1374.7833460172951,194.77514573182248,0.16160195792808638,0.13793619888100916,0.7004618431909044,H,0.3
2020-21,2021-03-14,Manchester United,West Ham,H,1616.489172670305,1530.898645859019,85.59052681128583,0.23811264332383977,0.21138551876805045,0.5505018379081098,H,0.3
2020-21,2021-03-14,Arsenal,Tottenham,H,1542.5215907012623,1567.0698654848518,-24.548274783589477,0.3338008980869146,0.2568283469709569,0.4093707549421285,H,0.3
2020-21,2021-03-14,Southampton,Brighton and Hove Albion,A,1456.9176070562637,1433.4273706974993,23.490236358764378,0.28929809099105247,0.2428901234729101,0.46781178553603736,H,0.3
2020-21,2021-03-15,Wolverhampton Wanderers,Liverpool,A,1495.7188040466845,1591.7861047182073,-96.06730067152284,0.41008310102682577,0.2567179511764376,0.33319894779673664,A,0.3
2020-21,2021-03-19,Fulham,Leeds United,A,1418.6383310166989,1451.619307431423,-32.98097641472418,0.34213589866373634,0.2581530058030096,0.39971109553325407,H,0.3
2020-21,2021-03-20,Brighton and Hove Albion,Newcastle United,H,1441.9026722209971,1420.1557513036369,21.746920917360285,0.2908309899307027,0.24357435737538627,0.46559465269391104,H,0.3
2020-21,2021-03-21,Aston Villa,Tottenham,A,1486.2470058391852,1560.9119366208984,-74.66493078171311,0.38589232991023625,0.2594545217305304,0.35465314835923334,A,0.3
2020-21,2021-03-21,West Ham,Arsenal,D,1526.8696444552374,1548.6795195652157,-21.809875109978293,0.3311298001120423,0.2563230613290502,0.41254713855890757,H,0.3
2020-21,2021-04-03,Arsenal,Liverpool,A,1549.7743140144341,1597.7405800580934,-47.96626604365929,0.3573672014029439,0.2596325763081904,0.3830002222888657,H,0.3
2020-21,2021-04-03,Chelsea,West Bromwich Albion,A,1580.32879561178,1363.4510808948216,216.87771471695828,0.148080003919324,0.12298180613706874,0.7289381899436073,H,0.3
2020-21,2021-04-03,Leeds United,Sheffield United,H,1458.9784120493887,1368.6120716945752,90.36634035481347,0.2344262952958403,0.20848779349969285,0.5570859112044669,H,0.3
2020-21,2021-04-03,Leicester City,Manchester City,A,1575.7297660718375,1706.8969612139608,-131.16719514212332,0.452287518070254,0.24745308036678393,0.300259401562962,A,0.3
2020-21,2021-04-04,Southampton,Burnley,H,1448.4423055327659,1464.1603795949634,-15.718074062197502,0.3252490108909562,0.2550685479996928,0.419682441109351,H,0.3
2020-21,2021-04-04,Newcastle United,Tottenham,D,1409.6000283079736,1571.0892180033193,-161.48918969534566,0.49108181984255445,0.23511979502054556,0.27379838513689997,A,0.3
2020-21,2021-04-04,Manchester United,Brighton and Hove Albion,H,1620.5181740740866,1452.4583952166604,168.05977885742618,0.17884512259005636,0.15645354727464858,0.6647013301352951,H,0.3
2020-21,2021-04-04,Aston Villa,Fulham,H,1476.0697244567643,1411.2792263987333,64.79049805803106,0.25456161338418715,0.22331979246328418,0.5221185941525287,H,0.3
2020-21,2021-04-05,Everton,Crystal Palace,D,1501.252086561084,1440.9954238671253,60.25666269395879,0.25823522955169276,0.22575592425702568,0.5160088461912815,H,0.3
2020-21,2021-04-05,Wolverhampton Wanderers,West Ham,A,1489.7643287067983,1525.774850006019,-36.01052129922073,0.3451713667701794,0.2585428803940789,0.3962857528357417,H,0.3
2020-21,2021-04-09,Fulham,Wolverhampton Wanderers,A,1404.2837101188477,1482.4743423750092,-78.1906322561615,0.389795699757693,0.2591611825217847,0.35104311772052216,A,0.3
2020-21,2021-04-10,Crystal Palace,Chelsea,A,1444.3247824597915,1559.3521733811012,-115.02739092130969,0.43249888815562315,0.2524242450817866,0.31507686676259017,A,0.3
2020-21,2021-04-10,Liverpool,Aston Villa,H,1611.7774432783979,1483.06524073665,128.71220254174796,0.20598146931598585,0.18362677646506137,0.6103917542189528,H,0.3
2020-21,2021-04-10,Manchester City,Leeds United,A,1715.1704129620914,1462.922275705266,252.24813725682543,0.12789811386203476,0.10033794548534443,0.7717639406526208,H,0.3
2020-21,2021-04-11,Tottenham,Manchester United,A,1568.2484668204397,1623.2487457017332,-55.000278881293525,0.36470721074804646,0.25993653826451774,0.37535625098743575,H,0.3
2020-21,2021-04-11,West Ham,Leicester City,H,1533.0648363378082,1567.456314323707,-34.391477985898746,0.34354643185910255,0.25834021248354433,0.3981133556573531,H,0.3
2020-21,2021-04-11,Burnley,Newcastle United,A,1458.1505340511778,1412.4407794908532,45.709754560324654,0.27024697525234004,0.23312042011773215,0.4966326046299278,H,0.3
2020-21,2021-04-11,Sheffield United,Arsenal,A,1364.668208038698,1535.7374507941297,-171.0692427554318,0.5037287733261842,0.23049039757048503,0.26578082910333084,A,0.3
2020-21,2021-04-12,Brighton and Hove Albion,Everton,D,1449.7278235890137,1497.9227279684178,-48.19490437940408,0.3576038479356572,0.2596463962038306,0.38274975586051213,H,0.3
2020-21,2021-04-12,West Bromwich Albion,Southampton,H,1384.4277031255003,1454.4521510765514,-70.02444795105112,0.3808037205113068,0.2597449758884537,0.3594513036002395,A,0.3
2020-21,2021-04-16,Everton,Tottenham,D,1498.262375236911,1557.3760718979497,-59.1136966610386,0.369057131913088,0.259998005488722,0.37094486259819004,H,0.3
2020-21,2021-04-17,Newcastle United,West Ham,H,1421.2357131235622,1539.3874927384277,-118.15177961486552,0.4362798594154954,0.2515540572228074,0.3121660833616971,A,0.3
2020-21,2021-04-17,Wolverhampton Wanderers,Sheffield United,H,1488.8177819739858,1355.7828792163607,133.0349027576251,0.20289979815080195,0.18069134266444153,0.6164088591847565,H,0.3
2020-21,2021-04-18,Arsenal,Fulham,D,1544.622779616467,1397.940270519871,146.68250909659582,0.19333320953454414,0.1713172304743339,0.635349559991122,H,0.3
2020-21,2021-04-18,Manchester United,Burnley,H,1634.1211406242232,1449.3556004184688,184.7655402057544,0.16794887253332777,0.14483879716859388,0.6872123302980784,H,0.3
2020-21,2021-04-19,Leeds United,Liverpool,D,1473.5911550540175,1615.0819125572173,-141.4907575031998,0.46526943712212765,0.24367384241962078,0.2910567204582516,A,0.3
2020-21,2021-04-20,Chelsea,Brighton and Hove Albion,D,1570.4570390466636,1449.3881763205204,121.06886272614315,0.21149149165796954,0.18876568869417476,0.5997428196478557,H,0.3
2020-21,2021-04-21,Tottenham,Southampton,H,1557.4015817033164,1440.6293067216793,116.77227498163711,0.21462330185929263,0.19162131590509063,0.5937553822356169,H,0.3
2020-21,2021-04-21,Aston Villa,Manchester City,A,1479.7607714578305,1704.50153361334,-224.7407621555094,0.5770068022886232,0.19946669271034334,0.22352650500103347,A,0.3
2020-21,2021-04-22,Leicester City,West Bromwich Albion,H,1561.1336579230874,1398.2505474803725,162.88311044271495,0.18229770791639005,0.16006113576357225,0.6576411563200377,H,0.3
2020-21,2021-04-23,Arsenal,Everton,A,1539.2888162868132,1498.2368654315444,41.05195085526884,0.2741680576995329,0.23532322222554,0.4905087200749271,H,0.3
2020-21,2021-04-24,Liverpool,Newcastle United,D,1612.7785052914787,1428.9047529978477,183.87375229363101,0.1685209905893066,0.14545647116364754,0.6860225382470458,H,0.3
2020-21,2021-04-24,Sheffield United,Brighton and Hove Albion,H,1352.5455193935366,1454.1741095900948,-101.6285901965582,0.4165628978120633,0.25563698058127365,0.327800121606663,A,0.3
2020-21,2021-04-24,West Ham,Chelsea,A,1531.7184528641421,1565.6711057770892,-33.95265291294709,0.3431070890120947,0.2582830310427241,0.3986098799451812,H,0.3
2020-21,2021-04-25,Aston Villa,West Bromwich Albion,D,1476.2487072612362,1392.647820928837,83.60088633239911,0.23965816043236327,0.21257664009698057,0.5477651994706562,H,0.3
2020-21,2021-04-25,Leeds United,Manchester United,D,1475.894562319756,1638.102033992339,-162.2074716725831,0.4920240915671251,0.23478408995863945,0.2731918184742355,A,0.3
2020-21,2021-04-25,Wolverhampton Wanderers,Burnley,A,1492.05514179681,1445.374707050353,46.68043474645697,0.26943450152646775,0.23265154858474643,0.4979139498887858,H,0.3
2020-21,2021-04-26,Leicester City,Crystal Palace,H,1566.7363844746228,1433.2199167942292,133.5164676803936,0.20255802781520485,0.1803631682144625,0.6170788039703327,H,0.3
2020-21,2021-04-30,Southampton,Leicester City,D,1437.1342292319491,1569.9663304732437,-132.8321012412946,0.45436445973034695,0.24687440536384017,0.29876113490581285,A,0.3
2020-21,2021-05-01,Crystal Palace,Manchester City,A,1429.9899707956083,1708.0135978099343,-278.02362701432594,0.6509832497338893,0.16344547748227867,0.185571272783832,A,0.3
2020-21,2021-05-01,Everton,Aston Villa,A,1506.9664795032413,1472.335856122603,34.630623380638326,0.27963573148301507,0.23822864356430032,0.48213562495268464,H,0.3
2020-21,2021-05-01,Brighton and Hove Albion,Leeds United,H,1446.7586394427653,1478.7543077879477,-31.995668345182366,0.3411533748054465,0.25801636469450895,0.40083026050004456,H,0.3
2020-21,2021-05-01,Chelsea,Fulham,H,1573.008029723507,1403.2742338495248,169.73379587398222,0.17773630578887045,0.15528703068859212,0.6669766635225375,H,0.3
2020-21,2021-05-02,Newcastle United,Arsenal,A,1434.9606358194335,1530.5592022151163,-95.59856639568284,0.40954059122303965,0.256802181135608,0.3336572276413523,A,0.3
2020-21,2021-05-02,Tottenham,Sheffield United,H,1560.8966591930466,1359.960989540866,200.93566965218065,0.15776434439156864,0.13372231637463397,0.7085133392337974,H,0.3
2020-21,2021-05-03,Burnley,West Ham,A,1465.8272481304423,1524.3815289177244,-58.554280787282096,0.36846303894779214,0.2599946931493655,0.37154226790284234,H,0.3
2020-21,2021-05-03,West Bromwich Albion,Wolverhampton Wanderers,D,1396.5606720674703,1471.6026007167206,-75.0419286492504,0.3863081758633988,0.25942614690674787,0.3542656772298534,A,0.3
2020-21,2021-05-07,Leicester City,Newcastle United,A,1567.9002298662167,1425.5070342482884,142.3931956179283,0.1963132870693223,0.17427809650454473,0.629408616426133,H,0.3
2020-21,2021-05-08,Leeds United,Tottenham,H,1468.79660575598,1566.2681904920096,-97.47158473602963,0.41171180284617337,0.2564591839210076,0.33182901323281916,A,0.3
2020-21,2021-05-08,Liverpool,Southampton,H,1606.722622469893,1439.2003298389761,167.5222926309168,0.17920193283482058,0.15682812227612022,0.6639699448890592,H,0.3
2020-21,2021-05-08,Manchester City,Chelsea,A,1712.340809893906,1577.300077561204,135.04073233270196,0.2014782770823793,0.17932298964673596,0.6191987332708847,H,0.3
2020-21,2021-05-08,Sheffield United,Crystal Palace,A,1354.589458241903,1425.6627587116366,-71.07330046973357,0.38194900229740547,0.2596888516049343,0.35836214609766026,A,0.3
2020-21,2021-05-09,Wolverhampton Wanderers,Brighton and Hove Albion,H,1471.169929505069,1456.716341474733,14.453588030335823,0.297307220313975,0.24629930487803087,0.45639347480799414,H,0.3
2020-21,2021-05-09,West Ham,Everton,A,1531.161393169752,1498.3284044030793,32.83298876667277,0.28117952679610236,0.23901392844558347,0.4798065447583142,H,0.3
2020-21,2021-05-09,Arsenal,West Bromwich Albion,H,1540.0128037862614,1396.993343279122,143.01946050713946,0.19587665839375507,0.1738465178833846,0.6302768237228603,H,0.3
2020-21,2021-05-09,Aston Villa,Manchester United,A,1480.973931222765,1635.2422885241474,-154.26835730138237,0.4816657243812963,0.23838789979384634,0.2799463758248574,A,0.3
2020-21,2021-05-10,Fulham,Burnley,A,1398.9821860118277,1459.0473838784146,-60.065197866586914,0.3700694375781828,0.2599999892070503,0.36993057321476686,A,0.3
2020-21,2021-05-11,Manchester United,Leicester City,A,1642.7894245527195,1552.1699586669324,90.61946588578712,0.2342318291646005,0.20833273303080702,0.5574354378045925,H,0.3
2020-21,2021-05-11,Southampton,Crystal Palace,H,1434.860930400087,1435.965998722598,-1.1050683225109879,0.3114767867811675,0.25134046578927977,0.43718274742955276,H,0.3
2020-21,2021-05-12,Chelsea,Arsenal,A,1587.154733549164,1544.9043164483815,42.25041710078244,0.27315558069470275,0.23476395870147124,0.492080460603826,H,0.3
2020-21,2021-05-13,Aston Villa,Everton,D,1473.426795194193,1506.9405498792485,-33.513754685055574,0.34266813207572816,0.2582248812793043,0.3991069866449675,H,0.3
2020-21,2021-05-13,Manchester United,Liverpool,A,1633.4142993459745,1611.062021908782,22.35227743719247,0.29029804687192956,0.24333817980294534,0.4663637733251251,H,0.3
2020-21,2021-05-14,Newcastle United,Manchester City,A,1441.2373054475727,1702.4861539059461,-261.24884845837346,0.6278215302425085,0.1750660070650753,0.19711246269241614,A,0.3
2020-21,2021-05-15,Burnley,Leeds United,A,1469.7395244691418,1480.446862170351,-10.707337701209326,0.3204741418525268,0.2539032888582165,0.42562256928925674,H,0.3
2020-21,2021-05-15,Southampton,Fulham,H,1443.997805356169,1388.2900454211006,55.70775993506845,0.2619540488185086,0.22813479339972884,0.5099111577817625,H,0.3
2020-21,2021-05-15,Brighton and Hove Albion,West Ham,D,1451.2836117994593,1522.5492476935829,-71.26563589412353,0.38215932812237424,0.2596779556321682,0.35816271624545754,A,0.3
2020-21,2021-05-16,Crystal Palace,Aston Villa,H,1426.829123766516,1472.6659331331066,-45.836809366590614,0.3551693698833806,0.2594911728425958,0.3853394572740236,H,0.3
2020-21,2021-05-16,Everton,Sheffield United,A,1507.7014119403348,1344.2862182309416,163.41519370939318,0.18194118407018395,0.15969038051873696,0.658368435411079,H,0.3
2020-21,2021-05-16,Tottenham,Wolverhampton Wanderers,H,1554.6179340776384,1476.6026591803427,78.01527489729574,0.24402804016632368,0.2158673061682966,0.5401046536653797,H,0.3
2020-21,2021-05-16,West Bromwich Albion,Liverpool,A,1392.101830617002,1624.4682688030875,-232.3664381860856,0.5876177648550885,0.1945215719030733,0.2178606632418381,A,0.3
2020-21,2021-05-18,Brighton and Hove Albion,Manchester City,H,1451.6077492752981,1705.4470113342848,-253.8392620589866,0.6175278203908973,0.18014306888274437,0.2023291107263584,A,0.3
2020-21,2021-05-18,Chelsea,Leicester City,H,1578.4082249344158,1561.5450838736774,16.86314106073837,0.2951562202705789,0.24542389041456056,0.4594198893148605,H,0.3
2020-21,2021-05-18,Manchester United,Fulham,D,1620.008052451669,1381.0173073577462,238.9907450939229,0.13524824170330066,0.10860082854075814,0.7561509297559412,H,0.3
2020-21,2021-05-18,Southampton,Leeds United,A,1451.2705434195234,1498.7205067921109,-47.44996337258749,0.3568332912367616,0.2596003963721225,0.3835663123911159,H,0.3
2020-21,2021-05-19,Tottenham,Aston Villa,A,1561.221684742488,1466.152571272326,95.06911347016194,0.23082826475318954,0.20558369244045654,0.5635880428063539,H,0.3
2020-21,2021-05-19,Newcastle United,Sheffield United,H,1438.276448019234,1354.3966052457645,83.87984277346959,0.23944112382883678,0.21241022578825616,0.548148650382907,H,0.3
2020-21,2021-05-19,West Bromwich Albion,West Ham,A,1388.7104694517116,1522.225110217744,-133.51464076603247,0.4552177944077903,0.24663370587244468,0.29814849971976504,A,0.3
2020-21,2021-05-19,Everton,Wolverhampton Wanderers,H,1497.5910249255119,1469.9989085154932,27.59211641001866,0.2857138304302392,0.24123125946756654,0.4730549101021943,H,0.3
2020-21,2021-05-19,Burnley,Liverpool,A,1451.465879847382,1627.859629968378,-176.39375012099595,0.5108285555224972,0.2277803475918997,0.2613910968856032,A,0.3
2020-21,2021-05-19,Crystal Palace,Arsenal,A,1433.3424856272966,1553.6508250631296,-120.30833943583298,0.43890371886933877,0.25092726525824643,0.31016901587241485,A,0.3
2020-21,2021-05-23,Leeds United,West Bromwich Albion,H,1509.8629743228464,1380.5123726607724,129.35060166207404,0.20552478548402284,0.18319448110588096,0.6112807334100961,H,0.3
2020-21,2021-05-23,Sheffield United,Burnley,H,1350.3368153394022,1442.777482526975,-92.4406671875729,0.4059004562260169,0.25734158262102297,0.33675796115296003,A,0.3
2020-21,2021-05-23,Manchester City,Everton,H,1696.0854026889558,1502.746447848209,193.33895484074674,0.1625041628190998,0.13892270576698265,0.6985731314139175,H,0.3
2020-21,2021-05-23,Fulham,Newcastle United,A,1387.9827915979458,1442.3362379255964,-54.353446327650545,0.3640270700607407,0.25991905822896266,0.37605387171029664,H,0.3
2020-21,2021-05-23,West Ham,Southampton,H,1530.4232070086832,1440.1280758887879,90.29513111989536,0.2344810190199904,0.2085313888505102,0.5569875921294993,H,0.3
2020-21,2021-05-23,Arsenal,Brighton and Hove Albion,H,1562.2771507438429,1460.969357920627,101.30779282321578,0.2261033354858956,0.20165898466743712,0.5722376798466673,H,0.3
2020-21,2021-05-23,Liverpool,Crystal Palace,H,1636.5480272887849,1424.7161599465833,211.83186734220158,0.15110643140459357,0.12635236603524921,0.7225412025601572,H,0.3
2020-21,2021-05-23,Leicester City,Tottenham,A,1556.1637722252133,1551.7941967275337,4.369575497679534,0.3064345090556767,0.24968954540710567,0.44387594553721765,H,0.3
2020-21,2021-05-23,Aston Villa,Chelsea,H,1475.5800592872802,1583.78953658288,-108.20947729559975,0.4243330706741114,0.2541652935895082,0.3215016357363803,A,0.3
2020-21,2021-05-23,Wolverhampton Wanderers,Manchester United,A,1464.843485592796,1613.0425682114694,-148.1990826186734,0.4738338528338986,0.24098003089842254,0.2851861162676788,A,0.3
2021-22,2021-08-13,Brentford,Arsenal,H,1420.0,1547.7582765546354,-127.75827655463536,0.44805540217307954,0.2486001666321947,0.30334443119472587,A,0.3
2021-22,2021-08-14,Chelsea,Crystal Palace,H,1553.3905010683743,1444.8747310114134,108.51577005696095,0.22071172765912667,0.19703111544296417,0.5822571568979092,H,0.3
2021-22,2021-08-14,Burnley,Brighton and Hove Albion,A,1454.8543464979402,1468.5142795104937,-13.659933012553438,0.32328101707930995,0.25460438529542256,0.42211459762526754,H,0.3
2021-22,2021-08-14,Everton,Southampton,H,1497.5709174982953,1452.566479185165,45.00443831313032,0.27083834082980424,0.23345900942298511,0.4957026497472106,H,0.3
2021-22,2021-08-14,Leicester City,Wolverhampton Wanderers,H,1530.2336886978694,1471.974451096199,58.25923760167052,0.259864057532383,0.22680870445879067,0.5133272380088263,H,0.3
2021-22,2021-08-14,Manchester United,Leeds United,H,1582.545786566787,1510.5592374440432,71.98654912274378,0.24879682287072769,0.21932618639291968,0.5318769907363526,H,0.3
2021-22,2021-08-14,Watford,Aston Villa,H,1457.1613938239198,1488.1682160407377,-31.00682221681791,0.3401696353316402,0.25787438953087255,0.4019559751374872,H,0.3
2021-22,2021-08-14,Norwich City,Liverpool,A,1414.4525068364032,1598.0102000533443,-183.55769321694106,0.5204542069426098,0.2239884935051057,0.2555572995522845,A,0.3
2021-22,2021-08-15,Newcastle United,West Ham,A,1467.2621954805543,1526.8194188430646,-59.557223362510285,0.3695287157965917,0.2599995022143517,0.37047178198905656,H,0.3
2021-22,2021-08-15,Tottenham,Manchester City,H,1545.3368895690535,1641.61137787772,-96.2744883086666,0.4103230792932794,0.25668037802871985,0.33299654267800066,A,0.3
2021-22,2021-08-21,Leeds United,Everton,D,1500.625873074503,1505.178640406498,-4.552767331995028,0.31468451819416304,0.2523099359549146,0.4330055458509224,H,0.3
2021-22,2021-08-21,Manchester City,Norwich City,H,1634.2796779027406,1406.0249324548647,228.25474544787585,0.14138974416560973,0.11549740407043468,0.7431128517639557,H,0.3
2021-22,2021-08-21,Liverpool,Burnley,H,1606.4377744348828,1447.0522598183138,159.38551461656903,0.1846506738517322,0.16249740955988395,0.6528519165883839,H,0.3
2021-22,2021-08-21,Aston Villa,Newcastle United,H,1481.9021442765256,1456.5520120934386,25.350132183087,0.2876690010659525,0.24214640415159605,0.47018459478245145,H,0.3
2021-22,2021-08-21,Crystal Palace,Brentford,D,1437.6119661897558,1432.382828928493,5.229137261262849,0.3056484719148671,0.249418062824979,0.44493346526015387,H,0.3
2021-22,2021-08-21,Brighton and Hove Albion,Watford,H,1476.31636619012,1463.4274655881318,12.888900601988325,0.2987101176581008,0.24685445163093558,0.45443543071096365,H,0.3
2021-22,2021-08-22,Arsenal,Chelsea,A,1535.3754476261424,1560.653265890032,-25.277818263889458,0.3345154277814709,0.25695678049659787,0.4085277917219312,H,0.3
2021-22,2021-08-22,Southampton,Manchester United,D,1444.9587562769623,1592.4791509363272,-147.5203946593649,0.472962919256176,0.24126084833339403,0.28577623241042993,A,0.3
2021-22,2021-08-22,Wolverhampton Wanderers,Tottenham,A,1467.4354153682687,1552.668589544033,-85.23317417576436,0.397689051322595,0.25838836139513516,0.3439225872822698,A,0.3
2021-22,2021-08-23,West Ham,Leicester City,H,1537.5296022301802,1534.7727244257997,2.756877804380565,0.30791336750210646,0.2501899532684384,0.44189667922945514,H,0.3
2021-22,2021-08-28,Norwich City,Leicester City,A,1400.835057004914,1523.4011956306224,-122.56613862570839,0.44166300341989345,0.2502483638255323,0.30808863275457427,A,0.3
2021-22,2021-08-28,Brighton and Hove Albion,Everton,A,1484.9801685804528,1506.761128035351,-21.780959454898266,0.33110168696915787,0.2563175308655392,0.4125807821653029,H,0.3
2021-22,2021-08-28,Newcastle United,Southampton,D,1448.3067108554956,1447.4258319041337,0.8808789513618649,0.3096404596870932,0.2507572960630066,0.43960224424990013,H,0.3
2021-22,2021-08-28,Manchester City,Arsenal,H,1639.4695533526913,1523.4322554316236,116.03729792106765,0.21516152671172492,0.19210717238949135,0.5927313008987837,H,0.3
2021-22,2021-08-28,Liverpool,Chelsea,D,1610.9549082700266,1572.5964580845507,38.35845018547593,0.27645268745751894,0.23656079062312738,0.48698652191935365,H,0.3
2021-22,2021-08-28,Aston Villa,Brentford,D,1490.1474455144687,1434.2385223104775,55.90892320399121,0.261788886621442,0.2280310139672329,0.510180099411325,H,0.3
2021-22,2021-08-28,West Ham,Crystal Palace,D,1548.9011310253575,1435.7562728077712,113.14485821758626,0.21728677213801453,0.1940113326604739,0.5887018952015116,H,0.3
2021-22,2021-08-29,Burnley,Leeds United,D,1442.53512598317,1499.04338544565,-56.508259462480055,0.3662969334269324,0.2599690449530709,0.37373402161999664,H,0.3
2021-22,2021-08-29,Tottenham,Watford,H,1558.8577505398837,1454.7636631977991,104.09408734208455,0.22401065904812678,0.19988134611086752,0.5761079948410057,H,0.3
2021-22,2021-08-29,Wolverhampton Wanderers,Manchester United,A,1461.246254372418,1590.0120753091558,-128.76582093673778,0.44930337427215916,0.2482664458158769,0.302430179911964,A,0.3
2021-22,2021-09-11,Watford,Wolverhampton Wanderers,A,1451.0577758263146,1455.9774325609055,-4.919656734590944,0.3150273611878217,0.252409872931113,0.43256276588106524,H,0.3
2021-22,2021-09-11,Leicester City,Manchester City,A,1528.797150394465,1648.5351773082593,-119.73802691379433,0.4382087116355073,0.2510950896239311,0.3106961987405616,A,0.3
2021-22,2021-09-11,Crystal Palace,Tottenham,H,1440.3644656783918,1562.5636379113682,-122.19917223297648,0.441213680225703,0.2503602788849046,0.30842604088939235,A,0.3
2021-22,2021-09-11,Chelsea,Aston Villa,H,1575.3541607526345,1486.929813494478,88.42434725815656,0.23592130917715606,0.20967254280162914,0.5544061480212148,H,0.3
2021-22,2021-09-11,Brentford,Brighton and Hove Albion,A,1437.4561543304683,1472.9098887295636,-35.45373439909531,0.34461184593080446,0.25847465814641507,0.3969134959227805,H,0.3
2021-22,2021-09-11,Southampton,West Ham,D,1449.1604071476418,1544.292938154737,-95.13253100709517,0.40900176748743844,0.2568848606556551,0.3341133718569065,A,0.3
2021-22,2021-09-11,Manchester United,Newcastle United,H,1595.2808971206682,1446.5721356119875,148.7087615086807,0.1919339128931722,0.16991484192573328,0.6381512451810946,H,0.3
2021-22,2021-09-11,Arsenal,Norwich City,H,1514.3666314760555,1395.4391022410714,118.92752923498415,0.21304921326672294,0.1901920885252125,0.5967586982080645,H,0.3
2021-22,2021-09-12,Leeds United,Liverpool,A,1499.1438824335441,1608.1972056019429,-109.05332316839872,0.42533738760209855,0.25396165871533727,0.3207009536825642,A,0.3
2021-22,2021-09-13,Everton,Burnley,H,1518.8314078862402,1442.434628995276,76.39677889096424,0.24530291664049808,0.216805610874925,0.5378914724845769,H,0.3
2021-22,2021-09-17,Newcastle United,Leeds United,D,1440.5672044415987,1487.7881990650617,-47.22099462346296,0.35659672512193363,0.25958569397761333,0.38381758090045304,H,0.3
2021-22,2021-09-18,Wolverhampton Wanderers,Brentford,A,1468.6624169208742,1430.1534734999273,38.508943420946935,0.27632470366329814,0.23649235680805866,0.48718293952864317,H,0.3
2021-22,2021-09-18,Norwich City,Watford,A,1391.9790004070746,1438.372791466346,-46.39379105927128,0.3557431540513361,0.2595303707463391,0.3847264752023248,H,0.3
2021-22,2021-09-18,Manchester City,Southampton,D,1653.9895958143672,1450.168170166662,203.82142564770515,0.15598485454949249,0.13175934222095145,0.7122558032295561,H,0.3
2021-22,2021-09-18,Liverpool,Crystal Palace,H,1619.5528889704253,1455.824307515252,163.7285814551733,0.1817313744964726,0.15947200151653457,0.6587966239869929,H,0.3
2021-22,2021-09-18,Aston Villa,Everton,H,1478.9731375120891,1525.4823368780528,-46.509199365963696,0.35586213960483665,0.25953829673224604,0.3845995636629173,H,0.3
2021-22,2021-09-18,Burnley,Arsenal,A,1435.7837000034633,1517.8267333100523,-82.043033306589,0.39409757458350414,0.2587692038379997,0.34713322157849624,A,0.3
2021-22,2021-09-19,Brighton and Hove Albion,Leicester City,H,1480.2125695601046,1523.342731888357,-43.13016232825248,0.35239193706097355,0.25927840778360095,0.38832965515542545,H,0.3
2021-22,2021-09-19,Tottenham,Chelsea,A,1547.103796074508,1583.3108367350233,-36.207040660515304,0.3453690285746875,0.2585665901011467,0.3960643813241658,H,0.3
2021-22,2021-09-19,West Ham,Manchester United,A,1543.2851751357166,1601.285828291057,-58.00065315534039,0.3678758733736793,0.25998985058062846,0.3721342760456923,H,0.3
2021-22,2021-09-25,Watford,Newcastle United,D,1449.5531585303313,1440.1995608728953,9.353597657436012,0.30189777473799345,0.24806969658241765,0.45003252867958893,H,0.3
2021-22,2021-09-25,Leicester City,Burnley,D,1516.874365366565,1429.5248141419568,87.34955122460815,0.23675105883061576,0.21032447406073101,0.5529244671086532,H,0.3
2021-22,2021-09-25,Leeds United,West Ham,A,1488.1558426337651,1536.492887460866,-48.337044827100954,0.35775103225390514,0.2596548545238922,0.3825941132222027,H,0.3
2021-22,2021-09-25,Manchester United,Aston Villa,A,1608.0781159659075,1492.0221941383074,116.05592182760006,0.21514787937193183,0.19209487088688132,0.5927572497411869,H,0.3
2021-22,2021-09-25,Chelsea,Manchester City,A,1597.881850152419,1647.582720673286,-49.700870520867056,0.3591658023116458,0.2597308158324037,0.38110338185595055,H,0.3
2021-22,2021-09-25,Brentford,Liverpool,D,1443.9324505801635,1625.1322986726948,-181.19984809253128,0.5172772865722745,0.22525439954044116,0.2574683138872844,A,0.3
2021-22,2021-09-25,Everton,Norwich City,H,1512.4332802518345,1380.7986333430893,131.63464690874525,0.20389532260961266,0.18164430407150073,0.6144603733188866,H,0.3
2021-22,2021-09-26,Arsenal,Tottenham,H,1524.0856191715588,1532.5327826571122,-8.447163485553347,0.3183384460865578,0.25333876337136624,0.428322790542076,H,0.3
2021-22,2021-09-26,Southampton,Wolverhampton Wanderers,A,1456.5750453077433,1454.883439840638,1.691605467105319,0.30889318553725525,0.2505140699065149,0.4405927445562298,H,0.3
2021-22,2021-09-27,Crystal Palace,Brighton and Hove Albion,D,1450.2448978129826,1486.6809360818968,-36.43603826891422,0.3455994743786666,0.25859397491883773,0.39580655070249565,H,0.3
2021-22,2021-10-02,Wolverhampton Wanderers,Newcastle United,H,1463.0266474607895,1442.1696205083203,20.85702695246914,0.29161569922275876,0.24391879282281667,0.46446550795442454,H,0.3
2021-22,2021-10-02,Brighton and Hove Albion,Arsenal,D,1487.3581234074022,1533.4176379165524,-46.059514509150176,0.35539870157785375,0.2595070337957416,0.38509426462640467,H,0.3
2021-22,2021-10-02,Burnley,Norwich City,D,1433.5286536670828,1375.6332592199572,57.89539444712568,0.26016144869502966,0.22699909819563496,0.5128394531093354,H,0.3
2021-22,2021-10-02,Chelsea,Southampton,H,1590.9026365101583,1448.4318376875917,142.47079882256662,0.1962591542998319,0.17422463206254735,0.6295162136376208,H,0.3
2021-22,2021-10-02,Leeds United,Watford,H,1481.1457981839242,1447.5830988949062,33.56269928901793,0.2805521560287607,0.23869666405849305,0.4807511799127462,H,0.3
2021-22,2021-10-02,Manchester United,Everton,D,1598.4165926741837,1517.5986543749666,80.81793829921708,0.24182962923961343,0.2142261638865349,0.5439442068738517,H,0.3
2021-22,2021-10-03,West Ham,Brentford,A,1543.502931910707,1447.2859252243677,96.21700668633935,0.22995479037602445,0.2048675614971213,0.5651776481268542,H,0.3
2021-22,2021-10-03,Tottenham,Aston Villa,H,1523.2007639121186,1501.6837174300313,21.51704648208738,0.29103354892992783,0.2436636451950909,0.4653028058749813,H,0.3
2021-22,2021-10-03,Crystal Palace,Leicester City,D,1449.5677104874771,1512.8705258414388,-63.302815353961705,0.3735311924452236,0.2599723038853246,0.3664965036694518,A,0.3
2021-22,2021-10-03,Liverpool,Manchester City,D,1621.7788240284906,1654.5619343155468,-32.78311028705616,0.3419384067380963,0.2581259529616925,0.3999356403002112,H,0.3
2021-22,2021-10-16,Aston Villa,Wolverhampton Wanderers,A,1496.401009908221,1468.323281825719,28.077728082502063,0.2852915710231376,0.24103037836964747,0.4736780506072149,H,0.3
2021-22,2021-10-16,Brentford,Chelsea,A,1456.726766905658,1595.8070936355991,-139.08032672994113,0.4622164669392432,0.24459660925399865,0.2931869238067582,A,0.3
2021-22,2021-10-16,Leicester City,Manchester United,H,1512.7754660374246,1594.5717894528327,-81.7963234154081,0.39382092701358784,0.25879653677517517,0.347382536211237,A,0.3
2021-22,2021-10-16,Manchester City,Burnley,H,1655.3437008943029,1430.2598605282328,225.08384036607004,0.14323568296753578,0.11756624738169123,0.7391980696507731,H,0.3
2021-22,2021-10-16,Norwich City,Brighton and Hove Albion,D,1378.9020523588072,1486.9570991653927,-108.05504680658555,0.4241494681093572,0.2542021953538088,0.32164833653683406,A,0.3
2021-22,2021-10-16,Southampton,Leeds United,H,1443.527380562151,1486.1777429694978,-42.65036240734685,0.3519014636922707,0.2592368392125294,0.3888616970951999,H,0.3
2021-22,2021-10-16,Watford,Liverpool,A,1442.5511541093326,1620.9970574497345,-178.44590334040186,0.5135775734541104,0.22671085951881853,0.25971156702707116,A,0.3
2021-22,2021-10-17,Everton,West Ham,A,1521.4434575963176,1534.0620902294168,-12.618632633099196,0.3222889116096103,0.2543618505630538,0.42334923782733586,H,0.3
2021-22,2021-10-17,Newcastle United,Tottenham,A,1436.8729861433908,1528.4834714339288,-91.61048529053801,0.40494778107008955,0.25747524924615856,0.337576969683752,A,0.3
2021-22,2021-10-18,Arsenal,Crystal Palace,D,1533.818662158562,1449.6627702914914,84.15589186707052,0.239226461204073,0.21224535657710858,0.5485281822188185,H,0.3
2021-22,2021-10-22,Arsenal,Aston Villa,H,1529.8922908753564,1487.8580834530453,42.034207422311056,0.2733380529647351,0.2348652415588067,0.49179670547645815,H,0.3
2021-22,2021-10-23,Brighton and Hove Albion,Manchester City,A,1485.5827168471028,1658.5791865836077,-172.99646973650488,0.5062929783101097,0.22952045559709358,0.2641865660927968,A,0.3
2021-22,2021-10-23,Chelsea,Norwich City,H,1600.867654681836,1380.276434677097,220.59122000473894,0.14587585707356845,0.12052051448473987,0.7336036284416917,H,0.3
2021-22,2021-10-23,Crystal Palace,Newcastle United,D,1453.589141574697,1430.822375423251,22.766766151445836,0.28993354062550225,0.24317559683448742,0.46689086254001033,H,0.3
2021-22,2021-10-23,Everton,Watford,A,1513.617414510832,1431.4187621710514,82.19865233978066,0.2407508677823507,0.21341022091416467,0.5458389113034847,H,0.3
2021-22,2021-10-23,Leeds United,Wolverhampton Wanderers,D,1479.7173599952714,1476.8662082808949,2.851151714376556,0.3078267695123626,0.25016102291622266,0.44201220757141474,H,0.3
2021-22,2021-10-23,Southampton,Burnley,D,1449.9877635363773,1427.024374838928,22.963388697449318,0.28976074217324493,0.24309822448490806,0.46714103334184703,H,0.3
2021-22,2021-10-24,Brentford,Leicester City,A,1451.666205859421,1524.0314017317226,-72.36519587230146,0.38336356828162665,0.2596120719353183,0.357024359783055,A,0.3
2021-22,2021-10-24,Manchester United,Liverpool,A,1583.3158537585348,1632.1294493880157,-48.813595629480915,0.3582448591565323,0.2596824668387883,0.3820726740046794,H,0.3
2021-22,2021-10-24,West Ham,Tottenham,H,1541.8881333149022,1534.5340821540685,7.354051160833706,0.3037118053701937,0.24873279482438795,0.44755539980541836,H,0.3
2021-22,2021-10-30,Manchester City,Crystal Palace,A,1667.3929351684726,1451.250985971173,216.1419491972997,0.14851905240610802,0.12347145420994805,0.7280094933839439,H,0.3
2021-22,2021-10-30,Tottenham,Manchester United,A,1528.948436491004,1565.2230084744604,-36.274571983456326,0.3454369738803283,0.2585746931080239,0.39598833301164776,H,0.3
2021-22,2021-10-30,Newcastle United,Chelsea,A,1433.160531026775,1607.1371942204803,-173.97666319370524,0.5075995969138174,0.22902233328360325,0.26337806980257944,A,0.3
2021-22,2021-10-30,Liverpool,Brighton and Hove Albion,D,1650.2222946720901,1476.7689682622379,173.45332640985225,0.17528606434984412,0.15269624468846743,0.6720176909616884,H,0.3
2021-22,2021-10-30,Watford,Southampton,A,1449.9656430130203,1447.6442587791335,2.3213842338868744,0.30831364172273223,0.2503230750158528,0.44136328326141494,H,0.3
2021-22,2021-10-30,Leicester City,Arsenal,A,1530.5034020307492,1537.594531099152,-7.091129068402779,0.3170624297384666,0.25298855286639577,0.42994901739513763,H,0.3
2021-22,2021-10-30,Burnley,Brentford,H,1429.3678795961719,1445.1942055603945,-15.826325964222633,0.325352782952731,0.2550924007316229,0.4195548163156461,H,0.3
2021-22,2021-10-31,Aston Villa,West Ham,A,1480.1558432292497,1547.4737789779667,-67.31793574871699,0.377861451051567,0.25986406320733874,0.3622744857410942,A,0.3
2021-22,2021-10-31,Norwich City,Leeds United,A,1374.0068951384528,1477.927836615453,-103.92094147700027,0.41925697097369935,0.2551478703703643,0.3255951586559364,A,0.3
2021-22,2021-11-01,Wolverhampton Wanderers,Everton,H,1478.6557316607132,1495.0705336688632,-16.41480200814999,0.3259173648410041,0.25522108542875277,0.41886154973024314,H,0.3
2021-22,2021-11-05,Southampton,Aston Villa,H,1455.7972974065935,1466.9877780760487,-11.190480669455155,0.3209321258259176,0.25402083901483713,0.4250470351592453,H,0.3
2021-22,2021-11-06,Crystal Palace,Wolverhampton Wanderers,H,1467.8677197419854,1484.6772667722248,-16.8095470302394,0.3262965169878226,0.25530647479257274,0.4183970082196047,H,0.3
2021-22,2021-11-06,Manchester United,Manchester City,A,1579.7909433895863,1650.77620139766,-70.98525800807374,0.3818527564497161,0.259693776837841,0.3584534667124428,A,0.3
2021-22,2021-11-06,Chelsea,Burnley,D,1615.9146671862748,1438.896138124737,177.01852906153772,0.17295496182039916,0.15021543060109194,0.676829607578509,H,0.3
2021-22,2021-11-06,Brentford,Norwich City,A,1435.6659470318293,1368.2203620601476,67.44558497168168,0.2524252832444084,0.22186401893197863,0.525710697823613,H,0.3
2021-22,2021-11-06,Brighton and Hove Albion,Newcastle United,D,1482.631465902523,1424.3830580609806,58.2484078415423,0.25987290627460125,0.22681437767342655,0.5133127160519722,H,0.3
2021-22,2021-11-07,Arsenal,Watford,H,1550.2002195003627,1441.8126043855602,108.38761511480243,0.22080696326752136,0.1971142089624129,0.5820788277700657,H,0.3
2021-22,2021-11-07,Everton,Tottenham,D,1489.0489985573515,1514.380501575878,-25.33150301852652,0.33456805638651244,0.25696612852736544,0.4084658150861221,H,0.3
2021-22,2021-11-07,Leeds United,Leicester City,D,1483.7143696937583,1517.8977136295384,-34.18334393578016,0.3433379949620003,0.25831321095821574,0.3983487940797839,H,0.3
2021-22,2021-11-07,West Ham,Liverpool,H,1560.6418441311678,1644.359797031805,-83.71795290063733,0.39597991586809256,0.2585755886385093,0.3454444954933982,A,0.3
2021-22,2021-11-20,Newcastle United,Brentford,D,1427.6609230711285,1426.5786948346877,1.0822282364408693,0.309454741223318,0.2506971675977112,0.4398480911789708,H,0.3
2021-22,2021-11-20,Watford,Manchester United,H,1438.179077359412,1569.4846097181412,-131.30553235872912,0.4524598429517096,0.24740545680370374,0.30013470024458666,A,0.3
2021-22,2021-11-20,Wolverhampton Wanderers,West Ham,H,1475.1228626635307,1567.774346909561,-92.65148424603035,0.4061426633399594,0.2573070988075802,0.3365502378524604,A,0.3
2021-22,2021-11-20,Norwich City,Southampton,H,1377.3076142572893,1461.7311735724707,-84.42355931518136,0.39677508302190595,0.25848982606947507,0.3447350909086191,A,0.3
2021-22,2021-11-20,Burnley,Crystal Palace,D,1444.82557793693,1477.4221238506796,-32.59654591374965,0.34175228036571537,0.2581002671526354,0.4001474524816493,H,0.3
2021-22,2021-11-20,Aston Villa,Brighton and Hove Albion,H,1461.0539019101716,1479.353600892375,-18.29969898220338,0.3277309651527121,0.255622063242585,0.41664697160470293,H,0.3
2021-22,2021-11-20,Liverpool,Arsenal,H,1637.2272942534119,1553.8337465265108,83.39354772690103,0.23981954993118784,0.21270020508188484,0.5474802449869274,H,0.3
2021-22,2021-11-20,Leicester City,Chelsea,A,1518.6394121460896,1609.985227374082,-91.34581522799226,0.40464443407714434,0.2575171493293572,0.3378384165934985,A,0.3
2021-22,2021-11-21,Manchester City,Everton,H,1661.0825350691052,1488.0544576415632,173.02807742754203,0.17556525583320834,0.15299233673842108,0.6714424074283706,H,0.3
2021-22,2021-11-21,Tottenham,Leeds United,H,1515.3750424916664,1482.972671177207,32.40237131445929,0.2815502022908526,0.23920018344316615,0.4792496142659812,H,0.3
2021-22,2021-11-27,Arsenal,Newcastle United,H,1544.3868190840544,1425.9207274610624,118.46609162299205,0.2133856966230016,0.19049863903336264,0.5961156643436358,H,0.3
2021-22,2021-11-27,Norwich City,Wolverhampton Wanderers,D,1384.451405979046,1482.3974679910932,-97.94606201204715,0.41226325515824025,0.25636957921616715,0.33136716562559265,A,0.3
2021-22,2021-11-27,Brighton and Hove Albion,Leeds United,D,1469.7595748385402,1477.916856959487,-8.157282120946775,0.31806533522983776,0.25326462205449585,0.4286700427156664,H,0.3
2021-22,2021-11-27,Liverpool,Southampton,H,1646.6742216958683,1454.5873818507139,192.08683984515437,0.16329305234885366,0.13978393269007736,0.696923014961069,H,0.3
2021-22,2021-11-27,Crystal Palace,Aston Villa,A,1478.209227141468,1470.6479279640064,7.561299177461706,0.30352340971388825,0.24866488610361406,0.4478117041824977,H,0.3
2021-22,2021-11-28,Manchester City,West Ham,H,1666.4104402901307,1560.4997415819985,105.91069870813226,0.22265206159321196,0.19871457967284278,0.5786333587339453,H,0.3
2021-22,2021-11-28,Leicester City,Watford,H,1506.5267361551657,1453.9090480806046,52.6176880745611,0.2644994214897019,0.2297120831568185,0.5057884953534797,H,0.3
2021-22,2021-11-28,Brentford,Everton,H,1428.3188904447538,1482.7265524205377,-54.40766197578387,0.36408403711836,0.259920604863131,0.3759953580185089,H,0.3
2021-22,2021-11-28,Chelsea,Manchester United,D,1622.0979033650058,1553.7546389969486,68.34326436805713,0.25170547348517724,0.2213670800757376,0.5269274464390852,H,0.3
2021-22,2021-11-30,Leeds United,Crystal Palace,H,1479.398033702313,1469.9749189092427,9.423114793070226,0.30183485248298303,0.2480463264181352,0.4501188210988818,H,0.3
2021-22,2021-11-30,Newcastle United,Norwich City,D,1420.4247606395688,1385.5392593975141,34.885501242054715,0.27941731373348744,0.23811629439244267,0.4824663918740699,H,0.3
2021-22,2021-12-01,Everton,Liverpool,A,1476.0712313643955,1652.2938827112123,-176.22265134681675,0.5105996665119122,0.2278688974619843,0.2615314360261035,A,0.3
2021-22,2021-12-01,Southampton,Leicester City,D,1448.9677208353698,1513.895273352523,-64.92755251715312,0.3752784822306919,0.25993835690634925,0.3647831608629588,A,0.3
2021-22,2021-12-01,Aston Villa,Manchester City,A,1478.8822361962318,1670.0855908310475,-191.2033546348157,0.5308114933521619,0.2197681297027986,0.24942037694503957,A,0.3
2021-22,2021-12-01,West Ham,Brighton and Hove Albion,D,1556.8245910410817,1468.2783980957142,88.54619294536747,0.23582734865820631,0.209598464945301,0.5545741863964927,H,0.3
2021-22,2021-12-01,Wolverhampton Wanderers,Burnley,D,1481.3096145726252,1444.0384746461414,37.271139926483784,0.27737855351442425,0.23705269646867982,0.48556875001689587,H,0.3
2021-22,2021-12-01,Watford,Chelsea,A,1446.5405108832474,1618.5632214126852,-172.02271052943775,0.504996570558189,0.23001210700628957,0.2649913224355214,A,0.3
2021-22,2021-12-02,Manchester United,Arsenal,H,1557.2893209492693,1549.882785905548,7.4065350437213056,0.30366408745119333,0.24871561546583287,0.4476202970829738,H,0.3
2021-22,2021-12-02,Tottenham,Brentford,H,1520.4308567093865,1434.974211500896,85.4566452084905,0.23821645915787065,0.21146597175914625,0.5503175690829831,H,0.3
2021-22,2021-12-04,Wolverhampton Wanderers,Liverpool,A,1478.580852107133,1660.9885677273494,-182.40771562021632,0.518903690606077,0.2246080617069196,0.25648824768700335,A,0.3
2021-22,2021-12-04,West Ham,Chelsea,H,1552.7918706628725,1622.988157993815,-70.1962873309426,0.3809911643896446,0.25973616216394835,0.35927267344640706,A,0.3
2021-22,2021-12-04,Southampton,Brighton and Hove Albion,D,1449.109537688948,1472.3111184739234,-23.201580784975476,0.3324851468115365,0.2565844287011664,0.4109304244872971,H,0.3
2021-22,2021-12-04,Watford,Manchester City,A,1442.1155743021175,1674.1628645833193,-232.04729028120187,0.5871733175111346,0.19473048870944507,0.21809619377942036,A,0.3
2021-22,2021-12-04,Newcastle United,Burnley,H,1417.7596678354294,1446.7672371116334,-29.007569276204094,0.33818775352566915,0.2575725550994229,0.40423969137490795,H,0.3
2021-22,2021-12-05,Leeds United,Brentford,D,1484.9388983925883,1428.5845850781702,56.35431331441805,0.2614234396435259,0.22780076607974248,0.5107757942767316,H,0.3
2021-22,2021-12-05,Manchester United,Crystal Palace,H,1562.873828532388,1464.4340542189673,98.43977431342068,0.22826868059450225,0.20347305002114785,0.5682582693843499,H,0.3
2021-22,2021-12-05,Aston Villa,Leicester City,H,1474.80496244396,1513.7534564989448,-38.94849405498485,0.34813610932441863,0.258877205438693,0.3929866852368884,H,0.3
2021-22,2021-12-05,Tottenham,Norwich City,H,1526.8204831321123,1388.2043522016536,138.61613093045867,0.19895765975304527,0.1768750705881678,0.624167269658787,H,0.3
2021-22,2021-12-06,Everton,Arsenal,H,1467.3765463482584,1544.2982783224293,-76.92173197417083,0.38838717111964693,0.25927396770437156,0.3523388611759815,A,0.3
2021-22,2021-12-10,Brentford,Watford,H,1431.8137045033127,1436.7324805491608,-4.9187760458480625,0.3150265378755659,0.2524096337875328,0.4325638283369013,H,0.3
2021-22,2021-12-11,Norwich City,Manchester United,A,1381.8999472560033,1566.6765180117698,-184.77657075576644,0.5220997786221212,0.22332737280718798,0.2545728485706908,A,0.3
2021-22,2021-12-11,Manchester City,Wolverhampton Wanderers,H,1679.545958336276,1474.3462926049876,205.1996657312884,0.15513907481646083,0.1308245091015157,0.7140364160820235,H,0.3
2021-22,2021-12-11,Liverpool,Aston Villa,H,1665.2231272294948,1481.2036799193324,184.01944731016238,0.16842744730617168,0.14535553383126873,0.6862170188625596,H,0.3
2021-22,2021-12-11,Chelsea,Leeds United,H,1616.0739395224712,1481.7097789674458,134.36416055502536,0.20195716249521814,0.17978495574342873,0.6182578817613531,H,0.3
2021-22,2021-12-11,Arsenal,Southampton,H,1537.2750416514648,1448.0543367931864,89.2207048582784,0.2353075898067285,0.20918776150681032,0.5555046486864612,H,0.3
2021-22,2021-12-12,Burnley,West Ham,D,1440.534619919761,1559.7060891342164,-119.17146921445533,0.43751907328739303,0.2512603397567071,0.31122058695589994,A,0.3
2021-22,2021-12-12,Crystal Palace,Everton,H,1460.6313647395855,1474.399783019223,-13.768418279637444,0.32338451532359636,0.2546293562980632,0.4219861283783404,H,0.3
2021-22,2021-12-12,Leicester City,Newcastle United,H,1507.3547390235724,1423.9922850273017,83.36245399627069,0.23984375828637927,0.21271872641351985,0.5474375153001009,H,0.3
2021-22,2021-12-14,Manchester City,Leeds United,H,1681.8092510659062,1478.4928530468935,203.3163980190127,0.1562954384165677,0.13210233536518273,0.7116022262182496,H,0.3
2021-22,2021-12-14,Norwich City,Aston Villa,A,1377.708108929981,1478.6825471035042,-100.97443817352314,0.4157965787346876,0.25577191196418386,0.32843150930112847,A,0.3
2021-22,2021-12-15,Arsenal,West Ham,H,1545.20339544312,1558.0192747040785,-12.815879260958582,0.3224766553090962,0.2544081881944181,0.4231151564964858,H,0.3
2021-22,2021-12-15,Brighton and Hove Albion,Wolverhampton Wanderers,A,1473.366319369685,1472.0829998753575,1.283319494327543,0.30926934522571053,0.2506369324970201,0.44009372227726934,H,0.3
2021-22,2021-12-15,Crystal Palace,Southampton,D,1470.104895685278,1440.1259830015313,29.978912683746785,0.2836425917013061,0.24023488487543296,0.4761225234232609,H,0.3
2021-22,2021-12-16,Liverpool,Newcastle United,H,1667.744260045323,1414.5440530461856,253.20020699913744,0.1273458065815163,0.1,0.7726541934184837,H,0.3
2021-22,2021-12-16,Chelsea,Everton,D,1619.2908654430234,1464.9262520735303,154.3646133694931,0.1880568761850742,0.16599037426205845,0.6459527495528674,H,0.3
2021-22,2021-12-18,Leeds United,Arsenal,A,1471.636925397315,1554.651593761838,-83.014668364523,0.39518865047768387,0.25865859444482875,0.34615275507748733,A,0.3
2021-22,2021-12-19,Newcastle United,Manchester City,A,1411.75596634152,1688.6651787154847,-276.9092123739647,0.6494526216678269,0.16422095676672288,0.18632642156545018,A,0.3
2021-22,2021-12-19,Tottenham,Liverpool,D,1533.1248880777625,1670.5323467499886,-137.40745867222608,0.4601054071221142,0.24522271524495723,0.29467187763292857,A,0.3
2021-22,2021-12-19,Wolverhampton Wanderers,Chelsea,D,1480.219826895154,1613.8005706162385,-133.58074372108445,0.4553004964254086,0.24661028776613983,0.29808921580845155,A,0.3
2021-22,2021-12-26,Tottenham,Crystal Palace,H,1535.3167072121032,1467.5714820303172,67.74522518178605,0.2521848761443047,0.22169840765656387,0.5261167161991314,H,0.3
2021-22,2021-12-26,West Ham,Southampton,A,1548.5710763853604,1442.6593966564922,105.9116797288682,0.22265132914291924,0.19871394796983516,0.5786347228872456,H,0.3
2021-22,2021-12-26,Norwich City,Arsenal,A,1368.437162015169,1567.1268354118488,-198.68967339667984,0.5410277471265384,0.21547427700533198,0.24349797586812968,A,0.3
2021-22,2021-12-26,Brighton and Hove Albion,Brentford,H,1465.2294923498885,1437.6423680375083,27.587124312380183,0.28571817352936496,0.24123331962871478,0.4730485068419203,H,0.3
2021-22,2021-12-26,Aston Villa,Chelsea,A,1487.9534940183164,1611.7138513783182,-123.76035736000176,0.4431275081725885,0.24987995523750892,0.3069925365899026,A,0.3
2021-22,2021-12-26,Manchester City,Leicester City,H,1695.0389985256907,1516.8029710046885,178.23602752100214,0.17216283171401095,0.14936901654825321,0.6784681517377359,H,0.3
2021-22,2021-12-27,Newcastle United,Manchester United,D,1405.382146531314,1570.868356337792,-165.48620980647797,0.49633776198575963,0.23322792559165242,0.270434312422588,A,0.3
2021-22,2021-12-28,Crystal Palace,Norwich City,H,1458.8561288557826,1358.236074180861,100.62005467492168,0.2266215289997018,0.20209546920695526,0.571283001793343,H,0.3
2021-22,2021-12-28,Leicester City,Liverpool,H,1511.61196681814,1668.340527615648,-156.72856079750795,0.4848621525616957,0.2372964956925655,0.2778413517457388,A,0.3
2021-22,2021-12-28,Southampton,Tottenham,D,1452.2104743261466,1544.0320603866378,-91.8215860604912,0.4051898605777152,0.2574415821355464,0.33736855728673837,A,0.3
2021-22,2021-12-28,Watford,West Ham,A,1430.9038170149652,1539.019998715706,-108.11618170074075,0.4242221442131696,0.2541876004512092,0.32159025533562124,A,0.3
2021-22,2021-12-29,Brentford,Manchester City,A,1429.4710513226962,1700.2300027122392,-270.758951389543,0.6409825585892237,0.1684938173587713,0.19052362405200496,A,0.3
2021-22,2021-12-29,Chelsea,Brighton and Hove Albion,D,1620.2272474167062,1473.4008090647005,146.82643835200565,0.19323363484329334,0.17121768789822842,0.6355486772584782,H,0.3
2021-22,2021-12-30,Manchester United,Burnley,H,1567.922194667292,1442.221434349899,125.7007603173929,0.20814306219382692,0.18565985736607318,0.6061970804400999,H,0.3
2021-22,2022-01-01,Crystal Palace,West Ham,A,1466.386449450125,1550.4152458526635,-84.02879640253855,0.3963300547435605,0.25853811363390505,0.34513183162253436,A,0.3
2021-22,2022-01-01,Watford,Tottenham,A,1419.5085698780076,1543.118714020085,-123.61014414207739,0.442943106567771,0.24992664794362285,0.3071302454886061,A,0.3
2021-22,2022-01-01,Arsenal,Manchester City,A,1577.3279232461568,1703.0583394271962,-125.73041618103935,0.4455510138850588,0.24925821550117394,0.30519077061376726,A,0.3
2021-22,2022-01-02,Everton,Brighton and Hove Albion,A,1470.4165469003153,1478.7377357335804,-8.321188833265069,0.3182197370230595,0.2533065919580522,0.42847367101888834,H,0.3
2021-22,2022-01-02,Leeds United,Burnley,H,1459.1616837473043,1436.9089288817893,22.252754865515044,0.29038561666145524,0.24337711207380308,0.4662372712647417,H,0.3
2021-22,2022-01-02,Brentford,Aston Villa,H,1426.6427146077392,1479.4400979799284,-52.79738337218919,0.3623951825776225,0.25986831267256516,0.37773650474981235,H,0.3
2021-22,2022-01-02,Chelsea,Liverpool,D,1614.8903207478263,1660.1137242708346,-45.2234035230083,0.3545383440636975,0.25944619193338897,0.3860154640029135,H,0.3
2021-22,2022-01-03,Manchester United,Wolverhampton Wanderers,A,1573.2347001354017,1482.3065461330743,90.92815400232735,0.23399480068181916,0.20814343940362806,0.5578617599145527,H,0.3
2021-22,2022-01-11,Southampton,Brentford,H,1453.1238206926994,1433.2714307557624,19.852389936937016,0.29250340622173515,0.24430368424151894,0.4631929095367459,H,0.3
2021-22,2022-01-12,West Ham,Norwich City,H,1556.6306982833905,1350.7057535865185,205.924944696872,0.1546950640158838,0.1303332913582028,0.7149716446259133,H,0.3
2021-22,2022-01-14,Brighton and Hove Albion,Crystal Palace,D,1486.6627074534183,1460.1709970193979,26.491710434020433,0.28667229498434604,0.2416829607051863,0.4716447443104677,H,0.3
2021-22,2022-01-15,Aston Villa,Manchester United,D,1472.8113818319052,1563.855911653105,-91.04452982119983,0.40429934182957566,0.2575644254187577,0.33813623275166665,A,0.3
2021-22,2022-01-15,Manchester City,Chelsea,H,1708.3892276002573,1614.465272363815,93.92395523644223,0.23170151456356428,0.20629532124249822,0.5620031641939375,H,0.3
2021-22,2022-01-15,Newcastle United,Watford,D,1408.328308201814,1414.1341236248247,-5.805815423010699,0.3158566298120552,0.252648677252568,0.4314946929353768,H,0.3
2021-22,2022-01-15,Norwich City,Everton,H,1347.131884291353,1462.4915751804774,-115.35969088912452,0.43289986567312017,0.25233383811945226,0.3147662962074277,A,0.3
2021-22,2022-01-15,Wolverhampton Wanderers,Southampton,H,1491.685334615371,1463.7595594004824,27.925775214888517,0.2854236534740811,0.2410933375047293,0.4734830090211896,H,0.3
2021-22,2022-01-16,West Ham,Leeds United,A,1560.2045675785562,1467.5100078735552,92.69455970500098,0.23264107077638516,0.2070561361902475,0.5603027930333674,H,0.3
2021-22,2022-01-16,Liverpool,Brentford,H,1660.5387726548458,1422.6356920479793,237.90308060686652,0.1358627720728514,0.10929154955194667,0.7548456783752019,H,0.3
2021-22,2022-01-18,Brighton and Hove Albion,Chelsea,D,1484.2234579081603,1610.5840452821053,-126.36058737394501,0.4463282106450827,0.24905567829917558,0.30461611105574177,A,0.3
2021-22,2022-01-19,Brentford,Manchester United,A,1418.8192682449755,1562.964748684315,-144.1454804393395,0.46864686117648613,0.2426297200715515,0.2887234187519624,A,0.3
2021-22,2022-01-19,Leicester City,Tottenham,A,1519.8387701629533,1548.493160273268,-28.65439011031458,0.33783861949490585,0.25751718170246146,0.40464419880263264,H,0.3
2021-22,2022-01-21,Watford,Norwich City,A,1415.6814288827884,1354.758632254443,60.922796628345395,0.2576934408090644,0.22540200806573488,0.5169045511252007,H,0.3
2021-22,2022-01-22,Brentford,Wolverhampton Wanderers,A,1410.9581139467375,1499.8454820678965,-88.88736812115894,0.4018353989956761,0.2578898128977425,0.3402747881065814,A,0.3
2021-22,2022-01-22,Everton,Aston Villa,A,1454.8648272173873,1473.7025448006953,-18.83771758330795,0.3282501028947904,0.2557333769587564,0.4160165201464532,H,0.3
2021-22,2022-01-22,Leeds United,Newcastle United,A,1476.909670838461,1406.7810029438504,70.12866789461054,0.2502775343194922,0.22037170989131474,0.5293507557891931,H,0.3
2021-22,2022-01-22,Manchester United,West Ham,H,1570.825902982553,1550.8049046136505,20.02099836890261,0.29235428723614626,0.24423938166607398,0.4634063310977798,H,0.3
2021-22,2022-01-22,Southampton,Manchester City,D,1455.599411947957,1712.270454681967,-256.67104273401014,0.6214650464380554,0.1782081319982341,0.2003268215637105,A,0.3
2021-22,2022-01-23,Crystal Palace,Liverpool,A,1462.6102465646559,1664.3551964578496,-201.74494989319373,0.5452160871650577,0.2136788739061775,0.24110503892876484,A,0.3
2021-22,2022-01-23,Leicester City,Brighton and Hove Albion,D,1512.38077113117,1486.1105765066254,26.2701946245445,0.2868655093775549,0.24177330067547015,0.471361189946975,H,0.3
2021-22,2022-01-23,Chelsea,Tottenham,H,1608.6969266836402,1555.9511593050513,52.74576737858888,0.26439360768423065,0.22964734130345005,0.5059590510123192,H,0.3
2021-22,2022-01-23,Arsenal,Burnley,D,1571.9970350730957,1428.5606047555384,143.43643031755732,0.19558623739829156,0.17355902656908384,0.6308547360326247,H,0.3
2021-22,2022-02-05,Burnley,Watford,D,1433.8273874130746,1397.6779518273381,36.149435585736455,0.27833589829481026,0.23755548594404002,0.48410861576114966,H,0.3
2021-22,2022-02-08,Newcastle United,Everton,H,1415.9028673451483,1447.1817600236488,-31.278892678500597,0.34044007016269406,0.2579139358684075,0.40164599396889844,H,0.3
2021-22,2022-02-08,West Ham,Watford,H,1545.4906022009045,1400.3768068085576,145.1137953923469,0.1944202739779486,0.172401401552081,0.6331783244699705,H,0.3
2021-22,2022-02-08,Burnley,Manchester United,D,1431.128532431855,1576.140205395299,-145.01167296344397,0.46975223121071324,0.24228279302088834,0.2879649757683984,A,0.3
2021-22,2022-02-09,Aston Villa,Leeds United,D,1481.3856119944337,1467.787806437163,13.597805557270704,0.2980739154366719,0.24660424026172612,0.455321844301602,H,0.3
2021-22,2022-02-09,Manchester City,Brentford,H,1707.1458210457354,1404.848481358508,302.29733968722735,0.09945821407110264,0.1,0.8005417859288974,H,0.3
2021-22,2022-02-09,Norwich City,Crystal Palace,D,1372.7621093098933,1456.4389476038154,-83.67683829392217,0.3959336225153203,0.2585805092429268,0.3454858682417529,A,0.3
2021-22,2022-02-09,Tottenham,Southampton,A,1548.58660766486,1460.7240455841886,87.8625620806713,0.23635480305191467,0.21001363937989612,0.5536315575681892,H,0.3
2021-22,2022-02-10,Wolverhampton Wanderers,Arsenal,A,1505.955114656126,1566.7302524155596,-60.77513775943362,0.3708262426638288,0.25999847443785473,0.36917528289831647,A,0.3
2021-22,2022-02-10,Liverpool,Leicester City,H,1670.52649541869,1509.9475189028617,160.57897651582834,0.18384595518322103,0.16166629733269852,0.6544877474840805,H,0.3
2021-22,2022-02-12,Manchester United,Southampton,D,1573.7410615753101,1470.066251813417,103.67480976189313,0.22432487388133657,0.20014977740456644,0.575525348714097,H,0.3
2021-22,2022-02-12,Norwich City,Manchester City,A,1373.4425305141167,1709.2806169550774,-335.83808644096075,0.7276255405841934,0.12367386011322411,0.14870059930258253,A,0.3
2021-22,2022-02-12,Brentford,Crystal Palace,D,1402.713685449166,1455.758526399592,-53.04484095042608,0.36265429235691204,0.2598772037948728,0.3774685038482152,H,0.3
2021-22,2022-02-12,Watford,Brighton and Hove Albion,A,1397.3216323098718,1488.5438287349336,-91.22219642506184,0.40450281268373633,0.2575366011156221,0.33796058620064146,A,0.3
2021-22,2022-02-12,Everton,Leeds United,H,1437.2430580614282,1469.874995365855,-32.631937304426856,0.34178758231596396,0.2581051530574759,0.4001072646265602,H,0.3
2021-22,2022-02-13,Burnley,Liverpool,A,1433.527676251844,1675.0172130419983,-241.48953679015426,0.6003290622530255,0.1884847423273598,0.21118619541961467,A,0.3
2021-22,2022-02-13,Leicester City,West Ham,D,1505.4568012795535,1548.5457766995903,-43.08897542003683,0.35234981182746283,0.25927488493996925,0.38837530323256786,H,0.3
2021-22,2022-02-13,Newcastle United,Aston Villa,H,1425.841569307369,1479.2984230657416,-53.456853758372745,0.3630860463563271,0.25989131844071095,0.3770226352029619,H,0.3
2021-22,2022-02-13,Tottenham,Wolverhampton Wanderers,A,1539.2444014356315,1499.225026231538,40.01937520409342,0.27504239024292965,0.2358008363960528,0.4891567733610176,H,0.3
2021-22,2022-02-15,Manchester United,Brighton and Hove Albion,H,1569.3502335813746,1498.1471382564825,71.20309532489205,0.24942058355431948,0.2197682757383326,0.5308111407073479,H,0.3
2021-22,2022-02-19,Manchester City,Tottenham,A,1714.0192418972479,1525.4314378215477,188.5878040757002,0.16550902997927278,0.1421959563869314,0.6922950136337959,H,0.3
2021-22,2022-02-19,Southampton,Everton,H,1474.4570798073526,1449.8295564851678,24.627523322184743,0.28830116560802704,0.2424370296239861,0.4692618047679868,H,0.3
2021-22,2022-02-19,Aston Villa,Watford,A,1472.658807249678,1387.718322788323,84.94048446135503,0.23861694985783752,0.21177573916961112,0.5496073109725513,H,0.3
2021-22,2022-02-19,West Ham,Newcastle United,D,1549.0321310930442,1432.4811851234326,116.55094596961158,0.21478530456511982,0.19176770887756434,0.5934469865573159,H,0.3
2021-22,2022-02-19,Liverpool,Norwich City,H,1678.2680269327036,1368.7039055719463,309.5641213607573,0.09581739735159485,0.1,0.8041826026484051,H,0.3
2021-22,2022-02-19,Arsenal,Brentford,H,1573.4603408401474,1402.5135266165066,170.94681422364079,0.17693518797506178,0.1544419113048406,0.6686229007200976,H,0.3
2021-22,2022-02-19,Brighton and Hove Albion,Burnley,A,1491.3433648112696,1430.2768623611387,61.06650245013088,0.2575766528527056,0.22532547403142913,0.5170978731158653,H,0.3
2021-22,2022-02-19,Crystal Palace,Chelsea,A,1455.9586852322514,1616.0614783238316,-160.10279309158022,0.4892659147250417,0.23576239807837351,0.27497168719658477,A,0.3
2021-22,2022-02-20,Leeds United,Manchester United,A,1457.2884969421154,1576.1540070265876,-118.86551008447213,0.43714697590212087,0.25134897002747825,0.3115040540704008,A,0.3
2021-22,2022-02-20,Wolverhampton Wanderers,Leicester City,H,1513.037989845622,1504.9704468860996,8.06754295952237,0.3030635827336858,0.24849820718692694,0.4484382100793873,H,0.3
2021-22,2022-02-23,Burnley,Tottenham,H,1448.284148830306,1535.7362490736598,-87.4521002433537,0.40020269677372455,0.25809354122818484,0.3417037619980906,A,0.3
2021-22,2022-02-23,Liverpool,Leeds United,H,1680.3187201406581,1448.6147680283245,231.70395211233358,0.13939832429407858,0.11326304249184385,0.7473386332140776,H,0.3
2021-22,2022-02-23,Watford,Crystal Palace,A,1397.0252420891118,1451.3091794178724,-54.28393732876066,0.363954044328595,0.259917053499053,0.37612890217235206,H,0.3
2021-22,2022-02-24,Arsenal,Wolverhampton Wanderers,H,1576.1520435333891,1518.6081735138657,57.54387001952341,0.26044897381431387,0.22718263961835272,0.5123683865673334,H,0.3
2021-22,2022-02-25,Southampton,Norwich City,H,1482.7263557234808,1366.6532123639918,116.073143359489,0.2151352600904694,0.19208349522678997,0.5927812446827406,H,0.3
2021-22,2022-02-26,Manchester United,Watford,D,1584.8277359403785,1383.273559928626,201.5541760117526,0.15738196674485322,0.13330096846328748,0.7093170647918593,H,0.3
2021-22,2022-02-26,Leeds United,Tottenham,A,1443.079642139316,1528.5441280325745,-85.46448589325837,0.39795048973794184,0.2583587721645796,0.34369073809747863,A,0.3
2021-22,2022-02-26,Everton,Manchester City,A,1441.5602805690396,1703.7144306451357,-262.15415007609613,0.6290771543091371,0.17444276023230323,0.19648008545855955,A,0.3
2021-22,2022-02-26,Brighton and Hove Albion,Aston Villa,A,1473.3360783421022,1463.351887948889,9.984190393213112,0.30132736007307226,0.24785692906701656,0.45081571085991123,H,0.3
2021-22,2022-02-26,Crystal Palace,Burnley,D,1465.0608615783583,1455.4762698713914,9.584591706966876,0.3016887319120063,0.24799195951907765,0.4503193085689161,H,0.3
2021-22,2022-02-26,Brentford,Newcastle United,A,1399.821823923265,1437.1662451754917,-37.344421252226766,0.3465148436255328,0.25870002282404697,0.39478513355042016,H,0.3
2021-22,2022-02-27,West Ham,Wolverhampton Wanderers,H,1544.3470710409852,1514.0552776166528,30.291793424332354,0.2833718520870887,0.24010259685906857,0.47652555105384276,H,0.3
2021-22,2022-03-01,Burnley,Leicester City,A,1457.4527191732082,1499.4002632178558,-41.94754404464766,0.35118402633326884,0.2591738572709655,0.38964211639576574,H,0.3
2021-22,2022-03-05,Wolverhampton Wanderers,Crystal Palace,A,1508.9558879509682,1463.0844122765416,45.87147567442662,0.2701115011541879,0.23304253550498874,0.4968459633408233,H,0.3
2021-22,2022-03-05,Newcastle United,Brighton and Hove Albion,H,1448.6724231410356,1460.2259619930587,-11.553538852023166,0.32127661575338745,0.254108445612505,0.42461493863410754,H,0.3
2021-22,2022-03-05,Norwich City,Brentford,A,1361.0955779641386,1388.315645957721,-27.22006799358246,0.3364237259163722,0.2572859810963918,0.406290292987236,H,0.3
2021-22,2022-03-05,Liverpool,West Ham,H,1685.8538460296666,1549.4464607066698,136.4073853229968,0.2005127983196411,0.1783885860119455,0.6210986156684134,H,0.3
2021-22,2022-03-05,Burnley,Chelsea,A,1446.1125044959774,1620.7109841382105,-174.5984796422331,0.508429338210733,0.22870466949046883,0.2628659922987981,A,0.3
2021-22,2022-03-05,Aston Villa,Southampton,H,1476.4620042979325,1488.283990123334,-11.821985825401498,0.32153151977591643,0.2541728209930606,0.42429565923102297,H,0.3
2021-22,2022-03-05,Leicester City,Leeds United,H,1510.7404778950865,1428.720569537113,82.01990835797346,0.24089036353107404,0.21351612357150837,0.5455935128974175,H,0.3
2021-22,2022-03-06,Manchester City,Manchester United,H,1706.6624765780343,1578.4594918560579,128.20298472197646,0.2063461319479869,0.18397127735979604,0.6096825906922171,H,0.3
2021-22,2022-03-06,Watford,Arsenal,A,1389.6418040129465,1580.704939430602,-191.06313541765553,0.5306208172065568,0.21984706896881187,0.24953211382463128,A,0.3
2021-22,2022-03-07,Tottenham,Everton,H,1542.9032006347775,1438.612234636141,104.29096599863647,0.22386319824797804,0.19975518740209394,0.576381614349928,H,0.3
2021-22,2022-03-10,Leeds United,Aston Villa,A,1424.6271306402828,1490.264641757617,-65.63751111733427,0.376044111767361,0.2599193172261903,0.36403657100644865,A,0.3
2021-22,2022-03-10,Norwich City,Chelsea,A,1349.2228963142693,1630.8746509704172,-281.6517546561479,0.6559567353956092,0.16091903563429474,0.18312422897009606,A,0.3
2021-22,2022-03-10,Southampton,Newcastle United,A,1474.4813526636494,1454.612391159119,19.86896150453049,0.2924887477458375,0.24429736956633927,0.4632138826878232,H,0.3
2021-22,2022-03-10,Wolverhampton Wanderers,Watford,H,1495.0126796048723,1385.562051722254,109.45062788261839,0.22001768885053247,0.19642412182537877,0.5835581893240888,H,0.3
2021-22,2022-03-12,Brighton and Hove Albion,Liverpool,A,1454.2859939749753,1689.0395484186145,-234.75355444363913,0.590942767562878,0.19295386434440806,0.21610336809271394,A,0.3
2021-22,2022-03-12,Manchester United,Tottenham,H,1571.834609379419,1552.4741474764458,19.360461902973157,0.2929387840807972,0.2444906128836132,0.4625706030355896,H,0.3
2021-22,2022-03-12,Brentford,Burnley,H,1400.1883276075903,1435.9488376637707,-35.760510056180465,0.3449200360045334,0.2585124382966709,0.39656752569879566,H,0.3
2021-22,2022-03-13,Arsenal,Leicester City,H,1584.7846917212946,1514.8339167919169,69.95077492937776,0.2504195904464097,0.22047130059480627,0.529109108958784,H,0.3
2021-22,2022-03-13,Chelsea,Newcastle United,H,1635.1257207303029,1463.033735616681,172.09198511362183,0.17618069159071947,0.15364423089858537,0.6701750775106952,H,0.3
2021-22,2022-03-13,Everton,Wolverhampton Wanderers,A,1429.0412877944727,1503.4082252774103,-74.3669374829376,0.3855638895754955,0.2594764427685623,0.3549596676559423,A,0.3
2021-22,2022-03-13,Leeds United,Norwich City,H,1411.3842137648041,1344.9718265543836,66.41238721042055,0.25325530663764695,0.22243302578607188,0.5243116675762812,H,0.3
2021-22,2022-03-13,Southampton,Watford,A,1466.0600082060873,1377.166506049716,88.89350215637137,0.23555964072566787,0.2093871236695026,0.5550532356048294,H,0.3
2021-22,2022-03-13,West Ham,Aston Villa,H,1546.2607583177219,1503.5075586330956,42.753199684626225,0.2727315647448834,0.23452777242374284,0.4927406628313737,H,0.3
2021-22,2022-03-14,Crystal Palace,Manchester City,D,1477.0276206226374,1713.2873590546733,-236.25973843203587,0.5930412319404864,0.19196021198859312,0.21499855607092047,A,0.3
2021-22,2022-03-16,Arsenal,Liverpool,A,1591.6256490526969,1694.355797171607,-102.73014811891017,0.4178558185036542,0.25540510015259243,0.32673908134375335,A,0.3
2021-22,2022-03-16,Brighton and Hove Albion,Tottenham,A,1448.9697452219827,1547.1458642409405,-98.1761190189577,0.4125308433849459,0.2563257386568473,0.3311434179582068,A,0.3
2021-22,2022-03-17,Everton,Newcastle United,H,1422.6135561835708,1460.3573298127435,-37.743773629172665,0.3469178959196626,0.2587453387991347,0.39433676528120265,H,0.3
2021-22,2022-03-18,Wolverhampton Wanderers,Leeds United,A,1509.8359568883122,1415.7670974986643,94.06885938964797,0.23159091403800985,0.20620543024435015,0.5622036557176401,H,0.3
2021-22,2022-03-19,Aston Villa,Arsenal,A,1498.6624600477078,1582.4140482572143,-83.75158820950651,0.39601779110080076,0.258571556878869,0.3454106520203302,A,0.3
2021-22,2022-03-20,Leicester City,Brentford,H,1507.9929594605146,1410.245743296828,97.74721616368652,0.22879328513461777,0.20390863372367865,0.5672980811417035,H,0.3
2021-22,2022-03-20,Tottenham,West Ham,H,1556.5117142398972,1551.1058569031097,5.405857336787449,0.30548705589526726,0.249361838479175,0.4451511056255577,H,0.3
2021-22,2022-04-02,Manchester United,Leicester City,D,1577.1628926149242,1511.8076230944682,65.35526952045598,0.25410626692635724,0.2230119038615525,0.5228818292120901,H,0.3
2021-22,2022-04-02,Wolverhampton Wanderers,Aston Villa,H,1500.4201567933283,1492.4409506855513,7.979206107776918,0.30314378270455544,0.24852737332142447,0.44832884397402006,H,0.3
2021-22,2022-04-02,Burnley,Manchester City,A,1425.891421974533,1708.6088434484068,-282.71742147387386,0.6574146120971001,0.1601765825390861,0.18240880536381385,A,0.3
2021-22,2022-04-02,Leeds United,Southampton,D,1425.1828975936482,1456.705449458959,-31.52255186531079,0.3406824130326314,0.2579490411336247,0.4013685458337439,H,0.3
2021-22,2022-04-02,Chelsea,Brentford,A,1637.8021265342404,1406.4310796628745,231.37104687136593,0.13958977587407254,0.11347794674331832,0.7469322773826091,H,0.3
2021-22,2022-04-02,Brighton and Hove Albion,Norwich City,D,1439.603895223026,1340.5889428205235,99.01495240250256,0.22783350117599727,0.2031105534318518,0.569055945392151,H,0.3
2021-22,2022-04-02,Liverpool,Watford,H,1703.5673979670896,1386.5210647968443,317.04633317024536,0.0921918247645616,0.1,0.8078081752354385,H,0.3
2021-22,2022-04-03,Tottenham,Newcastle United,H,1565.4318359221925,1453.9787051681258,111.4531307540667,0.21853505198132425,0.19511899423992515,0.5863459537787505,H,0.3
2021-22,2022-04-03,West Ham,Everton,H,1542.1857352208144,1428.9921808281886,113.19355439262586,0.21725089821443938,0.193979381481325,0.5887697203042356,H,0.3
2021-22,2022-04-04,Crystal Palace,Arsenal,H,1481.706136228904,1588.6355576193707,-106.92942139046681,0.42281303973460993,0.25446774918532994,0.3227192110800601,A,0.3
2021-22,2022-04-06,Burnley,Everton,H,1421.6625196322345,1425.4384740285748,-3.7759543963402393,0.31395956796802416,0.2520962832523377,0.43394414877963816,H,0.3
2021-22,2022-04-08,Newcastle United,Wolverhampton Wanderers,H,1445.6604691389452,1505.9922536705678,-60.33178453162259,0.37035347225614124,0.2599997204976736,0.3696468072461852,A,0.3
2021-22,2022-04-09,Watford,Leeds United,A,1384.5538317075773,1424.3650813496827,-39.811249642105395,0.34901068500449833,0.25896717144543613,0.39202214355006554,H,0.3
2021-22,2022-04-09,Arsenal,Brighton and Hove Albion,A,1573.6402367650244,1435.3219657071359,138.31827105788852,0.1991670000416987,0.17707940812376904,0.6237535918345323,H,0.3
2021-22,2022-04-09,Aston Villa,Tottenham,A,1486.8688538083118,1573.750071951373,-86.88121814306123,0.3995547695263031,0.25817173202048216,0.34227349845321475,A,0.3
2021-22,2022-04-09,Everton,Manchester United,H,1419.6289743941193,1573.703694673263,-154.07472027914378,0.4814146655186841,0.23847281777274187,0.28011251670857407,A,0.3
2021-22,2022-04-09,Southampton,Chelsea,A,1457.5232657029246,1616.6648720618418,-159.14160635891722,0.48800915634718056,0.23620373946128387,0.2757871041915355,A,0.3
2021-22,2022-04-10,Norwich City,Burnley,H,1344.8708723364136,1427.47201926669,-82.6011469302764,0.3947239965077258,0.2587062463671197,0.3465697571251544,A,0.3
2021-22,2022-04-10,Manchester City,Liverpool,D,1712.8377457907052,1705.5346310563566,7.303114734348583,0.3037581217029307,0.24874945599766185,0.44749242229940744,H,0.3
2021-22,2022-04-10,Brentford,West Ham,H,1427.568334135273,1545.7394420204282,-118.17110788515515,0.43630332488116497,0.25154853409915523,0.31214814101967975,A,0.3
2021-22,2022-04-10,Leicester City,Crystal Palace,H,1515.2668210361294,1496.7014570832503,18.565363952879125,0.29364346468295405,0.24479059980691908,0.46156593551012687,H,0.3
2021-22,2022-04-16,Southampton,Arsenal,H,1444.4188435093986,1563.7540310282986,-119.33518751890006,0.43771827694355303,0.25121273801667393,0.311068985039773,A,0.3
2021-22,2022-04-16,Manchester United,Norwich City,H,1565.5135457190486,1356.1472674987365,209.3662782203121,0.15259837300545298,0.12800963554810119,0.7193919914464458,H,0.3
2021-22,2022-04-16,Watford,Brentford,A,1370.146954238028,1439.7239374676726,-69.57698322964461,0.3803159787646561,0.25976722498506527,0.3599167962502785,A,0.3
2021-22,2022-04-16,Tottenham,Brighton and Hove Albion,A,1588.0374715566304,1445.2081714438616,142.8293001127688,0.1960091822984033,0.17397759111342434,0.6300132265881724,H,0.3
2021-22,2022-04-17,Newcastle United,Leicester City,H,1452.4133716873657,1520.611958289691,-68.19858660232535,0.3788167470199215,0.259829388289298,0.36135386469078046,A,0.3
2021-22,2022-04-17,West Ham,Burnley,D,1533.5838386880287,1416.1956241043672,117.38821458366147,0.2141728107650675,0.19121354184534603,0.5946136473895866,H,0.3
2021-22,2022-04-19,Liverpool,Manchester United,H,1707.4478982312557,1567.7287487000324,139.71914953122337,0.1981834667278497,0.17611777244631382,0.6256987608258364,H,0.3
2021-22,2022-04-20,Manchester City,Brighton and Hove Albion,H,1710.924478615806,1455.1369386599256,255.78753995588045,0.12572618118112414,0.1,0.7742738188188759,H,0.3
2021-22,2022-04-20,Newcastle United,Crystal Palace,H,1459.2950504345786,1491.3563198296886,-32.06126939511,0.34121871893497635,0.2580256119339569,0.40075566913106675,H,0.3
2021-22,2022-04-20,Chelsea,Arsenal,A,1629.7692942553679,1556.0671377093634,73.70215654600452,0.24743417489235336,0.21835206001817542,0.5342137650894713,H,0.3
2021-22,2022-04-20,Everton,Leicester City,D,1427.8191233483337,1513.7302795424782,-85.9111561941445,0.3984557284420095,0.25830088011397295,0.3432433914440175,A,0.3
2021-22,2022-04-21,Burnley,Southampton,H,1420.8994718603317,1452.1057368283339,-31.206264968002188,0.34036786196173724,0.25790341508010506,0.4017287229581577,H,0.3
2021-22,2022-04-23,Norwich City,Newcastle United,A,1353.9320645177527,1465.5787579173389,-111.64669339958618,0.428435199612508,0.25331480126420863,0.31824999912328344,A,0.3
2021-22,2022-04-23,Leicester City,Aston Villa,D,1512.9858761109833,1472.5814542030544,40.40442190792896,0.2747161350271499,0.23562319489256014,0.48966067008028996,H,0.3
2021-22,2022-04-23,Manchester City,Watford,H,1714.3942475686044,1363.6131363859292,350.7811111826752,0.07731777309940212,0.1,0.8226822269005979,H,0.3
2021-22,2022-04-23,Arsenal,Manchester United,H,1570.5971988581714,1560.4481773739974,10.149021484174,0.3011783906176127,0.24780102642464677,0.45102058295774056,H,0.3
2021-22,2022-04-23,Brentford,Tottenham,D,1446.2577553197714,1578.1087043405664,-131.85094902079504,0.4531397007557636,0.2472168822146014,0.29964341702963504,A,0.3
2021-22,2022-04-24,Chelsea,West Ham,H,1615.2392331065598,1528.8799909320642,86.35924217449565,0.23751706223037747,0.210922740298435,0.5515601974711875,H,0.3
2021-22,2022-04-24,Liverpool,Everton,H,1714.7284695572907,1428.5635267798286,286.1649427774621,0.10797572650746622,0.1,0.7920242734925338,H,0.3
2021-22,2022-04-24,Brighton and Hove Albion,Southampton,D,1451.6671697071272,1442.168960321981,9.498209385146083,0.30176689281176655,0.24802105740405336,0.4502120497841801,H,0.3
2021-22,2022-04-24,Burnley,Wolverhampton Wanderers,H,1430.8362483666845,1499.2393511221474,-68.4031027554629,0.3790388832222294,0.2598207731756131,0.3611403436021576,A,0.3
2021-22,2022-04-25,Crystal Palace,Leeds United,D,1485.0726123469283,1438.771958819232,46.30065352769634,0.26975219354927915,0.23283539368237555,0.49741241276834536,H,0.3
2021-22,2022-04-28,Manchester United,Chelsea,D,1551.6909496471303,1619.2544494762235,-67.56349982909319,0.3781276292634596,0.2598547896109875,0.36201758112555293,A,0.3
2021-22,2022-04-30,Aston Villa,Norwich City,H,1475.3934774567288,1342.6855604805135,132.7079169762153,0.20313203823687825,0.18091404850595766,0.6159539132571641,H,0.3
2021-22,2022-04-30,Leeds United,Manchester City,A,1441.7395125533885,1716.7792594078612,-275.0397468544727,0.6468819839629767,0.16552110249743876,0.18759691353958452,A,0.3
2021-22,2022-04-30,Newcastle United,Liverpool,A,1476.825261954578,1717.0611261951099,-240.23586424053178,0.5985819629909782,0.18932131056772983,0.21209672644129188,A,0.3
2021-22,2022-04-30,Southampton,Crystal Palace,A,1444.143020346321,1482.1050586127717,-37.96203826645069,0.3471383452180989,0.2587697687843155,0.39409188599758554,H,0.3
2021-22,2022-04-30,Watford,Burnley,A,1361.2281245466725,1437.72126155128,-76.49313700460743,0.3879123557912361,0.2593102317422134,0.3527774124665506,A,0.3
2021-22,2022-04-30,Wolverhampton Wanderers,Brighton and Hove Albion,A,1492.354337937552,1449.6931096827873,42.66122825476464,0.27280909518768204,0.23457104554960836,0.49261985926270957,H,0.3
2021-22,2022-05-01,Everton,Chelsea,H,1426.2308701420095,1619.0367888346118,-192.8059186926023,0.53299255724068,0.21886197479892763,0.24814546796039233,A,0.3
2021-22,2022-05-01,Tottenham,Leicester City,H,1576.0696537813867,1510.173852857309,65.89580092407778,0.2536709312041763,0.22271632799064459,0.5236127408051792,H,0.3
2021-22,2022-05-01,West Ham,Arsenal,A,1524.8647745624005,1579.3544265850385,-54.48965202263798,0.36417020213918166,0.2599229155009372,0.37590688235988107,H,0.3
2021-22,2022-05-02,Manchester United,Brentford,H,1551.908610288742,1448.296805878951,103.61180440979092,0.22437211235872995,0.20019008664084156,0.5754378010004284,H,0.3
2021-22,2022-05-07,Liverpool,Tottenham,D,1720.331004129978,1583.0318835656672,137.2991205643109,0.1998841642290985,0.17777802180092142,0.6223378139699801,H,0.3
2021-22,2022-05-07,Crystal Palace,Watford,H,1489.3505824816714,1354.8473086069885,134.50327387468292,0.20185864679902482,0.17969000268259594,0.6184513505183793,H,0.3
2021-22,2022-05-07,Chelsea,Wolverhampton Wanderers,D,1610.3398978074479,1474.8497662957823,135.4901315116656,0.2011605231400334,0.17901590964567263,0.619823567214294,H,0.3
2021-22,2022-05-07,Brentford,Southampton,H,1440.868651317352,1436.8974964774213,3.971154839930705,0.3067993651933486,0.24981425940282015,0.4433863754038313,H,0.3
2021-22,2022-05-07,Brighton and Hove Albion,Manchester United,H,1467.197681324557,1559.336764850341,-92.13908352578414,0.4055541675909741,0.25739053293554265,0.3370552994734832,A,0.3
2021-22,2022-05-07,Burnley,Aston Villa,A,1444.102077490964,1480.5325614373435,-36.43048394637958,0.3455938834401614,0.2585933138016151,0.3958128027582235,H,0.3
2021-22,2022-05-08,Arsenal,Leeds United,H,1586.2256364199657,1435.3073789526513,150.91825746731433,0.19041427358499152,0.16838331945401713,0.6412024069609913,H,0.3
2021-22,2022-05-08,Leicester City,Everton,A,1503.2116230730285,1434.9277611691734,68.28386190385504,0.25175306718823703,0.22140003743673273,0.5268468953750302,H,0.3
2021-22,2022-05-08,Manchester City,Newcastle United,H,1723.2113930085984,1473.55538401971,249.65600898888852,0.12931474655670103,0.10193003749451794,0.768755215948781,H,0.3
2021-22,2022-05-08,Norwich City,West Ham,A,1337.5464764998987,1517.9935647274733,-180.44708822757457,0.5162648277459916,0.22565489432915112,0.25808027792485727,A,0.3
2021-22,2022-05-10,Aston Villa,Liverpool,A,1492.0717445465223,1715.1930528109658,-223.12130826444354,0.5747563085867866,0.2005036398505778,0.22474005156263563,A,0.3
2021-22,2022-05-11,Wolverhampton Wanderers,Manchester City,A,1479.949293180567,1727.8454904737969,-247.89619729322976,0.6092553137461102,0.1841786897594861,0.20656599649440374,A,0.3
2021-22,2022-05-11,Watford,Everton,D,1351.6325156860808,1444.0258627463008,-92.3933470602201,0.40584610607330346,0.2573492928155184,0.33680460111117816,A,0.3
2021-22,2022-05-11,Leeds United,Chelsea,A,1432.3369654032617,1605.240370922663,-172.9034055194013,0.5061690072178268,0.2295675820488491,0.26426341073332416,A,0.3
2021-22,2022-05-11,Leicester City,Norwich City,H,1494.113521495901,1327.6315698082492,166.48195168765187,0.1798936615436047,0.15755316160438235,0.6625531768520129,H,0.3
2021-22,2022-05-12,Tottenham,Arsenal,H,1588.1698348846794,1589.1960499693553,-1.0262150846758686,0.31140371631953817,0.2513176539220443,0.4372786297584175,H,0.3
2021-22,2022-05-15,Wolverhampton Wanderers,Norwich City,D,1472.6244607586964,1322.127571480245,150.49688927845136,0.19070358125883255,0.1686755648004597,0.6406208539407078,H,0.3
2021-22,2022-05-15,Aston Villa,Crystal Palace,D,1488.533670106193,1492.565375402579,-4.031705296386008,0.31419810183128793,0.2521669325277602,0.43363496564095183,H,0.3
2021-22,2022-05-15,Everton,Brentford,A,1443.0961995238167,1452.1871253475515,-9.090925823734779,0.31894561824396755,0.2535020045000254,0.4275523772560071,H,0.3
2021-22,2022-05-15,West Ham,Manchester City,D,1527.9084714191229,1735.1703228956676,-207.26185147654473,0.5528036133870615,0.210377549371267,0.2368188372416716,A,0.3
2021-22,2022-05-15,Leeds United,Brighton and Hove Albion,D,1423.5197680636609,1484.0699827210149,-60.55021465735399,0.37058633313270184,0.25999923133508174,0.3694144355322165,A,0.3
2021-22,2022-05-15,Watford,Leicester City,A,1352.5621789085649,1499.6175198239052,-147.05534091534037,0.47236670727152125,0.24145220610048754,0.2861810866279912,A,0.3
2021-22,2022-05-15,Tottenham,Burnley,H,1599.6966444060984,1432.562894381785,167.13375002431326,0.1794601076482783,0.1570989045705224,0.6634409877811992,H,0.3
2021-22,2022-05-16,Newcastle United,Arsenal,H,1468.9212865545114,1577.6692404479363,-108.74795389342489,0.4249737390589313,0.25403573878731994,0.3209905221537487,A,0.3
2021-22,2022-05-17,Southampton,Liverpool,A,1425.5790224472219,1718.731127251295,-293.15210480407313,0.6716102222250286,0.15290597557549654,0.1754838021994748,A,0.3
2021-22,2022-05-19,Everton,Crystal Palace,H,1435.1889539751082,1494.1624813478052,-58.973527372696935,0.36890819934469277,0.2599973247405781,0.3710944759147292,H,0.3
2021-22,2022-05-19,Aston Villa,Burnley,D,1486.936564160967,1429.8197627655754,57.116801395391576,0.2607985579840195,0.22740508617788163,0.5117963558380989,H,0.3
2021-22,2022-05-19,Chelsea,Leicester City,D,1614.0575682622639,1511.0006460790046,103.0569221832593,0.22478837468830057,0.20054476559812734,0.574666859713572,H,0.3
2021-22,2022-05-22,Crystal Palace,Manchester United,H,1487.4319087322317,1542.4644634538831,-55.03255472165142,0.3647411761683796,0.2599373548794628,0.3753214689521576,H,0.3
2021-22,2022-05-22,Burnley,Newcastle United,A,1433.0685260354805,1480.8492054743592,-47.78067943887868,0.3571752097435238,0.25962116428222737,0.38320362597424884,H,0.3
2021-22,2022-05-22,Leicester City,Southampton,H,1515.3771073237301,1423.044858081,92.33224924273009,0.2329183738619777,0.2072797205451428,0.5598019055928796,H,0.3
2021-22,2022-05-22,Liverpool,Wolverhampton Wanderers,H,1721.2652916175168,1467.2124067683203,254.05288484919652,0.12681012888722723,0.1,0.7731898711127728,H,0.3
2021-22,2022-05-22,Chelsea,Watford,H,1609.6811070175384,1341.1790526534655,268.5020543640728,0.11801643456734498,0.1,0.781983565432655,H,0.3
2021-22,2022-05-22,Brighton and Hove Albion,West Ham,H,1484.0541462834042,1531.910191176379,-47.85604489297475,0.3572531659591652,0.25962581962892495,0.3831210144119099,H,0.3
2021-22,2022-05-22,Brentford,Leeds United,A,1460.09437089626,1423.5356045012716,36.558766394988425,0.2779862867386954,0.2373725611909595,0.4846411520703451,H,0.3
2021-22,2022-05-22,Manchester City,Aston Villa,H,1731.1686031384115,1483.687800891062,247.48080224734963,0.13051123578256327,0.10327507376213232,0.7662136904553044,H,0.3
2021-22,2022-05-22,Arsenal,Everton,H,1565.7413215280885,1441.9195265906817,123.82179493740682,0.20949791245889962,0.1869229958842354,0.6035790916568651,H,0.3
2021-22,2022-05-22,Norwich City,Tottenham,A,1327.539625470621,1602.439776022308,-274.9001505516869,0.6466898852437886,0.1656181450826318,0.1876919696735796,A,0.3
2022-23,2022-08-05,Crystal Palace,Arsenal,A,1495.8682817247734,1551.515221468692,-55.646939743918665,0.3653882230954201,0.25995189141687347,0.37465988548770646,H,0.3
2022-23,2022-08-06,Bournemouth,Aston Villa,H,1463.3885741720856,1487.3119230950479,-23.923348922962305,0.33318981109479545,0.25671626001438724,0.41009392889081725,H,0.3
2022-23,2022-08-06,Everton,Chelsea,A,1453.8473722144472,1577.9108522316926,-124.06348001724541,0.4434997881706883,0.24978542308399773,0.30671478874531394,A,0.3
2022-23,2022-08-06,Fulham,Liverpool,D,1439.7727876301476,1656.828479936557,-217.05569230640936,0.5663396344682616,0.20434258730844695,0.22931777822329139,A,0.3
2022-23,2022-08-06,Leeds United,Wolverhampton Wanderers,H,1452.5409415769661,1475.105908933529,-22.564967356562875,0.33186461379537885,0.2564660412744797,0.41166934493014146,H,0.3
2022-23,2022-08-06,Newcastle United,Nottingham Forest,H,1491.5102851756035,1420.0,71.51028517560349,0.24917589722114492,0.21959514149458667,0.5312289612842683,H,0.3
2022-23,2022-08-06,Tottenham,Southampton,H,1576.723797661286,1440.6585652153838,136.0652324459022,0.20075428120916247,0.17862267525596945,0.6206230435348681,H,0.3
2022-23,2022-08-07,West Ham,Manchester City,A,1515.0735409263332,1663.0875597255836,-148.01401879925038,0.47359626947400135,0.24105678648067091,0.28534694404532773,A,0.3
2022-23,2022-08-07,Leicester City,Brentford,D,1516.2368105679273,1466.000041201306,50.236769366621274,0.266471382779299,0.23090545404032195,0.5026231631803791,H,0.3
2022-23,2022-08-07,Manchester United,Brighton and Hove Albion,A,1525.059178805507,1496.101495295515,28.957683509991966,0.2845275218866612,0.2406639725723904,0.47480850554094844,H,0.3
2022-23,2022-08-13,Wolverhampton Wanderers,Fulham,D,1468.981223173218,1444.0085535624337,24.97266961078435,0.2879990970698235,0.2422984802967631,0.46970242263341333,H,0.3
2022-23,2022-08-13,Southampton,Leeds United,D,1434.2767345929049,1458.665627337277,-24.388892744372242,0.33364495988405574,0.2567999415731908,0.4095550985427535,H,0.3
2022-23,2022-08-13,Manchester City,Bournemouth,H,1670.8279059573651,1473.132060823077,197.69584513428822,0.15977598757047407,0.1359346588259376,0.7042893536035884,H,0.3
2022-23,2022-08-13,Aston Villa,Everton,H,1477.5684364440565,1448.482253086646,29.08618335741039,0.28441606708899003,0.24061020848980233,0.47497372442120767,H,0.3
2022-23,2022-08-13,Brentford,Manchester United,H,1469.0705581051336,1516.5033753720054,-47.43281726687178,0.3568155717171,0.2595993045760268,0.38358512370687325,H,0.3
2022-23,2022-08-13,Arsenal,Leicester City,H,1562.3645596953602,1513.1662936640996,49.19826603126057,0.2673344630493567,0.2314198901375875,0.5012456468130558,H,0.3
2022-23,2022-08-13,Brighton and Hove Albion,Newcastle United,D,1504.6572987290165,1498.3049570327726,6.352341696243911,0.3046236251388052,0.249058339872295,0.4463180349888998,H,0.3
2022-23,2022-08-14,Chelsea,Tottenham,D,1583.2759713594937,1583.1056282837649,0.17034307572885155,0.3102965137712696,0.25096800900785154,0.43873547722087886,H,0.3
2022-23,2022-08-14,Nottingham Forest,West Ham,H,1413.205328142831,1507.3331946945516,-94.12786655172067,0.40784209673173394,0.2570594799128748,0.33509842335539125,A,0.3
2022-23,2022-08-15,Liverpool,Crystal Palace,D,1652.5927140042709,1485.0189434981053,167.5737705061656,0.17916774250044454,0.1567922467731102,0.6640400107264453,H,0.3
2022-23,2022-08-20,Leicester City,Southampton,A,1505.6908805736264,1433.2553388354909,72.4355417381355,0.24843977127209785,0.21907204481299225,0.5324881839149099,H,0.3
2022-23,2022-08-20,Tottenham,Wolverhampton Wanderers,H,1584.8203609653353,1466.58313737243,118.23722359290537,0.2135526952207852,0.19065057385810255,0.5957967309211122,H,0.3
2022-23,2022-08-20,Fulham,Brentford,H,1446.4066393632218,1484.2556409933195,-37.849001630097746,0.34702416282787035,0.25875714655703225,0.39421869061509746,H,0.3
2022-23,2022-08-20,Everton,Nottingham Forest,D,1443.3578810850331,1420.5032384691513,22.854642615881858,0.2898563028196456,0.24314103647743104,0.4670026607029234,H,0.3
2022-23,2022-08-20,Crystal Palace,Aston Villa,H,1490.7692733114927,1482.6928084456695,8.076464865823255,0.30305548352000644,0.24849525953012702,0.4484492569498665,H,0.3
2022-23,2022-08-20,Bournemouth,Arsenal,A,1467.6707393866536,1569.8399727858334,-102.1692333991798,0.41719707307815534,0.2555239043982,0.32727902252364455,A,0.3
2022-23,2022-08-21,Leeds United,Chelsea,H,1459.687023094691,1581.5612386779233,-121.87421558323217,0.4408160694821186,0.2504588739188033,0.3087250565990781,A,0.3
2022-23,2022-08-21,Newcastle United,Manchester City,D,1500.1918467523546,1676.2892273937885,-176.0973806414338,0.5104321150939447,0.227933668818481,0.2616342160875743,A,0.3
2022-23,2022-08-21,West Ham,Brighton and Hove Albion,A,1500.0352843682313,1502.7704090094344,-2.7351246412031287,0.31299024301812894,0.25180564739940736,0.4352041095824637,H,0.3
2022-23,2022-08-22,Manchester United,Liverpool,H,1501.3182924838195,1646.8423841908834,-145.52409170706392,0.4704069162833729,0.24207612284933142,0.2875169608672957,A,0.3
2022-23,2022-08-27,Chelsea,Leicester City,H,1566.1111350928104,1496.5395220577943,69.57161303501607,0.2507225317857747,0.2206832637151794,0.5285942044990458,H,0.3
2022-23,2022-08-27,Manchester City,Crystal Palace,H,1673.066733561871,1499.5974993110815,173.46923425078944,0.1752756249929928,0.15268516905060694,0.6720392059564003,H,0.3
2022-23,2022-08-27,Brighton and Hove Albion,Leeds United,H,1515.5351913521095,1475.1371266798042,40.39806467230528,0.2747215194980298,0.23562613225938556,0.48965234824258463,H,0.3
2022-23,2022-08-27,Liverpool,Bournemouth,H,1638.772146076815,1456.0230897256963,182.74905635111872,0.16924407233528418,0.14623598135081664,0.6845199463138992,H,0.3
2022-23,2022-08-27,Brentford,Everton,D,1477.875260857865,1441.0173346104455,36.85792624741953,0.27773096086185073,0.23723846849391642,0.4850305706442329,H,0.3
2022-23,2022-08-27,Arsenal,Fulham,H,1581.4876224467907,1452.7870194986763,128.70060294811447,0.20598977220321155,0.18363462709929468,0.6103756006974937,H,0.3
2022-23,2022-08-27,Southampton,Manchester United,A,1442.406697351323,1509.388530597888,-66.98183324656497,0.3774973849177501,0.259876260325396,0.3626263547568539,A,0.3
2022-23,2022-08-28,Aston Villa,West Ham,A,1473.8645824460807,1487.2705020255562,-13.405919579475494,0.32303878268210556,0.2545456974902836,0.4224155198276109,H,0.3
2022-23,2022-08-28,Nottingham Forest,Tottenham,A,1422.843784943739,1588.2916378507462,-165.44785290700725,0.4962871807922888,0.2332463540057239,0.2704664652019873,A,0.3
2022-23,2022-08-28,Wolverhampton Wanderers,Newcastle United,D,1463.1118604870192,1503.4143405842722,-40.30248009725301,0.34950945182644594,0.2590167273055497,0.39147382086800436,H,0.3
2022-23,2022-08-30,Crystal Palace,Brentford,D,1495.384511150253,1475.1575096181941,20.22700153205892,0.2921721699233694,0.2441606567438943,0.46366717333273627,H,0.3
2022-23,2022-08-30,Fulham,Brighton and Hove Albion,H,1449.4823687805238,1520.4277923274385,-70.94542354691475,0.3818092169618661,0.2596959923519192,0.3584947906862147,A,0.3
2022-23,2022-08-30,Leeds United,Everton,D,1470.244525704475,1443.7350858501163,26.50943985435879,0.28665683466474523,0.24167572162980397,0.4716674437054508,H,0.3
2022-23,2022-08-30,Southampton,Chelsea,H,1435.8151841313706,1570.4344175263989,-134.61923339502823,0.45660109651052144,0.24623991825567765,0.29715898523380097,A,0.3
2022-23,2022-08-31,West Ham,Tottenham,D,1495.0784320203843,1595.5000784845543,-100.42164646416995,0.415149856363617,0.2558843241384766,0.32896581949790643,A,0.3
2022-23,2022-08-31,Manchester City,Nottingham Forest,H,1677.2797217226994,1415.6353443099308,261.64437741276856,0.12212361312435738,0.1,0.7778763868756426,H,0.3
2022-23,2022-08-31,Liverpool,Newcastle United,H,1647.200944698282,1503.9806741384557,143.2202705598263,0.195736764698763,0.173708078101385,0.630555157199852,H,0.3
2022-23,2022-08-31,Bournemouth,Wolverhampton Wanderers,D,1447.5942911042293,1462.5455269328356,-14.951235828606286,0.32451465696879334,0.2548979726994861,0.42058737033172056,H,0.3
2022-23,2022-08-31,Arsenal,Aston Villa,H,1584.7922731649433,1466.0566524512526,118.73562071369065,0.21318911936320437,0.19031961680709475,0.5964912638297009,H,0.3
2022-23,2022-09-01,Leicester City,Manchester United,A,1492.2162396242059,1515.9800438178402,-23.763804193634314,0.333033943820495,0.2566873381106408,0.4102787180688642,H,0.3
2022-23,2022-09-03,Aston Villa,Manchester City,D,1462.5934464768518,1681.9993444348518,-219.40589795799997,0.5695982367749511,0.2028637868434367,0.22753797638161224,A,0.3
2022-23,2022-09-03,Everton,Liverpool,D,1446.1748153209746,1650.2841604819403,-204.10934516096563,0.548464181142927,0.2122731695825405,0.23926264927453236,A,0.3
2022-23,2022-09-03,Brentford,Leeds United,H,1477.4264442130855,1467.8047962336168,9.621647979468662,0.30165520706188786,0.24797946708292978,0.4503653258551823,H,0.3
2022-23,2022-09-03,Chelsea,West Ham,H,1562.5209669453204,1496.2366395365198,66.28432740880066,0.25335829963151296,0.2225033298382632,0.5241383705302238,H,0.3
2022-23,2022-09-03,Nottingham Forest,Bournemouth,A,1410.9157215977784,1446.3049010630964,-35.389179465317966,0.3445470220703265,0.2584666482508236,0.39698632967884995,H,0.3
2022-23,2022-09-03,Wolverhampton Wanderers,Southampton,H,1463.8349169739686,1443.728634712449,20.106282261519482,0.29227888205982083,0.24420681156403148,0.4635143063761477,H,0.3
2022-23,2022-09-03,Tottenham,Fulham,H,1594.3418709684188,1456.4087716448087,137.93309932361012,0.19943787887264458,0.17734353766949043,0.6232185834578651,H,0.3
2022-23,2022-09-03,Newcastle United,Crystal Palace,D,1500.8974583547974,1493.1155765553617,7.781881799435723,0.30332298816361786,0.24859239931266391,0.4480846125237182,H,0.3
2022-23,2022-09-04,Manchester United,Arsenal,H,1523.5500622955826,1588.255479139344,-64.70541684376144,0.37503919284322634,0.2599437888272619,0.3650170183295118,A,0.3
2022-23,2022-09-04,Brighton and Hove Albion,Leicester City,H,1513.5013894631536,1484.6462211464634,28.855168316690197,0.2846164605715617,0.24070681767255364,0.47467672175588466,H,0.3
2022-23,2022-09-16,Aston Villa,Southampton,H,1466.8845607776163,1438.4161360246833,28.46842475293306,0.28495216019152003,0.24086807649602396,0.47417976331245604,H,0.3
2022-23,2022-09-16,Nottingham Forest,Fulham,A,1403.6115686918033,1453.246237734503,-49.63466904269967,0.35909702121608306,0.2597273459689984,0.38117563281491856,H,0.3
2022-23,2022-09-17,Newcastle United,Bournemouth,D,1498.9709190939798,1453.6090539690715,45.36186512490826,0.27053855381231406,0.2332876474132416,0.49617379877444434,H,0.3
2022-23,2022-09-17,Tottenham,Leicester City,H,1597.5044048787245,1474.3878880332225,123.11651684550202,0.21000768202692732,0.1873960002356447,0.6025963177374279,H,0.3
2022-23,2022-09-17,Wolverhampton Wanderers,Manchester City,A,1469.1474156617344,1677.7082301340872,-208.56081447235283,0.5545943519506941,0.20958957325036748,0.23581607479893849,A,0.3
2022-23,2022-09-18,Brentford,Arsenal,A,1488.49959833923,1577.4387150598786,-88.9391167206486,0.4018943658487453,0.2578822766827651,0.34022335746848953,A,0.3
2022-23,2022-09-18,Everton,West Ham,H,1450.1000533594522,1491.8513291247568,-41.75127576530463,0.3509838909298176,0.25915582514274244,0.38986028392744004,H,0.3
2022-23,2022-10-01,Liverpool,Brighton and Hove Albion,D,1646.3589224434627,1523.7597225763946,122.59919986706814,0.21038201872950965,0.1877425470998485,0.6018754341706418,H,0.3
2022-23,2022-10-01,West Ham,Wolverhampton Wanderers,H,1485.4059120437944,1461.5917755713324,23.814136472461996,0.2890139180852222,0.2427616204385495,0.46822446147622826,H,0.3
2022-23,2022-10-01,Southampton,Everton,A,1433.278937475627,1456.5454704404146,-23.266532964787757,0.33254851070724184,0.2565963963794428,0.4108550929133153,H,0.3
2022-23,2022-10-01,Fulham,Newcastle United,A,1460.2269472215232,1496.0280260493996,-35.80107882787638,0.3449608087059473,0.2585173992758244,0.3965217920182283,H,0.3
2022-23,2022-10-01,Bournemouth,Brentford,D,1456.5519470136517,1476.2825803146486,-19.730633300996942,0.329113129871376,0.25591503112147784,0.4149718390071462,H,0.3
2022-23,2022-10-01,Arsenal,Tottenham,H,1589.65573308446,1605.382335234785,-15.72660215032488,0.3252571851058339,0.25507042915611544,0.41967238573805066,H,0.3
2022-23,2022-10-01,Crystal Palace,Chelsea,A,1495.0421158161794,1566.9062773570834,-71.86416154090398,0.3828144478869726,0.25964285132837756,0.3575427007846499,A,0.3
2022-23,2022-10-02,Leeds United,Aston Villa,D,1456.7316421074722,1472.0217593266727,-15.29011721920051,0.32483902093188,0.2549737004309235,0.4201872786371965,H,0.3
2022-23,2022-10-02,Manchester City,Manchester United,H,1685.2638702244892,1534.366826375048,150.89704384944116,0.19042883303965577,0.1683980342808952,0.6411731326794491,H,0.3
2022-23,2022-10-03,Leicester City,Nottingham Forest,H,1466.509957677162,1396.630859204783,69.87909847237893,0.25047684129594516,0.22051140178038087,0.529011756923674,H,0.3
2022-23,2022-10-08,Bournemouth,Leicester City,H,1455.3980638856915,1476.5349024551035,-21.13683856941202,0.3304759383171373,0.25619328138980174,0.4133307802930609,H,0.3
2022-23,2022-10-08,Brighton and Hove Albion,Tottenham,A,1528.5795418842176,1595.856728627541,-67.27718674332345,0.3778172963000982,0.2598655724959203,0.36231713120398157,A,0.3
2022-23,2022-10-08,Chelsea,Wolverhampton Wanderers,H,1573.389372857393,1453.2954691807324,120.0939036766606,0.21219996433137517,0.18941590724476146,0.5983841284238633,H,0.3
2022-23,2022-10-08,Manchester City,Southampton,H,1691.205310311928,1425.697516372723,265.50779393920516,0.11979513211104663,0.1,0.7802048678889534,H,0.3
2022-23,2022-10-08,Newcastle United,Brentford,H,1510.6175481934379,1477.4364634426088,33.181084750829086,0.2808801305259326,0.23886284016875559,0.48025702930531183,H,0.3
2022-23,2022-10-09,West Ham,Fulham,H,1493.7022184343944,1445.637425077485,48.06479335690938,0.2682785329826555,0.23197710153859794,0.4997443654787465,H,0.3
2022-23,2022-10-09,Everton,Manchester United,A,1464.1268915433186,1528.4253862876092,-64.29849474429056,0.37460117479621524,0.2599530898296547,0.36544573537413,A,0.3
2022-23,2022-10-09,Arsenal,Liverpool,H,1599.181339691704,1641.5391031356396,-42.35776344393571,0.3516026319462736,0.2592109204038248,0.3891864476499015,H,0.3
2022-23,2022-10-09,Crystal Palace,Leeds United,H,1488.5590203158697,1455.451844900844,33.10717541502572,0.28094368143788584,0.23889495921337842,0.4801613593487357,H,0.3
2022-23,2022-10-10,Nottingham Forest,Aston Villa,D,1386.6059144268415,1473.301556533301,-86.69564210645945,0.3993443305512615,0.258196800556383,0.34245886889235544,A,0.3
2022-23,2022-10-14,Brentford,Brighton and Hove Albion,H,1465.734437509605,1521.994602487817,-56.26016497821206,0.3660349967494709,0.2599644901677242,0.37400051308280485,H,0.3
2022-23,2022-10-15,Fulham,Bournemouth,D,1438.126385350773,1461.4988046316546,-23.37241928088156,0.33265182857816533,0.25661586218734295,0.4107323092344918,H,0.3
2022-23,2022-10-15,Leicester City,Crystal Palace,D,1470.4341617091404,1493.6003284282433,-23.166166719102876,0.3324506028177091,0.2565778948582732,0.4109715023240177,H,0.3
2022-23,2022-10-15,Tottenham,Everton,H,1602.4416680239417,1457.4755674758012,144.9661005481405,0.19452278935810144,0.17250340223792268,0.6329738084039759,H,0.3
2022-23,2022-10-15,Wolverhampton Wanderers,Nottingham Forest,H,1446.4129124452559,1387.3727682460428,59.040144199213046,0.2592264944395887,0.22639863015354003,0.5143748754068713,H,0.3
2022-23,2022-10-16,Southampton,West Ham,D,1421.874402924579,1501.2132581611063,-79.33885523652725,0.3910738661900332,0.25905214461963416,0.3498739891903327,A,0.3
2022-23,2022-10-16,Liverpool,Manchester City,H,1635.0835898567302,1695.028423760072,-59.94483390334176,0.36994125497123304,0.25999999227287574,0.37005875275589123,H,0.3
2022-23,2022-10-16,Manchester United,Newcastle United,D,1535.0767103551266,1522.3195741264417,12.757136228684885,0.29882847834602,0.24690071938044825,0.4542708022735318,H,0.3
2022-23,2022-10-16,Aston Villa,Chelsea,A,1472.5347027140997,1580.2719295928696,-107.73722687876989,0.42377180207881493,0.25427778381575566,0.32195041410542935,A,0.3
2022-23,2022-10-16,Leeds United,Arsenal,A,1450.4105367884704,1605.6368529706133,-155.2263161821429,0.48290889085157074,0.23796567548067848,0.2791254336677508,A,0.3
2022-23,2022-10-18,Brighton and Hove Albion,Nottingham Forest,D,1511.397722783671,1382.8488333570272,128.54888942664388,0.20609838393124078,0.1837372936445928,0.6101643224241664,H,0.3
2022-23,2022-10-18,Crystal Palace,Wolverhampton Wanderers,H,1494.6565372625412,1450.9368473342715,43.719689928269645,0.2719177099661423,0.2340711768145246,0.4940111132193331,H,0.3
2022-23,2022-10-19,Liverpool,West Ham,H,1641.8301336030909,1500.6572152938447,141.17291830924614,0.19716555129418126,0.17511825418843588,0.6277161945173829,H,0.3
2022-23,2022-10-19,Brentford,Chelsea,D,1476.331317213751,1589.3151409168179,-112.98382370306695,0.4300390393891446,0.2529689446640801,0.31699201594677523,A,0.3
2022-23,2022-10-19,Newcastle United,Everton,H,1524.3836090807658,1452.6297747698864,71.75383431087948,0.24898200511706417,0.21945768505973617,0.5315603098231997,H,0.3
2022-23,2022-10-19,Manchester United,Tottenham,H,1533.0126754008024,1607.2874607298565,-74.27478532905411,0.3854623683639173,0.259483130952427,0.3550545006836556,A,0.3
2022-23,2022-10-19,Bournemouth,Southampton,A,1462.5491428980329,1422.4304457918406,40.11869710619226,0.2749582087055395,0.23575506670586668,0.48928672458859385,H,0.3
2022-23,2022-10-20,Fulham,Aston Villa,H,1437.0760470843948,1463.4914913901514,-26.415444305756637,0.3356321034351525,0.2571518493756786,0.40721604718916893,H,0.3
2022-23,2022-10-20,Leicester City,Leeds United,H,1469.3779528748425,1445.6673484536948,23.710604421147764,0.2891047301601646,0.2428027420973364,0.468092527742499,H,0.3
2022-23,2022-10-22,Nottingham Forest,Liverpool,H,1387.7990281331315,1644.9438853931704,-257.14485726003886,0.6221234697905258,0.17788369262930076,0.19999283758017347,A,0.3
2022-23,2022-10-22,Manchester City,Brighton and Hove Albion,H,1688.2818800137113,1506.4475280075667,181.83435200614463,0.169833416026484,0.14687035313233363,0.6832962308411824,H,0.3
2022-23,2022-10-22,Everton,Crystal Palace,H,1448.3473634754005,1499.482218370858,-51.134854895457465,0.36065834192962803,0.2598005296080356,0.3795411284623363,H,0.3
2022-23,2022-10-22,Chelsea,Manchester United,D,1587.801856795162,1544.0763965661577,43.725460229004284,0.2719128557788769,0.23406844061868828,0.4940187036024348,H,0.3
2022-23,2022-10-23,Tottenham,Newcastle United,A,1596.2237395645013,1528.6660203752517,67.55771918924961,0.2523352995094295,0.221802073362736,0.5258626271278345,H,0.3
2022-23,2022-10-23,Aston Villa,Brentford,H,1451.1130667951622,1477.8446013354069,-26.73153454024464,0.33594290644099795,0.25720492151866164,0.40685217204034047,H,0.3
2022-23,2022-10-23,Leeds United,Fulham,A,1437.36759815277,1449.454471679384,-12.086873526614,0.3217831996989473,0.2542360080710619,0.42398079222999074,H,0.3
2022-23,2022-10-23,Southampton,Arsenal,D,1431.1468622295959,1610.3800413053889,-179.23317907579303,0.5146339944712496,0.22629696139745095,0.2590690441312994,A,0.3
2022-23,2022-10-23,Wolverhampton Wanderers,Leicester City,A,1446.1111662259548,1477.6777031757674,-31.566536949812644,0.34072617545860595,0.257955346934307,0.40131847760708705,H,0.3
2022-23,2022-10-24,West Ham,Bournemouth,H,1497.5434635037652,1453.8327264602776,43.7107370434876,0.2719252415722651,0.23407542190916444,0.4939993365185705,H,0.3
2022-23,2022-10-29,Leicester City,Manchester City,A,1494.840030457761,1692.3219946231554,-197.4819641653944,0.5393750483914518,0.2161772593465251,0.24444769226202312,A,0.3
2022-23,2022-10-29,Liverpool,Leeds United,A,1635.5511800198442,1429.5293189242025,206.02186109564173,0.1546357883331959,0.13026769019210496,0.7150965214746992,H,0.3
2022-23,2022-10-29,Newcastle United,Aston Villa,H,1537.7547257306246,1465.4962662208914,72.25845950973326,0.2485805553978413,0.2191723458639648,0.5322470987381939,H,0.3
2022-23,2022-10-29,Fulham,Everton,D,1457.2927509079514,1461.5497922318905,-4.25704132393912,0.3144083839871415,0.2522289293056452,0.4333626867072133,H,0.3
2022-23,2022-10-29,Bournemouth,Tottenham,A,1446.1839181005741,1587.1350342091284,-140.9511161085543,0.4645848093242736,0.24388253072138713,0.2915326599543393,A,0.3
2022-23,2022-10-29,Brighton and Hove Albion,Chelsea,H,1502.4074133981226,1584.902043553324,-82.49463015520132,0.39460438061539704,0.2587183822402724,0.3466772371443306,A,0.3
2022-23,2022-10-29,Brentford,Wolverhampton Wanderers,D,1463.4614019096778,1428.9488389439612,34.5125629657166,0.27973694284225825,0.2382805996448648,0.48198245751287694,H,0.3
2022-23,2022-10-29,Crystal Palace,Southampton,H,1486.279789614368,1434.4500022922425,51.82978732212541,0.26515094842292275,0.23010913314337555,0.5047399184337017,H,0.3
2022-23,2022-10-30,Arsenal,Nottingham Forest,H,1607.0769012427422,1397.1917335064577,209.88516773628453,0.15228367709888496,0.12766032179033643,0.7200560011107786,H,0.3
2022-23,2022-10-30,Manchester United,West Ham,H,1546.9762098079957,1505.1922718634687,41.783937944527,0.27354937134894564,0.2349822663026566,0.49146836234839775,H,0.3
2022-23,2022-11-05,Everton,Leicester City,A,1463.1405772646629,1490.8727685612985,-27.73219129663562,0.33692836034728635,0.25736969422342787,0.40570194542928584,H,0.3
2022-23,2022-11-05,Leeds United,Bournemouth,H,1439.9514763756506,1441.1606803278378,-1.2092039521871811,0.31157330560581625,0.2513705481276607,0.43705614626652306,H,0.3
2022-23,2022-11-05,Manchester City,Fulham,H,1696.289256519618,1455.701965875179,240.587290644439,0.1343493403180908,0.10759033891175489,0.7580603207701544,H,0.3
2022-23,2022-11-05,Nottingham Forest,Brentford,D,1391.48084391167,1460.8062835737612,-69.32543966209118,0.3800420195670973,0.2597792871474959,0.36017869328540675,A,0.3
2022-23,2022-11-05,Wolverhampton Wanderers,Brighton and Hove Albion,A,1431.6039572798777,1516.6332245861854,-85.0292673063077,0.39745870214772666,0.25841422387481167,0.3441270739774616,A,0.3
2022-23,2022-11-06,Tottenham,Liverpool,A,1592.1582719818648,1625.129022568396,-32.97075058653127,0.3421256898949581,0.25815161246536544,0.39972269763967644,H,0.3
2022-23,2022-11-06,Aston Villa,Manchester United,H,1455.5746792669283,1551.840826244366,-96.26614697743776,0.41031341567801793,0.25668189476724673,0.3330046895547354,A,0.3
2022-23,2022-11-06,Chelsea,Arsenal,A,1570.676232365261,1612.7877908375299,-42.111558472268825,0.3513513444616081,0.25918877747309116,0.3894598780653007,H,0.3
2022-23,2022-11-06,Southampton,Newcastle United,A,1429.7854862069212,1547.6763126845876,-117.89082647766645,0.4359631400595987,0.2516284576761655,0.31240840226423583,A,0.3
2022-23,2022-11-06,West Ham,Crystal Palace,A,1500.3276554270983,1490.9443056996893,9.38334972740904,0.3018708439667116,0.24805969717354287,0.4500694588597455,H,0.3
2022-23,2022-11-12,Tottenham,Leeds United,H,1584.7989338773511,1445.7179478855455,139.08098599180562,0.19863118791615927,0.17655603090856223,0.6248127811752785,H,0.3
2022-23,2022-11-12,West Ham,Leicester City,A,1492.0653120293002,1502.7268681221497,-10.661556092849423,0.32043077082683413,0.2538920928361892,0.4256771363369767,H,0.3
2022-23,2022-11-12,Nottingham Forest,Crystal Palace,H,1391.7491872035666,1499.2066490974873,-107.45746189392071,0.42343956900120955,0.2543439248548808,0.3222165061439097,A,0.3
2022-23,2022-11-12,Wolverhampton Wanderers,Arsenal,A,1425.4103477667768,1619.938944179256,-194.52859641247915,0.5353407649184857,0.21787988047603055,0.2467793546054837,A,0.3
2022-23,2022-11-12,Manchester City,Brentford,A,1698.1705435749734,1460.5379402818646,237.6326032931088,0.13601586114486472,0.10946360438864706,0.7545205344664881,H,0.3
2022-23,2022-11-12,Bournemouth,Everton,H,1435.3942088179429,1451.2864777038117,-15.892268885868816,0.32541600977864615,0.2551069033804704,0.4194770868408835,H,0.3
2022-23,2022-11-12,Liverpool,Southampton,H,1632.4883606729097,1418.7999667483418,213.6883939245679,0.14998871107089895,0.12510885516719583,0.7249024337619052,H,0.3
2022-23,2022-11-12,Newcastle United,Chelsea,H,1558.661832143167,1563.525079023535,-4.863246880368024,0.31497462976501295,0.2523945480490752,0.4326308221859118,H,0.3
2022-23,2022-11-13,Brighton and Hove Albion,Aston Villa,A,1522.8268340992863,1467.1949410395564,55.63189305972992,0.26201635532744616,0.22817389828942425,0.5098097463831296,H,0.3
2022-23,2022-11-13,Fulham,Manchester United,A,1453.8206788198236,1540.220564471738,-86.39988565191447,0.3990091341258567,0.2582363988410773,0.342754467033066,A,0.3
2022-23,2022-12-26,Brentford,Tottenham,D,1471.1385117370035,1587.9441193836656,-116.80560764666211,0.4346478181574408,0.2519345067100601,0.3134176751324991,A,0.3
2022-23,2022-12-26,Crystal Palace,Fulham,A,1491.7008434914503,1447.6569495774977,44.043893913952616,0.2716450663511547,0.23391725756751802,0.49443767608132727,H,0.3
2022-23,2022-12-26,Arsenal,West Ham,H,1626.3085486821024,1479.5899386707015,146.71861001140087,0.1933082312308185,0.1712922638805051,0.6353995048886764,H,0.3
2022-23,2022-12-26,Aston Villa,Liverpool,A,1476.1259100695368,1635.9217296531108,-159.79581958357403,0.48886434740657797,0.2359037219067721,0.2752319306866499,A,0.3
2022-23,2022-12-26,Everton,Wolverhampton Wanderers,A,1439.2609413096275,1419.0407432639304,20.22019804569709,0.29217818325473194,0.24416325954931511,0.463658557195953,H,0.3
2022-23,2022-12-26,Leicester City,Newcastle United,A,1515.2022414807484,1564.4895644376763,-49.28732295692794,0.35873631897898245,0.2597087767272673,0.38155490429375033,H,0.3
2022-23,2022-12-26,Southampton,Brighton and Hove Albion,A,1415.3665977681408,1513.895865069306,-98.52926730116519,0.4129418690507222,0.25625794051694445,0.3308001904323333,A,0.3
2022-23,2022-12-27,Manchester United,Nottingham Forest,H,1546.384293714064,1399.2549928096037,147.12930090446025,0.193024194858047,0.17100818871967444,0.6359676164222786,H,0.3
2022-23,2022-12-27,Chelsea,Bournemouth,H,1557.6973467290256,1447.419745212127,110.27760151689859,0.2194047402857132,0.19588594805121762,0.5847093116630692,H,0.3
2022-23,2022-12-28,Leeds United,Manchester City,A,1442.572762379231,1687.5699721198346,-244.99720974060347,0.6052168665560321,0.1861333211465151,0.20864981229745286,A,0.3
2022-23,2022-12-30,Liverpool,Leicester City,H,1643.300320588548,1501.225123301618,142.07519728693,0.196535192844851,0.17449713732584282,0.6289676698293062,H,0.3
2022-23,2022-12-30,West Ham,Brentford,A,1474.7850307920937,1472.7590936795254,2.025937112568272,0.3085854195156305,0.25041289956247037,0.4410016809218991,H,0.3
2022-23,2022-12-31,Bournemouth,Crystal Palace,A,1441.7107284737024,1474.1574880303483,-32.44675955664593,0.3416029054613346,0.2580795197419615,0.4003175747967039,H,0.3
2022-23,2022-12-31,Brighton and Hove Albion,Arsenal,A,1523.2497171947193,1631.1134565607101,-107.8637393659908,0.4239221063999633,0.25424775221448503,0.3218301413855517,A,0.3
2022-23,2022-12-31,Fulham,Southampton,H,1465.2003050385997,1406.0127456427274,59.18755939587231,0.259106248761902,0.2263209993843172,0.5145727518537808,H,0.3
2022-23,2022-12-31,Manchester City,Everton,D,1692.6385192774549,1430.8343415031698,261.8041777742851,0.12202654969502685,0.1,0.7779734503049731,H,0.3
2022-23,2022-12-31,Newcastle United,Leeds United,D,1578.4666826168068,1437.5042152216108,140.96246739519597,0.19731273364294183,0.17526304268060966,0.6274242236764486,H,0.3
2022-23,2022-12-31,Wolverhampton Wanderers,Manchester United,A,1427.467343070388,1552.435369985352,-124.96802691496396,0.44461203185124426,0.24950088099762757,0.30588708715112817,A,0.3
2022-23,2023-01-01,Tottenham,Aston Villa,A,1586.3235374411436,1468.7473191340996,117.57621830704397,0.21403540910701085,0.19108896754095,0.5948756233520391,H,0.3
2022-23,2023-01-01,Nottingham Forest,Chelsea,D,1393.2039165383155,1563.4063634674503,-170.2024469291348,0.5025776057394425,0.2309225155422672,0.26649987871829023,A,0.3
2022-23,2023-01-02,Brentford,Liverpool,H,1485.674046962694,1646.4005872359603,-160.7265402732662,0.4900824371785286,0.2354741644055186,0.2744433984159528,A,0.3
2022-23,2023-01-03,Arsenal,Newcastle United,D,1640.1524300026965,1573.2515472185887,66.90088278410781,0.2528626650612482,0.22216439517003336,0.5249729397687184,H,0.3
2022-23,2023-01-03,Everton,Brighton and Hove Albion,A,1438.1226403988358,1514.210743752733,-76.08810335389717,0.38746407956033485,0.25934365173881335,0.3531922687008518,A,0.3
2022-23,2023-01-03,Leicester City,Fulham,A,1498.1248566542056,1469.721392693247,28.40346396095856,0.2850085742227988,0.24089510448775617,0.474096321289445,H,0.3
2022-23,2023-01-03,Manchester United,Bournemouth,H,1557.7819012382395,1430.0274879958738,127.75441324236567,0.2066676509361809,0.18427451145503063,0.6090578376087885,H,0.3
2022-23,2023-01-04,Aston Villa,Wolverhampton Wanderers,D,1484.0860178673224,1422.1208118175007,61.965206049821745,0.256847032223078,0.2248453795903805,0.5183075881865414,H,0.3
2022-23,2023-01-04,Crystal Palace,Tottenham,A,1485.8407285081769,1570.9848387079207,-85.14411019974386,0.39758842441062026,0.2583996832957372,0.34401189229364265,A,0.3
2022-23,2023-01-04,Leeds United,West Ham,D,1442.719350619829,1461.870077508925,-19.150726889096177,0.3285524290466213,0.25579749410624214,0.4156500768471365,H,0.3
2022-23,2023-01-04,Southampton,Nottingham Forest,A,1401.49165798808,1396.2735386738225,5.218119314257592,0.3056585378211831,0.2494215636195119,0.4449198985593051,H,0.3
2022-23,2023-01-05,Chelsea,Manchester City,A,1560.3367413319434,1685.3502203817889,-125.0134790498455,0.44466797272197106,0.24948648653522018,0.3058455407428087,A,0.3
2022-23,2023-01-12,Fulham,Chelsea,H,1478.269089438453,1554.9911432932875,-76.72205385483448,0.3881659002443269,0.2592909778699238,0.35254312188574943,A,0.3
2022-23,2023-01-13,Aston Villa,Leeds United,H,1480.713006224493,1441.549001862458,39.16400436203503,0.2757680845719625,0.2361934942316699,0.4880384211963676,H,0.3
2022-23,2023-01-14,Brighton and Hove Albion,Liverpool,H,1526.9902331853111,1633.2747075356574,-106.28447435034627,0.4220487605729054,0.25461718854432924,0.32333405088276534,A,0.3
2022-23,2023-01-14,Everton,Southampton,A,1425.3431509662576,1393.2935745986506,32.04957636760696,0.281854138160064,0.23935224000081112,0.4787936218391249,H,0.3
2022-23,2023-01-14,Brentford,Bournemouth,H,1498.799926662997,1423.3885372760963,75.41138938690074,0.2460810225315995,0.21737342878868612,0.5365455486797144,H,0.3
2022-23,2023-01-14,Nottingham Forest,Leicester City,H,1404.471622063252,1489.5771599089996,-85.10553784574768,0.3975448506976499,0.25840457438173264,0.3440505749206174,A,0.3
2022-23,2023-01-14,Wolverhampton Wanderers,West Ham,H,1425.49382346033,1463.040426266296,-37.546602805965904,0.34671885031899125,0.258723064833384,0.3945580848476247,H,0.3
2022-23,2023-01-14,Manchester United,Manchester City,H,1564.420851958017,1690.6958184204448,-126.27496646242776,0.44622255732518246,0.24908330063338874,0.30469414204142875,A,0.3
2022-23,2023-01-15,Chelsea,Crystal Palace,H,1547.9711310561331,1471.4654303909688,76.50570066516434,0.2452169967916022,0.21674268493424212,0.5380403182741558,H,0.3
2022-23,2023-01-15,Newcastle United,Fulham,H,1576.7498477980146,1485.2891016756073,91.46074612240727,0.23358616622286604,0.2078163383992452,0.5585974953778887,H,0.3
2022-23,2023-01-15,Tottenham,Arsenal,A,1585.3601368251288,1636.6541294232707,-51.29399259814181,0.36082429389477866,0.2598076240679229,0.37936808203729844,H,0.3
2022-23,2023-01-18,Crystal Palace,Manchester United,D,1467.2711688806228,1572.211558551342,-104.94038967071924,0.4204593888633613,0.2549222502230114,0.3246183609136273,A,0.3
2022-23,2023-01-19,Manchester City,Tottenham,H,1682.9051118271198,1574.3553635870674,108.5497482400524,0.2206864812743309,0.19700907983426702,0.5823044388914022,H,0.3
2022-23,2023-01-21,Leicester City,Brighton and Hove Albion,D,1478.2372408035603,1541.9656360096328,-63.72839520607249,0.3739882215123527,0.25996470706344327,0.36604707142420406,A,0.3
2022-23,2023-01-21,Liverpool,Chelsea,D,1618.2993047113357,1552.165392566479,66.1339121448566,0.2534793047970653,0.22258584423281574,0.5239348509701189,H,0.3
2022-23,2023-01-21,Crystal Palace,Newcastle United,D,1468.5574913882863,1580.6743714726913,-112.11688008440501,0.42899865929226844,0.2531941387415548,0.31780720196617673,A,0.3
2022-23,2023-01-21,Southampton,Aston Villa,A,1401.8943789131936,1485.6306026330217,-83.7362237198281,0.396000489464856,0.25857339927341894,0.34542611126172507,A,0.3
2022-23,2023-01-21,West Ham,Everton,H,1456.665091200031,1416.7423466517146,39.92274454831636,0.275124307315065,0.2358453308186091,0.489030361866326,H,0.3
2022-23,2023-01-21,Bournemouth,Nottingham Forest,D,1416.7087791722788,1415.8115411686913,0.8972380035875176,0.3096253674337925,0.2507524176699359,0.4396222148962717,H,0.3
2022-23,2023-01-22,Manchester City,Wolverhampton Wanderers,H,1688.6598157839508,1431.8691585265951,256.79065725735563,0.12510290378978933,0.1,0.7748970962102106,H,0.3
2022-23,2023-01-22,Arsenal,Manchester United,H,1647.6589026613321,1570.9252360436785,76.73366661765363,0.2450372298747549,0.21661088182082316,0.5383518883044218,H,0.3
2022-23,2023-01-22,Leeds United,Brentford,D,1436.6314054539293,1505.4796847668144,-68.8482793128851,0.37952278550697505,0.25980128757446097,0.360675926918564,A,0.3
2022-23,2023-01-23,Fulham,Tottenham,A,1481.3645780009306,1568.6006596302364,-87.23608162930577,0.3999574252985499,0.25812331863625904,0.341919256065191,A,0.3
2022-23,2023-02-03,Chelsea,Fulham,D,1555.6443046002605,1475.2190530908156,80.42525150944493,0.24213695173733238,0.21445733580635384,0.5434057124563137,H,0.3
2022-23,2023-02-04,Wolverhampton Wanderers,Liverpool,H,1428.4180003702631,1614.8203926775543,-186.40239230729117,0.5242981411193007,0.2224385146911431,0.2532633441895561,A,0.3
2022-23,2023-02-04,Newcastle United,West Ham,D,1579.1854777307658,1464.434925916859,114.7505518139069,0.21610557364348681,0.19295584181399447,0.5909385845425187,H,0.3
2022-23,2023-02-04,Everton,Arsenal,H,1408.9725119348866,1651.8489646444361,-242.87645270954954,0.6022617896125815,0.1875568597372181,0.21018135065020035,A,0.3
2022-23,2023-02-04,Manchester United,Crystal Palace,H,1566.7351740605745,1470.0463851302118,96.68878893036276,0.22959633277175093,0.20457243008823336,0.5658312371400157,H,0.3
2022-23,2023-02-04,Brentford,Southampton,H,1505.2250658614848,1395.6725337807206,109.5525320807642,0.21994210746131876,0.19635786701263883,0.5837000255260425,H,0.3
2022-23,2023-02-04,Aston Villa,Leicester City,A,1491.8524477654946,1478.3445485247453,13.507899240749339,0.2981545462881434,0.24663609311563342,0.4552093605962232,H,0.3
2022-23,2023-02-04,Brighton and Hove Albion,Bournemouth,H,1541.8583282884479,1414.9737472478753,126.88458104057258,0.20729187899230334,0.184861872304072,0.6078462487036247,H,0.3
2022-23,2023-02-05,Nottingham Forest,Leeds United,H,1417.5465730930948,1436.886024359259,-19.339451266164133,0.32873481944260075,0.2558359237974214,0.41542925675997777,H,0.3
2022-23,2023-02-05,Tottenham,Manchester City,H,1574.7461845403514,1692.1109739402827,-117.3647893999314,0.4353252005379352,0.25177748531670235,0.3128973141453625,A,0.3
2022-23,2023-02-08,Manchester United,Leeds United,D,1570.5681870793571,1430.8154272609806,139.7527598183765,0.19815990147555504,0.1760946819523255,0.6257454165721195,H,0.3
2022-23,2023-02-11,Southampton,Wolverhampton Wanderers,A,1388.4444034846665,1445.6528712744687,-57.20846778980217,0.3670370471662899,0.2599802147221672,0.37298273811154287,H,0.3
2022-23,2023-02-11,Arsenal,Brentford,D,1642.5941235053424,1512.453196157539,130.14092734780343,0.204960172308195,0.18265870325046357,0.6123811244413414,H,0.3
2022-23,2023-02-11,Crystal Palace,Brighton and Hove Albion,D,1466.2133721114292,1545.1914745891286,-78.9781024776994,0.39067191931923945,0.25908711635868087,0.3502409643220797,A,0.3
2022-23,2023-02-11,Leicester City,Tottenham,H,1491.53994449808,1582.4033277560698,-90.86338325798965,0.4040919697609718,0.25759263430672624,0.33831539593230187,A,0.3
2022-23,2023-02-11,Bournemouth,Newcastle United,D,1411.6406009471946,1574.540960982865,-162.90036003567047,0.4929339901294439,0.2344584686006763,0.27260754126987985,A,0.3
2022-23,2023-02-11,West Ham,Chelsea,D,1469.0794426647597,1551.8091372127803,-82.72969454802069,0.39486839171846033,0.25869152485520475,0.34644008342633487,A,0.3
2022-23,2023-02-11,Fulham,Nottingham Forest,H,1479.0542204782957,1423.6171701913731,55.43705028692261,0.26217641506564204,0.2282742413542621,0.5095493435800958,H,0.3
2022-23,2023-02-12,Manchester City,Aston Villa,H,1684.4538307245643,1478.6570517921598,205.79677893240455,0.15477347256331778,0.1304200587143926,0.7148064687222896,H,0.3
2022-23,2023-02-12,Leeds United,Manchester United,A,1436.005168190312,1565.3784461500259,-129.37327795971396,0.4500569568991874,0.24806308264107127,0.30187996045974136,A,0.3
2022-23,2023-02-13,Liverpool,Everton,H,1597.5855217733488,1418.2273530739803,179.35816869936843,0.17143451853933098,0.14858931010491422,0.6799761713557547,H,0.3
2022-23,2023-02-15,Arsenal,Manchester City,A,1637.6094132777616,1688.0300587596992,-50.42064548193753,0.3599143281104849,0.25976710975092454,0.38031856213859055,H,0.3
2022-23,2023-02-18,Aston Villa,Arsenal,A,1475.080823757025,1626.5733909563896,-151.49256719936466,0.47807420925551747,0.23959132509310174,0.28233446565138076,A,0.3
2022-23,2023-02-18,Brentford,Crystal Palace,D,1517.4379063851197,1466.75906318915,50.67884319596965,0.2661045298825079,0.2306853396844721,0.50321013043302,H,0.3
2022-23,2023-02-18,Brighton and Hove Albion,Fulham,A,1544.6457835114077,1486.335321271248,58.31046224015972,0.2598222056448702,0.22678186510316323,0.5133959292519666,H,0.3
2022-23,2023-02-18,Chelsea,Southampton,A,1551.155855752823,1381.6343289014053,169.52152685141778,0.17787669825663405,0.1554349356662069,0.666688366077159,H,0.3
2022-23,2023-02-18,Everton,Leeds United,H,1414.1366639090054,1427.673903801343,-13.537239892337539,0.3231639955805131,0.2545760763823098,0.42225992803717716,H,0.3
2022-23,2023-02-18,Newcastle United,Liverpool,A,1571.662914007976,1601.6762109383237,-30.01329693034768,0.3391835665271112,0.25772686412562573,0.4030895693472631,H,0.3
2022-23,2023-02-18,Nottingham Forest,Manchester City,D,1416.336069398421,1699.0660810810712,-282.73001168265023,0.6574318277072706,0.16016781017664775,0.1824003621160817,A,0.3
2022-23,2023-02-18,Wolverhampton Wanderers,Bournemouth,A,1452.46294585773,1414.5186479220836,37.94429793564632,0.2768051003509033,0.23674867973934433,0.4864462199097524,H,0.3
2022-23,2023-02-19,Tottenham,West Ham,H,1567.9107082360865,1469.732724124717,98.1779841113696,0.2284669044474438,0.20363781745496828,0.567895278097588,H,0.3
2022-23,2023-02-19,Manchester United,Leicester City,H,1573.7097105389948,1506.0325640180633,67.6771465209315,0.25223948474562896,0.2217360580422629,0.5260244572121081,H,0.3
2022-23,2023-02-24,Fulham,Wolverhampton Wanderers,D,1495.3022740040535,1443.7774196827743,51.524854321279236,0.2654033777945462,0.23026223404432603,0.5043343881611279,H,0.3
2022-23,2023-02-25,Crystal Palace,Liverpool,D,1469.8410998742856,1613.4475940260756,-143.60649415179,0.4679598810485896,0.2428440491744409,0.2891960697769695,A,0.3
2022-23,2023-02-25,Everton,Aston Villa,A,1420.1099174183278,1467.448261536342,-47.33834411801422,0.356717952165523,0.2595932622498812,0.3836887855845958,H,0.3
2022-23,2023-02-25,Bournemouth,Manchester City,A,1423.2041740970392,1693.4098146108481,-270.20564051380893,0.6402187940639585,0.16887751825681827,0.1909036876792232,A,0.3
2022-23,2023-02-25,Leicester City,Arsenal,A,1497.3146401709334,1634.2059531770726,-136.89131300613917,0.4594553526071971,0.24541350910269835,0.2951311382901045,A,0.3
2022-23,2023-02-25,West Ham,Nottingham Forest,H,1463.698434675207,1421.992335868644,41.70609880656298,0.2736151179837384,0.23501861676077948,0.4913662652554821,H,0.3
2022-23,2023-02-25,Leeds United,Southampton,H,1421.7006502920206,1391.7946455448264,29.906004747194174,0.2837057055727591,0.2402656552997755,0.4760286391274654,H,0.3
2022-23,2023-02-26,Tottenham,Chelsea,H,1573.9449976855965,1540.995539109402,32.9494585761945,0.2810793271389558,0.23896342797630427,0.47995724488474,H,0.3
2022-23,2023-03-01,Arsenal,Everton,H,1639.3103641114578,1408.9634458927956,230.34691821866227,0.14017975541342473,0.11414007551723229,0.745680169069343,H,0.3
2022-23,2023-03-01,Liverpool,Wolverhampton Wanderers,H,1611.086603386344,1446.8814769466132,164.20512643973075,0.18141258416715747,0.15913991629007723,0.6594474995427653,H,0.3
2022-23,2023-03-04,Southampton,Leicester City,H,1386.6872688457686,1492.2102292365482,-105.52296039077964,0.4211477097664771,0.2547910854070718,0.32406120482645107,A,0.3
2022-23,2023-03-04,Wolverhampton Wanderers,Tottenham,H,1442.4702881328417,1581.9404237859687,-139.47013565312704,0.46270929680590905,0.24444902544648883,0.29284167774760217,A,0.3
2022-23,2023-03-04,Manchester City,Newcastle United,H,1699.0816590602135,1559.891530920224,139.19012813998938,0.19855457795734746,0.17648109987337693,0.6249643221692757,H,0.3
2022-23,2023-03-04,Arsenal,Bournemouth,H,1643.921191622237,1417.5323296476738,226.38886197456327,0.14247420741961422,0.11671311709840919,0.7408126754819766,H,0.3
2022-23,2023-03-04,Brighton and Hove Albion,West Ham,H,1535.678830778602,1474.9973682138082,60.68146256479395,0.2578896440415953,0.22553039022828777,0.5165799657301169,H,0.3
2022-23,2023-03-04,Aston Villa,Crystal Palace,H,1478.5947330618742,1472.2020905140173,6.3926425478568945,0.30458690128242905,0.24904532852911954,0.4463677701884514,H,0.3
2022-23,2023-03-04,Chelsea,Leeds United,H,1533.0001130090297,1426.8080269910783,106.1920860179514,0.2224420263863356,0.19853331688778905,0.5790246567258753,H,0.3
2022-23,2023-03-05,Liverpool,Manchester United,H,1615.4977922001156,1582.4276343861247,33.07015781399082,0.28097551470900894,0.2389110381276561,0.4801134471633349,H,0.3
2022-23,2023-03-05,Nottingham Forest,Everton,D,1410.6934023300428,1404.3526183820163,6.340783948026456,0.3046341576636092,0.24906207002007516,0.44630377231631563,H,0.3
2022-23,2023-03-06,Brentford,Fulham,H,1514.3558696999842,1492.1982167402145,22.15765295976962,0.29046931426652617,0.24341427684474942,0.46611640888872446,H,0.3
2022-23,2023-03-11,Leeds United,Brighton and Hove Albion,D,1423.1376216406643,1546.109617197511,-122.97199555684665,0.4421603278249468,0.2501238802979616,0.3077157918770916,A,0.3
2022-23,2023-03-11,Leicester City,Chelsea,A,1484.734301622395,1536.6705183594438,-51.93621673704888,0.3614946606351117,0.25983495088438713,0.37867038848050116,H,0.3
2022-23,2023-03-11,Tottenham,Nottingham Forest,H,1573.95670764518,1408.806833427384,165.14987421779597,0.18078148046664877,0.1584815240632666,0.6607369954700846,H,0.3
2022-23,2023-03-11,Bournemouth,Liverpool,H,1415.5048700786124,1630.624000494644,-215.11913041603157,0.5636572870476326,0.20555254672517587,0.2307901662271916,A,0.3
2022-23,2023-03-11,Everton,Brentford,H,1406.2391872846752,1519.6250782519792,-113.38589096730402,0.43052218268861264,0.25286331320658173,0.3166145041048056,A,0.3
2022-23,2023-03-11,Crystal Palace,Manchester City,A,1466.5955774782965,1704.0640515987398,-237.46847412044326,0.5947254855964913,0.1911603667913124,0.21411414761219627,A,0.3
2022-23,2023-03-12,Fulham,Arsenal,A,1486.9290081882195,1645.9486511912987,-159.01964300307918,0.48784981848917397,0.23625949476186764,0.27589068674895834,A,0.3
2022-23,2023-03-12,Manchester United,Southampton,D,1567.3014260915963,1394.163196459922,173.13822963167445,0.17549291354032584,0.15291563681886974,0.6715914496408044,H,0.3
2022-23,2023-03-12,Newcastle United,Wolverhampton Wanderers,H,1554.9091383816979,1450.4540042736305,104.45513410806734,0.22374027841151373,0.19964993474359405,0.5766097868448922,H,0.3
2022-23,2023-03-12,West Ham,Aston Villa,D,1464.5665817948993,1484.201246097595,-19.634664302695683,0.3290202865241103,0.2558956921943221,0.41508402128156763,H,0.3
2022-23,2023-03-15,Brighton and Hove Albion,Crystal Palace,H,1544.3167272465512,1463.2833353934357,81.03339185311552,0.24166110885492365,0.21409915984607272,0.5442397312990036,H,0.3
2022-23,2023-03-15,Southampton,Brentford,A,1400.019738708411,1512.028368628982,-112.00862992057091,0.428868885784052,0.2532220104312154,0.31790910378473264,A,0.3
2022-23,2023-03-17,Nottingham Forest,Newcastle United,A,1404.4161841639266,1558.608902787108,-154.19271862318146,0.4815676463549844,0.23842108771708986,0.28001126592792575,A,0.3
2022-23,2023-03-18,Wolverhampton Wanderers,Leeds United,A,1446.7542398682203,1424.930511591624,21.823728276596285,0.2907633318065245,0.243544475133405,0.4656921930600704,H,0.3
2022-23,2023-03-18,Aston Villa,Bournemouth,H,1485.3578545710932,1424.4644887951845,60.893365775908705,0.2577173629582296,0.22541767417250064,0.5168649628692696,H,0.3
2022-23,2023-03-18,Brentford,Leicester City,D,1520.928965552908,1473.752494416662,47.17647113624594,0.26901992847831857,0.23241065908217393,0.4985694124395075,H,0.3
2022-23,2023-03-18,Chelsea,Everton,D,1547.6523255651766,1413.8358969076723,133.81642865750428,0.20234529900884923,0.18015864119657482,0.617496059794576,H,0.3
2022-23,2023-03-18,Southampton,Tottenham,D,1391.119141784485,1578.3473569086373,-187.22821512415226,0.5254162364667007,0.22198399313830222,0.25259977039499715,A,0.3
2022-23,2023-03-19,Arsenal,Crystal Palace,H,1655.2891010216524,1459.1719754009544,196.11712562069806,0.16076150982047208,0.13701574811181372,0.7022227420677142,H,0.3
2022-23,2023-04-01,Arsenal,Leeds United,H,1660.0312947925927,1438.3242892973938,221.70700549519893,0.14521743861969813,0.11978434355758169,0.7349982178227201,H,0.3
2022-23,2023-04-01,Bournemouth,Fulham,H,1415.488048442373,1477.5885583578658,-62.10050991549292,0.3722425366447438,0.25998879753728793,0.36776866581796824,A,0.3
2022-23,2023-04-01,Brighton and Hove Albion,Brentford,D,1548.4280872390325,1517.9384409100473,30.489646328985145,0.28320073982595806,0.2400187441062015,0.47678051606784044,H,0.3
2022-23,2023-04-01,Chelsea,Aston Villa,A,1542.58853174302,1494.3342949239047,48.25423681911525,0.2681205951649178,0.2318842834519572,0.49999512138312496,H,0.3
2022-23,2023-04-01,Crystal Palace,Leicester City,H,1454.429781630014,1476.7430190595228,-22.313237429508717,0.33161949906538385,0.2564186835726252,0.41196181736199095,H,0.3
2022-23,2023-04-01,Manchester City,Liverpool,H,1707.3762936836006,1621.6643817780719,85.71191190552872,0.23801854018215443,0.21131253777395256,0.5506689220438931,H,0.3
2022-23,2023-04-01,Nottingham Forest,Wolverhampton Wanderers,D,1399.6530071633479,1433.3604621624506,-33.707454999102765,0.34286180173121983,0.2582506628614952,0.39888753540728505,H,0.3
2022-23,2023-04-02,West Ham,Southampton,H,1463.4099733214011,1394.62570802047,68.78426530093111,0.2513523106570186,0.22112208309748044,0.5275256062455009,H,0.3
2022-23,2023-04-02,Newcastle United,Manchester United,H,1563.3720797876867,1561.4448838431072,1.92719594457958,0.3086762906228427,0.2504428317504213,0.44088087762673606,H,0.3
2022-23,2023-04-03,Everton,Tottenham,D,1418.899690729829,1574.8407906726522,-155.94109994282326,0.48383770281178784,0.23764834398538828,0.2785139532028239,A,0.3
2022-23,2023-04-04,Bournemouth,Brighton and Hove Albion,A,1422.26998846495,1545.8809220985684,-123.61093363361829,0.4429440756034777,0.24992640280093345,0.3071295215955889,A,0.3
2022-23,2023-04-04,Chelsea,Liverpool,D,1528.5929542272204,1613.6107365983373,-85.01778237111694,0.39744573107379616,0.25841567439810176,0.3441385945281021,A,0.3
2022-23,2023-04-04,Leeds United,Nottingham Forest,H,1434.1688569297557,1398.8976882048948,35.2711687248609,0.2790870365914888,0.23794582035878556,0.48296714304972566,H,0.3
2022-23,2023-04-04,Leicester City,Aston Villa,A,1470.6225535582944,1508.3298724397043,-37.70731888140995,0.3468810874843133,0.25874123524383913,0.3943776772718475,H,0.3
2022-23,2023-04-05,Manchester United,Brentford,H,1552.4043789732923,1520.4856060505115,31.918772922780818,0.2819668837441656,0.23940849367101646,0.4786246225848179,H,0.3
2022-23,2023-04-05,West Ham,Newcastle United,A,1467.7480620173023,1572.4125846575016,-104.66452264019927,0.4201337475803969,0.25498379508834046,0.3248824573312627,A,0.3
2022-23,2023-04-08,Southampton,Manchester City,A,1390.2876193245688,1715.429938863335,-325.1423195387663,0.7139624166569888,0.13086337012643653,0.15517421321657462,A,0.3
2022-23,2023-04-08,Manchester United,Everton,H,1557.470159681567,1421.5929851955661,135.87717448600097,0.20088707396868716,0.1787512947869149,0.620361631244398,H,0.3
2022-23,2023-04-08,Tottenham,Brighton and Hove Albion,H,1572.147496206915,1554.3991921165098,17.748304090405327,0.29436888057602195,0.24509610350673114,0.4605350159172469,H,0.3
2022-23,2023-04-08,Wolverhampton Wanderers,Chelsea,H,1434.1157811209036,1529.311781941148,-95.19600082024431,0.4090751174227313,0.2568736629806446,0.3340512195966241,A,0.3
2022-23,2023-04-08,Leicester City,Bournemouth,A,1463.3712290907336,1413.7517184470087,49.61951064372488,0.2669841573752661,0.23121167023663602,0.5018041723880979,H,0.3
2022-23,2023-04-08,Fulham,West Ham,A,1470.8066183352887,1454.348835480302,16.457782854986817,0.2955172888173132,0.24557289137799673,0.45890981980469003,H,0.3
2022-23,2023-04-08,Brentford,Newcastle United,A,1515.4198253422367,1585.811811194502,-70.3919858522654,0.3812047266167068,0.2597259426230759,0.35906933076021724,A,0.3
2022-23,2023-04-08,Aston Villa,Nottingham Forest,H,1515.5811969072652,1393.9007758054781,121.68042110178703,0.21104774315919403,0.18835718382904423,0.6005950730117617,H,0.3
2022-23,2023-04-09,Leeds United,Crystal Palace,A,1439.1657693291725,1460.5502471312425,-21.384477802070023,0.33071640196108154,0.2562412890069482,0.41304230903197026,H,0.3
2022-23,2023-04-09,Liverpool,Arsenal,D,1612.8919088844098,1664.1867271602307,-51.294818275820944,0.3608251550927451,0.2598076605425569,0.379367184364698,H,0.3
2022-23,2023-04-15,Wolverhampton Wanderers,Brentford,H,1441.4305190241907,1508.904095416282,-67.47357639209122,0.3780301391489904,0.2598582209998388,0.3621116398511708,A,0.3
2022-23,2023-04-15,Everton,Fulham,A,1416.5309586140318,1462.4365550944428,-45.90559648041108,0.3552401906953885,0.25949609855470446,0.38526371074990706,H,0.3
2022-23,2023-04-15,Chelsea,Brighton and Hove Albion,A,1521.9970440378609,1549.0367068615908,-27.03966282372994,0.3362461045854468,0.2572561841696018,0.4064977112449515,H,0.3
2022-23,2023-04-15,Manchester City,Leicester City,H,1719.7426837718046,1454.522181035899,265.2205027359057,0.11996698104303725,0.1,0.7800330189569628,H,0.3
2022-23,2023-04-15,Tottenham,Bournemouth,A,1577.509981461834,1422.6007665018433,154.90921495999078,0.18768579660704454,0.1656118440020681,0.6467023593908874,H,0.3
2022-23,2023-04-15,Southampton,Crystal Palace,A,1385.9748744160993,1478.2540125226567,-92.27913810655741,0.40571495375511385,0.2573678562525062,0.3369171899923801,A,0.3
2022-23,2023-04-15,Aston Villa,Newcastle United,H,1520.9950996963664,1592.3275411204568,-71.33244142409035,0.3822324047225835,0.2596741272452001,0.35809346803221637,A,0.3
2022-23,2023-04-16,Nottingham Forest,Manchester United,A,1388.4868730163769,1562.5321862631015,-174.04531324672462,0.5076911702293266,0.22898732568937186,0.2633215040813015,A,0.3
2022-23,2023-04-16,West Ham,Arsenal,D,1462.7188987211478,1664.437230013118,-201.71833129197034,0.5451795530162655,0.21369461952270527,0.24112582746102915,A,0.3
2022-23,2023-04-17,Leeds United,Liverpool,A,1421.4620039377583,1612.6414060315224,-191.1794020937641,0.5307789198120532,0.21978161824349998,0.24943946194444694,A,0.3
2022-23,2023-04-21,Arsenal,Southampton,D,1660.5703643766312,1376.4078021628823,284.16256221374897,0.10907581135172476,0.1,0.7909241886482753,H,0.3
2022-23,2023-04-22,Liverpool,Nottingham Forest,H,1623.1821000588552,1381.5329010618277,241.6491989970275,0.1337535312717396,0.10692049752823486,0.7593259712000255,H,0.3
2022-23,2023-04-22,Brentford,Aston Villa,D,1498.0156369022147,1534.8604869793169,-36.84485007710214,0.3460111847259118,0.2586422115484576,0.3953466037256305,H,0.3
2022-23,2023-04-22,Crystal Palace,Everton,D,1487.8210847758737,1405.333063791251,82.48802098462261,0.2405251376402326,0.2132386043565322,0.5462362580032352,H,0.3
2022-23,2023-04-22,Fulham,Leeds United,H,1473.6344499172235,1410.9213099104254,62.713140006798085,0.2562407919499114,0.22444390803254508,0.5193153000175434,H,0.3
2022-23,2023-04-22,Leicester City,Wolverhampton Wanderers,H,1451.9084519027988,1452.318977538258,-0.4105256354591802,0.31083362910902124,0.25113856031150694,0.4380278105794718,H,0.3
2022-23,2023-04-23,Newcastle United,Tottenham,H,1578.4621538375063,1567.4721411336513,10.990012703854973,0.3004191749271898,0.24751395493308487,0.4520668701397253,H,0.3
2022-23,2023-04-23,Bournemouth,West Ham,A,1432.638606830026,1466.5857643576346,-33.947157527608624,0.3431015900542424,0.25828230888382947,0.3986161010619281,H,0.3
2022-23,2023-04-25,Aston Villa,Fulham,H,1535.5259607865426,1478.0877677623264,57.43819302421616,0.2605354500345334,0.22723773852909418,0.5122268114363724,H,0.3
2022-23,2023-04-25,Leeds United,Leicester City,D,1406.4679920653225,1457.661539071079,-51.1935470057565,0.36071953987372024,0.2598031610744157,0.37947729905186406,H,0.3
2022-23,2023-04-25,Wolverhampton Wanderers,Crystal Palace,H,1446.5658903699778,1483.935394373983,-37.369504004005194,0.34654014745497486,0.2587028925391179,0.3947569600059072,H,0.3
2022-23,2023-04-26,Chelsea,Brentford,A,1514.50208530521,1497.350163094989,17.151922210220846,0.29489918645748125,0.2453173155949838,0.4597834979475349,H,0.3
2022-23,2023-04-26,Manchester City,Arsenal,H,1722.3564129049048,1652.9942712955585,69.36214160934628,0.2508899892854991,0.2208001861693502,0.5283098245451506,H,0.3
2022-23,2023-04-26,Nottingham Forest,Brighton and Hove Albion,H,1379.6621758244728,1556.5316655942418,-176.86948976976896,0.511465234051637,0.22753363197494764,0.2610011339734153,A,0.3
2022-23,2023-04-26,West Ham,Liverpool,A,1483.6218653981996,1625.0528252962101,-141.43095989801054,0.46519354143805436,0.24369702663407683,0.29110943192786887,A,0.3
2022-23,2023-04-27,Tottenham,Manchester United,D,1553.2365730507365,1569.4861582176507,-16.24958516691413,0.3257587780291237,0.25518512443511276,0.41905609753576356,H,0.3
2022-23,2023-04-27,Everton,Newcastle United,A,1409.2187541931419,1592.6977219204211,-183.47896772727927,0.5203479978401291,0.22403103803930713,0.25562096412056373,A,0.3
2022-23,2023-04-27,Southampton,Bournemouth,A,1383.983895243955,1415.602505789461,-31.618610545506044,0.3407779913679628,0.25796279992024873,0.4012592087117885,H,0.3
2022-23,2023-04-29,Brentford,Nottingham Forest,H,1510.632994823998,1393.1278571305377,117.50513769346026,0.21408735243551827,0.1911360726722103,0.5947765748922714,H,0.3
2022-23,2023-04-29,Brighton and Hove Albion,Wolverhampton Wanderers,H,1543.0659842881769,1456.6658738905307,86.40011039764613,0.2374854225809405,0.21089809723976588,0.5516164801792937,H,0.3
2022-23,2023-04-29,Crystal Palace,West Ham,H,1473.83541085343,1478.6081780278607,-4.772767174430783,0.3148900643802747,0.25236993658807827,0.432739999031647,H,0.3
2022-23,2023-04-30,Bournemouth,Leeds United,H,1422.9927280050902,1406.2145762414266,16.778151763663573,0.2952318970951331,0.24545518842710545,0.45931291447776146,H,0.3
2022-23,2023-04-30,Fulham,Manchester City,A,1473.5328222238102,1731.0108498990076,-257.4780276751974,0.6225863852232995,0.17765544509216932,0.1997581696845312,A,0.3
2022-23,2023-04-30,Liverpool,Tottenham,H,1630.066512666549,1551.9839487736517,78.08256389289727,0.24397512187694492,0.215828145096273,0.5401967330267821,H,0.3
2022-23,2023-04-30,Manchester United,Aston Villa,H,1570.7387824947355,1540.0809063250588,30.657876169676683,0.28305530316016053,0.23994732473653094,0.47699737210330856,H,0.3
2022-23,2023-04-30,Newcastle United,Southampton,H,1601.1281364071795,1376.5936730283258,224.53446337885362,0.14355697706810258,0.1179260802839234,0.7385169426479741,H,0.3
2022-23,2023-05-01,Leicester City,Everton,D,1457.914954894975,1400.7883397063836,57.12661518859136,0.2607905214280116,0.22739998113213128,0.5118094974398572,H,0.3
2022-23,2023-05-02,Arsenal,Chelsea,H,1644.3398343014558,1501.219253576201,143.12058072525474,0.19580620663097967,0.1737768082564002,0.6304169851126201,H,0.3
2022-23,2023-05-03,Manchester City,West Ham,H,1734.0255160383715,1472.7819630876957,261.24355295067585,0.12236736202076966,0.1,0.7776326379792303,H,0.3
2022-23,2023-05-03,Liverpool,Fulham,H,1634.2317808632188,1470.5181560844462,163.71362477877256,0.18174138484524494,0.15948242398824772,0.6587761911665073,H,0.3
2022-23,2023-05-04,Brighton and Hove Albion,Manchester United,H,1554.3360667411835,1575.8305993621332,-21.494532620949713,0.3308233127978218,0.2562625287280287,0.41291415847414953,H,0.3
2022-23,2023-05-06,Wolverhampton Wanderers,Aston Villa,H,1445.3957914375242,1534.989089457661,-89.5932980201369,0.4026403954241078,0.25778586383536256,0.33957374074052976,A,0.3
2022-23,2023-05-06,Manchester City,Leeds United,H,1737.3951026962354,1395.4483341595985,341.9467685366369,0.08098845301296653,0.1,0.8190115469870335,H,0.3
2022-23,2023-05-06,Bournemouth,Chelsea,A,1433.7589700869182,1496.330123825439,-62.57115373852071,0.3727465433827989,0.25998321522733403,0.36727024138986714,A,0.3
2022-23,2023-05-06,Liverpool,Brentford,H,1637.021691628073,1514.1161512245405,122.90554040353254,0.21016030374301808,0.18753737286898917,0.6023023233879927,H,0.3
2022-23,2023-05-06,Tottenham,Crystal Palace,H,1547.818680576982,1479.661625793595,68.15705478338691,0.25185468426430235,0.22147035724123107,0.5266749584944665,H,0.3
2022-23,2023-05-07,West Ham,Manchester United,H,1469.4123764298317,1569.7238607354186,-100.31148430558687,0.41502106916896203,0.25590654939673063,0.3290723814343074,A,0.3
2022-23,2023-05-07,Newcastle United,Arsenal,A,1604.3729375814798,1649.2289640522179,-44.856026470738016,0.35416085759216037,0.2594183431695333,0.38642079923830625,H,0.3
2022-23,2023-05-08,Nottingham Forest,Southampton,H,1389.644700729995,1373.3488718540254,16.29582887596962,0.29566163708921545,0.2456322270737735,0.45870613583701103,H,0.3
2022-23,2023-05-08,Fulham,Leicester City,H,1467.728245319592,1454.6659389762376,13.062306343354294,0.2985544039544755,0.2467934476043002,0.45465214844122426,H,0.3
2022-23,2023-05-08,Brighton and Hove Albion,Everton,A,1560.442805367898,1404.0373556251209,156.40544974277714,0.18666832252928922,0.16457140262617087,0.6487602748445399,H,0.3
2022-23,2023-05-13,Manchester United,Wolverhampton Wanderers,H,1562.3289292802565,1452.6219571152399,109.70697216501662,0.2198275877797759,0.19625742178701341,0.5839149904332107,H,0.3
2022-23,2023-05-13,Aston Villa,Tottenham,H,1527.7629237799454,1552.1685867952851,-24.40566301533977,0.33366136503028226,0.25680293625563283,0.40953569871408496,H,0.3
2022-23,2023-05-13,Chelsea,Nottingham Forest,D,1506.933375097276,1395.0380961115393,111.8952789857367,0.21820842659339462,0.19482993913908928,0.5869616342675161,H,0.3
2022-23,2023-05-13,Crystal Palace,Bournemouth,H,1475.3117195752918,1423.1557188150812,52.156000760210645,0.2648810731546599,0.22994499811487162,0.5051739287304685,H,0.3
2022-23,2023-05-13,Leeds United,Newcastle United,D,1394.3686610625925,1593.1373399032864,-198.76867884069384,0.5411359211331758,0.21542815546398106,0.24343592340284317,A,0.3
2022-23,2023-05-13,Southampton,Fulham,A,1367.9554764724812,1476.3861515974265,-108.43067512494531,0.42459615835401937,0.25411224065296584,0.32129160099301474,A,0.3
2022-23,2023-05-14,Brentford,West Ham,H,1510.7199463390734,1476.8073078849939,33.91263845407957,0.280251634929431,0.23854378641639992,0.48120457865416905,H,0.3
2022-23,2023-05-14,Everton,Manchester City,A,1427.374719470078,1738.4747757932414,-311.10005632316347,0.695620319417334,0.1404633895377424,0.16391629104492358,A,0.3
2022-23,2023-05-14,Arsenal,Brighton and Hove Albion,A,1660.4645617304113,1537.105441522941,123.35912020747037,0.20983225496327346,0.1872333653305182,0.6029343797062083,H,0.3
2022-23,2023-05-15,Leicester City,Liverpool,A,1446.008032698403,1640.4178965135402,-194.40986381513721,0.5351787991267465,0.21794783334066786,0.24687336753258554,A,0.3
2022-23,2023-05-18,Newcastle United,Brighton and Hove Albion,H,1589.3429136846603,1556.5812713442747,32.761642340385606,0.28124091863967404,0.2390448377311177,0.4797142436292082,H,0.3
2022-23,2023-05-20,Bournemouth,Manchester United,A,1415.7728042885149,1568.0530062162888,-152.280201927774,0.47909167922925455,0.23925289401273084,0.2816554267580145,A,0.3
2022-23,2023-05-20,Fulham,Crystal Palace,D,1485.4061442736431,1482.6946341018581,2.711510171784994,0.30795504779934973,0.2502038611958576,0.4418410910047927,H,0.3
2022-23,2023-05-20,Liverpool,Aston Villa,D,1648.4596018909567,1533.9184627128573,114.54113917809946,0.21625942570200432,0.19309372275351033,0.5906468515444854,H,0.3
2022-23,2023-05-20,Nottingham Forest,Arsenal,H,1399.6179137873212,1640.9887319090776,-241.37081812175643,0.6001636188410566,0.18856405199600834,0.2112723291629351,A,0.3
2022-23,2023-05-20,Tottenham,Brentford,A,1546.0130478623732,1518.683999747303,27.329048115070236,0.28594276131967056,0.2413396876261362,0.4727175510541932,H,0.3
2022-23,2023-05-20,Wolverhampton Wanderers,Everton,D,1446.8978801792075,1422.7423642510055,24.15551592820202,0.2887146235559367,0.2426257181766469,0.4686596582674164,H,0.3
2022-23,2023-05-21,Brighton and Hove Albion,Southampton,H,1546.4844374684938,1358.9354837962646,187.54895367222912,0.16617017703204334,0.1429134782467828,0.6909163447211738,H,0.3
2022-23,2023-05-21,Manchester City,Chelsea,H,1743.1071310123139,1502.353557421494,240.75357359081977,0.13425593369640995,0.10748532913810675,0.7582587371654833,H,0.3
2022-23,2023-05-21,West Ham,Leeds United,H,1468.8432544767643,1398.1630872812186,70.68016719554566,0.24983744405088876,0.22006238264828723,0.530100173300824,H,0.3
2022-23,2023-05-22,Newcastle United,Leicester City,D,1599.4397475604412,1437.9663273209865,161.47342023945475,0.1832440996460367,0.1610432685398204,0.6557126318141429,H,0.3
2022-23,2023-05-24,Brighton and Hove Albion,Manchester City,D,1550.4097411444916,1744.9867608448853,-194.57701970039375,0.5354068252354224,0.21785215579395886,0.24674101897061873,A,0.3
2022-23,2023-05-25,Manchester United,Chelsea,H,1572.8532898436542,1500.4739275889226,72.37936225473163,0.24848442998363718,0.2191038749654764,0.5324116950508865,H,0.3
2022-23,2023-05-28,Leeds United,Tottenham,A,1391.3438025676644,1532.4902327712716,-141.14643020360722,0.46483252340420583,0.24380713900557724,0.2913603375902169,A,0.3
2022-23,2023-05-28,Manchester United,Fulham,H,1581.394771452479,1483.6205116693066,97.77425978317251,0.22877278728636843,0.20389164302237583,0.5673355696912558,H,0.3
2022-23,2023-05-28,Everton,Bournemouth,H,1425.1182705767162,1410.9725206611495,14.14574991556674,0.2975828462018967,0.24640935727428864,0.4560077965238146,H,0.3
2022-23,2023-05-28,Aston Villa,Brighton and Hove Albion,H,1538.5582509559238,1554.100421984478,-15.542171028554321,0.32508044323418567,0.25502966897098667,0.41988988779482767,H,0.3
2022-23,2023-05-28,Southampton,Liverpool,D,1355.0101801202668,1643.8198136478902,-288.8096335276234,0.6657210254539787,0.15593099665876273,0.1783479778872585,A,0.3
2022-23,2023-05-28,Arsenal,Wolverhampton Wanderers,H,1631.7489906432932,1444.5219738534968,187.22701678979638,0.16637536437848138,0.1431359579464858,0.6904886776750329,H,0.3
2022-23,2023-05-28,Brentford,Manchester City,H,1532.2068148384046,1741.2960800048988,-209.08926516649422,0.5553233015265484,0.20926787649380615,0.2354088219796455,A,0.3
2022-23,2023-05-28,Crystal Palace,Nottingham Forest,D,1484.4802667061947,1408.8576550531056,75.62261165308905,0.24591410948988218,0.21725193653754946,0.5368339539725683,H,0.3
2022-23,2023-05-28,Chelsea,Newcastle United,D,1491.9324459800978,1593.808127782556,-101.8756818024583,0.4168526436564877,0.25558547590578656,0.32756188043772577,A,0.3
2022-23,2023-05-28,Leicester City,West Ham,H,1443.5979470988716,1475.6625391903185,-32.06459209144691,0.34122202888960546,0.2580260797388354,0.40075189137155914,H,0.3
2023-24,2023-08-11,Burnley,Manchester City,A,1463.7624888168991,1662.6836828356295,-198.92119401873038,0.5413447645187996,0.21533907431571117,0.24331616116548913,A,0.3
2023-24,2023-08-12,Arsenal,Nottingham Forest,H,1596.7129234260326,1438.8020116187167,157.91091180731587,0.1856475757242859,0.1635239253142502,0.6508284989614639,H,0.3
2023-24,2023-08-12,Bournemouth,West Ham,D,1433.873242931783,1478.5651433018231,-44.69190037004023,0.3539923223469947,0.25940568168460854,0.3866019959683968,H,0.3
2023-24,2023-08-12,Brighton and Hove Albion,Luton Town,H,1533.665469447992,1420.0,113.66546944799211,0.21690341066214017,0.1936695501188422,0.5894270392190176,H,0.3
2023-24,2023-08-12,Everton,Fulham,A,1451.3903109347232,1485.8644212651145,-34.47411033039134,0.3436292131106486,0.25835087265904555,0.39801991423030586,H,0.3
2023-24,2023-08-12,Newcastle United,Aston Villa,H,1564.8260559878004,1531.195601610289,33.63045437751134,0.2804939520563585,0.23866710086301512,0.48083894708062636,H,0.3
2023-24,2023-08-12,Sheffield United,Crystal Palace,A,1451.1595743841767,1486.5345336127934,-35.37495922861672,0.3445327439352455,0.2584648810274997,0.39700237503725483,H,0.3
2023-24,2023-08-13,Brentford,Tottenham,D,1528.768343554683,1529.770251935893,-1.001908381209887,0.3113811948123526,0.2513106163717777,0.43730818881586964,H,0.3
2023-24,2023-08-13,Chelsea,Liverpool,D,1495.1923456460574,1596.6320064837241,-101.43966083766668,0.41634146010667267,0.2556761630252263,0.32798237686810106,A,0.3
2023-24,2023-08-14,Manchester United,Wolverhampton Wanderers,H,1559.6462769201353,1456.6767517217204,102.96952519841489,0.22485397718426473,0.20060057676215445,0.5745454460535808,H,0.3
2023-24,2023-08-18,Nottingham Forest,Sheffield United,H,1435.9313202462645,1443.8550972007185,-7.92377695445407,0.3178454716877553,0.2532046133402177,0.428949914972027,H,0.3
2023-24,2023-08-19,Fulham,Brentford,A,1493.1894464493114,1527.0863777520792,-33.896931302767825,0.3430513345131724,0.25827570159606555,0.3986729638907621,H,0.3
2023-24,2023-08-19,Liverpool,Bournemouth,H,1595.4449011023125,1433.432925300187,162.01197580212556,0.18288222913040747,0.1606680830143126,0.65644968785528,H,0.3
2023-24,2023-08-19,Manchester City,Newcastle United,H,1670.5683085391674,1576.5066380789428,94.0616704602246,0.23159640040701962,0.20620989095229125,0.5621937086406891,H,0.3
2023-24,2023-08-19,Tottenham,Manchester United,H,1531.4522177384968,1563.371280458334,-31.919062719837257,0.3410770821033641,0.2580055392022633,0.40091737869437255,H,0.3
2023-24,2023-08-19,Wolverhampton Wanderers,Brighton and Hove Albion,A,1452.9517481835217,1540.7573414514034,-87.8055932678817,0.4006043202466306,0.25804431354914764,0.3413513662042217,A,0.3
2023-24,2023-08-20,Aston Villa,Everton,H,1519.5150195191466,1444.0652857505263,75.44973376862026,0.2460507168694829,0.21735138263201087,0.5365979004985063,H,0.3
2023-24,2023-08-20,West Ham,Chelsea,H,1479.005460933419,1496.379451027469,-17.373990094049987,0.32683927209303576,0.25542727156896394,0.4177334563380003,H,0.3
2023-24,2023-08-21,Crystal Palace,Arsenal,A,1493.8390107962516,1599.5836147984849,-105.74460400223325,0.4214098140795824,0.25474075701506677,0.3238494289053508,A,0.3
2023-24,2023-08-25,Chelsea,Luton Town,H,1486.810038223378,1412.9081279965887,73.90191022678914,0.2472758076549107,0.21823810551649417,0.5344860868285952,H,0.3
2023-24,2023-08-26,Manchester United,Nottingham Forest,H,1553.4156088371858,1441.810387971668,111.60522086551782,0.21842266934373025,0.19501960075259434,0.5865577299036754,H,0.3
2023-24,2023-08-26,Everton,Wolverhampton Wanderers,A,1434.2812626317736,1440.6854732827587,-6.404210650985078,0.3164175633920778,0.25280786892566537,0.43077456768225675,H,0.3
2023-24,2023-08-26,Brighton and Hove Albion,West Ham,A,1553.0236163521663,1488.5748737375102,64.44874261465611,0.254837396132155,0.22350563270429238,0.5216569711635526,H,0.3
2023-24,2023-08-26,Bournemouth,Tottenham,A,1428.9737679015323,1541.407889359645,-112.43412145811271,0.42937914735612626,0.2531121410969781,0.3175087115468956,A,0.3
2023-24,2023-08-26,Arsenal,Fulham,D,1605.331428735212,1478.5130552257367,126.81837350947535,0.20733943367124633,0.18490654413815866,0.607754022190595,H,0.3
2023-24,2023-08-26,Brentford,Crystal Palace,D,1541.762768975654,1488.0911968595244,53.67157211612948,0.26362954986136344,0.22917772181533055,0.507192728323306,H,0.3
2023-24,2023-08-27,Sheffield United,Manchester City,A,1437.976029475315,1674.4471244711713,-236.47109499585622,0.5933357250563333,0.191820506861517,0.21484376808214978,A,0.3
2023-24,2023-08-27,Burnley,Aston Villa,A,1455.8778631133612,1529.2990426378992,-73.42117952453805,0.3845230197570778,0.2595430456217068,0.35593393462121536,A,0.3
2023-24,2023-08-27,Newcastle United,Liverpool,A,1572.627822146939,1599.9040585009673,-27.276236354028242,0.3364790430335481,0.2572952255557783,0.4062257314106736,H,0.3
2023-24,2023-09-01,Luton Town,West Ham,A,1404.4232903251732,1502.9159366247472,-98.49264629957406,0.41289923131940903,0.2562649992682132,0.3308357694123777,A,0.3
2023-24,2023-09-02,Sheffield United,Everton,D,1434.648424167511,1426.3121342079858,8.336289959525175,0.30281968764507017,0.24840926336890842,0.4487710489860214,H,0.3
2023-24,2023-09-02,Chelsea,Nottingham Forest,A,1495.2948758947934,1438.2304386770008,57.0644372177926,0.26084144186123154,0.22743232025152318,0.5117262378872454,H,0.3
2023-24,2023-09-02,Manchester City,Fulham,H,1677.7747297789754,1483.425554346417,194.34917543255847,0.16186925256612697,0.138228642018949,0.699902105414924,H,0.3
2023-24,2023-09-02,Brighton and Hove Albion,Newcastle United,H,1538.6825534649292,1565.1382800251565,-26.455726560227276,0.33567169896477145,0.2571586401339384,0.40716966090129014,H,0.3
2023-24,2023-09-02,Brentford,Bournemouth,D,1538.602985127222,1420.0873239545283,118.51566117269363,0.2133495364167572,0.19046572240167922,0.5961847411815636,H,0.3
2023-24,2023-09-02,Burnley,Tottenham,A,1445.6570180123106,1550.294333306649,-104.63731529433835,0.4201016417787645,0.25498984521338897,0.3249085130078465,A,0.3
2023-24,2023-09-03,Arsenal,Manchester United,H,1600.4189296145319,1556.995558131853,43.42337148267893,0.27216706073008884,0.23421152513747287,0.49362141413243826,H,0.3
2023-24,2023-09-03,Crystal Palace,Wolverhampton Wanderers,H,1491.2509807079564,1448.6546017065466,42.59637900140979,0.2728637708432669,0.23460153902440586,0.49253469013232726,H,0.3
2023-24,2023-09-03,Liverpool,Aston Villa,H,1607.3936006227498,1539.5198877389498,67.87371288379995,0.25208183061043765,0.22162731126497962,0.5262908581245828,H,0.3
2023-24,2023-09-16,West Ham,Manchester City,A,1508.81834504347,1683.3300836002836,-174.51173855681373,0.5083135531628041,0.22874905963201517,0.26293738720518073,A,0.3
2023-24,2023-09-16,Aston Villa,Crystal Palace,H,1530.809385013993,1496.0992341324547,34.71015088153831,0.27956756786103537,0.23819361490023067,0.482238817238734,H,0.3
2023-24,2023-09-16,Manchester United,Brighton and Hove Albion,A,1549.3376063701473,1548.4932923238757,0.8443140462716201,0.30967419513061906,0.2507681955983066,0.4395576092710744,H,0.3
2023-24,2023-09-16,Tottenham,Sheffield United,H,1561.8369544661907,1432.7065247503474,129.13042971584332,0.20568222583406967,0.1833436214878476,0.6109741526780826,H,0.3
2023-24,2023-09-16,Fulham,Luton Town,H,1477.8702005251087,1398.5208819064505,79.34931861865812,0.24298016185674076,0.21508868969675712,0.5419311484465021,H,0.3
2023-24,2023-09-16,Wolverhampton Wanderers,Liverpool,A,1443.8063482820482,1616.1041033477065,-172.2977550656583,0.50536258314633,0.22987356169578732,0.2647638551578827,A,0.3
2023-24,2023-09-16,Newcastle United,Brentford,H,1555.32754116621,1533.8739055149222,21.45363565128787,0.29108944249532714,0.2436882367291408,0.465222320775532,H,0.3
2023-24,2023-09-17,Bournemouth,Chelsea,D,1424.816403566828,1486.344622536076,-61.52821896924797,0.37163043751811686,0.2599940702059349,0.3683754922759483,A,0.3
2023-24,2023-09-17,Everton,Arsenal,A,1428.2540336251493,1608.0768813762375,-179.82284775108815,0.5154258982214623,0.22598565529799827,0.25858844648053936,A,0.3
2023-24,2023-09-18,Nottingham Forest,Burnley,D,1447.1806920357183,1434.1143968527688,13.066295182949489,0.29855082278385187,0.24679204280516082,0.45465713441098726,H,0.3
2023-24,2023-09-23,Brentford,Everton,A,1528.589860810711,1423.9725566244933,104.61730418621755,0.2236188911661305,0.19954591439859368,0.5768351944352758,H,0.3
2023-24,2023-09-23,Burnley,Manchester United,A,1436.1869494610619,1536.451924498394,-100.26497503733208,0.41496670597177215,0.2559159150284846,0.3291173789997432,A,0.3
2023-24,2023-09-23,Crystal Palace,Fulham,D,1488.1611059551294,1482.012270961918,6.148834993211494,0.30480911974800107,0.24912393276259984,0.4460669474893991,H,0.3
2023-24,2023-09-23,Luton Town,Wolverhampton Wanderers,D,1394.3788114696413,1436.801082867995,-42.422271398353814,0.3516684960392412,0.25921667162868395,0.3891148323320749,H,0.3
2023-24,2023-09-23,Manchester City,Nottingham Forest,H,1690.2704027942195,1445.1081394274252,245.16226336679438,0.13179429184383337,0.10471763112625879,0.7634880770299078,H,0.3
2023-24,2023-09-24,Chelsea,Aston Villa,A,1486.3006371420256,1538.7475131913184,-52.44687604929277,0.36202843312422944,0.25985518763638016,0.3781163792393904,H,0.3
2023-24,2023-09-24,Liverpool,West Ham,H,1623.1093687617597,1501.878025849534,121.23134291222573,0.21137354655382778,0.18865720430118724,0.599969249144985,H,0.3
2023-24,2023-09-24,Arsenal,Tottenham,D,1612.3583583768934,1565.1348867427503,47.22347163414315,0.2689806683924029,0.2323877893098712,0.49863154229772594,H,0.3
2023-24,2023-09-24,Brighton and Hove Albion,Bournemouth,H,1561.378974195629,1424.8603889608785,136.51858523475062,0.20043434967983204,0.1783124851401844,0.6212531651799836,H,0.3
2023-24,2023-09-24,Sheffield United,Newcastle United,A,1429.4085924737878,1560.6115858704213,-131.20299339663347,0.4523321071645165,0.24744076455589611,0.30022712827958736,A,0.3
2023-24,2023-09-30,Tottenham,Liverpool,H,1568.1266431362403,1628.5346836892897,-60.40804055304943,0.3704347524153873,0.25999957725381867,0.3695656703307941,A,0.3
2023-24,2023-09-30,West Ham,Sheffield United,H,1496.452710922004,1412.863992345851,83.58871857615281,0.23966762990768023,0.2125838945088548,0.5477484755834651,H,0.3
2023-24,2023-09-30,Wolverhampton Wanderers,Manchester City,H,1437.306579345287,1693.1806240839219,-255.8740447386349,0.6203572805644307,0.17875343507128047,0.20088928436428874,A,0.3
2023-24,2023-09-30,Newcastle United,Burnley,H,1577.156185998358,1430.3224753829777,146.83371061538037,0.19322860439606884,0.17121265804195596,0.6355587375619752,H,0.3
2023-24,2023-09-30,Aston Villa,Brighton and Hove Albion,H,1545.664745663967,1566.4255099248498,-20.760764260882752,0.3301110288077266,0.256119805724996,0.4137691654672774,H,0.3
2023-24,2023-09-30,Everton,Luton Town,A,1439.0877474731908,1393.8733149923494,45.214432480841424,0.27066218459103125,0.23335838671414022,0.49597942869482853,H,0.3
2023-24,2023-09-30,Bournemouth,Arsenal,A,1419.8138532316577,1609.3666019834034,-189.55274875174564,0.5285685917629689,0.22069379856531987,0.2507376096717112,A,0.3
2023-24,2023-09-30,Manchester United,Crystal Palace,A,1542.3163985764782,1486.279865709171,56.03653286730719,0.2616841486779836,0.22796511165853958,0.5103507396634768,H,0.3
2023-24,2023-10-01,Nottingham Forest,Brentford,D,1442.1979181377228,1513.4746699620134,-71.27675182429061,0.38217148671299844,0.2596773201837246,0.3581511931032769,A,0.3
2023-24,2023-10-02,Fulham,Chelsea,A,1483.8935112078764,1479.383404669377,4.510106538499485,0.3063058948562035,0.24964538645954845,0.444048718684248,H,0.3
2023-24,2023-10-03,Luton Town,Burnley,A,1402.661346134146,1425.5202435881495,-22.858897454003454,0.33215100373551504,0.25652094734042524,0.41132804892405966,H,0.3
2023-24,2023-10-07,Luton Town,Tottenham,A,1395.070576165189,1574.8807985501248,-179.81022238493574,0.5154089370532365,0.22599233224710186,0.25859873069966166,A,0.3
2023-24,2023-10-07,Manchester United,Brentford,H,1533.379973235661,1513.150212880465,20.22976035519605,0.29216973153443443,0.2441596012476987,0.4636706672178668,H,0.3
2023-24,2023-10-07,Fulham,Sheffield United,H,1470.9172643476288,1406.4210487715209,64.49621557610794,0.2547990764235051,0.22347983903576005,0.5217210845407348,H,0.3
2023-24,2023-10-07,Everton,Bournemouth,H,1430.2997163313942,1410.2788327294265,20.020883601967626,0.292354388718637,0.2442394254753632,0.46340618580599974,H,0.3
2023-24,2023-10-07,Crystal Palace,Nottingham Forest,D,1495.2162910499878,1442.5223752192712,52.693915830716605,0.26443644202100536,0.22967355802278197,0.5058899999562126,H,0.3
2023-24,2023-10-07,Burnley,Chelsea,A,1433.1110135571064,1492.3596515296244,-59.248637972518054,0.3692005567135546,0.2599985665891755,0.37080087669726985,H,0.3
2023-24,2023-10-08,Arsenal,Manchester City,H,1618.9016224856346,1683.799813522634,-64.89819103699938,0.37524684616518866,0.25993908924911335,0.364814064585698,A,0.3
2023-24,2023-10-08,Brighton and Hove Albion,Liverpool,D,1550.6716257828828,1621.7805282754052,-71.10890249252247,0.38198792722219677,0.2596868488351849,0.3583252239426184,A,0.3
2023-24,2023-10-08,West Ham,Newcastle United,D,1502.8956544963341,1581.9584177931863,-79.06276329685215,0.39076621721554533,0.2590789679671256,0.3501548148173291,A,0.3
2023-24,2023-10-08,Wolverhampton Wanderers,Aston Villa,D,1446.687389906575,1561.4186298059342,-114.73123989935925,0.43214176291248835,0.2525043855651273,0.31535385152238443,A,0.3
2023-24,2023-10-21,Sheffield United,Manchester United,A,1399.416653544763,1538.6898609650802,-139.27320742031725,0.46246028020367264,0.24452366313009363,0.2930160566662337,A,0.3
2023-24,2023-10-21,Nottingham Forest,Luton Town,D,1445.6568068676963,1390.788869236939,54.8679376307573,0.26264428513986854,0.2285666138479792,0.5087891010121524,H,0.3
2023-24,2023-10-21,Manchester City,Brighton and Hove Albion,H,1676.9720410928858,1550.99125678285,125.98078431003569,0.2079415520016329,0.18547124784768287,0.6065872001506842,H,0.3
2023-24,2023-10-21,Newcastle United,Crystal Palace,H,1581.410297269643,1492.0818594015627,89.3284378680803,0.23522463455915774,0.2091220664437352,0.555653298997107,H,0.3
2023-24,2023-10-21,Chelsea,Arsenal,D,1505.8882340599907,1625.7293949153827,-119.84116085539199,0.4383343357821704,0.2510648504915511,0.3106008137262784,A,0.3
2023-24,2023-10-21,Brentford,Burnley,H,1507.8403251510458,1419.58243102674,88.25789412430572,0.236049703020422,0.2097736844108412,0.5541766125687368,H,0.3
2023-24,2023-10-21,Bournemouth,Wolverhampton Wanderers,A,1399.650223048946,1448.2497791585627,-48.59955610961674,0.3580229904922815,0.2596702070772777,0.3823068024304408,H,0.3
2023-24,2023-10-21,Liverpool,Everton,H,1621.460897275438,1440.9283260118748,180.5325712635631,0.1706741120362744,0.14777375672419532,0.6815521312395303,H,0.3
2023-24,2023-10-22,Aston Villa,West Ham,H,1559.8562405539465,1503.4437750198774,56.41246553406904,0.2613757489584138,0.22777065586777298,0.5108535951738132,H,0.3
2023-24,2023-10-23,Tottenham,Fulham,H,1579.162505478375,1477.9216595743867,101.2408459039882,0.22615374937163185,0.2017015140640447,0.5721447365643235,H,0.3
2023-24,2023-10-27,Crystal Palace,Tottenham,A,1482.8817679365175,1585.1132806424032,-102.23151270588573,0.4172701749166617,0.2555107881240115,0.32721903695932675,A,0.3
2023-24,2023-10-28,Arsenal,Sheffield United,H,1624.023859768051,1394.3599470769545,229.66391269109636,0.14057406749236748,0.11458249970284443,0.7448434328047882,H,0.3
2023-24,2023-10-28,Bournemouth,Burnley,H,1392.6461153480561,1411.6198267262637,-18.973711378207554,0.32838142789883196,0.2557612922190479,0.41585727988212007,H,0.3
2023-24,2023-10-28,Chelsea,Brentford,A,1507.5937692073226,1515.8029294515222,-8.209160244199666,0.3181141986411192,0.2532779195740208,0.42860788178486003,H,0.3
2023-24,2023-10-28,Wolverhampton Wanderers,Newcastle United,D,1455.2538868594525,1590.6103887346883,-135.35650187523584,0.45752596881689594,0.2459741698226372,0.2964998613604668,A,0.3
2023-24,2023-10-29,Liverpool,Nottingham Forest,H,1625.5275374750117,1442.466060650449,183.06147682456276,0.16904304050217098,0.14601939110977863,0.6849375683880503,H,0.3
2023-24,2023-10-29,Manchester United,Manchester City,A,1543.7465674328887,1680.3194354286463,-136.57286799575763,0.45905459511522373,0.24553065946060607,0.29541474542417023,A,0.3
2023-24,2023-10-29,Aston Villa,Luton Town,H,1569.0059780132888,1393.9796154541864,175.02636255910238,0.17425542462174828,0.15160129017730423,0.6741432852009475,H,0.3
2023-24,2023-10-29,West Ham,Everton,A,1494.2940375605351,1436.861685812301,57.43235174823417,0.2605402305175929,0.22724078305512818,0.5122189864272789,H,0.3
2023-24,2023-10-29,Brighton and Hove Albion,Fulham,D,1547.6438624470895,1471.9708844103584,75.67297803673114,0.2458743186400324,0.2172229485392628,0.5369027328207048,H,0.3
2023-24,2023-11-04,Brentford,West Ham,H,1528.367801822327,1485.3388461809168,43.02895564141022,0.2724991943105197,0.23439784327047467,0.49310296241900564,H,0.3
2023-24,2023-11-04,Burnley,Crystal Palace,A,1405.5553642455773,1477.059270626901,-71.50390638132376,0.382420017838999,0.25966419785803535,0.3579157843029656,A,0.3
2023-24,2023-11-04,Everton,Brighton and Hove Albion,D,1445.8168771919193,1543.9259658424614,-98.10908865054216,0.41245286369057693,0.2563385388063937,0.33120859750302933,A,0.3
2023-24,2023-11-04,Fulham,Manchester United,A,1475.6887810149865,1533.5249557817344,-57.836174766747945,0.36770158058806107,0.2599881120266052,0.3723103073853337,H,0.3
2023-24,2023-11-04,Manchester City,Bournemouth,H,1690.5410470798006,1398.7105778287425,291.83046925105805,0.10491495776120191,0.1,0.7950850422387981,H,0.3
2023-24,2023-11-04,Newcastle United,Arsenal,H,1588.4748371260841,1629.1754734895,-40.700636363415924,0.3499141465253108,0.2590560048417838,0.3910298486329054,H,0.3
2023-24,2023-11-04,Sheffield United,Wolverhampton Wanderers,H,1389.2083333555054,1457.3894384680566,-68.18110511255122,0.3787977644010322,0.2598301148519763,0.3613721207469915,A,0.3
2023-24,2023-11-05,Luton Town,Liverpool,D,1389.7992427655283,1630.5942022749225,-240.79495950939418,0.5993611119833085,0.18894848844466194,0.21169039957202948,A,0.3
2023-24,2023-11-05,Nottingham Forest,Aston Villa,H,1437.3993958505382,1573.1863507019468,-135.7869548514086,0.45806653560496874,0.24581793902343727,0.296115525371594,A,0.3
2023-24,2023-11-06,Tottenham,Chelsea,A,1590.9357779520196,1495.0288968365178,95.90688111550185,0.23019059301441067,0.20506131212076212,0.5647480948648272,H,0.3
2023-24,2023-11-11,Wolverhampton Wanderers,Tottenham,H,1450.5080447725993,1572.0612975633237,-121.5532527907244,0.44042359905398293,0.25055578802368667,0.3090206129223305,A,0.3
2023-24,2023-11-11,Manchester United,Luton Town,H,1540.3209354955313,1394.5790959177386,145.7418395777927,0.19398466963145064,0.17196751797411963,0.6340478123944298,H,0.3
2023-24,2023-11-11,Bournemouth,Newcastle United,H,1395.0224259796914,1594.9027564603682,-199.88033048067678,0.5426587385708503,0.21477746863412925,0.2425637927950203,A,0.3
2023-24,2023-11-11,Arsenal,Burnley,H,1622.747554155216,1395.2672508970024,227.48030325821355,0.14183924369689208,0.11600140320663745,0.7421593530964705,H,0.3
2023-24,2023-11-11,Crystal Palace,Everton,A,1487.3473839754759,1446.9093671275568,40.438016847919016,0.27468768185201486,0.23560766983812584,0.48970464830985927,H,0.3
2023-24,2023-11-12,Brighton and Hove Albion,Sheffield United,D,1542.8334759068239,1396.0897270509627,146.7437488558612,0.19329083862808716,0.17127487798598284,0.63543428338593,H,0.3
2023-24,2023-11-12,Aston Villa,Fulham,H,1560.6169009073724,1468.8928013011896,91.72409960618279,0.2333842564315577,0.20765436004447982,0.5589613835239625,H,0.3
2023-24,2023-11-12,Chelsea,Manchester City,D,1513.9033772252137,1694.2291989288517,-180.32582170363798,0.5161018073650722,0.22571924532451282,0.258178947310415,A,0.3
2023-24,2023-11-12,West Ham,Nottingham Forest,H,1480.499292272462,1449.9688456451127,30.53044662734942,0.28316546274690235,0.2400014332055827,0.476833104047515,H,0.3
2023-24,2023-11-12,Liverpool,Brentford,H,1625.8143491227122,1533.2073557307817,92.60699339193047,0.23270807464664897,0.20711020053202467,0.5601817248213263,H,0.3
2023-24,2023-11-25,Nottingham Forest,Brighton and Hove Albion,A,1444.874393458812,1537.4982515602599,-92.62385810144792,0.4061109171933972,0.2573116301311394,0.3365774526754635,A,0.3
2023-24,2023-11-25,Sheffield United,Bournemouth,A,1401.4249513975267,1408.94250148247,-7.517550084943423,0.3174632587399005,0.2530996082629817,0.4294371329971178,H,0.3
2023-24,2023-11-25,Newcastle United,Chelsea,H,1580.9826809575895,1517.2345056111021,63.748175346487415,0.25540329881896784,0.2238854751713585,0.5207112260096737,H,0.3
2023-24,2023-11-25,Luton Town,Crystal Palace,H,1391.5331796578282,1478.6264477657587,-87.0932681079305,0.3997953386738446,0.25814287767792493,0.34206178364823053,A,0.3
2023-24,2023-11-25,Burnley,West Ham,A,1392.0721377251434,1485.5937444587628,-93.52160673361936,0.40714356131848856,0.2571624577691767,0.33569398091233477,A,0.3
2023-24,2023-11-25,Manchester City,Liverpool,D,1690.8980705429633,1633.6230204352878,57.2750501076755,0.2606689864586959,0.22732272846887477,0.5120082850724292,H,0.3
2023-24,2023-11-25,Brentford,Arsenal,A,1525.3986844182061,1625.942667327075,-100.54398290886888,0.4152929126709186,0.2558595739066352,0.3288475134224462,A,0.3
2023-24,2023-11-26,Everton,Manchester United,A,1455.630303337274,1543.3668517554418,-87.73654841816779,0.40052584901182414,0.2580539775370876,0.34142017345108827,A,0.3
2023-24,2023-11-26,Tottenham,Aston Villa,A,1564.3410583174239,1566.8297625326752,-2.488704215251346,0.31276108856910534,0.25173610751396636,0.4355028039169283,H,0.3
2023-24,2023-11-27,Fulham,Wolverhampton Wanderers,H,1462.6799396758868,1458.2282840184992,4.451655657387619,0.30635938424750114,0.24966376417800623,0.4439768515744927,H,0.3
2023-24,2023-12-02,Newcastle United,Manchester United,H,1589.8497626787043,1555.636129290579,34.213633388125345,0.27999332221267254,0.23841191316478472,0.48159476462254275,H,0.3
2023-24,2023-12-02,Burnley,Sheffield United,H,1386.0628221465588,1388.8348313369881,-2.772009190429344,0.31302455425609815,0.25181603218112614,0.4351594135627757,H,0.3
2023-24,2023-12-02,Nottingham Forest,Everton,A,1438.8456927229963,1443.3610258021367,-4.515333079140419,0.3146495536213698,0.2522997041745238,0.43305074220410633,H,0.3
2023-24,2023-12-02,Arsenal,Wolverhampton Wanderers,H,1631.8011784725593,1452.5795278810915,179.22165059146778,0.17152303301949567,0.14868414557612977,0.6797928214043746,H,0.3
2023-24,2023-12-02,Brentford,Luton Town,H,1519.5401732727219,1398.719585134458,120.82058813826393,0.21167178384121382,0.1889313884380097,0.5993968277207764,H,0.3
2023-24,2023-12-03,Bournemouth,Aston Villa,D,1421.5326215430086,1574.8891236263462,-153.35650208333755,0.4804841388523886,0.23878652372853953,0.2807293374190718,A,0.3
2023-24,2023-12-03,Chelsea,Brighton and Hove Albion,H,1508.3674238899873,1543.5269522960755,-35.15952840608816,0.3443164951885073,0.2584379849257602,0.3972455198857325,H,0.3
2023-24,2023-12-03,Liverpool,Fulham,H,1636.875857135346,1468.3286958132944,168.54716132205158,0.17852190815087238,0.1561139016432371,0.6653641902058905,H,0.3
2023-24,2023-12-03,Manchester City,Tottenham,D,1687.645233842905,1556.2816972237529,131.36353661915223,0.20408837232939897,0.18182858684964182,0.6140830408209592,H,0.3
2023-24,2023-12-03,West Ham,Crystal Palace,D,1491.6030600373474,1471.440042289129,20.163017748218408,0.2922287261515086,0.2441851273512908,0.4635861464972006,H,0.3
2023-24,2023-12-05,Luton Town,Arsenal,A,1393.283816843592,1634.3838844070183,-241.10006756342636,0.5997863061948353,0.18874485663274299,0.21146883717242168,A,0.3
2023-24,2023-12-05,Wolverhampton Wanderers,Burnley,H,1449.9968219466325,1401.0366502615839,48.960171685048635,0.26753259300797516,0.23153730740699183,0.500930099585033,H,0.3
2023-24,2023-12-06,Fulham,Nottingham Forest,H,1465.6047166042447,1430.8330413256556,34.7716752785891,0.27951484260202253,0.23816649922861416,0.48231865816936337,H,0.3
2023-24,2023-12-06,Manchester United,Chelsea,H,1550.6175479030476,1514.7029103259363,35.91463757711131,0.278536574899054,0.23766012680042817,0.4838032983005179,H,0.3
2023-24,2023-12-06,Sheffield United,Liverpool,A,1373.861003221963,1639.5998363443957,-265.73883312243265,0.6340436508373087,0.17196959553275967,0.19398675362993156,A,0.3
2023-24,2023-12-06,Crystal Palace,Bournemouth,A,1473.7072300165307,1424.1567842471654,49.5504457693653,0.26704157115344473,0.23124585087277746,0.5017125779737778,H,0.3
2023-24,2023-12-06,Aston Villa,Manchester City,H,1572.2649609221894,1682.6341241670868,-110.36916324489744,0.4269070523551871,0.2536374097979996,0.31945553784681324,A,0.3
2023-24,2023-12-06,Brighton and Hove Albion,Brentford,H,1537.1914658601265,1524.9759415635879,12.21552429653866,0.29931535658319003,0.24709011208575687,0.45359453133105304,H,0.3
2023-24,2023-12-07,Everton,Newcastle United,H,1451.3736771994775,1594.8683440662357,-143.49466686675828,0.46781742881069877,0.24288836862669289,0.28929420256260835,A,0.3
2023-24,2023-12-07,Tottenham,West Ham,A,1561.2928068995711,1489.3358723099457,71.95693458962546,0.248820383978535,0.21934292899444485,0.5318366870270201,H,0.3
2023-24,2023-12-09,Sheffield United,Brentford,H,1369.2682210786918,1519.4952331109043,-150.22701203221254,0.4764420878937075,0.2401300185623362,0.28342789354395626,A,0.3
2023-24,2023-12-09,Manchester United,Bournemouth,A,1555.601300944715,1438.180687553159,117.42061339155589,0.2141491288409615,0.19119207749440473,0.5946587936646338,H,0.3
2023-24,2023-12-09,Wolverhampton Wanderers,Nottingham Forest,D,1454.7179989599642,1417.8897706131731,36.82822834679109,0.27775630022512776,0.23725179516501443,0.48499190460985786,H,0.3
2023-24,2023-12-09,Brighton and Hove Albion,Burnley,D,1542.67217431281,1396.3154732482521,146.3567010645579,0.1935587149635481,0.17154251925119593,0.634898765785256,H,0.3
2023-24,2023-12-09,Aston Villa,Arsenal,H,1579.815539372222,1637.640612262108,-57.82507288988609,0.3676898187296525,0.2599879897299164,0.37232219154043106,H,0.3
2023-24,2023-12-09,Crystal Palace,Liverpool,A,1459.6833267105371,1644.192618487667,-184.50929177712987,0.5217387448486508,0.22347273308768537,0.2547885220636638,A,0.3
2023-24,2023-12-10,Everton,Chelsea,H,1467.4564394959777,1509.719157284269,-42.262717788291184,0.35150560668302644,0.25920240842765785,0.3892919848893157,H,0.3
2023-24,2023-12-10,Fulham,West Ham,H,1478.5479873167271,1498.4811318927348,-19.933144576007635,0.3293091141229466,0.2559556933288746,0.4147351925481788,H,0.3
2023-24,2023-12-10,Luton Town,Manchester City,A,1390.027088988502,1675.0835457170542,-285.0564567285521,0.6606095404910719,0.15854662806131595,0.1808438314476122,A,0.3
2023-24,2023-12-10,Tottenham,Newcastle United,H,1552.147547316782,1578.7855817697355,-26.638034452953434,0.33585094610864313,0.2571892738102146,0.40695978008114225,H,0.3
2023-24,2023-12-15,Nottingham Forest,Tottenham,A,1420.6067301952617,1564.5334287900282,-143.92669859476655,0.46836792932808485,0.24271686239379775,0.28891520827811734,A,0.3
2023-24,2023-12-16,Manchester City,Crystal Palace,D,1677.7211857296666,1455.4866813747299,222.2345043549367,0.14490678631996656,0.1194368673965977,0.7356563462834357,H,0.3
2023-24,2023-12-16,Chelsea,Sheffield United,H,1499.4899182315717,1377.4047496749354,122.08516855663629,0.21075433350032288,0.1880865539203951,0.601159112579282,H,0.3
2023-24,2023-12-16,Burnley,Everton,A,1401.6427237237117,1477.685678548675,-76.04295482496332,0.3874141371364118,0.2593473258083715,0.35323853705521663,A,0.3
2023-24,2023-12-16,Newcastle United,Fulham,H,1566.3997002964893,1494.2659930240573,72.13370727243205,0.24867976473446127,0.21924295366274332,0.5320772816027953,H,0.3
2023-24,2023-12-17,Liverpool,Manchester United,D,1648.3892638234743,1536.2493071376184,112.13995668585585,0.2180277918622499,0.19466984532208564,0.5873023628156644,H,0.3
2023-24,2023-12-17,West Ham,Wolverhampton Wanderers,H,1482.7631261854046,1452.0010393778757,30.76208680752893,0.2829652377390468,0.23990302787136317,0.47713173438959,H,0.3
2023-24,2023-12-17,Arsenal,Brighton and Hove Albion,H,1630.9289409133614,1537.3449238373505,93.58401707601092,0.2319610949776614,0.20650602263796886,0.5615328823843697,H,0.3
2023-24,2023-12-17,Brentford,Aston Villa,A,1511.3587045146608,1586.5272107209687,-75.16850620630794,0.3864478791127194,0.2594164592360931,0.35413566165118765,A,0.3
2023-24,2023-12-21,Crystal Palace,Brighton and Hove Albion,D,1462.195451457085,1531.1838843698686,-68.98843291278354,0.37967523645090673,0.2597949451529112,0.3605298183961821,A,0.3
2023-24,2023-12-22,Aston Villa,Sheffield United,D,1592.9372424169965,1372.0011176864955,220.93612473050098,0.1456721402558318,0.12029278438295889,0.7340350753612093,H,0.3
2023-24,2023-12-23,Liverpool,Arsenal,D,1643.8038826750296,1637.0899803808434,6.713902294186255,0.3042942740781989,0.24894135004323892,0.44676437587856216,H,0.3
2023-24,2023-12-23,Fulham,Burnley,A,1485.7153498353343,1391.5136400855383,94.20170974979601,0.23148953993200347,0.2061229769335976,0.5623874831343989,H,0.3
2023-24,2023-12-23,Luton Town,Newcastle United,H,1387.3894489758898,1574.9503434852122,-187.56089450932245,0.5258669295882306,0.22180031870028627,0.25233275171148317,A,0.3
2023-24,2023-12-23,Nottingham Forest,Bournemouth,A,1412.7387144560403,1457.5326813602555,-44.79396690421527,0.3540971230496418,0.25941357156702166,0.3864893053833366,H,0.3
2023-24,2023-12-23,West Ham,Manchester United,H,1492.9424507437109,1540.834688286063,-47.89223754235218,0.3572906077663878,0.259628045052388,0.38308134718122416,H,0.3
2023-24,2023-12-23,Tottenham,Everton,H,1572.4014445292496,1487.8147621868484,84.58668234240122,0.23889169015110004,0.21198769396171377,0.5491206158871862,H,0.3
2023-24,2023-12-24,Wolverhampton Wanderers,Chelsea,H,1441.8217148195695,1504.8935502200115,-63.07183540044207,0.3732833372445611,0.25997604207156433,0.36674062068387464,A,0.3
2023-24,2023-12-26,Sheffield United,Luton Town,A,1378.6892853479678,1396.021390545408,-17.332105197440114,0.3267989719513686,0.2554183603897834,0.41778266765884803,H,0.3
2023-24,2023-12-26,Newcastle United,Nottingham Forest,A,1566.318401915694,1405.6484345087456,160.66996740694844,0.18378468031766362,0.16160292262128925,0.6546123970610471,H,0.3
2023-24,2023-12-26,Bournemouth,Fulham,H,1464.6229613075502,1470.7891949573518,-6.1662336498015975,0.31619439227797175,0.2527447593608883,0.43106084836114,H,0.3
2023-24,2023-12-26,Burnley,Liverpool,A,1406.4397949635209,1641.9069588887373,-235.46716392521648,0.5919369508502292,0.19248350898007438,0.21557954016969635,A,0.3
2023-24,2023-12-26,Manchester United,Aston Villa,H,1530.457175386797,1586.2490747555241,-55.79189936872717,0.36554102765542723,0.2599550418870424,0.37450393045753033,H,0.3
2023-24,2023-12-27,Brentford,Wolverhampton Wanderers,A,1504.948672818633,1448.6195811707223,56.32909164791067,0.26144412566082753,0.22781382198103464,0.5107420523581379,H,0.3
2023-24,2023-12-27,Chelsea,Crystal Palace,H,1498.0956838688587,1462.4541016504247,35.641582218433996,0.2787700726229767,0.23778155351718638,0.48344837385983697,H,0.3
2023-24,2023-12-27,Everton,Manchester City,A,1483.7677124656918,1671.0124156473114,-187.24470318161957,0.5254385697754527,0.2219748976950592,0.25258653252948815,A,0.3
2023-24,2023-12-28,Arsenal,West Ham,A,1638.9869041671357,1503.319963642977,135.6669405241587,0.20103558138287225,0.17889504463157999,0.6200693739855477,H,0.3
2023-24,2023-12-28,Brighton and Hove Albion,Tottenham,H,1530.9252341765289,1576.4484942504062,-45.52326007387728,0.35484669817175307,0.2594684176049366,0.38568488422331026,H,0.3
2023-24,2023-12-30,Nottingham Forest,Manchester United,H,1421.6365149301173,1537.1353401398947,-115.49882520977735,0.43306783716575337,0.2522958326447027,0.31463633018954396,A,0.3
2023-24,2023-12-30,Wolverhampton Wanderers,Everton,H,1466.5003127612392,1477.1939081477235,-10.693595386484276,0.3204611226422171,0.25389992917606663,0.42563894818171627,H,0.3
2023-24,2023-12-30,Manchester City,Sheffield United,H,1677.5862199652797,1370.9716280825107,306.614591882769,0.09728080753970642,0.1,0.8027191924602936,H,0.3
2023-24,2023-12-30,Crystal Palace,Brentford,H,1457.4647667974377,1487.067941228116,-29.603174430678337,0.33877720002739004,0.2576645424240181,0.4035582575485919,H,0.3
2023-24,2023-12-30,Luton Town,Chelsea,A,1403.739047810865,1503.0850187218457,-99.34597091098067,0.4138936516245288,0.25609882725681316,0.330007521118658,A,0.3
2023-24,2023-12-30,Aston Villa,Burnley,H,1579.5709100024264,1401.1410747100635,178.4298352923629,0.17203692121219794,0.14923432203189127,0.6787287567559108,H,0.3
2023-24,2023-12-31,Fulham,Arsenal,H,1459.0900238217644,1623.3580253496182,-164.2680015278538,0.4947326558205827,0.23381063871715715,0.2714567054622602,A,0.3
2023-24,2023-12-31,Tottenham,Bournemouth,H,1566.1333155913,1476.3221324431377,89.8111831481624,0.23485312172950057,0.20882736267654603,0.5563195155939534,H,0.3
2023-24,2024-01-01,Liverpool,Newcastle United,H,1647.2056791421946,1550.3303214943223,96.8753576478723,0.22945466536068865,0.20445559095622465,0.5660897436830867,H,0.3
2023-24,2024-01-02,West Ham,Brighton and Hove Albion,D,1518.9488424604945,1541.240412835635,-22.29157037514051,0.3315984081901963,0.25641459294665575,0.411986998863148,H,0.3
2023-24,2024-01-12,Burnley,Luton Town,D,1398.5480927566177,1397.85491577026,0.6931769863576847,0.30981366656475756,0.25081318318408796,0.4393731502511545,H,0.3
2023-24,2024-01-13,Chelsea,Fulham,H,1508.9691507624507,1467.4194655347594,41.54968522769127,0.27374726407789546,0.23509159394369028,0.49116114197841426,H,0.3
2023-24,2024-01-13,Newcastle United,Manchester City,A,1544.2602729388325,1679.6706831214044,-135.41041018257192,0.45759364390490614,0.24595464738485973,0.2964517087102342,A,0.3
2023-24,2024-01-14,Everton,Aston Villa,D,1465.3428303607668,1582.1638919558723,-116.82106159510545,0.4346665283515653,0.25193018651147236,0.3134032851369623,A,0.3
2023-24,2024-01-14,Manchester United,Tottenham,D,1529.5064791340992,1572.3997793958104,-42.89330026171115,0.35214973547737416,0.25925803154769755,0.3885922329749283,H,0.3
2023-24,2024-01-20,Brentford,Nottingham Forest,H,1477.1736765415558,1429.2653759359127,47.908300605643035,0.26840904557563483,0.23205368071842133,0.4995372737059438,H,0.3
2023-24,2024-01-20,Arsenal,Crystal Palace,H,1615.0285836366231,1467.359031483998,147.6695521526251,0.19265089413630085,0.17063435785904518,0.6367147480046539,H,0.3
2023-24,2024-01-21,Bournemouth,Liverpool,A,1470.0556686386274,1653.2757276976845,-183.22005905905712,0.5199987678412427,0.22417082212021464,0.2558304100385427,A,0.3
2023-24,2024-01-21,Sheffield United,West Ham,D,1368.887164926386,1517.8677482121348,-148.9805832857487,0.47483794638238,0.24065439615493975,0.2845076574626802,A,0.3
2023-24,2024-01-22,Brighton and Hove Albion,Wolverhampton Wanderers,D,1542.3215070839947,1478.351390548196,63.97011653579875,0.25522393614886124,0.22376530259658214,0.5210107612545566,H,0.3
2023-24,2024-01-30,Fulham,Everton,D,1462.550125294007,1466.9638454188282,-4.413720124821111,0.3145546595631932,0.252271897925762,0.43317344251104484,H,0.3
2023-24,2024-01-30,Crystal Palace,Sheffield United,H,1459.5585680321742,1371.393669052517,88.16489897965721,0.2361214523392403,0.2098301626796183,0.5540483849811414,H,0.3
2023-24,2024-01-30,Nottingham Forest,Arsenal,A,1424.5233291867714,1622.829047088447,-198.3057179016755,0.5405021380068696,0.21569818750417652,0.2437996744889538,A,0.3
2023-24,2024-01-30,Luton Town,Brighton and Hove Albion,H,1399.5842505740547,1538.897454719487,-139.31320414543234,0.4625108491256816,0.24450851713222563,0.29298063374209277,A,0.3
2023-24,2024-01-30,Aston Villa,Newcastle United,A,1580.5428768978109,1539.1260890912765,41.41678780653433,0.27385957587247267,0.23515352880989018,0.4909868953176372,H,0.3
2023-24,2024-01-31,Tottenham,Brentford,H,1572.8917522966262,1481.915723290697,90.97602900592915,0.23395805171379297,0.20811406222592713,0.5579278860602799,H,0.3
2023-24,2024-01-31,Manchester City,Burnley,H,1684.8048669689604,1396.818757952823,287.98610901613733,0.1069835323845128,0.1,0.7930164676154872,H,0.3
2023-24,2024-01-31,Liverpool,Chelsea,H,1663.073984473357,1513.838491003203,149.2354934701541,0.19157105155381587,0.16954994295331335,0.6388790054928707,H,0.3
2023-24,2024-02-01,Wolverhampton Wanderers,Manchester United,A,1481.7754429127035,1529.0145062332833,-47.23906332057982,0.3566153886399734,0.2595868638231486,0.38379774753687795,H,0.3
2023-24,2024-02-01,West Ham,Bournemouth,D,1515.3612440860038,1460.2574118629548,55.10383222304904,0.2624502909874679,0.22844555673400868,0.5091041522785233,H,0.3
2023-24,2024-02-03,Burnley,Fulham,D,1394.5092279861205,1460.9637360354143,-66.45450804929374,0.37692677034401906,0.2598942424593107,0.3631789871966702,A,0.3
2023-24,2024-02-03,Newcastle United,Luton Town,D,1552.9703616893223,1418.1166172148564,134.85374447446588,0.20161056847056588,0.1794507073545359,0.6189387241748981,H,0.3
2023-24,2024-02-03,Brighton and Hove Albion,Crystal Palace,H,1520.3650880786854,1463.5415268556744,56.823561223010984,0.2610387655163033,0.2275574824429802,0.5114037520407165,H,0.3
2023-24,2024-02-03,Sheffield United,Aston Villa,A,1367.4107102290168,1566.698604299765,-199.28789407074828,0.5418470051739869,0.215124642685402,0.24302835214061116,A,0.3
2023-24,2024-02-03,Everton,Tottenham,D,1468.550234677421,1576.8248339041183,-108.27459922669732,0.4244105123354076,0.2541496985714724,0.32143978909312,A,0.3
2023-24,2024-02-04,Chelsea,Wolverhampton Wanderers,A,1507.8488893044216,1474.7405552243608,33.108334080060786,0.2809426850842395,0.23889445585149843,0.48016285906426204,H,0.3
2023-24,2024-02-04,Manchester United,West Ham,H,1536.049393921626,1512.164400837367,23.884993084258895,0.28895177857115273,0.24273345178662634,0.46831476964222096,H,0.3
2023-24,2024-02-04,Arsenal,Liverpool,H,1626.7820168977016,1669.0635861721385,-42.28156927443683,0.3515248490533971,0.2592041003183806,0.3892710506282223,H,0.3
2023-24,2024-02-04,Bournemouth,Nottingham Forest,D,1463.4542551115915,1420.5703593775168,42.88389573407471,0.27262141516267485,0.23446622622259325,0.49291235861473187,H,0.3
2023-24,2024-02-05,Brentford,Manchester City,A,1477.982641683205,1687.1143969356629,-209.13175525245788,0.5553819233890316,0.20924198234723823,0.23537609426373027,A,0.3
2023-24,2024-02-10,Liverpool,Burnley,H,1658.8338497844586,1394.6949822922759,264.1388674921827,0.12061585457636108,0.1,0.779384145423639,H,0.3
2023-24,2024-02-10,Manchester City,Everton,H,1693.086885473311,1469.9308163175313,223.15606915577973,0.14436502132451043,0.11883067784970364,0.7368043008257859,H,0.3
2023-24,2024-02-10,Fulham,Bournemouth,H,1460.777981729259,1460.5766427710535,0.20133895820549697,0.31026787251313653,0.2509588649528099,0.43877326253405363,H,0.3
2023-24,2024-02-10,Luton Town,Sheffield United,A,1423.2025780394506,1357.2363696679627,65.96620837148794,0.25361425970823703,0.2226777627753175,0.5237079775164455,H,0.3
2023-24,2024-02-10,Wolverhampton Wanderers,Brentford,A,1488.3967912807543,1472.0101531455568,16.386638135197472,0.29558069323470715,0.24559897066962444,0.4588203360956684,H,0.3
2023-24,2024-02-10,Nottingham Forest,Newcastle United,A,1423.4479717180548,1547.8844008647281,-124.43642914667339,0.44395813148273205,0.2496685490781834,0.3063733194390846,A,0.3
2023-24,2024-02-10,Tottenham,Brighton and Hove Albion,H,1575.4442522640081,1529.4988431672994,45.94540909670877,0.2700495817950952,0.23300689831784843,0.49694351988705643,H,0.3
2023-24,2024-02-11,West Ham,Arsenal,A,1501.6986013852918,1637.0117532853815,-135.31315190008968,0.45747155326080574,0.24598985964550685,0.2965385870936874,A,0.3
2023-24,2024-02-11,Aston Villa,Manchester United,A,1576.8729448608192,1546.5151933737013,30.357751487117866,0.2833148005869337,0.24007466007589345,0.4766105393371729,H,0.3
2023-24,2024-02-12,Crystal Palace,Chelsea,A,1454.4077717670605,1494.1926532480281,-39.78488148096767,0.3489839288663469,0.25896447714950993,0.39205159398414324,H,0.3
2023-24,2024-02-17,Newcastle United,Bournemouth,D,1553.241852456924,1451.4761304139056,101.76572204301851,0.22575866250294183,0.2013678434850034,0.5728734940120548,H,0.3
2023-24,2024-02-17,Manchester City,Chelsea,D,1696.355158673704,1505.6107841334306,190.74437454027338,0.16414126284687935,0.14070844957240447,0.6951502875807162,H,0.3
2023-24,2024-02-17,Fulham,Aston Villa,A,1469.8784940864068,1568.296716768561,-98.41822268215424,0.41281259074512755,0.25627932444431367,0.3309080848105588,A,0.3
2023-24,2024-02-17,Tottenham,Wolverhampton Wanderers,A,1580.2253871115859,1475.1322574359929,105.09312967559299,0.22326293685348458,0.19924042887566654,0.577496634270849,H,0.3
2023-24,2024-02-17,Brentford,Liverpool,A,1485.2746869903183,1661.4628694747457,-176.18818248442744,0.5105535613127924,0.22788672475494082,0.26155971393226685,A,0.3
2023-24,2024-02-17,Burnley,Arsenal,A,1392.0659626019888,1651.430727391126,-259.3647647891373,0.6252067868978867,0.17636118468576753,0.19843202841634583,A,0.3
2023-24,2024-02-17,Nottingham Forest,West Ham,H,1418.0905201258588,1487.2796272795472,-69.18910715368838,0.37989360616532286,0.2597856907214332,0.36032070311324393,A,0.3
2023-24,2024-02-18,Luton Town,Manchester United,A,1408.8300952429922,1555.0914214659595,-146.26132622296723,0.47134984004729624,0.2417769133216458,0.2868732466310579,A,0.3
2023-24,2024-02-18,Sheffield United,Brighton and Hove Albion,A,1371.608852464421,1524.7177083197216,-153.1088558553006,0.4801635344237988,0.23889422917361783,0.2809422364025835,A,0.3
2023-24,2024-02-19,Everton,Crystal Palace,D,1466.6625431171383,1442.989640881658,23.67290223548025,0.28913780526038113,0.24281770604576505,0.46804448869385384,H,0.3
2023-24,2024-02-20,Manchester City,Brentford,H,1690.1755444965413,1476.5787349532154,213.5968095433259,0.1500437348393733,0.12517010846974586,0.7247861566908809,H,0.3
2023-24,2024-02-21,Liverpool,Luton Town,H,1670.1588215118486,1403.912024176622,266.2467973352266,0.11935403980473595,0.1,0.7806459601952641,H,0.3
2023-24,2024-02-24,Bournemouth,Manchester City,A,1455.8224972447108,1692.3427877845604,-236.5202905398496,0.5934042722880162,0.1917879795531321,0.21480774815885176,A,0.3
2023-24,2024-02-24,Manchester United,Fulham,A,1560.0094925323297,1463.9744906140975,96.03500191823218,0.23009316047149936,0.20498129325944664,0.5649255462690541,H,0.3
2023-24,2024-02-24,Crystal Palace,Burnley,H,1445.3524362727014,1384.342991588687,61.0094446840144,0.2576230190629214,0.2253558693032363,0.5170211116338423,H,0.3
2023-24,2024-02-24,Aston Villa,Nottingham Forest,H,1574.2007202408704,1429.023308631918,145.1774116089523,0.19437612670058307,0.1723574630209992,0.6332664102784177,H,0.3
2023-24,2024-02-24,Arsenal,Newcastle United,H,1659.1536984044278,1548.895485626119,110.25821277830892,0.21941910041533366,0.19589857881683914,0.5846823207678272,H,0.3
2023-24,2024-02-24,Brighton and Hove Albion,Everton,D,1537.0846521120798,1464.299747726095,72.78490438598487,0.2481621604494466,0.2188739039715164,0.532963935579037,H,0.3
2023-24,2024-02-25,Wolverhampton Wanderers,Sheffield United,H,1484.6742040051336,1359.241908672063,125.43229533307067,0.20833635277082316,0.18584059418982135,0.6058230530393555,H,0.3
2023-24,2024-02-26,West Ham,Brentford,H,1476.346838773488,1474.4114916651963,1.9353471082915803,0.3086687883712585,0.25044036249442964,0.4408908491343119,H,0.3
2023-24,2024-03-02,Newcastle United,Wolverhampton Wanderers,H,1541.6908634441613,1488.0302665840372,53.66059686012409,0.2636385993781981,0.22918330591661615,0.5071780947051857,H,0.3
2023-24,2024-03-02,Tottenham,Crystal Palace,H,1570.6834405424452,1454.3244140131333,116.3590265293119,0.21492583443341193,0.19189459147408927,0.5931795740924988,H,0.3
2023-24,2024-03-02,Luton Town,Aston Villa,A,1400.6320818089425,1579.041569364617,-178.40948755567456,0.5135287322345603,0.22672995645093896,0.2597413113145008,A,0.3
2023-24,2024-03-02,Brentford,Chelsea,D,1465.3712697677415,1511.7903983105932,-46.419128542851695,0.355769274090221,0.2595321166317786,0.3846986092780004,H,0.3
2023-24,2024-03-02,Everton,West Ham,A,1467.9457886992184,1485.3870606709427,-17.44127197172429,0.32690401656383705,0.2554415683859023,0.4176544150502606,H,0.3
2023-24,2024-03-02,Fulham,Brighton and Hove Albion,H,1473.4132192372551,1533.4386111389563,-60.02539190170114,0.3700270418126724,0.25999999836294285,0.3699729598243848,A,0.3
2023-24,2024-03-02,Nottingham Forest,Liverpool,A,1424.1824595081714,1673.438763879528,-249.2563043713567,0.6111494296878642,0.18325836272075857,0.20559220759137714,A,0.3
2023-24,2024-03-03,Burnley,Bournemouth,A,1375.3710138482552,1452.495650904855,-77.1246370565998,0.388612123636077,0.2592564769703501,0.35213139939357296,A,0.3
2023-24,2024-03-03,Manchester City,Manchester United,H,1695.6696341244162,1550.570763909172,145.09887021524423,0.19443063226982055,0.17241170974119155,0.6331576579889878,H,0.3
2023-24,2024-03-04,Sheffield United,Arsenal,A,1355.8858460931592,1666.3583205863854,-310.4724744932262,0.6947908022205471,0.14089583861489682,0.16431335916455606,A,0.3
2023-24,2024-03-09,Manchester United,Everton,H,1545.7280777677943,1455.7175673037716,90.01051046402267,0.234699820287362,0.20870552247927754,0.5565946572333604,H,0.3
2023-24,2024-03-09,Crystal Palace,Luton Town,D,1448.7741727362134,1396.324819193019,52.44935354319432,0.26463853366412554,0.2297970891105239,0.5055643772253505,H,0.3
2023-24,2024-03-09,Wolverhampton Wanderers,Fulham,H,1478.7731122242546,1486.9089547265396,-8.135842502284959,0.3180451432041583,0.2532591229184665,0.4286957338773753,H,0.3
2023-24,2024-03-09,Bournemouth,Sheffield United,D,1462.5869532168601,1349.3628510688811,113.22410214797901,0.21722839567258515,0.19395933618427247,0.5888122681431425,H,0.3
2023-24,2024-03-09,Arsenal,Brentford,H,1672.8813156106635,1464.9805798291559,207.9007357815076,0.1534892435310517,0.1289977382077537,0.7175130182611945,H,0.3
2023-24,2024-03-10,Aston Villa,Tottenham,A,1583.3488319805406,1576.233681819365,7.115150161175507,0.3039290829114849,0.24881083927189612,0.4472600778166189,H,0.3
2023-24,2024-03-10,Brighton and Hove Albion,Nottingham Forest,H,1519.9428756496718,1421.0479769578847,98.89489869178715,0.227924295482109,0.20318627037001882,0.5688894341478722,H,0.3
2023-24,2024-03-10,Liverpool,Manchester City,D,1676.5732464298148,1700.512320265794,-23.939073835979116,0.3332051767303941,0.2567191038574753,0.41007571941213056,H,0.3
2023-24,2024-03-10,West Ham,Burnley,D,1497.6152820663895,1365.27971153625,132.33557053013942,0.20339666866319114,0.18116752249113433,0.6154358088456745,H,0.3
2023-24,2024-03-11,Chelsea,Newcastle United,H,1512.1810882491789,1550.948017803944,-38.766929554765056,0.3479522868493451,0.25885779700458655,0.39318991614606835,H,0.3
2023-24,2024-03-13,Bournemouth,Luton Town,H,1457.976964054384,1399.4529019379024,58.52406211648167,0.2596477344130022,0.22666985760326983,0.513682407983728,H,0.3
2023-24,2024-03-16,Fulham,Tottenham,H,1481.0263293420803,1595.3371726590838,-114.31084331700345,0.43163518765875003,0.2526174483031348,0.3157473640381152,A,0.3
2023-24,2024-03-16,Burnley,Brentford,H,1370.311743746746,1462.7485591135712,-92.43681536682516,0.4058960319501325,0.257342210636864,0.33676175741300346,A,0.3
2023-24,2024-03-16,Luton Town,Nottingham Forest,D,1394.918990685062,1417.2531425178809,-22.33415183281886,0.3316398583251157,0.2564226299338388,0.4119375117410455,H,0.3
2023-24,2024-03-17,West Ham,Aston Villa,D,1492.5832498558934,1564.245341140822,-71.66209128492847,0.3825931674311436,0.2596549056186655,0.357751926950191,A,0.3
2023-24,2024-03-30,Tottenham,Luton Town,H,1580.1155717789013,1393.839107721319,186.27646405758242,0.16698202839091866,0.1437931773432221,0.6892247942658591,H,0.3
2023-24,2024-03-30,Nottingham Forest,Crystal Palace,D,1418.333025481624,1445.64608999133,-27.31306450970601,0.33651531704522647,0.25730127848562556,0.40618340446914797,H,0.3
2023-24,2024-03-30,Sheffield United,Fulham,D,1353.9728402313572,1496.2479302222628,-142.2750899909056,0.46626565927962066,0.24336837834327246,0.2903659623771068,A,0.3
2023-24,2024-03-30,Newcastle United,West Ham,H,1544.5523277990203,1492.9187858197226,51.63354197929766,0.26531338639965785,0.2302077003666216,0.5044789132337205,H,0.3
2023-24,2024-03-30,Brentford,Manchester United,D,1455.477346759498,1551.9889418494918,-96.51159508999376,0.41059784778269126,0.25663712182092474,0.3327650303963841,A,0.3
2023-24,2024-03-30,Bournemouth,Everton,H,1462.5108753072245,1449.456703222074,13.054172085150412,0.2985617069695593,0.24679631213406575,0.454641980896375,H,0.3
2023-24,2024-03-30,Chelsea,Burnley,D,1518.5767782541025,1377.5829561008193,140.9938221532832,0.19729080144935093,0.17524147288908862,0.6274677256615604,H,0.3
2023-24,2024-03-30,Aston Villa,Wolverhampton Wanderers,H,1563.9098051769927,1484.655737608714,79.25406756827874,0.2430548929242921,0.2151444377950325,0.5418006692806755,H,0.3
2023-24,2024-03-31,Liverpool,Brighton and Hove Albion,H,1675.539040612328,1523.7377100896756,151.8013305226525,0.18980872718722275,0.16777060692466314,0.6424206658881141,H,0.3
2023-24,2024-03-31,Manchester City,Arsenal,D,1701.5465260832807,1675.1133363262481,26.43318975703255,0.28672333003913414,0.241706846209258,0.4715698237516079,H,0.3
2023-24,2024-04-02,Newcastle United,Everton,D,1549.2207059559553,1443.9939980736583,105.22670788229698,0.2231630662102518,0.19915459589144485,0.5776823378983033,H,0.3
2023-24,2024-04-02,Bournemouth,Crystal Palace,H,1467.9735804556403,1446.5841296756028,21.389450780037578,0.29114602613585094,0.2437131114819118,0.4651408623822373,H,0.3
2023-24,2024-04-02,Burnley,Wolverhampton Wanderers,D,1382.7987484821251,1478.0879512342271,-95.28920275210203,0.40918284662821824,0.256857184067524,0.33395996930425775,A,0.3
2023-24,2024-04-02,Nottingham Forest,Fulham,H,1417.3949857973512,1493.923156952579,-76.52817115522771,0.38795115023782095,0.2593073021774029,0.35274154758477627,A,0.3
2023-24,2024-04-02,West Ham,Tottenham,D,1488.2504076627877,1582.6081478866752,-94.3577402238875,0.40810720670980805,0.25701996247078773,0.3348728308194043,A,0.3
2023-24,2024-04-03,Brentford,Brighton and Hove Albion,D,1456.5243834043324,1520.7800338507072,-64.25565044637483,0.3745550810781881,0.259954020220551,0.36549089870126084,A,0.3
2023-24,2024-04-03,Manchester City,Aston Villa,H,1699.1088607451668,1570.4775915514795,128.63126919368733,0.20603940443738003,0.18368154929304367,0.6102790462695763,H,0.3
2023-24,2024-04-03,Arsenal,Luton Town,H,1677.551001664362,1391.346531613545,286.204470050817,0.1079541074319814,0.1,0.7920458925680186,H,0.3
2023-24,2024-04-04,Chelsea,Manchester United,H,1513.3609858727966,1550.9419052046574,-37.58091933186074,0.3467534864048864,0.2587269554803286,0.39451955811478495,H,0.3
2023-24,2024-04-04,Liverpool,Sheffield United,H,1678.4967168512965,1356.297613501041,322.1991033502554,0.0897661548009524,0.1,0.8102338451990476,H,0.3
2023-24,2024-04-06,Fulham,Newcastle United,A,1482.8016642594002,1544.793893117057,-61.992228857656755,0.372126659647558,0.25998992271762544,0.36788341763481663,A,0.3
2023-24,2024-04-06,Wolverhampton Wanderers,West Ham,A,1477.0757248396333,1489.2360919637272,-12.16036712409391,0.32185305618775384,0.2542534804818494,0.4238934633303967,H,0.3
2023-24,2024-04-06,Everton,Burnley,H,1448.4208109125566,1383.810974876719,64.60983603583759,0.25470737746467975,0.22341807734236954,0.5218745451929507,H,0.3
2023-24,2024-04-06,Luton Town,Bournemouth,H,1389.014379102676,1473.2589788442021,-84.24459974152614,0.39657328634000927,0.2585118128591741,0.3449149008008166,A,0.3
2023-24,2024-04-06,Brighton and Hove Albion,Arsenal,A,1520.6575525100259,1679.883154175231,-159.2256016652052,0.48811890828849797,0.23616530893086388,0.2757157827806382,A,0.3
2023-24,2024-04-06,Crystal Palace,Manchester City,A,1441.298731287041,1705.720331503553,-264.42160021651216,0.6322196926604712,0.17287932916573637,0.1949009781737925,A,0.3
2023-24,2024-04-06,Aston Villa,Brentford,D,1563.8661207930932,1456.6468647450138,107.21925604807939,0.2216762436244863,0.19787044421036204,0.5804533121651517,H,0.3
2023-24,2024-04-07,Manchester United,Liverpool,D,1544.565997583435,1680.4082765903759,-135.84227900694077,0.45813604322130463,0.24579780207946095,0.2960661546992344,A,0.3
2023-24,2024-04-07,Sheffield United,Chelsea,D,1354.3860537619616,1519.736893494019,-165.35083973205724,0.4961592618768001,0.23329294016479626,0.2705477979584036,A,0.3
2023-24,2024-04-07,Tottenham,Nottingham Forest,H,1581.6224635857357,1428.5164784905298,153.10598509520582,0.18891598416445918,0.16686481042032467,0.6442192054152162,H,0.3
2023-24,2024-04-13,Nottingham Forest,Wolverhampton Wanderers,D,1423.8583778515433,1469.2391368420845,-45.38075899054115,0.35470013118700405,0.2594579118582785,0.38584195695471746,H,0.3
2023-24,2024-04-13,Manchester City,Luton Town,H,1710.342303039924,1396.1553086836104,314.18699435631356,0.0935627723864944,0.1,0.8064372276135057,H,0.3
2023-24,2024-04-13,Newcastle United,Tottenham,H,1551.4967447666172,1586.2805642247222,-34.78381945810497,0.3439396254427302,0.2583905246947947,0.39766984986247517,H,0.3
2023-24,2024-04-13,Bournemouth,Manchester United,D,1466.1180492632677,1546.7148893391065,-80.59684007583883,0.3924781383174694,0.2589250821294205,0.3485967795531102,A,0.3
2023-24,2024-04-13,Brentford,Sheffield United,H,1461.1196717367407,1357.3286569508105,103.7910147859302,0.22423776318609212,0.20007541295809206,0.5756868238558158,H,0.3
2023-24,2024-04-13,Burnley,Brighton and Hove Albion,D,1379.3938569331062,1511.3249899672935,-131.93113303418727,0.4532397085571201,0.24718905009522807,0.2995712413476519,A,0.3
2023-24,2024-04-14,Arsenal,Aston Villa,A,1689.2157167179635,1559.3933138013663,129.82240291659718,0.20518762785310193,0.18287471706279373,0.6119376550841042,H,0.3
2023-24,2024-04-14,Liverpool,Crystal Palace,A,1678.2593848347044,1436.67675975067,241.58262508403436,0.13379083537307382,0.1069624381155364,0.7592467265113898,H,0.3
2023-24,2024-04-14,West Ham,Fulham,A,1497.072679961276,1476.09881260984,20.973867351435956,0.2915125831679322,0.24387375683690174,0.4646136599951661,H,0.3
2023-24,2024-04-15,Chelsea,Everton,H,1516.79429030517,1452.8379288561694,63.956361449000724,0.25523505012533276,0.22377275482685816,0.520992195047809,H,0.3
2023-24,2024-04-20,Luton Town,Brentford,A,1393.2271817383953,1467.0015191758887,-73.77433743749339,0.3849114233340728,0.259518703673513,0.35556987299241427,A,0.3
2023-24,2024-04-20,Sheffield United,Burnley,A,1351.4468095116624,1381.4351193141715,-29.988309802509093,0.33915879691583417,0.25772309090228035,0.40311811218188554,H,0.3
2023-24,2024-04-20,Wolverhampton Wanderers,Arsenal,A,1469.6596642674176,1673.6777981273658,-204.0181338599482,0.5483387731759396,0.21232765549256438,0.23933357133149605,A,0.3
2023-24,2024-04-21,Everton,Nottingham Forest,H,1440.4025551934278,1423.4378504262102,16.964704767217654,0.29506580355572726,0.24538644856883515,0.45954774787543756,H,0.3
2023-24,2024-04-21,Aston Villa,Bournemouth,H,1574.931232391964,1466.7101804730305,108.22105191893343,0.22093077480648854,0.1972221635774558,0.5818470616160557,H,0.3
2023-24,2024-04-21,Crystal Palace,West Ham,H,1447.2966471952861,1483.6989871558085,-36.40233996052234,0.3455655550585491,0.2585899615238266,0.3958444834176244,H,0.3
2023-24,2024-04-21,Fulham,Liverpool,A,1489.4725054153075,1667.6394973900883,-178.16699197478079,0.5132035490701967,0.2268570156174404,0.2599394353123629,A,0.3
2023-24,2024-04-23,Arsenal,Chelsea,H,1679.7874633475265,1529.2296639679116,150.55779937961483,0.19066174636610647,0.16863332463013161,0.640704929003762,H,0.3
2023-24,2024-04-24,Everton,Liverpool,H,1448.9283059097818,1674.4733740121908,-225.545068102409,0.5781249611325429,0.19894989754693526,0.2229251413205219,A,0.3
2023-24,2024-04-24,Crystal Palace,Newcastle United,H,1460.0091241909552,1566.192717234351,-106.18359304339583,0.4219293093048444,0.2546403843800442,0.3234303063151114,A,0.3
2023-24,2024-04-24,Wolverhampton Wanderers,Bournemouth,A,1463.549999047257,1460.94675643774,2.603242609516883,0.3080545329626793,0.2502370142377399,0.44170845279958076,H,0.3
2023-24,2024-04-24,Manchester United,Sheffield United,H,1546.1227581293438,1336.5918351111725,209.53092301817128,0.15249847817125567,0.12789876696236144,0.7196027548663829,H,0.3
2023-24,2024-04-25,Brighton and Hove Albion,Manchester City,A,1509.2837275862282,1713.2704299851391,-203.9867023989109,0.5482955594643011,0.2123464266111663,0.2393580139245326,A,0.3
2023-24,2024-04-27,Wolverhampton Wanderers,Luton Town,H,1455.3925648884815,1378.2720443622406,77.12052052624085,0.24473234690219486,0.21638689521416216,0.5388807578836431,H,0.3
2023-24,2024-04-27,Manchester United,Burnley,D,1549.6307876068677,1396.2900937146615,153.34069389220622,0.1887556183814234,0.16670178824882634,0.6445425933697503,H,0.3
2023-24,2024-04-27,Everton,Brentford,H,1463.3113171928849,1481.9566565520433,-18.64533935915847,0.32806440067769826,0.2556937352071135,0.41624186411518815,H,0.3
2023-24,2024-04-27,Fulham,Crystal Palace,D,1482.638628793205,1471.874379488908,10.764249304296982,0.30062284679691115,0.2475913222010199,0.451785831002069,H,0.3
2023-24,2024-04-27,West Ham,Liverpool,D,1470.9865101601395,1660.0903627290877,-189.10385256894824,0.5279592518290144,0.2209441821747954,0.2510965659961902,A,0.3
2023-24,2024-04-27,Newcastle United,Sheffield United,H,1554.327461936398,1333.0838056336486,221.2436563027495,0.1454906415452282,0.12008985824952721,0.7344195002052446,H,0.3
2023-24,2024-04-27,Aston Villa,Chelsea,D,1580.6946564272544,1521.5377856645043,59.15687076275003,0.2591312784190108,0.22633716614313046,0.5145315554378587,H,0.3
2023-24,2024-04-28,Bournemouth,Brighton and Hove Albion,H,1469.1041905965155,1500.3319853569442,-31.22779476042865,0.34038926609453096,0.257906536593551,0.40170419731191803,H,0.3
2023-24,2024-04-28,Nottingham Forest,Manchester City,A,1414.9120997098562,1722.2221722144232,-307.31007250456696,0.6905990294300163,0.14307855554225177,0.16632241502773185,A,0.3
2023-24,2024-04-28,Tottenham,Arsenal,A,1571.5845917569884,1687.4793416509337,-115.89474989394535,0.43354608577838316,0.25218719275390616,0.31426672146771073,A,0.3
2023-24,2024-05-02,Chelsea,Tottenham,H,1524.8389688911254,1566.0502647660637,-41.21129587493829,0.35043375624305845,0.2591052150632425,0.3904610286936991,H,0.3
2023-24,2024-05-03,Luton Town,Everton,D,1374.0891027244286,1469.3702716143598,-95.28116888993122,0.4091735596539769,0.2568586061989842,0.33396783414703896,A,0.3
2023-24,2024-05-04,Manchester City,Wolverhampton Wanderers,H,1725.9641297515377,1459.5755065262936,266.38862322524415,0.11926954506369176,0.1,0.7807304549363082,H,0.3
2023-24,2024-05-04,Brentford,Fulham,D,1475.8977021305684,1480.629574556253,-4.731872425684514,0.3148518485188696,0.2523588003202603,0.43278935116087003,H,0.3
2023-24,2024-05-04,Burnley,Newcastle United,A,1401.7597679388566,1559.1634491472323,-157.4036812083757,0.48574144754334103,0.23699297215343906,0.27726558030321996,A,0.3
2023-24,2024-05-04,Arsenal,Bournemouth,H,1693.0136686418584,1481.6437267556882,211.36994188617018,0.1513852912913584,0.12666235678015064,0.721952351928491,H,0.3
2023-24,2024-05-04,Sheffield United,Nottingham Forest,A,1328.2478184228144,1411.1701421727416,-82.92232374992727,0.39508484884957507,0.2586693098865883,0.3462458412638367,A,0.3
2023-24,2024-05-05,Brighton and Hove Albion,Aston Villa,H,1487.7924491977715,1577.3934732006333,-89.60102400286178,0.4026492127765943,0.25778471252621477,0.3395660746971909,A,0.3
2023-24,2024-05-05,Chelsea,West Ham,H,1535.0404615724926,1474.5403336410513,60.500127931441284,0.2580371291626872,0.22562673380693096,0.5163361370303818,H,0.3
2023-24,2024-05-05,Liverpool,Tottenham,H,1656.5365392481758,1555.8487720846965,100.6877671634793,0.2265704800781206,0.20205253528543615,0.5713769846364433,H,0.3
2023-24,2024-05-06,Crystal Palace,Manchester United,H,1473.8834337258602,1544.1611133826725,-70.27767965681232,0.38107997437273333,0.25973193533778954,0.35918809028947707,A,0.3
2023-24,2024-05-11,Wolverhampton Wanderers,Crystal Palace,A,1455.770525909004,1489.940826762195,-34.170300853191065,0.34332493634251526,0.25831151167739785,0.3983635519800869,H,0.3
2023-24,2024-05-11,West Ham,Luton Town,H,1462.9189002073329,1375.1011002545658,87.81779995276702,0.236389362723448,0.2100407855656339,0.5535698517109181,H,0.3
2023-24,2024-05-11,Nottingham Forest,Chelsea,A,1421.0597388482881,1546.6618950062111,-125.60215615792299,0.44539294669754953,0.2492992216525298,0.30530783164992065,A,0.3
2023-24,2024-05-11,Tottenham,Burnley,H,1549.882975084792,1392.3573057120473,157.5256693727447,0.18590849442074903,0.16379202490432293,0.650299480674928,H,0.3
2023-24,2024-05-11,Fulham,Manchester City,A,1482.2070358129697,1729.7691103688273,-247.56207455585763,0.6087899423731876,0.1844044633720096,0.20680559425480274,A,0.3
2023-24,2024-05-11,Everton,Sheffield United,H,1468.3582740842226,1318.3582217472679,150.0000523369547,0.19104500753983258,0.16902005116842517,0.6399349412917422,H,0.3
2023-24,2024-05-11,Bournemouth,Brentford,A,1477.2589671200371,1474.3202408738516,2.9387262461855244,0.3077463419224075,0.25013411253517714,0.44211954554241534,H,0.3
2023-24,2024-05-11,Newcastle United,Brighton and Hove Albion,D,1568.5659113740417,1495.0187375263943,73.5471738476474,0.24755708875616653,0.21844039750019367,0.5340025137436398,H,0.3
2023-24,2024-05-12,Manchester United,Arsenal,A,1528.1037203463377,1697.3984282775095,-169.29470793117184,0.5013734905055053,0.23137227343955738,0.2672542360549374,A,0.3
2023-24,2024-05-13,Aston Villa,Liverpool,D,1570.1671848720105,1662.5023362480804,-92.33515137606992,0.4057792726034354,0.257358759923292,0.33686196747327257,A,0.3
2023-24,2024-05-14,Tottenham,Manchester City,A,1552.7590926598573,1737.1054703138275,-184.3463776539702,0.521518736136499,0.22356122770060488,0.25492003616289605,A,0.3
2023-24,2024-05-15,Brighton and Hove Albion,Chelsea,A,1498.6837865395632,1551.9954133703582,-53.31162683079492,0.3629338124558879,0.25988644153219825,0.3771797460119139,H,0.3
2023-24,2024-05-15,Manchester United,Newcastle United,H,1523.6279519628606,1564.9008623608727,-41.27291039801207,0.3504964935786671,0.2591110640189129,0.39039244240242,H,0.3
2023-24,2024-05-19,Manchester City,West Ham,H,1743.7616423764662,1469.241547493354,274.5200948831123,0.11450931160979094,0.1,0.7854906883902091,H,0.3
2023-24,2024-05-19,Luton Town,Fulham,A,1368.7784529685448,1474.8706758679696,-106.09222289942477,0.4218211423496053,0.25466135143372687,0.32351750621666786,A,0.3
2023-24,2024-05-19,Liverpool,Wolverhampton Wanderers,H,1661.5743335812335,1444.1496486985177,217.42468488271584,0.14775411387938764,0.12261821897977768,0.7296276671408347,H,0.3
2023-24,2024-05-19,Arsenal,Everton,H,1701.8741966609866,1471.3419758686885,230.53222079229818,0.1400728934947124,0.11402015950038859,0.745906947004899,H,0.3
2023-24,2024-05-19,Sheffield United,Tottenham,A,1315.374519962802,1546.1029205972186,-230.72840063441663,0.5853368958269028,0.1955921002393965,0.2190710039337006,A,0.3
2023-24,2024-05-19,Brighton and Hove Albion,Manchester United,A,1491.7860455378516,1530.06540337011,-38.27935783225848,0.34745904594358357,0.25880486039767286,0.3937360936587435,H,0.3
2023-24,2024-05-19,Chelsea,Bournemouth,H,1558.8931543720698,1469.0963046700713,89.79684970199855,0.23486414769400737,0.2088361205895423,0.5562997317164503,H,0.3
2023-24,2024-05-19,Brentford,Newcastle United,A,1482.4829033238175,1558.4634109536232,-75.98050762980574,0.3873450679560716,0.2593523906664667,0.3533025413774617,A,0.3
2023-24,2024-05-19,Burnley,Nottingham Forest,A,1389.481188136982,1415.726220484141,-26.245032347159167,0.33546463837715806,0.2571230332581409,0.40741232836470104,H,0.3
2023-24,2024-05-19,Crystal Palace,Aston Villa,H,1501.5617039726812,1571.0951875388573,-69.53348356617607,0.3802685911044245,0.25976933382372014,0.3599620750718553,A,0.3
2024-25,2024-08-16,Manchester United,Fulham,H,1529.0764849961442,1488.7783468954042,40.29813810074006,0.27480616487083376,0.23567228379641214,0.4895215513327541,H,0.3
2024-25,2024-08-17,Arsenal,Wolverhampton Wanderers,H,1642.700626852217,1458.5475717077366,184.1530551444805,0.16834168998968752,0.14526297911650418,0.6863953308938083,H,0.3
2024-25,2024-08-17,Everton,Brighton and Hove Albion,A,1478.5506939185555,1486.219529239429,-7.668835320873541,0.31760555903490684,0.2531388040498457,0.4292556369152475,H,0.3
2024-25,2024-08-17,Ipswich,Liverpool,A,1420.0,1615.4592158880891,-195.45921588808915,0.53661084677071,0.217345930256248,0.24604322297304201,A,0.3
2024-25,2024-08-17,Newcastle United,Southampton,H,1548.0162740108847,1431.7842924077902,116.23198160309448,0.21501888840611647,0.19197855416141751,0.593002557432466,H,0.3
2024-25,2024-08-17,Nottingham Forest,Bournemouth,D,1446.2675640395546,1475.5996464475932,-29.33208240803856,0.33850880783226206,0.25762289128610194,0.403868300881636,H,0.3
2024-25,2024-08-17,West Ham,Aston Villa,A,1476.7292706181654,1537.2750558995642,-60.54578528139882,0.3705816099223539,0.25999924366116767,0.36941914641647844,A,0.3
2024-25,2024-08-18,Brentford,Crystal Palace,H,1480.6461459833238,1513.5847681585128,-32.93862217518904,0.3420936166992858,0.25814723137239615,0.39975915192831807,H,0.3
2024-25,2024-08-18,Chelsea,Manchester City,A,1543.9929748819056,1672.3729622907085,-128.3799874088029,0.4488251838888811,0.24839477126386822,0.30278004484725063,A,0.3
2024-25,2024-08-19,Leicester City,Tottenham,D,1475.442037970427,1537.05590274263,-61.61386477220299,0.37172198772259035,0.2599933869447394,0.36828462533267026,A,0.3
2024-25,2024-08-24,Tottenham,Everton,H,1537.0094523146302,1462.6707005234166,74.33875179121355,0.24692968450143962,0.21798851347720974,0.5350818020213507,H,0.3
2024-25,2024-08-24,Southampton,Nottingham Forest,A,1428.2804076942498,1445.387155790402,-17.10674809615216,0.32658220920744035,0.2553702699097324,0.4180475208828272,H,0.3
2024-25,2024-08-24,Manchester City,Ipswich,H,1680.7363210605167,1413.6561937956128,267.0801272649039,0.11885829762822675,0.1,0.7811417023717733,H,0.3
2024-25,2024-08-24,Brighton and Hove Albion,Manchester United,H,1502.0995226345678,1533.971107273342,-31.871584638774266,0.34102980494079993,0.2579988152417335,0.40097137981746656,H,0.3
2024-25,2024-08-24,Crystal Palace,West Ham,A,1507.2863919105287,1469.9940462668599,37.292345643668796,0.27736047646998346,0.23704314543235114,0.48559637809766537,H,0.3
2024-25,2024-08-24,Aston Villa,Arsenal,A,1544.0102802508698,1646.693836987356,-102.68355673648625,0.41780107030158553,0.2554150260825069,0.3267839036159076,A,0.3
2024-25,2024-08-24,Fulham,Leicester City,H,1483.8837246182063,1475.4884883984269,8.395236219779463,0.3027662118697553,0.2483897120681032,0.4488440760621415,H,0.3
2024-25,2024-08-25,Bournemouth,Newcastle United,D,1476.4800546967458,1551.520158724425,-75.04010402767926,0.38630616233721216,0.25942628596407863,0.35426755169870927,A,0.3
2024-25,2024-08-25,Liverpool,Brentford,H,1621.8030220924763,1486.944522231308,134.8584998611684,0.20160720352307365,0.17944745968988624,0.61894533678704,H,0.3
2024-25,2024-08-25,Wolverhampton Wanderers,Chelsea,A,1454.5543615725976,1535.6296161120974,-81.07525453949984,0.3930132629335163,0.25887467621227783,0.34811206085420593,A,0.3
2024-25,2024-08-31,Nottingham Forest,Wolverhampton Wanderers,D,1453.1099918222264,1439.9724416834065,13.137550138819961,0.2984868555596761,0.24676693649004983,0.45474620795027415,H,0.3
2024-25,2024-08-31,Ipswich,Fulham,D,1410.390978107396,1489.4468138614118,-79.05583575401579,0.39075850040170246,0.25907963607857226,0.35016186351972517,A,0.3
2024-25,2024-08-31,Leicester City,Aston Villa,A,1469.9253991552214,1534.7971065760366,-64.87170742081526,0.3752183127987855,0.2599397460587562,0.36484194114245827,A,0.3
2024-25,2024-08-31,Brentford,Southampton,H,1481.8578211835927,1420.5575716624253,61.300249521167416,0.2573867596830748,0.22520084781032432,0.5174123925066009,H,0.3
2024-25,2024-08-31,West Ham,Manchester City,A,1483.7455392609136,1684.0015367487335,-200.25599748781997,0.5431736651842266,0.21455685207686445,0.24226948273890886,A,0.3
2024-25,2024-08-31,Arsenal,Brighton and Hove Albion,D,1655.9070106621891,1508.3800581018986,147.5269525602905,0.19274938947971262,0.170733045793072,0.6365175647272153,H,0.3
2024-25,2024-08-31,Everton,Bournemouth,A,1452.838925730038,1476.9126734898691,-24.07374775983112,0.33333679702573743,0.25674341007920864,0.4099197928950539,H,0.3
2024-25,2024-09-01,Chelsea,Crystal Palace,D,1550.2115360012886,1493.534898916475,56.67663708481359,0.2611591707303014,0.22763373322844935,0.5112070960412493,H,0.3
2024-25,2024-09-01,Manchester United,Liverpool,A,1527.6905718060113,1626.8897231401916,-99.19915133418021,0.4137224222470042,0.25612766991449687,0.330149907838499,A,0.3
2024-25,2024-09-01,Newcastle United,Tottenham,H,1551.0875399313018,1546.8412271080088,4.24631282329301,0.3065473526762166,0.2497282052628362,0.4437244420609472,H,0.3
2024-25,2024-09-14,Liverpool,Nottingham Forest,A,1638.6642731494367,1451.0354765100274,187.6287966394093,0.16611931083634318,0.14285831025365567,0.6910223789100012,H,0.3
2024-25,2024-09-14,Southampton,Manchester United,A,1413.4563026664844,1515.9160217967662,-102.45971913028188,0.41753812263150447,0.25546256730115297,0.3269993100673425,A,0.3
2024-25,2024-09-14,Manchester City,Brentford,H,1690.213423396015,1488.9590901795336,201.25433321648143,0.15756727123991854,0.13350519025334012,0.7089275385067413,H,0.3
2024-25,2024-09-14,Fulham,West Ham,D,1488.8988921297548,1477.533652613632,11.365239516122756,0.30008089021647666,0.24738487645827756,0.4525342333252458,H,0.3
2024-25,2024-09-14,Crystal Palace,Leicester City,D,1496.7723257186078,1463.2868647831865,33.485460935421315,0.28061851653120695,0.2387303433912311,0.48065114007756193,H,0.3
2024-25,2024-09-14,Aston Villa,Everton,H,1541.4356409480715,1445.2760132641574,96.1596276839141,0.2299984080269983,0.20490342418082122,0.5650981677921805,H,0.3
2024-25,2024-09-14,Brighton and Hove Albion,Ipswich,D,1513.7313888524639,1410.938899839053,102.79248901341089,0.2249868977066807,0.20071358679669465,0.5742995154966246,H,0.3
2024-25,2024-09-14,Bournemouth,Chelsea,A,1484.4755859557497,1546.9741091991557,-62.498523243406,0.3726687274290513,0.25998415008485887,0.36734712248608975,A,0.3
2024-25,2024-09-15,Tottenham,Arsenal,A,1541.1879930810537,1650.5556799116239,-109.36768683057016,0.42571199372032853,0.25388493621528196,0.3204030700643895,A,0.3
2024-25,2024-09-15,Wolverhampton Wanderers,Newcastle United,A,1442.0469569956056,1556.7407739582568,-114.69381696265123,0.4320966505972744,0.25251448349379985,0.3153888659089258,A,0.3
2024-25,2024-09-21,Tottenham,Brentford,H,1535.5167806771422,1486.6494728779503,48.86730779919185,0.2676098953582918,0.23158305027988366,0.5008070543618245,H,0.3
2024-25,2024-09-21,Southampton,Ipswich,D,1401.8210346660026,1415.3092058022182,-13.48817113621567,0.3231172044279016,0.2545647347053404,0.42231806086675805,H,0.3
2024-25,2024-09-21,Liverpool,Bournemouth,H,1628.3663221072818,1477.7840555809805,150.58226652630128,0.19064494297740467,0.16861635659785532,0.64073870042474,H,0.3
2024-25,2024-09-21,West Ham,Chelsea,A,1479.559300761537,1553.6656395739249,-74.10633881238778,0.3852768526975383,0.25949524560429804,0.35522790169816365,A,0.3
2024-25,2024-09-21,Crystal Palace,Manchester United,D,1494.1447072156263,1527.551289797248,-33.406582581621706,0.34256101531894884,0.25821053643047526,0.39922844825057596,H,0.3
2024-25,2024-09-21,Fulham,Newcastle United,H,1486.8732439818498,1562.300177013221,-75.42693303137116,0.3867332326150347,0.2593964295063921,0.3538703378785732,A,0.3
2024-25,2024-09-21,Leicester City,Everton,D,1465.914483286168,1441.4338040627902,24.48067922337782,0.2884297498215989,0.2424958290152367,0.4690744211631644,H,0.3
2024-25,2024-09-21,Aston Villa,Wolverhampton Wanderers,H,1545.2778501494388,1436.4875539406414,108.79029620879737,0.22050779517846383,0.19685302263386087,0.5826391821876753,H,0.3
2024-25,2024-09-22,Brighton and Hove Albion,Nottingham Forest,D,1509.3610828892986,1461.3334275521822,48.02765533711636,0.2683095017978823,0.23199528265358765,0.4996952155485301,H,0.3
2024-25,2024-09-22,Manchester City,Arsenal,D,1692.5230406975984,1656.2268923155355,36.29614838206294,0.278210555915928,0.23748999501057844,0.48429944907349354,H,0.3
2024-25,2024-09-28,Wolverhampton Wanderers,Liverpool,A,1430.7392257131671,1634.3168636509813,-203.5776379378142,0.5477332460088399,0.21259050046198782,0.23967625352917235,A,0.3
2024-25,2024-09-28,Newcastle United,Manchester City,D,1551.2068982482729,1689.820271005279,-138.61337275700612,0.4616265575938399,0.24477256159602878,0.29360088081013136,A,0.3
2024-25,2024-09-28,Everton,Crystal Palace,H,1443.818539068364,1493.3807784229614,-49.562239354597295,0.3590217817077164,0.259723524247615,0.38125469404466855,H,0.3
2024-25,2024-09-28,Nottingham Forest,Fulham,A,1464.3462438607867,1497.9665227467979,-33.62027888601119,0.3427746283595502,0.25823908278959856,0.3989862888508512,H,0.3
2024-25,2024-09-28,Brentford,West Ham,D,1479.1636675265408,1466.692322011737,12.471345514803943,0.299085315365781,0.2470008139062833,0.45391387072793565,H,0.3
2024-25,2024-09-28,Arsenal,Leicester City,H,1658.9296620078549,1463.529748280594,195.3999137272608,0.16121037184662237,0.13750751164269454,0.7012821165106832,H,0.3
2024-25,2024-09-28,Chelsea,Brighton and Hove Albion,H,1566.5326183237248,1506.3482665806941,60.184351743030675,0.25829408504041507,0.22579425865909183,0.5159116563004931,H,0.3
2024-25,2024-09-29,Manchester United,Tottenham,A,1528.315218589913,1543.0025860285516,-14.687367438638603,0.32426226987576534,0.25483862742182956,0.42089910270240516,H,0.3
2024-25,2024-09-29,Ipswich,Aston Villa,D,1416.639983417088,1551.026178376913,-134.38619495982516,0.4563090218413507,0.2463234327362771,0.29736754542237226,A,0.3
2024-25,2024-09-30,Bournemouth,Southampton,H,1471.833514037281,1400.4902570511329,71.34325698614816,0.24930892252011655,0.2196893129934858,0.5310017644863976,H,0.3
2024-25,2024-10-05,Arsenal,Southampton,H,1662.7015323702706,1393.6906373452166,269.01089502505397,0.11771640378536045,0.1,0.7822835962146396,H,0.3
2024-25,2024-10-05,Everton,Newcastle United,D,1450.3937088758366,1553.4317336851157,-103.03802480927902,0.4182177352959503,0.25533924699832394,0.3264430177057257,A,0.3
2024-25,2024-10-05,Brentford,Wolverhampton Wanderers,H,1477.1075091903633,1426.876940510689,50.23056867967421,0.26647653070641203,0.23090853666888106,0.5026149326247069,H,0.3
2024-25,2024-10-05,Crystal Palace,Liverpool,A,1486.8056086154888,1638.1791488534593,-151.37354023797047,0.47792056270618327,0.23964225769436548,0.28243717959945125,A,0.3
2024-25,2024-10-05,West Ham,Ipswich,H,1468.7484803479144,1418.7488651751612,49.99961517275324,0.26666831834249743,0.2310232593526837,0.5023084223048189,H,0.3
2024-25,2024-10-05,Leicester City,Bournemouth,H,1459.7578779181783,1478.6331337431973,-18.87525582501894,0.3282863482309115,0.2557410913081215,0.415972560460967,H,0.3
2024-25,2024-10-05,Manchester City,Fulham,H,1687.5954355684362,1505.3110326050503,182.2844029633859,0.16954330626531447,0.14655818696362885,0.6838985067710567,H,0.3
2024-25,2024-10-06,Chelsea,Nottingham Forest,D,1573.6679035538705,1457.0017340025342,116.66616955133622,0.21470095791266483,0.19169150583157948,0.5936075362557557,H,0.3
2024-25,2024-10-06,Brighton and Hove Albion,Tottenham,H,1499.2129813505485,1558.5594971537387,-59.34651580319019,0.36930461681881416,0.2599989157169599,0.37069646746422596,H,0.3
2024-25,2024-10-06,Aston Villa,Manchester United,D,1548.9172966188398,1512.758307464726,36.1589891541139,0.2783277351496734,0.2375512238292887,0.48412104102103787,H,0.3
2024-25,2024-10-19,Newcastle United,Brighton and Hove Albion,A,1552.1992970726008,1505.9496885942558,46.24960847834495,0.2697949120622248,0.23286006471471413,0.4973450232230611,H,0.3
2024-25,2024-10-19,Southampton,Leicester City,A,1391.129878984842,1465.8206889425555,-74.69080995771355,0.3859208640849758,0.25945259685272953,0.35462653906229474,A,0.3
2024-25,2024-10-19,Bournemouth,Arsenal,H,1472.57032271882,1665.2622907306452,-192.6919680118251,0.5328373622566124,0.21892664623523975,0.24823599150814782,A,0.3
2024-25,2024-10-19,Fulham,Aston Villa,A,1502.7677696722626,1546.2181866943026,-43.45041702204003,0.3527196295244424,0.2593055086709555,0.3879748618046021,H,0.3
2024-25,2024-10-19,Ipswich,Everton,A,1409.3476518446162,1451.6261454883515,-42.278493643735374,0.3515217095904701,0.25920382440751155,0.38927446600201837,H,0.3
2024-25,2024-10-19,Manchester United,Brentford,H,1515.4574173892631,1484.5505617129254,30.906855676337727,0.2828401521845048,0.23984142004707826,0.477318427768417,H,0.3
2024-25,2024-10-19,Tottenham,West Ham,H,1551.8227899100314,1478.1496936784595,73.67309623157189,0.24745721930987988,0.21836862898129178,0.5341741517088283,H,0.3
2024-25,2024-10-20,Liverpool,Chelsea,H,1642.997077948411,1568.9802554457938,74.01682250261729,0.24718473111482947,0.21817250083254935,0.5346427680526211,H,0.3
2024-25,2024-10-20,Wolverhampton Wanderers,Manchester City,A,1419.433887988127,1690.1386985012239,-270.70481051309685,0.6409078369967333,0.16853136804892382,0.19056079495434297,A,0.3
2024-25,2024-10-21,Nottingham Forest,Crystal Palace,H,1461.689382110611,1481.987679520537,-20.298297409926136,0.32966273351796743,0.2560285103692929,0.4143087561127396,H,0.3
2024-25,2024-10-25,Leicester City,Nottingham Forest,A,1472.241267067481,1467.7760607696505,4.465206297830491,0.3063469832012291,0.249659505043062,0.4439935117557089,H,0.3
2024-25,2024-10-26,Aston Villa,Bournemouth,D,1557.5043187075091,1486.3523525276642,71.15196617984498,0.2494613235170109,0.21979706638819757,0.5307416100947915,H,0.3
2024-25,2024-10-26,Brentford,Ipswich,H,1479.4638917549303,1398.019351272478,81.44454048245234,0.24133971251898156,0.21385646971442568,0.5448038177665928,H,0.3
2024-25,2024-10-26,Brighton and Hove Albion,Wolverhampton Wanderers,D,1514.7521333477046,1416.6048097179496,98.14732362975496,0.22849012641978295,0.20365710566630005,0.567852767913917,H,0.3
2024-25,2024-10-26,Everton,Fulham,D,1462.9544460604898,1491.481637659056,-28.527191598566333,0.33771294946553226,0.2574970880754227,0.404789962459045,H,0.3
2024-25,2024-10-26,Manchester City,Southampton,H,1692.9677767714013,1384.7093008599165,308.25847591148477,0.09646278684480726,0.1,0.8035372131551928,H,0.3
2024-25,2024-10-27,Arsenal,Liverpool,D,1651.4802609218011,1647.2373640752255,4.242896846575604,0.3065504803552288,0.24972927567276762,0.4437202439720036,H,0.3
2024-25,2024-10-27,Chelsea,Newcastle United,H,1564.7399693189793,1543.396852319152,21.343116999827316,0.2911868776149289,0.2437310574602211,0.46508206492484994,H,0.3
2024-25,2024-10-27,Crystal Palace,Tottenham,H,1475.9010008614976,1560.316124967255,-84.41512410575751,0.3967655695260419,0.25849086599967047,0.34474356447428756,A,0.3
2024-25,2024-10-27,West Ham,Manchester United,H,1469.6563586212358,1520.5440873472583,-50.88772872602249,0.3604007591050389,0.259789258239002,0.3798099826559591,H,0.3
2024-25,2024-11-02,Nottingham Forest,West Ham,H,1480.7512027455698,1476.253482176226,4.497720569343755,0.3063172288796389,0.24964928204765238,0.44403348907270873,H,0.3
2024-25,2024-11-02,Southampton,Everton,H,1383.4060646316318,1462.0510554890016,-78.64499085736975,0.39030106935574277,0.25911882785394746,0.3505801027903098,A,0.3
2024-25,2024-11-02,Newcastle United,Arsenal,H,1538.1104766207432,1649.651990683218,-111.54151406247479,0.42830923154119777,0.25334165125386837,0.3183491172049338,A,0.3
2024-25,2024-11-02,Wolverhampton Wanderers,Crystal Palace,D,1420.8663237454978,1483.0446576926588,-62.178333947161036,0.3723258384984612,0.25998795207520087,0.3676862094263379,A,0.3
2024-25,2024-11-02,Bournemouth,Manchester City,H,1489.9575720732464,1694.271012999686,-204.31344092643963,0.5487448260944829,0.2121511768705247,0.2391039970349924,A,0.3
2024-25,2024-11-02,Ipswich,Leicester City,D,1393.915466408872,1459.2661250915617,-65.35065868268975,0.3757346106586563,0.2599273179483163,0.3643380713930273,A,0.3
2024-25,2024-11-02,Liverpool,Brighton and Hove Albion,H,1649.0656343138087,1510.4906193201564,138.5750149936523,0.1989865496359556,0.17690328110544462,0.6241101692585997,H,0.3
2024-25,2024-11-03,Manchester United,Chelsea,D,1513.946963792268,1570.0263450173882,-56.07938122512019,0.3658442241169396,0.25996097436068066,0.3741948015223797,H,0.3
2024-25,2024-11-03,Tottenham,Aston Villa,H,1553.1724681360938,1553.8990991619269,-0.7266310258330577,0.31112622191934125,0.251230726396392,0.43764305168426676,H,0.3
2024-25,2024-11-04,Fulham,Brentford,H,1492.3850282305443,1483.5677766185363,8.817251612008022,0.3023835664634259,0.2482492908327309,0.44936714270384315,H,0.3
2024-25,2024-11-09,Brentford,Bournemouth,H,1478.0138173494893,1498.7927357828396,-20.778918433350327,0.3301286366140621,0.25612336837160016,0.4137479950143377,H,0.3
2024-25,2024-11-09,Brighton and Hove Albion,Manchester City,H,1507.337795644133,1685.4358492900928,-178.0980536459599,0.5131111210246717,0.22689310230531695,0.2599957766700114,A,0.3
2024-25,2024-11-09,Crystal Palace,Fulham,A,1482.9819610232582,1497.9389874995913,-14.957026476333112,0.324520197397682,0.25489927131216933,0.4205805312901486,H,0.3
2024-25,2024-11-09,Liverpool,Aston Villa,H,1652.2184579898321,1542.3823307144974,109.83612727533477,0.21973184234264195,0.19617339076529727,0.5840947668920607,H,0.3
2024-25,2024-11-09,West Ham,Everton,D,1464.9579785025817,1455.000024030126,9.95795447245564,0.3013510763495027,0.24786581603734356,0.4507831076131537,H,0.3
2024-25,2024-11-09,Wolverhampton Wanderers,Southampton,H,1420.9290204148983,1390.4570960905073,30.47192432439101,0.28321606371332353,0.24002626122138482,0.47675767506529165,H,0.3
2024-25,2024-11-10,Tottenham,Ipswich,A,1564.6892365835233,1394.0694585712909,170.61977801223247,0.1771509792054595,0.1546697437441249,0.6681792770504156,H,0.3
2024-25,2024-11-10,Nottingham Forest,Newcastle United,A,1492.0467064192142,1545.6790138146664,-53.632307395452244,0.3632700359145311,0.2598970677206438,0.3768328963648251,H,0.3
2024-25,2024-11-10,Chelsea,Arsenal,D,1570.1391847071359,1642.0834534892947,-71.94426878215882,0.38290219982288054,0.25963801545514253,0.3574597847219769,A,0.3
2024-25,2024-11-10,Manchester United,Leicester City,H,1513.8341241025203,1459.1121329291427,54.721991173377546,0.2627643535917788,0.2286414187893162,0.508594227618905,H,0.3
2024-25,2024-11-23,Everton,Brentford,D,1456.9867975932734,1484.108556092578,-27.121758499304633,0.33632692403126624,0.2572697634906633,0.40640331247807043,H,0.3
2024-25,2024-11-23,Aston Villa,Crystal Palace,D,1536.6616649055984,1470.663229179038,65.9984357265605,0.2535883222426015,0.2226601054897062,0.5237515722676923,H,0.3
2024-25,2024-11-23,Arsenal,Nottingham Forest,H,1641.7398051708772,1481.1254965570095,160.6143086138677,0.18382216061791087,0.16164168885208735,0.6545361505300018,H,0.3
2024-25,2024-11-23,Leicester City,Chelsea,A,1449.8964979182201,1570.4828330255534,-120.5863351073333,0.4392427862314237,0.2508449231780679,0.30991229059050845,A,0.3
2024-25,2024-11-23,Bournemouth,Brighton and Hove Albion,A,1492.6979970397508,1515.8495730850132,-23.151576045262345,0.3324363714543621,0.2565752011207721,0.41098842742486585,H,0.3
2024-25,2024-11-23,Manchester City,Tottenham,A,1676.9240718492126,1554.5201294484823,122.40394240073033,0.2105234026679616,0.18787325990755482,0.6016033374244837,H,0.3
2024-25,2024-11-23,Fulham,Wolverhampton Wanderers,A,1510.2577193438117,1429.0054547268987,81.25226461691295,0.24148998421576023,0.21397001873246507,0.5445399970517747,H,0.3
2024-25,2024-11-24,Southampton,Liverpool,A,1382.380661778507,1657.939123798731,-275.55846202022417,0.6475956149314996,0.1651604565829249,0.18724392848557544,A,0.3
2024-25,2024-11-24,Ipswich,Manchester United,D,1404.2385657063319,1523.0497591134429,-118.81119340711098,0.4370809419084242,0.25136465971871974,0.311554398372856,A,0.3
2024-25,2024-11-25,Newcastle United,West Ham,A,1556.600223676871,1462.9712049394343,93.62901873743681,0.23192672180921053,0.20647814399458944,0.5615951341962001,H,0.3
2024-25,2024-11-29,Brighton and Hove Albion,Southampton,D,1523.4336305061036,1379.6174785578378,143.81615194826577,0.1953219603331725,0.17329711870278805,0.6313809209640394,H,0.3
2024-25,2024-11-30,Crystal Palace,Newcastle United,D,1474.1387133518306,1541.6847037142115,-67.54599036238096,0.3781086448217372,0.2598554609688207,0.3620358942094421,A,0.3
2024-25,2024-11-30,West Ham,Arsenal,A,1477.8867249020939,1647.405475367597,-169.51875046550322,0.5016705462468014,0.23126153155491289,0.2670679221982857,A,0.3
2024-25,2024-11-30,Brentford,Leicester City,H,1485.052053273683,1444.4596463060593,40.592406967623674,0.27455694670317987,0.23553626873119568,0.4899067845656244,H,0.3
2024-25,2024-11-30,Wolverhampton Wanderers,Bournemouth,A,1447.5290589578156,1485.1139396186604,-37.584880660844874,0.3467574848049936,0.25872740421790136,0.3945151109771051,H,0.3
2024-25,2024-11-30,Nottingham Forest,Ipswich,H,1475.4598263602895,1405.9153038561553,69.54452250413419,0.250744184936451,0.22069839223020732,0.5285574228333417,H,0.3
2024-25,2024-12-01,Manchester United,Everton,H,1521.3730209636194,1456.0433004121685,65.32972055145092,0.25412685497691967,0.22302585287140456,0.5228472921516758,H,0.3
2024-25,2024-12-01,Tottenham,Fulham,D,1577.1080145778315,1491.7341151128949,85.37389946493658,0.23828063573771652,0.2115156741463107,0.5502036901159728,H,0.3
2024-25,2024-12-01,Chelsea,Aston Villa,H,1575.9196846377142,1533.1861807328057,42.7335039049085,0.2727481667440244,0.23453704199843098,0.49271479125754464,H,0.3
2024-25,2024-12-01,Liverpool,Manchester City,H,1660.7023070194002,1654.3361867198635,6.36612029953676,0.30461106911462926,0.24905389218965532,0.4463350386957154,H,0.3
2024-25,2024-12-03,Ipswich,Crystal Palace,A,1401.5915125056226,1474.3558702686853,-72.76435776306266,0.3838015026735584,0.2595866424540367,0.3566118548724049,A,0.3
2024-25,2024-12-03,Leicester City,West Ham,H,1434.6823039144917,1468.943562919889,-34.26125900539728,0.3434160112974138,0.25832334425537606,0.39826064444721015,H,0.3
2024-25,2024-12-04,Aston Villa,Brentford,H,1523.4951912312217,1494.8293956652506,28.665795565971166,0.2847808047530937,0.24078585401972005,0.4744333412271862,H,0.3
2024-25,2024-12-04,Everton,Wolverhampton Wanderers,H,1445.8188617365638,1436.031561882253,9.787299854310731,0.3015053753713306,0.2479235488034477,0.4505710758252217,H,0.3
2024-25,2024-12-04,Arsenal,Manchester United,H,1656.348637349802,1531.597459639224,124.75117771057785,0.2088271793798425,0.18629875143674285,0.6048740691834146,H,0.3
2024-25,2024-12-04,Newcastle United,Liverpool,D,1541.4675467973568,1669.5893331921461,-128.1217863947893,0.44850537581655214,0.24848028058788538,0.3030143435955624,A,0.3
2024-25,2024-12-04,Southampton,Chelsea,A,1384.8921542665596,1585.6106741392982,-200.71851987273863,0.5438078577142991,0.21428472825150047,0.24190741403420055,A,0.3
2024-25,2024-12-04,Manchester City,Nottingham Forest,H,1645.4491605471176,1479.7836177108222,165.66554283629534,0.18043751014361237,0.15812214293784904,0.6614403469185386,H,0.3
2024-25,2024-12-05,Fulham,Brighton and Hove Albion,H,1495.690098055746,1518.1589547973817,-22.46885674163582,0.33177101171383316,0.25644799650466743,0.4117809917814994,H,0.3
2024-25,2024-12-05,Bournemouth,Tottenham,H,1496.611436694223,1573.1520316349804,-76.5405949407575,0.38796490825974006,0.2593062618121115,0.3527288299281483,A,0.3
2024-25,2024-12-07,Manchester United,Nottingham Forest,A,1526.2611294650694,1474.2573422639628,52.00378720110666,0.2650069770027839,0.2300216296304459,0.5049713933667701,H,0.3
2024-25,2024-12-07,Crystal Palace,Manchester City,D,1480.8190354988867,1650.975435993977,-170.15640049509034,0.5025164898842052,0.23094539861470614,0.26653811150108875,A,0.3
2024-25,2024-12-07,Aston Villa,Southampton,H,1531.6309601125377,1375.810402111496,155.82055800104172,0.18706570837599132,0.16497819893446874,0.6479560926895399,H,0.3
2024-25,2024-12-07,Brentford,Newcastle United,H,1486.6936267839346,1543.4035044104824,-56.70987762654772,0.3665099150700535,0.25997251634176,0.3735175685881865,H,0.3
2024-25,2024-12-08,Fulham,Arsenal,D,1505.3949415045295,1661.6849675239566,-156.29002601942716,0.4842914846799882,0.23749272959929957,0.2782157857207122,A,0.3
2024-25,2024-12-08,Ipswich,Bournemouth,A,1395.1283472754212,1503.628518029384,-108.50017075396272,0.4246788404871807,0.2540955247116768,0.3212256348011426,A,0.3
2024-25,2024-12-08,Leicester City,Brighton and Hove Albion,D,1444.7000288737165,1508.4541113485982,-63.75408247488167,0.37401582180143206,0.2599642191111221,0.3660199590874458,A,0.3
2024-25,2024-12-08,Tottenham,Chelsea,A,1566.1349502998194,1594.692426294362,-28.55747599454253,0.33774286651053853,0.25750187935835706,0.40475525413110447,H,0.3
2024-25,2024-12-09,West Ham,Wolverhampton Wanderers,H,1458.9258379606642,1423.184331869187,35.74150609147728,0.2786846093530852,0.23773715070584872,0.483578239941066,H,0.3
2024-25,2024-12-14,Nottingham Forest,Aston Villa,H,1483.1390662275353,1534.5311891651656,-51.39212293763035,0.36092665767731485,0.25981193482305626,0.37926140749962883,H,0.3
2024-25,2024-12-14,Wolverhampton Wanderers,Ipswich,A,1418.197040067015,1389.4388327606237,28.75820730639134,0.28470059842442735,0.24074730300922167,0.474552098566351,H,0.3
2024-25,2024-12-14,Arsenal,Everton,D,1658.982361175679,1458.66609174963,200.31626942604908,0.1581478086226437,0.13414460347471294,0.7077075879026434,H,0.3
2024-25,2024-12-14,Newcastle United,Leicester City,H,1532.7948750122384,1444.8080758482072,87.98679916403125,0.2362588979927735,0.20993827059962047,0.5538028314076061,H,0.3
2024-25,2024-12-14,Liverpool,Fulham,D,1667.6533755790206,1508.097547852807,159.55582772621347,0.18453572041478863,0.1623788210718419,0.6530854585133695,H,0.3
2024-25,2024-12-15,Chelsea,Brentford,H,1602.1526428524317,1497.3022561821786,104.8503866702531,0.22344448834708242,0.19939632441387348,0.5771591872390441,H,0.3
2024-25,2024-12-15,Manchester City,Manchester United,A,1647.9070143505976,1517.3794055014969,130.52760884910072,0.204684228016054,0.1823963244844343,0.6129194474995117,H,0.3
2024-25,2024-12-15,Southampton,Tottenham,A,1372.910173058868,1558.6747337417496,-185.76456068288167,0.5234352376452808,0.2227881742195134,0.2537765881352057,A,0.3
2024-25,2024-12-15,Brighton and Hove Albion,Crystal Palace,A,1508.3460643741075,1483.8874571422662,24.45860723184137,0.2884490806866264,0.24250465949704467,0.4690462598163289,H,0.3
2024-25,2024-12-16,Bournemouth,West Ham,D,1509.3180325441815,1463.9131297628362,45.4049027813453,0.27050247124109356,0.23326698298937515,0.49623054576953124,H,0.3
2024-25,2024-12-21,Aston Villa,Manchester City,H,1527.925716847897,1638.0966654850715,-110.17094863717443,0.42667032232693136,0.2536867761044614,0.3196429015686072,A,0.3
2024-25,2024-12-21,Brentford,Nottingham Forest,A,1493.6091868172982,1489.7445385448038,3.864648272494378,0.3068969546331174,0.24984747752152825,0.44325556784535436,H,0.3
2024-25,2024-12-21,Crystal Palace,Arsenal,A,1497.3432257987179,1652.6353454790003,-155.29211968028244,0.4829943544887249,0.23793654324829927,0.2790691022629758,A,0.3
2024-25,2024-12-21,Ipswich,Newcastle United,A,1397.9917198170583,1542.050388933994,-144.0586691169358,0.46853617006449466,0.24266432102634589,0.28879950890915934,A,0.3
2024-25,2024-12-21,West Ham,Brighton and Hove Albion,D,1466.8571542083794,1494.8902957176558,-28.033141509276447,0.3372251954743155,0.25741828597757754,0.40535651854810695,H,0.3
2024-25,2024-12-22,Manchester United,Bournemouth,A,1527.189754367023,1506.3740080986383,20.8157462683846,0.291652137212102,0.24393469084986957,0.4644131719380284,H,0.3
2024-25,2024-12-22,Leicester City,Wolverhampton Wanderers,A,1435.5525619264515,1409.6441530105803,25.908408915871178,0.2871812689114769,0.2419204204574149,0.4708983106311082,H,0.3
2024-25,2024-12-22,Fulham,Southampton,D,1513.6913622152633,1362.1202845796854,151.57107763557792,0.18996651797006828,0.16793039717991576,0.642103084850016,H,0.3
2024-25,2024-12-22,Everton,Chelsea,D,1465.0131074463086,1605.845712217312,-140.8326047710034,0.4644345448342211,0.24392819915485198,0.29163725601092694,A,0.3
2024-25,2024-12-22,Tottenham,Liverpool,A,1569.4646222209321,1662.0595612165644,-92.59493899563222,0.4060776873766832,0.25731636950647213,0.3366059431168446,A,0.3
2024-25,2024-12-26,Bournemouth,Crystal Palace,D,1523.2450079833025,1486.3328347481984,36.91217323510409,0.27768467933104807,0.23721411701992268,0.48510120364902926,H,0.3
2024-25,2024-12-26,Chelsea,Fulham,A,1603.5602508546458,1508.2574830620345,95.30276779261135,0.230650317696274,0.20543814950869943,0.5639115327950266,H,0.3
2024-25,2024-12-26,Liverpool,Leicester City,H,1674.1182123745357,1418.5304603686443,255.5877520058914,0.1258506276929027,0.1,0.7741493723070973,H,0.3
2024-25,2024-12-26,Manchester City,Everton,D,1630.549127308893,1467.2985688089748,163.25055849991827,0.18205145799351957,0.15980510077919463,0.6581434412272859,H,0.3
2024-25,2024-12-26,Newcastle United,Aston Villa,H,1553.5707597831522,1535.4732550240756,18.097504759076628,0.29405868940626856,0.2449658794427749,0.4609754311509565,H,0.3
2024-25,2024-12-26,Nottingham Forest,Tottenham,H,1502.7048917120435,1557.4059710629608,-54.701079350917325,0.3643924734165408,0.2599287165547091,0.37567881002875014,H,0.3
2024-25,2024-12-26,Southampton,West Ham,A,1367.5541637329143,1465.9396616040337,-98.38549787111947,0.41277449852961307,0.2562856148455782,0.3309398866248087,A,0.3
2024-25,2024-12-26,Wolverhampton Wanderers,Manchester United,H,1426.6662545683876,1510.3187544823588,-83.65249991397127,0.39590622056872715,0.25858341808652646,0.3455103613447464,A,0.3
2024-25,2024-12-27,Arsenal,Ipswich,H,1663.6457365295198,1386.4713489679002,277.1743875616196,0.11299097216794156,0.1,0.7870090278320585,H,0.3
2024-25,2024-12-27,Brighton and Hove Albion,Brentford,D,1495.8077883220014,1480.6488336500586,15.158954671942865,0.29667636558393684,0.24604560375979426,0.45727803065626893,H,0.3
2024-25,2024-12-29,Leicester City,Manchester City,A,1415.7777878502618,1624.8826803490829,-209.10489249882107,0.5553448617448833,0.209258353429716,0.23539678482540075,A,0.3
2024-25,2024-12-29,Fulham,Bournemouth,D,1517.6876943727493,1520.5258107754617,-2.8381164027123305,0.31308605661538486,0.25183462888101277,0.43507931450360243,H,0.3
2024-25,2024-12-29,Everton,Nottingham Forest,A,1472.965015768785,1509.365057039048,-36.400041270263046,0.34556324139160016,0.25858968754814354,0.39584707106025635,H,0.3
2024-25,2024-12-29,Tottenham,Wolverhampton Wanderers,D,1550.7458057359563,1437.9693434083233,112.776462327633,0.2175582697066304,0.1942529285353935,0.588188801757976,H,0.3
2024-25,2024-12-29,West Ham,Liverpool,A,1471.8443664910742,1676.8708848929182,-205.026518401844,0.5497256790806975,0.2117241519949492,0.2385501689243534,A,0.3
2024-25,2024-12-29,Crystal Palace,Southampton,H,1489.0520319560392,1361.6494588458738,127.40257311016535,0.20692002449992014,0.18451219748785305,0.6085677780122267,H,0.3
2024-25,2024-12-30,Manchester United,Newcastle United,A,1499.015665642423,1564.2808946340026,-65.26522899157953,0.3756424765039471,0.25992962002105974,0.3644279034749932,A,0.3
2024-25,2024-12-30,Aston Villa,Brighton and Hove Albion,D,1524.7631201732252,1493.6776639288921,31.085456244333045,0.28268588742100836,0.23976530137860141,0.4775488112003902,H,0.3
2024-25,2024-12-30,Ipswich,Chelsea,H,1384.925657561537,1594.130039543931,-209.2043819823939,0.5554821272175713,0.20919771278009136,0.23532016000233735,A,0.3
2024-25,2025-01-01,Brentford,Arsenal,A,1482.778958043168,1665.191427935883,-182.41246989271508,0.5189100966824084,0.2246055086869711,0.2564843946306205,A,0.3
2024-25,2025-01-04,Southampton,Brentford,A,1358.3244586210362,1476.067476340698,-117.7430177196618,0.43578381907351704,0.2516704607598299,0.31254572016665305,A,0.3
2024-25,2025-01-04,Crystal Palace,Chelsea,D,1492.3770321808768,1580.0363189357065,-87.65928675482974,0.4004380538151665,0.2580647635477423,0.34149718263709117,A,0.3
2024-25,2025-01-04,Manchester City,West Ham,H,1630.855884159468,1461.9243127829045,168.9315713765634,0.17826720575383678,0.15584602527724725,0.665886768968916,H,0.3
2024-25,2025-01-04,Aston Villa,Leicester City,H,1522.199925884241,1409.8045840398768,112.39534184436434,0.21783933924630627,0.1945026432979658,0.587658017455728,H,0.3
2024-25,2025-01-04,Tottenham,Newcastle United,A,1546.1459685764162,1574.7888125162983,-28.64284393988214,0.33782721050473286,0.25751536104023665,0.4046574284550305,H,0.3
2024-25,2025-01-04,Brighton and Hove Albion,Arsenal,D,1496.2408582178762,1671.9029096383529,-175.6620514204767,0.5098500579756836,0.2281583557059613,0.26199158631835495,A,0.3
2024-25,2025-01-04,Bournemouth,Everton,H,1522.1563761905084,1461.4247329862158,60.731643204292595,0.2578488398220192,0.22550371080357862,0.5166474493744021,H,0.3
2024-25,2025-01-05,Fulham,Ipswich,D,1516.0571289577026,1399.0193781697615,117.03775078794115,0.2144290730691205,0.1914456288436659,0.5941252980872136,H,0.3
2024-25,2025-01-05,Liverpool,Manchester United,D,1686.7909386010879,1488.5077477601274,198.28319084096051,0.1594102161225187,0.1355329479405141,0.7050568359369672,H,0.3
2024-25,2025-01-06,Wolverhampton Wanderers,Nottingham Forest,A,1442.5691805678634,1520.9053398216172,-78.33615925375375,0.38995750691036996,0.25914772968667155,0.3508947634029585,A,0.3
2024-25,2025-01-14,Brentford,Manchester City,D,1490.2739984310294,1636.2934609695308,-146.01946253850133,0.47104036560653734,0.24187531686848296,0.28708431752497965,A,0.3
2024-25,2025-01-14,Chelsea,Bournemouth,D,1579.2418982331676,1526.647706178152,52.59419205501558,0.2645188358639011,0.22972395397616663,0.5057572101599322,H,0.3
2024-25,2025-01-14,Nottingham Forest,Liverpool,D,1533.585817131924,1680.4789962486927,-146.8931791167688,0.47215892120787817,0.2415187273395544,0.28632235145256746,A,0.3
2024-25,2025-01-14,West Ham,Fulham,H,1456.4867359728416,1511.3611401836258,-54.87440421078418,0.3645747718137409,0.25993330298623,0.375491925200029,H,0.3
2024-25,2025-01-15,Newcastle United,Wolverhampton Wanderers,H,1582.2470757349784,1429.8887032575567,152.35837247742165,0.18942728085735486,0.16738394421626238,0.6431887749263828,H,0.3
2024-25,2025-01-15,Leicester City,Crystal Palace,A,1406.237706138819,1493.1714528834157,-86.93374674459665,0.39961435197730844,0.25816460510452893,0.3422210429181625,A,0.3
2024-25,2025-01-15,Everton,Aston Villa,A,1456.933402998572,1525.7668037852989,-68.83340078672677,0.3795066044757401,0.2598019550346117,0.3606914404896483,A,0.3
2024-25,2025-01-15,Arsenal,Tottenham,H,1668.6916489673374,1538.6877053577361,130.00394360960127,0.20505797464660638,0.18275161464815842,0.6121904107052352,H,0.3
2024-25,2025-01-16,Ipswich,Brighton and Hove Albion,A,1403.7153669438383,1499.4521188888916,-95.73675194505336,0.40970046726310316,0.25677746132829943,0.33352207140859746,A,0.3
2024-25,2025-01-16,Manchester United,Southampton,H,1494.8196901125225,1344.1179365307048,150.70175358181768,0.19056289383373926,0.1685334882179874,0.6409036179482733,H,0.3
2024-25,2025-01-18,Arsenal,Aston Villa,D,1671.9759584465453,1532.3171376033247,139.6588208432206,0.19822576886662482,0.17615921650762226,0.625615014625753,H,0.3
2024-25,2025-01-18,Brentford,Liverpool,A,1492.7004600959062,1678.028882100146,-185.32842200423966,0.5228455368027477,0.2230265617885881,0.25412790140866437,A,0.3
2024-25,2025-01-18,Leicester City,Fulham,A,1396.4868509754097,1504.6981138154192,-108.21126284000957,0.42433519386340657,0.25416486626574664,0.3214999398708468,A,0.3
2024-25,2025-01-18,Newcastle United,Bournemouth,A,1588.146401672035,1529.7795493081742,58.366852363860744,0.25977613830443547,0.22675230950557093,0.5134715521899936,H,0.3
2024-25,2025-01-18,West Ham,Crystal Palace,A,1463.1497623410482,1502.922308046825,-39.77254570577679,0.34897141216344774,0.25896321548350176,0.3920653723530505,H,0.3
2024-25,2025-01-19,Manchester United,Brighton and Hove Albion,A,1499.5326438289687,1508.9010079551197,-9.368364126150936,0.3192075657992697,0.2535717550757017,0.4272206791250286,H,0.3
2024-25,2025-01-19,Nottingham Forest,Southampton,H,1536.0359312804708,1339.4049828142586,196.6309484662122,0.16044037490460017,0.13666367779911703,0.7028959472962828,H,0.3
2024-25,2025-01-19,Everton,Tottenham,H,1450.3830691805463,1535.4033958785283,-85.020326697982,0.39744860460442133,0.25841535311164504,0.3441360422839336,A,0.3
2024-25,2025-01-19,Ipswich,Manchester City,A,1394.2664778776102,1633.866999304654,-239.60052142704376,0.5976965588925792,0.18974446377705087,0.21255897733036988,A,0.3
2024-25,2025-01-20,Chelsea,Wolverhampton Wanderers,H,1576.1100551031454,1423.9893773205001,152.12067778264532,0.1895899970136705,0.16754895167148065,0.6428610513148488,H,0.3
2024-25,2025-01-25,Liverpool,Ipswich,H,1684.6570747681042,1385.0595617482204,299.59751301988376,0.10084146771158742,0.1,0.7991585322884126,H,0.3
2024-25,2025-01-25,Bournemouth,Nottingham Forest,H,1547.714962997165,1538.4008195636316,9.314143433533445,0.3019334903848859,0.24808295080642948,0.44998355880868457,H,0.3
2024-25,2025-01-25,Brighton and Hove Albion,Everton,A,1521.4235702046803,1457.536400100172,63.887170104508414,0.25529096057303013,0.22381023253076804,0.5208988068962018,H,0.3
2024-25,2025-01-25,Southampton,Newcastle United,A,1337.0400945310978,1570.210987983044,-233.1708934519463,0.5887381575860269,0.19399425054084496,0.21726759187312814,A,0.3
2024-25,2025-01-25,Wolverhampton Wanderers,Arsenal,A,1419.3088558222246,1666.7881933550022,-247.47933753277766,0.608674701325354,0.1844603510917805,0.2068649475828655,A,0.3
2024-25,2025-01-25,Manchester City,Chelsea,H,1643.0739154340438,1580.790576601421,62.2833388326228,0.2565890604223911,0.22467482647589757,0.5187361131017114,H,0.3
2024-25,2025-01-26,Tottenham,Leicester City,A,1528.2500649589026,1387.4595144699879,140.79055048891473,0.1974330101598203,0.17538129634247682,0.6271856934977029,H,0.3
2024-25,2025-01-26,Fulham,Manchester United,A,1513.725450320841,1487.010081579408,26.71536874143294,0.28647730440805685,0.24159154630771182,0.4719311492842313,H,0.3
2024-25,2025-01-26,Aston Villa,West Ham,D,1537.5049026948677,1451.731186725932,85.77371596893568,0.23797063514108321,0.21127536531565055,0.5507539995432663,H,0.3
2024-25,2025-01-26,Crystal Palace,Brentford,A,1514.3408836619412,1486.072267427948,28.26861623399327,0.2851257051401087,0.24095115635590758,0.4739231385039837,H,0.3
2024-25,2025-02-01,Bournemouth,Liverpool,A,1562.043975687012,1687.3913025887425,-125.34732690173041,0.4450790138618128,0.24938047566304403,0.3055405104751432,A,0.3
2024-25,2025-02-01,Everton,Leicester City,H,1466.5772406300594,1397.3691696787691,69.20807095129021,0.2510132009235326,0.22088610381960197,0.5281006952568654,H,0.3
2024-25,2025-02-01,Ipswich,Southampton,A,1382.325333927582,1331.6848250778269,50.64050884975518,0.26613632857179637,0.23070445341598006,0.5031592180122235,H,0.3
2024-25,2025-02-01,Newcastle United,Fulham,A,1575.566257436315,1505.2025205660434,70.36373687027162,0.2500898948804548,0.22023997026710945,0.5296701348524357,H,0.3
2024-25,2025-02-01,Nottingham Forest,Brighton and Hove Albion,H,1524.0718068737845,1512.382729674793,11.689077198991527,0.2997891609862139,0.24727298335854125,0.4529378556552449,H,0.3
2024-25,2025-02-01,Wolverhampton Wanderers,Aston Villa,H,1416.1480273328673,1533.539217452548,-117.39119011968069,0.4353572010614394,0.25177003625448463,0.3128727626840761,A,0.3
2024-25,2025-02-02,Brentford,Tottenham,A,1494.6179898841576,1518.3404097501214,-23.72241986596373,0.33299352297049956,0.25667981574307913,0.41032666128642126,H,0.3
2024-25,2025-02-02,Manchester United,Crystal Palace,A,1495.5330113342056,1505.7951612057316,-10.262149871525935,0.32005258977869666,0.2537939971554346,0.42615341306586874,H,0.3
2024-25,2025-02-02,Arsenal,Manchester City,H,1669.9490218443595,1650.1452988136996,19.803723030659967,0.2925464578600074,0.24432222236743356,0.4631313197725591,H,0.3
2024-25,2025-02-03,Chelsea,West Ham,H,1573.7191932217652,1455.6968719682518,118.02232125351338,0.21370956776905162,0.19079317013150088,0.5954972620994475,H,0.3
2024-25,2025-02-12,Everton,Liverpool,D,1476.6314562752711,1695.8530146242078,-219.2215583489367,0.5693425227345109,0.20298018094963322,0.22767729631585581,A,0.3
2024-25,2025-02-14,Brighton and Hove Albion,Chelsea,H,1495.9066553680068,1577.19395431565,-81.2872989476432,0.39325063240851604,0.2588519681792152,0.34789739941226877,A,0.3
2024-25,2025-02-15,Aston Villa,Ipswich,D,1521.4022995643475,1373.4622630714878,147.9400364928597,0.1924641412144147,0.17044713630483488,0.6370887224807504,H,0.3
2024-25,2025-02-15,Crystal Palace,Everton,A,1518.285107620656,1480.9182408476515,37.3668667730044,0.2772969564298309,0.23700956772240575,0.48569347584776335,H,0.3
2024-25,2025-02-15,Fulham,Nottingham Forest,H,1514.3274016339117,1540.5478811805706,-26.220479546658908,0.3354405157277855,0.25711886970456643,0.4074406145676481,H,0.3
2024-25,2025-02-15,Leicester City,Arsenal,A,1387.3149540335573,1682.2991231930282,-294.98416915947087,0.6740863211817523,0.1516306529527443,0.17428302586550343,A,0.3
2024-25,2025-02-15,Manchester City,Newcastle United,H,1637.795197465031,1566.4413763684468,71.35382109658417,0.24930050774411328,0.2196833592343071,0.5310161330215797,H,0.3
2024-25,2025-02-15,Southampton,Bournemouth,A,1340.5478959339212,1553.5822636515468,-213.03436771762563,0.5607726642349933,0.20684617549104192,0.23238116027396485,A,0.3
2024-25,2025-02-15,West Ham,Brentford,A,1452.222110874367,1482.6182905357236,-30.396179661356655,0.3395633000904974,0.25778429574953116,0.4026524041599715,H,0.3
2024-25,2025-02-16,Liverpool,Wolverhampton Wanderers,H,1691.5662300518275,1428.2849452210678,263.28128483075966,0.12113242510050719,0.1,0.7788675748994929,H,0.3
2024-25,2025-02-16,Tottenham,Manchester United,H,1530.3401090985553,1483.0430649192813,47.29704417927405,0.2689192198494116,0.23235197434807406,0.49872880580251433,H,0.3
2024-25,2025-02-19,Aston Villa,Liverpool,D,1516.0424894699577,1693.23264070307,-177.19015123311237,0.5118945820462512,0.2273669226859223,0.26073849526782655,A,0.3
2024-25,2025-02-21,Leicester City,Brentford,A,1383.3348038671465,1490.0364520061632,-106.7016481390167,0.42254300160047253,0.254520752218456,0.32293624618107136,A,0.3
2024-25,2025-02-22,Aston Villa,Chelsea,H,1519.293140964863,1563.0068872841507,-43.71374631928779,0.35298926273267744,0.25932740530646053,0.3876833319608621,H,0.3
2024-25,2025-02-22,Arsenal,West Ham,A,1686.279273359439,1444.8039494039274,241.4753239555116,0.1338509743483267,0.10703005137931425,0.7591189742723591,H,0.3
2024-25,2025-02-22,Southampton,Brighton and Hove Albion,A,1334.6787201802035,1510.093722399506,-175.41500221930255,0.5095198808395407,0.2282855881181373,0.26219453104232204,A,0.3
2024-25,2025-02-22,Bournemouth,Wolverhampton Wanderers,A,1559.4514394052644,1426.6185345698252,132.8329048354392,0.2030432494219752,0.18082893306531098,0.6161278175127137,H,0.3
2024-25,2025-02-22,Ipswich,Tottenham,A,1378.8220731658776,1535.0943081641988,-156.2722349983212,0.484268341317161,0.23750067525383772,0.2782309834290012,A,0.3
2024-25,2025-02-22,Fulham,Crystal Palace,A,1520.5133480526358,1509.607817602663,10.90553044997273,0.30049537844772234,0.24754293233207111,0.4519616892202065,H,0.3
2024-25,2025-02-22,Everton,Manchester United,D,1489.5955308656444,1478.2888658536378,11.306665012006533,0.3001336793945256,0.2474050665359825,0.4524612540694919,H,0.3
2024-25,2025-02-23,Manchester City,Liverpool,A,1647.7560017393084,1689.9819892081648,-42.225987468856374,0.35146811725553717,0.2591991068043465,0.3893327759401164,H,0.3
2024-25,2025-02-23,Newcastle United,Nottingham Forest,H,1556.4805720941692,1534.3619347618464,22.118637332322805,0.2905036562356305,0.24342951292195278,0.4660668308424167,H,0.3
2024-25,2025-02-25,Wolverhampton Wanderers,Fulham,A,1436.4516404964136,1507.3808652613093,-70.92922476489571,0.38179151269091843,0.2596968909996523,0.35851159630942925,A,0.3
2024-25,2025-02-25,Crystal Palace,Aston Villa,H,1522.7403003939896,1525.771215016856,-3.030914622866476,0.31326547801847227,0.2518887502382153,0.4348457717433125,H,0.3
2024-25,2025-02-25,Brighton and Hove Albion,Bournemouth,H,1520.2224391652778,1549.618333478676,-29.39589431339823,0.3385719686904935,0.25763272815126714,0.40379530315823936,H,0.3
2024-25,2025-02-25,Chelsea,Southampton,H,1556.5288132321575,1324.5500034144318,231.97880981772573,0.1392403769509834,0.11308573262999577,0.7476738904190208,H,0.3
2024-25,2025-02-26,Brentford,Everton,D,1503.3353823849243,1487.5714995055894,15.763882879334915,0.296136116314984,0.24582633292921754,0.4580375507557985,H,0.3
2024-25,2025-02-26,Liverpool,Newcastle United,H,1701.312179821937,1561.7506022752004,139.56157754673654,0.19829396548105263,0.17622601399652507,0.6254800205224224,H,0.3
2024-25,2025-02-26,Manchester United,Ipswich,H,1480.3128972136928,1369.3760567761562,110.9368404375366,0.21891678524536787,0.1954561181234804,0.5856270966311518,H,0.3
2024-25,2025-02-26,Nottingham Forest,Arsenal,D,1529.0919045808153,1675.6599021692605,-146.56799758844522,0.4717424214014311,0.24165180300011113,0.28660577559845773,A,0.3
2024-25,2025-02-26,Tottenham,Manchester City,A,1544.54032455392,1636.4258111255363,-91.88548657161618,0.4052631611461347,0.2574313477425903,0.3373054911112751,A,0.3
2024-25,2025-02-27,West Ham,Leicester City,H,1455.423320594106,1370.0358734883855,85.38744710572041,0.23827012767252576,0.2115075377032368,0.5502223346242374,H,0.3
2024-25,2025-03-08,Liverpool,Southampton,H,1706.2857021653338,1319.9785882299195,386.30711393541424,0.06403539664750639,0.1,0.8359646033524937,H,0.3
2024-25,2025-03-08,Nottingham Forest,Manchester City,H,1531.5332190922152,1642.4704731474317,-110.9372540552165,0.4275860792585446,0.25349489956918786,0.3189190211722675,A,0.3
2024-25,2025-03-08,Wolverhampton Wanderers,Everton,D,1429.9478255949025,1489.7182389306033,-59.77041333570082,0.3697555695991606,0.2599998661659576,0.3702445642348818,H,0.3
2024-25,2025-03-08,Brighton and Hove Albion,Fulham,H,1526.461556053807,1513.8846801628204,12.576875890986685,0.29899045749750597,0.24696389440188482,0.4540456481006092,H,0.3
2024-25,2025-03-08,Crystal Palace,Ipswich,H,1534.3343163633033,1365.785023852886,168.54929251041722,0.17852049552242602,0.15611241649691474,0.6653670879806592,H,0.3
2024-25,2025-03-08,Brentford,Aston Villa,A,1501.1886429599103,1514.1771990475424,-12.988556087632105,0.32264108356394594,0.25444860203590125,0.4229103144001528,H,0.3
2024-25,2025-03-09,Chelsea,Leicester City,H,1561.1002284166698,1363.6442770954786,197.45595132119115,0.15992551981872097,0.13609881098611226,0.7039756691951667,H,0.3
2024-25,2025-03-09,Manchester United,Arsenal,D,1483.903930136963,1673.2185876578606,-189.31465752089753,0.5282453681069187,0.22082667306799175,0.25092795882508956,A,0.3
2024-25,2025-03-09,Tottenham,Bournemouth,D,1538.4956625320247,1543.3792165901468,-4.883554058122172,0.31499361194658687,0.25240006660605024,0.43260632144736294,H,0.3
2024-25,2025-03-10,West Ham,Newcastle United,A,1461.8149169870128,1556.7770799318037,-94.96216294479086,0.4088049302818781,0.25691482033806656,0.3342802493800554,A,0.3
2024-25,2025-03-15,Southampton,Wolverhampton Wanderers,A,1318.6487628134853,1429.9412175604798,-111.29245474699451,0.428011056653601,0.253405023681003,0.31858391966539595,A,0.3
2024-25,2025-03-15,Bournemouth,Brentford,A,1544.9524204421969,1493.3711111354974,51.581309306699495,0.2653566316540788,0.23023391295746648,0.5044094553884547,H,0.3
2024-25,2025-03-15,Ipswich,Nottingham Forest,A,1363.0610734432805,1539.092504833705,-176.0314313904246,0.5103439174265144,0.2279677472740582,0.26168833529942737,A,0.3
2024-25,2025-03-15,Everton,West Ham,D,1489.724846965026,1455.8366579967635,33.88818896826251,0.280272624530272,0.238554483000754,0.481172892468974,H,0.3
2024-25,2025-03-15,Manchester City,Brighton and Hove Albion,D,1634.9111874059417,1531.9345037333733,102.97668367256847,0.224848603445347,0.20059600594689986,0.5745553906077532,H,0.3
2024-25,2025-03-16,Leicester City,Manchester United,A,1361.2893297549485,1487.4630536297263,-126.1737238747778,0.4460976501535169,0.24911592063637578,0.30478642921010735,A,0.3
2024-25,2025-03-16,Arsenal,Chelsea,H,1669.6594641650972,1563.4551757571999,106.20428840789737,0.22243292065522507,0.1985254532044225,0.5790416261403525,H,0.3
2024-25,2025-03-16,Fulham,Tottenham,H,1508.4117324832541,1536.9224586799746,-28.510726196720498,0.33769668469127023,0.2574944811921613,0.40480883411656843,H,0.3
2024-25,2025-04-01,Arsenal,Fulham,H,1673.3296638360384,1518.277014647136,155.05264918890248,0.1875881291831777,0.1655121329257489,0.6468997378910734,H,0.3
2024-25,2025-04-01,Nottingham Forest,Manchester United,H,1545.9884510900333,1498.10665785139,47.88179323864324,0.26843115640565823,0.2320666435157054,0.4995022000786364,H,0.3
2024-25,2025-04-01,Wolverhampton Wanderers,West Ham,H,1435.5719128269138,1458.4750643364637,-22.903151509549843,0.33219413972960826,0.2565291775121844,0.41127668275820733,H,0.3
2024-25,2025-04-02,Brighton and Hove Albion,Aston Villa,A,1536.309097677911,1521.9947308719554,14.314366805955615,0.29743185031225516,0.24634912697382705,0.4562190227139178,H,0.3
2024-25,2025-04-02,Liverpool,Everton,H,1707.615527581768,1487.0864406253258,220.52908695644214,0.1459125738666061,0.12056155507530818,0.7335258710580856,H,0.3
2024-25,2025-04-02,Bournemouth,Ipswich,A,1536.0764683825955,1356.1651271869523,179.91134119564322,0.17107611552033927,0.14820510254528207,0.6807187819343786,H,0.3
2024-25,2025-04-02,Newcastle United,Brentford,H,1562.755338922053,1502.2470631950987,60.50827572695425,0.25803050118079845,0.22562240708741238,0.516347091731789,H,0.3
2024-25,2025-04-02,Southampton,Crystal Palace,D,1313.0180675470513,1537.0582667729088,-224.04019922585758,0.576033104956137,0.1999158648100168,0.22405103023384612,A,0.3
2024-25,2025-04-02,Manchester City,Leicester City,H,1630.536593461404,1350.6457255332848,279.8908679281192,0.11145494520017328,0.1,0.7885450547998267,H,0.3
2024-25,2025-04-03,Chelsea,Tottenham,H,1559.7849760862587,1527.0571765160928,32.72779957016587,0.28127004272507805,0.2390594924612224,0.47967046481369957,H,0.3
2024-25,2025-04-05,West Ham,Bournemouth,D,1452.3447092122676,1525.8352869939176,-73.49057778165002,0.3845993186311671,0.25953831197217453,0.3558623693966584,A,0.3
2024-25,2025-04-05,Ipswich,Wolverhampton Wanderers,A,1366.4063085756302,1441.70226795111,-75.2959593754797,0.38658859062982975,0.2594066228959166,0.35400478647425365,A,0.3
2024-25,2025-04-05,Aston Villa,Nottingham Forest,H,1538.6699687755065,1550.7310244538367,-12.061055678330149,0.3217586623719128,0.25422986404002934,0.42401147358805785,H,0.3
2024-25,2025-04-05,Crystal Palace,Brighton and Hove Albion,H,1532.6589535102016,1519.63385977436,13.025093735841665,0.29858781486139674,0.24680654991997905,0.4546056352186242,H,0.3
2024-25,2025-04-05,Everton,Arsenal,D,1484.9959168886485,1676.2408021655792,-191.24488527693075,0.530867973499324,0.21974473842467976,0.24938728807599628,A,0.3
2024-25,2025-04-06,Brentford,Chelsea,D,1497.751435849603,1564.8340895835101,-67.08265373390714,0.37760656321041336,0.2598726617025505,0.3625207750870361,A,0.3
2024-25,2025-04-06,Fulham,Liverpool,H,1515.3658763175952,1709.7060513184454,-194.3401750008502,0.5350837432236295,0.2179876994567458,0.24692855731962468,A,0.3
2024-25,2025-04-06,Manchester United,Manchester City,D,1493.3640844875868,1632.9505052349625,-139.58642074737577,0.46285638104666654,0.24440487605145003,0.29273874290188345,A,0.3
2024-25,2025-04-06,Tottenham,Southampton,H,1522.0080630188413,1317.4173808097585,204.59068220908284,0.1555124596748544,0.1312373503570356,0.71325018996811,H,0.3
2024-25,2025-04-07,Leicester City,Newcastle United,A,1348.2318137597263,1567.2509662675486,-219.01915250782235,0.5690617709833824,0.20310790393397565,0.227830325082642,A,0.3
2024-25,2025-04-12,Manchester City,Crystal Palace,H,1630.6990661672276,1538.1222823914218,92.57678377580578,0.23273119293135547,0.20712884833765796,0.5601399587309865,H,0.3
2024-25,2025-04-12,Southampton,Aston Villa,A,1313.8188931438606,1544.6184526307566,-230.799559486896,0.5854359655508106,0.19554568559593188,0.2190183488532575,A,0.3
2024-25,2025-04-12,Nottingham Forest,Everton,A,1544.7825405985866,1488.6034630249605,56.179077573626046,0.261567183831312,0.22789143316402607,0.5105413830046619,H,0.3
2024-25,2025-04-12,Brighton and Hove Albion,Leicester City,D,1514.1705308931398,1341.022717295323,173.14781359781682,0.17548662005700355,0.15290896352651237,0.671604416416484,H,0.3
2024-25,2025-04-12,Arsenal,Brentford,D,1672.6332560292672,1497.9552627769813,174.6779932522859,0.1744833858421028,0.15184373585747193,0.6736728783004253,H,0.3
2024-25,2025-04-13,Chelsea,Ipswich,D,1564.630262656132,1359.9990898175026,204.63117283862925,0.1554876176168757,0.13120989011525472,0.7133024922678696,H,0.3
2024-25,2025-04-13,Liverpool,West Ham,H,1700.990387763391,1452.7328042305398,248.25758353285119,0.13008315482200608,0.10279381718870251,0.7671230279892914,H,0.3
2024-25,2025-04-13,Newcastle United,Manchester United,H,1574.460062731952,1495.6155235553217,78.84453917663018,0.2433763499038379,0.21538385454350553,0.5412397955526566,H,0.3
2024-25,2025-04-13,Wolverhampton Wanderers,Tottenham,H,1448.1094867092374,1525.6065506847392,-77.49706397550176,0.38902529539247294,0.25922383384130876,0.3517508707662183,A,0.3
2024-25,2025-04-14,Bournemouth,Fulham,H,1525.4471919756454,1524.0815398726495,1.3656521029959094,0.3091934630524056,0.2506122175613929,0.44019431938620146,H,0.3
2024-25,2025-04-16,Newcastle United,Crystal Palace,H,1582.762671370449,1530.3125487480459,52.450122622403114,0.26463789798832194,0.22979670095683818,0.5055654010548398,H,0.3
2024-25,2025-04-19,West Ham,Southampton,D,1450.9266707951053,1306.9870466495076,143.9396241455977,0.19523606783607525,0.17321193550787686,0.6315519966560479,H,0.3
2024-25,2025-04-19,Aston Villa,Newcastle United,H,1551.4502991251095,1594.7887451996296,-43.33844607452011,0.35260502954949113,0.2592960920953692,0.3880988783551397,H,0.3
2024-25,2025-04-19,Everton,Manchester City,A,1497.5418087643952,1638.5087998106035,-140.96699104620825,0.46460494008442843,0.24387640887071113,0.2915186510448604,A,0.3
2024-25,2025-04-19,Crystal Palace,Bournemouth,D,1518.2864749188652,1531.1634213429556,-12.87694642409042,0.3225347978253267,0.2544224967507916,0.4230427054238818,H,0.3
2024-25,2025-04-19,Brentford,Brighton and Hove Albion,H,1503.8408467614724,1508.3138074124515,-4.472960650979076,0.31460998027850007,0.2522881148282338,0.43310190489326605,H,0.3
2024-25,2025-04-20,Ipswich,Arsenal,A,1366.4196840243703,1666.747672044776,-300.32798802040566,0.6812777664435348,0.1479157916682283,0.17080644188823693,A,0.3
2024-25,2025-04-20,Leicester City,Liverpool,A,1346.8794407760113,1702.7965211988255,-355.91708042281425,0.7524531428102282,0.11055752156630394,0.13698933562346782,A,0.3
2024-25,2025-04-20,Manchester United,Wolverhampton Wanderers,A,1487.3129149168246,1459.2557717149614,28.057143201863255,0.28530946158454046,0.24103891277396974,0.4736516256414898,H,0.3
2024-25,2025-04-20,Fulham,Chelsea,A,1518.3653105053393,1558.2096684492642,-39.84435794392493,0.349044282844755,0.2589705495078868,0.3919851676473582,H,0.3
2024-25,2025-04-21,Tottenham,Nottingham Forest,A,1514.4602656790153,1535.844194859152,-21.383929180136647,0.3307158690811898,0.25624118297976517,0.41304294793904506,H,0.3
2024-25,2025-04-22,Manchester City,Aston Villa,H,1646.4699422897443,1564.3939622306525,82.07598005909176,0.24084659888121648,0.21348291076157547,0.545670490357208,H,0.3
2024-25,2025-04-23,Arsenal,Crystal Palace,D,1672.425100249676,1516.938420462279,155.48667978739695,0.18729275490714783,0.16521036932749997,0.6474968757653522,H,0.3
2024-25,2025-04-26,Wolverhampton Wanderers,Leicester City,H,1467.7983965705369,1345.0416322167425,122.75676435379432,0.2102679651841567,0.18763703185294697,0.6020950029628963,H,0.3
2024-25,2025-04-26,Southampton,Fulham,A,1312.2642869431008,1511.1626248394361,-198.8983378963353,0.5413134652953441,0.21535242801766857,0.2433341066869872,A,0.3
2024-25,2025-04-26,Chelsea,Everton,H,1565.4123541151673,1489.5806662852544,75.83168782991288,0.24574895841186406,0.21713155922945618,0.5371194823586798,H,0.3
2024-25,2025-04-26,Brighton and Hove Albion,West Ham,H,1499.0874438410083,1445.6494305015121,53.43801333949614,0.2638221706839721,0.22929646715804528,0.5068813621579826,H,0.3
2024-25,2025-04-26,Newcastle United,Ipswich,H,1581.8450820940866,1360.7422558194703,221.1028262746163,0.14557373965927461,0.12018277062745787,0.7342434897132675,H,0.3
2024-25,2025-04-27,Bournemouth,Manchester United,D,1532.5114757995418,1478.7702900612492,53.74118573829264,0.2635721553840299,0.22914229370997827,0.5072855509059918,H,0.3
2024-25,2025-04-27,Liverpool,Tottenham,H,1704.6343297580943,1506.8356563451919,197.79867341290242,0.1597119163757608,0.13586431038766625,0.704423773236573,H,0.3
2024-25,2025-05-01,Nottingham Forest,Brentford,A,1543.4688041929753,1513.0672103329157,30.40159386005962,0.28327688280921437,0.24005608098871828,0.4766670362020674,H,0.3
2024-25,2025-05-02,Manchester City,Wolverhampton Wanderers,H,1650.5623641155328,1474.5955550197227,175.96680909581005,0.1736408449206567,0.15094693626362618,0.6754122188157171,H,0.3
2024-25,2025-05-03,Leicester City,Southampton,H,1338.2444737675567,1308.32157866739,29.92289510016667,0.28369108331434445,0.24025852868128353,0.47605038800437205,H,0.3
2024-25,2025-05-03,Everton,Ipswich,D,1485.3739725258142,1356.5737014062865,128.80027111952768,0.2059184364545065,0.18356716664075984,0.6105143969047336,H,0.3
2024-25,2025-05-03,Arsenal,Bournemouth,A,1666.9122847576164,1529.3498884724215,137.56239628519484,0.19969876819864602,0.17759763145078447,0.6227036003505695,H,0.3
2024-25,2025-05-03,Aston Villa,Fulham,H,1560.301540404864,1515.105333115147,45.196207289716995,0.27067747003948883,0.2333671259080797,0.49595540405243144,H,0.3
2024-25,2025-05-04,Brighton and Hove Albion,Newcastle United,D,1503.7203815486214,1586.0136365072703,-82.29325495864896,0.3943783213016404,0.2587411705959442,0.34688050810241544,A,0.3
2024-25,2025-05-04,Brentford,Manchester United,H,1526.6612219757874,1481.9318773883695,44.72934458741793,0.27106922056539773,0.23359058706910735,0.495340192365495,H,0.3
2024-25,2025-05-04,West Ham,Tottenham,D,1441.016492793899,1501.3772034489775,-60.36071065507849,0.3703843024418309,0.2599996696372613,0.36961602792090775,A,0.3
2024-25,2025-05-04,Chelsea,Liverpool,H,1569.6190478746075,1710.0927826543086,-140.4737347797011,0.46397971411668215,0.24406613381048714,0.29195415207283076,A,0.3
2024-25,2025-05-05,Crystal Palace,Nottingham Forest,D,1522.4512359543387,1529.8747925501036,-7.423556595764921,0.3173748725504681,0.25307520200658756,0.4295499254429443,H,0.3
2024-25,2025-05-10,Southampton,Manchester City,D,1300.2271325814609,1653.1875183536827,-352.9603857722218,0.7488693601770169,0.11245342924520998,0.1386772105777732,A,0.3
2024-25,2025-05-10,Ipswich,Brentford,A,1361.5293565920965,1531.4666660854955,-169.93730949339897,0.5022257494417796,0.23105417729575814,0.26672007326246233,A,0.3
2024-25,2025-05-10,Wolverhampton Wanderers,Brighton and Hove Albion,A,1471.9704007815728,1504.3611538580374,-32.390753076464534,0.3415470665011581,0.25807173347743034,0.4003812000214116,H,0.3
2024-25,2025-05-10,Bournemouth,Aston Villa,A,1539.228864909154,1565.0976434766606,-25.868778567506524,0.33509513007362013,0.2570589050414069,0.40784596488497293,H,0.3
2024-25,2025-05-10,Fulham,Everton,A,1510.3092300433505,1480.4183173400043,29.890912703346203,0.2837187714469074,0.24027202219631413,0.47600920635677846,H,0.3
2024-25,2025-05-11,Liverpool,Arsenal,D,1697.4160144908728,1657.0333083208839,40.38270616998898,0.27473452818005484,0.23563322805376125,0.48963224376618397,H,0.3
2024-25,2025-05-11,Manchester United,West Ham,A,1477.1264332786614,1441.0268748773847,36.09955840127668,0.27837851900535376,0.23757773191916462,0.4840437490754816,H,0.3
2024-25,2025-05-11,Newcastle United,Chelsea,H,1585.3728641978544,1582.2958160380433,3.0770481598110564,0.30761934078411574,0.25009153780488674,0.4422891214109976,H,0.3
2024-25,2025-05-11,Nottingham Forest,Leicester City,D,1531.3766178100739,1346.3389198534858,185.0376979565881,0.16777448814392715,0.1446503695056457,0.6875751423504272,H,0.3
2024-25,2025-05-11,Tottenham,Crystal Palace,A,1501.366821365492,1520.9494106943685,-19.582589328876566,0.32896991635125883,0.2558851797968866,0.41514490385185454,H,0.3
2024-25,2025-05-16,Aston Villa,Tottenham,H,1572.6194189942148,1489.2165612262693,83.40285776794553,0.23981230177492371,0.21269465898324538,0.5474930392418309,H,0.3
2024-25,2025-05-16,Chelsea,Manchester United,H,1573.2951877604728,1463.4019805094065,109.89320725106631,0.21968953500817107,0.19613624444071717,0.5841742205511117,H,0.3
2024-25,2025-05-18,Everton,Southampton,H,1494.0005368065295,1307.102176322324,186.89836048420534,0.1665849805365003,0.14336313912192153,0.6900518803415782,H,0.3
2024-25,2025-05-18,Leicester City,Ipswich,H,1352.4159746118548,1357.0655924483192,-4.649617836464358,0.31477499300913214,0.2523363776596271,0.43288862933124084,H,0.3
2024-25,2025-05-18,West Ham,Nottingham Forest,A,1454.7513276466395,1525.2995630517048,-70.54823540506527,0.3813753097075987,0.25971764395326,0.3589070463391413,A,0.3
2024-25,2025-05-18,Arsenal,Newcastle United,H,1659.844755959286,1594.3734924754249,65.4712634838611,0.25401280868903814,0.22294854968411268,0.5230386416268491,H,0.3
2024-25,2025-05-18,Brentford,Fulham,A,1535.9304302292728,1496.7270105768253,39.203419652447565,0.2757346165888762,0.23617546046364613,0.48808992294747766,H,0.3
2024-25,2025-05-19,Brighton and Hove Albion,Liverpool,H,1516.0464217568172,1694.6045668524707,-178.55814509565357,0.5137281266231334,0.2266519716047289,0.2596199017721377,A,0.3
2024-25,2025-05-20,Crystal Palace,Wolverhampton Wanderers,H,1533.099670833591,1460.285132882793,72.81453795079801,0.2481386215391444,0.21885708155448608,0.5330042969063695,H,0.3
2024-25,2025-05-20,Manchester City,Bournemouth,H,1646.3124746128194,1531.7070893915998,114.60538522121965,0.2162122188544187,0.19305142914503332,0.590736352000548,H,0.3
2024-25,2025-05-25,Southampton,Arsenal,A,1303.1639353397907,1664.2454930237848,-361.0815576839941,0.7586498529434517,0.10727833357706303,0.13407181347948524,A,0.3
2024-25,2025-05-25,Wolverhampton Wanderers,Brentford,D,1453.5290184681735,1527.2269925631072,-73.69797409493367,0.38482741152590366,0.25952402050979956,0.3556485679642968,A,0.3
2024-25,2025-05-25,Tottenham,Brighton and Hove Albion,A,1482.7682966476652,1524.564129339455,-41.795832691789656,0.3510293175292775,0.25915993580383073,0.3898107466668917,H,0.3
2024-25,2025-05-25,Nottingham Forest,Chelsea,A,1531.811826951792,1576.90357516103,-45.09174820923795,0.3544030277135189,0.25943629017597303,0.3861606821105081,H,0.3
2024-25,2025-05-25,Liverpool,Crystal Palace,D,1686.086859269833,1539.8557852482106,146.23107402162236,0.1936457042928769,0.17162937153423877,0.6347249241728844,H,0.3
2024-25,2025-05-25,Ipswich,West Ham,A,1347.8345335051085,1448.2390637465523,-100.40453024144381,0.41512984426809757,0.2558877811961381,0.3289823745357643,A,0.3
2024-25,2025-05-25,Fulham,Manchester City,A,1505.430448242991,1651.908176210073,-146.47772796708205,0.4716268427095939,0.24168866897353186,0.28668448831687426,A,0.3
2024-25,2025-05-25,Bournemouth,Leicester City,H,1526.1113877943462,1361.6470335550655,164.46435423928074,0.18123929800580338,0.1589592651715194,0.6598014368226772,H,0.3
2024-25,2025-05-25,Newcastle United,Everton,A,1589.972755410926,1497.938777789063,92.03397762186319,0.23314680361865117,0.20746356806732802,0.5593896283140208,H,0.3
2024-25,2025-05-25,Manchester United,Aston Villa,H,1459.7935931088493,1579.0676835728189,-119.27409046396951,0.43764392959068893,0.25123051655311274,0.3111255538561982,A,0.3
2025-26,2025-08-15,Liverpool,Bournemouth,H,1626.5335392791176,1521.36185335906,105.1716859200576,0.2232042007669141,0.19918995513204593,0.5776058441010399,H,0.3
2025-26,2025-08-16,Aston Villa,Newcastle United,D,1546.8199936143078,1556.4066169409436,-9.586623326635845,0.31941375650469783,0.25362637299232876,0.42695987050297346,H,0.3
2025-26,2025-08-16,Brighton and Hove Albion,Fulham,D,1527.2165458860516,1498.3495706727422,28.866975213309388,0.284606216326007,0.2407018852384924,0.47469189843550064,H,0.3
2025-26,2025-08-16,Sunderland,West Ham,H,1492.5431932687598,1470.2705152624524,22.272678006307387,0.29036808481037946,0.243369321603579,0.4662625935860415,H,0.3
2025-26,2025-08-16,Tottenham,Burnley,H,1477.9161523049324,1442.164335396662,35.751816908270484,0.2786757916909918,0.23773256675855456,0.4835916415504536,H,0.3
2025-26,2025-08-16,Wolverhampton Wanderers,Manchester City,A,1467.7461515917546,1611.7874664444025,-144.04131485264793,0.46851404403524166,0.2426712343364063,0.288814721628352,A,0.3
2025-26,2025-08-17,Chelsea,Crystal Palace,D,1558.7909728474724,1531.626311883513,27.164660963959477,0.2860858816301493,0.2414073017246583,0.4725068166451924,H,0.3
2025-26,2025-08-17,Manchester United,Arsenal,A,1480.3829000628598,1616.2237581974484,-135.84085813458864,0.45813425799135243,0.24579831941326985,0.29606742259537777,A,0.3
2025-26,2025-08-17,Nottingham Forest,Brentford,H,1517.3098086315028,1518.7830561301419,-1.4732474986390116,0.31181813868511093,0.25144660153269804,0.436735259782191,H,0.3
2025-26,2025-08-18,Leeds United,Everton,H,1459.2876506726675,1505.1314562990488,-45.843805626381254,0.3551765724555615,0.25949167492245256,0.385331752621986,H,0.3
2025-26,2025-08-22,West Ham,Chelsea,A,1459.7369419987126,1556.3335153022197,-96.59657330350706,0.4106963591228931,0.2566215521352365,0.3326820887418704,A,0.3
2025-26,2025-08-23,Burnley,Sunderland,H,1432.1901733709344,1503.0767665324995,-70.88659316156509,0.38174492220539025,0.2596992496954468,0.3585558280991629,A,0.3
2025-26,2025-08-23,Manchester City,Tottenham,A,1623.3086346041396,1487.89031433066,135.4183202734796,0.20121128027065283,0.17906499124183745,0.6197237284875098,H,0.3
2025-26,2025-08-23,Bournemouth,Wolverhampton Wanderers,H,1515.5170930674576,1456.2249834320176,59.292109635440056,0.25902098889921804,0.22626589978805228,0.5147131113127297,H,0.3
2025-26,2025-08-23,Arsenal,Leeds United,H,1621.349279158468,1465.801128745022,155.54815041344614,0.18725094204067527,0.1651676267053755,0.6475814312539493,H,0.3
2025-26,2025-08-23,Brentford,Aston Villa,H,1509.6364009861709,1545.3790783661439,-35.742677379972974,0.3449021149358347,0.25851025501698915,0.3965876300471762,H,0.3
2025-26,2025-08-24,Crystal Palace,Nottingham Forest,D,1534.0837694287657,1526.4564637754738,7.627305653291842,0.3034634258308913,0.24864321793453367,0.447893356234575,H,0.3
2025-26,2025-08-24,Everton,Brighton and Hove Albion,H,1498.6179782266943,1524.7131064804473,-26.095128253753046,0.33531738235276,0.2570975670682454,0.40758505057899463,H,0.3
2025-26,2025-08-24,Fulham,Manchester United,D,1500.8530100783464,1475.2573791018401,25.5956309765063,0.28745445212827153,0.2420471847097232,0.4704983631620053,H,0.3
2025-26,2025-08-25,Newcastle United,Liverpool,A,1557.8475321891076,1632.37829957072,-74.53076738161235,0.38574443015510407,0.2594644465476909,0.35479112329720497,A,0.3
2025-26,2025-08-30,Wolverhampton Wanderers,Everton,A,1451.7059144428001,1508.4191431348356,-56.7132286920355,0.366513455873016,0.2599725722957762,0.3735139718312078,H,0.3
2025-26,2025-08-30,Tottenham,Bournemouth,A,1503.5153779707548,1520.036162056675,-16.52078408592024,0.32601912616575157,0.2552440844456538,0.4187367893885946,H,0.3
2025-26,2025-08-30,Sunderland,Brentford,H,1492.1001937314559,1515.981626020265,-23.881432288809037,0.33314885494285484,0.2567086735077481,0.410142471549397,H,0.3
2025-26,2025-08-30,Chelsea,Fulham,H,1570.1329611076978,1498.4380324261606,71.69492868153725,0.2490288922276447,0.21949094616755013,0.5314801616048052,H,0.3
2025-26,2025-08-30,Leeds United,Newcastle United,D,1458.294151006076,1551.4234194625317,-93.12926845645575,0.40669201390203136,0.2572281372334849,0.33607984886448367,A,0.3
2025-26,2025-08-30,Manchester United,Burnley,H,1477.672356754026,1443.166746171978,34.50561058204789,0.27974290379115335,0.23828365758379202,0.48197343862505465,H,0.3
2025-26,2025-08-31,Aston Villa,Crystal Palace,A,1539.0338533320498,1532.161514464797,6.872338867252893,0.3041500357010815,0.24888990193944743,0.446960062359471,H,0.3
2025-26,2025-08-31,Brighton and Hove Albion,Manchester City,H,1514.911941572306,1607.6835709640447,-92.77162939173877,0.4062807492019442,0.2572873485583215,0.33643190223973424,A,0.3
2025-26,2025-08-31,Liverpool,Arsenal,H,1638.8024122972959,1628.8562568974141,9.946155399881718,0.3013617427135467,0.24786981178933817,0.4507684454971151,H,0.3
2025-26,2025-08-31,Nottingham Forest,West Ham,A,1528.3787187394425,1445.9374961932344,82.44122254620811,0.2405616357394446,0.2132663735034423,0.5461719907571131,H,0.3
2025-26,2025-09-13,Crystal Palace,Sunderland,D,1548.6088684735266,1498.2469468265547,50.36192164697195,0.26636749270271765,0.2308432071889791,0.5027893001083032,H,0.3
2025-26,2025-09-13,Arsenal,Nottingham Forest,H,1623.3266845641513,1509.8258854482096,113.50079911594162,0.21702462881007248,0.19377770235533834,0.5891976688345892,H,0.3
2025-26,2025-09-13,Bournemouth,Brighton and Hove Albion,H,1527.772465340017,1522.1884453847192,5.58401995529789,0.3053243870116348,0.24930501407785588,0.44537059891050934,H,0.3
2025-26,2025-09-13,Brentford,Chelsea,D,1509.834872925166,1576.9221659455525,-67.08729302038637,0.37761158771151104,0.2598724948703385,0.3625159174181505,A,0.3
2025-26,2025-09-13,Everton,Aston Villa,D,1515.2403433700513,1522.5864993233201,-7.3461559532688625,0.3173021036952754,0.253055073215787,0.4296428230889376,H,0.3
2025-26,2025-09-13,Fulham,Leeds United,H,1491.648827588306,1459.2448085171795,32.40401907112641,0.28154878326297095,0.23919947211342357,0.4792517446236054,H,0.3
2025-26,2025-09-13,Newcastle United,Wolverhampton Wanderers,H,1550.472761951428,1444.8847142075845,105.58804774384362,0.22289303141537792,0.19892224857503085,0.5781847200095913,H,0.3
2025-26,2025-09-13,West Ham,Tottenham,A,1464.4903294844673,1495.7790746874127,-31.288745202945393,0.34044986673770855,0.2579153610829725,0.4016347721793189,H,0.3
2025-26,2025-09-14,Burnley,Liverpool,A,1438.154152594199,1644.3319846305587,-206.17783203635963,0.5513103830006916,0.21103208014451014,0.23765753685479832,A,0.3
2025-26,2025-09-14,Manchester City,Manchester United,H,1600.4070671516315,1482.6849503318049,117.72211681982662,0.21392881273844394,0.1909922578993487,0.5950789293622074,H,0.3
2025-26,2025-09-20,Manchester United,Chelsea,H,1475.7256853779327,1576.7182055442875,-100.99252016635478,0.41581774647999425,0.25576820997741245,0.32841404354259335,A,0.3
2025-26,2025-09-20,West Ham,Crystal Palace,A,1449.6948098703522,1545.5350893739292,-95.840279503577,0.40982027747343286,0.25675888025120286,0.3334208422753643,A,0.3
2025-26,2025-09-20,Wolverhampton Wanderers,Leeds United,A,1441.204117391116,1454.1890282397858,-12.98491084866987,0.3226376117721473,0.2544477503571493,0.42291463787070344,H,0.3
2025-26,2025-09-20,Brighton and Hove Albion,Tottenham,D,1516.5643521752327,1510.574594301528,5.989757873704775,0.30495417604756403,0.24917507708940215,0.44587074686303385,H,0.3
2025-26,2025-09-20,Burnley,Nottingham Forest,D,1434.3360933491138,1502.728593077822,-68.39249972870834,0.37902736405240567,0.2598212250312832,0.3611514109163111,A,0.3
2025-26,2025-09-20,Liverpool,Everton,H,1648.150043875644,1513.7363406602756,134.4137032153685,0.20192207498690495,0.17975114198858622,0.6183267830245088,H,0.3
2025-26,2025-09-20,Fulham,Brentford,H,1496.7046078656997,1510.0388333264311,-13.334225460731432,0.3229704390306978,0.25452907753342763,0.42250048343587454,H,0.3
2025-26,2025-09-21,Arsenal,Manchester City,D,1630.4239769345388,1607.3663321055037,23.057644829035098,0.28967793266158753,0.24306107768797935,0.4672609896504331,H,0.3
2025-26,2025-09-21,Bournemouth,Newcastle United,D,1533.3965585495037,1554.1533587678966,-20.756800218392982,0.33010718416659324,0.2561190275929162,0.4137737882404906,H,0.3
2025-26,2025-09-21,Sunderland,Aston Villa,D,1501.3207259261521,1524.0905020330958,-22.76977610694371,0.3320641476553476,0.25650434397628813,0.41143150836836423,H,0.3
2025-26,2025-09-27,Tottenham,Wolverhampton Wanderers,D,1512.4514175996837,1428.813489676001,83.63792792368281,0.23962933439384554,0.21255455365390785,0.5478161119522467,H,0.3
2025-26,2025-09-27,Crystal Palace,Liverpool,H,1551.4944474547715,1651.3662100478082,-99.87176259303669,0.4145073146481669,0.25599467817783517,0.32949800717399796,A,0.3
2025-26,2025-09-27,Chelsea,Brighton and Hove Albion,A,1569.3126484595844,1514.6875288770768,54.62511958250752,0.262844067951123,0.2286910313644173,0.5084649006844598,H,0.3
2025-26,2025-09-27,Leeds United,Bournemouth,D,1466.5796559549008,1532.2718274812635,-65.6921715263627,0.37610311183341183,0.25991774531534684,0.36397914285124133,A,0.3
2025-26,2025-09-27,Nottingham Forest,Sunderland,A,1502.4870844890781,1500.2532366937673,2.233847795310794,0.3083941463985747,0.25034972978331466,0.4412561238181107,H,0.3
2025-26,2025-09-27,Manchester City,Burnley,H,1609.7124006158458,1434.5776019378577,175.1347986779881,0.17418450103444777,0.15152583039494819,0.674289668570604,H,0.3
2025-26,2025-09-27,Brentford,Manchester United,H,1500.5768496382734,1483.1312424626358,17.445607175637633,0.2946379540448089,0.2452085688582352,0.4601534770969559,H,0.3
2025-26,2025-09-28,Aston Villa,Fulham,H,1525.1579912654806,1506.1665915538574,18.991399711623217,0.2932657256649585,0.24463018828907482,0.4621040860459667,H,0.3
2025-26,2025-09-28,Newcastle United,Arsenal,A,1555.2780898361368,1628.0779084241967,-72.7998185880599,0.3838404278637738,0.25958434439541883,0.3565752277408073,A,0.3
2025-26,2025-09-29,Everton,West Ham,D,1510.5201744881115,1443.7354517895099,66.78472269860163,0.2529559982427202,0.22222833768906874,0.524815664068211,H,0.3
2025-26,2025-10-03,Bournemouth,Fulham,H,1532.1080082719063,1497.7090684051657,34.39893986674065,0.27983437373986836,0.23833055238073675,0.4818350738793949,H,0.3
2025-26,2025-10-04,Arsenal,West Ham,H,1634.5402889439736,1447.2308178332885,187.30947111068508,0.16632279839207997,0.14307897117092339,0.6905982304369966,H,0.3
2025-26,2025-10-04,Chelsea,Liverpool,H,1555.178964191194,1643.9781456348196,-88.79918144362568,0.4017349274241582,0.25790262506389233,0.34036244751194955,A,0.3
2025-26,2025-10-04,Leeds United,Tottenham,A,1466.743475164258,1508.5376635867747,-41.794188422516754,0.3510276410807196,0.2591597842869056,0.38981257463237484,H,0.3
2025-26,2025-10-04,Manchester United,Sunderland,H,1474.6217064134894,1508.4049096579022,-33.78320324441279,0.34293756229248057,0.25826069420434594,0.3988017435031735,H,0.3
2025-26,2025-10-05,Wolverhampton Wanderers,Brighton and Hove Albion,D,1432.72724368891,1528.8212131454673,-96.09396945655726,0.41011398434514895,0.25671312659546247,0.3331728890593885,A,0.3
2025-26,2025-10-05,Everton,Crystal Palace,H,1507.0248084443328,1558.88251186776,-51.85770342342721,0.3614126515339235,0.25983172226987383,0.3787556261962027,H,0.3
2025-26,2025-10-05,Newcastle United,Nottingham Forest,H,1548.81570931636,1494.3354115249433,54.48029779141666,0.2629632685301471,0.22876514341177326,0.5082715880580796,H,0.3
2025-26,2025-10-05,Aston Villa,Burnley,H,1533.6155144141724,1428.456783113191,105.15873130098134,0.22321388628024605,0.19919827947117794,0.577587834248576,H,0.3
2025-26,2025-10-05,Brentford,Manchester City,A,1509.0863856874198,1615.8332194405125,-106.74683375309269,0.4225965612233952,0.2545102571149395,0.32289318166166525,A,0.3
2025-26,2025-10-18,Brighton and Hove Albion,Newcastle United,H,1527.7860664472169,1556.126412037765,-28.340345590548168,0.33752841741618433,0.25746742720398785,0.4050041553798278,H,0.3
2025-26,2025-10-18,Crystal Palace,Bournemouth,D,1552.2693359266043,1540.056247634737,12.21308829186728,0.29931754772778235,0.2470909610463114,0.4535914912259062,H,0.3
2025-26,2025-10-18,Manchester City,Everton,H,1621.5598004183692,1513.6379843854886,107.92181603288054,0.22115330163336133,0.19741598717787076,0.5814307111887679,H,0.3
2025-26,2025-10-18,Burnley,Leeds United,H,1424.768930865387,1459.5851125610181,-34.81618169563126,0.34397207438421384,0.25839464044637483,0.3976332851694113,H,0.3
2025-26,2025-10-18,Sunderland,Wolverhampton Wanderers,H,1498.3998456587633,1433.7623903871604,64.6374552716029,0.25468509003957535,0.2234030581748928,0.5219118517855318,H,0.3
2025-26,2025-10-18,Nottingham Forest,Chelsea,A,1487.0247088035383,1562.3925158169743,-75.36780701343605,0.38666793074993355,0.2594010418650573,0.3539310273850092,A,0.3
2025-26,2025-10-18,Fulham,Arsenal,A,1489.760829042335,1638.4703508456473,-148.70952180331233,0.4744895310701985,0.24076761716835504,0.2847428517614465,A,0.3
2025-26,2025-10-19,Liverpool,Manchester United,A,1636.7645940090392,1484.6267704126283,152.13782359641095,0.18957825717630214,0.16753704980734174,0.6428846930163561,H,0.3
2025-26,2025-10-19,Tottenham,Aston Villa,A,1515.6960261900144,1537.3033666619765,-21.60734047196206,0.33093292675169167,0.2562842386685474,0.412782834579761,H,0.3
2025-26,2025-10-20,West Ham,Brentford,A,1443.3007559316147,1503.3598047095632,-60.05904877794842,0.3700628881632821,0.2599999911469032,0.3699371206898147,A,0.3
2025-26,2025-10-24,Leeds United,West Ham,H,1449.5526938967532,1432.6083969792155,16.944296917537713,0.2950839699585861,0.24539397551044623,0.4595220545309677,H,0.3
2025-26,2025-10-25,Brentford,Liverpool,H,1514.0521636619624,1626.7511483923834,-112.69898473042099,0.4296970086973812,0.25304332101127036,0.31725967029134844,A,0.3
2025-26,2025-10-25,Chelsea,Sunderland,A,1575.2037822736347,1505.3999786028746,69.80380367076009,0.2505369907628042,0.22055351136008086,0.5289094978771149,H,0.3
2025-26,2025-10-25,Manchester United,Brighton and Hove Albion,H,1494.6402160292841,1534.0075140442395,-39.367298014955395,0.34856042586378005,0.258921343495445,0.392518230640775,H,0.3
2025-26,2025-10-25,Newcastle United,Fulham,H,1549.9049644407423,1484.890851752283,65.01411268845936,0.254381264571733,0.22319800306812126,0.5224207323601456,H,0.3
2025-26,2025-10-26,Arsenal,Crystal Palace,H,1643.3403281356993,1550.2202976561578,93.12003047954158,0.2323156649254176,0.20679320615842486,0.5608911289161574,H,0.3
2025-26,2025-10-26,Wolverhampton Wanderers,Burnley,A,1426.762257443049,1434.8013495296518,-8.03909208660275,0.31795403520053095,0.25323428021281946,0.4288116845866496,H,0.3
2025-26,2025-10-26,Aston Villa,Manchester City,H,1544.922849222756,1627.3311709753498,-82.40832175259379,0.39450747984428547,0.2587281740624905,0.34676434609322404,A,0.3
2025-26,2025-10-26,Everton,Tottenham,A,1507.866613828508,1508.076543629235,-0.2099298007269681,0.31064806291557856,0.25107983646543247,0.4382721006189889,H,0.3
2025-26,2025-10-26,Bournemouth,Nottingham Forest,H,1542.1052859051836,1474.2134423468779,67.89184355830571,0.2520672920940478,0.2216172750603623,0.5263154328455899,H,0.3
2025-26,2025-11-01,Tottenham,Chelsea,A,1524.3003335740057,1566.086091078977,-41.78575750497134,0.3510190452688985,0.2591590071770262,0.3898219475540753,H,0.3
2025-26,2025-11-01,Liverpool,Aston Villa,H,1619.164919480097,1552.034370984796,67.13054849530113,0.2526781932411328,0.22203785325459524,0.525283953504272,H,0.3
2025-26,2025-11-01,Nottingham Forest,Manchester United,D,1467.3110745532963,1504.793009908092,-37.48193535479572,0.3466535883881293,0.2587157171273576,0.39463069448451316,H,0.3
2025-26,2025-11-01,Fulham,Wolverhampton Wanderers,H,1480.481426206853,1418.8307887046863,61.650637502166774,0.2571022716074078,0.22501371185093944,0.5178840165416527,H,0.3
2025-26,2025-11-01,Crystal Palace,Brentford,H,1546.3249751568771,1521.6383925742487,24.68658258262849,0.2882494617027625,0.2424133563165102,0.4693371819807273,H,0.3
2025-26,2025-11-01,Brighton and Hove Albion,Leeds United,H,1523.8547201654317,1454.9322780541884,68.9224421112433,0.2512417175219131,0.22104520236081238,0.5277130801172745,H,0.3
2025-26,2025-11-01,Burnley,Arsenal,A,1442.7328182680146,1647.23565063498,-204.50283236696532,0.5490052888513776,0.2120378816714842,0.2389568294771383,A,0.3
2025-26,2025-11-02,Manchester City,Bournemouth,H,1620.2196492133098,1549.0076536987651,71.2119955145447,0.2494134922463295,0.21976326331019647,0.5308232444434741,H,0.3
2025-26,2025-11-02,West Ham,Newcastle United,H,1427.2288128217804,1554.3143899861723,-127.0855771643919,0.44722353011931243,0.24882048262259857,0.303955987258089,A,0.3
2025-26,2025-11-03,Sunderland,Everton,D,1514.5176697975323,1491.6428238837373,22.87484591379507,0.2898385474750609,0.24313308636510603,0.4670283661598331,H,0.3
2025-26,2025-11-08,Everton,Fulham,H,1493.9839199931419,1489.42877791416,4.555142078981817,0.3062646868625268,0.24963121626008453,0.44410409687738867,H,0.3
2025-26,2025-11-08,Tottenham,Manchester United,D,1517.141779437342,1505.4402259250087,11.701553512333248,0.2997779258770043,0.24726866339614112,0.4529534107268545,H,0.3
2025-26,2025-11-08,Chelsea,Wolverhampton Wanderers,H,1573.2446452156407,1409.8834369973792,163.36120821826148,0.1819773399807209,0.15972799865110293,0.6582946613681763,H,0.3
2025-26,2025-11-08,West Ham,Burnley,H,1439.595850459576,1436.636242938368,2.9596075212079995,0.307727167109491,0.2501276909183519,0.44214514197215715,H,0.3
2025-26,2025-11-08,Sunderland,Arsenal,D,1512.1765736881277,1653.3322259646266,-141.1556522764988,0.4648442217437098,0.2438035753483014,0.2913522029079887,A,0.3
2025-26,2025-11-09,Nottingham Forest,Leeds United,H,1466.6638585363796,1446.261302146444,20.402556389935626,0.2920170345985784,0.2440934281162413,0.46388953728518034,H,0.3
2025-26,2025-11-09,Manchester City,Liverpool,H,1627.023158850761,1626.0900808367908,0.9330780139703165,0.3095923047270798,0.2507417256585966,0.4396659696143235,H,0.3
2025-26,2025-11-09,Aston Villa,Bournemouth,H,1545.1092096281022,1542.2041440613139,2.9050655667883802,0.307777253680518,0.25014446006347263,0.4420782862560094,H,0.3
2025-26,2025-11-09,Brentford,Newcastle United,H,1513.3710775040554,1541.9473523483766,-28.576274844321233,0.3377614384103053,0.2575048512418482,0.4047337103478465,H,0.3
2025-26,2025-11-09,Crystal Palace,Brighton and Hove Albion,D,1554.5922902270704,1532.525696073176,22.066594153894357,0.290549469690676,0.243449826634158,0.46600070367516594,H,0.3
2025-26,2025-11-22,Wolverhampton Wanderers,Crystal Palace,A,1404.293904953787,1552.273194413452,-147.9792894596651,0.4735516924427898,0.24107117529628289,0.2853771322609274,A,0.3
2025-26,2025-11-22,Brighton and Hove Albion,Brentford,H,1534.8447918867944,1523.2380989314795,11.606692955314884,0.29986335702790534,0.24730149218080047,0.4528351507912942,H,0.3
2025-26,2025-11-22,Fulham,Sunderland,H,1480.4792870579658,1514.4708455622065,-33.99155850424063,0.3431460219546486,0.25828813939998296,0.39856583864536843,H,0.3
2025-26,2025-11-22,Burnley,Chelsea,A,1430.9549115038408,1578.834177259233,-147.87926575539223,0.47342332096713335,0.24111258947612713,0.2854640895567395,A,0.3
2025-26,2025-11-22,Newcastle United,Manchester City,H,1532.0803309209525,1638.4745936636402,-106.39426274268772,0.4221787879552496,0.2545918895814542,0.3232293224632962,A,0.3
2025-26,2025-11-22,Liverpool,Nottingham Forest,A,1614.6386460239116,1475.0740421139835,139.5646039099281,0.19829184290691315,0.1762239352632724,0.6254842218298144,H,0.3
2025-26,2025-11-22,Bournemouth,West Ham,D,1529.009732148163,1445.2771818941033,83.73255025405979,0.23955570771290924,0.2124981186464935,0.5479461736405973,H,0.3
2025-26,2025-11-23,Leeds United,Aston Villa,A,1437.85111856884,1558.303621541253,-120.45250297241296,0.4390795293787139,0.2508846080389883,0.31003586258229776,A,0.3
2025-26,2025-11-23,Arsenal,Tottenham,H,1651.0379540905478,1515.1068504075376,135.93110368301018,0.2008489883174207,0.17871441384584244,0.6204365978367369,H,0.3
2025-26,2025-11-24,Manchester United,Everton,A,1507.475154954813,1502.933410849336,4.541744105476937,0.3062769457135452,0.24963543281232894,0.4440876214741259,H,0.3
2025-26,2025-11-29,Brentford,Burnley,H,1517.7443022133466,1423.2103737101402,94.53392850320643,0.23123614328791553,0.20591661961634955,0.5628472370957349,H,0.3
2025-26,2025-11-29,Everton,Newcastle United,A,1511.1210022345588,1539.5697284559421,-28.448726221383367,0.33763544587037614,0.2574846530557878,0.40487990107383603,H,0.3
2025-26,2025-11-29,Manchester City,Leeds United,H,1630.9851961286506,1432.4114972615423,198.5736988671083,0.15922947821901118,0.13533435902454777,0.705436162756441,H,0.3
2025-26,2025-11-29,Sunderland,Bournemouth,H,1508.1548712569643,1525.0936720951045,-16.938800838140196,0.3264207411641486,0.2553342716873281,0.41824498714852326,H,0.3
2025-26,2025-11-29,Tottenham,Fulham,A,1508.7209292639864,1486.795261363208,21.925667900778308,0.2906735524690935,0.2435047774043477,0.4658216701265588,H,0.3
2025-26,2025-11-30,Nottingham Forest,Brighton and Hove Albion,A,1494.870171367899,1540.3385886049273,-45.468417237028234,0.35479028461728274,0.25946438650372644,0.38574532887899077,H,0.3
2025-26,2025-11-30,Aston Villa,Wolverhampton Wanderers,H,1563.7432428485508,1396.5524785631844,167.1907642853664,0.17942221074894554,0.15705917005309644,0.6635186191979581,H,0.3
2025-26,2025-11-30,West Ham,Liverpool,A,1449.1932419471618,1594.842516769996,-145.6492748228343,0.4705669420955036,0.2420254717928494,0.287407586111647,A,0.3
2025-26,2025-11-30,Chelsea,Arsenal,D,1586.5787150529336,1657.4238752340991,-70.84516018116551,0.38169964613687396,0.2597015332615578,0.35859882060156834,A,0.3
2025-26,2025-11-30,Crystal Palace,Manchester United,A,1560.0146208040546,1499.2875635695902,60.72705723446438,0.257852568721439,0.2255061493449966,0.5166412819335644,H,0.3
2025-26,2025-12-02,Newcastle United,Tottenham,D,1554.4951384886845,1500.2688782441803,54.22626024450415,0.26317244584804267,0.22889497777001483,0.5079325763819424,H,0.3
2025-26,2025-12-02,Bournemouth,Everton,A,1519.0633457892204,1496.1955922018165,22.867753587403968,0.2898447803645063,0.2431358774269459,0.46701934220854785,H,0.3
2025-26,2025-12-02,Fulham,Manchester City,A,1495.247312383014,1633.3267294393545,-138.0794170563404,0.4609526119322386,0.24497263734496133,0.2940747507228001,A,0.3
2025-26,2025-12-03,Wolverhampton Wanderers,Nottingham Forest,A,1393.8101215489412,1483.6565753912205,-89.84645384227929,0.4029293924649139,0.2577479853905059,0.3393226221445802,A,0.3
2025-26,2025-12-03,Arsenal,Brentford,H,1657.1118277752264,1523.8789870457215,133.23284072950491,0.20275928272986715,0.1805564796620735,0.6166842376080592,H,0.3
2025-26,2025-12-03,Brighton and Hove Albion,Aston Villa,A,1551.5521845816058,1566.485599862794,-14.933415281188218,0.3244976069316515,0.254893975251436,0.4206084178169125,H,0.3
2025-26,2025-12-03,Burnley,Crystal Palace,A,1417.0756888777653,1551.0154781397196,-133.93978926195427,0.4557498796018011,0.24648276112282796,0.297767359275371,A,0.3
2025-26,2025-12-03,Leeds United,Chelsea,H,1430.0699639508384,1586.8907625118063,-156.8207985609679,0.48498223146450276,0.23725512869384238,0.2777626398416549,A,0.3
2025-26,2025-12-03,Liverpool,Sunderland,D,1602.656593448322,1514.1851975628483,88.47139588547361,0.23588502539526665,0.20964394300714953,0.5544710315975838,H,0.3
2025-26,2025-12-04,Manchester United,West Ham,D,1508.2867062339253,1441.379165268836,66.90754096508931,0.2528573159314081,0.2221607288316433,0.5249819552369486,H,0.3
2025-26,2025-12-06,Tottenham,Brentford,H,1503.443026038291,1518.7527253961662,-15.30969935787516,0.32485777202075444,0.254978059539377,0.42016416843986854,H,0.3
2025-26,2025-12-06,Leeds United,Liverpool,D,1443.1111502264896,1598.6256759474873,-155.51452572099765,0.48328327416509836,0.23783795814874847,0.27887876768615316,A,0.3
2025-26,2025-12-06,Manchester City,Sunderland,H,1638.407316822855,1518.216115063683,120.19120175917192,0.21212920338552438,0.18935107474802942,0.5985197218664462,H,0.3
2025-26,2025-12-06,Everton,Nottingham Forest,H,1504.6616545134932,1489.7453963701766,14.916258143316554,0.2968933144866072,0.2461331354722379,0.45697355004115486,H,0.3
2025-26,2025-12-06,Newcastle United,Burnley,H,1551.3209906945738,1411.9118535246744,139.4091371698994,0.19840089698033203,0.1763307124031472,0.6252683906165207,H,0.3
2025-26,2025-12-06,Bournemouth,Chelsea,D,1510.5972834775437,1573.8495762361551,-63.252292758611475,0.37347696706789335,0.2599731446865571,0.36654988824554957,A,0.3
2025-26,2025-12-06,Aston Villa,Arsenal,H,1574.2583972576056,1662.2380894247817,-87.97969216717615,0.40080224297657224,0.25801984042427517,0.3411779165991526,A,0.3
2025-26,2025-12-07,Brighton and Hove Albion,West Ham,D,1543.7793871867943,1444.8776340321422,98.90175315465217,0.22791911104086762,0.20318194809369483,0.5688989408654376,H,0.3
2025-26,2025-12-07,Fulham,Crystal Palace,A,1490.1667249995137,1556.1793134928105,-66.01258849329679,0.3764491215899041,0.2599082259928463,0.36364265241724963,A,0.3
2025-26,2025-12-08,Wolverhampton Wanderers,Manchester United,A,1387.721300569985,1504.7882374706192,-117.06693690063412,0.43496429094730454,0.25186130324313444,0.31317440580956096,A,0.3
2025-26,2025-12-13,Chelsea,Everton,H,1573.7559704599241,1515.5073294964768,58.248640963447315,0.25987271579418786,0.22681425555552964,0.5133130286502825,H,0.3
2025-26,2025-12-13,Liverpool,Brighton and Hove Albion,H,1595.9437724249442,1539.5001188016365,56.44365362330768,0.26135017384123715,0.22775450265778777,0.5108953235009751,H,0.3
2025-26,2025-12-13,Arsenal,Wolverhampton Wanderers,H,1655.0375700560262,1376.7015009797644,278.33606907626177,0.11233189543696487,0.1,0.7876681045630352,H,0.3
2025-26,2025-12-13,Burnley,Fulham,A,1408.7716144423086,1483.5536254695623,-74.7820110272537,0.38602143546282863,0.2594457864310488,0.35453277810612255,A,0.3
2025-26,2025-12-14,Brentford,Leeds United,D,1509.2382054947366,1445.7930537490327,63.445151745703924,0.2556483137875458,0.22404930689954786,0.5203023793129063,H,0.3
2025-26,2025-12-14,Crystal Palace,Manchester City,A,1562.7924130227618,1645.286739717383,-82.49432669462112,0.3946040398781733,0.2587184167336376,0.3466775433881891,A,0.3
2025-26,2025-12-14,Nottingham Forest,Tottenham,H,1478.899721387193,1512.9575459397206,-34.05782455252756,0.34321234289690644,0.25829682287560646,0.39849083422748716,H,0.3
2025-26,2025-12-14,Sunderland,Newcastle United,H,1511.336692169155,1554.4612297769395,-43.12453760778453,0.35238618395264837,0.2592779271875141,0.38833588885983755,H,0.3
2025-26,2025-12-14,West Ham,Aston Villa,A,1449.1569024173,1581.458916626361,-132.3020142090611,0.4537024787512341,0.24705995322598565,0.2992375680227803,A,0.3
2025-26,2025-12-15,Manchester United,Bournemouth,D,1515.8080370608398,1510.6908892537747,5.1171478070650664,0.30575079615680717,0.24945362060891288,0.44479558323428,H,0.3
2025-26,2025-12-20,Newcastle United,Chelsea,D,1547.9929568342632,1580.9504969897278,-32.957540155464585,0.3421125018703036,0.2581498116861966,0.3997376864434997,H,0.3
2025-26,2025-12-20,Wolverhampton Wanderers,Brentford,A,1375.1655458894172,1505.8274982438945,-130.6619523544773,0.45165852739067375,0.24762630533426983,0.3007151672750565,A,0.3
2025-26,2025-12-20,Manchester City,West Ham,H,1657.7847514040782,1443.9599460570478,213.8248053470304,0.14990677733712496,0.12501763832061258,0.7250755843422625,H,0.3
2025-26,2025-12-20,Tottenham,Liverpool,A,1500.3233827571805,1603.1938064456874,-102.87042368850689,0.4180206858726458,0.25537515249545273,0.3266041616319015,A,0.3
2025-26,2025-12-20,Brighton and Hove Albion,Sunderland,D,1532.2500847808933,1517.8049651118313,14.445119669062024,0.29731480005089156,0.24630233776488963,0.4563828621842188,H,0.3
2025-26,2025-12-20,Bournemouth,Burnley,D,1512.5434701321246,1402.3530502519106,110.190419880214,0.2194693147751756,0.19594273749521193,0.5845879477296124,H,0.3
2025-26,2025-12-20,Everton,Arsenal,A,1508.3128029666732,1656.5735251463734,-148.26072217970022,0.473913001504397,0.24095443541328396,0.285132563082319,A,0.3
2025-26,2025-12-20,Leeds United,Crystal Palace,H,1449.2037609998747,1550.2944013360666,-101.09064033619188,0.41593262581623924,0.25574809396524617,0.3283192802185146,A,0.3
2025-26,2025-12-21,Aston Villa,Manchester United,H,1586.6558729866133,1513.9554561824898,72.7004168041235,0.24822927902663044,0.21892185246733514,0.5328488685060345,H,0.3
2025-26,2025-12-22,Fulham,Nottingham Forest,H,1489.9721896599603,1491.5338845697331,-1.5616949097727684,0.3119001840057063,0.25147200593702973,0.43662781005726403,H,0.3
2025-26,2025-12-26,Manchester United,Newcastle United,H,1509.690697478382,1547.2161802629155,-37.52548278453355,0.34669753503583367,0.2587206674152181,0.3945817975489483,H,0.3
2025-26,2025-12-27,Burnley,Everton,D,1406.8940033653373,1503.4340279109376,-96.54002454560032,0.41063080267128027,0.2566319169075254,0.3327372804211944,A,0.3
2025-26,2025-12-27,West Ham,Fulham,A,1439.6305795128144,1495.744568966456,-56.11398945364158,0.3658807381825565,0.25996166024630524,0.3741576015711382,H,0.3
2025-26,2025-12-27,Liverpool,Wolverhampton Wanderers,H,1609.0026920722537,1366.8758313992796,242.1268606729741,0.13348606929150322,0.10661978891455225,0.7598941417939445,H,0.3
2025-26,2025-12-27,Nottingham Forest,Manchester City,A,1485.7615052632375,1662.1141179483116,-176.35261268507406,0.5107735191166481,0.22780164646962014,0.26142483441373165,A,0.3
2025-26,2025-12-27,Arsenal,Brighton and Hove Albion,H,1661.452300202109,1530.139582518466,131.31271768364286,0.20412456989635658,0.18186312193429616,0.6140123081693473,H,0.3
2025-26,2025-12-27,Chelsea,Aston Villa,A,1581.7272735610754,1590.9206316907212,-9.19335812964573,0.3190423117098819,0.2535277990850678,0.4274298892050504,H,0.3
2025-26,2025-12-27,Brentford,Bournemouth,H,1514.1172127340321,1508.002517018698,6.114695715334165,0.30484024568569423,0.24913491825460082,0.446024836059705,H,0.3
2025-26,2025-12-28,Crystal Palace,Tottenham,A,1535.4802273982625,1494.5144971306142,40.96573026764827,0.2742409938714419,0.23536325374980108,0.49039575237875704,H,0.3
2025-26,2025-12-28,Sunderland,Leeds United,D,1519.9154673742585,1464.0179349376788,55.897532436579695,0.2617982370877946,0.22803689397732826,0.5101648689348771,H,0.3
2025-26,2025-12-30,Manchester United,Wolverhampton Wanderers,D,1516.0656801626244,1365.0098404474204,151.055839715204,0.19031986181462962,0.16828788082392063,0.6413922573614498,H,0.3
2025-26,2025-12-30,Burnley,Newcastle United,A,1407.9418492982168,1540.841197578673,-132.89934828045625,0.45444848594049636,0.2468507798218266,0.29870073423767707,A,0.3
2025-26,2025-12-30,Chelsea,Bournemouth,D,1573.8223867115994,1496.7774112925777,77.04497541902174,0.2447918670690789,0.21643066697928204,0.5387774659516391,H,0.3
2025-26,2025-12-30,Arsenal,Aston Villa,H,1664.7162759121127,1598.8255185401972,65.89075737191547,0.25367499109500924,0.22271908999177611,0.5236059189132146,H,0.3
2025-26,2025-12-30,Nottingham Forest,Everton,A,1481.4165508483234,1502.3861819780582,-20.969631129734807,0.3303136550550825,0.25616069793389756,0.41352564701102,H,0.3
2025-26,2025-12-30,West Ham,Brighton and Hove Albion,D,1432.7959110606766,1526.8756068084624,-94.07969574778576,0.40778655935170766,0.25706772807251754,0.3351457125757748,A,0.3
2025-26,2026-01-01,Liverpool,Leeds United,D,1610.868683024113,1467.2352730450234,143.6334099790895,0.1954491204717664,0.1734231740999104,0.6311277054283232,H,0.3
2025-26,2026-01-01,Sunderland,Manchester City,D,1516.6981292669138,1666.4590723632257,-149.76094309631185,0.47584187530077077,0.24032681534722294,0.28383130935200634,A,0.3
2025-26,2026-01-01,Brentford,Tottenham,D,1525.3423184601525,1503.242893441037,22.099425019115415,0.2905205681791009,0.24343701325495015,0.46604241856594897,H,0.3
2025-26,2026-01-01,Crystal Palace,Fulham,D,1526.7518310878397,1502.5792374185937,24.172593669245998,0.2886996568996945,0.24261890706731912,0.46868143603298634,H,0.3
2025-26,2026-01-03,Aston Villa,Nottingham Forest,H,1590.0399713164122,1469.3167607243981,120.72321059201408,0.21174252014827263,0.1889963562982122,0.5992611235535151,H,0.3
2025-26,2026-01-03,Bournemouth,Arsenal,A,1500.5292885865654,1673.5018231358977,-172.9725345493323,0.50626109276178,0.22953257883450312,0.2642063284037169,A,0.3
2025-26,2026-01-03,Brighton and Hove Albion,Burnley,H,1525.897848141613,1399.7240337970275,126.17381434458548,0.2078027052295762,0.1853411792109362,0.6068561155594876,H,0.3
2025-26,2026-01-03,Wolverhampton Wanderers,West Ham,H,1370.433260223889,1433.773669727526,-63.34040950363715,0.37357154608352844,0.2599716698319543,0.36645678408451726,A,0.3
2025-26,2026-01-04,Leeds United,Manchester United,D,1472.506151338546,1510.6422603861558,-38.13610904760981,0.34731424069476535,0.2587890812850439,0.3938966780201907,H,0.3
2025-26,2026-01-04,Fulham,Liverpool,D,1504.955607528869,1605.5978047305903,-100.64219720172127,0.41540778912410975,0.2558396515087719,0.3287525593671183,A,0.3
2025-26,2026-01-04,Everton,Brentford,A,1514.4859721019834,1523.0223285391282,-8.536356437144832,0.3184225156863646,0.253361496458519,0.4282159878551164,H,0.3
2025-26,2026-01-04,Manchester City,Chelsea,D,1663.931530654135,1570.0705094176117,93.86102123652336,0.23174955927055257,0.20633434807017725,0.5619160926592702,H,0.3
2025-26,2026-01-04,Tottenham,Sunderland,D,1505.5628833620613,1519.2256709760045,-13.662787613943237,0.32328374012125366,0.2546050430823422,0.4221112167964041,H,0.3
2025-26,2026-01-04,Newcastle United,Crystal Palace,H,1549.0590130798623,1524.3754609775644,24.68355210229788,0.288252114601942,0.24241457139960554,0.46933331399845246,H,0.3
2025-26,2026-01-06,West Ham,Nottingham Forest,A,1420.1691348084403,1463.8785121395927,-43.70937733115238,0.35298478776782033,0.2593270448619124,0.3876881673702673,H,0.3
2025-26,2026-01-07,Newcastle United,Leeds United,H,1557.3264287600525,1471.877687346054,85.4487414139985,0.23822258881336958,0.21147072000080688,0.5503066911858235,H,0.3
2025-26,2026-01-07,Manchester City,Brighton and Hove Albion,D,1659.7715102149753,1531.198513646994,128.57299656798136,0.2060811235744773,0.18372098170775997,0.6101978947177628,H,0.3
2025-26,2026-01-07,Fulham,Chelsea,H,1506.1200773898697,1574.2305298567715,-68.11045246690173,0.37872105283659974,0.25983303552544956,0.3614459116379507,A,0.3
2025-26,2026-01-07,Everton,Wolverhampton Wanderers,D,1501.9330431198207,1384.0377951429748,117.8952479768459,0.2138023569371934,0.19087745748833718,0.5953201855744694,H,0.3
2025-26,2026-01-07,Bournemouth,Tottenham,H,1496.1219708393553,1504.237042936687,-8.115072097331677,0.3180255824013926,0.2532537933773999,0.42872062422120744,H,0.3
2025-26,2026-01-07,Burnley,Manchester United,D,1394.4233682916465,1511.2707243786479,-116.84735608700134,0.4346983646244083,0.2519228332753663,0.3133788021002254,A,0.3
2025-26,2026-01-07,Brentford,Sunderland,H,1535.575257521291,1520.5515114013788,15.023746119912175,0.2967972156367753,0.24609439959839954,0.4571083847648252,H,0.3
2025-26,2026-01-07,Crystal Palace,Aston Villa,D,1516.1080452973742,1595.4782199012177,-79.37017460384345,0.3911087778048033,0.2590490776467832,0.3498421445484135,A,0.3
2025-26,2026-01-08,Arsenal,Liverpool,D,1677.9091408831077,1604.4333348695895,73.4758060135182,0.2476137014807697,0.21848105349280875,0.5339052450264216,H,0.3
2025-26,2026-01-17,Tottenham,West Ham,A,1498.354766003989,1413.0542545822047,85.30051142178422,0.23833756293464728,0.21155974180172543,0.5501026952636273,H,0.3
2025-26,2026-01-17,Manchester United,Manchester City,H,1509.6489724001003,1654.8207916238157,-145.17181922371537,0.4699567782446356,0.2422183168772559,0.28782490487810847,A,0.3
2025-26,2026-01-17,Sunderland,Crystal Palace,H,1509.710430143554,1516.6649868168656,-6.954556673311572,0.3169341369668068,0.2529528048622467,0.4301130581709465,H,0.3
2025-26,2026-01-17,Liverpool,Burnley,D,1608.0966055404435,1396.045120270194,212.0514852702495,0.15097395606847422,0.1262050657096146,0.7228209782219113,H,0.3
2025-26,2026-01-17,Nottingham Forest,Arsenal,D,1470.9933923658282,1674.2458702122537,-203.25247784642556,0.547286391600669,0.21278421565120478,0.2399293927481262,A,0.3
2025-26,2026-01-17,Chelsea,Brentford,H,1567.3502882705382,1546.4163387791157,20.93394949142248,0.2915478092533406,0.24388914950428706,0.4645630412423723,H,0.3
2025-26,2026-01-17,Leeds United,Fulham,H,1467.8461399692249,1513.000318976103,-45.15417900687817,0.35446718925386234,0.2594409964803636,0.386091814265774,H,0.3
2025-26,2026-01-18,Aston Villa,Everton,A,1594.9212783817263,1497.217838579196,97.70343980253028,0.2288264678258502,0.20393613393528057,0.5672373982388692,H,0.3
2025-26,2026-01-18,Wolverhampton Wanderers,Newcastle United,D,1388.7529996835995,1561.3579761368817,-172.60497645328223,0.5057715695797405,0.2297185056402447,0.2645099247800149,A,0.3
2025-26,2026-01-19,Brighton and Hove Albion,Bournemouth,D,1536.1492322381534,1502.0042477720533,34.14498446610014,0.28005222214283587,0.23844202066054399,0.48150575719662014,H,0.3
2025-26,2026-01-24,Manchester City,Wolverhampton Wanderers,H,1642.0376889656634,1391.885122765438,250.15256620022546,0.12904259703320883,0.10162413951154557,0.7693332634552456,H,0.3
2025-26,2026-01-24,West Ham,Sunderland,H,1422.3655434903058,1515.5732388873923,-93.20769539708658,0.4067822446861949,0.2572150686550704,0.33600268665873473,A,0.3
2025-26,2026-01-24,Fulham,Brighton and Hove Albion,H,1506.498298354897,1533.5039505850282,-27.00565223013109,0.3362126273104109,0.25725054881859233,0.40653682387099677,H,0.3
2025-26,2026-01-24,Burnley,Tottenham,D,1402.5895278847545,1489.043477095888,-86.45394921113348,0.39907039026925306,0.2582291928689532,0.3427004168617938,A,0.3
2025-26,2026-01-24,Bournemouth,Liverpool,H,1504.6495294251786,1601.552197925883,-96.90266850070452,0.4110513556125584,0.2565651773581337,0.33238346702930793,A,0.3
2025-26,2026-01-25,Arsenal,Manchester United,A,1670.3415150790954,1522.4320750582526,147.9094400208428,0.19248526134673152,0.1704683162214145,0.637046422431854,H,0.3
2025-26,2026-01-25,Brentford,Nottingham Forest,A,1538.0239460621872,1474.8977474989865,63.12619856320066,0.2559063652327085,0.22422144618048281,0.5198721885868087,H,0.3
2025-26,2026-01-25,Crystal Palace,Chelsea,A,1510.8021780730273,1575.7426809874667,-64.94050291443932,0.3752924365747686,0.2599380325033851,0.36476953092184633,A,0.3
2025-26,2026-01-25,Newcastle United,Aston Villa,A,1558.2258530550432,1585.4632392164856,-27.237386161442373,0.3364407808391408,0.25728883305898465,0.40627038610187455,H,0.3
2025-26,2026-01-26,Everton,Leeds United,D,1506.6758777444368,1474.3481605904308,32.327717154005995,0.2816144986938429,0.23923240024685374,0.4791531010593033,H,0.3
2025-26,2026-01-31,Liverpool,Newcastle United,H,1594.2106315380886,1546.3537998527336,47.85683168535502,0.2684519788945944,0.23207884811983337,0.49946917298557225,H,0.3
2025-26,2026-01-31,Chelsea,West Ham,H,1586.2620768741563,1433.9094457847375,152.35263108941876,0.1894312102956532,0.16738793014400993,0.6431808595603368,H,0.3
2025-26,2026-01-31,Leeds United,Arsenal,A,1476.9447301923637,1660.366009904748,-183.42127971238415,0.5202701764287764,0.2240622014912879,0.25566762207993576,A,0.3
2025-26,2026-01-31,Brighton and Hove Albion,Everton,D,1527.3048526273456,1504.0793081425038,23.22554448484175,0.28953046460092674,0.24299481723337635,0.4674747181656969,H,0.3
2025-26,2026-01-31,Wolverhampton Wanderers,Bournemouth,A,1389.0512586481482,1511.991095812973,-122.9398371648249,0.442120907288387,0.2501337709439552,0.30774532176765773,A,0.3
2025-26,2026-02-01,Tottenham,Manchester City,D,1488.2835392166194,1644.8715530829531,-156.58801386633377,0.4846792157627304,0.23735946652642476,0.2779613177108449,A,0.3
2025-26,2026-02-01,Nottingham Forest,Crystal Palace,D,1489.2112913275448,1500.2827821863377,-11.071490858792913,0.3208192846738476,0.253991990857659,0.4251887244684934,H,0.3
2025-26,2026-02-01,Aston Villa,Brentford,A,1597.3352924187952,1523.7104022336289,73.62489018516635,0.2474954488421823,0.21839610886036145,0.5341084422974562,H,0.3
2025-26,2026-02-01,Manchester United,Fulham,H,1532.4075802326001,1512.6973963125797,19.710183920020427,0.29262921703423933,0.24435782535504677,0.46301295761071387,H,0.3
2025-26,2026-02-02,Sunderland,Burnley,H,1504.0293365929606,1403.349465764023,100.67987082893751,0.22657643285102497,0.20205754251392247,0.5713660246350525,H,0.3
2025-26,2026-02-06,Leeds United,Nottingham Forest,H,1467.1549054905458,1487.8122521950477,-20.657346704501833,0.3300107380243545,0.2560994801560906,0.413889781819555,H,0.3
2025-26,2026-02-07,Wolverhampton Wanderers,Chelsea,A,1380.5110824385545,1589.2118223503655,-208.70073991181107,0.5547873423499956,0.20950445612667426,0.23570820152333014,A,0.3
2025-26,2026-02-07,Fulham,Everton,A,1507.3765176048057,1506.429942690532,0.9465749142736968,0.30957985442016883,0.25073769766831344,0.4396824479115177,H,0.3
2025-26,2026-02-07,Arsenal,Sunderland,H,1670.1558346065658,1511.5576051199225,158.59822948664328,0.1851825562920686,0.16304551983670254,0.6517719238712288,H,0.3
2025-26,2026-02-07,Bournemouth,Aston Villa,D,1520.5312720225668,1588.1688238763431,-67.63755185377636,0.3782079280384871,0.25985193307989757,0.3619401388816153,A,0.3
2025-26,2026-02-07,Manchester United,Tottenham,H,1537.7284589403741,1490.9940940452534,46.734364895120734,0.2693894080668047,0.23262540062937803,0.4979851913038173,H,0.3
2025-26,2026-02-07,Newcastle United,Brentford,A,1536.8676612540992,1532.876870776081,3.990790478018198,0.3067813760774001,0.24980812972297142,0.4434104941996285,H,0.3
2025-26,2026-02-07,Burnley,West Ham,A,1395.8211972370611,1430.9597003085282,-35.138503071467085,0.3442953959758996,0.25843534755807973,0.3972692564660207,H,0.3
2025-26,2026-02-08,Liverpool,Manchester City,A,1603.696770136723,1642.160998254319,-38.46422811759612,0.34764599817469666,0.2588250722936649,0.3935289295316384,H,0.3
2025-26,2026-02-08,Brighton and Hove Albion,Crystal Palace,A,1524.9542180793173,1501.6818213188349,23.27239676048248,0.2894893232481327,0.24297630665156258,0.46753437010030474,H,0.3
2025-26,2026-02-10,Everton,Bournemouth,A,1514.561502922967,1520.7510630330949,-6.189560110127786,0.3162162620763969,0.25275095701063294,0.4310327809129701,H,0.3
2025-26,2026-02-10,Chelsea,Leeds United,D,1595.1957943276907,1476.8116065508539,118.38418777683682,0.21344545145042634,0.19055301966388413,0.5960015288856895,H,0.3
2025-26,2026-02-10,West Ham,Manchester United,D,1442.5455696438287,1545.2814417681923,-102.7358721243636,0.41786254500225417,0.25540387997767955,0.3267335750200663,A,0.3
2025-26,2026-02-10,Tottenham,Newcastle United,A,1483.4411112174353,1528.6886279616356,-45.24751674420031,0.3545631324400445,0.2594479960059302,0.38598887155402534,H,0.3
2025-26,2026-02-11,Manchester City,Fulham,H,1649.3950885205297,1499.2449573723707,150.15013114815906,0.19094183890278071,0.16891600442226842,0.6401421566749509,H,0.3
2025-26,2026-02-11,Nottingham Forest,Wolverhampton Wanderers,D,1478.1555511347397,1374.5271104612293,103.62844067351034,0.22435963872921133,0.20017944389791775,0.575460917372871,H,0.3
2025-26,2026-02-11,Aston Villa,Brighton and Hove Albion,H,1587.949032865815,1516.4821481434292,71.46688472238588,0.24921045829694638,0.2196196185564597,0.5311699231465938,H,0.3
2025-26,2026-02-11,Crystal Palace,Burnley,A,1510.153891254723,1384.2353279017607,125.91856335296234,0.20798631823782543,0.18551316461790027,0.6065005171442743,H,0.3
2025-26,2026-02-11,Sunderland,Liverpool,A,1505.8355451985506,1596.4626798705124,-90.62713467196181,0.4038216459835504,0.25762918045895983,0.33854917355748965,A,0.3
2025-26,2026-02-12,Brentford,Arsenal,D,1541.0559040685446,1675.8778945279378,-134.8219904593932,0.45685532111834976,0.2461670663931555,0.2969776124884948,A,0.3
2025-26,2026-02-18,Wolverhampton Wanderers,Arsenal,D,1378.9168610867289,1673.7570305871054,-294.84016950037653,0.6738918904712831,0.15173086674531333,0.17437724278340358,A,0.3
2025-26,2026-02-21,Manchester City,Newcastle United,H,1655.3581420559817,1535.7686259614436,119.58951609453811,0.2125669891729606,0.189751788732546,0.5976812220944935,H,0.3
2025-26,2026-02-21,West Ham,Bournemouth,D,1443.769440780566,1528.7251367328533,-84.95569595228744,0.39737561666132853,0.2584235043963441,0.3442008789423273,A,0.3
2025-26,2026-02-21,Aston Villa,Leeds United,D,1592.2368045197668,1481.5377478143175,110.69905670544927,0.21909271943550096,0.19561123792016158,0.5852960426443375,H,0.3
2025-26,2026-02-21,Brentford,Brighton and Hove Albion,A,1543.176768009377,1512.1943764894775,30.982391519899465,0.2827749016355579,0.23980924233178583,0.4774158560326563,H,0.3
2025-26,2026-02-21,Chelsea,Burnley,D,1590.469653064227,1393.9993946364082,196.47025842781886,0.1605407655463483,0.13677376073207054,0.7026854737215812,H,0.3
2025-26,2026-02-22,Tottenham,Arsenal,A,1476.3611132176272,1667.8683965663047,-191.50728334867745,0.5312248777847804,0.21959683464231505,0.2491782875729045,A,0.3
2025-26,2026-02-22,Crystal Palace,Wolverhampton Wanderers,H,1500.3898245200755,1384.8054951075296,115.58432941254591,0.21549360031085488,0.19240620944535275,0.5921001902437925,H,0.3
2025-26,2026-02-22,Sunderland,Fulham,A,1499.7636453194532,1493.2819038369187,6.481741482534517,0.30450572228500816,0.24901653684203526,0.44647774087295655,H,0.3
2025-26,2026-02-22,Nottingham Forest,Liverpool,A,1473.76580050924,1602.5345797496097,-128.76877924036967,0.44930704207535893,0.24826545937304012,0.3024274985516009,A,0.3
2025-26,2026-02-23,Everton,Manchester United,A,1506.5874292232086,1544.057570631455,-37.47014140824649,0.34664168710769133,0.2587143748085991,0.3946439380837095,H,0.3
2025-26,2026-02-27,Wolverhampton Wanderers,Aston Villa,H,1381.2910323806252,1587.6842381430067,-206.3932057623815,0.5516069711752217,0.21090226093460712,0.23749076789017115,A,0.3
2025-26,2026-02-28,Bournemouth,Sunderland,D,1528.0080867989054,1486.738990295986,41.26909650291941,0.2739844259543766,0.23522228209476423,0.49079329195085913,H,0.3
2025-26,2026-02-28,Burnley,Brentford,A,1400.2798421426726,1529.569365229558,-129.2895230868853,0.4499530023541505,0.24809121828506056,0.301955779360789,A,0.3
2025-26,2026-02-28,Leeds United,Manchester City,A,1486.0903141910776,1658.807551440499,-172.7172372494215,0.5059210566736131,0.22966176757603896,0.2644171757503479,A,0.3
2025-26,2026-02-28,Liverpool,West Ham,H,1607.8033412406214,1444.4864907145138,163.3168505261076,0.1820070507383264,0.15975890777340912,0.6582340414882645,H,0.3
2025-26,2026-02-28,Newcastle United,Everton,A,1532.3192165769262,1499.3307028630907,32.98851371383557,0.28104573325725907,0.23894648216574244,0.4800077845769985,H,0.3
2025-26,2026-03-01,Brighton and Hove Albion,Nottingham Forest,H,1525.8017792692965,1468.4970390182284,57.3047402510681,0.26064468115498063,0.22730726770230203,0.5120480511427173,H,0.3
2025-26,2026-03-01,Arsenal,Chelsea,H,1676.0122059519133,1584.1892055579626,91.82300039395068,0.2333084560158829,0.2075934900480655,0.5590980539360516,H,0.3
2025-26,2026-03-01,Manchester United,Crystal Palace,H,1551.314296991573,1503.90428724698,47.410009744593026,0.2688248876534195,0.23229694588658129,0.49887816645999916,H,0.3
2025-26,2026-03-01,Fulham,Tottenham,H,1506.3065588603858,1468.2173038320186,38.08925502836723,0.2766817182270863,0.23668299004628143,0.4866352917266322,H,0.3
2025-26,2026-03-03,Wolverhampton Wanderers,Liverpool,H,1395.3330490231508,1613.394096448657,-218.0610474255061,0.5677331507618694,0.20371137092239253,0.22855547831573803,A,0.3
2025-26,2026-03-03,Leeds United,Sunderland,A,1481.6782648392752,1489.5739168494208,-7.895652010145568,0.31781899781374606,0.25319736824914857,0.4289836339371053,H,0.3
2025-26,2026-03-03,Bournemouth,Brentford,D,1525.1731602454706,1534.827513805275,-9.654353559804349,0.3194777627812983,0.2536432764459058,0.4268789607727959,H,0.3
2025-26,2026-03-03,Everton,Burnley,H,1507.9450968620056,1395.0216935669555,112.9234032950501,0.2174499561558983,0.1941565895633048,0.5883934542807968,H,0.3
2025-26,2026-03-04,Fulham,West Ham,A,1511.2459823071167,1438.8957355064783,72.35024680063839,0.24850757659773745,0.219120367694852,0.5323720557074105,H,0.3
2025-26,2026-03-04,Brighton and Hove Albion,Arsenal,A,1530.3593139639397,1679.9303419725088,-149.5710280085691,0.47559743117371284,0.24040676041769873,0.2839958084085884,A,0.3
2025-26,2026-03-04,Newcastle United,Manchester United,H,1523.7048225780113,1556.0662488404737,-32.36142626246237,0.34151783037436223,0.2580676501229554,0.40041451950268236,H,0.3
2025-26,2026-03-04,Manchester City,Nottingham Forest,D,1663.2196007923014,1463.9395043235852,199.28009646871624,0.15879048588326117,0.13485175716170944,0.7063577569550294,H,0.3
2025-26,2026-03-04,Aston Villa,Chelsea,A,1573.6422215004811,1580.271069537367,-6.628848036885984,0.3166283367948402,0.2528671987689311,0.43050446443622875,H,0.3
2025-26,2026-03-05,Tottenham,Crystal Palace,A,1463.2778803852877,1499.1523353980792,-35.874455012791486,0.3450345637576828,0.2585263512646923,0.3964390849776249,H,0.3
2025-26,2026-03-14,West Ham,Manchester City,D,1448.046007877633,1656.8904280105899,-208.84442013295688,0.5549855295121839,0.2094170075929854,0.2355974628948306,A,0.3
2025-26,2026-03-14,Chelsea,Newcastle United,A,1596.198976036461,1529.9935490141997,66.20542702226135,0.2534217685418953,0.22254662124465094,0.5240316102134538,H,0.3
2025-26,2026-03-14,Sunderland,Brighton and Hove Albion,A,1497.5086893108821,1525.5062010202473,-27.9975117093652,0.33719004181393814,0.2574125564356246,0.4053974017504372,H,0.3
2025-26,2026-03-14,Arsenal,Everton,H,1684.7834549162012,1513.5846480639013,171.19880685229987,0.17676901136422615,0.15426636772249913,0.6689646209132747,H,0.3
2025-26,2026-03-14,Burnley,Bournemouth,D,1389.3821423650597,1523.734154008881,-134.35201164382124,0.45626618938814695,0.24633566349176297,0.2973981471200901,A,0.3
2025-26,2026-03-15,Crystal Palace,Leeds United,D,1510.7116067477575,1473.743492377814,36.96811436994358,0.277636957876717,0.2371889933833343,0.4851740487399487,H,0.3
2025-26,2026-03-15,Liverpool,Tottenham,D,1604.4015101052478,1451.7186090356095,152.68290106963832,0.18920524275348413,0.1671586212628718,0.6436361359836441,H,0.3
2025-26,2026-03-15,Manchester United,Aston Villa,H,1549.7775224042853,1557.7143150013871,-7.936792597101885,0.31785772382979127,0.25320796496463954,0.42893431120556924,H,0.3
2025-26,2026-03-15,Nottingham Forest,Fulham,D,1470.2686771052968,1502.095709935962,-31.827032830665303,0.34098544652273105,0.257992495536391,0.4010220579408779,H,0.3
2025-26,2026-03-16,Brentford,Wolverhampton Wanderers,D,1536.2665200418646,1404.32563536656,131.9408846753047,0.2036773772812315,0.18143605532256207,0.6148865673962065,H,0.3
2025-26,2026-03-20,Bournemouth,Manchester United,D,1521.6262123885556,1559.0959703671592,-37.46975797860364,0.3466413001941715,0.25871433115717585,0.3946443686486527,H,0.3
2025-26,2026-03-21,Leeds United,Brentford,D,1476.464180583189,1531.2429761539522,-54.77879557076312,0.364474203890658,0.2599307918916235,0.3755950042177185,H,0.3
2025-26,2026-03-21,Brighton and Hove Albion,Liverpool,H,1532.979232221541,1598.9451182300118,-65.96588600847076,0.37639867244651404,0.25990964590918114,0.3636916816443047,A,0.3
2025-26,2026-03-21,Everton,Chelsea,H,1509.3237446201877,1587.1278334839296,-77.80408886374198,0.38936617997228223,0.2591963982414674,0.3514374217862505,A,0.3
2025-26,2026-03-21,Fulham,Burnley,H,1502.9048205050196,1391.4900839853851,111.41473651963452,0.21856342728818717,0.195144079598097,0.5862924931137158,H,0.3
2025-26,2026-03-22,Tottenham,Nottingham Forest,A,1457.1750009108455,1469.4595665362392,-12.284565625393725,0.3219711353394214,0.254282949264434,0.42374591539614453,H,0.3
2025-26,2026-03-22,Aston Villa,West Ham,H,1548.3958670385132,1452.085913487605,96.30995355090818,0.2298841450418712,0.20480945377173274,0.5653064011863961,H,0.3
2025-26,2026-03-22,Newcastle United,Sunderland,A,1539.0646915667312,1490.0356581095884,49.02903345714276,0.2674752799896275,0.23150336814671163,0.5010213518636609,H,0.3
2025-26,2026-04-10,West Ham,Wolverhampton Wanderers,H,1446.0002990745936,1409.3491792544723,36.65111982012127,0.2779074483324507,0.23733120171070787,0.48476134995684145,H,0.3
2025-26,2026-04-11,Arsenal,Bournemouth,A,1689.044358359915,1520.978647347545,168.06571101237,0.1788411866868131,0.15644941321680816,0.6647094000963787,H,0.3
2025-26,2026-04-11,Brentford,Everton,D,1531.3932431858084,1523.3986960917018,7.994547094106565,0.3031298536729807,0.24852231066776523,0.4483478356592541,H,0.3
2025-26,2026-04-11,Burnley,Brighton and Hove Albion,A,1385.8109959575363,1539.8244632351837,-154.01346727764735,0.4813352643805537,0.23849964972387142,0.28016508589557493,A,0.3
2025-26,2026-04-11,Liverpool,Fulham,H,1592.099887216369,1508.5839085328685,83.51597868350063,0.23972424376348328,0.2126272543460588,0.547648501890458,H,0.3
2025-26,2026-04-12,Sunderland,Tottenham,H,1498.87657568511,1441.5075408808245,57.36903480428555,0.2605920524567853,0.22727377731947399,0.5121341702237407,H,0.3
2025-26,2026-04-12,Chelsea,Manchester City,A,1573.0528820124155,1652.8505224006178,-79.79764038820235,0.3915855268973899,0.2590067253182851,0.3494077477843251,A,0.3
2025-26,2026-04-12,Crystal Palace,Newcastle United,H,1507.9909185423824,1530.2237739912096,-22.232855448827195,0.33154126004437834,0.25640349638757887,0.4120552435680428,H,0.3
2025-26,2026-04-12,Nottingham Forest,Aston Villa,D,1485.1270265662602,1554.4814814515246,-69.35445488526443,0.3800736120991661,0.25977791214416485,0.36014847575666903,A,0.3
2025-26,2026-04-13,Manchester United,Leeds United,A,1559.74353540817,1476.313913551333,83.429621856837,0.23979146580674127,0.21267871410748887,0.5475298200857699,H,0.3
2025-26,2026-04-18,Brentford,Fulham,D,1529.4608108056093,1502.1388828321853,27.321927973423954,0.2859489592878955,0.241342618459166,0.47270842225293846,H,0.3
2025-26,2026-04-18,Chelsea,Manchester United,A,1560.4366374846336,1550.4550203205174,9.981617164116187,0.3013296861133962,0.2478578008377387,0.4508125130488651,H,0.3
2025-26,2026-04-18,Leeds United,Wolverhampton Wanderers,H,1485.6024286389854,1397.8121799961316,87.79024864285384,0.23641063580942576,0.2100574918340452,0.553531872356529,H,0.3
2025-26,2026-04-18,Newcastle United,Bournemouth,A,1524.1046561356561,1531.1272226085784,-7.022566472922335,0.31699801867402444,0.2529706174047255,0.4300313639212501,H,0.3
2025-26,2026-04-18,Tottenham,Brighton and Hove Albion,D,1436.9512536941734,1547.379421875942,-110.42816818176857,0.4269775418035801,0.2536226785980221,0.3193997795983977,A,0.3
2025-26,2026-04-19,Aston Villa,Sunderland,H,1554.2123036376038,1503.4328628717612,50.77944076584254,0.26602109491139325,0.23063515719327757,0.5033437478953292,H,0.3
2025-26,2026-04-19,Everton,Liverpool,A,1525.331128471901,1598.5449129170522,-73.2137844451513,0.38429507645891653,0.2595570470298587,0.3561478765112248,A,0.3
2025-26,2026-04-19,Manchester City,Arsenal,H,1665.4667669283997,1678.8957830988813,-13.429016170481646,0.323060802331126,0.25455104647477655,0.42238815119409745,H,0.3
2025-26,2026-04-19,Nottingham Forest,Burnley,H,1485.396204380181,1378.256037316778,107.14016706340294,0.22173515501422134,0.19792154958986616,0.5803432953959125,H,0.3
2025-26,2026-04-20,Crystal Palace,West Ham,D,1514.1100363979358,1457.5372983329344,56.57273806500143,0.26124433772669237,0.2276876122866426,0.5110680499866651,H,0.3
2025-26,2026-04-21,Brighton and Hove Albion,Chelsea,H,1545.9380897357437,1552.165114462481,-6.227024726737227,0.3162513896009025,0.2527609057491948,0.43098770464990266,H,0.3
2025-26,2026-04-22,Burnley,Manchester City,A,1370.9471400333032,1671.4382045031914,-300.4910644698882,0.6814964726939357,0.1478025721671421,0.1707009551389222,A,0.3
2025-26,2026-04-22,Bournemouth,Leeds United,D,1539.0821058798388,1493.5817040446166,45.50040183522219,0.27042241654959404,0.23322110576049196,0.49635647768991403,H,0.3
2025-26,2026-04-24,Sunderland,Nottingham Forest,A,1498.7476542059267,1492.7051016636558,6.042552542270869,0.30490602889229923,0.2491581157496393,0.44593585535806146,H,0.3
2025-26,2026-04-25,Arsenal,Newcastle United,H,1672.9243455240896,1516.1497728643958,156.77457265969383,0.18641776778863284,0.16431462639916883,0.6492676058121983,H,0.3
2025-26,2026-04-25,Wolverhampton Wanderers,Tottenham,A,1389.8329045905004,1438.3925858343716,-48.55968124387118,0.3579816696447326,0.25966789751290825,0.3823504328423591,H,0.3
2025-26,2026-04-25,Fulham,Aston Villa,H,1504.6005930522288,1558.8975123034384,-54.2969192512096,0.3639676821356586,0.2599174297760512,0.37611488808829024,H,0.3
2025-26,2026-04-25,West Ham,Everton,H,1460.7720478492492,1518.8779063821721,-58.105858532922866,0.36798739223049254,0.2599908905825005,0.3720217171870069,H,0.3
2025-26,2026-04-25,Liverpool,Crystal Palace,H,1604.998135006781,1510.875286881621,94.12284812516009,0.23154971384317063,0.20617192683817354,0.5622783593186558,H,0.3
2025-26,2026-04-27,Manchester United,Brentford,H,1558.72654334267,1526.9991005855659,31.7274427571042,0.2821318560140109,0.23949065728651256,0.47837748669947655,H,0.3
2025-26,2026-05-01,Leeds United,Burnley,H,1496.528238734573,1368.5039988602186,128.0242398743544,0.20647421728211254,0.18409213564607582,0.6094336470718116,H,0.3
2025-26,2026-05-02,Newcastle United,Brighton and Hove Albion,H,1513.2630532982969,1557.6393001826682,-44.37624688437131,0.3536683750882449,0.25938094876725437,0.38695067614450074,H,0.3
2025-26,2026-05-02,Wolverhampton Wanderers,Sunderland,D,1382.8278951837717,1477.5229130922003,-94.69501790842855,0.4084964313732973,0.25696151225084746,0.33454205637585527,A,0.3
2025-26,2026-05-02,Arsenal,Fulham,H,1675.8110650901885,1511.254085476985,164.55697961320357,0.18117740242332375,0.15889471540939235,0.6599278821672838,H,0.3
2025-26,2026-05-02,Brentford,West Ham,H,1521.9293737917728,1467.4883420778685,54.441031713904295,0.262995593746769,0.228785225678756,0.508219180574475,H,0.3
2025-26,2026-05-03,Aston Villa,Tottenham,A,1552.2440198786821,1445.3975952411004,106.84642463758178,0.2219540316196487,0.19811126250305439,0.579934705877297,H,0.3
2025-26,2026-05-03,Bournemouth,Crystal Palace,H,1536.1355711898823,1504.7292062427457,31.40636494713658,0.28240885104693436,0.23962821727571385,0.4779629316773518,H,0.3
2025-26,2026-05-03,Manchester United,Liverpool,H,1563.7962701364631,1611.1442156456562,-47.347945509193096,0.35672787232046443,0.25959387839632436,0.38367824928321126,H,0.3
2025-26,2026-05-04,Chelsea,Nottingham Forest,A,1540.4639040155564,1513.9298427773822,26.534061238174218,0.28663536541947093,0.24166566640500764,0.4716989681755214,H,0.3
2025-26,2026-05-04,Everton,Manchester City,D,1512.1616121535528,1673.881345676276,-161.71973352272312,0.4913841482792055,0.23501225102467752,0.273603600696117,A,0.3
2025-26,2026-05-09,Brighton and Hove Albion,Wolverhampton Wanderers,H,1547.3543353037824,1383.8231918772374,163.531143426545,0.18186354176466987,0.159609583751532,0.6585268744837981,H,0.3
2025-26,2026-05-09,Fulham,Bournemouth,A,1505.6974486035313,1546.2882764308329,-40.59082782730161,0.3498024962626198,0.25904525189394123,0.391152251843439,H,0.3
2025-26,2026-05-09,Liverpool,Chelsea,D,1604.60576480249,1526.959606640743,77.64615816174705,0.24431844589220628,0.216081912460171,0.5395996416476228,H,0.3
2025-26,2026-05-09,Sunderland,Manchester United,D,1476.5276163987346,1570.3347209796293,-93.8071045808947,0.40747239488865644,0.25711418858156404,0.3354134165297796,A,0.3
2025-26,2026-05-09,Manchester City,Brentford,H,1671.0344955420771,1531.1559884813546,139.87850706072254,0.19807174932803145,0.17600828515310765,0.6259199655188609,H,0.3
2025-26,2026-05-10,Nottingham Forest,Newcastle United,D,1527.4341401521956,1523.5480181771827,3.886121975012884,0.3068772769066856,0.24984078423133108,0.44328193886198336,H,0.3
2025-26,2026-05-10,West Ham,Arsenal,A,1458.2617273882868,1681.3677019636423,-223.1059745753555,0.5747350059515203,0.20051343474691508,0.22475155930156454,A,0.3
2025-26,2026-05-10,Crystal Palace,Everton,D,1494.5765010017951,1515.0084622877516,-20.431961285956504,0.32979225143264457,0.2560550034421134,0.41415274512524203,H,0.3
2025-26,2026-05-10,Burnley,Aston Villa,D,1363.2494632416795,1542.6825548610657,-179.43309161938623,0.5149024081256992,0.22619154487533433,0.2589060469989665,A,0.3
2025-26,2026-05-11,Tottenham,Leeds United,D,1454.9590602587168,1501.7827743531122,-46.82371409439543,0.3561865701031416,0.2595595553898668,0.38425387450699156,H,0.3
2025-26,2026-05-13,Manchester City,Crystal Palace,H,1677.3008436514858,1493.4425395653593,183.8583040861265,0.16853091078423105,0.14546717423605307,0.6860019149797159,H,0.3
2025-26,2026-05-15,Aston Villa,Liverpool,H,1539.3742896252525,1600.8390294707146,-61.46473984546219,0.3715625942065194,0.25999455259288823,0.36844285320059245,A,0.3
2025-26,2026-05-17,Newcastle United,West Ham,H,1525.366360991455,1454.7234060424069,70.64295494904809,0.24986712433973135,0.2200832818743225,0.5300495937859462,H,0.3
2025-26,2026-05-17,Brentford,Crystal Palace,D,1524.889640371946,1488.3961762644212,36.49346410752469,0.27804204181082154,0.23740178659413566,0.4845561715950428,H,0.3
2025-26,2026-05-17,Everton,Sunderland,A,1516.1424237241874,1477.4976036733776,38.64482005080981,0.27620918446917403,0.23643049676970374,0.48736031876112224,H,0.3
2025-26,2026-05-17,Leeds United,Brighton and Hove Albion,H,1502.1618366343282,1552.9391833023244,-50.7773466679962,0.36028575566654614,0.2597841237815768,0.3799301205518771,H,0.3
2025-26,2026-05-17,Manchester United,Nottingham Forest,H,1569.3647337049863,1525.6157973379234,43.748936367062925,0.2718931073854603,0.2340573073230519,0.49404958529148785,H,0.3
2025-26,2026-05-17,Wolverhampton Wanderers,Fulham,D,1378.2383438786953,1498.5117378235582,-120.27339394486285,0.43886110978951814,0.2509375911959746,0.3102012990145072,A,0.3
2025-26,2026-05-18,Arsenal,Burnley,H,1684.9060233095222,1366.5577284774927,318.3482948320295,0.09157349820513665,0.1,0.8084265017948634,H,0.3
2025-26,2026-05-19,Bournemouth,Manchester City,D,1553.473987210806,1682.347206952424,-128.87321974161796,0.4494365442456988,0.2482306091325277,0.3023328466217735,A,0.3
2025-26,2026-05-19,Chelsea,Tottenham,H,1530.7263419725184,1454.5799979775009,76.14634399501756,0.24550053258601373,0.21695016995614985,0.5375492974578365,H,0.3
2025-26,2026-05-24,Manchester City,Aston Villa,A,1680.390440696562,1550.1068756464626,130.28356505009947,0.20485835977248748,0.18256193605508134,0.6125797041724312,H,0.3
2025-26,2026-05-24,Sunderland,Chelsea,H,1491.2796442989127,1534.9272289290845,-43.64758463017188,0.35292150119749466,0.25932193662151887,0.3877565621809864,H,0.3
2025-26,2026-05-24,Nottingham Forest,Bournemouth,D,1520.7907031161776,1555.4307534666677,-34.64005035049013,0.3437955014082634,0.2583721773855346,0.39783232120620204,H,0.3
2025-26,2026-05-24,Fulham,Newcastle United,H,1496.7941264568306,1532.1867503550031,-35.39262389817259,0.3445504806001947,0.25846707615678216,0.39698244324302306,H,0.3
2025-26,2026-05-24,Liverpool,Brentford,D,1590.1064434495045,1522.181607148764,67.92483630074048,0.25204083737760735,0.2215990094987112,0.5263601531236813,H,0.3
2025-26,2026-05-24,Brighton and Hove Albion,Manchester United,A,1546.3438871982423,1574.189827926732,-27.845940728489722,0.3370405295246019,0.25738811277774315,0.405571357697655,H,0.3
2025-26,2026-05-24,Crystal Palace,Arsenal,A,1491.1042094876032,1686.1382472406276,-195.03403775302445,0.5360304441039149,0.21759017364806096,0.24637938224802414,A,0.3
2025-26,2026-05-24,Burnley,Wolverhampton Wanderers,D,1365.3255045463873,1379.955955245423,-14.630450699035691,0.32420785001042657,0.2548257829476285,0.42096636704194496,H,0.3
2025-26,2026-05-24,Tottenham,Everton,H,1450.3791110209347,1502.3603830986524,-51.981272077717676,0.3615417290135179,0.25983678953532785,0.37862148145115426,H,0.3
2025-26,2026-05-24,West Ham,Leeds United,H,1447.9030166788586,1508.7571327384103,-60.85411605955164,0.37091051372646056,0.2599981477243399,0.3690913385491996,A,0.3
