Season,Date,HomeTeam,AwayTeam,ActualResult,HomeElo,AwayElo,EloDifference,AwayProbability,DrawProbability,HomeProbability,PredictedResult,RegressionRate
2015-16,2015-08-08,Manchester United,Tottenham,H,1498.9031628763178,1450.7788496496667,48.12431322665111,0.2682289051352809,0.23194795321021122,0.49982314165450786,H,0.0
2015-16,2015-08-08,Norwich City,Crystal Palace,A,1420.0,1414.4295874356667,5.57041256433331,0.30533680875728836,0.24930935910682991,0.4453538321358817,H,0.0
2015-16,2015-08-08,Bournemouth,Aston Villa,A,1420.0,1345.2125959488776,74.7874040511224,0.2465745034689197,0.21773162572490376,0.5356938708061765,H,0.0
2015-16,2015-08-08,Chelsea,Swansea,D,1548.2625301048104,1415.6122158064557,132.65031429835471,0.20317296499271914,0.18095327023382335,0.6158737647734575,H,0.0
2015-16,2015-08-08,Everton,Watford,D,1407.3585458638754,1420.0,-12.641454136124594,0.32231062922077175,0.2543672212993694,0.42332214947985886,H,0.0
2015-16,2015-08-08,Leicester City,Sunderland,H,1396.3889069159181,1365.158365476907,31.230541439011176,0.2825606140292984,0.23970337464686278,0.47773601132383886,H,0.0
2015-16,2015-08-09,Arsenal,West Ham,A,1531.0141546008447,1386.784225472714,144.2299291281306,0.19503419896236135,0.17301161671108342,0.6319541843265551,H,0.0
2015-16,2015-08-09,Newcastle United,Southampton,D,1345.5560769543688,1448.1221967276606,-102.5661197732918,0.41766309814481895,0.25543999876921697,0.3268969030859641,A,0.0
2015-16,2015-08-09,Stoke,Liverpool,A,1435.0774137679975,1444.8228949097038,-9.74548114170625,0.31956389577693506,0.25366598509916016,0.4267701191239048,H,0.0
2015-16,2015-08-10,West Bromwich Albion,Manchester City,A,1391.4850422912061,1543.6854267191266,-152.20038442792043,0.47898851159851014,0.23928730025625897,0.2817241881452309,A,0.0
2015-16,2015-08-14,Aston Villa,Manchester United,A,1354.393770141484,1503.640919430413,-149.247149288929,0.47518073632300684,0.2405427681554738,0.28427649552151935,A,0.0
2015-16,2015-08-15,West Ham,Leicester City,A,1402.54157278081,1404.4404893905112,-1.8989166097012458,0.3122131481800984,0.251568535708545,0.43621831611135664,H,0.0
2015-16,2015-08-15,Watford,West Bromwich Albion,D,1421.354708686964,1381.8813710199395,39.47333766702445,0.27550549921164597,0.2360518087800754,0.48844269200827867,H,0.0
2015-16,2015-08-15,Tottenham,Stoke,D,1446.0410930955713,1427.1852397665516,18.855853329019737,0.29338586814208933,0.24468130706256344,0.46193282479534725,H,0.0
2015-16,2015-08-15,Southampton,Everton,A,1446.9031385603025,1406.0038371769115,40.89930138339105,0.274297196558023,0.2353940774797758,0.4903087259622012,H,0.0
2015-16,2015-08-15,Sunderland,Norwich City,A,1357.106783002314,1406.9976936551077,-49.890910652793764,0.35936330814937884,0.25974065327413626,0.38089603857648496,H,0.0
2015-16,2015-08-15,Swansea,Newcastle United,H,1420.6510101118618,1346.7751351217269,73.87587499013489,0.24729644529589506,0.2182529642394487,0.5344505904646562,H,0.0
2015-16,2015-08-16,Crystal Palace,Arsenal,A,1427.431893780559,1515.2568072927488,-87.82491351218982,0.4006262804112198,0.2580416051187001,0.34133211447008016,A,0.0
2015-16,2015-08-16,Manchester City,Chelsea,H,1553.2890979903932,1543.2237357994043,10.065362190988935,0.30125399259645114,0.2478294144234206,0.4509165929801283,H,0.0
2015-16,2015-08-17,Liverpool,Bournemouth,H,1452.7150689111497,1410.8188258073935,41.896243103756206,0.2734545315707007,0.23492978131422734,0.4916156871150719,H,0.0
2015-16,2015-08-22,Sunderland,Swansea,D,1346.0517963096988,1427.3758508824408,-81.32405457274194,0.3932917897189446,0.2588480090713315,0.347860201209724,A,0.0
2015-16,2015-08-22,West Ham,Bournemouth,A,1394.4686161456202,1405.9564731277812,-11.48785698216102,0.32121427163923605,0.25409264268670434,0.42469308567405967,H,0.0
2015-16,2015-08-22,Norwich City,Stoke,D,1418.0526803477228,1429.4167078637831,-11.364027516060332,0.3210967606275794,0.2540627940153316,0.424840445357089,H,0.0
2015-16,2015-08-22,Leicester City,Tottenham,D,1412.513446025701,1443.8096249983398,-31.296178972638927,0.3404572584452065,0.25791643609470005,0.4016263054600934,H,0.0
2015-16,2015-08-22,Crystal Palace,Aston Villa,H,1421.2991764075396,1349.5343207900414,71.76485561749814,0.24897323307608343,0.21945146077880898,0.5315753061451076,H,0.0
2015-16,2015-08-22,Manchester United,Newcastle United,D,1508.5003687818557,1340.0502943511478,168.4500744307079,0.1785862672928493,0.1561815581982126,0.665232174508938,H,0.0
2015-16,2015-08-23,Everton,Manchester City,A,1423.4587529176324,1564.3430985115158,-140.88434559388338,0.464500144874758,0.24390826796694337,0.2915915871582987,A,0.0
2015-16,2015-08-23,Watford,Southampton,D,1418.567383640005,1429.4482228195816,-10.880839179576697,0.32063854951994625,0.25394562926589326,0.4254158212141605,H,0.0
2015-16,2015-08-23,West Bromwich Albion,Chelsea,A,1384.6686960668985,1532.1697352782817,-147.50103921138316,0.4729380957163417,0.24126882990736065,0.28579307437629764,A,0.0
2015-16,2015-08-24,Arsenal,Liverpool,D,1521.3895246657682,1457.577421590762,63.812103075006235,0.25535162741897555,0.2238508762437136,0.5207974963373109,H,0.0
2015-16,2015-08-29,Chelsea,Crystal Palace,A,1537.0634214912372,1425.5813819030227,111.48203958821455,0.2185136881978016,0.19510010470897823,0.5863862070932202,H,0.0
2015-16,2015-08-29,Liverpool,West Ham,A,1460.9974585500731,1386.6165512912085,74.38090725886468,0.24689629867452287,0.21796439982555624,0.5351393014999208,H,0.0
2015-16,2015-08-29,Aston Villa,Sunderland,D,1345.2521152945583,1346.664782432185,-1.4126671376266131,0.3117619528415463,0.251429180585813,0.43680886657264073,H,0.0
2015-16,2015-08-29,Bournemouth,Leicester City,D,1413.808537982193,1411.6891581693176,2.1193798128754224,0.3084994432349009,0.25038453292472457,0.44111602384037457,H,0.0
2015-16,2015-08-29,Newcastle United,Arsenal,A,1345.8174817354027,1517.9694877064571,-172.15200597105445,0.5051686127502384,0.2299470102843123,0.26488437696544925,A,0.0
2015-16,2015-08-29,Stoke,West Bromwich Albion,A,1430.8074909470934,1379.775009853943,51.03248109315041,0.265811299321976,0.23050877637527764,0.5036799243027463,H,0.0
2015-16,2015-08-29,Tottenham,Everton,D,1444.6339128547233,1415.4950019201433,29.138910934580053,0.28437034241793036,0.24058812840006102,0.4750415291820086,H,0.0
2015-16,2015-08-29,Manchester City,Watford,H,1572.306849509005,1417.162964929997,155.14388457900782,0.18752601927586549,0.16544870552846513,0.6470252751956693,H,0.0
2015-16,2015-08-30,Southampton,Norwich City,H,1430.8526415295894,1416.6618972644126,14.190744265176818,0.2975425484300394,0.2463932971435982,0.45606415442636233,H,0.0
2015-16,2015-08-30,Swansea,Manchester United,H,1426.7628647599547,1502.733181397601,-75.97031663764619,0.3873337972548319,0.2593532153541786,0.35331298739098943,A,0.0
2015-16,2015-09-12,Everton,Chelsea,H,1418.0057762956133,1527.4510733956927,-109.44529710007942,0.4258045151709962,0.2538659230720308,0.32032956175697297,A,0.0
2015-16,2015-09-12,Watford,Swansea,H,1412.5509767700464,1433.7707308673587,-21.21975409731226,0.3305564356914748,0.2562093886579106,0.41323417565061454,H,0.0
2015-16,2015-09-12,Norwich City,Bournemouth,H,1405.785190302698,1412.0394098567704,-6.254219554072279,0.31627688987235447,0.25276812324736303,0.43095498688028244,H,0.0
2015-16,2015-09-12,West Bromwich Albion,Southampton,D,1388.643452180564,1441.7293484913039,-53.08589631073983,0.36269729575712106,0.2598786488774985,0.3774240553653805,H,0.0
2015-16,2015-09-12,Arsenal,Stoke,H,1522.392023488538,1421.9390486204722,100.45297486806567,0.22674751899397186,0.2022013697468004,0.5710511112592278,H,0.0
2015-16,2015-09-12,Manchester United,Liverpool,H,1495.725315290197,1442.6453801423038,53.07993514789314,0.264117659479294,0.22947816505973212,0.5064041754609738,H,0.0
2015-16,2015-09-12,Crystal Palace,Manchester City,A,1435.1937299985673,1576.9188376689556,-141.7251076703883,0.46556695368846657,0.2435828394666112,0.2908502068449222,A,0.0
2015-16,2015-09-13,Leicester City,Aston Villa,H,1413.4582862947402,1343.5816398968002,69.87664639794002,0.25047880000537487,0.2205127733923164,0.5290084266023086,H,0.0
2015-16,2015-09-13,Sunderland,Tottenham,A,1348.335257829943,1442.1231384792534,-93.78788064931041,0.4074502463379351,0.2571174513445887,0.3354323023174763,A,0.0
2015-16,2015-09-14,West Ham,Newcastle United,H,1404.9686296989778,1341.394945953322,63.5736837456559,0.2555443693541498,0.2239798496379303,0.5204757810079199,H,0.0
2015-16,2015-09-19,Swansea,Everton,D,1427.6685997483505,1429.9506850447556,-2.2820852964050573,0.3125690460695883,0.25167758435774884,0.4357533695726629,H,0.0
2015-16,2015-09-19,Stoke,Leicester City,D,1415.966866725526,1417.7758410305653,-1.808974305039328,0.31212965223711875,0.25154284071909383,0.4363275070437874,H,0.0
2015-16,2015-09-19,Newcastle United,Watford,A,1334.362671520667,1418.6531078890546,-84.29043636838765,0.3966249642838926,0.25850619664415897,0.3448688390719484,A,0.0
2015-16,2015-09-19,Manchester City,West Ham,A,1581.9266751829011,1412.0009041316328,169.92577105126838,0.17760938748799432,0.15515326969174098,0.6672373428202647,H,0.0
2015-16,2015-09-19,Chelsea,Arsenal,H,1515.5061646465504,1528.3642053834842,-12.858040736933845,0.322516796693444,0.25441806888170126,0.4230651344248547,H,0.0
2015-16,2015-09-19,Bournemouth,Sunderland,H,1402.7656969994564,1342.331687390586,60.43400960887038,0.25809091830855185,0.22566183683224433,0.5162472448592038,H,0.0
2015-16,2015-09-19,Aston Villa,West Bromwich Albion,A,1339.2640851609751,1388.4444745455326,-49.18038938455743,0.35862533396928364,0.259702937087786,0.38167172894293033,H,0.0
2015-16,2015-09-20,Liverpool,Norwich City,D,1435.291221080235,1415.058903160012,20.23231792022284,0.29216747104072405,0.2441586227223569,0.46367390623691906,H,0.0
2015-16,2015-09-20,Southampton,Manchester United,A,1441.9283261263354,1503.0794743522658,-61.151148225930456,0.37122759363108415,0.2599966354028066,0.3687757709661092,A,0.0
2015-16,2015-09-20,Tottenham,Crystal Palace,H,1448.1267089186103,1430.1858924846217,17.94081643398863,0.2941978447603075,0.24502437533850324,0.4607777799011892,H,0.0
2015-16,2015-09-26,Tottenham,Manchester City,H,1453.4851041168167,1571.7631162326682,-118.27801211585142,0.4364331285417428,0.251517954869603,0.31204891658865425,A,0.0
2015-16,2015-09-26,Stoke,Bournemouth,H,1414.3074817725383,1409.8933632370035,4.414118535534726,0.3063937388091244,0.2496755582662442,0.4439307029246314,H,0.0
2015-16,2015-09-26,West Ham,Norwich City,D,1422.1644630818657,1417.3279828948887,4.836480186977042,0.3060073538929084,0.2495424891239754,0.44445015698311624,H,0.0
2015-16,2015-09-26,Southampton,Swansea,H,1435.2066554798457,1426.0224600506997,9.18419542914603,0.30205114702078784,0.24812655711333978,0.4498222958658724,H,0.0
2015-16,2015-09-26,Manchester United,Sunderland,H,1509.8011449987555,1335.2040211530389,174.59712384571662,0.17453632746489345,0.15190002040576478,0.6735636521293418,H,0.0
2015-16,2015-09-26,Liverpool,Aston Villa,H,1433.0221413453582,1332.2731090969705,100.74903224838772,0.22652429740772778,0.20201368168918954,0.5714620209030827,H,0.0
2015-16,2015-09-26,Newcastle United,Chelsea,D,1328.1529339751617,1524.955484247302,-196.80255027214025,0.5384460464632492,0.21657102787061333,0.24498292566613736,A,0.0
2015-16,2015-09-26,Leicester City,Arsenal,A,1419.435225983553,1518.9148857827327,-99.47965979917967,0.4140496154691756,0.256072473165139,0.32987791136568545,A,0.0
2015-16,2015-09-27,Watford,Crystal Palace,A,1424.8628454345599,1424.8274972864153,0.035348148144521474,0.31042127719761947,0.2510077826443673,0.43857094015801323,H,0.0
2015-16,2015-09-28,West Bromwich Albion,Everton,A,1395.4354506095372,1431.5968247424064,-36.16137413286924,0.3453230883044589,0.2585610977175108,0.3961158139780303,H,0.0
2015-16,2015-10-03,Norwich City,Leicester City,A,1419.172761594333,1407.6726844966427,11.500077097690337,0.2999593963652838,0.24733834248859632,0.4527022611461199,H,0.0
2015-16,2015-10-03,Sunderland,West Ham,D,1329.9176582161606,1420.3196843824214,-90.40202616626084,0.4035642035915926,0.25766374680967324,0.33877204959873425,A,0.0
2015-16,2015-10-03,Aston Villa,Stoke,A,1328.5101609290143,1419.9570563517907,-91.44689542277638,0.4047602639765826,0.257501188037408,0.33773854798600933,A,0.0
2015-16,2015-10-03,Bournemouth,Watford,D,1404.243788657751,1416.745556114267,-12.501767456515836,0.32217771731819,0.25433430913402055,0.42348797354778944,H,0.0
2015-16,2015-10-03,Chelsea,Southampton,A,1521.2096038773243,1443.9968997843748,77.21270409294948,0.24465972925750665,0.21633346224734804,0.5390068084951453,H,0.0
2015-16,2015-10-03,Crystal Palace,West Bromwich Albion,H,1432.9447866067082,1388.1489029842985,44.79588362240975,0.2710133640544006,0.23355878622572268,0.49542784971987675,H,0.0
2015-16,2015-10-03,Manchester City,Newcastle United,H,1556.4212235804514,1331.8988143451393,224.52240923531213,0.1435640316111609,0.1179339800909828,0.7385019882978563,H,0.0
2015-16,2015-10-04,Swansea,Tottenham,D,1417.2322157461706,1468.8269967690335,-51.59478102286289,0.361138134748577,0.2598206829230905,0.37904118232833256,H,0.0
2015-16,2015-10-04,Arsenal,Manchester United,H,1530.677427269643,1515.0875079356338,15.58991933400921,0.29629140631639483,0.24588955021819683,0.45781904346540836,H,0.0
2015-16,2015-10-04,Everton,Liverpool,D,1438.883372367645,1436.7850895133145,2.0982828543305914,0.3085188528817553,0.25039094083321045,0.44109020628503426,H,0.0
2015-16,2015-10-17,Chelsea,Aston Villa,H,1506.6094820676376,1322.4560104762031,184.15347159143448,0.16834142272770056,0.14526269064243694,0.6863958866298625,H,0.0
2015-16,2015-10-17,Crystal Palace,West Ham,A,1440.5591242148016,1419.446870294272,21.11225392052961,0.29139048550225616,0.24382034256422802,0.4647891719335158,H,0.0
2015-16,2015-10-17,Everton,Manchester United,A,1437.1148324629828,1504.270607079716,-67.1557746167332,0.3776857619747616,0.2598700195255331,0.3624442184997053,A,0.0
2015-16,2015-10-17,Manchester City,Bournemouth,H,1561.7136001269735,1402.8851334658789,158.82846666109458,0.18502692490742417,0.16288524103218102,0.6520878340603948,H,0.0
2015-16,2015-10-17,Southampton,Leicester City,D,1458.5970215940615,1415.9674487969603,42.62957279710122,0.2728357836075947,0.2345859325196338,0.4925782838727715,H,0.0
2015-16,2015-10-17,Tottenham,Liverpool,D,1469.068871233325,1438.5536294179767,30.51524181534819,0.2831786088974416,0.24000788512533938,0.47681350597721905,H,0.0
2015-16,2015-10-17,Watford,Arsenal,A,1418.1042113061392,1541.4943281255607,-123.39011681942156,0.44267310026011,0.24999485873576655,0.3073320410041235,A,0.0
2015-16,2015-10-17,West Bromwich Albion,Sunderland,H,1380.5345653762051,1330.79047230431,49.74409307189512,0.26688061190408746,0.2311499719354835,0.5019694161604291,H,0.0
2015-16,2015-10-18,Newcastle United,Norwich City,H,1326.6064377986172,1410.8779972940154,-84.27155949539815,0.3966036811244023,0.2585085108368983,0.3448878080386994,A,0.0
2015-16,2015-10-19,Swansea,Stoke,A,1416.9903412818792,1426.011206804602,-9.020865522722715,0.31887949628565104,0.25348433345516014,0.42763617025918876,H,0.0
2015-16,2015-10-24,West Ham,Chelsea,H,1432.8238365916068,1510.6026838178802,-77.77884722627346,0.38933814539660055,0.25919867171663996,0.35146318288675954,A,0.0
2015-16,2015-10-24,Norwich City,West Bromwich Albion,A,1394.2962710195416,1385.2402238892641,9.05604713027742,0.3021672074858495,0.24816948684685208,0.44966330566729845,H,0.0
2015-16,2015-10-24,Stoke,Watford,A,1433.9200656529547,1407.3462594793543,26.57380617360036,0.2866007111849066,0.24164942965852712,0.4717498591565663,H,0.0
2015-16,2015-10-24,Aston Villa,Swansea,A,1318.4628087259605,1409.0814824335264,-90.6186737075659,0.4038119673381268,0.25763048420329077,0.33855754845858244,A,0.0
2015-16,2015-10-24,Leicester City,Crystal Palace,H,1418.838345865635,1427.1821579174668,-8.343812051831947,0.3182410529075543,0.2533123749598067,0.428446572132639,H,0.0
2015-16,2015-10-24,Arsenal,Everton,H,1552.2522799523456,1423.9395494780256,128.31273047432,0.20626751124187237,0.18389705525371655,0.609835433504411,H,0.0
2015-16,2015-10-25,Liverpool,Southampton,D,1441.1014834455375,1455.726124525387,-14.624641079849425,0.3242022956586767,0.25482447101291295,0.42097323332841036,H,0.0
2015-16,2015-10-25,Bournemouth,Tottenham,A,1396.2495292283431,1466.521017205764,-70.27148797742097,0.381073217817686,0.2597322580596318,0.35919452412268227,A,0.0
2015-16,2015-10-25,Sunderland,Newcastle United,H,1326.084813791251,1343.188164073091,-17.103350281839994,0.32657894184844566,0.2553695429580067,0.4180515151935476,H,0.0
2015-16,2015-10-25,Manchester United,Manchester City,D,1517.4458900646732,1568.3492043645092,-50.90331429983598,0.360416999650368,0.2597899782343678,0.3797930221152642,H,0.0
2015-16,2015-10-31,West Bromwich Albion,Leicester City,A,1393.4975398708618,1424.7244602543772,-31.226920383515335,0.34038839679961796,0.25790640986609625,0.4017051933342858,H,0.0
2015-16,2015-10-31,Swansea,Arsenal,A,1415.1535656093263,1555.5630019040743,-140.40943629474805,0.46389825302832544,0.24409079084592245,0.2920109561257521,A,0.0
2015-16,2015-10-31,Newcastle United,Stoke,D,1331.1219902704781,1420.414841559822,-89.29285128934384,0.4022976276741777,0.25783040661327966,0.3398719657125425,A,0.0
2015-16,2015-10-31,Watford,West Ham,H,1420.851483572487,1439.860905203085,-19.0094216305979,0.3284159191276155,0.2557686076037001,0.4158154732686844,H,0.0
2015-16,2015-10-31,Crystal Palace,Manchester United,D,1421.2960435287246,1517.1841262152907,-95.88808268656612,0.4098756084031747,0.25675028287412904,0.33337410872269624,A,0.0
2015-16,2015-10-31,Chelsea,Liverpool,A,1503.565615206402,1439.802850654935,63.76276455146717,0.2553915061137096,0.22387758031321886,0.5207309135730716,H,0.0
2015-16,2015-10-31,Manchester City,Norwich City,H,1568.6109682138917,1386.0389550379439,182.57201317594786,0.16935805244595892,0.14635873794815646,0.6842832096058846,H,0.0
2015-16,2015-11-01,Everton,Sunderland,H,1420.6288275262968,1338.1509875938639,82.47783993243297,0.24053307756847464,0.21324464603383683,0.5462222763976885,H,0.0
2015-16,2015-11-01,Southampton,Bournemouth,H,1457.0247573159895,1381.1142655490132,75.91049176697629,0.24568672754824403,0.21708615643806556,0.5372271160136904,H,0.0
2015-16,2015-11-02,Tottenham,Aston Villa,H,1481.656280885094,1312.3907255501606,169.26555533493342,0.17804607543551407,0.15561329693812617,0.6663406276263597,H,0.0
2015-16,2015-11-07,Sunderland,Southampton,A,1328.665592281491,1463.6899034301807,-135.02431114868978,0.45710909361715535,0.24609419584609082,0.2967967105367538,A,0.0
2015-16,2015-11-07,Leicester City,Watford,H,1432.1236329261815,1430.4643785613073,1.6592543648741866,0.30892297840025607,0.25052383265029377,0.44055318894945017,H,0.0
2015-16,2015-11-07,Manchester United,West Bromwich Albion,H,1516.154842275886,1386.0983671990575,130.05647507682852,0.20502046577726793,0.18271598667613584,0.6122635475465962,H,0.0
2015-16,2015-11-07,Bournemouth,Newcastle United,A,1374.449119434822,1331.963114220016,42.48600521480603,0.2729568458016747,0.2346534038834392,0.4923897503148862,H,0.0
2015-16,2015-11-07,Norwich City,Swansea,H,1383.499371208456,1405.0855054319945,-21.586134223538465,0.33091231868929044,0.25628016223421607,0.41280751907649343,H,0.0
2015-16,2015-11-07,West Ham,Everton,D,1430.2480102142647,1430.1142228386698,0.13378737559492038,0.31033029507924786,0.2509787876332622,0.43869091728748993,H,0.0
2015-16,2015-11-07,Stoke,Chelsea,H,1419.5737176102841,1489.2388102479104,-69.66509263762623,0.3804119783030988,0.25976292412800556,0.3598250975688957,A,0.0
2015-16,2015-11-08,Liverpool,Crystal Palace,A,1454.1296556134266,1422.3253274681292,31.804328145297404,0.2820655544768533,0.2394576572999582,0.47847678822318856,H,0.0
2015-16,2015-11-08,Aston Villa,Manchester City,D,1308.088685908155,1571.1505520433795,-263.0618661352246,0.6303356024273562,0.17381728537770025,0.19584711219494358,A,0.0
2015-16,2015-11-08,Arsenal,Tottenham,D,1565.631062081406,1485.9583205270997,79.67274155430641,0.2427265145419251,0.21489922180546853,0.5423742636526064,H,0.0
2015-16,2015-11-21,Watford,Manchester United,A,1424.7545848424031,1521.3590532430753,-96.6044684006722,0.41070551249220544,0.2566201038080399,0.3326743836997546,A,0.0
2015-16,2015-11-21,West Bromwich Albion,Arsenal,H,1380.8941562318682,1561.8143832876367,-180.92022705576846,0.5169010946682683,0.22540337596335736,0.25769552936837437,A,0.0
2015-16,2015-11-21,Chelsea,Norwich City,H,1482.333237431343,1389.6076457730683,92.72559165827465,0.23261732840849875,0.2070369726893513,0.5603456989021499,H,0.0
2015-16,2015-11-21,Everton,Aston Villa,H,1431.8279342808685,1313.347673811709,118.48026046915948,0.21337536033455012,0.19048923057149775,0.5961354090939521,H,0.0
2015-16,2015-11-21,Manchester City,Liverpool,A,1565.8915641398255,1445.5324067548113,120.35915738501421,0.2120070860470079,0.18923913098610162,0.5987537829668904,H,0.0
2015-16,2015-11-21,Newcastle United,Leicester City,A,1340.7129367632804,1437.8334266450856,-97.12048988180527,0.41130412295127805,0.25652478197964973,0.33217109506907233,A,0.0
2015-16,2015-11-21,Southampton,Stoke,A,1468.8318638261765,1426.4792904268515,42.35257339932491,0.2730693930048768,0.2347160444982206,0.4922145624969026,H,0.0
2015-16,2015-11-21,Swansea,Bournemouth,D,1398.9772308673823,1365.6992968915577,33.27793397582468,0.2807968696651049,0.23882072002103172,0.48038241031386336,H,0.0
2015-16,2015-11-22,Tottenham,West Ham,H,1489.774999320869,1428.534298772066,61.240700548803034,0.2574351282659666,0.22523261362795363,0.5173322581060797,H,0.0
2015-16,2015-11-23,Crystal Palace,Sunderland,A,1430.9225763267445,1323.5236318854952,107.39894444124934,0.2215424302248014,0.1977542931821362,0.5807032765930623,H,0.0
2015-16,2015-11-28,Sunderland,Stoke,H,1333.0912167426732,1435.2272363228437,-102.13601958017057,0.4171580916205575,0.2555308917235664,0.32731101665587614,A,0.0
2015-16,2015-11-28,Manchester City,Southampton,H,1546.47785978785,1460.0839179301843,86.39394185766582,0.23749019802956337,0.21090181705328995,0.5516079849171467,H,0.0
2015-16,2015-11-28,Leicester City,Manchester United,D,1449.6971141554409,1527.3019814126214,-77.60486725718056,0.38914495975988506,0.25921425462586567,0.3516407856142493,A,0.0
2015-16,2015-11-28,Bournemouth,Everton,D,1368.321353822144,1439.8788473632,-71.55749354105615,0.38247866725322716,0.2596610641689665,0.35786026857780634,A,0.0
2015-16,2015-11-28,Aston Villa,Watford,A,1305.2967607293774,1418.811656672857,-113.51489594347959,0.43067728714888803,0.2528292610996542,0.3164934517514578,A,0.0
2015-16,2015-11-28,Crystal Palace,Newcastle United,H,1421.3549914695666,1328.8492492529251,92.50574221664147,0.2327855634893125,0.20717269296801988,0.5600417435426677,H,0.0
2015-16,2015-11-29,Liverpool,Swansea,H,1464.9461111067867,1396.355173936796,68.59093716999064,0.2515070949238742,0.22122955611275888,0.5272633489633669,H,0.0
2015-16,2015-11-29,Norwich City,Arsenal,D,1385.705394921251,1553.266370857819,-167.56097593656818,0.4990778071074968,0.23222333631782047,0.26869885657468273,A,0.0
2015-16,2015-11-29,Tottenham,Chelsea,D,1498.7380905462605,1486.2354882831603,12.502602263100243,0.2990572173750888,0.24698988384544476,0.4539528987794665,H,0.0
2015-16,2015-11-29,West Ham,West Bromwich Albion,D,1419.5712075466745,1389.4421686616859,30.12903888498863,0.2835126632859934,0.24017145875307933,0.4763158779609273,H,0.0
2015-16,2015-12-05,Watford,Norwich City,H,1424.3957248342667,1388.7059934211836,35.68973141308311,0.2787288891759205,0.23776016238612344,0.4835109484379561,H,0.0
2015-16,2015-12-05,Stoke,Manchester City,H,1423.4614721404778,1552.840842080102,-129.3793699396242,0.45006451876961784,0.24806103497030807,0.3018744462600741,A,0.0
2015-16,2015-12-05,West Bromwich Albion,Tottenham,D,1391.9796255247636,1496.6810706194183,-104.70144509465467,0.4201773206369479,0.25497557893846023,0.3248471004245918,A,0.0
2015-16,2015-12-05,Swansea,Leicester City,A,1392.0134448114818,1450.203389746998,-58.18994493551622,0.3680765448817309,0.2599916814042939,0.3719317737139751,H,0.0
2015-16,2015-12-05,Southampton,Aston Villa,D,1453.7209356379324,1299.7126925679677,154.0082430699647,0.18829991220801562,0.166238019602084,0.6454620681899004,H,0.0
2015-16,2015-12-05,Chelsea,Bournemouth,A,1488.2925082100026,1368.6538825800403,119.63862562996223,0.21253123886715422,0.1897191010079955,0.5977496601248503,H,0.0
2015-16,2015-12-05,Arsenal,Sunderland,H,1550.2657723578864,1344.8569809250391,205.40879143284724,0.15501097383747142,0.130682820325228,0.7143062058373006,H,0.0
2015-16,2015-12-05,Manchester United,West Ham,D,1526.7957058210643,1417.0337506835967,109.76195513746757,0.21978682494119445,0.19622165212839446,0.5839915229304111,H,0.0
2015-16,2015-12-06,Newcastle United,Liverpool,H,1319.77952851017,1469.287840232101,-149.50831172193102,0.4755167244232264,0.24043312958145105,0.2840501459953226,A,0.0
2015-16,2015-12-07,Everton,Crystal Palace,D,1439.5463186053037,1430.4247122123218,9.121606392981903,0.3021078280929784,0.24814753348224253,0.4497446384247791,H,0.0
2015-16,2015-12-12,West Ham,Stoke,D,1421.564909042784,1435.8822584527818,-14.31734940999786,0.32390861311264624,0.2547548483260633,0.42133653856129044,H,0.0
2015-16,2015-12-12,Sunderland,Watford,A,1341.273604621228,1432.3020730527237,-91.02846843149564,0.4042809517172917,0.25756693310893536,0.3381521151737728,A,0.0
2015-16,2015-12-12,Norwich City,Everton,D,1380.7996452027267,1437.5826779057447,-56.78303270301808,0.36658721863537813,0.2599737248782027,0.3734390564864192,H,0.0
2015-16,2015-12-12,Crystal Palace,Southampton,H,1432.3883529118807,1448.2378101569204,-15.84945724503973,0.3253749603806512,0.25509749030491713,0.41952754931443165,H,0.0
2015-16,2015-12-12,Bournemouth,Manchester United,H,1378.3532082635115,1522.264547461877,-143.91133919836557,0.4683483511165419,0.24272297279887395,0.28892867608458406,A,0.0
2015-16,2015-12-12,Manchester City,Swansea,H,1540.420055767798,1378.4373662214532,161.98268954634477,0.1829018974447483,0.16068848623995674,0.656409616315295,H,0.0
2015-16,2015-12-13,Aston Villa,Arsenal,A,1305.1958180489796,1553.8491486616974,-248.6533306127178,0.6103097692038345,0.18366661961477856,0.20602361118138696,A,0.0
2015-16,2015-12-13,Liverpool,West Bromwich Albion,D,1456.4077197542497,1393.2591838522144,63.14853590203529,0.25588828781685585,0.22420940090273356,0.5199023112804105,H,0.0
2015-16,2015-12-13,Tottenham,Newcastle United,A,1495.4015122919675,1332.6596489880212,162.74186330394627,0.18239241437314294,0.16015955241884158,0.6574480332080155,H,0.0
2015-16,2015-12-14,Leicester City,Chelsea,H,1463.7794683370266,1478.5931825265313,-14.813714189504708,0.32438309973061696,0.25486708493953814,0.4207498153298449,H,0.0
2015-16,2015-12-19,Southampton,Tottenham,A,1442.225760253944,1485.2967406131168,-43.070980359172836,0.3523314081040218,0.2592733430852869,0.38839524881069126,H,0.0
2015-16,2015-12-19,Stoke,Crystal Palace,A,1437.1895856488031,1438.4004028148572,-1.2108171660540847,0.3115748010039904,0.25137101375681203,0.4370541852391976,H,0.0
2015-16,2015-12-19,Newcastle United,Aston Villa,D,1342.764420666872,1300.2136397603538,42.550780906518185,0.2729022198220706,0.2346229710364095,0.4924748091415199,H,0.0
2015-16,2015-12-19,West Bromwich Albion,Bournemouth,A,1396.6623447537613,1386.400526401916,10.26181835184525,0.3010764795517053,0.2477627027419424,0.45116081770635225,H,0.0
2015-16,2015-12-19,Everton,Leicester City,A,1437.6752670215826,1469.774140052474,-32.098873030891355,0.3412561798976523,0.2580309029789215,0.4007129171234262,H,0.0
2015-16,2015-12-19,Chelsea,Sunderland,H,1472.598510811084,1335.2103968097153,137.38811400136865,0.19982148568456096,0.1777170520121013,0.6224614623033378,H,0.0
2015-16,2015-12-19,Manchester United,Norwich City,A,1514.2172293234726,1380.7070560868888,133.5101732365838,0.2025624930420388,0.180367459143046,0.6170700478149153,H,0.0
2015-16,2015-12-20,Swansea,West Ham,D,1375.6235452821077,1420.2575818467626,-44.634036564654934,0.35393291985151826,0.2594011853972307,0.38666589475125107,H,0.0
2015-16,2015-12-20,Watford,Liverpool,H,1438.3652808642364,1453.0045588527028,-14.639277988466347,0.3242162895836437,0.2548277760274171,0.4209559343889392,H,0.0
2015-16,2015-12-21,Arsenal,Manchester City,H,1558.8313269503233,1543.2338767071435,15.597450243179765,0.296284682562298,0.24588681620490158,0.4578285012328004,H,0.0
2015-16,2015-12-26,Tottenham,Norwich City,H,1496.596522140297,1390.54679812932,106.04972401097712,0.2225482756602234,0.1986250407075071,0.5788266836322695,H,0.0
2015-16,2015-12-26,Manchester City,Sunderland,H,1537.8255870041783,1330.18480516242,207.64078184175833,0.15364757939886053,0.12917323409367326,0.7171791865074661,H,0.0
2015-16,2015-12-26,Southampton,Arsenal,H,1430.9259787267636,1564.2396166532885,-133.31363792652496,0.45496638056072675,0.24670479889157956,0.29832882054769366,A,0.0
2015-16,2015-12-26,Stoke,Manchester United,H,1429.1007661555407,1504.3774872810413,-75.27672112550067,0.386567348424454,0.25940811287932297,0.35402453869622297,A,0.0
2015-16,2015-12-26,Newcastle United,Everton,A,1339.895604632286,1430.2960168455816,-90.40041221329557,0.4035623582894392,0.2576639937348877,0.33877364797567305,A,0.0
2015-16,2015-12-26,Swansea,West Bromwich Albion,H,1375.1815654374966,1388.386526804856,-13.204961367359374,0.32284724459346414,0.2544990500256578,0.422653705380878,H,0.0
2015-16,2015-12-26,Aston Villa,West Ham,D,1303.0824557949397,1420.6995616913737,-117.61710589643394,0.4356311060537348,0.25170616216544023,0.31266273178082504,A,0.0
2015-16,2015-12-26,Chelsea,Watford,D,1477.6241024583794,1450.3487705940267,27.275331864352665,0.28598952276632295,0.24136179359250404,0.47264868364117296,H,0.0
2015-16,2015-12-26,Bournemouth,Crystal Palace,D,1394.6763443508214,1446.4892223081197,-51.81287795729827,0.361365837133674,0.2598298649521622,0.3788042979141638,H,0.0
2015-16,2015-12-26,Liverpool,Leicester City,H,1441.0210691229124,1477.153390228475,-36.132321105562596,0.34529386372711235,0.2585575980445858,0.39614853822830187,H,0.0
2015-16,2015-12-28,West Ham,Southampton,H,1419.0562450147488,1449.256207687397,-30.1999626726481,0.33936865382725556,0.25775495420050165,0.4028763919722428,H,0.0
2015-16,2015-12-28,Arsenal,Bournemouth,H,1545.9093876926552,1394.4407436428928,151.46864404976236,0.19003673762811027,0.16800147674757446,0.6419617856243153,H,0.0
2015-16,2015-12-28,Crystal Palace,Swansea,D,1446.7248230160483,1381.1492434880931,65.57557952795514,0.2539287775060025,0.22289153915974713,0.5231796833342504,H,0.0
2015-16,2015-12-28,Everton,Stoke,A,1436.3728291019231,1440.190193598855,-3.8173644969319867,0.3139981808960009,0.2521077429924209,0.4338940761115782,H,0.0
2015-16,2015-12-28,Manchester United,Chelsea,D,1493.288059837727,1475.1636521502046,18.124407687522307,0.29403480161417067,0.24495582545773714,0.46100937292809224,H,0.0
2015-16,2015-12-28,Norwich City,Aston Villa,H,1383.201187032269,1304.7257724715646,78.4754145607044,0.24366630580805587,0.21559927374307128,0.5407344204488728,H,0.0
2015-16,2015-12-28,Watford,Tottenham,A,1452.8092209022016,1503.9421332373481,-51.13291233514656,0.36065631657953673,0.2598004422147762,0.3795432412056871,H,0.0
2015-16,2015-12-28,West Bromwich Albion,Newcastle United,H,1382.4188487542594,1333.8187923759444,48.600056378315,0.26783244325230976,0.2317145255819706,0.5004530311657197,H,0.0
2015-16,2015-12-29,Leicester City,Manchester City,D,1470.8016594788032,1542.2956165704366,-71.49395709163332,0.38240912947783773,0.2596647780773345,0.3579260924448278,A,0.0
2015-16,2015-12-30,Sunderland,Liverpool,A,1325.7147755961616,1447.3727998725842,-121.65802427642257,0.44055168497411373,0.2505242037662998,0.30892411125958646,A,0.0
2015-16,2016-01-02,Arsenal,Newcastle United,H,1550.604791501294,1329.0904765089701,221.51431499232376,0.1453310166288666,0.119911362841008,0.7347576205301254,H,0.0
2015-16,2016-01-02,Leicester City,Bournemouth,D,1471.132361521716,1389.745339834254,81.38702168746181,0.24138466017047966,0.21389044746205949,0.5447248923674608,H,0.0
2015-16,2016-01-02,Manchester United,Swansea,H,1491.0766055024208,1384.6140224654976,106.4625830369232,0.22224022279295078,0.1983589360545986,0.5794008411524507,H,0.0
2015-16,2016-01-02,Norwich City,Southampton,H,1389.7915642643816,1443.0036349664608,-53.212070702079245,0.36282948345018773,0.2598830365129496,0.37728748003686263,H,0.0
2015-16,2016-01-02,Sunderland,Aston Villa,H,1320.3000795579935,1298.135395239452,22.164684318541504,0.29046312549717557,0.24341153034538993,0.46612534415743456,H,0.0
2015-16,2016-01-02,Watford,Manchester City,A,1445.862346600583,1541.964914527524,-96.10256792694099,0.4101239420441365,0.2567115703275193,0.33316448762834416,A,0.0
2015-16,2016-01-02,West Bromwich Albion,Stoke,H,1387.1471646212337,1448.2189303935786,-61.07176577234486,0.3711428314068258,0.2599970834412959,0.3688600851518783,A,0.0
2015-16,2016-01-02,West Ham,Liverpool,H,1425.308817735685,1452.7874959107523,-27.478678175067444,0.33667847787720484,0.25732841559915876,0.4059931065236364,H,0.0
2015-16,2016-01-03,Crystal Palace,Chelsea,A,1443.2600440386439,1477.3751064855107,-34.11506244686689,0.3432696366346478,0.2583043057088033,0.3984260576565489,H,0.0
2015-16,2016-01-03,Everton,Tottenham,D,1428.3440923071996,1510.8890075389668,-82.54491523176716,0.39466084593455547,0.25871266013766014,0.3466264939277844,A,0.0
2015-16,2016-01-12,Bournemouth,West Ham,A,1393.6040924879733,1435.146711330478,-41.54261884250468,0.35077122579852754,0.25913644237094746,0.390092331830525,H,0.0
2015-16,2016-01-12,Aston Villa,Crystal Palace,H,1289.7841319552488,1428.5936086634676,-138.80947670821888,0.46187423806487077,0.2446987794256498,0.29342698250947946,A,0.0
2015-16,2016-01-12,Newcastle United,Manchester United,D,1327.0106697057051,1494.7424533205058,-167.73178361480063,0.4993037366225114,0.23213995577112043,0.26855630760636817,A,0.0
2015-16,2016-01-13,Chelsea,West Bromwich Albion,D,1492.041541860687,1393.9122212414518,98.12932061923516,0.22850376235212413,0.2036684302942427,0.5678278073536333,H,0.0
2015-16,2016-01-13,Liverpool,Arsenal,D,1442.9496023159593,1552.684598304559,-109.73499598859962,0.4261500081815036,0.25379470081369176,0.3200552910048046,A,0.0
2015-16,2016-01-13,Manchester City,Everton,D,1547.9186314826293,1428.992077905007,118.92655357762237,0.21304992441972304,0.19019273700513364,0.5967573385751433,H,0.0
2015-16,2016-01-13,Southampton,Watford,H,1436.368064270504,1439.9086296454775,-3.5405653749735393,0.31374014844009246,0.25203099174496846,0.4342288598149391,H,0.0
2015-16,2016-01-13,Stoke,Norwich City,H,1441.4538737733606,1396.4271349603384,45.02673881302212,0.27081963020450367,0.2334483311968378,0.4957320385986585,H,0.0
2015-16,2016-01-13,Swansea,Sunderland,A,1380.9481746474125,1328.6513428421968,52.29683180521579,0.2647646185033588,0.22987402718864441,0.5053613543079969,H,0.0
2015-16,2016-01-13,Tottenham,Leicester City,A,1510.2410219411595,1467.2736088679967,42.96741307316279,0.2725510428392378,0.2344268644940796,0.4930220926666826,H,0.0
2015-16,2016-01-16,Tottenham,Sunderland,H,1501.4844348998683,1342.7348805357358,158.74955436413256,0.18508025861196523,0.16294017679877287,0.651979564589262,H,0.0
2015-16,2016-01-16,Southampton,West Bromwich Albion,H,1445.5696478103757,1398.1733111933029,47.39633661707285,0.2688363042883863,0.23230360880880993,0.49886008690280376,H,0.0
2015-16,2016-01-16,Newcastle United,West Ham,H,1330.01574114744,1446.5015066221977,-116.48576547475773,0.4342607164441304,0.2520236722631044,0.3137156112927652,A,0.0
2015-16,2016-01-16,Bournemouth,Norwich City,H,1382.2492971962536,1388.820119158189,-6.570821961935508,0.3165738815022536,0.25285189581789924,0.4305742226798472,H,0.0
2015-16,2016-01-16,Chelsea,Everton,D,1487.7804519088359,1433.7303339282535,54.0501179805824,0.2633175454045604,0.22898487496151584,0.5076975796339237,H,0.0
2015-16,2016-01-16,Aston Villa,Leicester City,D,1297.7583268408093,1476.0301959092878,-178.2718690684785,0.5133441761677833,0.22680208693556106,0.25985373689665564,A,0.0
2015-16,2016-01-16,Manchester City,Crystal Palace,H,1543.1803754593827,1420.619413777907,122.56096168147565,0.2104097025815385,0.18776814904874733,0.6018221483697143,H,0.0
2015-16,2016-01-17,Liverpool,Manchester United,A,1444.371392234798,1491.737381878771,-47.36598964397308,0.3567465161329715,0.2595950350751026,0.3836584487919259,H,0.0
2015-16,2016-01-17,Stoke,Arsenal,D,1449.06088957551,1551.2628083857203,-102.20191881021037,0.4172354371285007,0.2555170230479852,0.3272475398235142,A,0.0
2015-16,2016-01-18,Swansea,Watford,H,1366.8646369538735,1430.7070461056057,-63.84240915173223,0.3741107393338717,0.2599625157091259,0.3659267449570025,A,0.0
2015-16,2016-01-23,West Ham,Manchester City,D,1438.857673574889,1551.078891936878,-112.22121836198903,0.4291237710045074,0.2531672223283675,0.3177090066671251,A,0.0
2015-16,2016-01-23,West Bromwich Albion,Aston Villa,D,1388.6688635638566,1301.0367945524779,87.63206901137869,0.23653279164613658,0.21015337252988764,0.5533138358239758,H,0.0
2015-16,2016-01-23,Watford,Newcastle United,H,1423.8965554191038,1337.6595741947485,86.2369812243553,0.23761172953872345,0.21099643831385387,0.5513918321474227,H,0.0
2015-16,2016-01-23,Sunderland,Bournemouth,D,1337.0170681329955,1393.9620410129305,-56.944972879934994,0.3667583901986758,0.25997630352539464,0.37326530627592963,H,0.0
2015-16,2016-01-23,Norwich City,Liverpool,A,1377.1073753415121,1437.3393774121473,-60.23200207063519,0.3702471379269507,0.25999986333509645,0.3697529987379529,A,0.0
2015-16,2016-01-23,Leicester City,Stoke,H,1472.7517281976193,1450.2696196619036,22.482108535715724,0.29018383687315097,0.24328732974361403,0.46652883338323503,H,0.0
2015-16,2016-01-23,Crystal Palace,Tottenham,A,1412.7208973004117,1507.2022473026086,-94.4813500021969,0.4082498205446275,0.2569986056401068,0.33475157381526566,A,0.0
2015-16,2016-01-23,Manchester United,Southampton,A,1498.7693967014216,1455.074095439822,43.695301261599525,0.27193822723287425,0.234082740250751,0.4939790325163747,H,0.0
2015-16,2016-01-24,Arsenal,Chelsea,A,1550.0540782993266,1484.6108638385997,65.44321446072695,0.25403540631822635,0.22296387336436108,0.5230007203174126,H,0.0
2015-16,2016-01-24,Everton,Swansea,A,1436.8999219984896,1373.6751276403754,63.224794358114195,0.2558265784373305,0.2241682673972125,0.520005154165457,H,0.0
2015-16,2016-02-02,West Ham,Aston Villa,H,1440.3495037096716,1305.0474598279945,135.30204388167704,0.20129348047979387,0.17914445418885586,0.6195620653313503,H,0.0
2015-16,2016-02-02,West Bromwich Albion,Swansea,D,1384.65819828834,1382.7072654358176,1.9509328525223282,0.30865444378898915,0.2504356402220905,0.4409099159889203,H,0.0
2015-16,2016-02-02,Norwich City,Tottenham,A,1370.3651226898996,1516.6939821085662,-146.32885941866653,0.471436274246075,0.24174939489796138,0.28681433085596364,A,0.0
2015-16,2016-02-02,Sunderland,Manchester City,A,1336.9291396503233,1549.5870618020956,-212.65792215177225,0.5602521376311362,0.20707875864818642,0.23266910372067737,A,0.0
2015-16,2016-02-02,Leicester City,Liverpool,H,1483.2764850817948,1444.0816300637598,39.194855018035014,0.2757418886882937,0.23617937955275356,0.4880787317589527,H,0.0
2015-16,2016-02-02,Manchester United,Stoke,H,1490.0026003554522,1439.744862777728,50.25773757772413,0.2664539750504191,0.23089502885976776,0.5026509960898131,H,0.0
2015-16,2016-02-02,Arsenal,Southampton,D,1540.9928716911172,1463.8408917857914,77.15197990532579,0.2447075633342228,0.2163686627606764,0.5389237739051007,H,0.0
2015-16,2016-02-02,Crystal Palace,Bournemouth,A,1403.2291624944542,1394.0499694956027,9.179192998851477,0.3020556769667919,0.24812823428299224,0.44981608875021584,H,0.0
2015-16,2016-02-03,Everton,Newcastle United,H,1427.8677842030474,1333.6421674543756,94.22561674867188,0.23147129987776818,0.20610813506016162,0.5624205650620702,H,0.0
2015-16,2016-02-03,Watford,Chelsea,D,1427.9139621594768,1493.6720704468091,-65.75810828733233,0.37617429369756533,0.2599158289509995,0.36390987735143515,A,0.0
2015-16,2016-02-06,Stoke,Everton,A,1430.3538494992933,1435.619677878442,-5.265828379148616,0.31535110861414944,0.252503594216391,0.43214529716945954,H,0.0
2015-16,2016-02-06,Tottenham,Watford,H,1526.5274642315132,1428.0796786661379,98.4477855653754,0.22826261610265056,0.2034680056488043,0.5682693782485452,H,0.0
2015-16,2016-02-06,Southampton,West Ham,H,1467.5954150748598,1445.425450280402,22.169964794457883,0.2904584778586681,0.24340946761931737,0.46613205452201456,H,0.0
2015-16,2016-02-06,Swansea,Crystal Palace,D,1384.471696608067,1394.9699545276223,-10.498257919555272,0.32027610837517895,0.2538520771864638,0.4258718144383572,H,0.0
2015-16,2016-02-06,Liverpool,Sunderland,D,1436.2884159420482,1333.2198473996557,103.06856854239254,0.2247796334218372,0.20053732722013776,0.574683039358025,H,0.0
2015-16,2016-02-06,Aston Villa,Norwich City,H,1299.9715132572642,1360.5316405669525,-60.56012730968837,0.37059690354775154,0.2599992033891423,0.36940389306310617,A,0.0
2015-16,2016-02-06,Manchester City,Leicester City,A,1553.2963540527633,1491.0696992035064,62.226654849256875,0.25663501335450534,0.22470523818486737,0.5186597484606273,H,0.0
2015-16,2016-02-06,Newcastle United,West Bromwich Albion,H,1325.890273778981,1382.8937671160904,-57.003493337109376,0.36682026289866937,0.2599772026248429,0.3732025344764877,H,0.0
2015-16,2016-02-07,Bournemouth,Arsenal,A,1402.3091774624345,1537.2383484020488,-134.92917093961432,0.45698974665457476,0.24612848464910395,0.29688176869632127,A,0.0
2015-16,2016-02-07,Chelsea,Manchester United,D,1493.506353940148,1499.3936136338868,-5.88725969373877,0.31593293008933715,0.25267044194538707,0.4313966279652757,H,0.0
2015-16,2016-02-13,Norwich City,West Ham,D,1349.8225975008938,1440.1565009891199,-90.33390348822604,0.40348632185992656,0.2576741579795073,0.3388395201605661,A,0.0
2015-16,2016-02-13,Chelsea,Newcastle United,H,1491.9613367970217,1332.5884123056585,159.37292449136316,0.18465917313356017,0.16250617580745405,0.6528346510589857,H,0.0
2015-16,2016-02-13,Crystal Palace,Watford,A,1396.3851659466263,1424.2771275494454,-27.891961602819038,0.33708591964929685,0.2573955464697524,0.40551853388095077,H,0.0
2015-16,2016-02-13,Swansea,Southampton,A,1383.056485189063,1472.864364366142,-89.8078791770788,0.40288534576178103,0.257753777601349,0.33936087663687,A,0.0
2015-16,2016-02-13,Bournemouth,Stoke,A,1394.1563244454917,1414.3631350640535,-20.206810618561803,0.3295741078861665,0.2560103271586352,0.4144155649551984,H,0.0
2015-16,2016-02-13,Sunderland,Manchester United,H,1337.5965796455719,1500.9386307770133,-163.3420511314414,0.4935144959461805,0.23424998618611084,0.2722355178677087,A,0.0
2015-16,2016-02-13,Everton,West Bromwich Albion,A,1451.6103923136818,1376.195628589413,75.41476372426882,0.2460783555194328,0.21737148886938665,0.5365501556111806,H,0.0
2015-16,2016-02-14,Manchester City,Tottenham,A,1539.0015992860694,1530.3300153482057,8.671583937863716,0.3025156041030667,0.24829784887295908,0.44918654702397426,H,0.0
2015-16,2016-02-14,Arsenal,Leicester City,H,1545.3912014189916,1505.3644539702002,40.02674744879141,0.27503614121161707,0.23579744036121175,0.4891664184271712,H,0.0
2015-16,2016-02-14,Aston Villa,Liverpool,A,1310.680556323323,1431.911683696132,-121.23112737280917,0.44002996056269905,0.2506525838153215,0.30931745562197943,A,0.0
2015-16,2016-02-27,Leicester City,Norwich City,H,1500.4643396578685,1350.6934657643965,149.77087389347207,0.1912026092300476,0.16917891623683762,0.6396184745331148,H,0.0
2015-16,2016-02-27,Southampton,Chelsea,A,1478.95402189186,1498.5792274352104,-19.625205543350376,0.32901113696275497,0.25589378372571714,0.4150950793115279,H,0.0
2015-16,2016-02-27,Stoke,Aston Villa,H,1426.4906788108017,1295.4548205482208,131.03585826258086,0.20432183309683685,0.18205122157494727,0.6136269453282159,H,0.0
2015-16,2016-02-27,Watford,Bournemouth,D,1431.7525745991097,1382.0287806987435,49.72379390036622,0.26689748159345406,0.23116002856917292,0.501942489837373,H,0.0
2015-16,2016-02-27,West Bromwich Albion,Crystal Palace,H,1385.3847126810508,1388.909718896962,-3.525006215911162,0.3137256490190658,0.2520266669776715,0.4342476840032627,H,0.0
2015-16,2016-02-27,West Ham,Sunderland,H,1439.2856327256172,1345.9135366322341,93.3720960933831,0.23212300311665207,0.2066372489620031,0.5612397479213448,H,0.0
2015-16,2016-02-28,Manchester United,Arsenal,H,1492.621673790351,1550.2913157313233,-57.66964194097227,0.3675251804944601,0.2599862118123196,0.3724886076932203,H,0.0
2015-16,2016-02-28,Tottenham,Swansea,H,1538.5814210636752,1376.966827663345,161.61459340033025,0.18314920407928853,0.160944923577055,0.6559058723436564,H,0.0
2015-16,2016-03-01,Norwich City,Chelsea,A,1347.7064402883084,1506.2442094839923,-158.53776919568395,0.4872205668813119,0.23647923918068048,0.27630019393800764,A,0.0
2015-16,2016-03-01,Leicester City,West Bromwich Albion,D,1503.4513651339566,1391.1900046392004,112.26136049475622,0.21793819506084836,0.19459037459589915,0.5874714303432526,H,0.0
2015-16,2016-03-01,Sunderland,Crystal Palace,D,1342.022637359588,1383.1044269388124,-41.08178957922428,0.3503019200621519,0.25909285906834406,0.390605220869504,H,0.0
2015-16,2016-03-01,Bournemouth,Southampton,H,1385.0859189456858,1471.2890398430782,-86.20312089739241,0.398786255913134,0.258262502255864,0.342951241831002,A,0.0
2015-16,2016-03-01,Aston Villa,Everton,A,1292.1865511213873,1442.421308222044,-150.23475710065668,0.47645206603071527,0.24012674097702574,0.28342119299225893,A,0.0
2015-16,2016-03-02,Stoke,Newcastle United,H,1429.7589482376352,1325.9705216674697,103.78842657016548,0.22423970318500522,0.20007706953910495,0.5756832272758898,H,0.0
2015-16,2016-03-02,Arsenal,Swansea,A,1543.582203882736,1374.1479016323794,169.4343022503565,0.17793440519059128,0.15549571325371653,0.6665698815556922,H,0.0
2015-16,2016-03-02,Liverpool,Manchester City,H,1447.1374194712341,1530.7501935706,-83.61277409936588,0.3958614976121382,0.2585881596294718,0.34555034275839003,A,0.0
2015-16,2016-03-02,Manchester United,Watford,H,1499.3307856389383,1428.6954363521675,70.63534928677086,0.24987319083637416,0.2200875528952236,0.5300392562684022,H,0.0
2015-16,2016-03-02,West Ham,Tottenham,H,1443.1765319982633,1541.4003470946407,-98.2238150963774,0.41258633760275154,0.2563166172845696,0.33109704511267873,A,0.0
2015-16,2016-03-05,Swansea,Norwich City,H,1384.3075176517948,1343.0269813416587,41.280536310136085,0.27397475401934934,0.23521695949568056,0.4908082864849701,H,0.0
2015-16,2016-03-05,Watford,Leicester City,A,1424.3921073148547,1498.863224843269,-74.47111752841442,0.38567868797561383,0.25946883000894705,0.3548524820154391,A,0.0
2015-16,2016-03-05,Southampton,Sunderland,D,1459.9213487646634,1341.4786649967807,118.44268376788273,0.21340277343666916,0.19051418180563337,0.5960830447576975,H,0.0
2015-16,2016-03-05,Tottenham,Arsenal,D,1534.0380628286703,1533.4225878633206,0.6154749653496765,0.30988538968675433,0.25083627161840977,0.43927833869483585,H,0.0
2015-16,2016-03-05,Manchester City,Aston Villa,H,1516.4885553494335,1284.515108434508,231.9734469149255,0.13924345769878874,0.11308919116174737,0.7476673511394639,H,0.0
2015-16,2016-03-05,Chelsea,Stoke,D,1510.923668430642,1433.470024753641,77.45364367700108,0.24446998898973876,0.2161936976990818,0.5393363133111794,H,0.0
2015-16,2016-03-05,Newcastle United,Bournemouth,A,1322.259445151464,1396.4536100241005,-74.19416487263652,0.385373569267084,0.2594889470374311,0.3551374836954849,A,0.0
2015-16,2016-03-05,Everton,West Ham,A,1450.0927509089233,1450.5388162642337,-0.4460653553103384,0.3108665148298168,0.25114894531017584,0.43798453986000735,H,0.0
2015-16,2016-03-06,Crystal Palace,Liverpool,A,1383.6483993016197,1461.3990576924007,-77.75065839078093,0.3893068394713492,0.2592012068524995,0.3514919536761513,A,0.0
2015-16,2016-03-06,West Bromwich Albion,Manchester United,H,1395.778144929888,1503.634114676251,-107.85596974636314,0.42391287446127957,0.25424959875937736,0.3218375267793431,A,0.0
2015-16,2016-03-12,Bournemouth,Swansea,H,1406.6473735849274,1389.1822886076072,17.465084977320203,0.29462063448212295,0.2452013436457854,0.46017802187209167,H,0.0
2015-16,2016-03-12,Norwich City,Manchester City,D,1338.1522103858463,1521.0600995860289,-182.90788920018258,0.519577830225397,0.22433908718981946,0.25608308258478346,A,0.0
2015-16,2016-03-12,Stoke,Southampton,A,1437.2320042561767,1455.1939000222676,-17.961895766090947,0.3274053508074385,0.255551459640049,0.4170431895525125,H,0.0
2015-16,2016-03-13,Aston Villa,Tottenham,A,1279.9435641979126,1532.3108976696253,-252.36733347171275,0.6154800075477805,0.18114590523057197,0.20337408722164751,A,0.0
2015-16,2016-03-14,Leicester City,Newcastle United,H,1505.2886551174088,1312.065681590637,193.22297352677174,0.16257714558520528,0.13900243515699198,0.6984204192578027,H,0.0
2015-16,2016-03-19,West Bromwich Albion,Norwich City,A,1403.2900924771268,1341.549245653306,61.7408468238209,0.2570290601454339,0.22496547052183588,0.5180054693327302,H,0.0
2015-16,2016-03-19,Watford,Stoke,A,1417.966677040715,1429.528817847239,-11.562140806523985,0.3212847812853764,0.2541105137125701,0.4246047050020535,H,0.0
2015-16,2016-03-19,Swansea,Aston Villa,H,1383.813783270386,1275.0480231294348,108.76576014095122,0.22052601765865484,0.19686894510838487,0.5826050372329602,H,0.0
2015-16,2016-03-19,Everton,Arsenal,A,1441.9863002342543,1535.1497530223655,-93.16345278811127,0.4067313412761649,0.2572224446861504,0.33604621403768464,A,0.0
2015-16,2016-03-19,Crystal Palace,Leicester City,A,1377.2952790142076,1507.694970489702,-130.39969147549436,0.4513322694429131,0.2477157836348681,0.3009519469222188,A,0.0
2015-16,2016-03-19,Chelsea,West Ham,D,1507.1616889281063,1458.6452669389028,48.516421989203536,0.2679021126381218,0.23175561873683545,0.5003422686250427,H,0.0
2015-16,2016-03-20,Manchester City,Manchester United,A,1517.6630643185692,1496.1221671290123,21.540897189556972,0.29101252767125996,0.24365439127467534,0.4653330810540647,H,0.0
2015-16,2016-03-20,Newcastle United,Sunderland,D,1309.6593662183438,1346.2061137391765,-36.546747520832696,0.34571092892249883,0.25860712021251275,0.3956819508649884,H,0.0
2015-16,2016-03-20,Southampton,Liverpool,H,1462.8970864312053,1467.7521779798128,-4.855091548607561,0.314967006798219,0.25239233126680444,0.43264066193497663,H,0.0
2015-16,2016-03-20,Tottenham,Bournemouth,H,1537.206438738103,1412.0158789221487,125.19055981595443,0.20851048103216085,0.18600326262629974,0.6054862563415394,H,0.0
2015-16,2016-04-02,Stoke,Swansea,D,1437.3791730471817,1387.4409847517888,49.93818829539282,0.2667193432305435,0.23105374130094009,0.5022269154685164,H,0.0
2015-16,2016-04-02,West Ham,Crystal Palace,D,1461.670868709068,1372.0597215505775,89.61114715849044,0.23500702553157718,0.2089495445531051,0.5560434299153177,H,0.0
2015-16,2016-04-02,Sunderland,West Bromwich Albion,D,1346.8801291405223,1394.2775237476371,-47.39739460711485,0.3567789667277482,0.25959704429518043,0.3836239889770713,H,0.0
2015-16,2016-04-02,Norwich City,Newcastle United,H,1350.5618143827955,1308.985350816998,41.57646356579744,0.2737246373755915,0.23507910645624674,0.49119625616816176,H,0.0
2015-16,2016-04-02,Liverpool,Tottenham,D,1461.92458245189,1543.9262149210103,-82.0016324691203,0.3940511388272644,0.25877381190669607,0.3471750492660396,A,0.0
2015-16,2016-04-02,Aston Villa,Chelsea,A,1271.420821648032,1504.1360871579411,-232.71526550990916,0.5881035710918487,0.19429304096306296,0.21760338794508818,A,0.0
2015-16,2016-04-02,Arsenal,Watford,H,1544.686545936392,1410.1163218407723,134.57022409561955,0.20181124391367192,0.17964429887468666,0.6185444572116414,H,0.0
2015-16,2016-04-02,Bournemouth,Manchester City,A,1405.2961027392414,1509.216745642665,-103.92064290342364,0.4192566192012395,0.2551479357200612,0.32559544507869925,A,0.0
2015-16,2016-04-03,Leicester City,Southampton,H,1512.930527953332,1468.724681959128,44.20584599420408,0.2715089381306484,0.23384022723229447,0.4946508346370571,H,0.0
2015-16,2016-04-03,Manchester United,Everton,H,1504.5684858049165,1432.449507320228,72.11897848468857,0.24869147938152172,0.21925128702679464,0.5320572335916837,H,0.0
2015-16,2016-04-09,West Ham,Arsenal,D,1457.61251311148,1552.148681260093,-94.53616814861311,0.408313079200189,0.25698911038861316,0.33469781041119784,A,0.0
2015-16,2016-04-09,Swansea,Chelsea,H,1390.5037159839612,1511.9979264442497,-121.49421046028851,0.4403514300781588,0.25057356492432176,0.3090750049975195,A,0.0
2015-16,2016-04-09,Southampton,Newcastle United,H,1463.9087512047806,1304.1165507045175,159.7922005002631,0.18437624374025574,0.16221422655714723,0.653409529702597,H,0.0
2015-16,2016-04-09,Watford,Everton,D,1402.6541865170711,1428.173910975774,-25.519724458702967,0.33475262767234676,0.2569987916041901,0.4082485807234632,H,0.0
2015-16,2016-04-09,Crystal Palace,Norwich City,H,1376.1180771481654,1355.4306144952761,20.68746265288928,0.29176539246837907,0.2439840502522951,0.46425055727932585,H,0.0
2015-16,2016-04-09,Aston Villa,Bournemouth,A,1263.5589823617233,1391.860174273278,-128.30119191155472,0.44872757081540376,0.2484208974158815,0.30285153176871477,A,0.0
2015-16,2016-04-09,Manchester City,West Bromwich Albion,H,1522.6526741086284,1394.6400968849064,128.01257722372202,0.20648257600873893,0.18410002011078147,0.6094174038804796,H,0.0
2015-16,2016-04-10,Liverpool,Stoke,H,1462.556995206785,1434.3164418150093,28.24055339177562,0.28515008519421353,0.24096281205933567,0.4738871027464508,H,0.0
2015-16,2016-04-10,Sunderland,Leicester City,A,1346.517556003253,1517.7464587076795,-171.22890270442645,0.5039409575329985,0.23041052283287256,0.26564851963412894,A,0.0
2015-16,2016-04-10,Tottenham,Manchester United,H,1543.2938021661155,1508.8440821493703,34.44972001674523,0.2797908273085182,0.2383082337619651,0.48190093892951674,H,0.0
2015-16,2016-04-13,Crystal Palace,Everton,D,1381.418292503949,1429.1630877391578,-47.74479523520881,0.35713809692814746,0.25961893761219246,0.3832429654596601,H,0.0
2015-16,2016-04-16,West Bromwich Albion,Watford,A,1391.3246711630743,1401.6650097536874,-10.3403385906131,0.3201265958972564,0.25381325986958986,0.4260601442331537,H,0.0
2015-16,2016-04-16,Chelsea,Manchester City,A,1504.2785728373403,1525.9680998304605,-21.689526993120126,0.331012804670841,0.2563000165616074,0.4126871787675516,H,0.0
2015-16,2016-04-16,Everton,Southampton,D,1429.5156746684793,1468.4168699745446,-38.90119530606535,0.3480882146772045,0.25887216532816365,0.3930396199946319,H,0.0
2015-16,2016-04-16,Manchester United,Aston Villa,H,1498.8166032188353,1258.2806825427529,240.53592067608247,0.13437820475034454,0.10762278867999459,0.7579990065696609,H,0.0
2015-16,2016-04-16,Newcastle United,Swansea,H,1299.6084319347535,1398.2230695908706,-98.61463765611711,0.41304127892527437,0.2562414599512385,0.3307172611234872,A,0.0
2015-16,2016-04-16,Norwich City,Sunderland,A,1350.1303991394925,1339.4808091367015,10.649590002791001,0.30072632541073674,0.24763052987261697,0.45164314471664635,H,0.0
2015-16,2016-04-17,Leicester City,West Ham,D,1524.783205574231,1458.603282827217,66.17992274701396,0.25344228672121744,0.2225606110549981,0.5239971022237845,H,0.0
2015-16,2016-04-17,Arsenal,Crystal Palace,D,1551.157911544356,1381.0657055746276,170.0922059697284,0.1774993943228634,0.1550373071090786,0.667463298568058,H,0.0
2015-16,2016-04-17,Bournemouth,Liverpool,A,1397.1384740922485,1472.840863615157,-75.70238952290856,0.38703758034032765,0.25937470907057514,0.3535877105890972,A,0.0
2015-16,2016-04-18,Stoke,Tottenham,A,1424.032573406637,1553.3212810966504,-129.28870769001333,0.44995199038504,0.24809149204867634,0.30195651756628367,A,0.0
2015-16,2016-04-19,Newcastle United,Manchester City,D,1314.345240994345,1541.2032931783538,-226.85805218400878,0.5799508789139328,0.19810375576786055,0.22194536531820658,A,0.0
2015-16,2016-04-20,Liverpool,Everton,H,1479.239114948305,1428.9091476536448,50.329967294660264,0.2663940158266967,0.23085910540846669,0.5027468787648366,H,0.0
2015-16,2016-04-20,Manchester United,Crystal Palace,H,1500.6984024943486,1386.864350986638,113.83405150771046,0.2167793511449244,0.19355878507319585,0.5896618637818797,H,0.0
2015-16,2016-04-20,West Ham,Watford,H,1462.0833588222051,1409.5434885531615,52.539870269043604,0.26456372454976046,0.2297513916638446,0.5056848837863949,H,0.0
2015-16,2016-04-21,Arsenal,West Bromwich Albion,H,1545.3592661323455,1383.4461923636002,161.91307376874533,0.18294865519295292,0.1607369859356277,0.6563143588714194,H,0.0
2015-16,2016-04-23,Liverpool,Newcastle United,D,1490.138431398678,1318.809727717793,171.32870368088493,0.17668338416842766,0.15417588200916588,0.6691407338224065,H,0.0
2015-16,2016-04-23,Aston Villa,Southampton,A,1256.3988832672396,1469.023396989379,-212.62451372213945,0.5602059477563215,0.2070993846525171,0.23269466759116153,A,0.0
2015-16,2016-04-23,Bournemouth,Chelsea,A,1390.7402227591006,1489.043379489447,-98.30315673034647,0.41267866429249905,0.2563014195239588,0.33101991618354215,A,0.0
2015-16,2016-04-23,Manchester City,Stoke,H,1536.7388064549057,1411.8234919344031,124.91531452050253,0.20870884242983495,0.18618839506816978,0.6051027625019954,H,0.0
2015-16,2016-04-24,Sunderland,Arsenal,D,1356.0443233045555,1549.8205962072102,-193.77627290265468,0.53431480114555,0.21830979139271914,0.24737540746173098,A,0.0
2015-16,2016-04-24,Leicester City,Swansea,H,1521.303129579243,1383.4862605312792,137.8168690479638,0.19951965852362585,0.17742321836454986,0.6230571231118243,H,0.0
2015-16,2016-04-25,Tottenham,West Bromwich Albion,D,1565.5303625688844,1378.9848622887355,186.54550028014887,0.1668101982025405,0.1436071152061247,0.6895826865913348,H,0.0
2015-16,2016-04-30,Newcastle United,Crystal Palace,H,1324.63194700877,1381.2485705733045,-56.61662356453439,0.36641139232830955,0.25997093637661256,0.37361767129507795,H,0.0
2015-16,2016-04-30,Arsenal,Norwich City,H,1546.1498403179296,1333.5668849716385,212.5829553462911,0.15065365144749293,0.12584882210450316,0.723497526448004,H,0.0
2015-16,2016-04-30,Everton,Bournemouth,H,1418.009831203272,1378.9272829397328,39.08254826353914,0.27583725852794416,0.2362307446768766,0.4879319967951793,H,0.0
2015-16,2016-04-30,Watford,Aston Villa,H,1402.172529206473,1250.5189138247222,151.6536153817508,0.18990994731270058,0.1678731203611326,0.6422169323261668,H,0.0
2015-16,2016-04-30,West Bromwich Albion,West Ham,A,1385.0892157656401,1469.4543181688937,-84.36510240325356,0.3967091572613609,0.2584970256023731,0.34479381713626595,A,0.0
2015-16,2016-04-30,Stoke,Sunderland,D,1404.01195057632,1359.7150791938361,44.296871382483914,0.2714324468072521,0.23379689078737176,0.49477066240537615,H,0.0
2015-16,2016-05-01,Manchester United,Leicester City,D,1506.3141829076822,1528.6503938650537,-22.336210957371577,0.3316418628473137,0.25642301835708664,0.41193511879559974,H,0.0
2015-16,2016-05-01,Southampton,Manchester City,H,1474.9033664318965,1544.5503478129888,-69.64698138109225,0.38039224356631746,0.25976381139729326,0.3598439450363892,A,0.0
2015-16,2016-05-01,Swansea,Liverpool,H,1376.1389962454684,1484.316212107701,-108.17721586223252,0.4242947100248059,0.254173011924508,0.32153227805068607,A,0.0
2015-16,2016-05-02,Chelsea,Tottenham,D,1500.8563193088148,1559.4260090919797,-58.569689783164904,0.3684793924980875,0.25999480567002936,0.3715258018318831,H,0.0
2015-16,2016-05-07,Aston Villa,Newcastle United,D,1247.5591098657953,1331.3237099301111,-83.7646000643158,0.39603244396189546,0.25856999567260286,0.3453975603655017,A,0.0
2015-16,2016-05-07,Crystal Palace,Stoke,H,1374.5568076519635,1401.0970809691262,-26.5402733171627,0.3357548166586954,0.2571728670530138,0.4070723162882908,H,0.0
2015-16,2016-05-07,Norwich City,Manchester United,A,1331.3882272913256,1505.2343585192123,-173.84613122788664,0.5074255004808318,0.22908885370550014,0.2634856458136681,A,0.0
2015-16,2016-05-07,Bournemouth,West Bromwich Albion,D,1374.0080341437113,1372.673001795881,1.3350323478302926,0.30922168221946317,0.2506214127141619,0.4401569050663749,H,0.0
2015-16,2016-05-07,West Ham,Swansea,A,1481.8705321386528,1388.0529936730775,93.81753846557535,0.23178275791607372,0.20636130772889139,0.5618559343550349,H,0.0
2015-16,2016-05-07,Sunderland,Chelsea,H,1362.62994880103,1500.815151904084,-138.18520310305394,0.4610860808595175,0.2449330941628032,0.29398082497767924,A,0.0
2015-16,2016-05-07,Leicester City,Everton,H,1529.7302182535236,1422.9290799992934,106.80113825423018,0.22198778646744688,0.1981404970821951,0.579871716450358,H,0.0
2015-16,2016-05-08,Tottenham,Southampton,A,1559.4671764967106,1485.8479730446832,73.61920345202748,0.24749995890582646,0.2183993501595962,0.5341006909345773,H,0.0
2015-16,2016-05-08,Manchester City,Arsenal,D,1533.6057412002021,1548.3284979982425,-14.722756798040336,0.3242961103820381,0.2548466059808948,0.4208572836370671,H,0.0
2015-16,2016-05-08,Liverpool,Watford,H,1472.402214680092,1405.1323331653998,67.26988151469209,0.25256631826453524,0.22196100680841668,0.5254726749270481,H,0.0
2015-16,2016-05-10,West Ham,Manchester United,H,1463.0448204354502,1509.6255078642764,-46.580687428826195,0.35593586003463107,0.2595431726304124,0.38452096733495655,H,0.0
2015-16,2016-05-11,Liverpool,Chelsea,D,1479.3232008345378,1492.8499680271618,-13.526767192623993,0.3231540085394144,0.2545736567010416,0.422272334759544,H,0.0
2015-16,2016-05-11,Norwich City,Watford,H,1326.9970779462615,1398.211347010954,-71.21426906469242,0.3821031472840386,0.2596808839270363,0.35821596878892503,A,0.0
2015-16,2016-05-11,Sunderland,Everton,H,1370.595132677952,1417.1278808813177,-46.5327482033656,0.3558864224112294,0.2595399057499565,0.384573671838814,H,0.0
2015-16,2016-05-15,Swansea,Manchester City,D,1406.87870537628,1532.3098848835018,-125.43117950722171,0.44518229743212534,0.2493537706882267,0.3054639318796479,A,0.0
2015-16,2016-05-15,West Bromwich Albion,Liverpool,D,1374.4202524522034,1477.993514446189,-103.57326199398562,0.4188474974365428,0.2552236783365951,0.3259288242268621,A,0.0
2015-16,2016-05-15,Watford,Sunderland,D,1387.226331555279,1383.6449712905376,3.5813602647415337,0.30715663860432557,0.2499355836269782,0.4429077777686962,H,0.0
2015-16,2016-05-15,Everton,Norwich City,H,1404.0780422687321,1337.9820934019363,66.09594886679588,0.25350985084042094,0.2226066593134041,0.523883489846175,H,0.0
2015-16,2016-05-15,Southampton,Crystal Palace,H,1495.0143694963706,1380.7481108917004,114.26625860467016,0.21646146627825805,0.19327460721949005,0.5902639265022519,H,0.0
2015-16,2016-05-15,Arsenal,Aston Villa,H,1549.6243543149428,1248.242045318918,301.3823089960249,0.09992515765312521,0.1,0.8000748423468748,H,0.0
2015-16,2016-05-15,Newcastle United,Tottenham,H,1330.6407744769886,1550.3007800450232,-219.66000556803465,0.5699507655193298,0.20270322929783952,0.22734600518283088,A,0.0
2015-16,2016-05-15,Chelsea,Leicester City,D,1494.1796544155106,1535.5314173714994,-41.35176295598876,0.3505767965680344,0.2591185215149981,0.39030468191696754,H,0.0
2015-16,2016-05-15,Stoke,West Ham,H,1394.9057777293892,1469.5705356829208,-74.66475795353153,0.38589213935706934,0.2594545345740281,0.35465332606890254,A,0.0
2015-16,2016-05-17,Manchester United,Bournemouth,H,1503.0997926168059,1372.2607834873888,130.83900912941704,0.20446215078760563,0.18218491425874572,0.6133529349536486,H,0.0
2016-17,2016-08-13,Burnley,Swansea,A,1345.55793944812,1408.740013141465,-63.182073693345046,0.3734016124928467,0.2599742917576209,0.3666240957495324,A,0.0
2016-17,2016-08-13,Crystal Palace,West Bromwich Albion,A,1373.6759899585304,1375.6678575452622,-1.9918675867318143,0.3122994551308491,0.25159505121353454,0.43610549365561635,H,0.0
2016-17,2016-08-13,Everton,Tottenham,D,1412.855805506845,1529.3794209346456,-116.52361542780068,0.4343065125902625,0.2520131450806751,0.3136803423290625,A,0.0
2016-17,2016-08-13,Hull,Leicester City,H,1357.0184507160088,1536.0676419432104,-179.04919122720162,0.5143870182993693,0.22639386787111918,0.2592191138295115,A,0.0
2016-17,2016-08-13,Manchester City,Sunderland,H,1530.448577118317,1385.454831033262,144.9937460850549,0.19450359831938746,0.1724843107390669,0.6330120909415456,H,0.0
2016-17,2016-08-13,Middlesbrough,Stoke,D,1420.0,1401.8925235466706,18.107476453329355,0.2940498351229541,0.24496215324270054,0.4609880116343454,H,0.0
2016-17,2016-08-13,Southampton,Watford,D,1502.0864904295406,1385.4164718125546,116.670018616986,0.21469814060655035,0.19168895991912072,0.5936128994743289,H,0.0
2016-17,2016-08-14,Arsenal,Liverpool,A,1552.76760604082,1476.7459093531302,76.02169668768988,0.24559892574677109,0.2170220572290645,0.5373790170241644,H,0.0
2016-17,2016-08-14,Bournemouth,Manchester United,A,1367.0758563388733,1508.2847197653214,-141.20886342644803,0.46491172462048963,0.24378300623555074,0.29130526914395966,A,0.0
2016-17,2016-08-15,Chelsea,West Ham,H,1493.6434298437996,1462.5837898656393,31.05963997816025,0.28270818241629153,0.23977631188417817,0.47751550569953033,H,0.0
2016-17,2016-08-19,Manchester United,Southampton,H,1516.2382306003626,1497.3987558808467,18.83947471951592,0.2934003878332868,0.24468747872505445,0.4619121334416587,H,0.0
2016-17,2016-08-20,Swansea,Hull,A,1415.4162669795323,1365.542477616845,49.873789362687376,0.26677284365307485,0.23108568410889707,0.5021414722380281,H,0.0
2016-17,2016-08-20,Tottenham,Crystal Palace,H,1527.7667432589903,1365.6051760491437,162.16156720984668,0.18278178308574164,0.1605638637273231,0.6566543531869352,H,0.0
2016-17,2016-08-20,Watford,Chelsea,A,1390.1042063612485,1498.7269428411319,-108.62273647988332,0.4248246923775892,0.25406598797358215,0.32110931964882866,A,0.0
2016-17,2016-08-20,Leicester City,Arsenal,D,1527.5436150423743,1543.5708870508583,-16.027272008484033,0.3255454826771126,0.255136529232835,0.4193179880900525,H,0.0
2016-17,2016-08-20,West Bromwich Albion,Everton,A,1383.738671454649,1414.4684831825002,-30.729811727851256,0.3398944697758907,0.2578337483969245,0.40227178182718476,H,0.0
2016-17,2016-08-20,Burnley,Liverpool,H,1338.8816856100525,1485.9426283430919,-147.06094273303938,0.472373886178821,0.24144990626106996,0.28617620756010903,A,0.0
2016-17,2016-08-20,Stoke,Manchester City,A,1404.1035143894258,1533.505523718461,-129.4020093290353,0.450092621429462,0.24805342386306975,0.30185395470746834,A,0.0
2016-17,2016-08-21,Sunderland,Middlesbrough,A,1382.397884433118,1417.789009157245,-35.39112472412694,0.3445489752869955,0.2584668899198951,0.3969841347931094,H,0.0
2016-17,2016-08-21,West Ham,Bournemouth,H,1457.500276868307,1359.122345503832,98.37793136447499,0.228315498535083,0.20351198573330312,0.5681725157316139,H,0.0
2016-17,2016-08-27,Southampton,Sunderland,D,1488.9361279968182,1375.0937758865202,113.84235211029795,0.21677324372948398,0.19355333011220724,0.5896734261583088,H,0.0
2016-17,2016-08-27,Watford,Arsenal,A,1384.4172791515125,1544.8298091096399,-160.41252995812738,0.4896712839083365,0.2356194483434426,0.2747092677482209,A,0.0
2016-17,2016-08-27,Tottenham,Liverpool,D,1530.5780859473257,1473.1171262127211,57.46095973460456,0.26051681835208657,0.22722587125714624,0.5122573103907673,H,0.0
2016-17,2016-08-27,Leicester City,Swansea,H,1526.2846929835928,1401.3853156703385,124.89937731325426,0.20872033102330442,0.18619911177946122,0.6050805571972343,H,0.0
2016-17,2016-08-27,Hull,Manchester United,A,1379.5734289260388,1524.7008584843911,-145.12742955835233,0.4699000758555206,0.24223619894184895,0.28786372520263054,A,0.0
2016-17,2016-08-27,Everton,Stoke,H,1421.8790176836771,1393.5917995389068,28.28721814477035,0.2851095452257771,0.24094342845180294,0.47394702632242,H,0.0
2016-17,2016-08-27,Crystal Palace,Bournemouth,D,1362.7938333608083,1355.3185878167808,7.47524554402753,0.3036016248763803,0.24869310627698848,0.4477052688466312,H,0.0
2016-17,2016-08-27,Chelsea,Burnley,H,1504.413870050868,1351.7071877404233,152.70668231044465,0.18918897744236846,0.1671421081582252,0.6436689143994063,H,0.0
2016-17,2016-08-28,Manchester City,West Ham,H,1544.01723856898,1461.3040345553584,82.71320401362163,0.2403495623673556,0.2131049088729923,0.5465455287596521,H,0.0
2016-17,2016-08-28,West Bromwich Albion,Middlesbrough,D,1376.328136953472,1425.0931177038426,-48.76498075037057,0.35819445606101874,0.25967970261783796,0.38212584132114336,H,0.0
2016-17,2016-09-10,Manchester United,Manchester City,A,1529.6412887946442,1550.4852723244576,-20.843983529813386,0.3301917496903518,0.2561361238666833,0.4136721264429649,H,0.0
2016-17,2016-09-10,Stoke,Tottenham,A,1388.450835319067,1527.3204653480414,-138.86963002897437,0.4619502295878455,0.2446761149596248,0.29337365545252975,A,0.0
2016-17,2016-09-10,Middlesbrough,Crystal Palace,A,1425.4163748851565,1360.8757936732425,64.54058121191406,0.2547632681148529,0.22345572748211773,0.5217810044030293,H,0.0
2016-17,2016-09-10,West Ham,Watford,A,1454.8360007998808,1377.0573624292495,77.77863837063137,0.24421419257552932,0.2160049294079963,0.5397808780164743,H,0.0
2016-17,2016-09-10,Bournemouth,West Bromwich Albion,H,1357.2366275043466,1376.0048797721581,-18.768252267811476,0.32818303854037323,0.25571908344255206,0.41609787801707476,H,0.0
2016-17,2016-09-10,Arsenal,Southampton,H,1552.189725831903,1484.3121373926942,67.8775884392087,0.25207872286057026,0.22162516603912868,0.5262961111003011,H,0.0
2016-17,2016-09-10,Liverpool,Leicester City,H,1476.3747468120055,1529.6491932862054,-53.274446474199976,0.3628948467076334,0.259885175770098,0.37721997752226866,H,0.0
2016-17,2016-09-10,Burnley,Hull,D,1345.8178661248949,1374.6329986157857,-28.815132490890846,0.3379974845479517,0.2575424601098747,0.4044600553421736,H,0.0
2016-17,2016-09-11,Swansea,Chelsea,D,1398.0208153677258,1510.3031916663963,-112.28237629867044,0.42919711802427785,0.25315142156673914,0.3176514604089829,A,0.0
2016-17,2016-09-12,Sunderland,Everton,A,1379.7177664906442,1427.019981903517,-47.30221541287278,0.35668062603993894,0.2595909396009005,0.38372843435916054,H,0.0
2016-17,2016-09-16,Chelsea,Liverpool,A,1508.8096404856562,1489.6479499063616,19.1616905792946,0.2931148373166894,0.2445658570341403,0.46231930564917034,H,0.0
2016-17,2016-09-17,Manchester City,Bournemouth,H,1558.1222738523688,1363.2976436706547,194.82463018171416,0.16157092287824684,0.1379022345708459,0.7005268425509072,H,0.0
2016-17,2016-09-17,Everton,Middlesbrough,H,1441.0868984314668,1416.366968882462,24.719929549004746,0.2882202707221346,0.24239998324887613,0.4693797460289893,H,0.0
2016-17,2016-09-17,Hull,Arsenal,A,1375.5281686049552,1556.5449040557721,-181.0167354508169,0.5170309198344821,0.22535198600514852,0.2576170941603693,A,0.0
2016-17,2016-09-17,West Bromwich Albion,West Ham,H,1369.94386360585,1440.224669883999,-70.28080627814893,0.3810833862776586,0.2597317722987257,0.35918484142361573,A,0.0
2016-17,2016-09-17,Leicester City,Burnley,H,1516.3759901918493,1344.9226961357253,171.45329405612392,0.17660127624500313,0.15408909491001735,0.6693096288449796,H,0.0
2016-17,2016-09-18,Watford,Manchester United,H,1391.6686933451313,1522.004287266733,-130.33559392160168,0.45125255551149207,0.2477376067782674,0.30100983771024054,A,0.0
2016-17,2016-09-18,Tottenham,Sunderland,H,1539.0805049236444,1365.6508499626943,173.42965496095007,0.17530159912492074,0.1527127257325537,0.6719856751425256,H,0.0
2016-17,2016-09-18,Crystal Palace,Stoke,H,1369.925199675937,1376.690795743464,-6.765596067526985,0.31675669841583126,0.25290320058219945,0.43034010100196934,H,0.0
2016-17,2016-09-18,Southampton,Swansea,H,1479.956959168825,1399.514366548466,80.44259262035916,0.2421233755173004,0.21444713558589804,0.5434294888968016,H,0.0
2016-17,2016-09-24,Middlesbrough,Tottenham,A,1408.100760867384,1541.7391292078546,-133.6383683404706,0.4553725994360608,0.24658985790063792,0.2980375426633013,A,0.0
2016-17,2016-09-24,Manchester United,Leicester City,H,1509.5611760335507,1521.745847823704,-12.184671790153288,0.3218761606670056,0.2542592530495874,0.423864586283407,H,0.0
2016-17,2016-09-24,Liverpool,Hull,H,1498.058697706192,1367.008632442605,131.05006526358716,0.20431170808064003,0.18204157116907646,0.6136467207502835,H,0.0
2016-17,2016-09-24,Arsenal,Chelsea,H,1565.0644402181224,1500.3988926858258,64.66554753229661,0.25466242213297835,0.22338777940094764,0.521949798466074,H,0.0
2016-17,2016-09-24,Bournemouth,Everton,H,1357.7557284961997,1449.3531064465449,-91.59737795034516,0.40493275405086454,0.25747733240779036,0.3375899135413451,A,0.0
2016-17,2016-09-24,Stoke,West Bromwich Albion,D,1364.9715176409197,1380.9048201857445,-15.933302544824755,0.32545535823174515,0.2551159172823315,0.41942872448592333,H,0.0
2016-17,2016-09-24,Sunderland,Crystal Palace,A,1362.9922256784841,1381.6444777784811,-18.652252099996986,0.3280710720788224,0.25569516275201126,0.4162337651691664,H,0.0
2016-17,2016-09-24,Swansea,Manchester City,A,1395.392249713523,1563.6641890268238,-168.2719393133009,0.5000185565228917,0.23187560368437946,0.2681058397927288,A,0.0
2016-17,2016-09-25,West Ham,Southampton,A,1429.2637133041046,1484.079076003768,-54.81536269966341,0.3645126650657166,0.2599317577793753,0.375555577154908,H,0.0
2016-17,2016-09-26,Burnley,Watford,H,1339.5528385038706,1404.1118045783135,-64.55896607444288,0.374881501912958,0.25994723304437134,0.3651712650426707,A,0.0
2016-17,2016-09-30,Everton,Crystal Palace,D,1442.0951724927393,1389.331804979724,52.76336751301528,0.2643790692982248,0.22963844041880896,0.5059824902829662,H,0.0
2016-17,2016-10-01,Sunderland,West Bromwich Albion,D,1355.3048984772413,1382.1664039466878,-26.861505469446456,0.33607077082911374,0.25722660142710235,0.40670262774378396,H,0.0
2016-17,2016-10-01,Hull,Chelsea,A,1359.420457666373,1491.566777890237,-132.146320223864,0.4535081708880656,0.24711422005736772,0.2993776090545667,A,0.0
2016-17,2016-10-01,Swansea,Liverpool,A,1388.2679812819154,1505.646872482424,-117.37889120050863,0.4353422932280897,0.2517735068397276,0.3128841999321828,A,0.0
2016-17,2016-10-01,West Ham,Middlesbrough,D,1415.535955901694,1402.9308376547208,12.605118246973234,0.29896507509706927,0.24695400571800605,0.45408091918492466,H,0.0
2016-17,2016-10-01,Watford,Bournemouth,D,1393.2988390139524,1365.0136624500053,28.28517656394706,0.2851113187635414,0.24094427666549428,0.47394440457096426,H,0.0
2016-17,2016-10-02,Manchester United,Stoke,D,1521.462292175231,1363.7099338799765,157.75235829525445,0.18575493765408793,0.16363427081999785,0.6506107915259143,H,0.0
2016-17,2016-10-02,Tottenham,Manchester City,H,1546.9090524205178,1570.7884574584314,-23.879405037913557,0.3331468742472927,0.2567083063772363,0.410144819375471,H,0.0
2016-17,2016-10-02,Burnley,Arsenal,A,1350.3658040682317,1573.8965550137111,-223.53075094547944,0.5753251777341847,0.20024193171081012,0.22443289055500515,A,0.0
2016-17,2016-10-02,Leicester City,Southampton,D,1509.8447316820238,1497.8068334061786,12.037898275845237,0.29947515907249733,0.24715194823823544,0.4533728926892673,H,0.0
2016-17,2016-10-15,Bournemouth,Hull,H,1367.5013992524878,1351.1784776855243,16.322921566963487,0.29563748603176,0.24562230878706937,0.45874020518117065,H,0.0
2016-17,2016-10-15,West Bromwich Albion,Tottenham,D,1383.1173246049987,1556.6513717243095,-173.5340471193108,0.5070093772056432,0.22924766403570215,0.26374295875865467,A,0.0
2016-17,2016-10-15,Manchester City,Everton,D,1561.0461381546397,1438.9589383702048,122.08719978443492,0.21075286157665954,0.1880851952258049,0.6011619431975356,H,0.0
2016-17,2016-10-15,Crystal Palace,West Ham,A,1392.4680391022584,1413.476110350882,-21.008071248623537,0.33035095748369386,0.2561682007164331,0.41348084179987304,H,0.0
2016-17,2016-10-15,Chelsea,Leicester City,H,1499.8087578710858,1507.8005245773281,-7.991766706242288,0.31790947719804297,0.2532221124517058,0.42886841035025125,H,0.0
2016-17,2016-10-15,Arsenal,Swansea,H,1577.4280409064984,1382.764574155562,194.66346675093632,0.16167201180735463,0.13801285772242478,0.7003151304702205,H,0.0
2016-17,2016-10-15,Stoke,Sunderland,H,1369.2679790945692,1354.3539778189304,14.914001275638839,0.29689533246582966,0.24613394825872145,0.45697071927544886,H,0.0
2016-17,2016-10-16,Middlesbrough,Watford,A,1404.9906832055328,1390.81110221147,14.179580994062917,0.2975525460903623,0.2463972825348745,0.4560501713747632,H,0.0
2016-17,2016-10-16,Southampton,Burnley,H,1499.8510405108743,1346.8343181754444,153.0167223354299,0.18897699251028718,0.16692680453369008,0.6440962029560228,H,0.0
2016-17,2016-10-17,Liverpool,Manchester United,D,1511.1502796087773,1515.9042469606381,-4.753967351860865,0.3148724956309009,0.2523648180704925,0.4327626862986066,H,0.0
2016-17,2016-10-22,Swansea,Watford,D,1380.3758406360919,1399.1466752936735,-18.770834657581645,0.32818553147840474,0.2557196152244701,0.4160948532971252,H,0.0
2016-17,2016-10-22,West Ham,Sunderland,H,1421.1093456806639,1345.758907302684,75.3504383779798,0.24612920000174923,0.2174084644106831,0.5364623355875677,H,0.0
2016-17,2016-10-22,Arsenal,Middlesbrough,D,1579.8167744259686,1396.6551101233292,183.16166430263934,0.1689786014156361,0.14594994365251843,0.6850714549318455,H,0.0
2016-17,2016-10-22,Bournemouth,Tottenham,D,1381.4416315429817,1553.4951514042941,-172.05351986131245,0.5050375632214046,0.229996600492481,0.26496583628611453,A,0.0
2016-17,2016-10-22,Burnley,Everton,H,1342.1741897266068,1443.767436494949,-101.59324676834217,0.4165214660154867,0.25564432362189005,0.3278342103626233,A,0.0
2016-17,2016-10-22,Hull,Stoke,A,1337.2382453950304,1377.8630496108156,-40.62480421578516,0.3498370393768197,0.2590485854856424,0.39111437513753794,H,0.0
2016-17,2016-10-22,Leicester City,Crystal Palace,H,1496.0401079179005,1384.8348037724766,111.20530414542395,0.21871824393560202,0.19528087269261168,0.5860008833717864,H,0.0
2016-17,2016-10-22,Liverpool,West Bromwich Albion,H,1509.57343847667,1386.273544925014,123.29989355165594,0.20987507461796037,0.18727307615601912,0.6028518492260205,H,0.0
2016-17,2016-10-23,Chelsea,Manchester United,H,1511.5691745305135,1517.4810880927455,-5.91191356223203,0.315956029639739,0.25267702421692684,0.43136694614333415,H,0.0
2016-17,2016-10-23,Manchester City,Southampton,D,1556.2376400298956,1504.511168959712,51.72647107018361,0.26523645833637094,0.2301610416284791,0.50460250003515,H,0.0
2016-17,2016-10-29,Watford,Hull,H,1400.32780707703,1325.850387564823,74.477419512207,0.2468198740615165,0.21790917472281698,0.5352709512156665,H,0.0
2016-17,2016-10-29,West Bromwich Albion,Manchester City,A,1382.8836277966143,1553.128339843203,-170.2447120465888,0.5026337060907589,0.23090150519881314,0.26646478871042795,A,0.0
2016-17,2016-10-29,Tottenham,Leicester City,D,1550.3773505336897,1501.7246997890722,48.652650744617404,0.2677886369432785,0.23168867123955864,0.5005226918171629,H,0.0
2016-17,2016-10-29,Sunderland,Arsenal,A,1341.5433224314752,1573.7738867792727,-232.23056434779755,0.587428543149275,0.19461053593269084,0.21796092091803426,A,0.0
2016-17,2016-10-29,Middlesbrough,Bournemouth,H,1402.697997770025,1384.5594324135861,18.138565356438903,0.2940222312230648,0.24495053332219296,0.4610272354547422,H,0.0
2016-17,2016-10-29,Manchester United,Burnley,D,1503.908675574354,1349.589109331588,154.3195662427661,0.18808758794045058,0.16602168032472714,0.6458907317348223,H,0.0
2016-17,2016-10-29,Crystal Palace,Liverpool,A,1379.1502119013048,1512.9633556050696,-133.8131437037648,0.45559133509281485,0.24652780671994012,0.297880858187245,A,0.0
2016-17,2016-10-30,Everton,West Ham,H,1436.3525168899678,1425.3249305518727,11.027586338095034,0.30038528785550805,0.2475010571880641,0.4521136549564279,H,0.0
2016-17,2016-10-30,Southampton,Chelsea,A,1507.6204691464045,1525.141587048905,-17.521117902500464,0.32698086448409175,0.255458506686986,0.41756062882892225,H,0.0
2016-17,2016-10-31,Stoke,Swansea,H,1389.2509074410227,1379.1947088527354,10.056198588287316,0.30126227449601645,0.24783252203574202,0.45090520346824153,H,0.0
2016-17,2016-11-05,Bournemouth,Sunderland,A,1376.07323324761,1334.7563500524432,41.31688319516684,0.27394402557667247,0.2352000451903333,0.4908559292329942,H,0.0
2016-17,2016-11-05,Burnley,Crystal Palace,H,1355.0784983599817,1370.9616730368712,-15.883174676889439,0.3254072895687363,0.2551049045545787,0.419487805876685,H,0.0
2016-17,2016-11-05,Chelsea,Everton,H,1537.366900459456,1445.079733029753,92.287167429703,0.2329528913984399,0.2073075205540607,0.5597395880474995,H,0.0
2016-17,2016-11-05,Manchester City,Middlesbrough,D,1563.4795609324872,1411.1841969360012,152.295363996486,0.18947040660999556,0.16742768681098058,0.6431019065790239,H,0.0
2016-17,2016-11-05,West Ham,Stoke,D,1416.5977144120875,1398.0113089397012,18.586405472386332,0.29362480027991467,0.2447826951296737,0.4615925045904117,H,0.0
2016-17,2016-11-06,Leicester City,West Bromwich Albion,A,1504.7538631784676,1372.5324067073302,132.22145647113734,0.2034778076096968,0.18124517819403488,0.6152770141962683,H,0.0
2016-17,2016-11-06,Swansea,Manchester United,A,1370.434307354057,1498.4192865459602,-127.98497919190322,0.44833599081459424,0.24852546827738634,0.3031385409080195,A,0.0
2016-17,2016-11-06,Hull,Southampton,H,1321.6186430192665,1495.3951557358535,-173.77651271658692,0.5073326589429163,0.2291243087310784,0.2635430323260053,A,0.0
2016-17,2016-11-06,Liverpool,Watford,H,1521.1518944695033,1404.5595516225865,116.59234284691684,0.21475499891027167,0.19174033331441115,0.5935046677753172,H,0.0
2016-17,2016-11-06,Arsenal,Tottenham,D,1580.5608591583048,1547.3481871442943,33.21267201401042,0.28085297323441427,0.23884910672318524,0.48029792004240046,H,0.0
2016-17,2016-11-19,Watford,Leicester City,H,1395.517330095288,1494.9267678009198,-99.40943770563194,0.41396768738973516,0.25608632685457444,0.3299459857556904,A,0.0
2016-17,2016-11-19,Southampton,Liverpool,D,1486.9395100096078,1530.1941159968019,-43.254605987194054,0.3525192410361662,0.2592889999341782,0.3881917590296556,H,0.0
2016-17,2016-11-19,Everton,Swansea,D,1434.9726291580143,1362.0581689529915,72.9144602050228,0.2480592598562136,0.21880033944004504,0.5331404007037414,H,0.0
2016-17,2016-11-19,Manchester United,Arsenal,D,1506.7954249470256,1577.940551561353,-71.14512661432741,0.382027535661778,0.2596848044872701,0.35828765985095185,A,0.0
2016-17,2016-11-19,Crystal Palace,Manchester City,A,1364.9490574223548,1558.0310071818649,-193.08194975951005,0.5333685663699791,0.2187051657154664,0.24792626791455455,A,0.0
2016-17,2016-11-19,Stoke,Bournemouth,A,1400.2354066030796,1367.3398792794233,32.895527323656324,0.28112572146634535,0.23898681872335917,0.4798874598102955,H,0.0
2016-17,2016-11-19,Sunderland,Hull,H,1343.48970402063,1330.0742887455121,13.415415275117766,0.29823750551406375,0.24666882286286804,0.4550936716230682,H,0.0
2016-17,2016-11-19,Tottenham,West Ham,H,1549.968494741246,1414.373616748709,135.59487799253702,0.20108649922424524,0.17894430925079186,0.6199691915249629,H,0.0
2016-17,2016-11-20,Middlesbrough,Chelsea,A,1416.6327506866235,1547.4740043311947,-130.84125364457122,0.4518816754972711,0.24756495842127738,0.30055336608145156,A,0.0
2016-17,2016-11-21,West Bromwich Albion,Burnley,H,1382.359502084878,1361.091113974498,21.268388110379874,0.2912527730566746,0.24375998266771115,0.4649872442756143,H,0.0
2016-17,2016-11-26,Leicester City,Middlesbrough,D,1487.5459288347793,1411.4061656005306,76.13976323424868,0.24550572667463907,0.2169539662989741,0.5375403070263868,H,0.0
2016-17,2016-11-26,Liverpool,Sunderland,H,1530.6757143258442,1354.3996228587987,176.2760914670455,0.1734389902834732,0.15073178927938916,0.6758292204371377,H,0.0
2016-17,2016-11-26,Burnley,Manchester City,A,1348.8128693385681,1562.0751655726692,-213.2622962341011,0.5610878834053952,0.20670520103351026,0.23220691556109463,A,0.0
2016-17,2016-11-26,Chelsea,Tottenham,H,1552.7005894172876,1553.166586507336,-0.46599709004840406,0.31088495928440135,0.25115476700328926,0.43796027371230944,H,0.0
2016-17,2016-11-26,Hull,West Bromwich Albion,D,1319.1643699073434,1394.6377467208079,-75.47337681346448,0.38678453389573214,0.2593927941130548,0.35382267199121303,A,0.0
2016-17,2016-11-26,Swansea,Crystal Palace,H,1365.7074426949077,1360.9048990315505,4.802543663357255,0.30603838616248874,0.2495532106592797,0.44440840317823155,H,0.0
2016-17,2016-11-27,Manchester United,West Ham,D,1507.1160974923782,1411.1755249826192,95.94057250975902,0.23016496934005923,0.2050402732376136,0.5647947574223272,H,0.0
2016-17,2016-11-27,Arsenal,Bournemouth,H,1577.6198790160004,1375.9529290328799,201.6669499831205,0.15731230424155357,0.13322417886893906,0.7094635168895075,H,0.0
2016-17,2016-11-27,Watford,Stoke,A,1402.8981690614287,1391.622356849623,11.275812211805714,0.3001614876563538,0.24741569520061035,0.45242281714303584,H,0.0
2016-17,2016-11-27,Southampton,Everton,H,1486.4579116805655,1431.3233554160981,55.13455626446739,0.2624250309478908,0.2284297761221881,0.5091451929299211,H,0.0
2016-17,2016-12-03,West Ham,Arsenal,A,1415.384917947029,1581.2727997781928,-165.8878818311639,0.4968676106993459,0.23303462913124998,0.2700977601694041,A,0.0
2016-17,2016-12-03,West Bromwich Albion,Watford,H,1394.1926813522493,1394.6068321076352,-0.4141507553858901,0.31083698339438154,0.25113961986546507,0.4380233967401534,H,0.0
2016-17,2016-12-03,Tottenham,Swansea,H,1547.4125698168552,1371.34855096833,176.06401884852517,0.17357738659505706,0.15087931126860596,0.675543302136337,H,0.0
2016-17,2016-12-03,Crystal Palace,Southampton,H,1355.2637907581282,1491.0576748931499,-135.7938841350217,0.45807524096293534,0.24581541761017456,0.2961093414268901,A,0.0
2016-17,2016-12-03,Stoke,Burnley,H,1399.9136938034164,1345.113615334446,54.80007846897047,0.26270010775180697,0.22860140388551403,0.5086984883626791,H,0.0
2016-17,2016-12-03,Manchester City,Chelsea,A,1565.7744195767914,1558.4546061077683,7.3198134690230745,0.30374293701534805,0.24874399515061055,0.44751306783404143,H,0.0
2016-17,2016-12-03,Sunderland,Leicester City,H,1350.2452822681814,1483.8164599685433,-133.5711777003619,0.4552885276575602,0.24661367785805194,0.2980977944843879,A,0.0
2016-17,2016-12-04,Bournemouth,Liverpool,H,1372.3000082706874,1534.8300549164614,-162.53004664577406,0.4924475815119511,0.2346327140477366,0.2729197044403122,A,0.0
2016-17,2016-12-04,Everton,Manchester United,D,1426.7235922035138,1502.9067045279685,-76.18311232445467,0.38756919386025634,0.25933588660218465,0.35309491953755895,A,0.0
2016-17,2016-12-05,Middlesbrough,Hull,H,1415.1356344667665,1319.609435275902,95.52619919086465,0.230480228402109,0.20529886604358827,0.5642209055543027,H,0.0
2016-17,2016-12-10,Swansea,Sunderland,H,1364.565923415071,1358.1434447034849,6.422478711586109,0.3045597154301989,0.24903569111447021,0.4464045934553309,H,0.0
2016-17,2016-12-10,Watford,Everton,H,1385.48830840408,1427.1890430563242,-41.70073465224414,0.35093236920300047,0.25915115031733305,0.3899164804796665,H,0.0
2016-17,2016-12-10,Leicester City,Manchester City,H,1475.9182975332399,1552.7292528909527,-76.81095535771283,0.3882644026165207,0.25928342933344306,0.3524521680500362,A,0.0
2016-17,2016-12-10,Arsenal,Stoke,H,1591.813706526409,1407.2144945285781,184.59921199783093,0.1680554966167885,0.14495397162266677,0.6869905317605447,H,0.0
2016-17,2016-12-10,Burnley,Bournemouth,H,1337.8128146092843,1380.6059888360844,-42.79317422680015,0.35204739359827936,0.2592493331885251,0.3887032732131956,H,0.0
2016-17,2016-12-10,Hull,Crystal Palace,D,1315.7561982332677,1371.1248718295267,-55.368673596258986,0.365095046041626,0.25994554488400606,0.374959409074368,H,0.0
2016-17,2016-12-11,Chelsea,West Bromwich Albion,H,1571.499772793607,1403.3112050558045,168.1885677378025,0.17875968353258187,0.15636379601958092,0.6648765204478372,H,0.0
2016-17,2016-12-11,Liverpool,West Ham,D,1526.5240743510644,1404.8440111988127,121.6800631522517,0.21104800274144792,0.1883574230735684,0.6005945741849837,H,0.0
2016-17,2016-12-11,Manchester United,Tottenham,H,1502.4412536751581,1554.1951973701143,-51.753943694956206,0.3613042955624074,0.2598274075486318,0.37886829688896084,H,0.0
2016-17,2016-12-11,Southampton,Middlesbrough,H,1475.1965938217513,1418.9888715094007,56.2077223123506,0.2615436834180572,0.2278766192354011,0.5105796973465416,H,0.0
2016-17,2016-12-13,Bournemouth,Leicester City,H,1374.1432293456232,1487.0470292012822,-112.90379985565892,0.42994292729079836,0.25298987854987026,0.3170671941593313,A,0.0
2016-17,2016-12-13,Everton,Arsenal,H,1420.7444674827225,1595.7979416566327,-175.05347417391022,0.5090368882735509,0.22847141509539118,0.262491696631058,A,0.0
2016-17,2016-12-14,West Ham,Burnley,H,1409.6434953870214,1344.2755740997454,65.36792128727598,0.2540960721682487,0.22300499562743564,0.5228989322043157,H,0.0
2016-17,2016-12-14,Sunderland,Chelsea,A,1346.9317149487586,1574.2286011888236,-227.29688624006508,0.5805613019895411,0.1978202707973187,0.22161842721314015,A,0.0
2016-17,2016-12-14,Stoke,Southampton,D,1403.2302593983545,1479.7754456331793,-76.54518623482477,0.38796999273098454,0.25930587714130465,0.35272413012771087,A,0.0
2016-17,2016-12-14,Middlesbrough,Liverpool,A,1414.4100196979728,1521.7245901628557,-107.31457046488299,0.4232699559088098,0.2543775633457046,0.3223524807454856,A,0.0
2016-17,2016-12-14,Tottenham,Hull,H,1547.583738040816,1315.6229058388426,231.9608322019733,0.13925070445218438,0.11309732654665043,0.7476519690011653,H,0.0
2016-17,2016-12-14,Crystal Palace,Manchester United,A,1371.2581642239518,1509.0527130044566,-137.79454878050478,0.46059332416831217,0.24507888747197573,0.29432778835971213,A,0.0
2016-17,2016-12-14,West Bromwich Albion,Swansea,H,1400.582376660588,1375.7776531697973,24.804723490790593,0.28814605392222853,0.24236595811556771,0.46948798796220376,H,0.0
2016-17,2016-12-14,Manchester City,Watford,H,1541.6005212229104,1391.9328839776817,149.66763724522866,0.19127362587146757,0.16925047128993043,0.639475902838602,H,0.0
2016-17,2016-12-17,Sunderland,Watford,H,1343.4604367249276,1387.1961861435643,-43.735749418636715,0.35301180026322315,0.25932921911548135,0.3876589806212955,H,0.0
2016-17,2016-12-17,West Ham,Hull,H,1414.0461956171441,1311.6849304834582,102.36126513368595,0.2253108468587284,0.20098860773497496,0.5737005454062967,H,0.0
2016-17,2016-12-17,West Bromwich Albion,Manchester United,A,1408.8457700327358,1514.1390073780037,-105.29323734526793,0.4208761832763642,0.25484300082972094,0.32428081589391494,A,0.0
2016-17,2016-12-17,Crystal Palace,Chelsea,A,1366.1718698504046,1577.6998794126546,-211.52800956224996,0.558690431164386,0.20777498205897427,0.23353458677663963,A,0.0
2016-17,2016-12-17,Stoke,Leicester City,D,1403.7061084906525,1479.457673802046,-75.7515653113935,0.38709193457266183,0.2593707911919169,0.35353727423542125,A,0.0
2016-17,2016-12-17,Middlesbrough,Swansea,H,1402.9808844137788,1367.5142597976494,35.466624616129366,0.2789197538852374,0.2378592070582301,0.48322103905653246,H,0.0
2016-17,2016-12-18,Bournemouth,Southampton,A,1381.7325847448594,1479.2995965408813,-97.56701179602192,0.4118226645518949,0.2564412506562121,0.3317360847918929,A,0.0
2016-17,2016-12-18,Manchester City,Arsenal,H,1546.3372190570278,1587.3256288972768,-40.988409840249005,0.3502068857037958,0.2590838975584014,0.39070921673780284,H,0.0
2016-17,2016-12-18,Tottenham,Burnley,H,1551.5217133962003,1339.8728738696227,211.6488395265776,0.15121688741356068,0.12647516525454955,0.7223079473318899,H,0.0
2016-17,2016-12-19,Everton,Liverpool,A,1429.2167802420784,1533.1537254470497,-103.93694520497138,0.4192758265280207,0.25514436696070686,0.3255798065112725,A,0.0
2016-17,2016-12-26,Watford,Crystal Palace,D,1380.7177461480196,1362.4437618657753,18.273984282244328,0.2939020142783631,0.24489987107181027,0.4611981146498267,H,0.0
2016-17,2016-12-26,Swansea,West Ham,A,1357.528433466024,1417.7815670737562,-60.25313360773225,0.3702696548819805,0.2599998373054994,0.36973050781252,A,0.0
2016-17,2016-12-26,Leicester City,Everton,A,1479.0046176716883,1423.4305874128897,55.57403025879853,0.26206388209263287,0.2282037104041707,0.5097324075031964,H,0.0
2016-17,2016-12-26,Manchester United,Sunderland,H,1523.2642500933314,1349.9388767204723,173.32537337285908,0.1753700445987224,0.15278533217116497,0.6718446232301126,H,0.0
2016-17,2016-12-26,Chelsea,Bournemouth,H,1581.427987397284,1372.3460267353573,209.0819606619266,0.15277096678409888,0.12820115594216852,0.7190278772737326,H,0.0
2016-17,2016-12-26,Burnley,Middlesbrough,H,1337.6836553927435,1412.9667107454043,-75.28305535266077,0.3865743423517237,0.25940762250582067,0.35401803514245567,A,0.0
2016-17,2016-12-26,Arsenal,West Bromwich Albion,H,1580.8929159118782,1399.7205273174081,181.17238859447002,0.17026062765518557,0.14732965642047474,0.6824097159243397,H,0.0
2016-17,2016-12-26,Hull,Manchester City,A,1307.9495590268461,1552.7699320424265,-244.82037301558034,0.6049704800546765,0.1862522323778349,0.20877728756748865,A,0.0
2016-17,2016-12-27,Liverpool,Stoke,H,1538.9399182762384,1404.1591646210102,134.78075365522818,0.20166222109363952,0.17950055345269486,0.6188372254536656,H,0.0
2016-17,2016-12-28,Southampton,Tottenham,A,1488.6861545503834,1553.7109318730795,-65.02477732269608,0.3753832546246743,0.259935900669712,0.3646808447056137,A,0.0
2016-17,2016-12-30,Hull,Everton,D,1301.5484589371179,1437.584600826279,-136.03614188916117,0.4583796624781809,0.24572713675769062,0.2958932007641284,A,0.0
2016-17,2016-12-31,Southampton,West Bromwich Albion,A,1475.4159141315658,1397.1629994685488,78.25291466301701,0.2438411825711185,0.21572895026341046,0.540429867165471,H,0.0
2016-17,2016-12-31,Burnley,Sunderland,H,1344.6804075915775,1345.7228651601154,-1.042457568537884,0.3114187665742836,0.25132235512210194,0.43725887830361443,H,0.0
2016-17,2016-12-31,Chelsea,Stoke,H,1585.864902263601,1397.7380816420182,188.12682062158274,0.1658022275988383,0.14251427734215394,0.6916834950590077,H,0.0
2016-17,2016-12-31,Leicester City,West Ham,H,1464.850604258299,1431.265125620618,33.585478637681035,0.28053258685606547,0.23868672685329617,0.48078068629063836,H,0.0
2016-17,2016-12-31,Liverpool,Manchester City,H,1545.3610012552303,1559.1710321321548,-13.81003087692443,0.3234242219393053,0.25463891975147024,0.42193685830922445,H,0.0
2016-17,2016-12-31,Manchester United,Middlesbrough,H,1527.4802616536883,1405.9699585465703,121.51030310711803,0.2111711308163896,0.18847086754529055,0.6003580016383199,H,0.0
2016-17,2016-12-31,Swansea,Bournemouth,A,1344.044874919162,1367.9091118690403,-23.864236949878205,0.33313205479141356,0.2567055588339132,0.4101623863746732,H,0.0
2016-17,2017-01-01,Watford,Tottenham,A,1378.502197587474,1566.981172291897,-188.47897470442308,0.5271114910327112,0.22129174716858352,0.25159676179870527,A,0.0
2016-17,2017-01-01,Arsenal,Crystal Palace,H,1583.4504437607375,1364.6593104263209,218.7911333344166,0.14694183589107068,0.12171148287818372,0.7313466812307456,H,0.0
2016-17,2017-01-02,Everton,Southampton,H,1435.4303875484,1466.1912755087608,-30.760887960360833,0.3399253300161992,0.25783832661977113,0.4022363433640297,H,0.0
2016-17,2017-01-02,Manchester City,Burnley,H,1553.19320135427,1356.2077615259552,196.98543982831484,0.1602190338703849,0.13642089851015685,0.7033600676194582,H,0.0
2016-17,2017-01-02,Middlesbrough,Leicester City,D,1402.5514399026101,1469.8820810636037,-67.33064116099354,0.37787521923624445,0.259863590894152,0.36226118986960354,A,0.0
2016-17,2017-01-02,Sunderland,Liverpool,D,1334.1955112257376,1551.338832033115,-217.14332080737745,0.5664610695691171,0.20428765210386296,0.22925127832701983,A,0.0
2016-17,2017-01-02,West Bromwich Albion,Hull,H,1406.387638091354,1303.702672214997,102.68496587635696,0.2250676483674576,0.20078219465587904,0.5741501569766634,H,0.0
2016-17,2017-01-02,West Ham,Manchester United,A,1426.2336488153132,1530.8987802976485,-104.66513148233525,0.4201344660610982,0.25498365965896924,0.3248818742799326,A,0.0
2016-17,2017-01-03,Stoke,Watford,H,1393.824240390222,1370.2510001283658,23.5732402618562,0.2892252488937972,0.2428572337266449,0.4679175173795579,H,0.0
2016-17,2017-01-03,Bournemouth,Arsenal,D,1383.0445434335657,1586.7939875700852,-203.74944413651951,0.5479693958254819,0.2124880404005804,0.23954256377393773,A,0.0
2016-17,2017-01-03,Crystal Palace,Swansea,A,1361.3157666169732,1328.9094433546368,32.4063232623364,0.2815467989299296,0.23919847738587835,0.479254723684192,H,0.0
2016-17,2017-01-04,Tottenham,Chelsea,H,1575.2323697510053,1589.778743515397,-14.546373764391774,0.3241274746395875,0.2548067808839316,0.4210657444764809,H,0.0
2016-17,2017-01-14,Tottenham,West Bromwich Albion,H,1584.7265899732465,1412.2993127612967,172.4272772119498,0.17596011771012568,0.1534107167980721,0.6706291654918023,H,0.0
2016-17,2017-01-14,Swansea,Arsenal,A,1337.5154152321788,1582.8775158480755,-245.36210061589668,0.6057252554881001,0.18588783674882933,0.20838690776307053,A,0.0
2016-17,2017-01-14,Sunderland,Stoke,A,1338.4333465708053,1402.1285611592414,-63.6952145884361,0.37395257231297746,0.2599653324010679,0.3660820952859546,A,0.0
2016-17,2017-01-14,Burnley,Southampton,H,1353.8471488969074,1453.6673603510603,-99.82021145415297,0.4144471167544606,0.2560049487004042,0.32954793454513526,A,0.0
2016-17,2017-01-14,Hull,Bournemouth,H,1297.790997545054,1386.9610151555753,-89.1700176105212,0.402157558986849,0.25784848863504234,0.3399939523781087,A,0.0
2016-17,2017-01-14,Watford,Middlesbrough,D,1361.9466793593465,1402.7624014115231,-40.815722052176625,0.3500311939155834,0.2590672095507678,0.3909015965336488,H,0.0
2016-17,2017-01-14,Leicester City,Chelsea,A,1469.6711195546907,1580.2845232931559,-110.6134037384652,0.427198888050509,0.2535763261273252,0.3192247858221658,A,0.0
2016-17,2017-01-14,West Ham,Crystal Palace,H,1417.0872742733477,1352.7097947394311,64.37747953391658,0.25489492563281535,0.22354433946769575,0.521560734899489,H,0.0
2016-17,2017-01-15,Manchester United,Liverpool,D,1540.045154839614,1547.1009966880474,-7.055841848433374,0.3170292779249684,0.2529793247358788,0.4299913973391528,H,0.0
2016-17,2017-01-15,Everton,Manchester City,H,1447.9543027061004,1555.553813983318,-107.59951127721752,0.4236082339809135,0.25431038848024307,0.3220813775388433,A,0.0
2016-17,2017-01-21,Manchester City,Tottenham,D,1538.1207884571875,1590.9306425917732,-52.80985413458575,0.3624082368888066,0.25986876817522164,0.3777229949359718,H,0.0
2016-17,2017-01-21,West Bromwich Albion,Sunderland,H,1406.09526014277,1327.8699009818665,78.22535916090351,0.24386284531690638,0.21574500096304763,0.540392153720046,H,0.0
2016-17,2017-01-21,Stoke,Manchester United,D,1412.6920067481801,1538.5329862590825,-125.84097951090234,0.44568730357921355,0.2492228083268783,0.3050898880939082,A,0.0
2016-17,2017-01-21,Liverpool,Swansea,A,1548.613165268579,1330.102826351185,218.51033891739394,0.14710853501353632,0.12189762392052118,0.7309938410659425,H,0.0
2016-17,2017-01-21,Middlesbrough,West Ham,A,1403.3140088332068,1425.9303600088926,-22.61635117568585,0.33191466516657336,0.2564756701261083,0.41160966470731836,H,0.0
2016-17,2017-01-21,Bournemouth,Watford,D,1375.5184672352354,1361.3950719376628,14.123395297572642,0.2976028688935935,0.2464173332221185,0.45597979788428805,H,0.0
2016-17,2017-01-21,Crystal Palace,Everton,A,1343.8667090038862,1465.3873282322309,-121.52061922834469,0.4403837091470083,0.2505656155304072,0.3090506753225845,A,0.0
2016-17,2017-01-22,Arsenal,Burnley,H,1590.2901047290693,1361.2344079171862,229.05569681188308,0.1409257717072836,0.11497703959123985,0.7440971887014766,H,0.0
2016-17,2017-01-22,Chelsea,Hull,H,1591.5744739520144,1309.233545465394,282.34092848662044,0.1100849761767449,0.1,0.7899150238232551,H,0.0
2016-17,2017-01-22,Southampton,Leicester City,H,1446.2801013307815,1458.3811688958322,-12.101067565050698,0.32179669036349706,0.25423938456627077,0.42396392507023223,H,0.0
2016-17,2017-01-31,Bournemouth,Crystal Palace,A,1373.4168142119795,1338.4491746465303,34.96763956544919,0.27934695000380255,0.2380800350678309,0.4825730149283665,H,0.0
2016-17,2017-01-31,Burnley,Leicester City,H,1359.2351144435315,1446.4828584276431,-87.2477439841116,0.3999706638584972,0.25812171694140545,0.3419076192000974,A,0.0
2016-17,2017-01-31,Arsenal,Watford,A,1592.289398202724,1363.4967249609188,228.79267324180523,0.14107803264476437,0.11514782158066905,0.7437741457745666,H,0.0
2016-17,2017-01-31,Liverpool,Chelsea,D,1538.1153541430117,1593.9563614475614,-55.84100730454975,0.36559280522423765,0.2599560849858586,0.3744511097899037,H,0.0
2016-17,2017-01-31,Middlesbrough,West Bromwich Albion,D,1391.2741054075573,1412.6929027825533,-21.418797374996075,0.33074973814256226,0.25624791873206443,0.4130023431253733,H,0.0
2016-17,2017-01-31,Sunderland,Tottenham,D,1321.2722583420832,1591.1375620864337,-269.8653037443505,0.6397488758427786,0.1691134609876543,0.19113766316956696,A,0.0
2016-17,2017-01-31,Swansea,Southampton,H,1340.6006374767524,1458.1784117989705,-117.57777432221815,0.43558341053732247,0.25171729941639676,0.3126992900462807,A,0.0
2016-17,2017-02-01,Manchester United,Hull,D,1536.6602946397222,1306.8516579698469,229.80863666987534,0.1404904590643889,0.11448869732020048,0.7450208436154107,H,0.0
2016-17,2017-02-01,West Ham,Manchester City,A,1437.9702634345422,1537.913868962527,-99.9436055279848,0.41459121930627263,0.25598034345145587,0.3294284372422715,A,0.0
2016-17,2017-02-01,Stoke,Everton,D,1414.5646983675404,1470.8048625895867,-56.24016422204636,0.36601388683304287,0.2599641093629623,0.3740220038039948,H,0.0
2016-17,2017-02-04,Southampton,West Ham,A,1450.5180470996054,1424.337421690812,26.180625408793276,0.2869436609363189,0.2418097731453095,0.4712465659183716,H,0.0
2016-17,2017-02-04,Watford,Burnley,H,1374.0517203236423,1366.4239808045695,7.6277395190727475,0.3034630315813236,0.24864307544419817,0.44789389297447824,H,0.0
2016-17,2017-02-04,West Bromwich Albion,Stoke,H,1413.7988170657454,1414.4564858190374,-0.6576687532920005,0.31106237128561903,0.2512106581607144,0.43772697055366655,H,0.0
2016-17,2017-02-04,Tottenham,Middlesbrough,H,1585.7383746930927,1390.1681911243652,195.57018356872754,0.16110374528011764,0.13739072983318917,0.7015055248866933,H,0.0
2016-17,2017-02-04,Hull,Liverpool,H,1313.6785655736408,1537.9956544280901,-224.31708885444937,0.576417920920123,0.1997384426483775,0.2238436364314996,A,0.0
2016-17,2017-02-04,Everton,Bournemouth,H,1470.9130751380897,1359.718107458121,111.19496767996861,0.218725886409099,0.19528762222077953,0.5859864913701214,H,0.0
2016-17,2017-02-04,Chelsea,Arsenal,H,1594.076061162483,1581.7344028400005,12.341658322482544,0.2992019172864707,0.24704611856923567,0.45375196414429364,H,0.0
2016-17,2017-02-04,Crystal Palace,Sunderland,A,1352.1478814003888,1326.6714457354242,25.476435664964583,0.2875586065073375,0.24209538854519286,0.47034600494746964,H,0.0
2016-17,2017-02-05,Leicester City,Manchester United,A,1439.2939920666051,1529.8333870359284,-90.53939496932321,0.40372128801030427,0.25764268303013205,0.3386360289595637,A,0.0
2016-17,2017-02-05,Manchester City,Swansea,H,1551.546710706257,1348.2610021761175,203.28570853013957,0.1563143234492556,0.13212318589320587,0.7115624906575385,H,0.0
2016-17,2017-02-11,Sunderland,Southampton,A,1346.4187043510392,1437.021994981583,-90.60329063054382,0.40379437084188624,0.25763285366538174,0.33857277549273196,A,0.0
2016-17,2017-02-11,West Ham,West Bromwich Albion,D,1437.8334738088345,1419.5560456406379,18.277428168196593,0.29389895746138694,0.24489858165535655,0.46120246088325645,H,0.0
2016-17,2017-02-11,Stoke,Crystal Palace,H,1408.699257244145,1332.4006227847738,76.29863445937121,0.24538035032590244,0.2168622831716843,0.5377573665024132,H,0.0
2016-17,2017-02-11,Manchester United,Watford,H,1541.980988544601,1379.6314324616196,162.34955608298128,0.18265559661773914,0.1604328896218123,0.6569115137604485,H,0.0
2016-17,2017-02-11,Liverpool,Tottenham,H,1523.6337105288426,1588.116094931243,-64.48238440240038,0.3747990644015868,0.2599489907448031,0.3652519448536101,A,0.0
2016-17,2017-02-11,Arsenal,Hull,H,1573.0519800960358,1328.0405094728883,245.0114706231475,0.13187801465617213,0.10481176565073314,0.7633102196930948,H,0.0
2016-17,2017-02-11,Middlesbrough,Everton,D,1387.790470886215,1478.0865743292695,-90.29610344305456,0.403443111878757,0.25767992505591775,0.33887696306532533,A,0.0
2016-17,2017-02-12,Burnley,Chelsea,D,1360.8442686665921,1602.7584839064477,-241.9142152398556,0.6009208798406923,0.18820088595609688,0.2108782342032108,A,0.0
2016-17,2017-02-12,Swansea,Leicester City,H,1345.975332729993,1427.1463905579326,-81.17105782793965,0.3931204938429356,0.2588644444544662,0.34801506170259816,A,0.0
2016-17,2017-02-13,Bournemouth,Manchester City,A,1352.5446082669412,1553.8323801523816,-201.2877718854404,0.5445887134005546,0.21394905691399793,0.24146222968544753,A,0.0
2016-17,2017-02-25,Hull,Burnley,D,1325.127953615504,1365.6489381826073,-40.52098456710314,0.34973149683012544,0.25903838101768784,0.3912301221521867,H,0.0
2016-17,2017-02-25,Everton,Sunderland,H,1477.2167857974384,1332.3189900219961,144.89779577544232,0.1945702096552322,0.17255057027371856,0.6328792200710492,H,0.0
2016-17,2017-02-25,Watford,West Ham,D,1375.1796848405693,1435.617830991097,-60.4381461505277,0.3704668455918559,0.2599995125714257,0.36953364183671855,A,0.0
2016-17,2017-02-25,Chelsea,Swansea,H,1597.9538143904326,1357.215358633382,240.7384557570506,0.13426442420160067,0.10749487440243667,0.7582407013959627,H,0.0
2016-17,2017-02-25,West Bromwich Albion,Bournemouth,H,1421.7716884583754,1346.360865245095,75.41082321328031,0.24608147002615444,0.2173737542809994,0.5365447756928462,H,0.0
2016-17,2017-02-25,Crystal Palace,Middlesbrough,H,1328.202544419871,1388.660259418046,-60.457714998175106,0.37048770761463656,0.2599994680592836,0.3695128243260798,A,0.0
2016-17,2017-02-26,Tottenham,Stoke,H,1577.3051158925011,1412.8973356090478,164.40778028345335,0.18127710837839528,0.15899869082810236,0.6597242007935024,H,0.0
2016-17,2017-02-27,Leicester City,Liverpool,H,1415.9063646545435,1534.4446895675844,-118.53832491304092,0.43674931987703336,0.2514432749818029,0.31180740514116373,A,0.0
2016-17,2017-03-04,Leicester City,Hull,H,1428.070755646108,1324.5678891768216,103.50286646928635,0.22445380192124884,0.20025976491148184,0.5752864331672692,H,0.0
2016-17,2017-03-04,Liverpool,Arsenal,H,1522.28029857602,1575.96453595342,-53.684237377399995,0.3633245071314568,0.2598987394215254,0.3767767534470178,H,0.0
2016-17,2017-03-04,Manchester United,Bournemouth,D,1546.4327361656512,1342.1463966453687,204.28633952028258,0.15569925531418283,0.13144380109580922,0.712856943590008,H,0.0
2016-17,2017-03-04,Stoke,Middlesbrough,H,1406.4415244631268,1381.9052879125559,24.536236550570948,0.28838109622163943,0.24247359305337066,0.4691453107249899,H,0.0
2016-17,2017-03-04,Swansea,Burnley,H,1354.2359771112401,1366.2090026212898,-11.973025510049638,0.32167500939858934,0.25420889119962337,0.42411609940178724,H,0.0
2016-17,2017-03-04,Watford,Southampton,A,1375.1922956938186,1451.121709310626,-75.92941361680755,0.3872885633687206,0.25935652009070753,0.35335491654057194,A,0.0
2016-17,2017-03-04,West Bromwich Albion,Crystal Palace,A,1425.9861570581018,1334.9575159253611,91.02864113274063,0.2339176702992792,0.2080817722818274,0.5580005574188934,H,0.0
2016-17,2017-03-05,Tottenham,Everton,H,1583.760927038422,1482.0641772926308,101.6967497457913,0.22581055773236966,0.20141172039805721,0.5727777218695731,H,0.0
2016-17,2017-03-05,Sunderland,Manchester City,A,1327.4715985268037,1560.0161231742277,-232.54452464742394,0.5878657795515753,0.1944049243941277,0.21772929605429708,A,0.0
2016-17,2017-03-06,West Ham,Chelsea,A,1435.6052201378477,1600.9331959125745,-165.32797577472684,0.4961291166431244,0.2333039146491473,0.2705669687077283,A,0.0
2016-17,2017-03-08,Manchester City,Stoke,D,1565.3868912213027,1414.7138317044464,150.67305951685626,0.19058259569244845,0.16855338911000356,0.6408640151975481,H,0.0
2016-17,2017-03-11,Bournemouth,West Ham,H,1348.5611535601056,1431.054938275788,-82.4937847156823,0.39460343132394693,0.2587184783374532,0.3466780903385999,A,0.0
2016-17,2017-03-11,Everton,West Bromwich Albion,H,1478.3174563791108,1411.119240497257,67.19821588185391,0.2526238571488958,0.22200053980046783,0.5253756030506364,H,0.0
2016-17,2017-03-11,Hull,Swansea,H,1318.678281147995,1360.1829838667475,-41.50470271875247,0.3507325927165805,0.2591328967245712,0.3901345105588483,H,0.0
2016-17,2017-03-12,Liverpool,Burnley,H,1532.8097952328296,1360.2619958657824,172.54779936704722,0.1758808684262016,0.15332678365731875,0.6707923479164797,H,0.0
2016-17,2017-03-18,Sunderland,Burnley,D,1322.1008304797288,1357.5916596458967,-35.49082916616794,0.34464909974420904,0.25847925141312944,0.3968716488426615,H,0.0
2016-17,2017-03-18,West Bromwich Albion,Arsenal,H,1402.38321871551,1565.4350392966103,-163.05182058110017,0.49313300983644887,0.2343870574992518,0.2724799326642994,A,0.0
2016-17,2017-03-18,Stoke,Chelsea,A,1420.129470106329,1605.4834777746344,-185.35400766830526,0.5228801234198279,0.22301259284317287,0.25410728373699915,A,0.0
2016-17,2017-03-18,West Ham,Leicester City,A,1423.9420462364074,1433.9603636749346,-10.01831743852722,0.3198218867641456,0.25373374098380574,0.4264443722520487,H,0.0
2016-17,2017-03-18,Crystal Palace,Watford,H,1349.824432486206,1368.7990516398952,-18.97461915368922,0.32838230465024737,0.2557614782567169,0.4158562170930357,H,0.0
2016-17,2017-03-18,Bournemouth,Swansea,H,1355.6740455994861,1353.7416724321308,1.9323731673553084,0.30867152554148064,0.25044126343393747,0.4408872110245819,H,0.0
2016-17,2017-03-18,Everton,Hull,H,1487.0534781608576,1325.1195925826116,161.93388557824596,0.18293467617120449,0.16072248689167026,0.6563428369371253,H,0.0
2016-17,2017-03-19,Tottenham,Southampton,H,1587.507647951942,1457.5149533645495,129.99269458739263,0.20506600722655732,0.182759243599754,0.6121747491736886,H,0.0
2016-17,2017-03-19,Middlesbrough,Manchester United,A,1373.6329806712363,1540.0179792509143,-166.38499857967804,0.4975237754362287,0.23279460789929987,0.2696816166644714,A,0.0
2016-17,2017-03-19,Manchester City,Liverpool,D,1559.97125281942,1535.4801314527153,24.491121366704647,0.2884206048095191,0.24249165066869197,0.469087744521789,H,0.0
2016-17,2017-04-01,Watford,Sunderland,H,1362.7345739326115,1321.3965676631053,41.338006269506195,0.27392616872658554,0.23519021317424296,0.4908836180991715,H,0.0
2016-17,2017-04-01,Southampton,Bournemouth,D,1454.2304687141618,1364.7143707385376,89.51609797562423,0.2350801746607018,0.20900756834734063,0.5559122569919575,H,0.0
2016-17,2017-04-01,Manchester United,West Bromwich Albion,D,1547.1984252769755,1415.5590702247111,131.63935505226436,0.2038919709422144,0.18164110313502663,0.6144669259227589,H,0.0
2016-17,2017-04-01,Liverpool,Everton,H,1537.8651499131952,1493.5885387122207,44.27661120097446,0.2714494708084906,0.2338065390731856,0.4947439901183238,H,0.0
2016-17,2017-04-01,Burnley,Tottenham,A,1358.2959224625201,1590.7921326023297,-232.4962101398096,0.5877984929286794,0.19443657562359032,0.21776493144773035,A,0.0
2016-17,2017-04-01,Chelsea,Crystal Palace,A,1609.6649424277796,1355.8889101934897,253.77603223428991,0.1269838491354788,0.1,0.7730161508645212,H,0.0
2016-17,2017-04-01,Leicester City,Stoke,H,1441.8462560459527,1415.948005453184,25.898250592768818,0.2871901384194132,0.24192454369432514,0.47088531788626165,H,0.0
2016-17,2017-04-01,Hull,West Ham,H,1318.5845320312485,1416.0561538653892,-97.4716218341407,0.41171184594007887,0.2564591769579119,0.33182897710200926,A,0.0
2016-17,2017-04-02,Arsenal,Manchester City,D,1552.2591877874092,1557.5862343589401,-5.3270465715309,0.31540838796478843,0.2525201103321707,0.43207150170304087,H,0.0
2016-17,2017-04-02,Swansea,Middlesbrough,D,1344.7013472930794,1366.452534645175,-21.751187352095712,0.3310727431469408,0.2563118323474123,0.4126154245056469,H,0.0
2016-17,2017-04-04,Burnley,Stoke,H,1352.9239576379946,1407.7208650713449,-54.79690743335027,0.36449325346248024,0.2599312711481816,0.37557547538933816,H,0.0
2016-17,2017-04-04,Leicester City,Sunderland,H,1450.0733964277917,1316.5229565878894,133.5504398399023,0.20253392915292395,0.18034000871271538,0.6171260621343607,H,0.0
2016-17,2017-04-04,Manchester United,Everton,D,1542.1813727764968,1485.957717052854,56.22365572364288,0.26153061207445255,0.22786837793999545,0.510601009985552,H,0.0
2016-17,2017-04-04,Watford,West Bromwich Albion,H,1367.6081850078274,1420.5761227251899,-52.967937717362474,0.362573751500028,0.2598744739247025,0.37755177457526945,H,0.0
2016-17,2017-04-05,Swansea,Tottenham,A,1343.604883951245,1596.1640974268553,-252.55921347561025,0.6157470044826227,0.18101529429774377,0.20323770121963364,A,0.0
2016-17,2017-04-05,Southampton,Crystal Palace,H,1450.1743985231876,1366.5644360280726,83.60996249511504,0.23965109711018248,0.21257122865299058,0.5477776742368269,H,0.0
2016-17,2017-04-05,Liverpool,Bournemouth,D,1545.495971572562,1368.7704409295118,176.7255306430502,0.17314589176335168,0.15041919017641142,0.6764349180602369,H,0.0
2016-17,2017-04-05,Chelsea,Manchester City,H,1598.9894165931967,1559.1469869002574,39.84242969293928,0.27519240534695505,0.23588228614219242,0.48892530851085253,H,0.0
2016-17,2017-04-05,Arsenal,West Ham,H,1550.698435246092,1408.705659874976,141.99277537111607,0.1965927304223932,0.17455389911935204,0.6288533704582547,H,0.0
2016-17,2017-04-05,Hull,Middlesbrough,H,1325.9350260216618,1367.5489979870094,-41.61397196534767,0.3508439376426094,0.25914309520828427,0.3900129671491063,H,0.0
2016-17,2017-04-08,Bournemouth,Chelsea,A,1374.6944097913013,1603.8932628600983,-229.198853068797,0.583207768617893,0.19658774257635586,0.22020448880575114,A,0.0
2016-17,2017-04-08,Stoke,Liverpool,A,1401.0591178798893,1539.5720027107725,-138.5128848308832,0.46149967462786146,0.24481030655077846,0.29369001882136003,A,0.0
2016-17,2017-04-08,Middlesbrough,Burnley,D,1357.3368770830753,1359.5857048294502,-2.2488277463749,0.3125381432022632,0.2516681460872147,0.43579371071052203,H,0.0
2016-17,2017-04-08,West Bromwich Albion,Southampton,A,1410.0653875187031,1456.6167340888683,-46.55134657016515,0.35590560141862015,0.25954117453791004,0.3845532240434698,H,0.0
2016-17,2017-04-08,Tottenham,Watford,H,1601.055192559458,1378.1189202143141,222.93627234514383,0.14449412357648117,0.11897515566435442,0.7365307207591644,H,0.0
2016-17,2017-04-08,Manchester City,Hull,H,1554.2431406333558,1336.147146925596,218.09599370775982,0.14735472486760046,0.12217247339043721,0.7304728017419623,H,0.0
2016-17,2017-04-08,West Ham,Swansea,H,1402.5026665149517,1338.7137888186423,63.78887769630933,0.25537039924619326,0.22386344771771208,0.5207661530360947,H,0.0
2016-17,2017-04-09,Sunderland,Manchester United,A,1311.4044415044718,1538.9556222594206,-227.55118075494875,0.5809150619178131,0.19765584306423103,0.221429095017956,A,0.0
2016-17,2017-04-09,Everton,Leicester City,H,1489.1834675699301,1455.1919115112094,33.99155605872079,0.280183892405382,0.23850924444852561,0.4813068631460924,H,0.0
2016-17,2017-04-10,Crystal Palace,Arsenal,H,1360.122100462392,1556.9014286061163,-196.77932814372434,0.5384143031385614,0.21658446489863875,0.24500123196279977,A,0.0
2016-17,2017-04-15,Crystal Palace,Leicester City,D,1377.6126917730703,1447.2304256027614,-69.61773382969113,0.380360376067094,0.25976524072559193,0.35987438320731413,A,0.0
2016-17,2017-04-15,Everton,Burnley,H,1497.144953478378,1361.2327758028932,135.91217767548483,0.20086235372329078,0.1787273571978933,0.6204102890788159,H,0.0
2016-17,2017-04-15,Southampton,Manchester City,A,1463.6671921135892,1557.5988045829483,-93.93161246935915,0.40761586783155296,0.25709301267378926,0.33529111949465784,A,0.0
2016-17,2017-04-15,Stoke,Hull,H,1395.9872082913766,1332.7914829760034,63.19572531537324,0.2558501004198235,0.22418394923540128,0.5199659503447752,H,0.0
2016-17,2017-04-15,Sunderland,West Ham,D,1304.4699642332102,1406.9354307593899,-102.46546652617963,0.4175448726370215,0.25546134961911643,0.32699377774386207,A,0.0
2016-17,2017-04-15,Tottenham,Bournemouth,H,1605.8486286582202,1369.240326373484,236.60830228473606,0.136596583069471,0.11011621078830901,0.75328720614222,H,0.0
2016-17,2017-04-15,Watford,Swansea,H,1373.325484115552,1334.2810245742041,39.044459541347805,0.2758696081358686,0.23624815442744576,0.4878822374366857,H,0.0
2016-17,2017-04-16,West Bromwich Albion,Liverpool,A,1403.0149294939822,1544.6439122992851,-141.62898280530294,0.46544490460851506,0.24362019421262807,0.2909349011788569,A,0.0
2016-17,2017-04-16,Manchester United,Chelsea,H,1545.8900995306822,1609.3473462779154,-63.457246747233285,0.37369698245218946,0.25996965348675966,0.36633336406105077,A,0.0
2016-17,2017-04-17,Middlesbrough,Arsenal,A,1355.6898061096322,1539.410837295438,-183.7210311858057,0.520674596867399,0.223900162330158,0.25542524080244294,A,0.0
2016-17,2017-04-22,West Ham,Everton,D,1405.7192266731838,1502.2061337836556,-96.48690711047175,0.4105692316341217,0.25664163853749433,0.332789129828384,A,0.0
2016-17,2017-04-22,Swansea,Stoke,H,1329.361003017724,1403.0309244402617,-73.66992142253775,0.38479655291249215,0.25952596629490743,0.3556774807926004,A,0.0
2016-17,2017-04-22,Hull,Watford,H,1325.7477668271183,1378.245505672032,-52.49773884491378,0.36208163377022423,0.25985713087062157,0.3780612353591542,H,0.0
2016-17,2017-04-22,Bournemouth,Middlesbrough,H,1364.77916714304,1351.4789642825544,13.30020286048557,0.29834087607089027,0.24670954455129662,0.45494957937781316,H,0.0
2016-17,2017-04-23,Burnley,Manchester United,A,1356.1715954976157,1556.6744723969423,-200.50287689932657,0.5435121473867278,0.2144116697269792,0.24207618288629296,A,0.0
2016-17,2017-04-23,Liverpool,Crystal Palace,A,1549.6536611081588,1377.88944171764,171.76421939051875,0.17639646024177824,0.15387252024775042,0.6697310195104713,H,0.0
2016-17,2017-04-25,Chelsea,Southampton,H,1598.5629734116553,1451.6662518334897,146.89672157816563,0.19318502071817728,0.17116907533370201,0.6356459039481206,H,0.0
2016-17,2017-04-26,Middlesbrough,Sunderland,H,1338.8072061148978,1305.6861683194163,33.12103779548147,0.28093176112534823,0.23888893660192992,0.4801793022727219,H,0.0
2016-17,2017-04-26,Arsenal,Leicester City,H,1543.6216791225156,1446.9536756581917,96.66800346432387,0.22961211885433824,0.20458544256115846,0.5658024385845034,H,0.0
2016-17,2017-04-26,Crystal Palace,Tottenham,A,1388.0676477774098,1610.3097878886642,-222.24214011125446,0.573535097525581,0.20106451958122126,0.22540038289319778,A,0.0
2016-17,2017-04-27,Manchester City,Manchester United,D,1569.5997448630478,1562.8796174403483,6.720127422699534,0.30428860584618483,0.2489393306995293,0.44677206345428583,H,0.0
2016-17,2017-04-29,Crystal Palace,Burnley,A,1384.5153977751563,1349.9664504542097,34.54894732094658,0.2797057484385511,0.2382645933082243,0.4820296582532245,H,0.0
2016-17,2017-04-29,Southampton,Hull,D,1446.8654845640299,1336.246181003942,110.61930356008793,0.219151745405455,0.19566324458954232,0.5851850100050027,H,0.0
2016-17,2017-04-29,Stoke,West Ham,D,1391.9827365414728,1406.7655605255766,-14.782823984103743,0.3243535550518542,0.2548601344766215,0.4207863104715243,H,0.0
2016-17,2017-04-29,Sunderland,Bournemouth,A,1300.6451452902104,1377.4509253106967,-76.80578002048628,0.38825866781081153,0.2592838698572298,0.35245746233195874,A,0.0
2016-17,2017-04-29,West Bromwich Albion,Leicester City,A,1398.0051806851086,1443.120301694775,-45.11512100966638,0.35442704734532327,0.25943805442196444,0.3861348982327123,H,0.0
2016-17,2017-04-30,Middlesbrough,Manchester City,D,1343.8482291441037,1567.7026483509803,-223.85441920687663,0.5757749315183743,0.20003482722700344,0.22419024125462217,A,0.0
2016-17,2017-04-30,Tottenham,Arsenal,H,1613.8620378909177,1547.4550530859324,66.40698480498531,0.2532596510440364,0.22243599266436595,0.5243043562915976,H,0.0
2016-17,2017-04-30,Manchester United,Swansea,D,1564.7767139524158,1340.409190916513,224.36752303590288,0.14365469552429963,0.11803550365012298,0.7383098008255774,H,0.0
2016-17,2017-04-30,Everton,Chelsea,A,1501.1597999312628,1603.3637406811151,-102.20394074985234,0.4172378104421747,0.2555165971944033,0.32724559236342204,A,0.0
2016-17,2017-05-01,Watford,Liverpool,A,1367.7470914952085,1539.475455048389,-171.72836355318054,0.5046050170129227,0.23016009112720662,0.26523489185987065,A,0.0
2016-17,2017-05-05,West Ham,Tottenham,H,1408.0597169636023,1620.808906485162,-212.74918952155963,0.5603783266387089,0.20702239862412175,0.2325992747371693,A,0.0
2016-17,2017-05-06,Leicester City,Watford,H,1450.2033007712314,1363.3166865406934,86.88661423053804,0.23710896354087466,0.21060443450653538,0.5522866019525899,H,0.0
2016-17,2017-05-06,Manchester City,Crystal Palace,H,1563.3076483906068,1370.8262354194812,192.48141297112556,0.1630442203408334,0.13951242470517075,0.6974433549539958,H,0.0
2016-17,2017-05-06,Swansea,Everton,H,1347.1515836972012,1489.5136299166231,-142.36204621942193,0.46637619150731047,0.243334356148104,0.2902894523445855,A,0.0
2016-17,2017-05-06,Bournemouth,Stoke,D,1383.8248519425158,1390.688580103447,-6.8637281609312595,0.31684883718830287,0.252928982159657,0.43022218065204015,H,0.0
2016-17,2017-05-06,Burnley,West Bromwich Albion,D,1363.6556128098848,1390.9221816086522,-27.266568798767366,0.33646952146783554,0.2572936355288414,0.40623684300332313,H,0.0
2016-17,2017-05-06,Hull,Sunderland,A,1340.7969274684965,1294.2712186583913,46.52570881010524,0.2695639023000809,0.23272651017340926,0.4977095875265098,H,0.0
2016-17,2017-05-07,Liverpool,Southampton,D,1543.905860002904,1442.3147380994753,101.59112190342876,0.22589004567132442,0.20147889808081676,0.5726310562478588,H,0.0
2016-17,2017-05-07,Arsenal,Manchester United,H,1540.508184491688,1558.0343211717275,-17.52613668003937,0.32698569529896104,0.2554595703319319,0.41755473436910706,H,0.0
2016-17,2017-05-08,Chelsea,Middlesbrough,H,1615.0099106957548,1348.2432291044772,266.7666815912776,0.1190445591275036,0.1,0.7809554408724965,H,0.0
2016-17,2017-05-10,Southampton,Arsenal,A,1446.6570279869081,1550.0816427952627,-103.42461480835459,0.41867252508542785,0.25525591230495,0.3260715626096221,A,0.0
2016-17,2017-05-12,Everton,Watford,H,1481.4884187046005,1355.3051320574107,126.18328664718979,0.20779589307112198,0.1853347954048,0.606869311524078,H,0.0
2016-17,2017-05-12,West Bromwich Albion,Chelsea,A,1391.8615477548567,1618.2806588194107,-226.41911106455404,0.5793403820087895,0.19838696984092893,0.22227264815028158,A,0.0
2016-17,2017-05-13,Stoke,Arsenal,A,1392.20615126812,1559.2698120378036,-167.06366076968357,0.4984203051588356,0.23246551925549386,0.2691141755856705,A,0.0
2016-17,2017-05-13,Sunderland,Swansea,A,1308.228844424887,1355.1767949092239,-46.94795048433684,0.3563147906435734,0.25956781507566834,0.3841173942807582,H,0.0
2016-17,2017-05-13,Bournemouth,Burnley,H,1382.3072807778428,1362.7162466636803,19.59103411416254,0.2927346597138072,0.24440312335021258,0.4628622169359802,H,0.0
2016-17,2017-05-13,Middlesbrough,Southampton,A,1344.9724809808213,1437.4688587443673,-92.49637776354598,0.4059644507659816,0.25733249118452967,0.3367030580494888,A,0.0
2016-17,2017-05-13,Manchester City,Leicester City,H,1569.5513856139264,1458.214855254514,111.33653035941234,0.21862123186568802,0.1951951691741936,0.5861835989601184,H,0.0
2016-17,2017-05-14,Crystal Palace,Hull,H,1364.5824981961616,1326.8393017020007,37.743196494160884,0.27697633183131254,0.23683968140032582,0.4861839867683616,H,0.0
2016-17,2017-05-14,Tottenham,Manchester United,H,1611.8761320242415,1548.4608628681528,63.4152691560887,0.2556724837084354,0.22406544784564106,0.5202620684459235,H,0.0
2016-17,2017-05-14,West Ham,Liverpool,A,1416.9924914245228,1539.5635701154713,-122.57107869094853,0.4416690544064962,0.2502468530875199,0.3080840925059839,A,0.0
2016-17,2017-05-15,Chelsea,Watford,H,1621.7659059258654,1351.960933933826,269.8049719920393,0.1172494822354639,0.1,0.7827505177645361,H,0.0
2016-17,2017-05-16,Arsenal,Sunderland,H,1568.3049934096316,1297.0683662489162,271.23662716071544,0.11641164012771138,0.1,0.7835883598722886,H,0.0
2016-17,2017-05-16,Manchester City,West Bromwich Albion,H,1573.1357876615484,1388.376300648402,184.75948701314633,0.16795275224896952,0.14484298848676141,0.687204259264269,H,0.0
2016-17,2017-05-17,Southampton,Manchester United,D,1443.5003140777442,1544.020966889399,-100.52065281165483,0.415265628238722,0.25586429947129646,0.3288700722899815,A,0.0
2016-17,2017-05-18,Leicester City,Tottenham,A,1454.630453206892,1616.3160280029954,-161.6855747961033,0.4913393470462647,0.23502819766632438,0.27363245528741087,A,0.0
2016-17,2017-05-21,Swansea,West Bromwich Albion,H,1366.3372730851947,1384.3952857027332,-18.058012617538452,0.3274979732800457,0.2555716048318426,0.4169304218881117,H,0.0
2016-17,2017-05-21,Liverpool,Middlesbrough,H,1552.0923525485055,1338.9410256474443,213.1513269010611,0.15031154982535122,0.12546819021148062,0.7242202599631682,H,0.0
2016-17,2017-05-21,Southampton,Stoke,A,1444.6613329065324,1383.170969896292,61.490363010240344,0.25723237795365955,0.22509935926908578,0.5176682627772546,H,0.0
2016-17,2017-05-21,Arsenal,Everton,H,1570.8350876355294,1484.832616828185,86.00247080734425,0.23779337290818447,0.21113769905796959,0.5510689280338459,H,0.0
2016-17,2017-05-21,Manchester United,Crystal Palace,H,1542.8599480606108,1376.0678297639904,166.7921182966204,0.1796872784852547,0.15733699679995142,0.6629757247147939,H,0.0
2016-17,2017-05-21,Chelsea,Sunderland,H,1623.374638668388,1294.5382720230184,328.8363666453695,0.08672539648459177,0.1,0.8132746035154083,H,0.0
2016-17,2017-05-21,Burnley,West Ham,A,1357.3928458397183,1404.4637089914886,-47.070863151770254,0.35644168254799957,0.2595759100090423,0.3839824074429582,H,0.0
2016-17,2017-05-21,Leicester City,Bournemouth,D,1442.6896789394625,1387.6306816018048,55.05899733765773,0.26248715514597315,0.2284685794148964,0.5090442654391305,H,0.0
2016-17,2017-05-21,Hull,Tottenham,A,1315.353970134172,1628.256802270425,-312.902832136253,0.697998746390844,0.13922255865547234,0.16277869495368377,A,0.0
2016-17,2017-05-21,Watford,Manchester City,A,1350.3522011913035,1577.1168026072173,-226.76460141591383,0.5798208974657918,0.1981640807602566,0.22201502177395155,A,0.0
2017-18,2017-08-11,Arsenal,Leicester City,H,1577.2091891917294,1439.4939943086774,137.71519488305194,0.19959121118770182,0.1774929111926694,0.6229158776196287,H,0.0
2017-18,2017-08-12,Brighton and Hove Albion,Manchester City,A,1420.0,1586.1118112839679,-166.11181128396788,0.4971631277620481,0.23292661855315563,0.26991025368479626,A,0.0
2017-18,2017-08-12,Chelsea,Burnley,A,1626.0730612350428,1350.354150690908,275.7189105441348,0.11382140424751873,0.1,0.7861785957524813,H,0.0
2017-18,2017-08-12,Crystal Palace,Huddersfield Town,A,1371.712706826626,1420.0,-48.28729317337411,0.3576995094589615,0.2596519055871006,0.3826485849539379,H,0.0
2017-18,2017-08-12,Everton,Stoke,H,1478.458515271985,1392.1802256581868,86.27828961379828,0.2375797418062913,0.21097154192546091,0.5514487162682478,H,0.0
2017-18,2017-08-12,Southampton,Swansea,D,1435.6520771446376,1372.3863753006676,63.265701843969964,0.2557934793242464,0.22414619468178265,0.520060325993971,H,0.0
2017-18,2017-08-12,Watford,Liverpool,D,1341.357192514553,1556.4368577144187,-215.07966519986576,0.5636026506369541,0.20557712228722305,0.23082022707582275,A,0.0
2017-18,2017-08-12,West Bromwich Albion,Bournemouth,H,1378.3461834872603,1390.8263662325899,-12.480182745329557,0.32215718330655163,0.2543292152037218,0.4235136014897266,H,0.0
2017-18,2017-08-13,Manchester United,West Ham,H,1547.2150709979753,1411.502404140299,135.71266685767637,0.20100327571079685,0.17886378203999448,0.6201329422492086,H,0.0
2017-18,2017-08-13,Newcastle United,Tottenham,A,1351.5621335873661,1634.700074034082,-283.1379404467159,0.6579895153198067,0.15988357342608897,0.1821269112541045,A,0.0
2017-18,2017-08-19,Liverpool,Crystal Palace,H,1552.247874329156,1357.6903673839288,194.55750694522726,0.1617384940884423,0.13808559908856421,0.7001759068229935,H,0.0
2017-18,2017-08-19,Stoke,Arsenal,H,1388.1635590679161,1580.3750243788766,-192.21146531096042,0.5321831262113003,0.21919894899151177,0.24861792479718786,A,0.0
2017-18,2017-08-19,Swansea,Manchester United,A,1375.7925176029707,1554.6366346238303,-178.84411702085958,0.5141118003878564,0.22650175296061775,0.2593864466515259,A,0.0
2017-18,2017-08-19,Leicester City,Brighton and Hove Albion,H,1436.3281591215302,1412.8113997013422,23.51675942018801,0.28927481361999596,0.24287961695462532,0.4678455694253787,H,0.0
2017-18,2017-08-19,Southampton,West Ham,H,1432.2459348423345,1404.080840514444,28.16509432789053,0.28521564869803795,0.24099413786091603,0.473790213441046,H,0.0
2017-18,2017-08-19,Bournemouth,Watford,A,1384.8708496293,1345.5461758998156,39.3246737294844,0.2756316754110708,0.2361199465187769,0.4882483780701523,H,0.0
2017-18,2017-08-19,Burnley,West Bromwich Albion,A,1361.115222012062,1384.3017000905502,-23.186478078488108,0.33247041480384726,0.2565816430223919,0.4109479421737608,H,0.0
2017-18,2017-08-20,Huddersfield Town,Newcastle United,H,1434.022339442697,1347.3419540313641,86.68038541133296,0.23726850253427487,0.21072898703105997,0.5520025104346651,H,0.0
2017-18,2017-08-20,Tottenham,Chelsea,A,1638.920253590084,1615.3119899138887,23.608263676195293,0.28919451714005845,0.2428433474638319,0.4679621353961097,H,0.0
2017-18,2017-08-21,Manchester City,Everton,D,1593.3004115826257,1482.4751818622558,110.82522972036986,0.2189993554682265,0.19552893968100163,0.5854717048507719,H,0.0
2017-18,2017-08-26,Newcastle United,West Ham,H,1343.3324873643512,1398.9373375928676,-55.6048502285164,0.36534386569333027,0.2599509566886183,0.3747051776180515,H,0.0
2017-18,2017-08-26,Watford,Brighton and Hove Albion,D,1359.3435265948535,1404.5051992820484,-45.16167268719482,0.35447489132289334,0.2594415600646471,0.3860835486124595,H,0.0
2017-18,2017-08-26,Manchester United,Leicester City,H,1564.6193540679233,1444.634359540824,119.98499452709916,0.21227918464532045,0.1894884613002269,0.5982323540544526,H,0.0
2017-18,2017-08-26,Crystal Palace,Swansea,A,1355.3003441417789,1365.8097981588778,-10.50945401709896,0.3202867105215282,0.25385482477155435,0.4258584647069174,H,0.0
2017-18,2017-08-26,Bournemouth,Manchester City,A,1371.073498934262,1588.7449668008428,-217.67146786658077,0.5671930794398123,0.20395621615333176,0.2288507044068559,A,0.0
2017-18,2017-08-26,Huddersfield Town,Southampton,D,1438.03180610971,1437.3894377639108,0.6423683457992411,0.3098605642290586,0.25082828360656295,0.43931115216437844,H,0.0
2017-18,2017-08-27,Liverpool,Arsenal,H,1554.637897571306,1571.6854344694493,-17.047536898143335,0.32652527507327905,0.2553575939144082,0.4181171310123128,H,0.0
2017-18,2017-08-27,Tottenham,Burnley,D,1630.4432019311614,1353.5319650149406,276.9112369162208,0.11314072926693713,0.1,0.7868592707330628,H,0.0
2017-18,2017-08-27,Chelsea,Everton,H,1623.7890415728114,1487.0306266440386,136.7584149287727,0.20026521195113373,0.1781483191080484,0.6215864689408179,H,0.0
2017-18,2017-08-27,West Bromwich Albion,Stoke,D,1391.8849570876716,1396.8531489773434,-4.968191889671743,0.3150727368672408,0.25242304668010374,0.43250421645265547,H,0.0
2017-18,2017-09-09,Leicester City,Chelsea,A,1439.177281532628,1628.8297941474177,-189.65251261478966,0.5287040503356965,0.220638073266283,0.25065787639802045,A,0.0
2017-18,2017-09-09,Southampton,Watford,A,1439.1173538758337,1358.9167046779723,80.20064919786137,0.24231283131317516,0.21458937917307516,0.5430977895137497,H,0.0
2017-18,2017-09-09,Stoke,Manchester United,D,1398.4239769578464,1570.0764320761193,-171.65245511827288,0.5045040646787856,0.23019820665497934,0.26529772866623497,A,0.0
2017-18,2017-09-09,Manchester City,Liverpool,H,1592.3715375178535,1568.6441173858468,23.727420132006728,0.28908997905881634,0.24279606608727478,0.4681139548539089,H,0.0
2017-18,2017-09-09,Everton,Tottenham,A,1481.9898740694323,1622.9574403593156,-140.96756628988328,0.464605669552559,0.2438761870198965,0.2915181434275445,A,0.0
2017-18,2017-09-09,Arsenal,Bournemouth,H,1557.6792146549085,1367.4469282172513,190.2322864376572,0.16446546814284985,0.14106141042231896,0.6944731214348313,H,0.0
2017-18,2017-09-09,Brighton and Hove Albion,West Bromwich Albion,H,1404.9320211989295,1390.3141291071686,14.61789209176095,0.29716018534178057,0.24624039960768135,0.456599415050538,H,0.0
2017-18,2017-09-10,Burnley,Crystal Palace,H,1361.0177265867865,1342.8194212127958,18.198305373990706,0.29396919318577647,0.24492819320802411,0.4611026136061995,H,0.0
2017-18,2017-09-10,Swansea,Newcastle United,A,1378.290721087861,1356.6826461625583,21.608074925302617,0.29095332515962496,0.24362831408724084,0.4654183607531342,H,0.0
2017-18,2017-09-11,West Ham,Huddersfield Town,H,1385.5871787946605,1436.303889997787,-50.71671120312658,0.3602225944977398,0.2597812770391006,0.3799961284631596,H,0.0
2017-18,2017-09-15,Bournemouth,Brighton and Hove Albion,H,1362.560622499976,1413.537124508289,-50.97650200831299,0.36049327111796564,0.2597933427766826,0.3797133861053518,H,0.0
2017-18,2017-09-16,Watford,Manchester City,A,1373.5757379118102,1605.9069348688297,-232.33119695701953,0.5875686865176211,0.1945446490929877,0.21788666438939128,A,0.0
2017-18,2017-09-16,Liverpool,Burnley,D,1555.1087200348707,1366.3706537511914,188.73806628367925,0.16541352214532737,0.14209222273970243,0.6924942551149702,H,0.0
2017-18,2017-09-16,Tottenham,Swansea,D,1633.0032607756034,1369.8434011845873,263.15985959101613,0.12120571719192083,0.1,0.7787942828080792,H,0.0
2017-18,2017-09-16,West Bromwich Albion,West Ham,D,1381.709025797809,1396.038884620943,-14.329858823133918,0.3239205644138322,0.2547576913707405,0.42132174421542723,H,0.0
2017-18,2017-09-16,Crystal Palace,Southampton,A,1337.4664940483908,1424.458320641996,-86.99182659360508,0.3996802394608625,0.25815670904614313,0.3421630514929943,A,0.0
2017-18,2017-09-16,Newcastle United,Stoke,H,1365.129966065832,1401.5313526236412,-36.401386557809246,0.3455645954425775,0.25858984789312134,0.39584555666430116,H,0.0
2017-18,2017-09-16,Huddersfield Town,Leicester City,D,1425.8521841715046,1435.0725424704763,-9.220358298971632,0.3190678029847389,0.25353459007374274,0.4273976069415184,H,0.0
2017-18,2017-09-17,Chelsea,Arsenal,D,1632.9345332095695,1562.5655203721838,70.36901283738575,0.2500856844103804,0.22023701163524256,0.5296773039543771,H,0.0
2017-18,2017-09-17,Manchester United,Everton,H,1566.9690564103246,1471.9440536531445,95.02500275718012,0.23086186736415,0.20561115590452309,0.5635269767313269,H,0.0
2017-18,2017-09-23,Swansea,Watford,A,1377.1499408025445,1364.0534363965846,13.096504405959877,0.2985237020380204,0.2467814014180789,0.45469489654390066,H,0.0
2017-18,2017-09-23,Stoke,Chelsea,A,1395.175130041167,1629.348935743212,-234.173805702045,0.5901351370988798,0.19333541957046746,0.21652944333065272,A,0.0
2017-18,2017-09-23,Burnley,Huddersfield Town,D,1372.5144462069827,1424.4009474160403,-51.88650120905754,0.36144272974506764,0.2598329101169314,0.3787243601380009,H,0.0
2017-18,2017-09-23,Southampton,Manchester United,A,1430.6091610960152,1575.9362913919267,-145.3271302959115,0.47015520316030207,0.2421556879463431,0.28768910889335486,A,0.0
2017-18,2017-09-23,Manchester City,Crystal Palace,H,1615.4292363840552,1331.3156535943715,284.11358278968373,0.10910284076107178,0.1,0.7908971592389282,H,0.0
2017-18,2017-09-23,Leicester City,Liverpool,A,1436.5237792259406,1548.9649275790794,-112.44114835313871,0.4293875780285844,0.2531103195179607,0.3175021024534549,A,0.0
2017-18,2017-09-23,Everton,Bournemouth,H,1462.9768186715423,1369.1592156537135,93.81760301782879,0.23178270862910816,0.20636126770902594,0.5618560236618658,H,0.0
2017-18,2017-09-23,West Ham,Tottenham,A,1397.345857919074,1625.6967211576462,-228.35086323857217,0.5820276881444261,0.1971380330610928,0.2208342787944811,A,0.0
2017-18,2017-09-24,Brighton and Hove Albion,Newcastle United,H,1406.9385313545515,1371.486188648306,35.45234270624542,0.2789319748797056,0.23786554081173072,0.48320248430856366,H,0.0
2017-18,2017-09-25,Arsenal,West Bromwich Albion,H,1566.1511178385413,1380.4020524996781,185.74906533886315,0.1673191583516186,0.1441580282450913,0.6885228134032901,H,0.0
2017-18,2017-09-30,Stoke,Southampton,H,1387.366060494052,1425.6726725264966,-38.30661203244472,0.3474866018834268,0.25880785086130764,0.3937055472552656,H,0.0
2017-18,2017-09-30,West Bromwich Albion,Watford,D,1376.4408736007383,1372.3725456899126,4.068327910825701,0.30671034821438836,0.24978390786346005,0.4435057439221516,H,0.0
2017-18,2017-09-30,West Ham,Swansea,H,1393.8913013940364,1368.8308315092165,25.060469884819895,0.28792229077108783,0.24226315803366358,0.46981455119524856,H,0.0
2017-18,2017-09-30,Bournemouth,Leicester City,D,1365.2761258429598,1430.9172047537054,-65.64107891074559,0.37604796258539774,0.25991921508685545,0.3640328223277468,A,0.0
2017-18,2017-09-30,Chelsea,Manchester City,A,1637.158005290327,1619.2765224940063,17.881482796320824,0.294250551534835,0.24504649912829915,0.4607029493368659,H,0.0
2017-18,2017-09-30,Huddersfield Town,Tottenham,A,1424.6344302421364,1629.1512776826837,-204.51684744054728,0.5490245646609112,0.21202949426466558,0.23894594107442318,A,0.0
2017-18,2017-09-30,Manchester United,Crystal Palace,H,1580.8727799614453,1327.4683674844205,253.40441247702483,0.12721734674722654,0.1,0.7727826532527735,H,0.0
2017-18,2017-10-01,Arsenal,Brighton and Hove Albion,H,1570.112296737481,1411.9317366832556,158.18056005422545,0.1854650645664894,0.16333624997736312,0.6511986854561475,H,0.0
2017-18,2017-10-01,Newcastle United,Liverpool,D,1366.492983319602,1554.5715020513146,-188.07851873171262,0.5265684832315757,0.22151388505062958,0.25191763171779485,A,0.0
2017-18,2017-10-01,Everton,Burnley,A,1466.859908482296,1372.2809633808865,94.57894510140954,0.23120181933955491,0.20588863935921342,0.5629095413012316,H,0.0
2017-18,2017-10-14,Manchester City,Stoke,H,1627.6680416771235,1393.7540738197763,233.9139678573472,0.1381314495977622,0.11184052905406408,0.7500280213481738,H,0.0
2017-18,2017-10-14,Burnley,West Ham,D,1381.7027298222213,1399.0995679699638,-17.39683814774253,0.32686125733346755,0.25543212902541756,0.4177066136411149,H,0.0
2017-18,2017-10-14,Liverpool,Manchester United,D,1551.043489846092,1584.9527933307372,-33.90930348464531,0.34306371335834607,0.258277330329029,0.39865895631262493,H,0.0
2017-18,2017-10-14,Tottenham,Bournemouth,H,1638.0820450214615,1365.4384748797486,272.64357014171287,0.11559323200027637,0.1,0.7844067679997236,H,0.0
2017-18,2017-10-14,Swansea,Huddersfield Town,H,1363.6225649332891,1415.7036629033587,-52.08109797006955,0.36164603312989135,0.2598408266491939,0.3785131402209148,H,0.0
2017-18,2017-10-14,Watford,Arsenal,H,1374.1959589323317,1574.6562225947846,-200.46026366245292,0.5434537180459178,0.2144367404999746,0.2421095414541075,A,0.0
2017-18,2017-10-14,Crystal Palace,Chelsea,H,1323.3883541151285,1628.7664861072099,-305.3781319920813,0.6880287800369983,0.14441472188860152,0.16755649807440018,A,0.0
2017-18,2017-10-15,Brighton and Hove Albion,Everton,D,1407.387810825952,1457.4381420409613,-50.05033121500924,0.35952906085024344,0.2597487646612988,0.38072217448845774,H,0.0
2017-18,2017-10-15,Southampton,Newcastle United,D,1419.2846592007722,1370.0209955248247,49.263663675947555,0.2672800590978684,0.2313876045791139,0.5013323363230177,H,0.0
2017-18,2017-10-16,Leicester City,West Bromwich Albion,D,1430.7548557169166,1374.6174603583192,56.13739535859736,0.2616013826943881,0.22791298475683025,0.5104856325487818,H,0.0
2017-18,2017-10-20,West Ham,Brighton and Hove Albion,A,1400.3196764362174,1407.1015145980434,-6.781838161826045,0.3167719471047136,0.2529074708606663,0.43032058203462015,H,0.0
2017-18,2017-10-21,Chelsea,Watford,H,1618.977264570107,1382.9854760685678,235.9917885015393,0.13694685276857993,0.11050978875832886,0.7525433584730913,H,0.0
2017-18,2017-10-21,Huddersfield Town,Manchester United,H,1405.21616992143,1585.7023355144613,-180.48616559303127,0.5163173649239963,0.22563414773276408,0.25804848734323954,A,0.0
2017-18,2017-10-21,Swansea,Leicester City,A,1374.1100579152178,1427.5313298067442,-53.42127189152643,0.36304874282820204,0.2598901334486778,0.3770611237231201,H,0.0
2017-18,2017-10-21,Manchester City,Burnley,H,1632.705700830955,1380.4826213559677,252.22307947498734,0.12791176036896895,0.10035327941546847,0.7717349602155625,H,0.0
2017-18,2017-10-21,Southampton,West Bromwich Albion,H,1416.2395316615919,1377.8409862684916,38.39854539310022,0.2764185854409899,0.23654256641249347,0.4870388481465166,H,0.0
2017-18,2017-10-21,Stoke,Bournemouth,A,1388.7164146659447,1363.8542876164154,24.862127049529363,0.28809581849700555,0.24234290727185875,0.46956127423113564,H,0.0
2017-18,2017-10-21,Newcastle United,Crystal Palace,H,1373.066123064005,1333.1775756522313,39.88854741177374,0.2751533012914297,0.23586106889272854,0.4889856298158418,H,0.0
2017-18,2017-10-22,Everton,Arsenal,A,1457.72443826887,1565.8667054585485,-108.14226718967848,0.42425315707651845,0.2541813675976874,0.32156547532579416,A,0.0
2017-18,2017-10-22,Tottenham,Liverpool,H,1639.6662322847947,1550.2939476623678,89.37228462242683,0.23519087699667232,0.20909532124333477,0.555713801759993,H,0.0
2017-18,2017-10-28,West Bromwich Albion,Manchester City,A,1372.9078497442658,1636.2423064479292,-263.33445670366336,0.6307134132881638,0.17362934560155938,0.19565724111027688,A,0.0
2017-18,2017-10-28,Manchester United,Tottenham,H,1577.1598743339941,1647.5892027890166,-70.42932845502241,0.3812454891221506,0.25972397053434915,0.3590305403435003,A,0.0
2017-18,2017-10-28,Watford,Stoke,A,1379.9303285015646,1380.220803763938,-0.2904752623733202,0.3107225633557199,0.25110343797598367,0.4381739986682964,H,0.0
2017-18,2017-10-28,Bournemouth,Chelsea,A,1372.3498985184222,1622.0324121371102,-249.68251361868806,0.6117428837232846,0.18296955196293743,0.2052875643137781,A,0.0
2017-18,2017-10-28,Liverpool,Huddersfield Town,H,1542.370977158146,1413.7586311018972,128.61234605624873,0.20605295158786224,0.18369435476994783,0.6102526936421898,H,0.0
2017-18,2017-10-28,Arsenal,Swansea,H,1577.2608505433045,1367.2147873626184,210.04606318068613,0.15218617442958293,0.127552065293877,0.7202617602765401,H,0.0
2017-18,2017-10-28,Crystal Palace,West Ham,D,1328.2746632993872,1384.3988188592498,-56.12415555986263,0.36589146469889167,0.2599618605687816,0.37414667473232666,H,0.0
2017-18,2017-10-29,Brighton and Hove Albion,Southampton,D,1423.022372175011,1421.1726681858177,1.8497039891933582,0.3087476203652559,0.25046629159930517,0.4407860880354389,H,0.0
2017-18,2017-10-29,Leicester City,Everton,H,1434.4266003593436,1446.330293184114,-11.90369282477036,0.3216091362233951,0.2541923470953986,0.4241985166812063,H,0.0
2017-18,2017-10-30,Burnley,Newcastle United,H,1376.9460157389935,1377.9690354168492,-1.0230196778557001,0.31140075552706276,0.2513167289062214,0.43728251556671577,H,0.0
2017-18,2017-11-04,Swansea,Brighton and Hove Albion,A,1365.0073495609547,1421.260764041977,-56.25341448102222,0.36602787178448215,0.2599643618685249,0.37400776634699295,H,0.0
2017-18,2017-11-04,West Ham,Liverpool,A,1384.510370002273,1548.9830400758938,-164.47267007362075,0.4950021317269086,0.23371311013776946,0.271284758135322,A,0.0
2017-18,2017-11-04,Stoke,Leicester City,D,1388.3308416825835,1443.8505391690128,-55.51969748642932,0.36525413835741516,0.25994903811268655,0.3747968235298983,H,0.0
2017-18,2017-11-04,Newcastle United,Bournemouth,A,1372.205684207596,1369.221711309974,2.9839728976221522,0.3077047940646602,0.25012019535169583,0.44217501058364395,H,0.0
2017-18,2017-11-04,Southampton,Burnley,A,1422.9342763188517,1382.7093669482467,40.22490937060502,0.2748682062082759,0.23570608136764865,0.4894257124240755,H,0.0
2017-18,2017-11-04,Huddersfield Town,West Bromwich Albion,H,1407.1465681841494,1369.9764449429497,37.17012324119969,0.27746467720768064,0.2370981709907328,0.48543715180158653,H,0.0
2017-18,2017-11-05,Chelsea,Manchester United,H,1625.1605993455585,1584.077884187562,41.08271515799652,0.27414203652727703,0.23530893198561267,0.4905490314871103,H,0.0
2017-18,2017-11-05,Everton,Watford,H,1436.9063543744448,1371.8202905829191,65.0860637915257,0.2543232515006254,0.22315878342446513,0.5225179650749094,H,0.0
2017-18,2017-11-05,Manchester City,Arsenal,H,1639.1737112492453,1579.4682883449682,59.70542290427716,0.2586841068479208,0.22604773610349885,0.5152681570485803,H,0.0
2017-18,2017-11-05,Tottenham,Crystal Palace,H,1640.6711929354487,1328.163112156364,312.5080807790848,0.09437612201608152,0.1,0.8056238779839185,H,0.0
2017-18,2017-11-18,Liverpool,Southampton,H,1558.1159217984487,1414.2163560394984,143.8995657589503,0.19526393193494895,0.1732395727633263,0.6314964953017248,H,0.0
2017-18,2017-11-18,West Bromwich Albion,Chelsea,A,1365.0183119299945,1630.0393639999409,-265.02105206994634,0.633049902738726,0.17246545327553628,0.1944846439857377,A,0.0
2017-18,2017-11-18,Manchester United,Newcastle United,H,1579.1991195331796,1364.0423169113726,215.15680262180695,0.14910811889278516,0.12412806298789707,0.7267638181193178,H,0.0
2017-18,2017-11-18,Leicester City,Manchester City,A,1443.9794854938461,1646.3236261602897,-202.34414066644354,0.5460386776974501,0.21332396215357252,0.24063736014897738,A,0.0
2017-18,2017-11-18,Crystal Palace,Everton,D,1326.8902238734586,1441.3144117343516,-114.42418786089297,0.4317717236231997,0.2525870459390929,0.31564123043770737,A,0.0
2017-18,2017-11-18,Burnley,Swansea,H,1391.4272872276001,1358.1758153606327,33.25147186696745,0.2808196173475452,0.23883223211358137,0.4803481505388734,H,0.0
2017-18,2017-11-18,Bournemouth,Huddersfield Town,H,1377.3850786061973,1412.1047011971045,-34.71962259090719,0.34387526398811225,0.2583823448443421,0.3977423911675457,H,0.0
2017-18,2017-11-18,Arsenal,Tottenham,H,1572.3183734339239,1641.944081218354,-69.62570778443023,0.38036906409741794,0.2597648514678417,0.3598660844347404,A,0.0
2017-18,2017-11-19,Watford,West Ham,H,1367.4122332230124,1375.3774882797181,-7.9652550567057006,0.3178845179550697,0.25321529149415084,0.4289001905507795,H,0.0
2017-18,2017-11-20,Brighton and Hove Albion,Stoke,D,1428.092298242299,1388.2018953577501,39.89040288454885,0.27515172807997956,0.2358602150854889,0.4889880568345315,H,0.0
2017-18,2017-11-24,West Ham,Leicester City,D,1366.0582835140603,1437.82447155441,-71.76618804034956,0.38270714719715315,0.25964872162565145,0.35764413117719535,A,0.0
2017-18,2017-11-25,Tottenham,West Bromwich Albion,D,1631.0000235664447,1358.266731363871,272.7332922025737,0.1155412081103299,0.1,0.7844587918896702,H,0.0
2017-18,2017-11-25,Swansea,Bournemouth,D,1350.1902337236227,1392.0785610408288,-41.888327317206176,0.3511236329455495,0.2591684371484586,0.3897079299059919,H,0.0
2017-18,2017-11-25,Newcastle United,Watford,A,1359.7427621924007,1376.7314379886702,-16.98867579626949,0.32646868538415247,0.25534497616146107,0.4181863384543865,H,0.0
2017-18,2017-11-25,Liverpool,Chelsea,D,1564.2621896664778,1636.7909445660644,-72.5287548995866,0.38354296486151024,0.2596017494413476,0.3568552856971422,A,0.0
2017-18,2017-11-25,Crystal Palace,Stoke,H,1328.443990001735,1391.0002881777036,-62.55629817596855,0.3727306261123796,0.25998340861831387,0.3672859652693065,A,0.0
2017-18,2017-11-25,Manchester United,Brighton and Hove Albion,H,1583.4986742521514,1425.2939054223455,158.20476882980597,0.1854486836098034,0.16331939985002403,0.6512319165401727,H,0.0
2017-18,2017-11-26,Burnley,Arsenal,A,1399.4128688646101,1583.2624310858332,-183.8495622212231,0.520848050200423,0.22383059680957623,0.2553213529900007,A,0.0
2017-18,2017-11-26,Huddersfield Town,Manchester City,A,1397.411218762473,1652.478640099726,-255.06742133725288,0.619235843469601,0.17930475777155008,0.2014593987588489,A,0.0
2017-18,2017-11-26,Southampton,Everton,H,1408.0700881714693,1439.760645606075,-31.690557434605807,0.34084959278505267,0.2579730751283427,0.40117733208660467,H,0.0
2017-18,2017-11-28,Watford,Manchester United,A,1392.1825370002953,1586.3652318987574,-194.18269489846216,0.5348689618502749,0.2180777380448215,0.2470533001049036,A,0.0
2017-18,2017-11-28,Brighton and Hove Albion,Crystal Palace,D,1422.4273477757395,1335.2334051520731,87.19394262366632,0.23687132797676855,0.21041863484871234,0.552710037174519,H,0.0
2017-18,2017-11-28,Leicester City,Tottenham,H,1437.4859428484829,1623.5676059688965,-186.08166312041362,0.523864162968908,0.2226144909999788,0.25352134603111326,A,0.0
2017-18,2017-11-28,West Bromwich Albion,Newcastle United,D,1365.6991489614193,1344.2916631807757,21.407485780643583,0.29113012617634115,0.24370612376823855,0.4651637500554203,H,0.0
2017-18,2017-11-29,Manchester City,Southampton,H,1655.5280817802113,1420.625104232177,234.90297754803441,0.13756681379759908,0.11120630051777174,0.7512268856846293,H,0.0
2017-18,2017-11-29,Stoke,Liverpool,A,1384.2108730273656,1564.6226399936393,-180.41176696627372,0.5162173424784673,0.22567364261917394,0.2581090149023589,A,0.0
2017-18,2017-11-29,Everton,West Ham,H,1427.2056295453674,1366.3968122199874,60.808817325380005,0.25778609377514633,0.2254626643358232,0.5167512418890304,H,0.0
2017-18,2017-11-29,Arsenal,Huddersfield Town,H,1587.4709560830431,1394.3617770819876,193.1091790010555,0.16264877030171396,0.1390806702345191,0.6982705594637669,H,0.0
2017-18,2017-11-29,Bournemouth,Burnley,A,1392.599385191624,1395.2043438674002,-2.604958675776288,0.31286918136363373,0.2517689493546283,0.43536186928173803,H,0.0
2017-18,2017-11-29,Chelsea,Swansea,H,1636.4304942389028,1349.6694095728276,286.76108466607525,0.10765006905434785,0.1,0.7923499309456522,H,0.0
2017-18,2017-12-02,Leicester City,Burnley,H,1446.0993521162934,1403.26102521669,42.83832689960332,0.27265981686673113,0.23448769213460244,0.49285249099866646,H,0.0
2017-18,2017-12-02,Watford,Tottenham,D,1385.8033266473867,1614.954196701086,-229.15087005369924,0.5831409880717195,0.19661891311209814,0.2202400988161823,A,0.0
2017-18,2017-12-02,West Bromwich Albion,Crystal Palace,D,1363.3980114096225,1339.2334832078316,24.164528201790972,0.28870672527669117,0.2426221239632046,0.46867115076010424,H,0.0
2017-18,2017-12-02,Stoke,Swansea,H,1375.6693527633315,1348.2024576579508,27.466895105380672,0.2858227862482064,0.24128290619525394,0.47289430755653966,H,0.0
2017-18,2017-12-02,Everton,Huddersfield Town,H,1437.63072869615,1388.1379402623766,49.49278843377351,0.26708950793066377,0.2312743732150435,0.5016361188542927,H,0.0
2017-18,2017-12-02,Chelsea,Newcastle United,H,1637.8974461537796,1346.5928007325724,291.30464542120717,0.10519582975994986,0.1,0.7948041702400501,H,0.0
2017-18,2017-12-02,Brighton and Hove Albion,Liverpool,A,1418.427269719981,1573.1641602576733,-154.73689053769226,0.4822735166517936,0.23818183170530283,0.2795446516429036,A,0.0
2017-18,2017-12-02,Arsenal,Manchester United,A,1593.6947929026542,1592.744442251666,0.9503506509881845,0.3095763715344288,0.250736570696235,0.4396870577693362,H,0.0
2017-18,2017-12-03,Bournemouth,Southampton,D,1384.542703842334,1418.6864105808509,-34.14370673851681,0.34329831180619647,0.2583080443145932,0.39839364387921034,H,0.0
2017-18,2017-12-03,Manchester City,West Ham,H,1657.4667754315374,1355.9717130692047,301.49506236233265,0.09986751572290785,0.1,0.8001324842770922,H,0.0
2017-18,2017-12-09,West Ham,Chelsea,H,1354.6188301154361,1640.1653587094431,-285.546528594007,0.6612780472454307,0.15820508718358917,0.1805168655709801,A,0.0
2017-18,2017-12-09,Burnley,Watford,H,1398.4176386869435,1390.3204965830312,8.097142103912347,0.3030367135578624,0.24848842674677954,0.4484748596953581,H,0.0
2017-18,2017-12-09,Crystal Palace,Bournemouth,D,1341.6096342835024,1383.7998707611514,-42.19023647764902,0.35143163055954585,0.2591958866924313,0.38937248274802283,H,0.0
2017-18,2017-12-09,Huddersfield Town,Brighton and Hove Albion,H,1380.6717682296041,1407.3919637768395,-26.720195547235335,0.33593175309355644,0.25720302617060403,0.4068652207358396,H,0.0
2017-18,2017-12-09,Newcastle United,Leicester City,A,1344.3248881769089,1450.94273864604,-106.6178504691311,0.42244368790129744,0.25454018988662325,0.32301612221207926,A,0.0
2017-18,2017-12-09,Swansea,West Bromwich Albion,H,1343.044427714017,1361.0218603339517,-17.97743261993469,0.32742032139834853,0.255554719035947,0.4170249595657044,H,0.0
2017-18,2017-12-09,Tottenham,Stoke,H,1610.4370267654415,1380.8273827072653,229.60964405817617,0.1406054268339238,0.11461768146482747,0.7447768917012488,H,0.0
2017-18,2017-12-10,Southampton,Arsenal,D,1419.4292436620335,1580.8064812305875,-161.37723756855394,0.4909350461531796,0.2351719480966376,0.2738930057501827,A,0.0
2017-18,2017-12-10,Manchester United,Manchester City,A,1605.6327539237327,1658.819658385306,-53.18690446157325,0.36280311463484494,0.25988216781814055,0.3773147175470145,H,0.0
2017-18,2017-12-10,Liverpool,Everton,D,1584.1994662008149,1445.0969007289225,139.10256547189238,0.19861603941623154,0.17654121635146558,0.6248427442323029,H,0.0
2017-18,2017-12-12,Huddersfield Town,Chelsea,A,1390.4895282360922,1630.5263128005724,-240.03678456448029,0.5983045279569676,0.18945396136561046,0.212241510677422,A,0.0
2017-18,2017-12-12,Burnley,Stoke,H,1403.9871813651657,1376.1986549340033,27.78852643116238,0.2855429913117535,0.2411501249079635,0.473306883780283,H,0.0
2017-18,2017-12-12,Crystal Palace,Watford,H,1341.0974765955668,1384.750953904809,-43.653477309242135,0.35292753593134374,0.25932242458367977,0.38775003948497644,H,0.0
2017-18,2017-12-13,Tottenham,Brighton and Hove Albion,H,1615.0657545387035,1397.5742037703515,217.491550768352,0.1477143038069456,0.12257379592720499,0.7297119002658494,H,0.0
2017-18,2017-12-13,Swansea,Manchester City,A,1349.0921781819814,1665.7202098086964,-316.628031626715,0.7028921272820181,0.13666567584478717,0.16044219687319475,A,0.0
2017-18,2017-12-13,Southampton,Leicester City,A,1422.2670323632044,1456.6720503890851,-34.405018025880736,0.3435599951821744,0.25834196157756306,0.39809804324026254,H,0.0
2017-18,2017-12-13,West Ham,Arsenal,D,1364.2578760243068,1577.9686925294166,-213.71081650510973,0.5617082908000769,0.2064274587989504,0.23186425040097264,A,0.0
2017-18,2017-12-13,Manchester United,Bournemouth,H,1598.7322025003423,1384.312028449087,214.42017405125534,0.1495494860516522,0.12461976940572947,0.7258307445426183,H,0.0
2017-18,2017-12-13,Liverpool,West Bromwich Albion,D,1579.0234123013402,1354.9741098659874,224.04930243535273,0.14384107697245296,0.1182441888009156,0.7379147342266315,H,0.0
2017-18,2017-12-13,Newcastle United,Everton,A,1338.5955764338637,1450.2729546283972,-111.6773781945335,0.4284719545162072,0.2533069583290639,0.31822108715472885,A,0.0
2017-18,2017-12-16,Stoke,West Ham,A,1371.04731971147,1368.414320750833,2.6329989606369963,0.3080271879518619,0.2502279076979247,0.4417449043502134,H,0.0
2017-18,2017-12-16,Watford,Huddersfield Town,A,1378.2738822378271,1385.302084538788,-7.0282023009608565,0.31700331286411515,0.2529720925233061,0.43002459461257875,H,0.0
2017-18,2017-12-16,Arsenal,Newcastle United,H,1573.8122478028904,1332.9729689625283,240.8392788403621,0.13420780611656408,0.10743122256930285,0.7583609713141332,H,0.0
2017-18,2017-12-16,Brighton and Hove Albion,Burnley,D,1394.2079712152336,1409.138516587699,-14.93054537246553,0.3244948611759098,0.25489333134076786,0.42061180748332233,H,0.0
2017-18,2017-12-16,Chelsea,Southampton,H,1635.7137564978766,1407.6138292380963,228.09992725978032,0.14147953388274273,0.11559809104669479,0.7429223750705625,H,0.0
2017-18,2017-12-16,Leicester City,Crystal Palace,A,1471.3252535141933,1347.5745482625487,123.7507052516446,0.20954926532611057,0.18697070131221855,0.6034800333616708,H,0.0
2017-18,2017-12-16,Manchester City,Tottenham,H,1670.9495568749642,1618.4319870938214,52.51756978114281,0.26458215391808937,0.22976265265394094,0.5056551934279697,H,0.0
2017-18,2017-12-17,West Bromwich Albion,Manchester United,A,1361.7115041616519,1600.8902126192336,-239.1787084575817,0.5971087317796776,0.19002509587425698,0.21286617234606542,A,0.0
2017-18,2017-12-17,Bournemouth,Liverpool,A,1382.1540183301956,1572.2860180056757,-190.13199967548007,0.529355282031317,0.22036984377368582,0.2502748741949972,A,0.0
2017-18,2017-12-18,Everton,Swansea,H,1455.8955620997326,1343.8628311157136,112.03273098401905,0.21810694182084314,0.19474001545328085,0.5871530427258761,H,0.0
2017-18,2017-12-22,Arsenal,Liverpool,D,1575.6910239604379,1581.7971813435213,-6.106157383083428,0.3161380729727432,0.2527287859215763,0.43113314110568046,H,0.0
2017-18,2017-12-23,Stoke,West Bromwich Albion,H,1354.731523618548,1358.425488682097,-3.693965063549058,0.31388312763855203,0.25207357033589545,0.4340433020255526,H,0.0
2017-18,2017-12-23,Southampton,Huddersfield Town,D,1405.6044795186126,1401.2115914282165,4.392888090396127,0.3064131705282981,0.24968222603392667,0.44390460343777527,H,0.0
2017-18,2017-12-23,Swansea,Crystal Palace,D,1338.1999620395793,1367.0584220652993,-28.858460025719978,0.3380403164203806,0.25754925200051537,0.404410431579104,H,0.0
2017-18,2017-12-23,Manchester City,Bournemouth,H,1680.2515479984347,1372.64285499235,307.60869300608465,0.09678540243369484,0.1,0.8032145975663052,H,0.0
2017-18,2017-12-23,West Ham,Newcastle United,A,1384.730116843755,1331.0941928049808,53.63592403877419,0.2636589437820595,0.22919585773127657,0.507145198486664,H,0.0
2017-18,2017-12-23,Everton,Chelsea,D,1461.5584311758669,1637.7231062173603,-176.1646750414934,0.5105221191227303,0.22789888056935875,0.2615790003079111,A,0.0
2017-18,2017-12-23,Brighton and Hove Albion,Watford,H,1392.917995560065,1362.3643753483987,30.553620211666384,0.28314542757064165,0.23999159811347123,0.4768629743158871,H,0.0
2017-18,2017-12-23,Leicester City,Manchester United,D,1451.8413797114426,1604.1762280987884,-152.3348483873458,0.4791623198453655,0.23922932371964326,0.28160835643499127,A,0.0
2017-18,2017-12-23,Burnley,Tottenham,A,1410.4284922428676,1609.1299959703508,-198.7015037274832,0.541043944725769,0.21546737177692016,0.24348868349731087,A,0.0
2017-18,2017-12-26,Liverpool,Swansea,H,1583.3360479018265,1337.3060291378001,246.0300187640264,0.1313131525006368,0.10417666404094063,0.7645101834584226,H,0.0
2017-18,2017-12-26,Bournemouth,West Ham,D,1369.6059270461787,1375.8261679454301,-6.220240899251394,0.31624502873342236,0.25275910478677555,0.4309958664798021,H,0.0
2017-18,2017-12-26,Chelsea,Brighton and Hove Albion,H,1634.4988767408067,1398.0119684478086,236.48690829299812,0.13666550857391185,0.11019366153301006,0.7531408298930781,H,0.0
2017-18,2017-12-26,Huddersfield Town,Stoke,D,1403.0440341302294,1363.9371837705473,39.106850359682085,0.275816619541198,0.2362196337470855,0.48796374671171655,H,0.0
2017-18,2017-12-26,Tottenham,Southampton,H,1617.0222253120075,1403.7720368165997,213.25018849540788,0.15025209198046555,0.1254020205919344,0.7243458874276001,H,0.0
2017-18,2017-12-26,Watford,Leicester City,H,1357.270402460655,1454.4381407272099,-97.1677382665548,0.41135896773008396,0.25651598914525714,0.332125043124659,A,0.0
2017-18,2017-12-26,West Bromwich Albion,Everton,D,1349.2198285300976,1464.7826606524204,-115.56283212232279,0.43314512645004905,0.25227831861528527,0.3145765549346657,A,0.0
2017-18,2017-12-26,Manchester United,Burnley,D,1601.5794670830212,1402.5362629012109,199.04320418181032,0.15893762587256643,0.1350135535084471,0.7060488206189864,H,0.0
2017-18,2017-12-27,Newcastle United,Manchester City,A,1339.9981417033057,1683.288475944606,-343.29033424130034,0.7369713545721719,0.11874245333749325,0.14428619209033489,A,0.0
2017-18,2017-12-28,Crystal Palace,Arsenal,A,1367.9523549670785,1574.1521574021326,-206.19980243505415,0.5513406361173059,0.21101884230878193,0.23764052157391208,A,0.0
2017-18,2017-12-30,Chelsea,Stoke,H,1637.5460452650734,1366.7147771278014,270.831268137272,0.11664834816362163,0.1,0.7833516518363783,H,0.0
2017-18,2017-12-30,Huddersfield Town,Burnley,D,1400.2664407729753,1408.8613469180245,-8.594906145049208,0.3184777116300934,0.25337639904234094,0.4281458893275656,H,0.0
2017-18,2017-12-30,Bournemouth,Everton,H,1368.070266478329,1463.1969292971946,-95.12666281886573,0.40899498634451154,0.25688589495589637,0.33411911869959215,A,0.0
2017-18,2017-12-30,Liverpool,Leicester City,H,1588.0605544853806,1447.0924140400145,140.9681404453661,0.19730876533095845,0.17525914008762689,0.6274320945814147,H,0.0
2017-18,2017-12-30,Manchester United,Southampton,D,1595.2543830662075,1399.429756637568,195.82462642863948,0.16094448249265167,0.13721625686222824,0.70183926064512,H,0.0
2017-18,2017-12-30,Newcastle United,Brighton and Hove Albion,D,1338.0347628023258,1394.964799923542,-56.93003712121617,0.3667426002562658,0.2599760712697451,0.3732813284739891,H,0.0
2017-18,2017-12-30,Watford,Swansea,A,1364.6161291478504,1332.581522554246,32.034606593604394,0.2818670397343114,0.23935868132416788,0.4787742789415207,H,0.0
2017-18,2017-12-31,Crystal Palace,Manchester City,D,1364.1346679939484,1685.251854845586,-321.1171868516376,0.7087493036108399,0.1335986261838812,0.15765207020527885,A,0.0
2017-18,2017-12-31,West Bromwich Albion,Arsenal,D,1350.8055598853234,1577.9698443752627,-227.1642844899393,0.5803768437009225,0.1979059666586871,0.22171718964039044,A,0.0
2017-18,2018-01-01,Stoke,Newcastle United,A,1362.5793023164438,1337.9464044673603,24.63289784908352,0.2882964601645534,0.2424348758867006,0.46926866394874606,H,0.0
2017-18,2018-01-01,Leicester City,Huddersfield Town,H,1443.9755956181423,1398.797585816384,45.17800980175821,0.27069273281859335,0.23337585063399427,0.4959314165474124,H,0.0
2017-18,2018-01-01,Burnley,Liverpool,A,1410.3302018746158,1591.177372907253,-180.8471710326371,0.5168028277520095,0.2254422582393888,0.25775491400860173,A,0.0
2017-18,2018-01-01,Brighton and Hove Albion,Bournemouth,D,1395.0531582585074,1375.3839128707255,19.669245387781984,0.2926654428786985,0.2443733959306123,0.46296116119068925,H,0.0
2017-18,2018-01-01,Everton,Manchester United,A,1455.883282904798,1588.9852016814802,-133.10191877668217,0.45470166484110247,0.24677949375590605,0.29851884140299156,A,0.0
2017-18,2018-01-02,Manchester City,Watford,H,1678.891093539562,1356.015541786282,322.87555175328,0.08945196364369552,0.1,0.8105480363563045,H,0.0
2017-18,2018-01-02,Southampton,Crystal Palace,A,1405.6989380222954,1370.4954292999723,35.20350872232302,0.2791449599089223,0.23797576883358626,0.4828792712574914,H,0.0
2017-18,2018-01-02,Swansea,Tottenham,A,1341.1821099158144,1621.3645054910392,-280.18239557522475,0.6539443529299538,0.16194249857307855,0.18411314849696767,A,0.0
2017-18,2018-01-02,West Ham,West Bromwich Albion,H,1377.36182851328,1355.2771011155512,22.084727397728784,0.290533506466494,0.24344275005961394,0.4660237434738921,H,0.0
2017-18,2018-01-03,Arsenal,Chelsea,D,1573.498303145035,1641.681520076431,-68.18321693139615,0.3788000575192958,0.2598300271631749,0.3613699153175294,A,0.0
2017-18,2018-01-04,Tottenham,West Ham,D,1625.64628693394,1382.632572857004,243.0137140769359,0.1329903763633575,0.10606246405337381,0.7609471595832686,H,0.0
2017-18,2018-01-13,Huddersfield Town,West Ham,A,1389.204651870199,1389.6571887610107,-0.4525368908116434,0.3108725033762187,0.25115083572551594,0.4379766608982654,H,0.0
2017-18,2018-01-13,West Bromwich Albion,Brighton and Hove Albion,H,1350.006356771827,1392.7994562660833,-42.79309949425624,0.35204731722101956,0.25924932667735334,0.3887033561016271,H,0.0
2017-18,2018-01-13,Watford,Southampton,D,1354.1111834558792,1397.0526271098147,-42.941443653935494,0.3521989530387631,0.25926219599258243,0.3885388509686544,H,0.0
2017-18,2018-01-13,Tottenham,Everton,H,1618.6216710299334,1447.6719618959135,170.94970913401994,0.17693327844149828,0.15443989460068974,0.668626826957812,H,0.0
2017-18,2018-01-13,Chelsea,Leicester City,D,1641.446031704281,1453.5685295643273,187.87750213995378,0.16596092193137343,0.14268648823432334,0.6913525898343033,H,0.0
2017-18,2018-01-13,Crystal Palace,Burnley,H,1379.141740212453,1406.0673545979007,-26.925614385447716,0.33613385517151123,0.25723726458493507,0.40662888024355376,H,0.0
2017-18,2018-01-13,Newcastle United,Swansea,D,1346.438626958803,1336.9003284729135,9.538298485889527,0.30173061731817025,0.24800755746076486,0.4502618252210649,H,0.0
2017-18,2018-01-14,Liverpool,Manchester City,H,1595.440220183968,1680.7954518699648,-85.35523168599684,0.39782698865444166,0.25837278111011236,0.3438002302354459,A,0.0
2017-18,2018-01-14,Bournemouth,Arsenal,H,1377.6376148631496,1573.733791517185,-196.0961766540354,0.5374807617061469,0.21697910779144639,0.24554013050240675,A,0.0
2017-18,2018-01-15,Manchester United,Stoke,H,1597.1965226903649,1354.087079825001,243.10944286536392,0.1329369396156781,0.1060023823609989,0.761060678023323,H,0.0
2017-18,2018-01-20,West Ham,Bournemouth,D,1405.8697917004415,1386.374637591257,19.49515410918457,0.29281952937193734,0.24443953158850673,0.46274093903955593,H,0.0
2017-18,2018-01-20,Stoke,Huddersfield Town,H,1350.3745108937778,1372.9920489307683,-22.61753803699048,0.33191582132264347,0.25647589238091667,0.4116082862964398,H,0.0
2017-18,2018-01-20,Manchester City,Newcastle United,H,1673.636770978058,1344.4634580674594,329.1733129105985,0.08657351063133703,0.1,0.813426489368663,H,0.0
2017-18,2018-01-20,Leicester City,Watford,H,1459.6968788868624,1353.6205928888353,106.07628599802706,0.22252844948964737,0.1986079295738402,0.5788636209365124,H,0.0
2017-18,2018-01-20,Arsenal,Crystal Palace,H,1564.9967687890776,1385.3394976683112,179.65727112076638,0.17124067722232617,0.1483815542552724,0.6803777685224014,H,0.0
2017-18,2018-01-20,Burnley,Manchester United,A,1399.8695971420425,1600.909091621588,-201.0394944795455,0.5442481026297458,0.21409556078277972,0.24165633658747462,A,0.0
2017-18,2018-01-20,Brighton and Hove Albion,Chelsea,A,1382.5562267935295,1635.317682381746,-252.76145558821645,0.6160284059225227,0.18087759111732393,0.20309400296015337,A,0.0
2017-18,2018-01-20,Everton,West Bromwich Albion,D,1441.4221117777688,1360.249586244381,81.1725255333879,0.24155231966065077,0.21401708120927496,0.5444305991300742,H,0.0
2017-18,2018-01-21,Southampton,Tottenham,D,1397.5432176768586,1624.871521148078,-227.32830347121944,0.5806050065255981,0.19779996242673398,0.22159503104766798,A,0.0
2017-18,2018-01-22,Swansea,Liverpool,H,1338.8754973642572,1602.598901075875,-263.7234037116177,0.631252407667391,0.17336109910585953,0.19538649322674953,A,0.0
2017-18,2018-01-30,Huddersfield Town,Liverpool,A,1363.2832548051283,1593.1458196859471,-229.8625648808188,0.5841315671432903,0.19615618646200572,0.2197122463947039,A,0.0
2017-18,2018-01-30,Swansea,Arsenal,H,1348.328578754185,1570.1509015128688,-221.82232275868387,0.5729520893684212,0.2013318299531863,0.2257160806783924,A,0.0
2017-18,2018-01-30,West Ham,Crystal Palace,D,1403.6208464899428,1380.18536494452,23.435481545422817,0.28934614952383486,0.24291180424962214,0.46774204622654303,H,0.0
2017-18,2018-01-31,Manchester City,West Bromwich Albion,H,1675.4752600717768,1364.1030832126792,311.37217685909764,0.09492994533850548,0.1,0.8050700546614945,H,0.0
2017-18,2018-01-31,Tottenham,Manchester United,H,1620.3962037875358,1604.814867143511,15.58133664402476,0.2962990692577897,0.24589266577385568,0.4578082649683546,H,0.0
2017-18,2018-01-31,Stoke,Watford,D,1360.0833050194178,1347.8000437472556,12.283261272162235,0.2992544330515496,0.24706649508992226,0.4536790718585281,H,0.0
2017-18,2018-01-31,Everton,Leicester City,H,1437.5686148094705,1465.517428028442,-27.94881321897151,0.3371419989080651,0.25740471523244335,0.40545328585949153,H,0.0
2017-18,2018-01-31,Chelsea,Bournemouth,A,1642.4761470146664,1388.6235828017557,253.8525642129107,0.1269358067555533,0.1,0.7730641932444468,H,0.0
2017-18,2018-01-31,Newcastle United,Burnley,D,1342.6249689737406,1395.9638216201195,-53.33885264637888,0.3629623478467034,0.2598873639570658,0.3771502881962308,H,0.0
2017-18,2018-01-31,Southampton,Brighton and Hove Albion,D,1402.0185350374009,1375.397762160609,26.62077287679176,0.28655976396285515,0.24163023444537632,0.4718100015917685,H,0.0
2017-18,2018-02-03,Manchester United,Huddersfield Town,H,1596.242385702539,1356.4219136482652,239.82047205427375,0.1347806138337044,0.10807516830208216,0.7571442178642134,H,0.0
2017-18,2018-02-03,Arsenal,Everton,H,1555.8320962678965,1443.78350699348,112.0485892744166,0.21809523484380347,0.19472963870850904,0.5871751264476875,H,0.0
2017-18,2018-02-03,Bournemouth,Stoke,H,1409.9752954742903,1358.0323318883254,51.94296358596489,0.26505729813541545,0.23005222914944742,0.5048904727151371,H,0.0
2017-18,2018-02-03,Brighton and Hove Albion,West Ham,H,1377.840505081583,1401.2645041548744,-23.423999073291498,0.332702166563207,0.25662532463452903,0.41067250880226397,H,0.0
2017-18,2018-02-03,Burnley,Manchester City,D,1396.155521364977,1678.0371341305615,-281.8816127655846,0.6562713078685466,0.16075890389596195,0.1829697882354915,A,0.0
2017-18,2018-02-03,Leicester City,Swansea,D,1459.3025358444327,1362.6473839991572,96.65515184527544,0.22962187966727612,0.20459348770188576,0.5657846326308381,H,0.0
2017-18,2018-02-03,West Bromwich Albion,Southampton,A,1361.5412091538944,1399.575792116427,-38.03458296253257,0.3472116414764874,0.2587778357840173,0.3940105227394952,H,0.0
2017-18,2018-02-04,Liverpool,Tottenham,D,1600.0071608428102,1628.9686852285079,-28.961524385697658,0.3381422194271573,0.25756537082117914,0.4042924097516636,H,0.0
2017-18,2018-02-04,Crystal Palace,Newcastle United,D,1382.5417072795883,1342.433269228883,40.10843805070522,0.2749669031004419,0.23575979599369917,0.48927330090585885,H,0.0
2017-18,2018-02-05,Watford,Chelsea,H,1349.851016878348,1621.1244343421317,-271.27341746378374,0.6416924591777828,0.168136934101374,0.19017060672084327,A,0.0
2017-18,2018-02-10,Manchester City,Leicester City,H,1672.3974970604725,1455.076234603922,217.32126245655036,0.14781570124805044,0.12268693936366348,0.7294973593882861,H,0.0
2017-18,2018-02-10,Everton,Crystal Palace,H,1435.4881628284554,1379.7375313584319,55.75063147002356,0.2619188442413267,0.22811268728140097,0.5099684684772723,H,0.0
2017-18,2018-02-10,Stoke,Brighton and Hove Albion,D,1353.3700422326197,1387.5707261444243,-34.20068391180462,0.34335535622175883,0.25831546873583305,0.39832917504240806,H,0.0
2017-18,2018-02-10,Swansea,Burnley,H,1366.8736852396678,1401.795158435066,-34.92147319539822,0.34407766530005923,0.2584079950446045,0.3975143396553362,H,0.0
2017-18,2018-02-10,West Ham,Watford,H,1391.534283092033,1368.8908189293386,22.6434641626945,0.29004193984487353,0.24322403589735136,0.46673402425777505,H,0.0
2017-18,2018-02-10,Tottenham,Arsenal,H,1629.8596753268237,1564.127440432921,65.73223489390261,0.25380261662537673,0.22280586271956876,0.5233915206550545,H,0.0
2017-18,2018-02-11,Southampton,Liverpool,A,1406.8196641176119,1599.1161707444944,-192.29650662688255,0.5322988938278216,0.21915080306499526,0.24855030310718318,A,0.0
2017-18,2018-02-11,Newcastle United,Manchester United,H,1345.2374451500395,1599.2362935791152,-253.99884842907568,0.6177497946486025,0.18003421782955942,0.20221598752183814,A,0.0
2017-18,2018-02-11,Huddersfield Town,Bournemouth,H,1353.428005771689,1414.637585129996,-61.20957935830711,0.37128999489969594,0.25999628516932916,0.3687137199309749,A,0.0
2017-18,2018-02-12,Chelsea,West Bromwich Albion,H,1602.0846322911411,1354.2973371527096,247.78729513843155,0.13034222188212174,0.10308506197948315,0.7665727161383951,H,0.0
2017-18,2018-02-24,Bournemouth,Newcastle United,D,1401.102946549295,1354.6005667432155,46.50237980607949,0.26958341639045313,0.23273780525852644,0.49767877835102037,H,0.0
2017-18,2018-02-24,Brighton and Hove Albion,Swansea,H,1388.3119283200574,1373.2051954697235,15.106732850333856,0.29672303745044265,0.2460644595237661,0.45721250302579125,H,0.0
2017-18,2018-02-24,Burnley,Southampton,D,1395.4636482050103,1400.3879126826569,-4.924264477646602,0.3150316687655107,0.25241112406612937,0.43255720716836,H,0.0
2017-18,2018-02-24,Leicester City,Stoke,D,1450.140423789726,1352.6288400569865,97.51158373273938,0.22897192739313924,0.204056611152476,0.5669714614543848,H,0.0
2017-18,2018-02-24,Liverpool,West Ham,H,1605.5479221794494,1399.869574685084,205.67834749436543,0.15484594637757362,0.13050025012712735,0.7146538034952991,H,0.0
2017-18,2018-02-24,Watford,Everton,H,1360.5555273362877,1442.759577037279,-82.20404970099139,0.39427821508029226,0.2587512005318236,0.34697058438788414,A,0.0
2017-18,2018-02-24,West Bromwich Albion,Huddersfield Town,A,1350.6760053420148,1366.96264435239,-16.28663901037521,0.3257943396058408,0.255193200945476,0.41901245944868315,H,0.0
2017-18,2018-02-25,Manchester United,Chelsea,H,1589.8731719859393,1605.705964101836,-15.83279211589661,0.3253589823424135,0.2550938237365172,0.41954719392106926,H,0.0
2017-18,2018-02-25,Crystal Palace,Tottenham,A,1372.4661171496082,1634.2554571962175,-261.78934004660937,0.6285712362307802,0.17469397947838927,0.19673478429083055,A,0.0
2017-18,2018-03-01,Arsenal,Manchester City,A,1559.7316585635272,1677.3333078746687,-117.6016493111415,0.4356123621356459,0.25171053974856405,0.31267709811579003,A,0.0
2017-18,2018-03-03,Swansea,West Ham,H,1362.3676601536997,1395.354125563444,-32.98646540974437,0.34214137860414456,0.2581537535010199,0.39970486789483556,H,0.0
2017-18,2018-03-03,Leicester City,Bournemouth,D,1445.893896476387,1398.1300988901264,47.76379758626058,0.26852959555606176,0.23212431661792346,0.4993460878260148,H,0.0
2017-18,2018-03-03,Tottenham,Huddersfield Town,H,1637.2086608083885,1374.704329661521,262.50433114686757,0.1216020401145018,0.1,0.7783979598854982,H,0.0
2017-18,2018-03-03,Liverpool,Newcastle United,H,1610.0633713010893,1357.573414402384,252.48995689870526,0.12776646661984298,0.1001900229013109,0.7720435104788461,H,0.0
2017-18,2018-03-03,Burnley,Everton,H,1393.8915871138652,1435.651331113285,-41.759743999419925,0.3509925240763707,0.25915660715985395,0.3898508687637754,H,0.0
2017-18,2018-03-03,Watford,West Bromwich Albion,H,1367.6637732602817,1342.934320032884,24.7294532273977,0.2882119343492663,0.2423961631560237,0.4693919024947101,H,0.0
2017-18,2018-03-03,Southampton,Stoke,D,1401.959973773802,1356.8753673703254,45.08460640347653,0.27077108194263405,0.2334206139597657,0.4958083040976003,H,0.0
2017-18,2018-03-04,Brighton and Hove Albion,Arsenal,H,1399.1494636360812,1548.7341125817952,-149.58464894571398,0.47561496044683943,0.24040103141392996,0.2839840081392306,A,0.0
2017-18,2018-03-04,Manchester City,Chelsea,H,1688.3308538564006,1599.694193807032,88.63666004936863,0.2357575993668764,0.20954344178058804,0.5546989588525355,H,0.0
2017-18,2018-03-05,Crystal Palace,Manchester United,A,1369.5129135374373,1595.8849422807432,-226.37202874330592,0.5792749025884864,0.19841732804218307,0.22230776936933058,A,0.0
2017-18,2018-03-10,West Bromwich Albion,Leicester City,A,1337.71912291756,1442.887986831569,-105.16886391400885,0.42072923335512935,0.2548710029489245,0.32439976369594614,A,0.0
2017-18,2018-03-10,Newcastle United,Southampton,H,1354.774716826052,1399.02437145716,-44.24965463110789,0.35353852537794994,0.2593708885332858,0.38709058608876423,H,0.0
2017-18,2018-03-10,Manchester United,Liverpool,H,1599.3709397492376,1612.8620688774213,-13.49112912818373,0.32312002496877895,0.2545654187358286,0.42231455629539244,H,0.0
2017-18,2018-03-10,West Ham,Burnley,A,1382.75577352424,1400.337145188325,-17.581371664084827,0.3270388653770432,0.2554712684413112,0.41748986618164563,H,0.0
2017-18,2018-03-10,Everton,Brighton and Hove Albion,H,1429.2057730388253,1407.2769861647462,21.92878687407915,0.29067080586662286,0.24350356212433255,0.4658256320090446,H,0.0
2017-18,2018-03-10,Chelsea,Crystal Palace,H,1595.7196345090085,1366.026916068943,229.69271844006562,0.14055742371340624,0.11456382696069144,0.7448787493259024,H,0.0
2017-18,2018-03-10,Huddersfield Town,Swansea,D,1372.052055113247,1374.9660121929037,-2.9139570796567114,0.3131566258595597,0.25185593892731384,0.43498743521312644,H,0.0
2017-18,2018-03-11,Arsenal,Watford,H,1540.6065900531303,1372.8789703756056,167.72761967752467,0.17906558081908305,0.15668502814862578,0.6642493910322911,H,0.0
2017-18,2018-03-11,Bournemouth,Tottenham,A,1401.1360085349445,1639.8609353566624,-238.72492682171787,0.5964763613941501,0.19032672166854195,0.21319691693730802,A,0.0
2017-18,2018-03-12,Stoke,Manchester City,A,1359.8109696869674,1692.305413154424,-332.4944434674567,0.7233849024349537,0.12590812982686622,0.15070696773818007,A,0.0
2017-18,2018-03-17,Bournemouth,West Bromwich Albion,H,1394.5500888620384,1326.1990705585467,68.35101830349163,0.25169926137596493,0.22136277731462076,0.5269379613094144,H,0.0
2017-18,2018-03-17,Huddersfield Town,Crystal Palace,A,1370.423614607031,1364.0343014448824,6.389313162148483,0.3045899350352911,0.24904640371252457,0.4463636612521843,H,0.0
2017-18,2018-03-17,Liverpool,Watford,H,1606.8895890810181,1367.4088271458497,239.4807619351684,0.13497194962678805,0.10829025394241576,0.7567377964307962,H,0.0
2017-18,2018-03-17,Stoke,Everton,A,1356.5199924469061,1437.5649115335991,-81.04491908669297,0.39297931396402586,0.25887790643863345,0.34814277959734063,A,0.0
2017-18,2018-03-31,Watford,Bournemouth,D,1362.5171814303558,1398.8963383904463,-36.37915696009054,0.3455422215949445,0.25858719718520273,0.39587058121985275,H,0.0
2017-18,2018-03-31,West Ham,Southampton,H,1367.331914583466,1386.0504001327029,-18.718485549236902,0.32813499864516416,0.255708828877654,0.41615617247718184,H,0.0
2017-18,2018-03-31,West Bromwich Albion,Burnley,A,1321.8528210301388,1415.761004129099,-93.90818309896031,0.4075888666355213,0.257097003279651,0.3353141300848277,A,0.0
2017-18,2018-03-31,Newcastle United,Huddersfield Town,H,1367.7486881505092,1357.4012241317805,10.347464018728715,0.3009991164106226,0.2477335667489903,0.4512673168403871,H,0.0
2017-18,2018-03-31,Manchester United,Swansea,H,1605.3434195456407,1376.5944526991198,228.74896684652094,0.14110334342367264,0.11517620976325914,0.7437204468130683,H,0.0
2017-18,2018-03-31,Everton,Manchester City,A,1443.8456676816902,1695.5963903944853,-251.7507227127951,0.6146219208061915,0.18156538086932783,0.2038126983244807,A,0.0
2017-18,2018-03-31,Crystal Palace,Liverpool,A,1377.0566919201328,1611.781234796512,-234.72454287637925,0.5909023510612584,0.19297297018623827,0.2161246787525033,A,0.0
2017-18,2018-03-31,Brighton and Hove Albion,Leicester City,A,1398.9178476699724,1454.4080391905823,-55.49019152060987,0.3652230515260098,0.25994836472901045,0.3748285837449798,H,0.0
2017-18,2018-04-01,Arsenal,Stoke,H,1546.0767332828862,1350.239236298815,195.8374969840711,0.16093642883651443,0.13720743272598687,0.7018561384374986,H,0.0
2017-18,2018-04-01,Chelsea,Tottenham,A,1597.712249133069,1646.4468550295685,-48.73460589649949,0.35816296689705096,0.2596779694473193,0.3821590636556298,H,0.0
2017-18,2018-04-07,West Bromwich Albion,Swansea,D,1315.8518455593742,1373.4205397321894,-57.568694172815185,0.3674182855917419,0.25998499140501574,0.37259672300324237,H,0.0
2017-18,2018-04-07,Stoke,Tottenham,A,1345.4902737956031,1657.5432630244825,-312.05298922887937,0.6968783599718101,0.1398072302842983,0.1633144097438916,A,0.0
2017-18,2018-04-07,Manchester City,Manchester United,A,1700.5062385872573,1608.517332512571,91.98890607468616,0.23318133245705963,0.207491331917036,0.5593273356259044,H,0.0
2017-18,2018-04-07,Watford,Burnley,A,1361.8383644550643,1421.7619795998637,-59.92361514479944,0.3699186616910741,0.2599999851854693,0.3700813531234566,H,0.0
2017-18,2018-04-07,Everton,Liverpool,D,1438.9358194889182,1615.135864467079,-176.2000449781608,0.5105694282419976,0.22788058991348523,0.26154998184451717,A,0.0
2017-18,2018-04-07,Brighton and Hove Albion,Huddersfield Town,D,1388.0629217080368,1351.8803083163368,36.18261339169999,0.27830754987269624,0.23754068290457167,0.4841517672227321,H,0.0
2017-18,2018-04-07,Bournemouth,Crystal Palace,D,1399.5751553657378,1373.7020622495659,25.873093116171958,0.28721210492429994,0.24193475325202826,0.4708531418236718,H,0.0
2017-18,2018-04-07,Leicester City,Newcastle United,A,1465.2629651525178,1373.269603965953,91.99336118656493,0.2331779193136702,0.20748858779137766,0.559333492894952,H,0.0
2017-18,2018-04-08,Arsenal,Southampton,H,1550.825695786098,1373.9300373702647,176.8956584158334,0.17303501532216672,0.1503008754583715,0.6766641092194619,H,0.0
2017-18,2018-04-08,Chelsea,West Ham,D,1586.615841138155,1379.4522773459041,207.1635637922509,0.15393849641667331,0.1294955826192975,0.7165659209640292,H,0.0
2017-18,2018-04-14,Huddersfield Town,Watford,H,1354.580048653096,1355.0892024634245,-0.5091538103285984,0.310924898567326,0.25116736607170376,0.4379077353609702,H,0.0
2017-18,2018-04-14,Liverpool,Bournemouth,H,1611.9107228226076,1397.1526589158982,214.75806390670937,0.1493469362318865,0.12439414710674074,0.7262589166613728,H,0.0
2017-18,2018-04-14,Burnley,Leicester City,H,1428.5111415915035,1455.8715706762137,-27.360429084710177,0.33656197358899387,0.2573090533286075,0.4061289730823986,H,0.0
2017-18,2018-04-14,Crystal Palace,Brighton and Hove Albion,H,1376.1245586994055,1385.3631813712777,-9.238622671872236,0.31908504756106015,0.2535391819214754,0.42737577051746445,H,0.0
2017-18,2018-04-14,Southampton,Chelsea,A,1371.3170528006474,1580.152606566178,-208.83555376553068,0.5549732990467825,0.20942240534506615,0.23560429560815135,A,0.0
2017-18,2018-04-14,Swansea,Everton,D,1373.4905171968537,1442.1609611333897,-68.670443936536,0.37932941920524926,0.259809191968088,0.3608613888266627,A,0.0
2017-18,2018-04-14,Tottenham,Manchester City,A,1659.8483008639453,1691.114896720805,-31.266595856859794,0.34042784349278843,0.2579121563996631,0.40166000010754843,H,0.0
2017-18,2018-04-15,Newcastle United,Arsenal,H,1382.660998442257,1553.4386803557154,-170.7776819134583,0.503341411568522,0.23063603488396064,0.26602255354751736,A,0.0
2017-18,2018-04-15,Manchester United,West Bromwich Albion,A,1617.9086743790233,1315.7818680947098,302.1268062843135,0.09954509278002173,0.1,0.8004549072199783,H,0.0
2017-18,2018-04-16,West Ham,Stoke,D,1385.915511917881,1343.1852359561403,42.730275961740745,0.2727508877110221,0.23453856105534773,0.4927105512336301,H,0.0
2017-18,2018-04-17,Brighton and Hove Albion,Tottenham,D,1379.4620545595094,1648.1223267236119,-268.6602721641025,0.6380842381345952,0.1699484265747316,0.19196733529067309,A,0.0
2017-18,2018-04-18,Bournemouth,Manchester United,A,1392.8441978772164,1607.0678281609175,-214.22363028370114,0.5624178162237418,0.2061093683384954,0.23147281543776288,A,0.0
2017-18,2018-04-19,Burnley,Chelsea,A,1434.716181134844,1583.925805362423,-149.20962422757907,0.47513247189123886,0.24055849932445786,0.28430902878430336,A,0.0
2017-18,2018-04-19,Leicester City,Southampton,D,1449.6665311328732,1367.5438540044024,82.12267712847074,0.24081015477457932,0.21345524474300798,0.5457346004824126,H,0.0
2017-18,2018-04-21,Watford,Crystal Palace,D,1349.3344625980062,1382.0256855111738,-32.69122291316762,0.3418467247619117,0.25811332370134354,0.40003995153674476,H,0.0
2017-18,2018-04-21,West Bromwich Albion,Liverpool,D,1326.6227143128156,1616.2191838612894,-289.5964695484738,0.6667901583742107,0.15538271656959332,0.1778271250561959,A,0.0
2017-18,2018-04-22,Arsenal,West Ham,H,1545.0224400207755,1383.041955493852,161.98048452692365,0.18290337835684164,0.16069002243459668,0.6564065992085617,H,0.0
2017-18,2018-04-22,Manchester City,Swansea,H,1702.8408708611385,1373.7400208407546,329.10085002038386,0.08660615477891322,0.1,0.8133938452210868,H,0.0
2017-18,2018-04-22,Stoke,Burnley,D,1346.0587923801695,1429.8559973531198,-83.79720497295034,0.3960691628083585,0.25856607991140135,0.3453647572802402,A,0.0
2017-18,2018-04-23,Everton,Newcastle United,H,1441.9114574894888,1391.077238777197,50.834218712291886,0.2659756695182366,0.23060781696833485,0.5034165135134285,H,0.0
2017-18,2018-04-28,Burnley,Brighton and Hove Albion,D,1429.172127838193,1384.8366230456938,44.33550479249925,0.27139998630108225,0.23377848872788992,0.49482152497102777,H,0.0
2017-18,2018-04-28,Southampton,Bournemouth,H,1371.420613002156,1387.0062669853976,-15.585653983241627,0.3251221064579068,0.25503929359563016,0.41983859994646305,H,0.0
2017-18,2018-04-28,Newcastle United,West Bromwich Albion,A,1386.3931106099274,1332.4118811095461,53.98122950038123,0.2633743070537653,0.2290200052171107,0.507605687729124,H,0.0
2017-18,2018-04-28,Crystal Palace,Leicester City,H,1382.810080603227,1445.7897721351196,-62.97969153189251,0.373184499390708,0.2599774577543969,0.366838042854895,A,0.0
2017-18,2018-04-28,Huddersfield Town,Everton,A,1360.3347885185142,1446.5955856567584,-86.26079713824424,0.39885157620039957,0.2582548707077127,0.3428935530918878,A,0.0
2017-18,2018-04-28,Liverpool,Stoke,D,1610.4300170645588,1346.7426618950963,263.68735516946253,0.12088759348476452,0.1,0.7791124065152355,H,0.0
2017-18,2018-04-28,Swansea,Chelsea,A,1370.740357713503,1588.7859891441472,-218.0456314306441,0.5677117778401726,0.20372106554432956,0.22856715661549784,A,0.0
2017-18,2018-04-29,Manchester United,Arsenal,H,1612.9057590527364,1550.6501430192247,62.255616033511615,0.25661153428166905,0.22468970137279243,0.5186987643455385,H,0.0
2017-18,2018-04-29,West Ham,Manchester City,A,1377.4142524954027,1705.84053398839,-328.4262814929873,0.7181874221317697,0.1286431496378788,0.15316942823035157,A,0.0
2017-18,2018-04-30,Tottenham,Watford,H,1642.7477582374274,1348.550067505953,294.1976907314745,0.10365854265335628,0.1,0.7963414573466437,H,0.0
2017-18,2018-05-04,Brighton and Hove Albion,Manchester United,H,1387.7525101016317,1617.367836284564,-229.61532618293222,0.5837874276404506,0.1963170316204774,0.21989554073907194,A,0.0
2017-18,2018-05-05,Watford,Newcastle United,H,1346.3178893923994,1377.484474638043,-31.166585245643546,0.34032841670167513,0.25789765606719395,0.4017739272311309,H,0.0
2017-18,2018-05-05,West Bromwich Albion,Tottenham,H,1341.3205170814306,1644.979936350981,-303.6594192695504,0.6857363661430634,0.14560497851755938,0.16865865533937718,A,0.0
2017-18,2018-05-05,Stoke,Crystal Palace,A,1354.056270928768,1400.3784063601386,-46.3221354313705,0.3556692938953119,0.2595254157469923,0.38480529035769584,H,0.0
2017-18,2018-05-05,Everton,Southampton,D,1456.3696676106606,1377.4282367735136,78.94143083714698,0.24330027284281155,0.21532724980089193,0.5413724773562966,H,0.0
2017-18,2018-05-05,Bournemouth,Swansea,H,1380.99864321404,1367.119910295545,13.878732918494961,0.2978220736189682,0.24650448640272773,0.4556734399783041,H,0.0
2017-18,2018-05-05,Leicester City,West Ham,A,1428.2214463782082,1373.1735883471174,55.047858031090755,0.26249631462032896,0.2284742984093327,0.5090293869703384,H,0.0
2017-18,2018-05-06,Arsenal,Burnley,H,1546.1880657873971,1426.2562407822552,119.93182500514195,0.21231786585611168,0.18952387638550933,0.5981582577583789,H,0.0
2017-18,2018-05-06,Chelsea,Liverpool,H,1592.4064365621052,1603.116408030887,-10.70997146878176,0.3204766370816476,0.25390393265237937,0.4256194302659731,H,0.0
2017-18,2018-05-06,Manchester City,Huddersfield Town,D,1710.0811981366753,1350.560706564612,359.5204915720633,0.07383551255437984,0.1,0.8261644874456202,H,0.0
2017-18,2018-05-08,Swansea,Southampton,A,1361.674877228811,1381.2269185097896,-19.55204128097853,0.32894037123245695,0.2558790069433016,0.41518062182424137,H,0.0
2017-18,2018-05-09,Chelsea,Huddersfield Town,D,1598.3322502287965,1358.919917396737,239.41233283205952,0.135010511642364,0.10833360168411685,0.7566558866735191,H,0.0
2017-18,2018-05-09,Leicester City,Arsenal,H,1414.0786977217963,1555.090391443793,-141.0116937219966,0.464661629888195,0.24385916455887202,0.291479205552933,A,0.0
2017-18,2018-05-09,Manchester City,Brighton and Hove Albion,H,1701.7219873045503,1396.8707411366897,304.8512461678606,0.09816504488537783,0.1,0.8018349551146222,H,0.0
2017-18,2018-05-09,Tottenham,Newcastle United,H,1635.203032143896,1371.2157304120922,263.9873017318039,0.12070701554397542,0.1,0.7792929844560246,H,0.0
2017-18,2018-05-10,West Ham,Manchester United,D,1387.3163370035293,1608.249605249506,-220.9332682459767,0.5717177541025933,0.2018967972190888,0.22638544867831786,A,0.0
2017-18,2018-05-13,Swansea,Stoke,A,1354.0082151166996,1347.000621753964,7.0075933627356335,0.30402694237338307,0.2488458934852703,0.4471271641413466,H,0.0
2017-18,2018-05-13,Southampton,Manchester City,A,1388.893580621901,1703.8268780045576,-314.9332973826565,0.7006695622101123,0.13782765560548801,0.1615027821843996,A,0.0
2017-18,2018-05-13,Tottenham,Leicester City,H,1636.863114657457,1426.76770553045,210.09540912700686,0.15215627809607196,0.1275188689676383,0.7203248529362897,H,0.0
2017-18,2018-05-13,Crystal Palace,West Bromwich Albion,H,1407.4340555349427,1351.0974212885155,56.33663424642714,0.2614379393505848,0.2278099178013674,0.5107521428480478,H,0.0
2017-18,2018-05-13,West Ham,Everton,H,1391.643249916809,1452.5709858743846,-60.92773595757558,0.3709890815739619,0.25999781465330707,0.36901310377273105,A,0.0
2017-18,2018-05-13,Huddersfield Town,Arsenal,A,1365.891643327032,1542.4013836351392,-176.5097403081072,0.5109837499479046,0.22772026394907163,0.2612959861030237,A,0.0
2017-18,2018-05-13,Burnley,Bournemouth,A,1417.3539151258594,1386.443676280774,30.91023884508536,0.2828372294606477,0.23983997932139084,0.4773227912179615,H,0.0
2017-18,2018-05-13,Manchester United,Watford,H,1603.9226923362262,1352.58663361835,251.33605871787609,0.12839543612751558,0.10089680061064443,0.77070776326184,H,0.0
2017-18,2018-05-13,Liverpool,Brighton and Hove Albion,H,1597.1905943641957,1394.7658504366825,202.4247439275132,0.1568446613789742,0.13270847596163604,0.7104468626593897,H,0.0
2017-18,2018-05-13,Newcastle United,Chelsea,H,1369.5556478985313,1591.3605242985016,-221.80487639997023,0.5729278632957373,0.20134293126419453,0.2257292054400682,A,0.0
2018-19,2018-08-10,Manchester United,Leicester City,H,1605.6993973488295,1424.5608305291596,181.1385668196699,0.1702824712016523,0.14735312832512812,0.6823644004732196,H,0.0
2018-19,2018-08-11,Watford,Brighton and Hove Albion,H,1350.8099286057468,1389.435181018508,-38.625252412761256,0.3478089031551602,0.25884253760045733,0.3933485592443825,H,0.0
2018-19,2018-08-11,Wolverhampton Wanderers,Everton,D,1420.0,1441.852373303194,-21.8523733031941,0.33117112230187584,0.2563311822341485,0.41249769546397563,H,0.0
2018-19,2018-08-11,Bournemouth,Cardiff City,H,1395.0279426935886,1420.0,-24.972057306411443,0.3342158093813174,0.25690326963824306,0.40888092098043954,H,0.0
2018-19,2018-08-11,Fulham,Crystal Palace,A,1420.0,1414.6873887082752,5.3126112917248065,0.3055722188066258,0.2493915225360257,0.4450362586573485,H,0.0
2018-19,2018-08-11,Huddersfield Town,Chelsea,A,1361.5495751545602,1573.2925864534893,-211.7430112989291,0.5589875168718824,0.2076427222425616,0.23336976088555592,A,0.0
2018-19,2018-08-11,Newcastle United,Tottenham,A,1387.6235857435436,1639.0699896587473,-251.44640391520375,0.6141983784100353,0.18177226702246402,0.2040293545675007,A,0.0
2018-19,2018-08-12,Arsenal,Manchester City,A,1546.7434518076109,1706.0985079592572,-159.3550561516463,0.4882880864348872,0.23610602790852842,0.27560588565658434,A,0.0
2018-19,2018-08-12,Liverpool,West Ham,H,1602.5212637823702,1402.3618624879996,200.15940129437058,0.15824500879598286,0.1342516029271867,0.7075033882768303,H,0.0
2018-19,2018-08-12,Southampton,Burnley,D,1386.6219506672014,1408.769648713045,-22.147698045843526,0.33145838906600955,0.25638737263097794,0.41215423830301245,H,0.0
2018-19,2018-08-18,West Ham,Bournemouth,A,1396.968928016446,1404.799284533941,-7.830356517495147,0.31775754209526513,0.2531805336029512,0.42906192430178375,H,0.0
2018-19,2018-08-18,Tottenham,Fulham,H,1642.1722211004098,1407.004024053773,235.1681970466368,0.13741564012512195,0.11103647323492968,0.7515478866399483,H,0.0
2018-19,2018-08-18,Leicester City,Wolverhampton Wanderers,H,1422.0028678166186,1418.9064141023632,3.0964537142554036,0.30760152661941736,0.2500855579855844,0.44231291539499823,H,0.0
2018-19,2018-08-18,Chelsea,Arsenal,H,1580.741632081031,1539.3514982147979,41.3901338662331,0.2738821048435593,0.2351659426801032,0.49095195247633755,H,0.0
2018-19,2018-08-18,Cardiff City,Newcastle United,D,1410.2286581596475,1384.521354301881,25.70730385776642,0.28735689501873185,0.2420019708025624,0.4706411341787058,H,0.0
2018-19,2018-08-18,Everton,Southampton,H,1442.9459592008309,1385.5367640220725,57.40919517875841,0.26055918232847625,0.22725285138038265,0.512187966291141,H,0.0
2018-19,2018-08-19,Brighton and Hove Albion,Manchester United,H,1379.3019967613152,1608.2573600613705,-228.9553633000553,0.5828688985620223,0.19674587707176713,0.22038522436621047,A,0.0
2018-19,2018-08-19,Burnley,Watford,A,1409.854835358174,1360.9431128629396,48.911722495234244,0.2675729215879278,0.23156117623716427,0.5008659021749079,H,0.0
2018-19,2018-08-19,Manchester City,Huddersfield Town,H,1713.4904615520702,1354.1005295270186,359.3899320250516,0.07388646793645053,0.1,0.8261135320635495,H,0.0
2018-19,2018-08-20,Crystal Palace,Liverpool,A,1427.6833646545022,1607.9141982539238,-180.23083359942166,0.5159741295281762,0.22576961900531164,0.25825625146651204,A,0.0
2018-19,2018-08-25,Southampton,Leicester City,A,1380.9812559632776,1431.002823827928,-50.02156786465048,0.359499150350679,0.2597473106837389,0.3807535389655821,H,0.0
2018-19,2018-08-25,Wolverhampton Wanderers,Manchester City,D,1409.9064580910538,1716.019283919864,-306.1128258288102,0.6890070435914746,0.14390636591125333,0.16708659049727204,A,0.0
2018-19,2018-08-25,Liverpool,Brighton and Hove Albion,H,1614.6884087309809,1388.4132165374883,226.27519219349256,0.14254043562042545,0.11678733398027229,0.7406722303993023,H,0.0
2018-19,2018-08-25,Bournemouth,Everton,D,1412.7355609150375,1447.5014672596258,-34.7659063445883,0.34392166541308966,0.2583882443037868,0.3976900902831235,H,0.0
2018-19,2018-08-25,Arsenal,West Ham,H,1534.4789390631486,1389.0326516353496,145.446287427799,0.19418959615670323,0.1721717288601143,0.6336386749831825,H,0.0
2018-19,2018-08-25,Huddersfield Town,Cardiff City,D,1351.5717071592248,1407.8106539947285,-56.23894683550361,0.3660126019677858,0.25996408611895044,0.3740233119132637,H,0.0
2018-19,2018-08-26,Fulham,Burnley,H,1403.9355646042707,1395.844875556704,8.090689047566684,0.30304257128906,0.24849055935870906,0.448466869352231,H,0.0
2018-19,2018-08-26,Newcastle United,Chelsea,A,1386.9393584668,1585.6141912326802,-198.67483276588018,0.5410074281747751,0.2154829387913332,0.2435096330338917,A,0.0
2018-19,2018-08-26,Watford,Crystal Palace,H,1374.9530726644095,1420.909154177445,-45.95608151303554,0.3552921757446196,0.2594996984902497,0.38520812576513075,H,0.0
2018-19,2018-08-27,Manchester United,Tottenham,A,1599.1461402851974,1645.2406805499122,-46.09454026471485,0.3554347806471631,0.2595095055239976,0.38505571382883935,H,0.0
2018-19,2018-09-01,Leicester City,Liverpool,A,1437.9747922468368,1616.7170762367514,-178.74228398991454,0.5139751612700658,0.22655527506325443,0.2594695636666797,A,0.0
2018-19,2018-09-01,Everton,Huddersfield Town,D,1448.2264884645492,1351.463459575625,96.76302888892428,0.2295399542000042,0.20452594578615507,0.5659341000138408,H,0.0
2018-19,2018-09-01,Brighton and Hove Albion,Fulham,D,1386.3845490317178,1412.7633023818175,-26.378753350099714,0.33559604126479137,0.25714565710032083,0.40725830163488785,H,0.0
2018-19,2018-09-01,Chelsea,Bournemouth,H,1589.560767613842,1412.010539710114,177.550227903728,0.17260878094064275,0.14984573483446292,0.6775454842248942,H,0.0
2018-19,2018-09-01,Manchester City,Newcastle United,H,1709.922749238237,1382.9927820856383,326.9299671525987,0.08758923833822672,0.1,0.8124107616617733,H,0.0
2018-19,2018-09-01,West Ham,Wolverhampton Wanderers,A,1384.1980873212844,1416.0029927726807,-31.80490545139628,0.34096341694064125,0.2579893530923479,0.4010472299670109,H,0.0
2018-19,2018-09-01,Crystal Palace,Southampton,A,1414.3938112117487,1374.0092875443688,40.38452366737988,0.2747329887346934,0.23563238839577072,0.4896346228695359,H,0.0
2018-19,2018-09-02,Burnley,Manchester United,A,1387.017137779157,1585.0245311949534,-198.0073934157963,0.5400938688597531,0.2158718922748291,0.24403423886541795,A,0.0
2018-19,2018-09-02,Cardiff City,Arsenal,A,1407.9189015783284,1539.3135033772137,-131.39460179888533,0.45257081947837885,0.2473747499394676,0.30005443058215353,A,0.0
2018-19,2018-09-02,Watford,Tottenham,H,1381.468415630106,1659.3622896401562,-277.89387401005024,0.6508051059406028,0.16353578307092106,0.18565911098847604,A,0.0
2018-19,2018-09-15,Tottenham,Liverpool,A,1649.7859614780525,1621.0182588804566,28.76770259759587,0.28469235812771304,0.24074333997397376,0.47456430189831317,H,0.0
2018-19,2018-09-15,Newcastle United,Arsenal,A,1381.818173496827,1544.5288551943006,-162.71068169747355,0.4926848138631334,0.23454778122321138,0.27276740491365514,A,0.0
2018-19,2018-09-15,Manchester City,Fulham,H,1711.0973578270482,1413.7279902921066,297.3693675349416,0.10199568954795367,0.1,0.7980043104520463,H,0.0
2018-19,2018-09-15,Watford,Manchester United,A,1391.0447437922096,1591.2980377075587,-200.2532939153491,0.5431699588418487,0.2145584410966578,0.24227160006149354,A,0.0
2018-19,2018-09-15,Huddersfield Town,Crystal Palace,A,1355.6923108377355,1400.572653951287,-44.88034311355159,0.3541858331183698,0.25942020751729367,0.3863939593643365,H,0.0
2018-19,2018-09-15,Bournemouth,Leicester City,H,1407.8826073170865,1433.6736096031316,-25.791002286045114,0.33501878916681116,0.2570455623031127,0.40793564853007613,H,0.0
2018-19,2018-09-15,Chelsea,Cardiff City,H,1593.6887000068696,1402.7035497612414,190.98515024562812,0.16398895112763526,0.1405425495696014,0.6954684993027633,H,0.0
2018-19,2018-09-16,Everton,West Ham,A,1443.9976372024387,1376.8121214962266,67.18551570621207,0.25263405469422995,0.22200754402380882,0.5253584012819612,H,0.0
2018-19,2018-09-16,Wolverhampton Wanderers,Burnley,H,1423.3889585977386,1380.7436312665518,42.64532733118676,0.27282250089130444,0.2345785239125223,0.49259897519617324,H,0.0
2018-19,2018-09-17,Southampton,Brighton and Hove Albion,D,1387.8304448048304,1385.4198611214288,2.4105836834016827,0.30823162399108517,0.25029587824866406,0.44147249776025077,H,0.0
2018-19,2018-09-22,Fulham,Watford,D,1410.959999368383,1387.125433084396,23.834566283986987,0.28899600067075876,0.24275350078749927,0.468250498541742,H,0.0
2018-19,2018-09-22,Manchester United,Wolverhampton Wanderers,D,1595.2173484153723,1428.2362271787817,166.98112123659052,0.17956158012425402,0.15720527535617732,0.6632331445195686,H,0.0
2018-19,2018-09-22,Liverpool,Southampton,H,1629.5712847955306,1386.053198689951,243.51808610557964,0.132708983045324,0.1057460776845527,0.7615449392701233,H,0.0
2018-19,2018-09-22,Leicester City,Huddersfield Town,H,1423.8805199549852,1348.6039892771712,75.27653067781398,0.24618762632329333,0.21745093415721534,0.5363614395194914,H,0.0
2018-19,2018-09-22,Cardiff City,Manchester City,A,1397.835876019187,1713.8653487507718,-316.02947273158475,0.7021078437876234,0.13707582760441575,0.1608163286079609,A,0.0
2018-19,2018-09-22,Burnley,Bournemouth,H,1375.8963626855086,1417.6756969652329,-41.77933427972425,0.3510124965327306,0.2591584148839084,0.38982908858336107,H,0.0
2018-19,2018-09-22,Brighton and Hove Albion,Tottenham,A,1387.1971072363083,1641.2329355629786,-254.0358283266703,0.6178012298405002,0.18000899110223123,0.20218977905726862,A,0.0
2018-19,2018-09-22,Crystal Palace,Newcastle United,D,1407.6609755118513,1377.218341409681,30.44263410217036,0.2832413916799589,0.24003868249772878,0.4767199258223124,H,0.0
2018-19,2018-09-23,Arsenal,Everton,H,1549.1286872814467,1429.600028484005,119.52865879744172,0.21261129601147424,0.1897922912775182,0.5975964127110076,H,0.0
2018-19,2018-09-23,West Ham,Chelsea,D,1391.2097302146603,1598.556373748924,-207.34664353426365,0.552920460082827,0.21032623406756618,0.23675330584960674,A,0.0
2018-19,2018-09-29,Newcastle United,Leicester City,A,1379.7642411770303,1430.56422976398,-50.79998858694967,0.360309343060665,0.25978518200949463,0.3799054749298404,H,0.0
2018-19,2018-09-29,Wolverhampton Wanderers,Southampton,H,1433.9751283637615,1382.3486778455783,51.62645051818322,0.2653192574027711,0.23021125970992992,0.504469482887299,H,0.0
2018-19,2018-09-29,West Ham,Manchester United,H,1395.213499465623,1589.4784472303925,-194.26494776476943,0.5349811396766981,0.21803071884975342,0.24698814147354836,A,0.0
2018-19,2018-09-29,Manchester City,Brighton and Hove Albion,H,1719.7048286666352,1384.1326938855618,335.5721347810734,0.08373391818463252,0.1,0.8162660818153675,H,0.0
2018-19,2018-09-29,Arsenal,Watford,H,1554.5974282118793,1389.4926212860898,165.1048069257895,0.18081155892336145,0.15851293214505202,0.6606755089315866,H,0.0
2018-19,2018-09-29,Huddersfield Town,Tottenham,A,1341.9202794681764,1644.297348913725,-302.3770694455486,0.6840224720730738,0.1464939217337518,0.1694836061931745,A,0.0
2018-19,2018-09-29,Chelsea,Liverpool,D,1594.5526044979613,1633.2758056399032,-38.7232011419419,0.3479080265341242,0.2588530979462527,0.3932388755196231,H,0.0
2018-19,2018-09-29,Everton,Fulham,H,1424.1312875535723,1408.5928111666892,15.538476386883076,0.2963373386290144,0.2459082195388792,0.4577544418321064,H,0.0
2018-19,2018-09-30,Cardiff City,Burnley,A,1391.9963961033236,1390.8632424083885,1.1331536949351175,0.30940778253994977,0.2506819306811418,0.43991028677890837,H,0.0
2018-19,2018-10-01,Bournemouth,Crystal Palace,H,1402.708817242353,1405.115075744502,-2.4062585021490577,0.3126844483369491,0.2517127789588748,0.43560277270417613,H,0.0
2018-19,2018-10-05,Brighton and Hove Albion,West Ham,H,1382.3589943062832,1409.0260442961066,-26.667049989823454,0.33587948164124826,0.257194134303382,0.40692638405536974,H,0.0
2018-19,2018-10-06,Burnley,Huddersfield Town,D,1398.9977212601298,1338.0843955578043,60.91332570232544,0.2577011388692906,0.2254070497575626,0.5168918113731468,H,0.0
2018-19,2018-10-06,Crystal Palace,Wolverhampton Wanderers,A,1399.3285397602915,1441.3745539328631,-42.04601417257163,0.3512844720446698,0.25918283121718033,0.3895326967381499,H,0.0
2018-19,2018-10-06,Leicester City,Everton,A,1441.5866763349477,1434.9503843338957,6.63629200105197,0.3043649480238299,0.24896651128132227,0.4466685406948478,H,0.0
2018-19,2018-10-06,Manchester United,Newcastle United,H,1575.6659023999089,1368.7417946060625,206.92410779384636,0.1540845918395749,0.12965741465649458,0.7162579935039305,H,0.0
2018-19,2018-10-06,Tottenham,Cardiff City,H,1648.1332328240971,1383.8619172515823,264.2713155725148,0.12053623980854082,0.1,0.7794637601914592,H,0.0
2018-19,2018-10-06,Watford,Bournemouth,A,1385.1009939182663,1408.4953532265636,-23.394359308297226,0.33267323964097917,0.2566198887295227,0.41070687162949815,H,0.0
2018-19,2018-10-07,Southampton,Chelsea,A,1374.9492522764767,1593.9409734048556,-218.9917211283789,0.5690237235589971,0.20312520747488508,0.22785106896611784,A,0.0
2018-19,2018-10-07,Fulham,Arsenal,A,1397.7737143863658,1558.9890555797028,-161.21534119333705,0.49072283648212534,0.2352472863890741,0.27402987712880056,A,0.0
2018-19,2018-10-07,Liverpool,Manchester City,D,1633.8874367330088,1721.4785282459138,-87.591091512905,0.40036057397988256,0.25807425922779303,0.3415651667923244,A,0.0
2018-19,2018-10-20,Bournemouth,Southampton,D,1426.0920615761343,1367.7392611111698,58.3528004649645,0.2597876173820282,0.22675967544507813,0.5134527071728936,H,0.0
2018-19,2018-10-20,Cardiff City,Fulham,H,1382.2043744734408,1387.0271858308743,-4.822811357433466,0.31493683519550875,0.25238355383925504,0.4326796109652362,H,0.0
2018-19,2018-10-20,Chelsea,Manchester United,D,1601.1509645701626,1577.9091887778582,23.241775792304452,0.2895162112926145,0.24298840552417003,0.4674953831832155,H,0.0
2018-19,2018-10-20,Huddersfield Town,Liverpool,A,1341.430548817045,1634.6799069757365,-293.2493581586914,0.6717417940705789,0.15283825933916728,0.17541994659025387,A,0.0
2018-19,2018-10-20,Manchester City,Burnley,H,1720.6860580031862,1395.651568000889,325.03449000229716,0.0884557336270124,0.1,0.8115442663729876,H,0.0
2018-19,2018-10-20,Newcastle United,Brighton and Hove Albion,A,1366.4985082281132,1388.5524210446515,-22.053912816538286,0.3313671411378781,0.2563695744334907,0.4122632844286313,H,0.0
2018-19,2018-10-20,West Ham,Tottenham,A,1402.8326175577383,1649.7907756022387,-246.95815804450035,0.6079487398605021,0.1848122222058285,0.20723903793366943,A,0.0
2018-19,2018-10-20,Wolverhampton Wanderers,Watford,A,1448.527196035656,1367.5042855686956,81.02291046696041,0.24166930545046564,0.21410534108890414,0.5442253534606303,H,0.0
2018-19,2018-10-21,Everton,Crystal Palace,H,1443.1704151174551,1392.1758976574986,50.99451745995657,0.26584276816149754,0.2305277512509795,0.503629480587523,H,0.0
2018-19,2018-10-22,Arsenal,Leicester City,H,1569.7355841351944,1433.3666455513883,136.36893858380608,0.20053992531061976,0.17841489498780022,0.6210451797015801,H,0.0
2018-19,2018-10-27,Watford,Huddersfield Town,H,1382.1794141307694,1338.897607885953,43.28180624481638,0.27228624058225487,0.23427846400154206,0.49343529541620307,H,0.0
2018-19,2018-10-27,Liverpool,Cardiff City,H,1637.2128479068285,1391.440036844829,245.77281106199962,0.13145564876345225,0.10433687775126738,0.7642074734852803,H,0.0
2018-19,2018-10-27,Southampton,Newcastle United,D,1371.0198076855725,1358.889272227026,12.130535458546547,0.2993918095611321,0.24711971593947832,0.45348847449938956,H,0.0
2018-19,2018-10-27,Fulham,Bournemouth,A,1377.7915234594861,1422.8115150017316,-45.01999154224541,0.35432929360987275,0.25943085655782067,0.3862398498323065,H,0.0
2018-19,2018-10-27,Brighton and Hove Albion,Wolverhampton Wanderers,H,1396.1616570457388,1433.8520674735823,-37.69041042784352,0.34686401607091066,0.25873932967365215,0.39439665425543713,H,0.0
2018-19,2018-10-27,Leicester City,West Ham,D,1428.3164988156273,1399.6640315340806,28.652467281546706,0.2847923739825552,0.24079141131846438,0.47441621469898043,H,0.0
2018-19,2018-10-28,Burnley,Chelsea,A,1392.582909575168,1598.79988866605,-206.21697909088198,0.5513642885960869,0.2110084920422198,0.23762721936169334,A,0.0
2018-19,2018-10-28,Crystal Palace,Arsenal,D,1384.756740326581,1574.7857308709554,-190.02899054437444,0.5292153504885476,0.22042752399770774,0.25035712551374467,A,0.0
2018-19,2018-10-28,Manchester United,Everton,H,1580.2602646819707,1450.5895724483728,129.67069223359795,0.20529601066786285,0.18297756506180668,0.6117264242703305,H,0.0
2018-19,2018-10-29,Tottenham,Manchester City,A,1652.9593616258965,1723.7547164289072,-70.7953548030107,0.3816452269479808,0.259704266771615,0.3586505062804043,A,0.0
2018-19,2018-11-03,West Ham,Burnley,H,1402.1616829508766,1383.7191906832281,18.442492267648504,0.29375247228923224,0.24483672188736127,0.4614108058234065,H,0.0
2018-19,2018-11-03,Newcastle United,Watford,H,1360.9360340854607,1391.8483600916127,-30.912326006151943,0.3400757481230733,0.25786056838699545,0.40206368348993127,H,0.0
2018-19,2018-11-03,Cardiff City,Leicester City,A,1387.7796534189613,1425.8188473988312,-38.03919397986988,0.3472163006931463,0.2587783476404517,0.394005351666402,H,0.0
2018-19,2018-11-03,Arsenal,Liverpool,D,1571.2086648051445,1640.8732313326962,-69.66456652755164,0.3804114050209855,0.2597629499255307,0.3598256450534837,A,0.0
2018-19,2018-11-03,Everton,Brighton and Hove Albion,H,1447.3000706408009,1402.53939141354,44.76067922726088,0.27104291560955984,0.2335756133557568,0.49538147103468333,H,0.0
2018-19,2018-11-03,Bournemouth,Manchester United,A,1436.9818261768444,1583.5497664895427,-146.56794031269828,0.471742348061564,0.2416518264018479,0.28660582553658814,A,0.0
2018-19,2018-11-03,Wolverhampton Wanderers,Tottenham,A,1427.4743331057812,1646.4525783413658,-218.9782452355846,0.5690050326137656,0.20313370742936876,0.22786125995686568,A,0.0
2018-19,2018-11-04,Chelsea,Crystal Palace,H,1607.66360755799,1388.3338063923918,219.32980116559816,0.14662236054923738,0.12135466749316276,0.7320229719575999,H,0.0
2018-19,2018-11-04,Manchester City,Southampton,H,1730.2614997134378,1368.9730458271376,361.2884538863002,0.07314864840779595,0.1,0.826851351592204,H,0.0
2018-19,2018-11-05,Huddersfield Town,Fulham,H,1329.2286619251097,1363.6212122843733,-34.39255035926362,0.3435475060605345,0.25834035104537334,0.39811214289409214,H,0.0
2018-19,2018-11-10,Cardiff City,Brighton and Hove Albion,H,1380.535886409874,1394.9239369063405,-14.388050496466576,0.3239761644217943,0.2547709069144789,0.4212529286637268,H,0.0
2018-19,2018-11-10,Huddersfield Town,West Ham,D,1335.5513362421611,1410.637657056609,-75.08632081444784,0.38635716663924186,0.25942275853400715,0.354220074826751,A,0.0
2018-19,2018-11-10,Crystal Palace,Tottenham,A,1384.9996293656457,1650.057793702424,-265.0581643367784,0.6331012928623025,0.17243982289076937,0.1944588842469281,A,0.0
2018-19,2018-11-10,Southampton,Watford,D,1366.471331650661,1385.5838690957,-19.112537445038924,0.3285155311398451,0.2557896966968817,0.4156947721632732,H,0.0
2018-19,2018-11-10,Newcastle United,Bournemouth,H,1367.2005250813734,1432.069792076577,-64.86926699520359,0.37521568358204294,0.2599398064036824,0.36484451001427465,A,0.0
2018-19,2018-11-10,Leicester City,Burnley,D,1433.0626144079185,1375.2432165774958,57.81939783042276,0.2602235923036775,0.22703881216154465,0.5127375955347778,H,0.0
2018-19,2018-11-11,Liverpool,Fulham,H,1640.5951344721643,1357.2985379673219,283.29659650484246,0.10955454851980916,0.1,0.7904454514801909,H,0.0
2018-19,2018-11-11,Manchester City,Manchester United,H,1732.7632138899144,1588.46180058981,144.3014133001043,0.19498450827170877,0.17296228244714512,0.6320532092811462,H,0.0
2018-19,2018-11-11,Chelsea,Everton,D,1610.997784584736,1454.9155251480004,156.08225943673574,0.18688784758871224,0.16479619571191664,0.6483159566993711,H,0.0
2018-19,2018-11-11,Arsenal,Wolverhampton Wanderers,D,1571.4867616656763,1423.8691177447229,147.61764392095347,0.19268674468965627,0.17067028287876268,0.636642972431581,H,0.0
2018-19,2018-11-24,Brighton and Hove Albion,Leicester City,D,1388.9364073979218,1429.795775047753,-40.859367649831256,0.3500755919020337,0.2590714414725257,0.3908529666254406,H,0.0
2018-19,2018-11-24,Everton,Cardiff City,H,1460.440261825942,1386.5234159182926,73.9168459076493,0.2472639688854337,0.21822958063878295,0.5345064504757834,H,0.0
2018-19,2018-11-24,Fulham,Southampton,H,1354.9290394583547,1365.2998987823376,-10.370859323982813,0.32015548759773776,0.25382077118523255,0.42602374121702974,H,0.0
2018-19,2018-11-24,Manchester United,Crystal Palace,D,1583.6004328912552,1382.092400834661,201.50803205659417,0.15741047580436865,0.13333239182836898,0.7092571323672624,H,0.0
2018-19,2018-11-24,Tottenham,Chelsea,H,1652.9650222334087,1605.4730479067946,47.49197432661413,0.2687564564024278,0.23225699072927108,0.4989865528683011,H,0.0
2018-19,2018-11-24,Watford,Liverpool,A,1386.7553019640236,1642.9646329811314,-256.20933101710784,0.6208233385785412,0.17852410029980956,0.20065256112164923,A,0.0
2018-19,2018-11-24,West Ham,Manchester City,A,1410.2037105347192,1737.6245815884693,-327.42087105375003,0.7168966506671168,0.12932174983300812,0.15378159949987497,A,0.0
2018-19,2018-11-25,Bournemouth,Arsenal,A,1425.2424928585879,1566.1335683750394,-140.89107551645156,0.464508677906072,0.24390567470215463,0.29158564739177334,A,0.0
2018-19,2018-11-25,Wolverhampton Wanderers,Huddersfield Town,A,1429.2223110353598,1335.985282764051,93.23702827130887,0.23222622854354,0.2067208349440049,0.5610529365124551,H,0.0
2018-19,2018-11-26,Burnley,Newcastle United,A,1378.5100559376613,1374.0278242993625,4.482231638298799,0.30633140277303134,0.2496541526004914,0.44401444462647727,H,0.0
2018-19,2018-11-30,Cardiff City,Wolverhampton Wanderers,H,1382.2812743191964,1414.3140847788095,-32.032810459613074,0.3411903702039798,0.25802160293505466,0.4007880268609656,H,0.0
2018-19,2018-12-01,Crystal Palace,Burnley,H,1388.4598553392443,1370.3233884709862,18.13646686825814,0.29402409441614963,0.2449513177902295,0.4610245877936209,H,0.0
2018-19,2018-12-01,Huddersfield Town,Brighton and Hove Albion,A,1350.8935090206012,1388.3860523838778,-37.49254336327658,0.346664293223828,0.25871692387505046,0.39461878290112157,H,0.0
2018-19,2018-12-01,Leicester City,Watford,H,1430.346130061797,1380.689438410291,49.65669165150621,0.26695325202665965,0.23119326229776146,0.5018534856755789,H,0.0
2018-19,2018-12-01,Manchester City,Bournemouth,H,1742.57333728222,1420.2180594334493,322.3552778487708,0.08969352915070572,0.1,0.8103064708492943,H,0.0
2018-19,2018-12-01,Newcastle United,West Ham,A,1382.2144917660376,1405.2549548409684,-23.040463074930813,0.3323280108124451,0.2565546533224148,0.4111173358651401,H,0.0
2018-19,2018-12-01,Southampton,Manchester United,D,1359.3797750209797,1577.232978386672,-217.85320336569225,0.5674450059665347,0.20384203656103916,0.22871295747242618,A,0.0
2018-19,2018-12-02,Arsenal,Tottenham,H,1571.158001800178,1660.4941040245142,-89.33610222433617,0.40234695653320973,0.2578240219728683,0.339829021493922,A,0.0
2018-19,2018-12-02,Chelsea,Fulham,H,1597.9439661156891,1360.8491632197126,237.0948028959765,0.13632057254993743,0.10980604659821484,0.7538733808518477,H,0.0
2018-19,2018-12-02,Liverpool,Everton,H,1649.0304965348641,1464.682403425038,184.3480931098261,0.1682165468761317,0.14512788460308418,0.6866555685207842,H,0.0
2018-19,2018-12-04,West Ham,Cardiff City,H,1420.4281662321923,1388.5645059092133,31.863660322979058,0.2820143971505789,0.23943217553988036,0.4785534273095407,H,0.0
2018-19,2018-12-04,Watford,Manchester City,A,1373.2284061753494,1744.483232205954,-371.2548260306046,0.7706135653947414,0.10094664522830565,0.12843978937695297,A,0.0
2018-19,2018-12-04,Bournemouth,Huddersfield Town,H,1418.3081645097154,1343.6372929131207,74.67087159659468,0.24666672859922054,0.21779840267324954,0.5355348687275299,H,0.0
2018-19,2018-12-04,Brighton and Hove Albion,Crystal Palace,H,1395.6422684913582,1396.9461251269324,-1.3038566355742205,0.3116610549307565,0.2513978479951197,0.4369410970741237,H,0.0
2018-19,2018-12-05,Fulham,Leicester City,D,1357.8117668681741,1437.8071622967386,-79.9953954285645,0.3918062417047063,0.25898682183761074,0.3492069364576829,A,0.0
2018-19,2018-12-05,Everton,Newcastle United,D,1462.1654450050057,1367.0412803748136,95.12416463019213,0.23078633179995595,0.20554941160866985,0.5636642565913743,H,0.0
2018-19,2018-12-05,Burnley,Liverpool,A,1361.837118683298,1651.5474549548965,-289.7103362715984,0.6669448045634067,0.15530337668660904,0.1777518187499844,A,0.0
2018-19,2018-12-05,Manchester United,Arsenal,D,1572.9783949490966,1582.6047307486567,-9.626335799560138,0.3194512842840841,0.25363628666483873,0.4269124290510772,H,0.0
2018-19,2018-12-05,Wolverhampton Wanderers,Chelsea,H,1408.0308531887927,1600.9813624672277,-192.950509278435,0.5331895061751525,0.21877986165709679,0.24803063216775076,A,0.0
2018-19,2018-12-05,Tottenham,Southampton,H,1649.0473750760355,1363.634358458555,285.4130166174805,0.10838769812683767,0.1,0.7916123018731623,H,0.0
2018-19,2018-12-08,Burnley,Brighton and Hove Albion,H,1357.7514645252074,1404.7844239014266,-47.032959376219196,0.3564025476741818,0.259573421836567,0.38402403048925116,H,0.0
2018-19,2018-12-08,West Ham,Crystal Palace,H,1428.459039996792,1387.803969716864,40.65507027992794,0.2745038962338314,0.23550726359663496,0.4899888401695336,H,0.0
2018-19,2018-12-08,Manchester United,Fulham,H,1571.5385990044788,1358.3866460538948,213.15195295058402,0.15031117325986376,0.12546777115221405,0.7242210555879222,H,0.0
2018-19,2018-12-08,Leicester City,Tottenham,A,1437.232283111018,1651.3896401587774,-214.15735704775943,0.5623261100551326,0.20615050858471975,0.23152338136014772,A,0.0
2018-19,2018-12-08,Bournemouth,Liverpool,A,1422.5363248360247,1655.633109112987,-233.09678427696235,0.5886349372514144,0.19404287191777375,0.2173221908308118,A,0.0
2018-19,2018-12-08,Cardiff City,Southampton,H,1380.5336321446136,1361.292093375813,19.241538768800638,0.2930441060509086,0.24453565069088293,0.4624202432582085,H,0.0
2018-19,2018-12-08,Arsenal,Huddersfield Town,H,1584.0445266932745,1339.4091325868114,244.63539410646308,0.13208696553414842,0.1050467023834966,0.762866332082355,H,0.0
2018-19,2018-12-08,Chelsea,Manchester City,H,1592.282697899213,1746.1777539126367,-153.89505601342375,0.48118179193726873,0.2385514789197826,0.2802667291429487,A,0.0
2018-19,2018-12-09,Newcastle United,Wolverhampton Wanderers,A,1371.2313197511512,1416.7295177568074,-45.49819800565615,0.35482091739836064,0.25946657735655637,0.38571250524508305,H,0.0
2018-19,2018-12-10,Everton,Watford,D,1457.975405628668,1371.5338844686667,86.44152116000146,0.23745336537498007,0.21087312295652494,0.551673511668495,H,0.0
2018-19,2018-12-15,Wolverhampton Wanderers,Bournemouth,H,1423.8038341872123,1414.6883129321982,9.115521255014073,0.3021133392577045,0.2481495719644288,0.4497370887778667,H,0.0
2018-19,2018-12-15,Manchester City,Everton,H,1733.2006234732535,1453.9935345831557,279.2070888900978,0.11183988938982475,0.1,0.7881601106101752,H,0.0
2018-19,2018-12-15,Tottenham,Burnley,H,1657.2293092790599,1364.2846877162401,292.94462156281975,0.10432197703101267,0.1,0.7956780229689874,H,0.0
2018-19,2018-12-15,Watford,Cardiff City,H,1375.515755514179,1385.8644345018993,-10.348678987720177,0.32013449092617163,0.2538153129223678,0.42605019615146056,H,0.0
2018-19,2018-12-15,Fulham,West Ham,A,1354.042154980881,1433.346444463641,-79.30428948276017,0.3910353387878561,0.25905552377812086,0.3499091374340229,A,0.0
2018-19,2018-12-15,Huddersfield Town,Newcastle United,A,1337.5678364891082,1364.1570033207463,-26.589166831638067,0.3358028913339967,0.25718107847437305,0.4070160301916302,H,0.0
2018-19,2018-12-15,Crystal Palace,Leicester City,H,1382.9165652500149,1431.3926139907355,-48.47604874072067,0.35789501718963573,0.25966302736700314,0.3824419554433612,H,0.0
2018-19,2018-12-16,Brighton and Hove Albion,Chelsea,A,1398.251200710394,1605.2598283385962,-207.00862762820225,0.5524547007857664,0.2105306964663381,0.23701460274789557,A,0.0
2018-19,2018-12-16,Liverpool,Manchester United,H,1663.4811210168136,1575.8830900774926,87.598030939321,0.23655908262006456,0.2101739970239727,0.5532669203559628,H,0.0
2018-19,2018-12-16,Southampton,Arsenal,H,1355.9612910185274,1585.8858227909777,-229.92453177245034,0.584217823791063,0.19611585685424465,0.2196663193546923,A,0.0
2018-19,2018-12-21,Wolverhampton Wanderers,Liverpool,A,1432.5964308579444,1669.809982850983,-237.21355199303866,0.594370264591235,0.19132923051518136,0.21430050489358374,A,0.0
2018-19,2018-12-22,Bournemouth,Brighton and Hove Albion,H,1405.895716261466,1394.4472021268884,11.448514134577636,0.30000585229968074,0.24735614678707032,0.45263800091324896,H,0.0
2018-19,2018-12-22,Chelsea,Leicester City,A,1609.0638269221017,1424.8354493991983,184.22837752290343,0.1682933544016571,0.1452108043932403,0.6864958412051025,H,0.0
2018-19,2018-12-22,Arsenal,Burnley,H,1576.7643137597452,1362.866614005578,213.8976997541672,0.14986300508920217,0.12496890326516648,0.7251680916456313,H,0.0
2018-19,2018-12-22,Cardiff City,Manchester United,A,1379.9446828979394,1569.5542282433232,-189.60954534538382,0.5286457080651629,0.2206620771128256,0.25069221482201154,A,0.0
2018-19,2018-12-22,Manchester City,Crystal Palace,A,1735.62354050879,1389.473729841552,346.14981066723794,0.07922289473043675,0.1,0.8207771052695633,H,0.0
2018-19,2018-12-22,Newcastle United,Fulham,D,1371.6622781872536,1344.026843969837,27.63543421741656,0.2856761460976907,0.2412133786905273,0.473110475211782,H,0.0
2018-19,2018-12-22,West Ham,Watford,A,1443.361755474685,1381.435507118139,61.92624835654601,0.2568786337881609,0.2248662434175817,0.5182551227942575,H,0.0
2018-19,2018-12-22,Huddersfield Town,Southampton,A,1330.062561622601,1365.08280004976,-35.02023842715903,0.34417673548167316,0.25842047165337384,0.39740279286495306,H,0.0
2018-19,2018-12-23,Everton,Tottenham,A,1451.5706175476191,1658.647382989722,-207.0767654421029,0.552548580817772,0.21048950240339936,0.23696191677882852,A,0.0
2018-19,2018-12-26,Manchester United,Huddersfield Town,H,1579.08690786157,1318.4724170977559,260.61449076381405,0.12275073301587561,0.1,0.7772492669841244,H,0.0
2018-19,2018-12-26,Tottenham,Bournemouth,H,1667.4773200599745,1414.6085716087343,252.8687484512402,0.12755454830705837,0.1,0.7724454516929417,H,0.0
2018-19,2018-12-26,Leicester City,Manchester City,H,1435.1087304936646,1724.6996608113834,-289.59093031771886,0.6667826348869781,0.15538657621642296,0.17783078889659887,A,0.0
2018-19,2018-12-26,Liverpool,Newcastle United,H,1675.0659784601598,1369.1920932386756,305.8738852214842,0.09765138237679917,0.1,0.8023486176232009,H,0.0
2018-19,2018-12-26,Burnley,Everton,A,1359.4369686183584,1442.7406804773666,-83.30371185900822,0.3955136980012492,0.25862477899809644,0.34586152300065437,A,0.0
2018-19,2018-12-26,Brighton and Hove Albion,Arsenal,D,1385.7343467796202,1580.1939591469647,-194.45961236734456,0.5352466601066264,0.2179193660469388,0.24683397384643485,A,0.0
2018-19,2018-12-26,Crystal Palace,Cardiff City,D,1400.3976095389587,1370.4120032796927,29.98560625926598,0.28363679779269296,0.24023205883338986,0.4761311433739172,H,0.0
2018-19,2018-12-26,Fulham,Wolverhampton Wanderers,D,1346.497028918415,1427.3404352487676,-80.84340633035254,0.3927538578604942,0.2588992471294282,0.34834689501007754,A,0.0
2018-19,2018-12-26,Watford,Chelsea,A,1395.7239743050245,1598.7905458276355,-203.06657152261096,0.5470309566938135,0.21289485172079692,0.24007419158538953,A,0.0
2018-19,2018-12-27,Southampton,West Ham,A,1376.672944574605,1429.0732882877994,-52.40034371319439,0.3619797676534476,0.25985339836127114,0.3781668339852812,H,0.0
2018-19,2018-12-29,Brighton and Hove Albion,Everton,H,1389.4221082934478,1457.2093102641861,-67.78720197073835,0.37837024504984196,0.2598460755245286,0.3617836794256294,A,0.0
2018-19,2018-12-29,Fulham,Huddersfield Town,H,1347.0962316945343,1315.7930320062223,31.303199688311906,0.28249789186552327,0.2396723308986811,0.4778297772357956,H,0.0
2018-19,2018-12-29,Leicester City,Cardiff City,A,1444.779843226067,1372.945597225308,71.8342460007591,0.24891800837290257,0.21941226467095715,0.5316697269561403,H,0.0
2018-19,2018-12-29,Liverpool,Arsenal,H,1678.1322003517328,1576.5061976331372,101.6260027185956,0.22586379515497784,0.2014567167963635,0.5726794880486586,H,0.0
2018-19,2018-12-29,Tottenham,Wolverhampton Wanderers,A,1672.0325626945562,1426.7412324726483,245.29133022190786,0.1317226583458683,0.10463708954216926,0.7636402521119625,H,0.0
2018-19,2018-12-29,Watford,Newcastle United,D,1391.8529574928666,1366.1258713471027,25.727086145763906,0.2873396156958575,0.24199395612193342,0.4706664281822091,H,0.0
2018-19,2018-12-30,Burnley,West Ham,H,1344.9683388315389,1435.9915699732112,-91.02323114167234,0.40427495522324536,0.2575677505399814,0.3381572942367732,A,0.0
2018-19,2018-12-30,Crystal Palace,Chelsea,A,1397.8640155933435,1602.6615626397934,-204.79754704644984,0.5494106694200868,0.21186140655330996,0.23872792402660326,A,0.0
2018-19,2018-12-30,Manchester United,Bournemouth,H,1581.7662929531034,1410.0533289741527,171.7129639789507,0.17643021480514268,0.15390822118119493,0.6696615640136624,H,0.0
2018-19,2018-12-30,Southampton,Manchester City,A,1369.7546628891932,1715.028548078981,-345.27388518978773,0.7394334946019797,0.11744186575383934,0.14312463964418096,A,0.0
2018-19,2019-01-01,Everton,Leicester City,A,1450.3343408957298,1435.6361487810311,14.698192114698713,0.2970883445086356,0.2462115688413393,0.4567000866500251,H,0.0
2018-19,2019-01-01,Cardiff City,Tottenham,A,1382.0892916703438,1655.1726146046187,-273.083322934275,0.6441879780922751,0.16688054985588005,0.18893147205184482,A,0.0
2018-19,2019-01-01,Arsenal,Fulham,H,1567.803772238146,1352.1747142544707,215.62905798367524,0.1488255624441501,0.12381315894837533,0.7273612786074746,H,0.0
2018-19,2019-01-02,Bournemouth,Watford,D,1404.6904068146669,1389.4344172455037,15.255989569163148,0.2965896574136398,0.2460105363539399,0.4573998062324203,H,0.0
2018-19,2019-01-02,Chelsea,Southampton,D,1606.503057391898,1366.674783626632,239.82827376526598,0.13477622164835448,0.10807023085071298,0.7571535475009326,H,0.0
2018-19,2019-01-02,Huddersfield Town,Burnley,A,1310.714549446286,1356.457482109214,-45.74293266292807,0.35507273652231985,0.25948441196891164,0.38544285150876845,H,0.0
2018-19,2019-01-02,Newcastle United,Manchester United,A,1368.5444115944656,1587.1292151125892,-218.58480351812364,0.5684593814317475,0.20338171068709604,0.22815890788115648,A,0.0
2018-19,2019-01-02,West Ham,Brighton and Hove Albion,D,1424.502426695536,1396.297077661904,28.205349033632046,0.28518067161160376,0.24097742949686146,0.47384189889153483,H,0.0
2018-19,2019-01-02,Wolverhampton Wanderers,Crystal Palace,A,1443.6011805625858,1394.022520841239,49.57865972134687,0.26701811587087004,0.23123188960455254,0.5017499945245775,H,0.0
2018-19,2019-01-03,Manchester City,Liverpool,H,1718.1084273415422,1686.834625746724,31.273801594818224,0.28252326858491333,0.23968489393344444,0.4777918374816423,H,0.0
2018-19,2019-01-12,Brighton and Hove Albion,Liverpool,A,1398.7826589161593,1681.755536147719,-282.9728772315598,0.6577638789852243,0.15999858806111422,0.18223753295366155,A,0.0
2018-19,2019-01-12,Leicester City,Southampton,A,1443.9795900385614,1373.6526573043566,70.32693273420477,0.25011926750079333,0.22026060689077692,0.5296201256084297,H,0.0
2018-19,2019-01-12,Crystal Palace,Watford,A,1408.0470394199788,1391.5672076434114,16.47983177656738,0.295497640744977,0.24556480461004548,0.45893755464497754,H,0.0
2018-19,2019-01-12,Chelsea,Newcastle United,H,1599.5251837141734,1362.8201039581695,236.7050797560039,0.13654164987288167,0.11005448197057688,0.7534038681565415,H,0.0
2018-19,2019-01-12,Cardiff City,Huddersfield Town,D,1376.4960134945475,1303.6457788688003,72.85023462574713,0.24811026827366128,0.21883681395694024,0.5330529177693984,H,0.0
2018-19,2019-01-12,Burnley,Fulham,H,1363.5262526866995,1347.8856881048791,15.6405645818204,0.29624619130946245,0.24587115936335158,0.457882649327186,H,0.0
2018-19,2019-01-12,West Ham,Arsenal,H,1422.0168454412808,1572.0927983877375,-150.0759529464567,0.47624750064592664,0.2401938969545198,0.28355860239955355,A,0.0
2018-19,2019-01-13,Everton,Bournemouth,H,1441.9908996381996,1402.5576164167592,39.43328322144043,0.2755394909884202,0.2360701751883928,0.48839033382318703,H,0.0
2018-19,2019-01-13,Tottenham,Manchester United,A,1660.765892780415,1592.8535227488853,67.91237003152969,0.2520508330632482,0.22160591149667505,0.5263432554400768,H,0.0
2018-19,2019-01-14,Manchester City,Wolverhampton Wanderers,H,1723.187516940547,1429.576661983846,293.61085495670113,0.10396878331540481,0.1,0.7960312166845952,H,0.0
2018-19,2019-01-19,Wolverhampton Wanderers,Leicester City,H,1426.750871842226,1434.8551811142518,-8.10430927202583,0.3180154467370098,0.25325103091624185,0.4287335223467483,H,0.0
2018-19,2019-01-19,Watford,Burnley,D,1399.9376037493703,1368.933622288042,31.003981461328294,0.282756253385696,0.2398000410578164,0.47744370555648763,H,0.0
2018-19,2019-01-19,Southampton,Everton,H,1382.7770662286662,1449.7764512221668,-66.9993849935006,0.3775163897927898,0.2598756375499306,0.3626079726572796,A,0.0
2018-19,2019-01-19,Newcastle United,Cardiff City,H,1360.8997694114132,1372.8483422449704,-11.948572833557137,0.3216517756339381,0.2542030589249442,0.4241451654411177,H,0.0
2018-19,2019-01-19,Liverpool,Crystal Palace,H,1684.4203321822406,1399.6766433140199,284.7436888682207,0.10875555562562456,0.1,0.7912444443743755,H,0.0
2018-19,2019-01-19,Bournemouth,West Ham,H,1394.772064832792,1430.1512575453473,-35.37919271255532,0.3445369946054057,0.25846540725018236,0.3969975981444119,H,0.0
2018-19,2019-01-19,Arsenal,Chelsea,H,1563.958386283671,1601.4455182609297,-37.48713197725874,0.3466588324101717,0.2587163083559939,0.3946248592338344,H,0.0
2018-19,2019-01-19,Manchester United,Brighton and Hove Albion,H,1601.9468202711432,1396.1178628816378,205.82895738950538,0.1547537844374851,0.1303982726204199,0.714847942942095,H,0.0
2018-19,2019-01-20,Fulham,Tottenham,A,1342.4783185035367,1651.6725952581571,-309.19427675462043,0.6930989014695317,0.14177735779512246,0.1651237407353459,A,0.0
2018-19,2019-01-20,Huddersfield Town,Manchester City,A,1307.2934501183775,1726.013307082167,-418.71985696378965,0.7987052583227742,0.1,0.1012947416772259,A,0.0
2018-19,2019-01-29,Newcastle United,Manchester City,H,1372.79296231702,1728.6348893064792,-355.8419269894591,0.7523623724747324,0.1106055475591846,0.13703207996608308,A,0.0
2018-19,2019-01-29,Manchester United,Burnley,D,1604.2027952272633,1371.494625480435,232.7081697468284,0.13882178228897044,0.11261576366416075,0.7485624540468688,H,0.0
2018-19,2019-01-29,Wolverhampton Wanderers,West Ham,H,1432.6329682141438,1420.1039344046312,12.529033809512612,0.2990334584715838,0.24698063779200408,0.4539859037364121,H,0.0
2018-19,2019-01-29,Fulham,Brighton and Hove Albion,H,1340.139732211464,1393.8618879255177,-53.72215571405377,0.3633642853062641,0.25989995142716443,0.37673576326657143,H,0.0
2018-19,2019-01-29,Arsenal,Cardiff City,H,1574.0614805921402,1360.9551493393635,213.10633125277673,0.15033861592531564,0.12549831013412363,0.7241630739405608,H,0.0
2018-19,2019-01-29,Huddersfield Town,Everton,A,1304.6718678940654,1442.9143385222606,-138.24247062819518,0.46115834522197746,0.24491166769820058,0.29392998707982193,A,0.0
2018-19,2019-01-30,Liverpool,Leicester City,D,1685.9035518765131,1428.9730847423339,256.93046713417925,0.12501624027823938,0.1,0.7749837597217607,H,0.0
2018-19,2019-01-30,Bournemouth,Chelsea,H,1404.8193879735081,1591.3424239524604,-186.5230359789523,0.5244614220268764,0.2223722408161155,0.2531663371570081,A,0.0
2018-19,2019-01-30,Tottenham,Watford,H,1654.0111815502298,1397.3766005569773,256.6345809932525,0.12519970980058268,0.1,0.7748002901994173,H,0.0
2018-19,2019-01-30,Southampton,Crystal Palace,D,1389.6391789285724,1398.1934236197474,-8.554244691174972,0.31843937849921183,0.253366051240119,0.42819457026066915,H,0.0
2018-19,2019-02-02,Tottenham,Newcastle United,H,1655.73820561585,1382.8872760459546,272.85092956989524,0.11547302823081028,0.1,0.7845269717691897,H,0.0
2018-19,2019-02-02,Everton,Wolverhampton Wanderers,A,1447.9916607803166,1443.5809179602954,4.410742820021142,0.30639682845887556,0.24967661859983173,0.44392655294129274,H,0.0
2018-19,2019-02-02,Crystal Palace,Fulham,H,1399.663423637075,1350.6702217476602,48.99320188941488,0.2675051012809888,0.2315210301727938,0.5009738685462174,H,0.0
2018-19,2019-02-02,Chelsea,Huddersfield Town,H,1571.3298446414642,1299.5945456360093,271.73529900545486,0.11612100354284786,0.1,0.7838789964571522,H,0.0
2018-19,2019-02-02,Cardiff City,Bournemouth,H,1358.7823902618015,1424.8319672845043,-66.0495770227028,0.3764890814513399,0.25990709356257347,0.3636038249860866,A,0.0
2018-19,2019-02-02,Burnley,Southampton,D,1378.365839175594,1388.1691789112447,-9.803339735650752,0.31961859263102893,0.25368038294494993,0.4267010244240212,H,0.0
2018-19,2019-02-02,Brighton and Hove Albion,Watford,D,1383.3313983893215,1395.6495764913573,-12.318178102035745,0.3220030975578987,0.2542909119667593,0.42370599047534196,H,0.0
2018-19,2019-02-03,Leicester City,Manchester United,A,1436.194946069484,1597.3315815321043,-161.13663546262023,0.4906196893514734,0.2352838772177924,0.2740964334307342,A,0.0
2018-19,2019-02-03,Manchester City,Arsenal,H,1718.5405755775446,1576.2342396697022,142.30633590784237,0.19637388625793514,0.1743379333201547,0.6292881804219101,H,0.0
2018-19,2019-02-04,West Ham,Liverpool,D,1409.1559846584796,1678.6816905493629,-269.5257058908833,0.6392798781238019,0.16934883815434015,0.19137128372185785,A,0.0
2018-19,2019-02-06,Everton,Manchester City,A,1435.0178591639785,1723.4489178369129,-288.43105867293434,0.6652063159359202,0.1561948096993819,0.17859887436469793,A,0.0
2018-19,2019-02-09,Liverpool,Bournemouth,H,1673.2894318615315,1413.9803650588601,259.3090668026714,0.1235495281709775,0.1,0.7764504718290225,H,0.0
2018-19,2019-02-09,Watford,Everton,H,1397.013417894788,1430.9062858296172,-33.892867934829155,0.34304726903640786,0.2582751665087497,0.3986775644548424,H,0.0
2018-19,2019-02-09,Brighton and Hove Albion,Burnley,A,1381.9675569858907,1376.931032567997,5.0365244178938156,0.30582447729526163,0.2494791846545472,0.44469633805019115,H,0.0
2018-19,2019-02-09,Huddersfield Town,Arsenal,A,1295.479272207865,1571.325897410334,-275.8466252024689,0.6479919407300821,0.16496007108937466,0.18704798818054316,A,0.0
2018-19,2019-02-09,Fulham,Manchester United,A,1343.188370530665,1601.9613594114116,-258.77298888074665,0.6243851002902969,0.1767674347242788,0.1988474649854243,A,0.0
2018-19,2019-02-09,Crystal Palace,West Ham,D,1407.1452748540703,1414.548243346311,-7.402968492240689,0.31735551520894684,0.253069850604172,0.4295746341868812,H,0.0
2018-19,2019-02-09,Southampton,Cardiff City,A,1389.6039855188417,1369.633992487446,19.96999303139569,0.29239939111727975,0.24425884620834423,0.463341762674376,H,0.0
2018-19,2019-02-10,Manchester City,Chelsea,H,1727.5604911712742,1575.4451180696085,152.11537310166568,0.18959362923825362,0.1675526339223439,0.6428537368394025,H,0.0
2018-19,2019-02-10,Tottenham,Leicester City,H,1657.32061280229,1431.5651681901768,225.75544461211325,0.14284349733869053,0.11712691091147795,0.7400295917498315,H,0.0
2018-19,2019-02-11,Wolverhampton Wanderers,Newcastle United,D,1456.5547195766335,1381.3048688595145,75.24985071711899,0.24620871967714075,0.21746626166112307,0.5363250186617362,H,0.0
2018-19,2019-02-22,Cardiff City,Watford,A,1378.0568491004847,1403.3277430565229,-25.270893956038208,0.3345086401828921,0.256955573750851,0.4085357860662569,H,0.0
2018-19,2019-02-22,West Ham,Fulham,H,1416.0506478090135,1337.1961578871942,78.85448992181932,0.24336853616893084,0.2153780423870674,0.5412534214440018,H,0.0
2018-19,2019-02-23,Bournemouth,Wolverhampton Wanderers,D,1410.5755493967363,1452.8473228885312,-42.271773491794875,0.35151485004759103,0.25920322138572577,0.38928192856668314,H,0.0
2018-19,2019-02-23,Burnley,Tottenham,H,1389.920225064121,1660.5447410584334,-270.62451599431233,0.6407970151136634,0.16858705585653802,0.1906159290297986,A,0.0
2018-19,2019-02-23,Leicester City,Crystal Palace,A,1428.3410399340335,1405.6428703913678,22.69816954266571,0.28999384282341667,0.24320255266544027,0.4668036045111431,H,0.0
2018-19,2019-02-23,Newcastle United,Huddersfield Town,H,1385.0122655476168,1292.7199640869458,92.29230146067107,0.23294896030791407,0.20730435484576867,0.5597466848463173,H,0.0
2018-19,2019-02-24,Manchester United,Liverpool,D,1607.9535720548824,1676.6942475236553,-68.7406754687729,0.3794057745659476,0.2598060894751621,0.36078813595889025,A,0.0
2018-19,2019-02-24,Arsenal,Southampton,H,1574.0852055312532,1381.181128905803,192.90407662545022,0.16277791119521257,0.13922170283197216,0.6980003859728152,H,0.0
2018-19,2019-02-26,Cardiff City,Everton,A,1360.5600203718695,1424.5919606678824,-64.03194029601286,0.3743144803820043,0.25995872689867855,0.3657267927193172,A,0.0
2018-19,2019-02-26,Huddersfield Town,Wolverhampton Wanderers,H,1286.5229649259452,1453.3571398803078,-166.83417495436265,0.498117053920546,0.23257698076516814,0.2693059653142859,A,0.0
2018-19,2019-02-26,Leicester City,Brighton and Hove Albion,H,1411.4139545966993,1368.9783644897666,42.43559010693275,0.27299936637337935,0.23467707927874018,0.4923235543478805,H,0.0
2018-19,2019-02-26,Newcastle United,Burnley,H,1391.2092647086174,1399.4344866841948,-8.22522197557737,0.31812932818681666,0.25328203399626725,0.4285886378169161,H,0.0
2018-19,2019-02-27,Crystal Palace,Manchester United,A,1422.5699557287019,1608.2050958561774,-185.63514012747555,0.5232602200058932,0.22285897355656906,0.25388080643753774,A,0.0
2018-19,2019-02-27,Arsenal,Bournemouth,H,1577.9053167056927,1410.0657324049596,167.83958430073312,0.17899125198548888,0.15660699975656986,0.6644017482579412,H,0.0
2018-19,2019-02-27,Chelsea,Tottenham,H,1567.1545594242143,1651.0304794383596,-83.87592001414532,0.396157821117924,0.2585566045674211,0.3452855743146549,A,0.0
2018-19,2019-02-27,Southampton,Fulham,H,1377.3610177313635,1330.616784923035,46.744232808328434,0.26938115758724523,0.23262061507370863,0.4979982273390461,H,0.0
2018-19,2019-02-27,Liverpool,Watford,H,1676.4427237223604,1420.824571785138,255.61815193722236,0.12583168513734416,0.1,0.7741683148626558,H,0.0
2018-19,2019-02-27,Manchester City,West Ham,H,1735.8510498166684,1422.6300207731726,313.2210290434957,0.09402997440245642,0.1,0.8059700255975436,H,0.0
2018-19,2019-03-02,Tottenham,Arsenal,D,1639.721722835308,1584.2524327841159,55.46929005119205,0.2621499264237611,0.22825764667430654,0.5095924269019324,H,0.0
2018-19,2019-03-02,Wolverhampton Wanderers,Cardiff City,H,1444.9932771790525,1347.2454726207345,97.74780455831797,0.2287928391470003,0.20390826406877188,0.5672988967842277,H,0.0
2018-19,2019-03-02,Manchester United,Southampton,H,1614.8245646379708,1384.9136889641554,229.91087567381533,0.1404314129294238,0.11442244951346268,0.7451461375571135,H,0.0
2018-19,2019-03-02,West Ham,Newcastle United,H,1421.3621608881674,1400.535381950734,20.826778937433346,0.29164239848228535,0.24393044263919292,0.4644271588785217,H,0.0
2018-19,2019-03-02,Brighton and Hove Albion,Huddersfield Town,H,1364.1268751798818,1294.8868276272005,69.24004755268129,0.25098762595260476,0.22086827770922615,0.5281440963381692,H,0.0
2018-19,2019-03-02,Burnley,Crystal Palace,A,1390.1083694420781,1415.9504869469085,-25.842117504830412,0.3350689594638381,0.2570543346046298,0.40787670593153214,H,0.0
2018-19,2019-03-02,Bournemouth,Manchester City,A,1403.7186163265364,1737.1189097016736,-333.40029337513715,0.7245365843567207,0.1253015740172434,0.15016184162603588,A,0.0
2018-19,2019-03-03,Everton,Liverpool,D,1437.9065084190174,1680.931407935299,-243.0248995162815,0.6024686499725116,0.1874573987667896,0.21007395126069883,A,0.0
2018-19,2019-03-03,Fulham,Chelsea,A,1323.0641136902432,1578.463316027266,-255.39920233702287,0.6196971485548218,0.1790780572105721,0.2012247942346061,A,0.0
2018-19,2019-03-03,Watford,Leicester City,H,1416.3358875721995,1416.265443906584,0.07044366561535753,0.3103888379554762,0.25099745041846255,0.4386137116260612,H,0.0
2018-19,2019-03-09,Huddersfield Town,Bournemouth,A,1290.557313891261,1401.651925261112,-111.09461136985101,0.42777430908712993,0.25345515681277564,0.31877053410009437,A,0.0
2018-19,2019-03-09,Manchester City,Watford,H,1739.185600767098,1422.0805478362254,317.1050529308727,0.09216385815900652,0.1,0.8078361418409935,H,0.0
2018-19,2019-03-09,Newcastle United,Everton,H,1392.1394027722356,1442.7357284268824,-50.59632565464676,0.3600972215862686,0.2597755699296044,0.380127208484127,H,0.0
2018-19,2019-03-09,Southampton,Tottenham,H,1382.9233572663986,1636.5154390359044,-253.59208176950574,0.6171839889962607,0.180311619087214,0.2025043919165253,A,0.0
2018-19,2019-03-09,Crystal Palace,Brighton and Hove Albion,A,1427.8731871342245,1368.4563889158214,59.41679821840307,0.25891932929839023,0.22620014137110422,0.5148805293305055,H,0.0
2018-19,2019-03-09,Leicester City,Fulham,H,1410.5207836425582,1320.0194757511033,90.50130789145487,0.23432259376346948,0.2084051327421672,0.5572722734943634,H,0.0
2018-19,2019-03-09,Cardiff City,West Ham,H,1341.1993899494069,1429.7581400666659,-88.55875011725902,0.401461105094315,0.2579373602463246,0.3406015346593604,A,0.0
2018-19,2019-03-10,Arsenal,Manchester United,H,1587.4587165835194,1616.8148963357276,-29.356179752208163,0.3385326581969423,0.25762660835347573,0.403840733449582,H,0.0
2018-19,2019-03-10,Chelsea,Wolverhampton Wanderers,D,1581.507953966406,1451.0393598503802,130.46859411602577,0.20472632932974558,0.18243637839292512,0.6128372922773293,H,0.0
2018-19,2019-03-10,Liverpool,Burnley,H,1676.102187927434,1378.1856692547622,297.9165186726718,0.10171119195648058,0.1,0.7982888080435194,H,0.0
2018-19,2019-03-16,Bournemouth,Newcastle United,D,1410.5829578546668,1398.731701639595,11.851256215071771,0.2996431404917965,0.24721677563977648,0.45314008386842697,H,0.0
2018-19,2019-03-16,Burnley,Leicester City,A,1375.9986860719112,1416.7678739108262,-40.76918783891506,0.3499838626211856,0.2590626870054023,0.39095345037341217,H,0.0
2018-19,2019-03-16,West Ham,Huddersfield Town,H,1418.330988913313,1281.626281297706,136.70470761560682,0.20030308191576157,0.17818508660333285,0.6215118314809056,H,0.0
2018-19,2019-03-17,Everton,Chelsea,H,1436.143429559523,1576.516159417801,-140.37272985827803,0.46385175305517096,0.24410485922470376,0.29204338772012534,A,0.0
2018-19,2019-03-17,Fulham,Liverpool,A,1313.7723854828353,1678.289171110285,-364.51678562744974,0.7627262447583951,0.10512084659114651,0.13215290865045845,A,0.0
2018-19,2019-03-30,Manchester United,Watford,H,1606.927183551365,1420.1139573899802,186.81322616138482,0.16663930306593994,0.14342199701144248,0.6899386999226176,H,0.0
2018-19,2019-03-30,Fulham,Manchester City,A,1312.016141187084,1741.1521912133433,-429.1360500262592,0.8039714242380228,0.1,0.0960285757619772,A,0.0
2018-19,2019-03-30,Leicester City,Bournemouth,H,1423.9495298973643,1408.543898821343,15.405631076021336,0.29645597733350104,0.24595637859925656,0.4575876440672424,H,0.0
2018-19,2019-03-30,Burnley,Wolverhampton Wanderers,H,1368.817030085373,1456.031154398985,-87.21412431361205,0.399932501337559,0.2581263323957531,0.3419411662666879,A,0.0
2018-19,2019-03-30,West Ham,Everton,A,1421.5121665257518,1448.8178978376623,-27.30573131191045,0.3365080939359304,0.25730007376239444,0.4061918323016751,H,0.0
2018-19,2019-03-30,Brighton and Hove Albion,Southampton,A,1377.4381108811851,1392.2826201979258,-14.844509316740641,0.3244125555897955,0.25487400946989996,0.4207134349403045,H,0.0
2018-19,2019-03-30,Crystal Palace,Huddersfield Town,H,1418.8914651688608,1278.4451036852672,140.4463614835936,0.19767392943275497,0.17561798316501578,0.6267080874022293,H,0.0
2018-19,2019-03-31,Cardiff City,Chelsea,A,1352.6265411027598,1563.8416911396616,-211.21515003690183,0.5582581942233735,0.20796725487474715,0.23377455090187946,A,0.0
2018-19,2019-03-31,Liverpool,Tottenham,H,1680.0454154060362,1627.1561761043772,52.88923930165902,0.2642751092617641,0.22957475307142675,0.5061501376668092,H,0.0
2018-19,2019-04-01,Arsenal,Newcastle United,H,1597.346429367882,1400.7707606729189,196.57566869496304,0.1604749067503139,0.13670154574903606,0.7028235475006501,H,0.0
2018-19,2019-04-02,Watford,Fulham,H,1417.6281342589039,1310.0543984780838,107.57373578082002,0.22141230620944066,0.1976412534529688,0.5809464403375906,H,0.0
2018-19,2019-04-02,Wolverhampton Wanderers,Manchester United,H,1444.6379195951151,1609.4130066824414,-164.77508708732626,0.49540045183851156,0.23356872716917312,0.27103082099231535,A,0.0
2018-19,2019-04-03,Manchester City,Cardiff City,H,1743.1139339223434,1348.893212066213,394.22072185613047,0.06137822568909603,0.1,0.838621774310904,H,0.0
2018-19,2019-04-03,Chelsea,Brighton and Hove Albion,H,1567.5750201762085,1369.6632690299134,197.91175114629505,0.15964147578348006,0.13578695959285705,0.7045715646236629,H,0.0
2018-19,2019-04-03,Tottenham,Crystal Palace,H,1622.5124772086024,1423.8439063087696,198.66857089983273,0.1591704795025727,0.13526952002996614,0.7055600004674611,H,0.0
2018-19,2019-04-05,Southampton,Liverpool,A,1400.0574620491975,1684.689114301811,-284.63165225261355,0.660029811713419,0.15884267644694391,0.18112751183963702,A,0.0
2018-19,2019-04-06,Bournemouth,Burnley,A,1399.9654727166646,1380.210264889243,19.7552078274216,0.29258937982165767,0.24434069285678656,0.4630699273215557,H,0.0
2018-19,2019-04-06,Huddersfield Town,Leicester City,A,1273.4926625453584,1432.5279560020426,-159.03529345668426,0.4878702632309487,0.23625234329152087,0.27587739347753043,A,0.0
2018-19,2019-04-06,Newcastle United,Crystal Palace,A,1397.021443751391,1420.1344638240396,-23.113020072648624,0.3323987673183827,0.25656807789976266,0.41103315478185465,H,0.0
2018-19,2019-04-07,Everton,Arsenal,H,1460.6874709542953,1601.0957462894098,-140.40827533511447,0.46389678226998143,0.24409123588980056,0.29201198184021804,A,0.0
2018-19,2019-04-08,Chelsea,West Ham,H,1572.27395970282,1409.6425934091187,162.63136629370138,0.18246652136184818,0.1602365419879693,0.6572969366501825,H,0.0
2018-19,2019-04-12,Leicester City,Newcastle United,A,1441.8678063605182,1389.436502096501,52.43130426401717,0.26465345242100585,0.229806197993847,0.5055403495851472,H,0.0
2018-19,2019-04-13,Tottenham,Huddersfield Town,H,1626.2219196933324,1264.1528121868828,362.06910750644965,0.07284721724043985,0.1,0.8271527827595602,H,0.0
2018-19,2019-04-13,Southampton,Wolverhampton Wanderers,H,1395.8681539021895,1452.974183933518,-57.10603003132837,0.36692869408407935,0.25997873606326094,0.3730925698526597,H,0.0
2018-19,2019-04-13,Manchester United,West Ham,H,1601.0767423440386,1405.197024119411,195.8797182246276,0.16091001081175205,0.1371784864376251,0.7019115027506229,H,0.0
2018-19,2019-04-13,Fulham,Everton,H,1302.7600633885843,1468.6846807996917,-165.92461741110742,0.4969160838412546,0.23301692223304799,0.2700669939256974,A,0.0
2018-19,2019-04-13,Brighton and Hove Albion,Bournemouth,A,1364.9643295033018,1386.6206567889274,-21.656327285625594,0.33098053567639013,0.2562936469465583,0.41272581737705155,H,0.0
2018-19,2019-04-13,Burnley,Cardiff City,H,1393.5550808169803,1347.6224564863428,45.93262433063751,0.2700602883925163,0.23301306218522388,0.49692664942225984,H,0.0
2018-19,2019-04-14,Crystal Palace,Manchester City,A,1427.7194054789295,1744.3846895022136,-316.66528402328413,0.7029409131948864,0.13664015830649115,0.16041892849862255,A,0.0
2018-19,2019-04-14,Liverpool,Chelsea,H,1688.878422448819,1576.7195289925278,112.15889345629125,0.21801381508123452,0.1946574508969692,0.5873287340217963,H,0.0
2018-19,2019-04-15,Watford,Arsenal,A,1424.9224693484034,1593.0985364440135,-168.17606709561005,0.49989164453483087,0.23192259801524082,0.2681857574499283,A,0.0
2018-19,2019-04-16,Brighton and Hove Albion,Cardiff City,A,1345.2711585108345,1340.0441325611005,5.22702594973407,0.30565040077254624,0.24941873370591341,0.4449308655215404,H,0.0
2018-19,2019-04-20,Wolverhampton Wanderers,Brighton and Hove Albion,D,1442.355207811684,1332.2772849483342,110.07792286334984,0.21955265544027314,0.19601599851221682,0.58443134604751,H,0.0
2018-19,2019-04-20,Newcastle United,Southampton,H,1398.324058870395,1406.4871300240234,-8.16307115362838,0.31807078756395296,0.25326610653792714,0.4286631058981199,H,0.0
2018-19,2019-04-20,West Ham,Leicester City,D,1402.8230541263408,1432.9802495866243,-30.157195460283447,0.3393262410075398,0.2577485336697935,0.40292522532266667,H,0.0
2018-19,2019-04-20,Huddersfield Town,Watford,A,1261.9156033762654,1420.425759431739,-158.51015605547354,0.4871845223922285,0.23649180504209724,0.2763236725656743,A,0.0
2018-19,2019-04-20,Bournemouth,Fulham,A,1406.3138277813946,1315.997183140823,90.31664464057167,0.2344644852864308,0.20851821916991242,0.5570172955436568,H,0.0
2018-19,2019-04-20,Manchester City,Tottenham,H,1747.9535982018542,1628.4591285039498,119.49446969790438,0.21263618939547346,0.18981504302356617,0.5975487675809604,H,0.0
2018-19,2019-04-21,Arsenal,Crystal Palace,A,1597.595246360678,1424.150496779289,173.44474958138903,0.17529169294653488,0.15270221621959165,0.6720060908338734,H,0.0
2018-19,2019-04-21,Cardiff City,Liverpool,A,1353.0380061236008,1694.5379844626902,-341.49997833908947,0.734739715457799,0.11992081529779473,0.14533946924440624,A,0.0
2018-19,2019-04-21,Everton,Manchester United,H,1455.447561047453,1603.4507123371088,-148.00315128965576,0.4735823201447285,0.24106128954891856,0.2853563903063529,A,0.0
2018-19,2019-04-22,Chelsea,Burnley,D,1571.0599669786566,1401.1334047422226,169.92656223643394,0.17760886452328384,0.15515271843141906,0.6672384170452971,H,0.0
2018-19,2019-04-23,Tottenham,Brighton and Hove Albion,H,1625.0081853791146,1336.815667427737,288.19251795137757,0.10687157721732114,0.1,0.7931284227826789,H,0.0
2018-19,2019-04-23,Watford,Southampton,D,1425.1057478291495,1397.1626653753333,27.94308245381626,0.2854086072985081,0.24108617119574027,0.47350522150575164,H,0.0
2018-19,2019-04-24,Manchester United,Manchester City,A,1584.6308256451593,1751.4045413266895,-166.77371568153012,0.49803717684019816,0.2326063149733117,0.26935650818649004,A,0.0
2018-19,2019-04-24,Wolverhampton Wanderers,Arsenal,H,1437.8168253322813,1587.4037923268859,-149.5869669946046,0.4756179436664764,0.24040005636302123,0.2839819999705024,A,0.0
2018-19,2019-04-26,Liverpool,Huddersfield Town,H,1697.6789909925774,1257.2356149788548,440.4433760137226,0.0478005412295262,0.1,0.8521994587704739,H,0.0
2018-19,2019-04-27,Tottenham,West Ham,A,1626.463690933364,1401.9662153432587,224.4974755901053,0.14357862439242897,0.11795032122923427,0.7384710543783367,H,0.0
2018-19,2019-04-27,Watford,Wolverhampton Wanderers,A,1422.6272501780577,1450.6986953184914,-28.071445140433752,0.33726299054552267,0.2574244385149199,0.4053125709395574,H,0.0
2018-19,2019-04-27,Southampton,Bournemouth,D,1399.6411630264251,1396.9423006610566,2.698862365368541,0.3079666683931448,0.25020773685953,0.4418255947473252,H,0.0
2018-19,2019-04-27,Crystal Palace,Everton,D,1434.341950813081,1474.2674477394025,-39.92549692632156,0.3491266327891842,0.25897880491508557,0.39189456229573016,H,0.0
2018-19,2019-04-27,Brighton and Hove Albion,Newcastle United,D,1335.3601618734876,1407.648523519085,-72.28836164559743,0.3832793179616001,0.2596168743898876,0.35710380764851224,A,0.0
2018-19,2019-04-27,Fulham,Cardiff City,H,1325.368710261161,1349.8969995937136,-24.52828933255273,0.33378134125202286,0.25682479193731494,0.40939386681066214,H,0.0
2018-19,2019-04-28,Burnley,Manchester City,A,1406.9288847443947,1758.5733938116907,-351.644509067296,0.7472660986489046,0.1133014035790611,0.13943249777203426,A,0.0
2018-19,2019-04-28,Leicester City,Arsenal,H,1433.8370883697064,1574.5219223406757,-140.6848339709693,0.4642472255008468,0.24398506096889222,0.29176771353026093,A,0.0
2018-19,2019-04-28,Manchester United,Chelsea,D,1577.461973160158,1565.2644869764845,12.197486183673618,0.2993315818371527,0.2470963978538663,0.453572020308981,H,0.0
2018-19,2019-05-03,Everton,Burnley,H,1474.8445962715932,1405.0493690575693,69.79522721402395,0.2505438426423942,0.2205583068138572,0.5288978505437485,H,0.0
2018-19,2019-05-04,Cardiff City,Crystal Palace,A,1343.739405647543,1433.7648022808903,-90.02539663334733,0.40313376975181986,0.25772101982750845,0.33914521042067175,A,0.0
2018-19,2019-05-04,West Ham,Southampton,H,1412.4978753951582,1397.8558828503733,14.641992544784898,0.2971386224156905,0.2462317495295487,0.45662962805476076,H,0.0
2018-19,2019-05-04,Bournemouth,Tottenham,H,1398.7275808371085,1615.9320308814645,-217.204450044356,0.5665457851321564,0.20424932016628428,0.2292048947015594,A,0.0
2018-19,2019-05-04,Wolverhampton Wanderers,Fulham,H,1458.1700343869047,1331.5263042073316,126.64373017957314,0.2074649022911211,0.18502435604490114,0.6075107416639777,H,0.0
2018-19,2019-05-04,Newcastle United,Liverpool,A,1407.294983447632,1699.2647815622183,-291.9697981145864,0.6700095569823391,0.1537293324253191,0.17626111059234179,A,0.0
2018-19,2019-05-05,Huddersfield Town,Manchester United,D,1255.6498244092138,1575.4133651041975,-319.7635406949837,0.7069878411382943,0.13452171083978054,0.15849044802192536,A,0.0
2018-19,2019-05-05,Arsenal,Brighton and Hove Albion,D,1558.5195588330334,1335.7137019449408,222.80585688809265,0.14457075864456956,0.11906091084819832,0.736368330507232,H,0.0
2018-19,2019-05-05,Chelsea,Watford,H,1567.313095032445,1415.1559111096444,152.15718392280064,0.18956500151814384,0.16752361058670634,0.6429113878951498,H,0.0
2018-19,2019-05-06,Manchester City,Leicester City,H,1760.4529094985162,1449.8394518773487,310.6134576211675,0.09530146300545801,0.1,0.804698536994542,H,0.0
2018-19,2019-05-12,Tottenham,Everton,D,1606.9490030128575,1481.6901810235704,125.25882198928707,0.2084613021263991,0.18595733479192722,0.6055813630816737,H,0.0
2018-19,2019-05-12,Crystal Palace,Bournemouth,H,1439.8497431811327,1407.7106087057155,32.13913447541722,0.2817769617366748,0.23931368590899685,0.47890935235432835,H,0.0
2018-19,2019-05-12,Fulham,Newcastle United,A,1328.1893652895524,1404.7459086622234,-76.55654337267106,0.38798257003838943,0.25930492515392706,0.3527125048076836,A,0.0
2018-19,2019-05-12,Brighton and Hove Albion,Manchester City,A,1342.431505470182,1761.7392482210028,-419.3077427508208,0.7990090739517542,0.1,0.10099092604824571,A,0.0
2018-19,2019-05-12,Burnley,Arsenal,A,1398.203784305592,1551.8017553077923,-153.5979710022002,0.4807968682630948,0.23868127636453415,0.280521855372371,A,0.0
2018-19,2019-05-12,Leicester City,Chelsea,D,1448.553113154862,1573.2182055029798,-124.6650923481177,0.44423931845459635,0.2495965828201955,0.30616409872520817,A,0.0
2018-19,2019-05-12,Liverpool,Wolverhampton Wanderers,H,1701.8138563476268,1461.506973304684,240.3068830429429,0.1345069466581158,0.10776752044319614,0.757725532898688,H,0.0
2018-19,2019-05-12,Manchester United,Cardiff City,A,1569.075859010907,1337.6544647473006,231.42139426360632,0.13956081108172222,0.11344543500556784,0.74699375391271,H,0.0
2018-19,2019-05-12,Southampton,Huddersfield Town,D,1386.998482108182,1261.9873305025044,125.0111516056777,0.20863976388526612,0.18612394454101722,0.6052362915737166,H,0.0
2018-19,2019-05-12,Watford,West Ham,A,1409.2508006391097,1423.3552761373494,-14.104475498239708,0.3237052900020045,0.2547063534796877,0.4215883565183079,H,0.0
2019-20,2019-08-09,Liverpool,Norwich City,H,1704.8000596386737,1329.2043301638234,375.59572947485026,0.06780125501539704,0.1,0.832198744984603,H,0.0
2019-20,2019-08-10,Burnley,Southampton,H,1390.6360645707334,1382.1255469108837,8.510517659849711,0.30266164937536144,0.24835143124445974,0.4489869193801789,H,0.0
2019-20,2019-08-10,Crystal Palace,Everton,D,1447.8716155273473,1486.56855015492,-38.69693462757277,0.34788144274264643,0.2588502707382882,0.3932682865190653,H,0.0
2019-20,2019-08-10,Bournemouth,Sheffield United,D,1399.6887363595008,1420.0,-20.31126364049919,0.3296752957833378,0.25603108415567716,0.41429362006098497,H,0.0
2019-20,2019-08-10,Watford,Brighton and Hove Albion,A,1393.6670779132917,1339.8183728487152,53.84870506457651,0.2634835243535674,0.22908754260214462,0.5074289330442879,H,0.0
2019-20,2019-08-10,West Ham,Manchester City,A,1438.9389988631674,1764.3523808424695,-325.41338197930213,0.714312126871237,0.13067971056562822,0.15500816256313474,A,0.0
2019-20,2019-08-10,Tottenham,Aston Villa,H,1602.0706338815078,1245.0987935930407,356.9718402884671,0.07483601665370668,0.1,0.8251639833462934,H,0.0
2019-20,2019-08-11,Leicester City,Wolverhampton Wanderers,D,1450.3931263606696,1458.520770013637,-8.127643652967436,0.31803742171784416,0.2532570193924288,0.428705558889727,H,0.0
2019-20,2019-08-11,Manchester United,Chelsea,H,1552.3245636852198,1571.3781922971723,-19.05362861195249,0.3284586210374847,0.25577765504172106,0.4157637239207943,H,0.0
2019-20,2019-08-11,Newcastle United,Arsenal,A,1419.558459801997,1559.369475042651,-139.8110152406539,0.46314054799228305,0.2443194452598661,0.2925400067478509,A,0.0
2019-20,2019-08-17,Southampton,Liverpool,A,1371.0043579237947,1706.584186205708,-335.57982828191325,0.7272990239998224,0.12384597360074186,0.14885500239943578,A,0.0
2019-20,2019-08-17,Everton,Watford,H,1487.1809344274157,1375.8534024244013,111.32753200301431,0.21862788336260308,0.19520104687393658,0.5861710697634603,H,0.0
2019-20,2019-08-17,Brighton and Hove Albion,West Ham,D,1357.6320483376055,1433.3725956804544,-75.74054734284891,0.3870797558160213,0.25937167006299006,0.35354857412098867,A,0.0
2019-20,2019-08-17,Norwich City,Newcastle United,H,1327.4202035967892,1414.5124931457988,-87.09228954900959,0.39979422823799626,0.25814301134696543,0.3420627604150384,A,0.0
2019-20,2019-08-17,Arsenal,Burnley,H,1564.4154416988492,1401.7572535578224,162.6581881410268,0.18244853126711705,0.16021785378792708,0.6573336149449559,H,0.0
2019-20,2019-08-17,Manchester City,Tottenham,D,1769.9187840251825,1603.6425860870006,166.2761979381819,0.18003063987221923,0.1576965581737753,0.6622728019540055,H,0.0
2019-20,2019-08-17,Aston Villa,Bournemouth,A,1243.5268413875478,1398.5513457713253,-155.0245043837774,0.4826468387376642,0.23805491739435114,0.27929824386798463,A,0.0
2019-20,2019-08-18,Chelsea,Leicester City,D,1557.2938339664547,1448.9111152799383,108.38271868651645,0.22081060239026,0.19711738316540833,0.5820720144443317,H,0.0
2019-20,2019-08-18,Sheffield United,Crystal Palace,H,1421.1373905881755,1447.2592312548518,-26.121840666676235,0.335343619065208,0.2571021131365301,0.4075542677982619,H,0.0
2019-20,2019-08-19,Wolverhampton Wanderers,Manchester United,D,1460.0027810943684,1566.4089220159374,-106.40614092156898,0.42219285766133136,0.2545891490045282,0.3232179933341404,A,0.0
2019-20,2019-08-23,Aston Villa,Everton,H,1238.779753835974,1490.765485663554,-251.98573182758014,0.614948978983634,0.18140555037943729,0.20364547063692864,A,0.0
2019-20,2019-08-24,Sheffield United,Leicester City,A,1427.3216846345513,1453.4106698160467,-26.088985181495445,0.33531134891213094,0.2570965211103699,0.4075921299774991,H,0.0
2019-20,2019-08-24,Watford,West Ham,A,1372.268851188263,1432.9198560222526,-60.651004833989646,0.3706938229693993,0.2599989239290197,0.369307253101581,A,0.0
2019-20,2019-08-24,Norwich City,Chelsea,A,1338.810362081574,1552.7942794303463,-213.98391734877214,0.5620861267611543,0.20625812937489274,0.2316557438639529,A,0.0
2019-20,2019-08-24,Brighton and Hove Albion,Southampton,A,1358.0847879958073,1368.9608147268184,-10.876026731011052,0.3206339884177853,0.25394445677874056,0.42542155480347416,H,0.0
2019-20,2019-08-24,Liverpool,Arsenal,H,1708.6277294026843,1567.2199128452448,141.40781655743945,0.19700134062660554,0.17495660865439341,0.628042050719001,H,0.0
2019-20,2019-08-24,Manchester United,Crystal Palace,A,1565.081132593567,1441.074937208476,124.0061953850909,0.20936473915657722,0.1867992229473865,0.6038360378960363,H,0.0
2019-20,2019-08-25,Bournemouth,Manchester City,A,1403.2984333228992,1764.193505721247,-360.8950723983478,0.7584275129109733,0.10739600590385383,0.13417648118517286,A,0.0
2019-20,2019-08-25,Tottenham,Newcastle United,A,1609.3678643909361,1403.1223346610138,206.24552972992228,0.15449903917466262,0.13011632735187526,0.7153846334734622,H,0.0
2019-20,2019-08-25,Wolverhampton Wanderers,Burnley,D,1461.3305705167388,1398.9527824114268,62.37778810531199,0.25651250298743095,0.22462413101841525,0.5188633659941538,H,0.0
2019-20,2019-08-31,Southampton,Manchester United,D,1381.4283632597694,1555.3365756018638,-173.90821234209443,0.5075082972825479,0.2290572236327629,0.26343447908468914,A,0.0
2019-20,2019-08-31,West Ham,Norwich City,H,1443.5911993598675,1335.1230699407054,108.4681294191621,0.22074712815220454,0.19706200812556632,0.5821908637222292,H,0.0
2019-20,2019-08-31,Newcastle United,Watford,D,1413.5459079746986,1361.597507850648,51.94840012405052,0.26505280008136434,0.2300494946132002,0.5048977053054354,H,0.0
2019-20,2019-08-31,Manchester City,Brighton and Hove Albion,H,1767.0309210913294,1345.6172394628563,421.4136816284731,0.05300842337098232,0.1,0.8469915766290177,H,0.0
2019-20,2019-08-31,Burnley,Liverpool,A,1402.3363138508473,1713.5573382099599,-311.22102435911256,0.6957801202545207,0.1403800624178357,0.16383981732764347,A,0.0
2019-20,2019-08-31,Chelsea,Sheffield United,D,1556.481571571215,1419.8049535302878,136.67661804092722,0.20032288989023297,0.17820431547190718,0.6214727946378599,H,0.0
2019-20,2019-08-31,Leicester City,Bournemouth,H,1460.9274009203102,1400.4610179528167,60.46638296749347,0.2580645807841507,0.22564465114553398,0.5162907680703154,H,0.0
2019-20,2019-08-31,Crystal Palace,Aston Villa,H,1450.8194942001792,1253.589563585729,197.22993061445027,0.16006647756688527,0.1362535114329269,0.7036800110001878,H,0.0
2019-20,2019-09-01,Arsenal,Tottenham,D,1562.2903040379692,1598.9442910772514,-36.65398703928213,0.34581891845248397,0.2586197951275174,0.3955612864199986,H,0.0
2019-20,2019-09-01,Everton,Wolverhampton Wanderers,H,1475.955675913799,1457.9470390773183,18.00863683648072,0.29413760743553335,0.24499906889440012,0.4608633236700665,H,0.0
2019-20,2019-09-14,Tottenham,Crystal Palace,H,1599.6152338356444,1453.1771616042513,146.4380722313931,0.193502381381836,0.1714862585250622,0.6350113600931019,H,0.0
2019-20,2019-09-14,Wolverhampton Wanderers,Chelsea,A,1452.5900843899562,1551.3568196082076,-98.76673521825137,0.4132184360675786,0.25621201009567335,0.33056955383674813,A,0.0
2019-20,2019-09-14,Norwich City,Manchester City,H,1329.3662015543775,1768.6220073316274,-439.25580577724986,0.8088553186182261,0.1,0.09114468138177387,A,0.0
2019-20,2019-09-14,Sheffield United,Southampton,A,1424.9297054932952,1384.5942768097732,40.33542868352197,0.27477457488687534,0.23565506529094704,0.4895703598221776,H,0.0
2019-20,2019-09-14,Brighton and Hove Albion,Burnley,D,1344.0261532225584,1397.7067916633202,-53.68063844076187,0.3633207318597776,0.2598986240077002,0.37678064413252227,H,0.0
2019-20,2019-09-14,Manchester United,Leicester City,H,1552.17066205186,1468.0540795590966,84.11658249276343,0.23925702235126706,0.2122688454175766,0.5484741322311563,H,0.0
2019-20,2019-09-14,Liverpool,Newcastle United,H,1718.186860397487,1410.4308388430331,307.7560215544538,0.09671217109100176,0.1,0.8032878289089983,H,0.0
2019-20,2019-09-15,Bournemouth,Everton,H,1393.3343393140303,1481.3126306011611,-87.97829128713079,0.4008006500853253,0.2580200379466582,0.3411793119680165,A,0.0
2019-20,2019-09-15,Watford,Arsenal,D,1364.7125769823135,1561.6193612795762,-196.90678429726267,0.5385885363051164,0.216510697079463,0.24490076661542057,A,0.0
2019-20,2019-09-16,Aston Villa,West Ham,D,1251.2318961816568,1449.3480677461953,-198.1161715645385,0.5402427242726152,0.21580858150643775,0.24394869422094698,A,0.0
2019-20,2019-09-20,Southampton,Bournemouth,A,1393.3137614128289,1404.746857168559,-11.433095755730164,0.32116230046955363,0.25407945163168694,0.4247582478987595,H,0.0
2019-20,2019-09-21,Newcastle United,Brighton and Hove Albion,D,1408.359503237598,1343.8442874307984,64.51521580679946,0.2547837406148429,0.2234695136444621,0.521746745740695,H,0.0
2019-20,2019-09-21,Burnley,Norwich City,H,1397.8886574550802,1339.751643635593,58.137013819487265,0.25996393467473833,0.22687270996510037,0.5131633553601613,H,0.0
2019-20,2019-09-21,Leicester City,Tottenham,H,1463.9985596085824,1606.6638588294973,-142.6652992209149,0.46676179566237164,0.2432154625758329,0.2900227417617955,A,0.0
2019-20,2019-09-21,Everton,Sheffield United,A,1469.9001127466324,1416.2102208902395,53.68989185639293,0.263614444978123,0.22916840001539995,0.507217155006477,H,0.0
2019-20,2019-09-21,Manchester City,Watford,H,1758.236565250412,1368.4610361966888,389.7755290537232,0.06285796635264783,0.1,0.8371420336473522,H,0.0
2019-20,2019-09-22,Arsenal,Aston Villa,H,1557.8709020652009,1255.010234264224,302.8606678009769,0.09917169686062612,0.1,0.8008283031393739,H,0.0
2019-20,2019-09-22,Chelsea,Liverpool,A,1563.1498907769408,1720.2581960029222,-157.10830522598144,0.485356629261853,0.23712598050185468,0.27751739023629235,A,0.0
2019-20,2019-09-22,Crystal Palace,Wolverhampton Wanderers,D,1446.1285366103984,1440.797013221223,5.331523389175345,0.30555494468455824,0.24938550517450844,0.44505955014093335,H,0.0
2019-20,2019-09-22,West Ham,Manchester United,H,1445.569729663628,1556.2261820023743,-110.65645233874625,0.4272503411474889,0.2535655307274984,0.3191841281250127,A,0.0
2019-20,2019-09-28,Tottenham,Southampton,H,1598.634313672458,1380.866535446321,217.7677782261369,0.14754991331702128,0.12239033855001467,0.730059748132964,H,0.0
2019-20,2019-09-28,Chelsea,Brighton and Hove Albion,H,1558.4429798762558,1347.2821821408797,211.16079773537604,0.15151164879472573,0.1268027862703927,0.7216855649348816,H,0.0
2019-20,2019-09-28,Crystal Palace,Norwich City,H,1444.269997954163,1332.5536917747818,111.71630617938126,0.21834060595402355,0.19494698094126292,0.5867124131047134,H,0.0
2019-20,2019-09-28,Aston Villa,Burnley,D,1253.6675104273654,1405.0866093158913,-151.41909888852592,0.4779793688064159,0.23962276933222768,0.2823978618613564,A,0.0
2019-20,2019-09-28,Bournemouth,West Ham,D,1417.1940831350669,1457.5440943693407,-40.35001123427378,0.3495577432623429,0.2590214580257706,0.3914207987118865,H,0.0
2019-20,2019-09-28,Everton,Manchester City,A,1455.786526033467,1760.843816105462,-305.0572900719951,0.6876012552103861,0.14463680634765572,0.16776193844195822,A,0.0
2019-20,2019-09-28,Sheffield United,Liverpool,A,1430.323807603405,1724.9651069036072,-294.64129930020226,0.6736233189292592,0.15186927441359685,0.1745074066571439,A,0.0
2019-20,2019-09-28,Wolverhampton Wanderers,Watford,H,1442.6555518774585,1365.8537853416387,76.80176653581975,0.24498354348219503,0.21657148138782586,0.5384449751299791,H,0.0
2019-20,2019-09-29,Leicester City,Newcastle United,H,1472.0281047656217,1404.9216085275166,67.10649623810514,0.25269750862533497,0.22205111298521865,0.5252513783894464,H,0.0
2019-20,2019-09-30,Manchester United,Arsenal,D,1544.2518172966618,1559.2136259020594,-14.961808605397664,0.32452477294324306,0.2549003436332348,0.42057488342352206,H,0.0
2019-20,2019-10-05,Brighton and Hove Albion,Tottenham,H,1343.8035809751325,1600.755120511214,-256.95153953608155,0.6218548442293823,0.1780160877211018,0.20012906804951594,A,0.0
2019-20,2019-10-05,Liverpool,Leicester City,H,1727.4805882277526,1483.3237322074378,244.15685602031476,0.1323531470892511,0.10534598812432384,0.7623008647864251,H,0.0
2019-20,2019-10-05,Burnley,Everton,H,1402.5144451445194,1452.0019054802892,-49.48746033576981,0.3589441154162192,0.2597195507036405,0.3813363338801403,H,0.0
2019-20,2019-10-05,West Ham,Crystal Palace,A,1458.1090642446895,1449.9411673656398,8.16789687904975,0.3029724917748477,0.24846503158975244,0.4485624766353999,H,0.0
2019-20,2019-10-05,Watford,Sheffield United,D,1359.214681757972,1427.8083262792595,-68.59364452128762,0.37924593778789173,0.25981255599090725,0.36094150622120097,A,0.0
2019-20,2019-10-05,Norwich City,Aston Villa,A,1326.882522363305,1256.2396745987373,70.6428477645677,0.2498672098325634,0.2200833420657822,0.5300494481016544,H,0.0
2019-20,2019-10-06,Arsenal,Bournemouth,H,1560.5027166922584,1416.629113259718,143.87360343254045,0.19528199213111977,0.1732574842588911,0.6314605236099892,H,0.0
2019-20,2019-10-06,Manchester City,Wolverhampton Wanderers,A,1764.6284366586399,1449.2946554611253,315.33378119751455,0.09301077882773233,0.1,0.8069892211722677,H,0.0
2019-20,2019-10-06,Newcastle United,Manchester United,H,1393.6259810857005,1542.9627265064628,-149.33674542076233,0.4752959862818446,0.24050518528316248,0.284198828434993,A,0.0
2019-20,2019-10-06,Southampton,Chelsea,A,1378.7457286075648,1561.921581042003,-183.17585243443818,0.5199391496130784,0.22419466853419323,0.2558661818527284,A,0.0
2019-20,2019-10-19,Wolverhampton Wanderers,Southampton,D,1466.5263001131352,1370.304373466838,96.22192664629733,0.22995105059858373,0.20486448613191616,0.5651844632695001,H,0.0
2019-20,2019-10-19,Leicester City,Burnley,H,1481.4777469748851,1409.0883758043283,72.38937117055684,0.24847647325262864,0.21909820476757585,0.5324253219797955,H,0.0
2019-20,2019-10-19,Tottenham,Watford,D,1581.9733189932983,1359.4619763009264,222.51134269237195,0.14474391174781487,0.11925465151365724,0.7360014367385279,H,0.0
2019-20,2019-10-19,Everton,West Ham,H,1445.4279748204804,1449.8654095123431,-4.437434691862791,0.31457680409091926,0.2522783916622672,0.43314480424681356,H,0.0
2019-20,2019-10-19,Bournemouth,Norwich City,D,1413.5555944578066,1305.6868955009375,107.86869895686914,0.22119281499914778,0.19745037643318017,0.581356808567672,H,0.0
2019-20,2019-10-19,Chelsea,Newcastle United,H,1570.36293618273,1401.750023830194,168.6129123525359,0.17847832880039408,0.15606808231279024,0.6654535888868157,H,0.0
2019-20,2019-10-19,Aston Villa,Brighton and Hove Albion,H,1277.435301461105,1362.5853824930482,-85.15008103194327,0.397595169776349,0.25839892551409743,0.3440059047095535,A,0.0
2019-20,2019-10-19,Crystal Palace,Manchester City,A,1458.1848220979862,1747.39679200663,-289.2119699086438,0.6662678197808317,0.15565063601592324,0.17808154420324507,A,0.0
2019-20,2019-10-20,Manchester United,Liverpool,D,1534.8386837619692,1729.3265734603053,-194.48788969833618,0.53528523400558,0.2179031820542566,0.24681158394016323,A,0.0
2019-20,2019-10-21,Sheffield United,Arsenal,H,1427.561031736305,1563.5762354941699,-136.0152037578648,0.458353346242295,0.24573477666521204,0.2959118770924929,A,0.0
2019-20,2019-10-25,Southampton,Leicester City,A,1374.520427294444,1485.748301206406,-111.22787391196198,0.42793376571196784,0.2534214085491097,0.3186448257389224,A,0.0
2019-20,2019-10-26,Watford,Bournemouth,D,1366.1751258623387,1409.0678471211643,-42.89272125882553,0.3521491435903528,0.2592579813924329,0.38859287501721423,H,0.0
2019-20,2019-10-26,Manchester City,Aston Villa,H,1751.4925282447398,1284.5907054459205,466.90182279881924,0.041357822113656406,0.1,0.8586421778863436,H,0.0
2019-20,2019-10-26,West Ham,Sheffield United,D,1440.6399901706486,1435.494786909593,5.145203261055713,0.30572515960508223,0.24944471797902873,0.4448301224158891,H,0.0
2019-20,2019-10-26,Brighton and Hove Albion,Everton,H,1355.4299785082326,1454.653394162175,-99.22341565394231,0.41375071685820497,0.25612291041066043,0.3301263727311347,A,0.0
2019-20,2019-10-26,Burnley,Chelsea,A,1404.8178215728074,1573.0860269863765,-168.26820541356915,0.5000136134173224,0.23187743455598644,0.2681089520266912,A,0.0
2019-20,2019-10-27,Arsenal,Crystal Palace,D,1555.642480320882,1454.0890858598764,101.55339446100561,0.22591844040075618,0.20150288694131685,0.572578672657927,H,0.0
2019-20,2019-10-27,Liverpool,Tottenham,H,1725.6381087658303,1575.260169431886,150.37793933394437,0.1907852938477491,0.16875804991458762,0.6404566562376632,H,0.0
2019-20,2019-10-27,Newcastle United,Wolverhampton Wanderers,D,1399.0269330265476,1462.310246285529,-63.28331325898148,0.3735102602770281,0.2599726299763701,0.3665171097466018,A,0.0
2019-20,2019-10-27,Norwich City,Manchester United,A,1310.1746428375798,1538.5271484564441,-228.35250561886437,0.582029973479324,0.1971369684512514,0.22083305806942455,A,0.0
2019-20,2019-11-02,Watford,Chelsea,A,1365.6831363368171,1580.210406332035,-214.52726999521792,0.5628380216637248,0.20592075787104913,0.2312412204652261,A,0.0
2019-20,2019-11-02,West Ham,Newcastle United,A,1438.7866295169704,1399.1214315655707,39.665197951399705,0.2753427179772167,0.23596375119904872,0.4886935308237346,H,0.0
2019-20,2019-11-02,Manchester City,Southampton,H,1752.5435610133195,1355.8111532165228,396.7324077967967,0.06055645902524185,0.1,0.8394435409747582,H,0.0
2019-20,2019-11-02,Sheffield United,Burnley,H,1437.3481475632711,1397.6934422271488,39.65470533612233,0.275351618628139,0.23596857050154804,0.4886798108703129,H,0.0
2019-20,2019-11-02,Bournemouth,Manchester United,H,1409.5598366466859,1544.0024497752206,-134.44261312853473,0.4563797209978536,0.246303235406583,0.2973170435955633,A,0.0
2019-20,2019-11-02,Aston Villa,Liverpool,A,1283.5396726773408,1728.6163363251712,-445.0766636478304,0.811563628371363,0.1,0.08843637162863713,A,0.0
2019-20,2019-11-02,Brighton and Hove Albion,Norwich City,H,1362.807908667431,1304.6993415188033,58.1085671486278,0.2599871837850129,0.2268875998621406,0.5131252163528465,H,0.0
2019-20,2019-11-02,Arsenal,Wolverhampton Wanderers,D,1551.3010716095935,1462.215747746506,89.08532386308752,0.23541185787487887,0.2092702781763468,0.5553178639487744,H,0.0
2019-20,2019-11-03,Crystal Palace,Leicester City,A,1458.430494571165,1504.4575752843273,-46.02708071316238,0.355365295112673,0.25950473945534824,0.38512996543197875,H,0.0
2019-20,2019-11-03,Everton,Tottenham,D,1447.2754640029764,1572.281941872545,-125.0064778695687,0.444659355592769,0.24948870437556336,0.30585194003166766,A,0.0
2019-20,2019-11-08,Norwich City,Watford,A,1297.500516601157,1362.004833921786,-64.50431732062907,0.3748226728943242,0.2599484903825865,0.3652288367230893,A,0.0
2019-20,2019-11-09,Southampton,Everton,A,1355.0208952140988,1449.124968685589,-94.10407347149021,0.4078146643173957,0.25706355536221714,0.3351217803203872,A,0.0
2019-20,2019-11-09,Chelsea,Crystal Palace,H,1583.8887087470662,1447.2369619775604,136.65174676950573,0.2003404292822829,0.17822134067333256,0.6214382300443845,H,0.0
2019-20,2019-11-09,Burnley,West Ham,H,1387.8781445404604,1430.0766393982071,-42.19849485774671,0.3514400586082547,0.25919663110052393,0.38936331029122134,H,0.0
2019-20,2019-11-09,Leicester City,Arsenal,H,1515.6511078779317,1547.2553655074364,-31.604257629504673,0.3407637088368909,0.25796074701459704,0.4012755441485121,H,0.0
2019-20,2019-11-09,Newcastle United,Bournemouth,H,1407.831421684334,1417.4707134780558,-9.639291793721895,0.3194635282779871,0.2536395193441661,0.42689695237784686,H,0.0
2019-20,2019-11-09,Tottenham,Sheffield United,D,1570.4324371899324,1447.1634452499595,123.26899193997292,0.20989741771472925,0.18729379359835666,0.6028087886869141,H,0.0
2019-20,2019-11-10,Manchester United,Brighton and Hove Albion,H,1536.0915729438507,1370.0067335850774,166.08483935877325,0.1801580855747602,0.15782992228175158,0.6620119921434882,H,0.0
2019-20,2019-11-10,Wolverhampton Wanderers,Aston Villa,H,1466.261453848663,1282.4066769289188,183.85477691974415,0.16853317582901892,0.14546961799882432,0.6859972061721568,H,0.0
2019-20,2019-11-10,Liverpool,Manchester City,H,1729.7493320735932,1753.3338190157435,-23.584486942150306,0.3328588297840802,0.2566546834803498,0.41048648673557,H,0.0
2019-20,2019-11-23,Bournemouth,Wolverhampton Wanderers,A,1411.5628642712127,1468.7846803597333,-57.221816088520654,0.36705116822207223,0.2599804034776071,0.3729684283003207,H,0.0
2019-20,2019-11-23,Crystal Palace,Liverpool,A,1442.193637857326,1739.4838167568926,-297.2901788995666,0.6771954135979292,0.1500265393079725,0.17277804709409825,A,0.0
2019-20,2019-11-23,Brighton and Hove Albion,Leicester City,A,1365.636337810965,1525.59843510241,-159.96209729144493,0.4890818406189188,0.23582721468490653,0.2750909446961747,A,0.0
2019-20,2019-11-23,Arsenal,Southampton,D,1537.3080382829583,1349.0241442602382,188.28389402272,0.16570229209932724,0.1424058005395705,0.6918919073611023,H,0.0
2019-20,2019-11-23,Everton,Norwich City,A,1455.1217196394496,1286.9656973861606,168.15602225328894,0.17878127223969725,0.15638647645518067,0.6648322513051221,H,0.0
2019-20,2019-11-23,West Ham,Tottenham,A,1417.1709148817558,1565.5978319183441,-148.4269170365883,0.4741264456806699,0.24088534839524373,0.28498820592408636,A,0.0
2019-20,2019-11-23,Manchester City,Chelsea,H,1743.5993343324442,1588.9320328673007,154.6673014651435,0.18785058254898257,0.16578000003518473,0.6463694174158326,H,0.0
2019-20,2019-11-23,Watford,Burnley,A,1372.5396531367824,1400.7838690569117,-28.244215920129363,0.33743351008912575,0.257452100037936,0.4051143898729383,H,0.0
2019-20,2019-11-24,Sheffield United,Manchester United,D,1451.9980505215478,1540.4619687179631,-88.4639181964153,0.40135314416930856,0.2579509818375943,0.3406958739930972,A,0.0
2019-20,2019-11-25,Aston Villa,Newcastle United,H,1279.8834504178485,1413.739270891177,-133.85582047332855,0.4556447569331732,0.2465126350509855,0.2978426080158413,A,0.0
2019-20,2019-11-30,Chelsea,West Ham,A,1586.0154082759739,1412.2953987067276,173.72000956924626,0.1751111012768038,0.1525105763425283,0.672378322380668,H,0.0
2019-20,2019-11-30,Southampton,Watford,H,1355.1597922810952,1357.6048830589502,-2.4450907778550572,0.31272054441208624,0.25172377069985596,0.4355556848880578,H,0.0
2019-20,2019-11-30,Tottenham,Bournemouth,H,1570.4733480933724,1404.7530894959912,165.7202585973812,0.18040103352890555,0.1580840099618099,0.6615149565092845,H,0.0
2019-20,2019-11-30,Liverpool,Brighton and Hove Albion,H,1741.9663342848417,1358.2627844267627,383.703549858079,0.06493258085832897,0.1,0.835067419141671,H,0.0
2019-20,2019-11-30,Burnley,Crystal Palace,A,1415.7186391347439,1439.7111203293769,-23.992481194633,0.333257368112946,0.25672875353154306,0.410013878355511,H,0.0
2019-20,2019-11-30,Newcastle United,Manchester City,D,1401.214392748438,1746.515958923771,-345.30156617533294,0.739467777015195,0.11742375301503873,0.1431084699697663,A,0.0
2019-20,2019-12-01,Leicester City,Everton,H,1532.9719884866122,1439.0354492901838,93.93653919642838,0.2316919084642693,0.2062875166092884,0.5620205749264424,H,0.0
2019-20,2019-12-01,Manchester United,Aston Villa,D,1539.6445392936048,1292.4083285605875,247.2362107330173,0.13064621445162009,0.10342682458462142,0.7659269609637586,H,0.0
2019-20,2019-12-01,Norwich City,Arsenal,D,1303.0519677354264,1531.1723902621013,-228.12042252667493,0.5817070444783538,0.19728736135779693,0.22100559416384932,A,0.0
2019-20,2019-12-01,Wolverhampton Wanderers,Sheffield United,D,1475.5944551349548,1452.8154799459062,22.77897518904865,0.28992280878642984,0.24317079712234127,0.4669063940912289,H,0.0
2019-20,2019-12-03,Burnley,Manchester City,A,1403.7287535394635,1739.7589301788587,-336.0301766393952,0.7278682885056869,0.12354589434620626,0.14858581714810698,A,0.0
2019-20,2019-12-03,Crystal Palace,Bournemouth,H,1451.7010059246572,1401.9906993761947,49.71030654846254,0.2669086906798331,0.2311667096983152,0.5019245996218517,H,0.0
2019-20,2019-12-04,Wolverhampton Wanderers,West Ham,H,1473.2559673409867,1422.4890098607489,50.76695748023781,0.2660314475523284,0.23064138628920744,0.5033271661584643,H,0.0
2019-20,2019-12-04,Manchester United,Tottenham,H,1532.55888511688,1573.2357382131688,-40.67685309628882,0.34988996187434984,0.2590536810148919,0.39105635711075826,H,0.0
2019-20,2019-12-04,Southampton,Norwich City,H,1360.9469792314098,1307.5454992054756,53.401480025934234,0.2638523085838543,0.2293150247966803,0.5068326666194654,H,0.0
2019-20,2019-12-04,Liverpool,Everton,H,1742.817973421847,1435.1544425731909,307.66353084865614,0.09675813895953476,0.1,0.8032418610404652,H,0.0
2019-20,2019-12-04,Chelsea,Aston Villa,H,1575.8217971219526,1299.4939827373123,276.3278143846403,0.11347335686522945,0.1,0.7865266431347706,H,0.0
2019-20,2019-12-04,Leicester City,Watford,H,1536.8529952036051,1351.8176961086356,185.03529909496956,0.16777602476732673,0.14465203019366746,0.6875719450390058,H,0.0
2019-20,2019-12-05,Arsenal,Brighton and Hove Albion,A,1526.678858792052,1357.4111452897573,169.26771350229478,0.17804464700204592,0.15561179310162931,0.6663435598963248,H,0.0
2019-20,2019-12-05,Sheffield United,Newcastle United,A,1455.1539677398744,1407.9714214933504,47.182546246524,0.26901485365488903,0.23240770345774436,0.49857744288736666,H,0.0
2019-20,2019-12-07,Bournemouth,Liverpool,A,1397.284372642199,1745.4330467203383,-348.14867407813927,0.7429823568730549,0.11556638462008122,0.1414512585068639,A,0.0
2019-20,2019-12-07,Watford,Crystal Palace,D,1347.8422177904542,1456.4073326586529,-108.56511486819863,0.4247561185398896,0.254079882886542,0.32116399857356837,A,0.0
2019-20,2019-12-07,Everton,Chelsea,H,1432.5393692746995,1577.3746181196898,-144.83524884499025,0.46952695832747243,0.24235370209199547,0.28811933958053215,A,0.0
2019-20,2019-12-07,Tottenham,Burnley,H,1566.8082150860616,1399.651179144459,167.15703594160254,0.17944462916965553,0.15708267608297546,0.663472694747369,H,0.0
2019-20,2019-12-07,Manchester City,Manchester United,A,1743.836504573863,1538.9864082439872,204.8500963298759,0.15535334210285828,0.1310614457229538,0.7135852121741879,H,0.0
2019-20,2019-12-08,Norwich City,Sheffield United,A,1302.9118455580403,1441.181896404866,-138.2700508468256,0.4611931506310159,0.2449013437181213,0.29390550565086276,A,0.0
2019-20,2019-12-08,Newcastle United,Southampton,H,1421.9434928283588,1365.580632878845,56.36285994951368,0.2614164301966269,0.22779634147377437,0.5107872283295988,H,0.0
2019-20,2019-12-08,Brighton and Hove Albion,Wolverhampton Wanderers,D,1367.569422188483,1480.682237687959,-113.11281549947603,0.43019399793765745,0.2529351380287162,0.3168708640336264,A,0.0
2019-20,2019-12-08,Aston Villa,Leicester City,A,1297.9411617395751,1540.8284735217865,-242.88731178221133,0.6022769217649451,0.18754958498859145,0.21017349324646348,A,0.0
2019-20,2019-12-09,West Ham,Arsenal,A,1415.0627395137765,1516.5205818933264,-101.4578423795499,0.41636276609513717,0.25567239980834394,0.32796483409651894,A,0.0
2019-20,2019-12-14,Chelsea,Bournemouth,A,1564.5990911744216,1393.4559053206929,171.1431858537287,0.1768056833149014,0.15430511381876388,0.6688892028663347,H,0.0
2019-20,2019-12-14,Leicester City,Norwich City,D,1547.287778302747,1297.8350754852643,249.45270281748276,0.12942627892981043,0.10205540547966575,0.7685183155905239,H,0.0
2019-20,2019-12-14,Burnley,Newcastle United,H,1392.5611046270576,1426.5193263958433,-33.958221768785734,0.34311266156164805,0.2582837627031628,0.3986035757351892,H,0.0
2019-20,2019-12-14,Sheffield United,Aston Villa,H,1446.258666477642,1291.4818569586146,154.77680951902744,0.18777597854087283,0.16570388242063808,0.6465201390384891,H,0.0
2019-20,2019-12-14,Southampton,West Ham,A,1361.0047993113606,1405.8081478574459,-44.80334854608532,0.35410675729281754,0.25941429414400735,0.38647894856317505,H,0.0
2019-20,2019-12-14,Liverpool,Watford,H,1749.2615140418445,1349.2310008194895,400.030513222355,0.05949289540488589,0.1,0.8405071045951141,H,0.0
2019-20,2019-12-15,Manchester United,Everton,D,1549.4011115352207,1445.3148962199677,104.08621531525296,0.22401655625843148,0.1998863889703194,0.5760970547712492,H,0.0
2019-20,2019-12-15,Wolverhampton Wanderers,Tottenham,A,1479.1653261094248,1573.8982896034631,-94.73296349403836,0.4085402396747394,0.2569549013851509,0.3345048589401098,A,0.0
2019-20,2019-12-15,Arsenal,Manchester City,A,1525.775173549657,1733.4218012826295,-207.64662773297255,0.5533339027722111,0.21014455021310965,0.2365215470146793,A,0.0
2019-20,2019-12-16,Crystal Palace,Brighton and Hove Albion,D,1455.0185496296176,1369.0863337670173,85.93221586260029,0.23784780541226602,0.2111799923914911,0.5509722021962429,H,0.0
2019-20,2019-12-21,Brighton and Hove Albion,Sheffield United,A,1373.0558628581123,1450.8789347175546,-77.82307185944228,0.3893872644866697,0.2591946863606167,0.3514180491527136,A,0.0
2019-20,2019-12-21,Aston Villa,Southampton,A,1286.861588718702,1353.914732077269,-67.05314335856701,0.37757460378805296,0.25987372036268297,0.362551675849264,A,0.0
2019-20,2019-12-21,Manchester City,Leicester City,H,1741.008249181886,1540.170501350909,200.83774783097692,0.1578249312224921,0.1337890544560203,0.7083860143214876,H,0.0
2019-20,2019-12-21,Bournemouth,Burnley,A,1403.6291815846678,1398.8765218744395,4.752659710228272,0.30608400539022573,0.24956896109718077,0.4443470335125935,H,0.0
2019-20,2019-12-21,Newcastle United,Crystal Palace,H,1420.2039091484614,1451.0490205385227,-30.84511139006122,0.3400089795179592,0.2578507105671949,0.4021403099148459,H,0.0
2019-20,2019-12-21,Norwich City,Wolverhampton Wanderers,A,1304.9523524371023,1473.1821299683484,-168.2297775312461,0.499962742312586,0.23189627436427432,0.26814098332313974,A,0.0
2019-20,2019-12-21,Everton,Arsenal,D,1449.7152775365626,1518.1887256504006,-68.473448113838,0.3791153140114211,0.25981776092892234,0.3610669250596566,A,0.0
2019-20,2019-12-22,Watford,Manchester United,H,1348.0020308223613,1545.000730218626,-196.99869939626456,0.5387141966194335,0.21645747233300078,0.24482833104756566,A,0.0
2019-20,2019-12-22,Tottenham,Chelsea,A,1579.8814857445395,1554.4258149104467,25.45567083409287,0.2875767537954644,0.2421037801713893,0.4703194660331463,H,0.0
2019-20,2019-12-26,Chelsea,Southampton,A,1567.904930397673,1364.35951745068,203.5454129469931,0.1561545537356653,0.13194676917754225,0.7118986770867924,H,0.0
2019-20,2019-12-26,Manchester United,Newcastle United,H,1531.1355608841059,1426.467275722423,104.66828516168289,0.22358073848971666,0.19951320382564205,0.5769060576846413,H,0.0
2019-20,2019-12-26,Leicester City,Liverpool,A,1536.5020204717698,1750.4904840389727,-213.98846356720287,0.5620924169415592,0.20625530923781918,0.23165227382062167,A,0.0
2019-20,2019-12-26,Sheffield United,Watford,D,1457.230461367743,1361.8672001568814,95.36326121086154,0.23060425953882727,0.20540044935006613,0.5639952911111067,H,0.0
2019-20,2019-12-26,Aston Villa,Norwich City,H,1276.416803345291,1300.4566492985489,-24.03984595325778,0.3333036599769495,0.256737299761455,0.4099590402615955,H,0.0
2019-20,2019-12-26,Everton,Burnley,H,1449.9591146350374,1407.0673866980896,42.891727936947746,0.27261481518018005,0.23446253598121722,0.4929226488386027,H,0.0
2019-20,2019-12-26,Bournemouth,Arsenal,D,1395.4383167610176,1517.9448885519257,-122.50657179090808,0.44159004588930334,0.25026657148716147,0.30814338262353524,A,0.0
2019-20,2019-12-26,Tottenham,Brighton and Hove Albion,H,1566.4023702573131,1366.704336207924,199.6980340493892,0.1585310840934389,0.1345664207065372,0.7069024952000238,H,0.0
2019-20,2019-12-26,Crystal Palace,West Ham,H,1444.785653964561,1412.8982150915374,31.88743887302371,0.2819938966270943,0.23942195935828192,0.4785841440146238,H,0.0
2019-20,2019-12-27,Wolverhampton Wanderers,Manchester City,H,1477.6778331069017,1744.6767300610252,-266.99889695412344,0.6357872419706676,0.17109839920624118,0.19311435882309125,A,0.0
2019-20,2019-12-28,Norwich City,Tottenham,D,1294.3072411703206,1568.7304734652694,-274.4232322949488,0.6460334490755147,0.16594963529931325,0.18801691562517195,A,0.0
2019-20,2019-12-28,Southampton,Crystal Palace,D,1380.8531617721965,1449.8520808066285,-68.99891903443199,0.3796866446755754,0.25979446661928135,0.3605188887051433,A,0.0
2019-20,2019-12-28,Newcastle United,Everton,A,1419.074969971975,1454.8014273537465,-35.726457381771525,0.3448858152007483,0.2585082678013966,0.39660591699785513,H,0.0
2019-20,2019-12-28,Watford,Aston Villa,H,1366.0629114595065,1282.5662114735194,83.4966999859871,0.23973924977706737,0.21263874406696315,0.5476220061559695,H,0.0
2019-20,2019-12-28,Brighton and Hove Albion,Bournemouth,H,1364.3762329999677,1397.2182382396486,-32.84200523968093,0.3419971805870151,0.2581340255895208,0.3998687938234641,H,0.0
2019-20,2019-12-28,West Ham,Leicester City,A,1407.83178824947,1527.9405680453508,-120.10877979588076,0.4386604359433732,0.25098615773255134,0.31035340632407543,A,0.0
2019-20,2019-12-28,Burnley,Manchester United,A,1402.2250739793806,1538.527866634554,-136.30279265517333,0.45871489270132787,0.24562967802151525,0.2956554292771568,A,0.0
2019-20,2019-12-29,Arsenal,Chelsea,A,1516.1649670732947,1551.4112860761566,-35.24631900286181,0.34440360194173925,0.25844884839816884,0.3971475496600919,H,0.0
2019-20,2019-12-29,Liverpool,Wolverhampton Wanderers,H,1759.0519364653917,1487.1602274598986,271.8917090054931,0.11602997188623043,0.1,0.7839700281137696,H,0.0
2019-20,2019-12-29,Manchester City,Sheffield United,H,1735.1943357080283,1453.0347500651178,282.15958564291054,0.11018587666231547,0.1,0.7898141233376845,H,0.0
2019-20,2020-01-01,West Ham,Bournemouth,H,1402.3850505340808,1387.2381080088053,15.146942525275563,0.2966871006476845,0.2460499420253057,0.4572629573270098,H,0.0
2019-20,2020-01-01,Watford,Wolverhampton Wanderers,H,1374.1963248496277,1485.5695710706432,-111.3732462210155,0.42810776343354,0.2533844984249703,0.3185077381414898,A,0.0
2019-20,2020-01-01,Southampton,Tottenham,H,1381.1121135782291,1563.2390001342228,-182.12688655599368,0.5185253525515414,0.22475874093651457,0.256715906511944,A,0.0
2019-20,2020-01-01,Norwich City,Crystal Palace,D,1299.7987145013672,1449.5931290005958,-149.79441449922865,0.47588496506421735,0.2403127107134485,0.28380232422233415,A,0.0
2019-20,2020-01-01,Manchester City,Everton,H,1737.5785805446253,1462.097889732863,275.4806908117623,0.11395781811469115,0.1,0.7860421818853088,H,0.0
2019-20,2020-01-01,Burnley,Aston Villa,A,1394.1160372926918,1274.4327980833982,119.68323920929356,0.2124987643008931,0.18968940296576156,0.5978118327333454,H,0.0
2019-20,2020-01-01,Brighton and Hove Albion,Chelsea,D,1374.356363230811,1558.7186968783863,-184.36233364757527,0.5215402823081007,0.2235525640093962,0.2549071536825031,A,0.0
2019-20,2020-01-01,Arsenal,Manchester United,H,1508.857556271065,1546.6369033212427,-37.77934705017765,0.3469538175665021,0.2587493367354646,0.39429684569803336,H,0.0
2019-20,2020-01-01,Newcastle United,Leicester City,A,1411.7785075928584,1533.38730576074,-121.60879816788156,0.44049150140427223,0.25053904959029205,0.30896944900543577,A,0.0
2019-20,2020-01-02,Liverpool,Sheffield United,H,1760.642592854647,1450.6505052285208,309.99208762612625,0.09560667980435375,0.1,0.8043933201956462,H,0.0
2019-20,2020-01-10,Sheffield United,West Ham,H,1448.6046707024532,1414.965044967472,33.63962573498111,0.2804860741766385,0.23866309781336847,0.480850828009993,H,0.0
2019-20,2020-01-11,Tottenham,Liverpool,A,1554.6755975065091,1762.6884273807148,-208.01282987420564,0.5538387192383546,0.2099224744040116,0.23623880635763386,A,0.0
2019-20,2020-01-11,Manchester United,Norwich City,H,1536.5260818232287,1302.3271580274168,234.19892379581188,0.13796861890789722,0.11165764226449579,0.7503737388276069,H,0.0
2019-20,2020-01-11,Leicester City,Southampton,A,1544.2187313661882,1389.6755162059428,154.54321516024538,0.18793513745102253,0.16586624610836642,0.646198616440611,H,0.0
2019-20,2020-01-11,Wolverhampton Wanderers,Newcastle United,D,1478.0036090609688,1400.9470819874102,77.05652707355853,0.24478276524631515,0.2164239747974078,0.538793259956277,H,0.0
2019-20,2020-01-11,Chelsea,Burnley,H,1555.284682980389,1384.4162448466868,170.86843813370228,0.1769868904915871,0.15449651145458865,0.6685165980538242,H,0.0
2019-20,2020-01-11,Everton,Brighton and Hove Albion,H,1460.5379054943025,1377.7903771288081,82.74752836549442,0.24032280619657118,0.2130845186751114,0.5465926751283174,H,0.0
2019-20,2020-01-11,Crystal Palace,Arsenal,D,1447.0646854745462,1518.968377769079,-71.9036922945329,0.3828577490220603,0.25964046901174553,0.3575017819661941,A,0.0
2019-20,2020-01-12,Aston Villa,Manchester City,A,1284.1325905294032,1739.1385647831858,-455.0059742537826,0.8160182472073422,0.1,0.08398175279265785,A,0.0
2019-20,2020-01-12,Bournemouth,Watford,A,1374.658113575414,1381.762286859302,-7.104173283888031,0.317074685264333,0.2529919626495114,0.4299333520861556,H,0.0
2019-20,2020-01-18,West Ham,Everton,D,1409.9346804673023,1464.6181590636265,-54.68347859632422,0.3643739656442561,0.2599282422873006,0.3756977920684433,H,0.0
2019-20,2020-01-18,Southampton,Wolverhampton Wanderers,A,1399.7101562842563,1474.2514460894952,-74.54128980523888,0.3857560282385922,0.2594636714279501,0.35478030033345775,A,0.0
2019-20,2020-01-18,Norwich City,Bournemouth,H,1297.8089025442018,1358.7521067860937,-60.94320424189186,0.37100559122455234,0.2599977411728698,0.36899666760257793,A,0.0
2019-20,2020-01-18,Watford,Tottenham,D,1397.6682936486225,1550.8885489591066,-153.22025531048416,0.4803077371733423,0.23884580909777553,0.28084645372888223,A,0.0
2019-20,2020-01-18,Manchester City,Crystal Palace,D,1741.9093911223033,1447.4071672822975,294.50222384000585,0.10349786364732783,0.1,0.7965021363526722,H,0.0
2019-20,2020-01-18,Brighton and Hove Albion,Aston Villa,D,1373.7101235594841,1281.3617641902856,92.34835936919853,0.2329060396149493,0.20726978503403287,0.5598241753510179,H,0.0
2019-20,2020-01-18,Arsenal,Sheffield United,D,1518.6258959613278,1453.635035202623,64.99086075870491,0.2544000139794491,0.22321067405163467,0.5223893119689162,H,0.0
2019-20,2020-01-18,Newcastle United,Chelsea,H,1404.6992449588838,1560.6701872345818,-155.970942275698,0.4838765034225125,0.2376350529844603,0.2784884435930272,A,0.0
2019-20,2020-01-19,Burnley,Leicester City,H,1379.030740592494,1534.1840912878747,-155.1533506953806,0.48281413575843335,0.23799795907385402,0.2791879051677126,A,0.0
2019-20,2020-01-19,Liverpool,Manchester United,H,1766.4754759281172,1541.0443373064436,225.43113862167365,0.14303279572768363,0.11733898254166138,0.739628221730655,H,0.0
2019-20,2020-01-21,Bournemouth,Brighton and Hove Albion,H,1351.9891611872285,1369.5861715570982,-17.597010369869622,0.32705392069347217,0.2554745778643214,0.41747150144220646,H,0.0
2019-20,2020-01-21,Aston Villa,Watford,H,1285.4857161926716,1400.288804523141,-114.80308833046934,0.4322283840161269,0.25248498028937094,0.31528663569450216,A,0.0
2019-20,2020-01-21,Chelsea,Arsenal,D,1552.4538203794402,1515.1759348323912,37.27788554704898,0.2773728030504862,0.23704965843119033,0.48557753851832347,H,0.0
2019-20,2020-01-21,Crystal Palace,Southampton,A,1455.1072147568013,1393.2862759683771,61.8209387884242,0.25696407048311154,0.2249226183697578,0.5181133111471307,H,0.0
2019-20,2020-01-21,Sheffield United,Manchester City,A,1457.0849963315595,1734.2093436477994,-277.1243473162399,0.6497482102070814,0.16407127638199157,0.18618051341092703,A,0.0
2019-20,2020-01-21,Everton,Newcastle United,D,1464.771168907688,1412.9156118140254,51.85555709366258,0.2651296227716968,0.230096180160988,0.5047741970673152,H,0.0
2019-20,2020-01-22,Manchester United,Burnley,A,1537.81472894248,1387.2358200157466,150.57890892673345,0.19064724884092457,0.16861868511785508,0.6407340660412204,H,0.0
2019-20,2020-01-22,Leicester City,West Ham,H,1525.9790118646222,1409.7816706232409,116.19734124138131,0.21504426450475903,0.1920014434925764,0.5929542920026646,H,0.0
2019-20,2020-01-22,Tottenham,Norwich City,H,1548.2680380845882,1304.571848143067,243.6961899415212,0.13260970716066856,0.10563445557054689,0.7617558372687846,H,0.0
2019-20,2020-01-23,Wolverhampton Wanderers,Liverpool,A,1480.6753264053743,1769.7050842920808,-289.0297578867064,0.6660202133190305,0.1557776055945884,0.17820218108638106,A,0.0
2019-20,2020-01-29,West Ham,Liverpool,A,1402.7727707892418,1772.2915349368004,-369.5187641475586,0.7685953074629942,0.10201466113928709,0.12939003139771868,A,0.0
2019-20,2020-02-01,Bournemouth,Aston Villa,H,1361.5645039673884,1293.1040052047183,68.46049876267011,0.25161156040400756,0.2213020063507673,0.5270864332452251,H,0.0
2019-20,2020-02-01,Crystal Palace,Sheffield United,A,1440.8209532505368,1454.3428204626894,-13.521867212152529,0.3231493358730638,0.25457252439803074,0.4222781397289054,H,0.0
2019-20,2020-02-01,Leicester City,Chelsea,D,1532.9879116986212,1549.7248782173629,-16.73696651874161,0.3262267772431447,0.2552908306738688,0.4184823920829865,H,0.0
2019-20,2020-02-01,Liverpool,Southampton,H,1775.0022065494143,1407.5725374746416,367.4296690747726,0.0708077901459561,0.1,0.829192209854044,H,0.0
2019-20,2020-02-01,Manchester United,Wolverhampton Wanderers,D,1521.9658025193237,1478.0888757606547,43.876926758669015,0.27178545705708357,0.23399657432571339,0.494217968617203,H,0.0
2019-20,2020-02-01,Newcastle United,Norwich City,D,1416.0282678123517,1302.72133922573,113.30692858662178,0.21716738921169843,0.19390497849489502,0.5889276322934066,H,0.0
2019-20,2020-02-01,Watford,Everton,A,1392.6705155110942,1461.6585129093617,-68.98799739826745,0.3796747626452913,0.2597949650155455,0.3605302723391632,A,0.0
2019-20,2020-02-01,West Ham,Brighton and Hove Albion,D,1400.062099176628,1360.0108287769383,40.051270399689656,0.27501535518792014,0.23578614238047346,0.4891985024316064,H,0.0
2019-20,2020-02-02,Burnley,Arsenal,D,1403.084746438903,1517.9048769944686,-114.82013055556558,0.4322489321654594,0.2524803739017844,0.31527069393275614,A,0.0
2019-20,2020-02-02,Tottenham,Manchester City,H,1550.1185470019252,1736.9515195166696,-186.83297251474437,0.5248809898907123,0.2222017825398552,0.2529172275694325,A,0.0
2019-20,2020-02-08,Everton,Crystal Palace,H,1468.2054119042784,1433.0156905576102,35.18972134666819,0.2791567642001071,0.2379818694182556,0.4828613663816373,H,0.0
2019-20,2020-02-08,Brighton and Hove Albion,Watford,D,1362.8134885966758,1386.1236165161774,-23.31012791950161,0.33259104507137455,0.2566044173652178,0.4108045375634077,H,0.0
2019-20,2020-02-09,Sheffield United,Bournemouth,H,1462.148083155616,1365.908690367861,96.23939278775492,0.2299377744486942,0.20485356799881144,0.5652086575524943,H,0.0
2019-20,2020-02-14,Wolverhampton Wanderers,Leicester City,D,1480.9926814631465,1531.7490976939096,-50.75641623076308,0.36026395235878983,0.2597831432342987,0.37995290440691143,H,0.0
2019-20,2020-02-15,Norwich City,Liverpool,A,1307.333205484221,1777.172242254119,-469.83903676989803,0.8222980907850937,0.1,0.07770190921490631,A,0.0
2019-20,2020-02-15,Southampton,Burnley,A,1405.4025017699369,1404.6496316158086,0.7528701541282317,0.3097585751529046,0.25079542726977005,0.4394459975773253,H,0.0
2019-20,2020-02-16,Arsenal,Newcastle United,H,1516.339991817563,1411.4164015538606,104.92359026370241,0.2233897296046017,0.1993493225822036,0.5772609478131947,H,0.0
2019-20,2020-02-16,Aston Villa,Tottenham,A,1288.7598188042457,1563.7854150268859,-275.02559622264016,0.6468625121528525,0.16553093981286646,0.18760654803428098,A,0.0
2019-20,2020-02-17,Chelsea,Manchester United,A,1550.9636922220745,1519.0619968168319,31.901695405242663,0.28198160594153576,0.23941583314377166,0.47860256091469255,H,0.0
2019-20,2020-02-19,Manchester City,West Ham,H,1723.284651491709,1397.2594393568904,326.0252121348185,0.08800188790381555,0.1,0.8119981120961844,H,0.0
2019-20,2020-02-22,Southampton,Aston Villa,H,1397.273972862912,1285.9894588777731,111.2845139851388,0.21865968338592193,0.19522914429529925,0.5861111723187789,H,0.0
2019-20,2020-02-22,Sheffield United,Brighton and Hove Albion,D,1465.98890518068,1361.7613772535492,104.22752792713072,0.22391070708627883,0.19979584597206443,0.5762934469416567,H,0.0
2019-20,2020-02-22,Leicester City,Manchester City,A,1532.015086665495,1725.1558028873474,-193.14071622185247,0.5334486305328013,0.21867175386845308,0.24787961559874552,A,0.0
2019-20,2020-02-22,Chelsea,Tottenham,H,1537.3351374265937,1566.5557749533584,-29.220637526764676,0.33839852291430117,0.25760566336947255,0.4039958137162263,H,0.0
2019-20,2020-02-22,Burnley,Bournemouth,H,1412.7781605228336,1362.067868342797,50.710292180036504,0.2660784444900887,0.23066965527401592,0.5032519002358954,H,0.0
2019-20,2020-02-22,Crystal Palace,Newcastle United,H,1425.0931296171684,1402.8442370221817,22.248892594986728,0.2903890154472292,0.24337862213332428,0.4662323624194465,H,0.0
2019-20,2020-02-23,Wolverhampton Wanderers,Norwich City,H,1480.7266924915612,1306.3469663321366,174.37972615942454,0.17467869179233875,0.15205133486110942,0.6732699733465518,H,0.0
2019-20,2020-02-23,Arsenal,Everton,H,1524.912156349242,1476.1279728447203,48.78418350452171,0.26767910248741517,0.23162397020215125,0.5006969273104336,H,0.0
2019-20,2020-02-23,Manchester United,Watford,H,1532.6905516123127,1387.175727859304,145.5148237530086,0.1941420649256634,0.17212437845499184,0.6337335566193447,H,0.0
2019-20,2020-02-24,Liverpool,West Ham,H,1778.1584814062035,1395.388287961252,382.7701934449515,0.06525702755605449,0.1,0.8347429724439456,H,0.0
2019-20,2020-02-28,Norwich City,Leicester City,H,1301.0548628510596,1527.9719614580506,-226.91709860699098,0.5800330088297103,0.19806563175964315,0.22190135941064654,A,0.0
2019-20,2020-02-29,Watford,Liverpool,H,1381.077207169078,1779.014685204654,-397.93747803557585,0.7874423373339035,0.1,0.11255766266609657,A,0.0
2019-20,2020-02-29,Bournemouth,Chelsea,D,1352.69472267171,1543.5713210014421,-190.87659832973213,0.5303671963777522,0.2199519968531653,0.2496808067690825,A,0.0
2019-20,2020-02-29,Brighton and Hove Albion,Crystal Palace,A,1366.165037720464,1430.3604170172089,-64.19537929674493,0.37449024675410536,0.25995531327486426,0.3655544399710305,A,0.0
2019-20,2020-02-29,Newcastle United,Burnley,D,1397.5769496221412,1422.1513061939206,-24.57435657177939,0.3338264219026406,0.25683298348809575,0.4093405946092636,H,0.0
2019-20,2020-02-29,West Ham,Southampton,H,1394.5320841628015,1402.9564826741882,-8.424398511386698,0.31831699152990484,0.2533329551613306,0.4283500533087646,H,0.0
2019-20,2020-03-01,Everton,Manchester United,D,1471.4033078638938,1538.7890723025387,-67.38576443864486,0.3779349582204583,0.2598615322535195,0.3622035095260222,A,0.0
2019-20,2020-03-01,Tottenham,Wolverhampton Wanderers,A,1560.31959137851,1486.0187959726381,74.3007954058719,0.24695974708199422,0.21801022099021244,0.5350300319277934,H,0.0
2019-20,2020-03-07,Sheffield United,Norwich City,H,1461.5852447137652,1310.144301844902,151.4409428688632,0.19005572956608993,0.1680206980936995,0.6419235723402106,H,0.0
2019-20,2020-03-07,Liverpool,Bournemouth,H,1758.472071957705,1356.293044678514,402.17902727919113,0.05880941192287409,0.1,0.8411905880771259,H,0.0
2019-20,2020-03-07,Southampton,Newcastle United,A,1393.6250692626063,1396.560836540844,-2.9357672782377904,0.31317692236520467,0.25186206234809133,0.43496101528670394,H,0.0
2019-20,2020-03-07,Burnley,Tottenham,D,1423.1674192752178,1551.1445650780017,-127.97714580278398,0.4483262934205189,0.248528053160127,0.30314565341935407,A,0.0
2019-20,2020-03-07,Arsenal,West Ham,H,1529.6368213300684,1403.8634975743835,125.77332375568494,0.2080908342029184,0.18561099131221184,0.6062981744848698,H,0.0
2019-20,2020-03-07,Crystal Palace,Watford,H,1437.0140425650661,1401.6198204160269,35.39422214903925,0.27898171224800733,0.2378913081294721,0.48312697962252055,H,0.0
2019-20,2020-03-07,Wolverhampton Wanderers,Brighton and Hove Albion,D,1495.1938222731465,1359.5114121726067,135.68241010053976,0.201024651810517,0.17888446845836717,0.6200908797311159,H,0.0
2019-20,2020-03-08,Manchester United,Manchester City,H,1538.5765249295812,1729.1989280947917,-190.62240316521047,0.5300216602453078,0.22009482251278797,0.24988351724190414,A,0.0
2019-20,2020-03-08,Chelsea,Everton,H,1539.9729989946381,1471.6158552368513,68.35714375778684,0.25169435399932205,0.22135937809453002,0.526946267906148,H,0.0
2019-20,2020-03-09,Leicester City,Aston Villa,H,1518.8825224642083,1280.3069490664968,238.57557339771142,0.13548260884512273,0.1088642633965775,0.7556531277582997,H,0.0
2019-20,2020-06-17,Aston Villa,Sheffield United,D,1275.8919524480036,1464.5481140986676,-188.656161650664,0.5273518227973094,0.2211933093916326,0.25145486781105797,A,0.0
2019-20,2020-06-17,Manchester City,Arsenal,H,1715.4573073374213,1532.9874924330059,182.46981490441544,0.16942386692575723,0.14642960535871297,0.6841465277155298,H,0.0
2019-20,2020-06-19,Norwich City,Southampton,A,1307.1814324599995,1385.5760130787378,-78.39458061873825,0.39002247932524825,0.259142299130907,0.35083522154384483,A,0.0
2019-20,2020-06-19,Tottenham,Manchester United,D,1549.2126148486993,1552.3181456869515,-3.105530838252207,0.3133349383705801,0.2519096501660416,0.4347554114633783,H,0.0
2019-20,2020-06-20,Bournemouth,Crystal Palace,A,1355.5271918998126,1442.0084369549652,-86.48124505515261,0.3991013204165006,0.2582255491627156,0.3426731304207837,A,0.0
2019-20,2020-06-20,Brighton and Hove Albion,Arsenal,H,1364.6150329400011,1527.9057111127086,-163.29067817270743,0.4934469584024776,0.23427427105813153,0.27227877053939076,A,0.0
2019-20,2020-06-20,Watford,Leicester City,D,1396.6254260261278,1523.2975190827015,-126.67209305657366,0.4467127469591729,0.24895490791095118,0.30433234512987584,A,0.0
2019-20,2020-06-20,West Ham,Wolverhampton Wanderers,A,1400.512826471446,1490.090201505752,-89.57737503430599,0.40262222365053907,0.2577882357123289,0.33958954063713204,A,0.0
2019-20,2020-06-21,Newcastle United,Sheffield United,H,1404.6098927247126,1461.0055539446103,-56.39566121989765,0.3661780336300834,0.2599670164761954,0.37385494989372126,H,0.0
2019-20,2020-06-21,Everton,Liverpool,D,1461.5244444128016,1759.2379247364065,-297.7134803236049,0.6777651930239598,0.14973224049855777,0.1725025664774825,A,0.0
2019-20,2020-06-21,Aston Villa,Chelsea,A,1279.434512602061,1550.0644098186879,-270.6298972166269,0.6408044424144956,0.16858332382881816,0.19061223375668626,A,0.0
2019-20,2020-06-22,Manchester City,Burnley,H,1720.5390886577186,1425.0993695045202,295.43971915319844,0.10300457835933056,0.1,0.7969954216406695,H,0.0
2019-20,2020-06-23,Leicester City,Brighton and Hove Albion,D,1521.401755388497,1372.931296258673,148.4704591298239,0.1920981982716701,0.17007988345504851,0.6378219182732814,H,0.0
2019-20,2020-06-23,Tottenham,West Ham,H,1547.5895425403912,1390.8530233306174,156.73651920977386,0.18644358949246237,0.16434109954180914,0.6492153109657286,H,0.0
2019-20,2020-06-24,Liverpool,Crystal Palace,H,1753.2955304623636,1451.7749080020076,301.520622460356,0.09985445290140348,0.1,0.8001455470985965,H,0.0
2019-20,2020-06-24,Newcastle United,Aston Villa,D,1417.9861338403985,1276.6044080187733,141.3817258216252,0.19701957630556122,0.17497456496852334,0.6280058587259154,H,0.0
2019-20,2020-06-24,Norwich City,Everton,A,1294.5035248683555,1467.4668386868445,-172.96331381848904,0.5062488095165499,0.22953724864531588,0.26421394183813407,A,0.0
2019-20,2020-06-24,Manchester United,Sheffield United,H,1553.9412179952596,1447.6293128289244,106.31190516633524,0.22235262319485863,0.1984560893744574,0.579191287430684,H,0.0
2019-20,2020-06-24,Wolverhampton Wanderers,Bournemouth,H,1499.7500046465807,1345.7607208527702,153.9892837938105,0.1883128467037032,0.16625119338853958,0.6454359599077573,H,0.0
2019-20,2020-06-25,Southampton,Arsenal,A,1398.2539206703818,1519.5894477940367,-121.33552712365486,0.4401575096153589,0.25062126416612884,0.3092212262185123,A,0.0
2019-20,2020-06-25,Chelsea,Manchester City,H,1552.8945144019756,1724.154846366219,-171.2603319642435,0.5039827315235688,0.23039478913959063,0.26562247933684063,A,0.0
2019-20,2020-06-25,Burnley,Watford,H,1421.4836117960197,1398.5211897203324,22.9624220756873,0.2897615914938625,0.24309860524610835,0.46713980326002913,H,0.0
2019-20,2020-06-27,Aston Villa,Wolverhampton Wanderers,A,1281.8283231142384,1502.6763014937128,-220.8479783794744,0.571599363102484,0.20195091572987817,0.2264497211676378,A,0.0
2019-20,2020-06-28,Watford,Southampton,A,1393.268913847851,1389.661270251751,3.6076435961001607,0.3071325382737513,0.24992742436228518,0.4429400373639635,H,0.0
2019-20,2020-06-29,Crystal Palace,Burnley,A,1448.6340540419515,1426.735887668501,21.898166373450522,0.2906977714188942,0.243515491388102,0.4657867371930038,H,0.0
2019-20,2020-06-30,Brighton and Hove Albion,Manchester United,A,1378.3019784618857,1561.2779901243603,-182.97601166247455,0.5196696757281467,0.22430239362518795,0.25602793064666524,A,0.0
2019-20,2020-07-01,Arsenal,Norwich City,H,1528.1820982126676,1290.096036278755,238.08606193391256,0.13575926620660655,0.10917521719989891,0.7550655165934946,H,0.0
2019-20,2020-07-01,Bournemouth,Newcastle United,A,1342.834424005638,1412.7622187449333,-69.92779473929522,0.3806983237549697,0.25974986758263013,0.3595518086624001,A,0.0
2019-20,2020-07-01,Everton,Leicester City,H,1471.874327276445,1516.0310731852842,-44.156745908839184,0.35344325096965884,0.2593634537101112,0.3871932953202299,H,0.0
2019-20,2020-07-01,West Ham,Chelsea,H,1386.2768284604401,1561.3171218066934,-175.0402933462533,0.5090192831451286,0.22847818193500588,0.2625025349198656,A,0.0
2019-20,2020-07-02,Sheffield United,Tottenham,H,1440.2925406998238,1552.1657374105685,-111.87319671074465,0.4287065659410686,0.25325680376791615,0.31803663029101525,A,0.0
2019-20,2020-07-02,Manchester City,Liverpool,H,1715.7322389615013,1756.4363844224197,-40.704145460918426,0.3499177149613423,0.25905634746984596,0.39102593756881177,H,0.0
2019-20,2020-07-04,Manchester United,Bournemouth,H,1569.7265630550228,1329.7823636180017,239.9441994370211,0.1347109686803427,0.10799687667520155,0.7572921546444558,H,0.0
2019-20,2020-07-04,Chelsea,Watford,H,1552.8449807397876,1380.3148954381506,172.53008530163697,0.17589251507695008,0.15333911980249673,0.6707683651205532,H,0.0
2019-20,2020-07-04,Norwich City,Brighton and Hove Albion,A,1285.6695913683154,1369.8534055312232,-84.18381416290777,0.3965047627899365,0.25851924454736364,0.34497599266269985,A,0.0
2019-20,2020-07-04,Wolverhampton Wanderers,Arsenal,A,1506.2511101938721,1532.6085431231072,-26.357432929235074,0.3355750876573196,0.2571420558487815,0.40728285649389884,H,0.0
2019-20,2020-07-04,Leicester City,Crystal Palace,H,1509.545632301774,1440.1824125539224,69.36321974785164,0.25088912721758816,0.22079958470146127,0.5283112880809506,H,0.0
2019-20,2020-07-05,Newcastle United,West Ham,D,1425.8142791325697,1394.748969527346,31.065309605223774,0.28270328600749633,0.23977389404134578,0.4775228199511579,H,0.0
2019-20,2020-07-05,Burnley,Sheffield United,D,1435.18752915653,1452.2964299502632,-17.108900793733255,0.32658427926801653,0.2553707304439077,0.4180449902880758,H,0.0
2019-20,2020-07-05,Liverpool,Aston Villa,H,1741.5110821934418,1278.253514414079,463.2575677793627,0.042193487148082014,0.1,0.857806512851918,H,0.0
2019-20,2020-07-05,Southampton,Manchester City,H,1402.6152886614514,1730.6575411904792,-328.0422525290278,0.7176946847809892,0.12890222844947724,0.15340308676953365,A,0.0
2019-20,2020-07-06,Tottenham,Everton,H,1540.161848160129,1478.3597681599551,61.80208000017387,0.25697937230399587,0.22493271031815934,0.5180879173778448,H,0.0
2019-20,2020-07-07,Crystal Palace,Chelsea,A,1431.5280160887467,1558.186124532413,-126.65810844366638,0.44669547873586163,0.24895944109837065,0.3043450801657678,A,0.0
2019-20,2020-07-07,Watford,Norwich City,H,1374.9737516455252,1279.4575251427023,95.51622650282297,0.2304878187029387,0.20530508510772885,0.5642070961893325,H,0.0
2019-20,2020-07-07,Arsenal,Leicester City,D,1544.5125343214518,1518.2000287669498,26.312505554501968,0.2868285971433264,0.24175606045844314,0.47141534239823046,H,0.0
2019-20,2020-07-08,Sheffield United,Wolverhampton Wanderers,H,1453.5247017193085,1494.3471189955276,-40.822417276219085,0.3500380042550146,0.2590678593479345,0.3908941363970509,H,0.0
2019-20,2020-07-08,West Ham,Burnley,A,1397.3116220384431,1433.9592573874847,-36.64763534904159,0.3458125215698367,0.25861904600598473,0.39556843242417855,H,0.0
2019-20,2020-07-08,Brighton and Hove Albion,Liverpool,A,1376.0654717568364,1742.361998545703,-366.2965267888667,0.7648236179838938,0.10401077493882473,0.13116560707728148,A,0.0
2019-20,2020-07-08,Manchester City,Newcastle United,H,1720.717993166032,1423.2516266214725,297.4663665445596,0.10194520322099483,0.1,0.7980547967790051,H,0.0
2019-20,2020-07-09,Bournemouth,Tottenham,D,1326.0069475231874,1544.6326188363205,-218.62567131313313,0.5685160551751147,0.20335596448491228,0.22812798033997292,A,0.0
2019-20,2020-07-09,Everton,Southampton,D,1473.888997483764,1412.5548366858984,61.33416079786548,0.25735921780822724,0.2251827532035633,0.5174580289882095,H,0.0
2019-20,2020-07-09,Aston Villa,Manchester United,A,1277.4025980618178,1573.501979149837,-296.0993810880193,0.6755909828776355,0.15085471176120555,0.1735543053611589,A,0.0
2019-20,2020-07-11,Watford,Newcastle United,H,1378.8271624812,1419.675959978287,-40.848797497086935,0.3500648391095058,0.2590704174578827,0.39086474343261157,H,0.0
2019-20,2020-07-11,Sheffield United,Chelsea,H,1459.9546497340805,1563.4980070551396,-103.54335732105915,0.4188122921560981,0.2552301716535424,0.32595753619035955,A,0.0
2019-20,2020-07-11,Norwich City,West Ham,A,1275.6041143070274,1390.0361568200208,-114.43204251299335,0.43178118660546533,0.25258493687611216,0.3156338765184225,A,0.0
2019-20,2020-07-11,Liverpool,Burnley,D,1745.119447487213,1441.234722605907,303.88472488130583,0.09865269796543995,0.1,0.8013473020345601,H,0.0
2019-20,2020-07-11,Brighton and Hove Albion,Manchester City,A,1373.3080228153265,1724.2936598092176,-350.98563699389115,0.7464614294229366,0.1137269468080226,0.13981162376904074,A,0.0
2019-20,2020-07-12,Aston Villa,Crystal Palace,H,1272.4080103060564,1426.21613356602,-153.80812325996362,0.4810691370738906,0.23858949539290988,0.28034136753319955,A,0.0
2019-20,2020-07-12,Bournemouth,Leicester City,H,1330.2797225602221,1520.6344266648941,-190.354704104672,0.5296578610154259,0.22024503543293492,0.25009710355163917,A,0.0
2019-20,2020-07-12,Tottenham,Arsenal,H,1540.3598437992857,1542.0781364235074,-1.7182926242217036,0.3120454872211091,0.2515168969282116,0.43643761585067936,H,0.0
2019-20,2020-07-12,Wolverhampton Wanderers,Everton,H,1487.9171709807556,1470.5320921973187,17.38507878343694,0.2946917802813462,0.2452310113841504,0.46007720833450344,H,0.0
2019-20,2020-07-13,Manchester United,Southampton,D,1578.4965669055985,1415.9117419723436,162.58482493325482,0.1824977401116846,0.1602689696451067,0.6572332902432086,H,0.0
2019-20,2020-07-14,Chelsea,Norwich City,H,1548.6075136865038,1262.682873102644,285.92464058385985,0.10810723804156336,0.1,0.7918927619584366,H,0.0
2019-20,2020-07-15,Manchester City,Bournemouth,H,1729.1689459017366,1347.6130945086734,381.5558513930632,0.06568138542082119,0.1,0.8343186145791788,H,0.0
2019-20,2020-07-15,Arsenal,Liverpool,H,1536.3031323829875,1737.3117296642226,-201.0085972812351,0.5442057195442965,0.2141137816251823,0.24168049883052117,A,0.0
2019-20,2020-07-15,Burnley,Wolverhampton Wanderers,D,1449.0424404288974,1498.6575841144363,-49.6151436855389,0.3590767371123357,0.2597263183364074,0.38119694455125697,H,0.0
2019-20,2020-07-15,Newcastle United,Tottenham,A,1413.2455725270117,1546.1348478398056,-132.88927531279387,0.4544358989383732,0.24685431994796359,0.2987097811136632,A,0.0
2019-20,2020-07-16,Crystal Palace,Manchester United,A,1413.2409143708944,1572.8431429761422,-159.60222860524777,0.48861119649651946,0.23599266714735684,0.27539613635612364,A,0.0
2019-20,2020-07-16,Everton,Aston Villa,D,1459.791679063638,1285.383229501182,174.40844956245587,0.17465987842962563,0.1520313420313564,0.673308779539018,H,0.0
2019-20,2020-07-16,Leicester City,Sheffield United,H,1503.3010547164429,1474.8451431027163,28.455911613726585,0.2849630263974461,0.24087328409860861,0.4741636895039453,H,0.0
2019-20,2020-07-16,Southampton,Brighton and Hove Albion,D,1421.5651659018,1368.4327367228075,53.132429178992425,0.26407432781256,0.22945155520560237,0.5064741169818376,H,0.0
2019-20,2020-07-17,West Ham,Watford,H,1402.9573980244043,1385.2575499324753,17.69984809192897,0.29441194216582856,0.2451141330835957,0.4604739247505757,H,0.0
2019-20,2020-07-18,Norwich City,Burnley,A,1261.2091956427453,1448.7436292191132,-187.53443357636797,0.5258310762761775,0.22181493993943338,0.25235398378438906,A,0.0
2019-20,2020-07-19,Tottenham,Leicester City,H,1554.352986350281,1511.4437338483133,42.909252501967785,0.2726000480929597,0.23445427825385778,0.49294567365318254,H,0.0
2019-20,2020-07-19,Bournemouth,Southampton,A,1346.7509175595,1418.4193573441828,-71.66843978468273,0.3826001178613938,0.2596545300477151,0.3577453520908911,A,0.0
2019-20,2020-07-20,Brighton and Hove Albion,Newcastle United,D,1371.5785452804246,1405.0274340165363,-33.44888873611171,0.34260329635959397,0.25821620587985344,0.39918049776055264,H,0.0
2019-20,2020-07-20,Sheffield United,Everton,A,1466.7024639708459,1453.9111680751312,12.791295895714711,0.29879779025656455,0.2468887317591213,0.45431347798431415,H,0.0
2019-20,2020-07-20,Wolverhampton Wanderers,Crystal Palace,H,1498.9563953242205,1405.8564559830763,93.09993934114414,0.23233102511064152,0.2068056309013348,0.5608633439880236,H,0.0
2019-20,2020-07-21,Aston Villa,Arsenal,H,1291.2637404896889,1545.099185663933,-253.83544517424411,0.617522511229646,0.18014567202110243,0.20233181674925163,A,0.0
2019-20,2020-07-21,Watford,Manchester City,A,1376.7565798059118,1730.03112285091,-353.27454304499815,0.7492513769932005,0.11225135960523532,0.13849726340156415,A,0.0
2019-20,2020-07-22,Manchester United,West Ham,D,1580.2276013639603,1411.4583681509678,168.7692332129925,0.17837474361608766,0.15595914951134,0.6656661068725724,H,0.0
2019-20,2020-07-22,Liverpool,Chelsea,H,1728.5156763832772,1550.0811911464025,178.4344852368747,0.17203390092115797,0.14923109051330682,0.6787350085655351,H,0.0
2019-20,2020-07-26,Southampton,Sheffield United,H,1428.7016926316305,1458.3880018613092,-29.686309229678727,0.33885954148776126,0.2576772426714669,0.4034632158407719,H,0.0
2019-20,2020-07-26,Leicester City,Manchester United,A,1501.759813134644,1574.454286447101,-72.69447331245692,0.3837248003222292,0.2595911527513631,0.3566840469264078,A,0.0
2019-20,2020-07-26,Manchester City,Norwich City,H,1734.3580597827279,1254.6435904847954,479.7144692979325,0.038543162766626886,0.1,0.8614568372333732,H,0.0
2019-20,2020-07-26,Everton,Bournemouth,A,1462.2256301846678,1336.4685822720523,125.75704791261546,0.20810254823079735,0.18562195241808246,0.6062754993511202,H,0.0
2019-20,2020-07-26,Newcastle United,Liverpool,A,1405.7901522350985,1732.6253597482569,-326.83520751315837,0.716143637559371,0.1297175108035371,0.15413885163709182,A,0.0
2019-20,2020-07-26,Arsenal,Watford,H,1535.737613218824,1372.4296428740938,163.30797034473017,0.18201299899424045,0.1597650956013319,0.6582219054044277,H,0.0
2019-20,2020-07-26,Chelsea,Wolverhampton Wanderers,H,1545.9715077814228,1505.1308944346376,40.840613346785176,0.274346856424916,0.23542129584867497,0.490231847726409,H,0.0
2019-20,2020-07-26,Burnley,Brighton and Hove Albion,A,1455.3092343770631,1370.8158270618624,84.49340731520078,0.23896415202289553,0.21204352188067976,0.5489923260964247,H,0.0
2019-20,2020-07-26,Crystal Palace,Tottenham,D,1399.6819568726592,1564.0369070639504,-164.3549501912912,0.4948471267480942,0.2337692243678461,0.27138364888405975,A,0.0
2019-20,2020-07-26,West Ham,Aston Villa,D,1417.2316830678271,1300.6253129347979,116.60637013302926,0.21474473039825473,0.1917310565659074,0.5935242130358379,H,0.0
2020-21,2020-09-12,Crystal Palace,Southampton,H,1402.598356017286,1438.5981624800136,-35.99980646272752,0.34516059230789997,0.25854158212453887,0.3962978255675611,H,0.0
2020-21,2020-09-12,Fulham,Arsenal,A,1313.3768141497787,1538.533113270931,-225.1562991211522,0.5775844529763378,0.19919984229977108,0.22321570472389116,A,0.0
2020-21,2020-09-12,Liverpool,Leeds United,H,1736.0135835065694,1420.0,316.0135835065694,0.09268492510227956,0.1,0.8073150748977205,H,0.0
2020-21,2020-09-12,West Ham,Newcastle United,A,1412.5453780240102,1402.401928476786,10.143449547224236,0.3011834254791632,0.24780291809457577,0.451013656426261,H,0.0
2020-21,2020-09-13,Tottenham,Everton,A,1561.1205079193235,1446.7525511788788,114.3679567404447,0.21638670495956985,0.19320769850933373,0.5904055965310964,H,0.0
2020-21,2020-09-13,West Bromwich Albion,Leicester City,A,1343.844088115183,1491.5134873764891,-147.66939926130613,0.47315404606638223,0.24119935330268516,0.28564660063093267,A,0.0
2020-21,2020-09-14,Brighton and Hove Albion,Chelsea,A,1380.117311673494,1553.7119175573282,-173.59460588383422,0.5070901114055509,0.229216872969557,0.26369301562489217,A,0.0
2020-21,2020-09-14,Sheffield United,Wolverhampton Wanderers,A,1448.4915320129262,1497.3904846587322,-48.89895264580605,0.358333370080932,0.2596872912725375,0.38197933864653055,H,0.0
2020-21,2020-09-19,Leeds United,Fulham,H,1418.751663267289,1306.365991253239,112.38567201404999,0.21784647314463595,0.1945089760840281,0.5876445507713359,H,0.0
2020-21,2020-09-19,Manchester United,Crystal Palace,A,1584.7006122052558,1408.9478743483917,175.7527378568641,0.17378063513564032,0.15109586575227255,0.6751234991120871,H,0.0
2020-21,2020-09-19,Arsenal,West Ham,H,1545.5439361674707,1399.4313920595762,146.11254410789456,0.19372779845178462,0.17171130900399298,0.6345608925442223,H,0.0
2020-21,2020-09-19,Everton,West Bromwich Albion,H,1456.3960459628045,1334.0633290296078,122.3327169331967,0.21057498903613364,0.18792092877458239,0.601504082189284,H,0.0
2020-21,2020-09-20,Leicester City,Burnley,H,1501.2942464620644,1446.0077497654315,55.28649669663287,0.2623001344373509,0.22835168996839036,0.5093481755942587,H,0.0
2020-21,2020-09-20,Chelsea,Liverpool,A,1560.6790972308393,1737.2619202392805,-176.5828230084412,0.5110815456943625,0.2276823840684356,0.2612360702372018,A,0.0
2020-21,2020-09-20,Southampton,Tottenham,A,1432.248644148908,1551.4770131353978,-119.22836898648984,0.4375882983842491,0.2512438098144957,0.3111678918012552,A,0.0
2020-21,2020-09-20,Newcastle United,Brighton and Hove Albion,A,1415.51591444122,1373.150131999983,42.365782441237116,0.27305825005713097,0.23470984630386965,0.4922319036389993,H,0.0
2020-21,2020-09-21,Aston Villa,Sheffield United,H,1305.3116179786148,1437.401013414193,-132.08939543557813,0.4534371423159656,0.2471340348453539,0.2994288228386805,A,0.0
2020-21,2020-09-21,Wolverhampton Wanderers,Manchester City,A,1508.4810032574655,1735.6179964151577,-227.13699315769213,0.5803388803826424,0.19792360026138917,0.22173751935596847,A,0.0
2020-21,2020-09-26,Brighton and Hove Albion,Manchester United,A,1390.6463954151914,1568.5190492662414,-177.87265385105002,0.5128089731155424,0.22701098382921578,0.26018004305524184,A,0.0
2020-21,2020-09-26,Burnley,Southampton,A,1438.721995600663,1421.3186741439727,17.403321456690264,0.29467555682493163,0.24522424905453177,0.4601001941205366,H,0.0
2020-21,2020-09-26,Crystal Palace,Everton,A,1425.129437287406,1463.2067524016695,-38.077315114263456,0.3472548222763044,0.2587825752854343,0.39396260243826137,H,0.0
2020-21,2020-09-26,West Bromwich Albion,Chelsea,D,1327.2526225907427,1553.7992091024016,-226.54658651165892,0.5795176720922023,0.19830475518928328,0.22217757271851443,A,0.0
2020-21,2020-09-27,West Ham,Wolverhampton Wanderers,H,1396.3909305681657,1502.9751290326117,-106.58419846444599,0.42240380989731136,0.25454798638259424,0.3230482037200944,A,0.0
2020-21,2020-09-27,Tottenham,Newcastle United,D,1562.406983140333,1398.0196510260116,164.38733211432145,0.1812907756633531,0.1590129408522339,0.6596962834844129,H,0.0
2020-21,2020-09-27,Sheffield United,Leeds United,A,1429.5245298602938,1422.318700938227,7.2058289220667575,0.30384659803173536,0.2487812460032455,0.44737215596501917,H,0.0
2020-21,2020-09-27,Manchester City,Leicester City,A,1741.1238706400115,1508.580000626833,232.54387001317855,0.1389160097019548,0.11272156300181468,0.7483624272962305,H,0.0
2020-21,2020-09-28,Fulham,Aston Villa,A,1302.7989535823008,1313.1881015325139,-10.3891479502131,0.32017280105282225,0.2538252700077418,0.42600192893943595,H,0.0
2020-21,2020-09-28,Liverpool,Arsenal,H,1744.141808367718,1548.5843976588812,195.55741070883687,0.16111174252403412,0.137399489524348,0.7014887679516179,H,0.0
2020-21,2020-10-03,Everton,Brighton and Hove Albion,H,1470.4496514096666,1386.3293143530982,84.12033705656836,0.23925410326107097,0.21226660208789272,0.5484792946510363,H,0.0
2020-21,2020-10-03,Chelsea,Crystal Palace,H,1549.3419031412311,1417.886538279409,131.4553648618221,0.2040229731642052,0.1817661764003682,0.6142108504354266,H,0.0
2020-21,2020-10-03,Newcastle United,Burnley,H,1403.7082701625043,1430.33767413473,-26.629403972225646,0.33584245878015384,0.25718782729016637,0.40696971392967973,H,0.0
2020-21,2020-10-03,Leeds United,Manchester City,D,1430.547526048049,1719.9744001043905,-289.4268740563416,0.6665597907125809,0.15550088920577065,0.1779393200816485,A,0.0
2020-21,2020-10-04,Wolverhampton Wanderers,Fulham,H,1485.578475031411,1287.0442432729396,198.53423175847138,0.1592540255785311,0.1353613344251095,0.7053846399963595,H,0.0
2020-21,2020-10-04,Southampton,West Bromwich Albion,H,1429.7029956099057,1331.7099285519132,97.99306705799245,0.2286069789659381,0.20375411794135675,0.5676389030927051,H,0.0
2020-21,2020-10-04,Manchester United,Tottenham,A,1572.8361303283345,1556.7183640038404,16.11776632449414,0.29582040182811103,0.24569733580627978,0.45848226236560924,H,0.0
2020-21,2020-10-04,Aston Villa,Liverpool,H,1328.942811841875,1747.910651223729,-418.967839381854,0.7988335112581679,0.1,0.10116648874183212,A,0.0
2020-21,2020-10-04,Arsenal,Sheffield United,H,1544.8155548028703,1421.295704750472,123.5198500523984,0.2097160742831525,0.18712557554947182,0.6031583501673756,H,0.0
2020-21,2020-10-04,Leicester City,West Ham,A,1529.729471162454,1413.7875845693663,115.9418865930877,0.21523145016874795,0.19217018562233815,0.5925983642089139,H,0.0
2020-21,2020-10-17,Chelsea,Southampton,D,1556.9154870707755,1435.7423525771922,121.17313449358335,0.21141579623067533,0.18869607277852588,0.5998881309907989,H,0.0
2020-21,2020-10-17,Everton,Liverpool,D,1476.8773911573599,1721.1919105169409,-244.31451935958103,0.6042656529885623,0.18659217651386825,0.20914217049756936,A,0.0
2020-21,2020-10-17,Manchester City,Arsenal,H,1714.188479617495,1548.2019684872407,165.98651113025426,0.18022359167181518,0.1578984504071929,0.6618779579209919,H,0.0
2020-21,2020-10-17,Newcastle United,Manchester United,A,1413.523619879089,1551.2131055386494,-137.68948565956043,0.4604608609534575,0.24511798746533123,0.2944211515812113,A,0.0
2020-21,2020-10-18,Leicester City,Aston Villa,A,1510.4088517133816,1355.6615525486632,154.74729916471847,0.1877960813462689,0.16572439506147674,0.6464795235922544,H,0.0
2020-21,2020-10-18,Sheffield United,Fulham,D,1417.9092910661016,1284.7022373836435,133.20705368245808,0.20277758590645342,0.18057405152559214,0.6166483625679544,H,0.0
2020-21,2020-10-18,Tottenham,West Ham,D,1578.3413887935255,1433.1082040184388,145.23318477508678,0.1943374266186906,0.17231893954544097,0.6333436338358684,H,0.0
2020-21,2020-10-18,Crystal Palace,Brighton and Hove Albion,D,1410.3129543498646,1379.901574605405,30.411379744459737,0.28326841980971956,0.24005193298943492,0.4766796472008455,H,0.0
2020-21,2020-10-19,West Bromwich Albion,Burnley,D,1325.6705715846267,1420.5223244181452,-94.8517528335185,0.4086774064046689,0.25693416033461103,0.3343884332607201,A,0.0
2020-21,2020-10-19,Leeds United,Wolverhampton Wanderers,A,1436.3334465349444,1487.9204809207072,-51.58703438576276,0.3611300491187241,0.25982035235128237,0.3790495985299936,H,0.0
2020-21,2020-10-23,Aston Villa,Leeds United,A,1365.6979779110504,1429.3968202053327,-63.69884229428226,0.37395646977709246,0.2599652643037079,0.3660782659191996,A,0.0
2020-21,2020-10-24,Fulham,Crystal Palace,A,1289.7529778127455,1407.767895867751,-118.01491805500541,0.4361137292387474,0.2515931168607883,0.31229315390046425,A,0.0
2020-21,2020-10-24,Liverpool,Sheffield United,H,1716.3342798047408,1412.8585506369996,303.4757291677413,0.09885969343414507,0.1,0.801140306565855,H,0.0
2020-21,2020-10-24,Manchester United,Chelsea,D,1561.3899055405504,1552.1272403764626,9.26266516408782,0.30198009542201415,0.2481002341030725,0.4499196704749134,H,0.0
2020-21,2020-10-24,West Ham,Manchester City,D,1438.4122544334148,1716.9472340704838,-278.534979637069,0.651685127879501,0.16308954904168774,0.1852253230788113,A,0.0
2020-21,2020-10-25,Arsenal,Leicester City,A,1545.443214034252,1500.3724263509944,45.07078768325755,0.27078267469747036,0.23342723389551395,0.49579009140701574,H,0.0
2020-21,2020-10-25,Southampton,Everton,H,1440.530599271505,1481.73502186956,-41.20442259805486,0.3504267582863336,0.2591045614125258,0.3904686803011406,H,0.0
2020-21,2020-10-25,Wolverhampton Wanderers,Newcastle United,D,1494.857107250319,1403.346819877188,91.51028737313095,0.23354817600928152,0.20778587937557835,0.5586659446151401,H,0.0
2020-21,2020-10-26,Brighton and Hove Albion,West Bromwich Albion,D,1382.4466330875186,1326.670334582444,55.77629850507469,0.26189776881840743,0.22809944953371225,0.5100027816478803,H,0.0
2020-21,2020-10-26,Burnley,Tottenham,A,1419.522561420328,1573.0373383785495,-153.51477695822155,0.4806891090120599,0.23871756302642153,0.28059332796151853,A,0.0
2020-21,2020-10-30,Wolverhampton Wanderers,Crystal Palace,H,1490.7531944300122,1413.2580760974033,77.49511833260885,0.24443733639031454,0.2161696234112632,0.5393930401984223,H,0.0
2020-21,2020-10-31,Liverpool,West Ham,H,1717.6724504603826,1443.9858472146564,273.68660324572625,0.11498967830228006,0.1,0.78501032169772,H,0.0
2020-21,2020-10-31,Sheffield United,Manchester City,A,1411.5203799813578,1711.3736412892422,-299.8532613078844,0.6806408367241075,0.1482454370065567,0.17111372626933588,A,0.0
2020-21,2020-10-31,Burnley,Chelsea,A,1414.746248877938,1554.0947842135913,-139.34853533565342,0.46255552230335883,0.24449513230938802,0.29294934538725315,A,0.0
2020-21,2020-11-01,Aston Villa,Southampton,A,1352.3685556870564,1450.7319105200772,-98.36335483302082,0.41274872523507505,0.2562898682529233,0.33096140651200157,A,0.0
2020-21,2020-11-01,Manchester United,Arsenal,A,1559.4223617034218,1536.6571865919204,22.76517511150132,0.2899349391827697,0.24317622227136323,0.46688883854586705,H,0.0
2020-21,2020-11-01,Newcastle United,Everton,H,1407.4507326974947,1471.5337106209877,-64.08297792349299,0.37436936018814604,0.2599576754739387,0.3656729643379152,A,0.0
2020-21,2020-11-01,Tottenham,Brighton and Hove Albion,H,1577.8136509209396,1379.2324235280153,198.58122739292435,0.15922479594700742,0.13532921349036753,0.705445990562625,H,0.0
2020-21,2020-11-02,Fulham,West Bromwich Albion,H,1284.262797583093,1329.8845441419473,-45.621746558854284,0.3549480239380991,0.2594756185283068,0.3855763575335941,H,0.0
2020-21,2020-11-02,Leeds United,Leicester City,A,1442.7262424293267,1509.1584537933259,-66.43221136399916,0.3769026589817426,0.2598949717152718,0.3632023693029856,A,0.0
2020-21,2020-11-06,Brighton and Hove Albion,Burnley,D,1376.8909803549311,1404.6358458782788,-27.7448655233477,0.336940857001726,0.25737174961619885,0.4056873933820751,H,0.0
2020-21,2020-11-06,Southampton,Newcastle United,H,1456.6370900335853,1414.265162726825,42.3719273067602,0.27305306644436267,0.2347069626780305,0.49223997087760685,H,0.0
2020-21,2020-11-07,West Ham,Fulham,H,1442.4105960477084,1294.580569527681,147.83002652002733,0.19254008468596967,0.17052328667548677,0.6369366286385436,H,0.0
2020-21,2020-11-07,Everton,Manchester United,A,1464.7192805916573,1550.9578233482277,-86.2385427565705,0.39882637134048865,0.25825781730250497,0.3429158113570064,A,0.0
2020-21,2020-11-07,Chelsea,Sheffield United,H,1564.2051872132504,1409.0694325259747,155.13575468727572,0.18753155337721417,0.165454357583642,0.6470140890391438,H,0.0
2020-21,2020-11-07,Crystal Palace,Leeds United,H,1406.639186658171,1429.5187394482,-22.879552790029038,0.332171136662673,0.2565247899158777,0.4113040734214493,H,0.0
2020-21,2020-11-08,Arsenal,Aston Villa,A,1545.1217249471144,1346.4633761735483,198.6583487735661,0.15917683580512826,0.13527650585212833,0.7055466583427434,H,0.0
2020-21,2020-11-08,Leicester City,Wolverhampton Wanderers,H,1522.3659567744526,1497.3720838692445,24.993872905208036,0.28798054743921087,0.24228995302949294,0.46972949953129617,H,0.0
2020-21,2020-11-08,Manchester City,Liverpool,D,1713.8245887446253,1719.2477016273306,-5.423112882705254,0.3154982894788588,0.25254599306898906,0.43195571745215217,H,0.0
2020-21,2020-11-08,West Bromwich Albion,Tottenham,A,1319.5667721973593,1580.1550940940238,-260.5883218966644,0.6269050840608532,0.17552037244957325,0.19757454348957348,A,0.0
2020-21,2020-11-21,Tottenham,Manchester City,H,1583.1253251678474,1712.2665339761259,-129.1412088082784,0.44976895914861015,0.24814096569251462,0.3020900751588752,A,0.0
2020-21,2020-11-21,Aston Villa,Brighton and Hove Albion,A,1367.2119485372557,1375.9652609745438,-8.75331243728806,0.3186270816807829,0.25341663734054165,0.42795628097867544,H,0.0
2020-21,2020-11-21,Manchester United,West Bromwich Albion,H,1560.7326737459898,1316.5965411235356,244.13613262245417,0.1323646818963687,0.10535895748452356,0.7622763606191078,H,0.0
2020-21,2020-11-21,Newcastle United,Chelsea,A,1406.5737028775573,1570.025099570767,-163.45139669320974,0.49365826396557827,0.23419826486587889,0.27214347116854287,A,0.0
2020-21,2020-11-22,Sheffield United,West Ham,A,1403.249520168458,1445.4258815897415,-42.176361421283445,0.3514174708146964,0.2591946352261729,0.3893878939591307,H,0.0
2020-21,2020-11-22,Liverpool,Leicester City,H,1720.80575639583,1527.5756173085415,193.23013908728853,0.16257263602480995,0.1389975090462683,0.6984298549289217,H,0.0
2020-21,2020-11-22,Leeds United,Arsenal,D,1417.2588204009644,1524.373152583407,-107.1143321824427,0.42303235899466035,0.25442453880095517,0.3225431022043845,A,0.0
2020-21,2020-11-22,Fulham,Everton,A,1291.565283985648,1454.9444301938952,-163.37914620824722,0.493563266168245,0.234232444770337,0.272204289061418,A,0.0
2020-21,2020-11-23,Burnley,Crystal Palace,H,1405.5615652586662,1418.8991057054066,-13.337540446740377,0.32297359884690685,0.2545298465449573,0.4224965546081359,H,0.0
2020-21,2020-11-23,Wolverhampton Wanderers,Southampton,D,1492.1624233351556,1464.3285498828532,27.83387345230244,0.28550355821944473,0.2411313706745289,0.47336507110602644,H,0.0
2020-21,2020-11-27,Crystal Palace,Newcastle United,A,1412.9292030449922,1399.3054165561066,13.623786488885571,0.2980506178808926,0.24659502900892152,0.4553543531101859,H,0.0
2020-21,2020-11-28,West Bromwich Albion,Sheffield United,H,1314.7503525937218,1396.0998386877452,-81.3494860940234,0.3933202688532642,0.25884526576952765,0.347834465377208,A,0.0
2020-21,2020-11-28,Manchester City,Burnley,H,1699.8513154993384,1411.5314679190806,288.31984758025783,0.1068025648335221,0.1,0.7931974351664779,H,0.0
2020-21,2020-11-28,Everton,Leeds United,A,1459.5315780688047,1418.6066283965315,40.924949672273215,0.27427549570939397,0.23538217831867883,0.49034232597192723,H,0.0
2020-21,2020-11-28,Brighton and Hove Albion,Liverpool,D,1383.8802810524915,1725.6182117047415,-341.73793065225004,0.7350368221986268,0.11976396250803602,0.14519921529333726,A,0.0
2020-21,2020-11-29,Chelsea,Tottenham,D,1577.2933858922177,1595.540543644635,-18.24715775241725,0.32768030283548544,0.2556111178330988,0.4167085793314157,H,0.0
2020-21,2020-11-29,Southampton,Manchester United,A,1466.804097107062,1562.5788622758037,-95.77476516874162,0.40974445593236997,0.25677064482149503,0.33348489924613495,A,0.0
2020-21,2020-11-29,Arsenal,Wolverhampton Wanderers,A,1523.02534458784,1489.6868761109467,33.33846847689324,0.28074483699939085,0.23879437485914723,0.4804607881414619,H,0.0
2020-21,2020-11-30,Leicester City,Fulham,A,1522.76316199963,1286.9781361107384,235.7850258888916,0.13706444858790973,0.11064191535336668,0.7522936360587237,H,0.0
2020-21,2020-11-30,West Ham,Aston Villa,H,1452.5755630704543,1359.296928459308,93.27863461114634,0.23219442818380104,0.20669509133479644,0.5611104804814026,H,0.0
2020-21,2020-12-05,Chelsea,Leeds United,H,1576.0973944067352,1427.3344486218916,148.76294578484362,0.19189656881973585,0.1698773114805684,0.6382261196996958,H,0.0
2020-21,2020-12-05,Burnley,Everton,D,1407.7716626339407,1450.8037578434446,-43.03209520950395,0.3522916425901562,0.2592700057550301,0.38843835165481366,H,0.0
2020-21,2020-12-05,West Ham,Manchester United,A,1456.4681020037287,1568.5396297171728,-112.07152771344408,0.4289442859372616,0.25320582251450935,0.3178498915482291,A,0.0
2020-21,2020-12-05,Manchester City,Fulham,H,1703.6111207844783,1297.5694517723705,406.04166901210783,0.05759896991725455,0.1,0.8424010300827455,H,0.0
2020-21,2020-12-06,Tottenham,Arsenal,H,1596.7365351301173,1514.4058946546904,82.33064047542689,0.2406478914700112,0.21333196854361264,0.5460201399863762,H,0.0
2020-21,2020-12-06,West Bromwich Albion,Crystal Palace,A,1321.8448846713613,1399.731014522036,-77.8861298506747,0.3894573100320374,0.2591889867966036,0.35135370317135894,A,0.0
2020-21,2020-12-06,Sheffield United,Leicester City,A,1389.0053066101057,1512.171846337998,-123.16653972789231,0.4423988585044368,0.2500639468628007,0.30753719463276247,A,0.0
2020-21,2020-12-06,Liverpool,Wolverhampton Wanderers,H,1718.9173089720393,1498.3063260440963,220.61098292794304,0.14586417956611725,0.12050746155346642,0.7336283588804162,H,0.0
2020-21,2020-12-07,Brighton and Hove Albion,Southampton,A,1390.5811837851936,1460.8433296656929,-70.26214588049925,0.381063023614891,0.25973274461976725,0.3592042317653417,A,0.0
2020-21,2020-12-11,Leeds United,West Ham,A,1422.5769040282519,1447.5695978431243,-24.992693814872382,0.33423602450358736,0.2569068956201775,0.4088570798762352,H,0.0
2020-21,2020-12-12,Everton,Chelsea,H,1451.2917454954297,1580.854939000375,-129.56319350494527,0.45029273730100916,0.24799917055300985,0.30170809214598104,A,0.0
2020-21,2020-12-12,Manchester United,Manchester City,D,1577.4381338777773,1704.798222631697,-127.36008875391963,0.44756286506322535,0.24873081918174905,0.3037063157550256,A,0.0
2020-21,2020-12-12,Newcastle United,West Bromwich Albion,H,1412.5036050790627,1307.1003184973747,105.40328658168801,0.22303108374917094,0.19904108248890842,0.5779278337619207,H,0.0
2020-21,2020-12-12,Wolverhampton Wanderers,Aston Villa,A,1493.4543527830015,1355.4043895260336,138.04996325696789,0.19935567144856603,0.17726341149800645,0.6233809170534275,H,0.0
2020-21,2020-12-13,Southampton,Sheffield United,H,1467.3619402083289,1383.6217261377044,83.74021407062446,0.23954974498579512,0.2124935467933961,0.5479567082208087,H,0.0
2020-21,2020-12-13,Fulham,Liverpool,D,1296.3823499251519,1723.7692822331342,-427.3869323079823,0.8031042769200342,0.1,0.09689572307996587,A,0.0
2020-21,2020-12-13,Leicester City,Brighton and Hove Albion,H,1517.5554268103992,1384.0625732425576,133.49285356784162,0.20257477974487254,0.18037926578485167,0.6170459544702759,H,0.0
2020-21,2020-12-13,Arsenal,Burnley,A,1507.9268775364087,1407.2836749819555,100.64320255445318,0.2266040769312911,0.20208079302381515,0.5713151300448938,H,0.0
2020-21,2020-12-13,Crystal Palace,Tottenham,D,1414.4755806960227,1603.215552248399,-188.73997155237635,0.5274655154670671,0.22114671607407674,0.25138776845885624,A,0.0
2020-21,2020-12-15,Manchester City,West Bromwich Albion,D,1702.883375690265,1303.4166004372476,399.46677525301743,0.05967344999292157,0.1,0.8403265500070785,H,0.0
2020-21,2020-12-15,Wolverhampton Wanderers,Chelsea,H,1483.5707099722717,1573.0155852152845,-89.4448752430128,0.40247103652784216,0.2578079241238872,0.33972103934827064,A,0.0
2020-21,2020-12-16,West Ham,Crystal Palace,D,1455.1114469593635,1418.0202501826377,37.09119677672584,0.2775319800293241,0.2371336743743795,0.4853343455962964,H,0.0
2020-21,2020-12-16,Arsenal,Southampton,D,1498.4351410437444,1475.4865596062127,22.94858143753163,0.2897737527414914,0.24310405677960517,0.46712219047890335,H,0.0
2020-21,2020-12-16,Fulham,Brighton and Hove Albion,D,1304.229111634486,1377.6019547371197,-73.37284310263385,0.38446988434981705,0.259546328271893,0.35598378737828984,A,0.0
2020-21,2020-12-16,Leeds United,Newcastle United,H,1415.0350549120126,1416.1873231391899,-1.1522682271772737,0.3115205315052606,0.2513541068838939,0.4371253616108455,H,0.0
2020-21,2020-12-16,Leicester City,Everton,A,1524.0160453158371,1459.1310992805202,64.88494603531694,0.25448543000705437,0.2232683708442766,0.522246199148669,H,0.0
2020-21,2020-12-16,Liverpool,Tottenham,H,1715.9225205238001,1599.670882761784,116.25163776201612,0.21500448983766735,0.1919655651630662,0.5930299449992664,H,0.0
2020-21,2020-12-17,Sheffield United,Manchester United,A,1375.4971067398205,1579.3529808192093,-203.85587407938874,0.5481157001475665,0.21242453211816728,0.23945976773426622,A,0.0
2020-21,2020-12-17,Aston Villa,Burnley,D,1365.2880323367633,1416.77541147462,-51.48737913785658,0.3610260463257103,0.25981607264924167,0.37915788102504805,H,0.0
2020-21,2020-12-19,Crystal Palace,Liverpool,A,1420.744218440072,1719.4260845498184,-298.68186610974635,0.6790675577086713,0.14905918115964914,0.1718732611316795,A,0.0
2020-21,2020-12-19,Everton,Arsenal,H,1473.4812109759696,1496.0920390714596,-22.61082809548998,0.3319092850162577,0.2564746357691166,0.41161607921462573,H,0.0
2020-21,2020-12-19,Newcastle United,Fulham,D,1404.6562885402304,1304.6138230358763,100.04246550435414,0.22705723750060272,0.20246133067946037,0.5704814318199369,H,0.0
2020-21,2020-12-19,Southampton,Manchester City,A,1477.8296615784975,1694.2094523567744,-216.37979077827686,0.5654031458920229,0.20476578164295173,0.22983107246502535,A,0.0
2020-21,2020-12-20,Tottenham,Leicester City,A,1596.1673187357658,1509.6659336203877,86.50138511537807,0.23740702744153172,0.21083701254148496,0.5517559600169833,H,0.0
2020-21,2020-12-20,Brighton and Hove Albion,Sheffield United,D,1377.2172433357293,1371.6395698397844,5.577673495944964,0.3053301804412779,0.24930704069326268,0.4453627788654594,H,0.0
2020-21,2020-12-20,Manchester United,Leeds United,H,1583.2105177192454,1426.566089510972,156.64442820827344,0.1865060871003002,0.1644051641063379,0.649088748793362,H,0.0
2020-21,2020-12-20,West Bromwich Albion,Aston Villa,A,1312.0905237707382,1365.0430684294242,-52.952544658686065,0.3625576321093088,0.25987392390796255,0.3775684439827286,H,0.0
2020-21,2020-12-21,Burnley,Wolverhampton Wanderers,H,1417.020375381959,1490.7945191520912,-73.77414377013224,0.38491121025015773,0.25951871719494884,0.3555700725548933,A,0.0
2020-21,2020-12-21,Chelsea,West Ham,H,1565.791776035465,1452.3874787019292,113.40429733353585,0.21709568342323418,0.1938410631846607,0.5890632533921051,H,0.0
2020-21,2020-12-26,Sheffield United,Everton,A,1373.5049476442266,1479.6066655723182,-106.1017179280916,0.42183238188439814,0.2546591744264233,0.3235084436891786,A,0.0
2020-21,2020-12-26,Leicester City,Manchester United,D,1524.4470074113822,1589.9175455194752,-65.47053810809302,0.37586392964071563,0.25992402511940893,0.3642120452398754,A,0.0
2020-21,2020-12-26,Manchester City,Newcastle United,H,1697.8572154677718,1400.350237842878,297.5069776248938,0.10192407232194939,0.1,0.7980759276780506,H,0.0
2020-21,2020-12-26,Aston Villa,Crystal Palace,H,1378.8547346299251,1413.3482101754103,-34.493475545485126,0.3436486155805548,0.25835336599333947,0.3979980184261057,H,0.0
2020-21,2020-12-26,Arsenal,Chelsea,H,1489.966584475111,1572.8922462629725,-82.9256617878616,0.3950886006459341,0.25866892329166247,0.34624247606240344,A,0.0
2020-21,2020-12-26,Fulham,Southampton,D,1308.9198737332288,1474.1818984675,-165.26202473427134,0.4960421682371985,0.2333355600731284,0.2706222716896732,A,0.0
2020-21,2020-12-27,Leeds United,Burnley,H,1419.8590617107423,1423.9926950164947,-4.133633305752483,0.31429320697909685,0.25219500510733345,0.43351178791356976,H,0.0
2020-21,2020-12-27,Liverpool,West Bromwich Albion,D,1726.8220928144801,1298.2788575702373,428.54323524424285,0.0509977209182025,0.1,0.8490022790817975,H,0.0
2020-21,2020-12-27,West Ham,Brighton and Hove Albion,D,1445.2870084744218,1375.351865531287,69.93514294313468,0.25043207566540043,0.2204800475647479,0.5290878767698517,H,0.0
2020-21,2020-12-27,Wolverhampton Wanderers,Tottenham,D,1483.8221995175554,1581.3862449447713,-97.56404542721589,0.4118192180406846,0.25644180878323186,0.3317389731760836,A,0.0
2020-21,2020-12-28,Chelsea,Aston Villa,D,1561.6076077340751,1391.503455563966,170.10415217010905,0.17749150077185716,0.15502898377025093,0.6674795154578919,H,0.0
2020-21,2020-12-28,Crystal Palace,Leicester City,D,1400.6994892413693,1524.6044491443438,-123.9049599029745,0.44330507390879825,0.24983491079924294,0.3068600152919589,A,0.0
2020-21,2020-12-29,Burnley,Sheffield United,H,1418.1771978466656,1367.7647031786971,50.41249466796853,0.2663255189722167,0.23081803847017224,0.5028564425576111,H,0.0
2020-21,2020-12-29,Manchester United,Wolverhampton Wanderers,H,1589.7601037865136,1484.8991864408458,104.86091734566776,0.22343661059302705,0.1993895635857884,0.5771738258211846,H,0.0
2020-21,2020-12-29,Brighton and Hove Albion,Arsenal,A,1378.9265758415738,1501.2512230040084,-122.32464716243453,0.4413672780009846,0.25032208078763446,0.3083106412113809,A,0.0
2020-21,2020-12-29,West Bromwich Albion,Leeds United,A,1307.145574883166,1425.6745588805713,-118.52898399740525,0.436737970949817,0.2514459601251257,0.31181606892505725,A,0.0
2020-21,2020-12-29,Southampton,West Ham,D,1471.2416304074734,1441.712298164135,29.52933224333833,0.28403193294637596,0.2404242932049793,0.47554377384864477,H,0.0
2020-21,2020-12-30,Newcastle United,Liverpool,D,1398.1583179571876,1717.9553755015513,-319.7970575443637,0.7070315051818928,0.13449883616680341,0.15846965865130386,A,0.0
2020-21,2021-01-01,Everton,West Ham,A,1485.3469100378477,1444.2335984004253,41.113311637422385,0.27411615893537344,0.2352947162475731,0.4905891248170534,H,0.0
2020-21,2021-01-01,Manchester United,Aston Villa,H,1593.4529948907361,1397.3023291971986,196.15066569353758,0.16074053641399785,0.1369927604315705,0.7022667031544316,H,0.0
2020-21,2021-01-02,Brighton and Hove Albion,Wolverhampton Wanderers,D,1373.5256402132723,1481.2062953366233,-107.68065512335102,0.42370460463123566,0.2542911882761295,0.3220042070926349,A,0.0
2020-21,2021-01-02,Crystal Palace,Sheffield United,H,1402.5183563225103,1363.072252697784,39.44610362472622,0.27552861078462376,0.23606429722038516,0.4884070919949911,H,0.0
2020-21,2021-01-02,Tottenham,Leeds United,H,1580.309258021481,1439.8388612423726,140.47039677910834,0.19765710053541363,0.17560145775396568,0.6267414417106206,H,0.0
2020-21,2021-01-02,West Bromwich Albion,Arsenal,A,1292.9812725213649,1506.65215863231,-213.67088611094505,0.5616530516485044,0.20645220309748677,0.23189474525400877,A,0.0
2020-21,2021-01-03,Chelsea,Manchester City,A,1555.8087341008427,1700.0491353534621,-144.24040125261945,0.46876791151662844,0.2425918516439052,0.28864023683946644,A,0.0
2020-21,2021-01-03,Newcastle United,Leicester City,A,1404.4964012487349,1522.7855820632028,-118.28918081446795,0.43644669126360447,0.25151475711460985,0.31203855162178556,A,0.0
2020-21,2021-01-04,Southampton,Liverpool,H,1468.7203301711832,1711.617292210004,-242.8969620388209,0.6022903694212554,0.18754311992863115,0.21016651065011352,A,0.0
2020-21,2021-01-12,Wolverhampton Wanderers,Everton,A,1479.8424868910251,1476.6164295094106,3.2260573816145097,0.307482571327483,0.25004557713957576,0.4424718515329412,H,0.0
2020-21,2021-01-12,Burnley,Manchester United,A,1422.8696483275787,1595.8236861019557,-172.95403777437696,0.5062364527340546,0.2295419461806168,0.2642216010853286,A,0.0
2020-21,2021-01-12,Sheffield United,Newcastle United,H,1355.2871130120948,1399.011920198382,-43.72480718628731,0.3530005921076863,0.2593283174056748,0.38767109048663884,H,0.0
2020-21,2021-01-13,Manchester City,Brighton and Hove Albion,H,1707.9073137113055,1374.8894486588704,333.0178650524351,0.0848572596047105,0.1,0.8151427403952896,H,0.0
2020-21,2021-01-13,Tottenham,Fulham,D,1586.5578214981772,1311.8601417932555,274.6976797049217,0.11440718583231564,0.1,0.7855928141676843,H,0.0
2020-21,2021-01-14,Arsenal,Crystal Palace,D,1515.22582677316,1410.3034960081995,104.9223307649604,0.22339067168932406,0.1993501313512929,0.5772591969593831,H,0.0
2020-21,2021-01-16,Leicester City,Southampton,H,1528.2700631135556,1477.9753762693208,50.294686844234775,0.2664233016943835,0.23087665438207927,0.5027000439235373,H,0.0
2020-21,2021-01-16,Fulham,Chelsea,A,1319.3177598858706,1547.9505557429993,-228.6327958571287,0.5824200046140765,0.19695521328377036,0.22062478210215314,A,0.0
2020-21,2021-01-16,West Ham,Burnley,H,1452.9640789288624,1418.4619878668138,34.50209106204852,0.27974592144802973,0.23828520553992874,0.48196887301204155,H,0.0
2020-21,2021-01-16,Wolverhampton Wanderers,West Bromwich Albion,A,1471.6753496198985,1284.4076043805148,187.26774523938366,0.16634939815985986,0.14310780877231352,0.6905427930678266,H,0.0
2020-21,2021-01-16,Leeds United,Brighton and Hove Albion,A,1433.5902977656763,1373.7542120760625,59.83608568961381,0.2585776635534542,0.22597865384511504,0.5154436826014307,H,0.0
2020-21,2021-01-17,Sheffield United,Tottenham,A,1361.7653710229758,1579.100203405562,-217.33483238258623,0.56672648286522,0.2041675363528316,0.22910598078194847,A,0.0
2020-21,2021-01-17,Liverpool,Manchester United,D,1702.3622461118664,1600.2313465627205,102.13089954914585,0.2254840106556805,0.2011353826456456,0.573380606698674,H,0.0
2020-21,2021-01-17,Manchester City,Crystal Palace,H,1709.0425502941134,1414.7232622396898,294.3192880544236,0.10359435896948095,0.1,0.796405641030519,H,0.0
2020-21,2021-01-18,Arsenal,Newcastle United,H,1510.8060605416697,1392.533662187501,118.27239835416867,0.21352702458684453,0.1906272277774105,0.5958457476357449,H,0.0
2020-21,2021-01-19,Leicester City,Chelsea,H,1535.7111083783882,1551.4006487981515,-15.689540419763262,0.32522166243549,0.2550622514127647,0.41971608615174527,H,0.0
2020-21,2021-01-19,West Ham,West Bromwich Albion,H,1457.976744660782,1294.702961580373,163.27378308040898,0.18203589980108223,0.1597889176796135,0.6581751825193043,H,0.0
2020-21,2021-01-20,Fulham,Manchester United,A,1315.8676668307185,1604.5862345936255,-288.718567762907,0.6655972310275825,0.1559944557520689,0.17840831322034856,A,0.0
2020-21,2021-01-20,Manchester City,Aston Villa,H,1712.3104480256973,1394.931637985979,317.37881003971825,0.09203357436314345,0.1,0.8079664256368566,H,0.0
2020-21,2021-01-21,Liverpool,Burnley,A,1698.0073580809615,1413.4493221348941,284.5580359460673,0.10885777967426746,0.1,0.7911422203257326,H,0.0
2020-21,2021-01-23,Aston Villa,Newcastle United,H,1392.9680410908738,1385.5922485176857,7.375792573188164,0.303692037576556,0.2487256797664545,0.44758228265698946,H,0.0
2020-21,2021-01-26,Newcastle United,Leeds United,A,1376.7399568497287,1424.6029927450936,-47.863035895364874,0.3572603979971032,0.2596262500096952,0.3831133519932016,H,0.0
2020-21,2021-01-26,Southampton,Arsenal,A,1470.5343310044882,1517.747474211485,-47.21314320699685,0.35658861548873394,0.2595851851287254,0.38382619938254064,H,0.0
2020-21,2021-01-26,Crystal Palace,West Ham,A,1411.455364508106,1460.7727161571277,-49.3173516490217,0.35876749049091583,0.2597104061859214,0.3815221033231627,H,0.0
2020-21,2021-01-26,West Bromwich Albion,Manchester City,A,1291.9069900840275,1714.2740449208025,-422.36705483677497,0.8005772833767173,0.1,0.09942271662328278,A,0.0
2020-21,2021-01-27,Brighton and Hove Albion,Fulham,D,1382.741517096645,1313.2772351834842,69.4642819131609,0.25080832694552974,0.22074318953970648,0.5284484835147637,H,0.0
2020-21,2021-01-27,Everton,Leicester City,D,1484.7835667805373,1545.2357294119508,-60.45216263141356,0.3704817882299684,0.2599994808865362,0.3695187308834954,A,0.0
2020-21,2021-01-27,Chelsea,Wolverhampton Wanderers,D,1541.8760277645888,1461.3799924200403,80.49603534454855,0.24208153842314703,0.21441569515426717,0.5435027664225858,H,0.0
2020-21,2021-01-27,Burnley,Aston Villa,H,1424.2398090930947,1401.8203327588308,22.41947633426389,0.29023892926539907,0.2433118691438239,0.4664492015907771,H,0.0
2020-21,2021-01-27,Manchester United,Sheffield United,A,1607.1766662408597,1356.008651178977,251.16801506188267,0.12848719924480434,0.10099992552623055,0.770512875228965,H,0.0
2020-21,2021-01-28,Tottenham,Liverpool,A,1584.8569232495609,1687.216871122761,-102.3599478732001,0.41742096017165276,0.2554836801709147,0.3270953596574326,A,0.0
2020-21,2021-01-30,Arsenal,Manchester United,D,1528.898437308803,1596.512541191921,-67.61410388311788,0.37818250056215424,0.25985284058486185,0.36196465885298384,A,0.0
2020-21,2021-01-30,Crystal Palace,Wolverhampton Wanderers,H,1404.4674841102062,1465.216897334512,-60.74941322430573,0.37079879761254597,0.25999857401517024,0.3692026283722838,A,0.0
2020-21,2021-01-30,Everton,Newcastle United,A,1484.7965810598735,1369.7191897354523,115.07739132442111,0.21586556879160965,0.19274051179256724,0.5913939194158231,H,0.0
2020-21,2021-01-30,Manchester City,Sheffield United,H,1717.5951454424999,1366.6727762279158,350.922369214584,0.0772603228977518,0.1,0.8227396771022483,H,0.0
2020-21,2021-01-30,Southampton,Aston Villa,A,1459.3833679071702,1396.5566362076074,62.82673169956274,0.25614879725706646,0.2243827832513923,0.5194684194915413,H,0.0
2020-21,2021-01-30,West Bromwich Albion,Fulham,D,1288.58588956233,1316.84011911138,-28.254229549050024,0.33744339537990253,0.25745369876262236,0.4051029058574751,H,0.0
2020-21,2021-01-31,Brighton and Hove Albion,Tottenham,H,1379.1786331687492,1575.6328218485557,-196.45418867980652,0.5379699234000423,0.2167724482582077,0.24525762834175,A,0.0
2020-21,2021-01-31,West Ham,Liverpool,A,1467.7605965550274,1696.440972523766,-228.68037596873864,0.582486216239687,0.19692434643832077,0.22058943732199218,A,0.0
2020-21,2021-01-31,Chelsea,Burnley,H,1538.039122850117,1429.503505644318,108.5356172057991,0.2206969806878992,0.19701824436504767,0.5822847749470531,H,0.0
2020-21,2021-01-31,Leicester City,Leeds United,A,1545.2227151326147,1431.62375985937,113.59895527324466,0.21695236905499546,0.19371324040314736,0.5893343905418571,H,0.0
2020-21,2021-02-02,Sheffield United,West Bromwich Albion,H,1365.6464276029772,1287.674707184008,77.9717204189692,0.2440622964460455,0.21589264775715036,0.5400450557968042,H,0.0
2020-21,2021-02-02,Newcastle United,Crystal Palace,A,1385.0158038859488,1411.2272471357417,-26.211443249792865,0.33543163809444365,0.2571173366248088,0.4074510252807476,H,0.0
2020-21,2021-02-02,Wolverhampton Wanderers,Arsenal,H,1458.4571343089765,1529.1175537575102,-70.66041944853373,0.38149782372260177,0.25971160946194966,0.3587905668154486,A,0.0
2020-21,2021-02-02,Manchester United,Southampton,H,1596.2934247432138,1450.3564696729293,145.9369550702845,0.19384944613951877,0.17183267559885546,0.6343178782616257,H,0.0
2020-21,2021-02-03,Aston Villa,West Ham,A,1405.5835344418483,1462.2935217229792,-56.70998728113091,0.36651003093283546,0.2599725181736065,0.373517450893558,H,0.0
2020-21,2021-02-03,Burnley,Manchester City,A,1423.7484269907025,1718.6214940674386,-294.8730670767361,0.6739363122041186,0.15170797188928542,0.17435571590659596,A,0.0
2020-21,2021-02-03,Fulham,Leicester City,A,1317.7513014897022,1529.9512288472838,-212.1999273575816,0.5596189988096615,0.20736130495532007,0.23301969623501853,A,0.0
2020-21,2021-02-03,Leeds United,Everton,A,1446.8952461447009,1469.499966909377,-22.60472076467613,0.33190333581644843,0.25647349182119894,0.41162317236235263,H,0.0
2020-21,2021-02-03,Liverpool,Brighton and Hove Albion,A,1701.9080473558142,1387.9199939640064,313.98805339180785,0.09365882474350067,0.1,0.8063411752564994,H,0.0
2020-21,2021-02-04,Tottenham,Chelsea,A,1566.8914610532986,1543.7942015037327,23.097259549565933,0.28964313382927687,0.24304545444216866,0.4673114117285545,H,0.0
2020-21,2021-02-06,Newcastle United,Southampton,H,1377.5018778046333,1440.2476953349412,-62.74581753030793,0.3729337323717152,0.2599808574076882,0.3670854102205966,A,0.0
2020-21,2021-02-06,Manchester United,Everton,D,1606.4021990812018,1477.096566992546,129.30563208865578,0.20555693703334543,0.1832249468940389,0.6112181160726157,H,0.0
2020-21,2021-02-06,Aston Villa,Arsenal,H,1394.7720724195517,1522.195785196082,-127.42371277653024,0.44764153909653004,0.24870999009235875,0.3036484708111113,A,0.0
2020-21,2021-02-06,Burnley,Brighton and Hove Albion,D,1419.7660765182707,1398.7890356859616,20.977040832309058,0.29150978281490764,0.24387253283161126,0.4646176843534811,H,0.0
2020-21,2021-02-06,Fulham,West Ham,D,1311.860136432325,1473.1049837452758,-161.24484731295092,0.49076150857304385,0.2352335629255135,0.2740049285014426,A,0.0
2020-21,2021-02-07,Liverpool,Manchester City,A,1691.039005633859,1722.6038445398704,-31.564838906011346,0.34072448592559673,0.25795510367695046,0.40132041039745275,H,0.0
2020-21,2021-02-07,Sheffield United,Chelsea,A,1369.8137296227267,1552.263672001269,-182.44994237854235,0.5189605896488145,0.22458538369956954,0.25645402665161593,A,0.0
2020-21,2021-02-07,Tottenham,West Bromwich Albion,H,1558.4219905557622,1283.5074051642584,274.9145853915038,0.11428255292614665,0.1,0.7857174470738534,H,0.0
2020-21,2021-02-07,Wolverhampton Wanderers,Leicester City,D,1465.3789028704048,1535.842393904661,-70.46349103425632,0.3812827835171476,0.259722160202186,0.3589950562806664,A,0.0
2020-21,2021-02-08,Leeds United,Crystal Palace,H,1439.2986460615318,1418.7411732170572,20.55747284447466,0.2918801861111294,0.24403399632153994,0.4640858175673307,H,0.0
2020-21,2021-02-13,Leicester City,Liverpool,H,1535.5413214418872,1676.2561039511331,-140.71478250924588,0.46428518532879726,0.24397354418659287,0.29174127048460985,A,0.0
2020-21,2021-02-13,Manchester City,Tottenham,H,1737.3867462225962,1560.9021199404776,176.4846262821186,0.17330296189616742,0.15058673992250676,0.6761102981813258,H,0.0
2020-21,2021-02-13,Brighton and Hove Albion,Aston Villa,D,1401.0784367334707,1402.5798143306715,-1.5013775972008716,0.31184423085133056,0.25145468511918745,0.436701084029482,H,0.0
2020-21,2021-02-13,Crystal Palace,Burnley,A,1410.3361782057837,1417.4766754707616,-7.1404972649779666,0.3171088149341784,0.2530014536198716,0.42988973144595,H,0.0
2020-21,2021-02-14,Arsenal,Leeds United,H,1514.3880432849621,1447.7036410728053,66.68440221215678,0.2530366213893782,0.22228352866825957,0.5246798499423622,H,0.0
2020-21,2021-02-14,Everton,Fulham,A,1482.0631875754918,1314.6944211179966,167.3687664574952,0.17930392219240435,0.15693511689028466,0.6637609609173111,H,0.0
2020-21,2021-02-14,Southampton,Wolverhampton Wanderers,A,1433.455172918821,1465.6799753331786,-32.224802414357555,0.3413816558936909,0.25804857085191124,0.40056977325439785,H,0.0
2020-21,2021-02-14,West Bromwich Albion,Manchester United,D,1281.027275779543,1601.435578498256,-320.408302718713,0.7078273645674922,0.13408183744492433,0.15809079798758355,A,0.0
2020-21,2021-02-15,Chelsea,Newcastle United,H,1556.4974676521463,1384.2944002207535,172.2030674313928,0.17610759869545603,0.15356686564991745,0.6703255356546266,H,0.0
2020-21,2021-02-15,West Ham,Sheffield United,H,1470.270699059604,1365.5799339718494,104.6907650877547,0.22356391630900296,0.19949877867139448,0.5769373050196026,H,0.0
2020-21,2021-02-17,Burnley,Fulham,D,1433.3810087745621,1330.7705663776626,102.61044239689954,0.2251236254577661,0.20082973340011584,0.574046641142118,H,0.0
2020-21,2021-02-17,Everton,Manchester City,A,1465.9870423158259,1742.6234748978454,-276.63643258201955,0.6490777598482086,0.1644107262837311,0.18651151386806034,A,0.0
2020-21,2021-02-19,Wolverhampton Wanderers,Leeds United,H,1473.0563489721012,1440.7651001180266,32.29124885407464,0.2816459109318565,0.23924813015369725,0.47910595891444624,H,0.0
2020-21,2021-02-20,Liverpool,Everton,A,1663.5738494478837,1461.6304425630715,201.94340688481225,0.1571416068784537,0.13303598224406418,0.7098224108774821,H,0.0
2020-21,2021-02-20,Southampton,Chelsea,D,1426.0787992798985,1560.7371244861063,-134.6583252062078,0.4566501039039014,0.24622588603380163,0.297124010062297,A,0.0
2020-21,2021-02-20,Fulham,Sheffield United,H,1335.136632412237,1358.1883897155533,-23.051757303316208,0.3323390239808796,0.2565567446806477,0.4111042313384727,H,0.0
2020-21,2021-02-20,Burnley,West Bromwich Albion,D,1429.0149427399876,1287.3758730298628,141.6390697101249,0.196839749582004,0.1747974332388319,0.6283628171791641,H,0.0
2020-21,2021-02-21,Arsenal,Manchester City,A,1521.326584239741,1746.9800746505998,-225.65349041085892,0.5782757129778149,0.1988801426494884,0.22284414437269676,A,0.0
2020-21,2021-02-21,Aston Villa,Leicester City,A,1404.2478075796578,1548.2235759451366,-143.97576836547887,0.46843048073898763,0.24269733457990825,0.28887218468110404,A,0.0
2020-21,2021-02-21,Manchester United,Newcastle United,H,1595.0869812479364,1380.0547433867935,215.0322378611429,0.1491827004353867,0.12421116709639458,0.7266061324682187,H,0.0
2020-21,2021-02-21,West Ham,Tottenham,H,1477.6622433159002,1555.6653912652284,-78.0031479493282,0.38958732237486815,0.2591783569881682,0.3512343206369636,A,0.0
2020-21,2021-02-22,Brighton and Hove Albion,Crystal Palace,A,1399.4104434844844,1394.4318449019831,4.978598582501263,0.3058774235343532,0.24949753382804257,0.4446250426376043,H,0.0
2020-21,2021-02-23,Leeds United,Southampton,H,1435.7069967236266,1428.1951639956117,7.5118327280149515,0.3035683685170673,0.24868111198826426,0.44775051949466843,H,0.0
2020-21,2021-02-27,Newcastle United,Wolverhampton Wanderers,D,1376.6452232665765,1478.1144523665012,-101.46922909992463,0.41637611002302954,0.2556700421716978,0.32795384780527265,A,0.0
2020-21,2021-02-27,West Bromwich Albion,Brighton and Hove Albion,H,1292.60517168911,1391.2160737606014,-98.61090207149141,0.4130369286152819,0.25624218183884656,0.33072088954587153,A,0.0
2020-21,2021-02-27,Leeds United,Aston Villa,A,1446.8714459393918,1399.2846134739614,47.58683246543046,0.26867727463194013,0.23221072091113457,0.4991120044569253,H,0.0
2020-21,2021-02-27,Manchester City,West Ham,H,1750.4775374707867,1484.7029292477168,265.7746082230699,0.11963571852107042,0.1,0.7803642814789296,H,0.0
2020-21,2021-02-28,Chelsea,Manchester United,D,1558.620759770393,1598.4965013681533,-39.875741597760225,0.3490761329911745,0.25897374652525645,0.3919501204835691,H,0.0
2020-21,2021-02-28,Crystal Palace,Fulham,D,1402.6262146258662,1341.2694786711345,61.356735954731676,0.2573408838547476,0.22517070540179562,0.5174884107434568,H,0.0
2020-21,2021-02-28,Leicester City,Arsenal,A,1553.186770050833,1517.829121419554,35.35764863127906,0.27901301356675384,0.23790751611171412,0.48307947032153203,H,0.0
2020-21,2021-02-28,Sheffield United,Liverpool,A,1352.0555434566559,1647.0966654115118,-295.04112195485595,0.6741632107454791,0.1515910190758861,0.17424577017863468,A,0.0
2020-21,2021-02-28,Tottenham,Burnley,H,1548.6247053334118,1423.7856440807404,124.8390612526714,0.2087638139081537,0.18623966753645346,0.6049965185553928,H,0.0
2020-21,2021-03-01,Everton,Southampton,H,1478.1076265994434,1417.0307147798464,61.076911819596944,0.25756819456289165,0.22531992774777518,0.5171118776893331,H,0.0
2020-21,2021-03-02,Manchester City,Wolverhampton Wanderers,H,1752.1216938215227,1476.9265079436307,275.1951858778921,0.11412149346246392,0.1,0.7858785065375361,H,0.0
2020-21,2021-03-03,Burnley,Leicester City,D,1415.9712966461557,1539.4791829680719,-123.5078863219162,0.44281760634297923,0.2499583760285283,0.3072240176284924,A,0.0
2020-21,2021-03-03,Crystal Palace,Manchester United,D,1399.2687328075824,1599.0750771917676,-199.8063443841852,0.5425573442875319,0.21482087511074968,0.2426217806017185,A,0.0
2020-21,2021-03-03,Sheffield United,Aston Villa,H,1348.0765208326807,1408.1056095785093,-60.02908874582863,0.3700309790062779,0.25999999785155925,0.36996902314216285,A,0.0
2020-21,2021-03-04,West Bromwich Albion,Everton,A,1299.9735177383284,1482.5923189055877,-182.61880116725933,0.5191881478725379,0.22449464232062447,0.25631720980683764,A,0.0
2020-21,2021-03-04,Fulham,Tottenham,A,1344.6269604894183,1556.4390527679966,-211.81209227857835,0.5590829796905404,0.20760020468420673,0.2333168156252529,A,0.0
2020-21,2021-03-04,Liverpool,Chelsea,A,1651.075688035487,1558.0421839467788,93.03350408870824,0.23238182063357002,0.20684670943173222,0.5607714699346977,H,0.0
2020-21,2021-03-06,Aston Villa,Wolverhampton Wanderers,D,1401.3576810772333,1473.8016979237186,-72.44401684648528,0.3834500129378686,0.2596071142887693,0.3569428727733621,A,0.0
2020-21,2021-03-06,Brighton and Hove Albion,Leicester City,A,1383.847727711383,1537.6713687830868,-153.82364107170383,0.4810892452334748,0.23858271145243196,0.2803280433140933,A,0.0
2020-21,2021-03-06,Burnley,Arsenal,D,1417.7791108311408,1531.5367085023152,-113.75759767117438,0.43096920381424797,0.25276498738293707,0.3162658088028149,A,0.0
2020-21,2021-03-06,Sheffield United,Southampton,A,1354.8244493339566,1412.5460224737021,-57.72157313974549,0.36758018115284935,0.25998681947932506,0.37243299936782553,H,0.0
2020-21,2021-03-07,West Bromwich Albion,Newcastle United,D,1295.7427757826079,1377.833167689447,-82.09039190683916,0.3941506981004712,0.258763922126284,0.3470853797732448,A,0.0
2020-21,2021-03-07,Tottenham,Crystal Palace,H,1560.1624241377106,1403.0886963570224,157.07372778068816,0.18621483890171592,0.16410649605007024,0.6496786650482139,H,0.0
2020-21,2021-03-07,Liverpool,Fulham,A,1641.6720367255498,1340.9035891197043,300.7684476058455,0.10023948767201409,0.1,0.799760512327986,H,0.0
2020-21,2021-03-07,Manchester City,Manchester United,A,1755.2465038414348,1595.2551136423276,159.99139019910717,0.18424191159052392,0.1620755161235972,0.6536825722858789,H,0.0
2020-21,2021-03-08,Chelsea,Everton,H,1567.445835256716,1486.8230608613082,80.62277439540776,0.24198233892087015,0.21434110501463252,0.5436765560644973,H,0.0
2020-21,2021-03-08,West Ham,Leeds United,H,1483.0587728969808,1438.050449834844,45.008323062136924,0.2708350813761982,0.23345714940303922,0.4957077692207626,H,0.0
2020-21,2021-03-10,Manchester City,Southampton,H,1739.2675354957228,1423.3214732109266,315.9460622847962,0.09271724519981984,0.1,0.8072827548001802,H,0.0
2020-21,2021-03-12,Newcastle United,Aston Villa,D,1377.198210491165,1401.7156955946073,-24.517485103442368,0.333770769119147,0.25682286925552955,0.40940636162532346,H,0.0
2020-21,2021-03-13,Fulham,Manchester City,A,1351.7409142849428,1741.7651466018226,-390.02423231687976,0.7828791663051831,0.1,0.11712083369481695,A,0.0
2020-21,2021-03-13,Leeds United,Chelsea,D,1430.442850107298,1573.9740331428407,-143.53118303554265,0.4678639422346499,0.2428739021515964,0.2892621556137537,A,0.0
2020-21,2021-03-13,Crystal Palace,West Bromwich Albion,H,1397.3237097662275,1296.37773298089,100.9459767853375,0.2263758726819191,0.20188873212550934,0.5717353951925714,H,0.0
2020-21,2021-03-13,Everton,Burnley,A,1480.2948629751836,1419.314148577963,60.98071439722071,0.2576463677943051,0.22537117035648585,0.516982461849209,H,0.0
2020-21,2021-03-14,Leicester City,Sheffield United,H,1542.4416944514026,1344.0489985967322,198.39269585467036,0.1593420744514081,0.1354580832296678,0.7051998423189241,H,0.0
2020-21,2021-03-14,Manchester United,West Ham,H,1611.2340819880396,1490.6663726245267,120.5677093635129,0.21185550468590586,0.1891000765322724,0.5990444187818218,H,0.0
2020-21,2021-03-14,Arsenal,Tottenham,H,1530.001670755493,1565.9274107285055,-35.92573997301247,0.3450861211847033,0.2585325921385762,0.39638128667672057,H,0.0
2020-21,2021-03-14,Southampton,Brighton and Hove Albion,A,1420.8238621048267,1379.0774020430672,41.746460061759535,0.2735810256391732,0.23499977104155978,0.49141920331926703,H,0.0
2020-21,2021-03-15,Wolverhampton Wanderers,Liverpool,A,1473.4436834063447,1630.8347115603112,-157.39102815396654,0.48572495945263955,0.23699867659677326,0.27727636395058713,A,0.0
2020-21,2021-03-19,Fulham,Leeds United,A,1348.6761579492147,1432.8017938437304,-84.12563589451565,0.3964391874364851,0.258526340190512,0.3450344723730029,A,0.0
2020-21,2021-03-20,Brighton and Hove Albion,Newcastle United,H,1387.8168138338988,1376.1804774450684,11.636336388830387,0.2998366583098064,0.2472912375559231,0.45287210413427054,H,0.0
2020-21,2021-03-21,Aston Villa,Tottenham,A,1402.7334286407038,1559.5791290408113,-156.8457004001075,0.4850146526363499,0.23724395513936458,0.27774139222428545,A,0.0
2020-21,2021-03-21,West Ham,Arsenal,D,1487.232719764276,1536.3499524431872,-49.11723267891125,0.35855979776414154,0.25969946091953466,0.3817407413163238,H,0.0
2020-21,2021-04-03,Arsenal,Liverpool,A,1536.6630812649084,1635.5361859017996,-98.87310463689118,0.4133423662821341,0.2561913475688241,0.3304662861490418,A,0.0
2020-21,2021-04-03,Chelsea,West Bromwich Albion,A,1571.6150894064083,1292.618160944658,278.99692846175026,0.11195843151682802,0.1,0.788041568483172,H,0.0
2020-21,2021-04-03,Leeds United,Sheffield United,H,1439.0151308390043,1337.9906186792687,101.02451215973565,0.2263167005771084,0.20183888502636418,0.5718444143965274,H,0.0
2020-21,2021-04-03,Leicester City,Manchester City,A,1548.500074368866,1744.8299029375507,-196.32982856868466,0.537799989337576,0.2168442733331193,0.24535573732930477,A,0.0
2020-21,2021-04-04,Southampton,Burnley,H,1412.0844503139951,1428.316654871502,-16.232204557506748,0.32574209844805563,0.25518133376841584,0.4190765677835285,H,0.0
2020-21,2021-04-04,Newcastle United,Tottenham,D,1365.1941592367536,1567.047414822316,-201.85325558556224,0.5453647449772411,0.2136147896631808,0.2410204653595781,A,0.0
2020-21,2021-04-04,Manchester United,Brighton and Hove Albion,H,1614.6677348482904,1398.8031320422135,215.86460280607685,0.14868475151030738,0.12365619298223708,0.7276590555074556,H,0.0
2020-21,2021-04-04,Aston Villa,Fulham,H,1395.2651428591992,1342.4628209539408,52.802321905258395,0.2643468932927779,0.22961873637010294,0.5060343703371191,H,0.0
2020-21,2021-04-05,Everton,Crystal Palace,D,1471.2923566816446,1401.0832818024594,70.20907487918521,0.25021334139902707,0.22032666532540165,0.5294599932755713,H,0.0
2020-21,2021-04-05,Wolverhampton Wanderers,West Ham,A,1468.7422090648563,1486.9195909425548,-18.177381877698508,0.3276130318341664,0.25559656151680277,0.41679040664903083,H,0.0
2020-21,2021-04-09,Fulham,Wolverhampton Wanderers,A,1335.1000287644615,1461.0439732826253,-125.94394451816379,0.4458142534453142,0.2491897854854171,0.3049959610692688,A,0.0
2020-21,2021-04-10,Crystal Palace,Chelsea,A,1404.6648670569184,1550.070473209412,-145.40560615249365,0.47025548372384984,0.24212400546616633,0.28762051080998385,A,0.0
2020-21,2021-04-10,Liverpool,Aston Villa,H,1647.32470001078,1402.6279350486784,244.6967649621015,0.13205285315725912,0.10500834760774552,0.7629387992349954,H,0.0
2020-21,2021-04-10,Manchester City,Leeds United,A,1751.1496344081988,1442.7733571574583,308.3762772507405,0.09640440019892717,0.1,0.8035955998010729,H,0.0
2020-21,2021-04-11,Tottenham,Manchester United,A,1563.1772469247367,1616.8096262942122,-53.63237936947553,0.3632701114059782,0.2598970700470569,0.37683281854696493,H,0.0
2020-21,2021-04-11,West Ham,Leicester City,H,1494.6178267247858,1542.180342898218,-47.562516173432186,0.35694962618126,0.25960752639343393,0.3834428474253061,H,0.0
2020-21,2021-04-11,Burnley,Newcastle United,A,1422.2981832958965,1369.0643271343329,53.23385616156361,0.2639906168549808,0.22940011441770675,0.5066092687273125,H,0.0
2020-21,2021-04-11,Sheffield United,Arsenal,A,1334.2323923608146,1524.8745671559282,-190.64217479511353,0.5300485334072834,0.2200837199836769,0.24986774660903957,A,0.0
2020-21,2021-04-12,Brighton and Hove Albion,Everton,D,1396.6612405962917,1467.7107714271856,-71.0495308308939,0.3819230159461518,0.25969018518088505,0.3583867988729632,A,0.0
2020-21,2021-04-12,West Bromwich Albion,Southampton,H,1314.1627771416543,1418.1029218896006,-103.9401447479463,0.4192795963004729,0.2551436663947229,0.3255767373048043,A,0.0
2020-21,2021-04-16,Everton,Tottenham,D,1467.3928475444807,1552.256039632276,-84.86319208779537,0.39727117026834646,0.25843513482532626,0.34429369490632733,A,0.0
2020-21,2021-04-17,Newcastle United,West Ham,H,1377.962811882542,1501.1598380733376,-123.19702619079567,0.44243624632123857,0.25005453941389405,0.30750921426486744,A,0.0
2020-21,2021-04-17,Wolverhampton Wanderers,Sheffield United,H,1466.370484050922,1326.0579945206712,140.3124895302508,0.19776767715246435,0.17571001869691025,0.6265223041506254,H,0.0
2020-21,2021-04-18,Arsenal,Fulham,D,1533.0489649960716,1329.7735179961649,203.27544699990676,0.1563206382610062,0.1321301577986101,0.7115492039403838,H,0.0
2020-21,2021-04-18,Manchester United,Burnley,H,1627.7308335866728,1413.3996985476874,214.3311350389854,0.14960288793952353,0.1246792460566462,0.7257178660038304,H,0.0
2020-21,2021-04-19,Leeds United,Liverpool,D,1453.629623593871,1649.1653954834233,-195.53577188955228,0.5367153753930858,0.21730190031935662,0.24598272428755766,A,0.0
2020-21,2021-04-20,Chelsea,Brighton and Hove Albion,D,1559.94035329874,1396.9791644789966,162.96118881974348,0.18224536764535354,0.160006732354343,0.6577479000003034,H,0.0
2020-21,2021-04-21,Tottenham,Southampton,H,1551.541638534679,1403.2001122303334,148.3415263043455,0.19218711578643194,0.17016916684226002,0.637643717371308,H,0.0
2020-21,2021-04-21,Aston Villa,Manchester City,A,1400.787239576035,1740.2933679717862,-339.50612839575115,0.7322441803323786,0.121237945876725,0.1465178737908963,A,0.0
2020-21,2021-04-22,Leicester City,West Bromwich Albion,H,1535.6383315496662,1329.0655868009214,206.57274474874475,0.15429910910095407,0.12989497990426355,0.7158059109947824,H,0.0
2020-21,2021-04-23,Arsenal,Everton,A,1526.6513632051046,1468.1072486420778,58.544114563026824,0.25963135907642654,0.2266593349717841,0.5137093059517894,H,0.0
2020-21,2021-04-24,Liverpool,Newcastle United,D,1645.450902612875,1385.707663700107,259.743238912768,0.12328337220724482,0.1,0.7767166277927552,H,0.0
2020-21,2021-04-24,Sheffield United,Brighton and Hove Albion,H,1322.931342289762,1402.6399542813683,-79.7086119916064,0.39148619520947814,0.25901562169016096,0.34949818310036096,A,0.0
2020-21,2021-04-24,West Ham,Chelsea,A,1493.4149862557724,1554.2795634963684,-60.86457724059596,0.37092167715722324,0.25999810207343804,0.36908022076933866,A,0.0
2020-21,2021-04-25,Aston Villa,West Bromwich Albion,D,1398.78485180316,1324.5708850043886,74.21396679877148,0.24702852609498327,0.21805986391279347,0.5349116099922232,H,0.0
2020-21,2021-04-25,Leeds United,Manchester United,D,1457.3441164644191,1631.1527787484697,-173.80866228405057,0.5073755317923861,0.22910793774654328,0.2635165304610706,A,0.0
2020-21,2021-04-25,Wolverhampton Wanderers,Burnley,A,1469.4971362818312,1409.9777533858905,59.51938289594068,0.2588357098717853,0.22614600297886392,0.5150182871493508,H,0.0
2020-21,2021-04-26,Leicester City,Crystal Palace,H,1540.133033346199,1394.7949869675904,145.33804637860862,0.1942646760378045,0.17224650482775633,0.6334888191344391,H,0.0
2020-21,2021-04-30,Southampton,Leicester City,D,1400.192294040326,1543.1848996470003,-142.99260560667426,0.46717821451861985,0.24308671386368044,0.28973507161769974,A,0.0
2020-21,2021-05-01,Crystal Palace,Manchester City,A,1391.743120666789,1742.2957557446612,-350.5526350778721,0.745931924439149,0.11400695170673016,0.14006112385412073,A,0.0
2020-21,2021-05-01,Everton,Aston Villa,A,1477.0773251109501,1395.1032006049265,81.9741245060236,0.24092610181767476,0.21354323671270803,0.5455306614696172,H,0.0
2020-21,2021-05-01,Brighton and Hove Albion,Leeds United,H,1395.5717971141728,1460.5074516869724,-64.93565457279965,0.37528721232746004,0.2599381540523302,0.36477463362020973,A,0.0
2020-21,2021-05-01,Chelsea,Fulham,H,1561.0076493741005,1336.1711197871318,224.8365295869687,0.1433802647868802,0.11772818168202734,0.7388915535310925,H,0.0
2020-21,2021-05-02,Newcastle United,Arsenal,A,1392.9680332066127,1517.6812867362323,-124.71325352961958,0.4442985583715243,0.24958139539358953,0.3061200462348862,A,0.0
2020-21,2021-05-02,Tottenham,Sheffield United,H,1554.5494567246863,1329.9994994569574,224.54995726772881,0.14354790976271675,0.11791592649006173,0.7385361637472214,H,0.0
2020-21,2021-05-03,Burnley,West Ham,A,1430.8358393401795,1486.6869003780403,-55.851061037860745,0.36560340625362914,0.2599562970271713,0.3744402967191995,H,0.0
2020-21,2021-05-03,West Bromwich Albion,Wolverhampton Wanderers,D,1328.2525362026222,1448.6390503275422,-120.38651412492004,0.4389990482319084,0.2509041455258206,0.31009680624227115,A,0.0
2020-21,2021-05-07,Leicester City,Newcastle United,A,1540.840600159186,1384.485688545944,156.35491161324194,0.18670264109459733,0.16460655603400937,0.6486908028713934,H,0.0
2020-21,2021-05-08,Leeds United,Tottenham,H,1449.6847169953267,1559.3026191925894,-109.61790219726277,0.42601033733160776,0.2538235359276293,0.32016612674076295,A,0.0
2020-21,2021-05-08,Liverpool,Southampton,H,1638.1905331063695,1402.5365935281404,235.65393957822903,0.1371390360452637,0.11072571678168293,0.7521352471730534,H,0.0
2020-21,2021-05-08,Manchester City,Chelsea,A,1745.2918131558608,1564.247325787819,181.04448736804193,0.1703432398935216,0.14741842067889116,0.6822383394275873,H,0.0
2020-21,2021-05-08,Sheffield United,Crystal Palace,A,1325.2463369890543,1388.7470632555894,-63.50072626653514,0.3737436709257201,0.25996888543669305,0.36628744363758686,A,0.0
2020-21,2021-05-09,Wolverhampton Wanderers,Brighton and Hove Albion,H,1446.9182793311506,1406.3945318058186,40.523747525332055,0.2746150813212882,0.2355680326695404,0.4898168860091714,H,0.0
2020-21,2021-05-09,West Ham,Everton,A,1493.5274804052283,1467.806642020048,25.720838385180286,0.28734507287610256,0.24199648753749356,0.47065843958640385,H,0.0
2020-21,2021-05-09,Arsenal,West Bromwich Albion,H,1526.163631396901,1329.9733071990138,196.19032419788732,0.1607157390147177,0.1369655803967876,0.7023186805884947,H,0.0
2020-21,2021-05-09,Aston Villa,Manchester United,A,1404.3738836958287,1627.9894435259164,-223.6155598300877,0.5754430192094154,0.20018768422508088,0.2243692965655037,A,0.0
2020-21,2021-05-10,Fulham,Burnley,A,1332.9314433734135,1423.9952593129915,-91.06381593957803,0.4043214251031009,0.25756141256416637,0.3381171623327328,A,0.0
2020-21,2021-05-11,Manchester United,Leicester City,A,1633.5845549034566,1524.9110649954148,108.6734899080418,0.22059455242485423,0.19692881390086564,0.5824766336742802,H,0.0
2020-21,2021-05-11,Southampton,Crystal Palace,H,1399.475991194743,1399.3173931628166,0.15859803192643085,0.31030736712045964,0.2509714727546818,0.43872116012485857,H,0.0
2020-21,2021-05-12,Chelsea,Arsenal,A,1574.4970175277795,1529.9203279113822,44.57668961639729,0.27119739611160776,0.2336634851070403,0.495139118781352,H,0.0
2020-21,2021-05-13,Aston Villa,Everton,D,1398.7787723182885,1476.3149279842894,-77.53615566600092,0.3890686846794114,0.25922036697916906,0.3517109483414195,A,0.0
2020-21,2021-05-13,Manchester United,Liverpool,A,1624.0029096929945,1641.251135439767,-17.248225746772505,0.326718278030056,0.2554004893251971,0.4178812326447469,H,0.0
2020-21,2021-05-14,Newcastle United,Manchester City,A,1400.415223709715,1735.0421214159003,-334.6268977061852,0.7260927384340828,0.12448171633359477,0.14942554523232243,A,0.0
2020-21,2021-05-15,Burnley,Leeds United,A,1433.6040033029064,1461.6338276541708,-28.029824351264324,0.33722192251988237,0.25741775281748575,0.40536032466263194,H,0.0
2020-21,2021-05-15,Southampton,Fulham,H,1408.5779919898885,1323.3226993834985,85.25529260638996,0.23837264312817505,0.21158688804078965,0.5500404688310353,H,0.0
2020-21,2021-05-15,Brighton and Hove Albion,West Ham,D,1401.5044724570864,1485.019194440987,-83.51472198390047,0.39575112896483633,0.2585998290640008,0.34564904197116286,A,0.0
2020-21,2021-05-16,Crystal Palace,Aston Villa,H,1390.2153923676713,1399.2830752806371,-9.067682912965893,0.31892368071584953,0.2534961445857866,0.42758017469836385,H,0.0
2020-21,2021-05-16,Everton,Sheffield United,A,1475.8106250219407,1314.676007081827,161.13461794011369,0.18347194840604114,0.16127927630873307,0.6552487752852257,H,0.0
2020-21,2021-05-16,Tottenham,Wolverhampton Wanderers,H,1547.3535085337453,1451.8083386798828,95.54516985386249,0.2304657900509093,0.20528703517502128,0.5642471747740694,H,0.0
2020-21,2021-05-16,West Bromwich Albion,Liverpool,A,1326.2166106845327,1653.4863878629014,-327.2697771783687,0.7167024615590075,0.12942381848852097,0.15387371995247148,A,0.0
2020-21,2021-05-18,Brighton and Hove Albion,Manchester City,H,1402.1802490344026,1737.0957586384006,-334.9155096039981,0.726458330665885,0.12428905934674322,0.14925260998737178,A,0.0
2020-21,2021-05-18,Chelsea,Leicester City,H,1565.7178889644015,1534.4927102058768,31.225178758524635,0.2825652437385827,0.23970566506973615,0.47772909119168117,H,0.0
2020-21,2021-05-18,Manchester United,Fulham,D,1611.7676572698601,1316.9273396331644,294.8403176366958,0.1033197310959351,0.1,0.796680268904065,H,0.0
2020-21,2021-05-18,Southampton,Leeds United,A,1414.9733517402226,1478.9839515623464,-64.01059982212382,0.374291535342915,0.2599591626132698,0.3657493020438152,A,0.0
2020-21,2021-05-19,Tottenham,Aston Villa,A,1553.4602207875123,1393.3848164324115,160.07540435510077,0.1841852688631732,0.16201700881425907,0.6537977223225677,H,0.0
2020-21,2021-05-19,Newcastle United,Sheffield United,H,1398.3615864872147,1324.7672865273937,73.594299959821,0.24751971007286463,0.2184135434846848,0.5340667464424506,H,0.0
2020-21,2021-05-19,West Bromwich Albion,West Ham,A,1324.083643342784,1484.3434178636708,-160.25977452088682,0.4894713412668082,0.23568999237881993,0.2748386663543718,A,0.0
2020-21,2021-05-19,Everton,Wolverhampton Wanderers,H,1465.719345576374,1445.7016264261158,20.017719150258245,0.29235718689028023,0.24424063340075483,0.4634021797089649,H,0.0
2020-21,2021-05-19,Burnley,Liverpool,A,1416.2538793947308,1655.6193552046502,-239.36547580991942,0.5973690050151326,0.18990086983093712,0.21273012515393028,A,0.0
2020-21,2021-05-19,Crystal Palace,Arsenal,A,1396.1136512158969,1538.6994564747602,-142.58580525886327,0.46666069459397624,0.24324666566531808,0.2900926397407057,A,0.0
2020-21,2021-05-23,Leeds United,West Bromwich Albion,H,1489.536236102628,1316.719103593794,172.817132508834,0.17570383914447776,0.15313922558645618,0.6711569352690661,H,0.0
2020-21,2021-05-23,Sheffield United,Burnley,H,1320.5191552583026,1409.6875586940541,-89.16840343575154,0.40215571858473975,0.2578487257560646,0.33999555565919565,A,0.0
2020-21,2021-05-23,Manchester City,Everton,H,1727.1149763643525,1471.0337173497824,256.08125901457015,0.12554341281853468,0.1,0.7744565871814654,H,0.0
2020-21,2021-05-23,Fulham,Newcastle United,A,1324.6313456088103,1402.6097177563058,-77.97837214749552,0.38955979239116245,0.25918061334556874,0.3512595942632688,A,0.0
2020-21,2021-05-23,West Ham,Southampton,H,1491.7079576126607,1404.421067199941,87.28689041271969,0.23679948486234248,0.21036239782903,0.5528381173086275,H,0.0
2020-21,2021-05-23,Arsenal,Brighton and Hove Albion,H,1546.60959316746,1412.1610313084507,134.44856185900926,0.2018973890675058,0.17972734898647474,0.6183752619460194,H,0.0
2020-21,2021-05-23,Liverpool,Crystal Palace,H,1662.185675905327,1388.203514523197,273.9821613821298,0.1148191426156481,0.1,0.785180857384352,H,0.0
2020-21,2021-05-23,Leicester City,Tottenham,A,1529.4126165108753,1543.3779012302227,-13.965284719347437,0.32357239862705833,0.2546745275172897,0.42175307385565197,H,0.0
2020-21,2021-05-23,Aston Villa,Chelsea,H,1403.467135989701,1570.797982659403,-167.33084666970194,0.4987734962886334,0.23233551298165506,0.2688909907297115,A,0.0
2020-21,2021-05-23,Wolverhampton Wanderers,Manchester United,A,1440.3872546527075,1604.0636512942142,-163.6763966415067,0.4939541662699633,0.2340917020495063,0.2719541316805303,A,0.0
2021-22,2021-08-13,Brentford,Arsenal,H,1420.0,1551.7062488058361,-131.70624880583614,0.4529592647646855,0.2472670374609817,0.29977369777433277,A,0.0
2021-22,2021-08-14,Chelsea,Crystal Palace,H,1562.4274884883425,1385.7108010828892,176.71668740545329,0.17315165618678474,0.1504253403934775,0.6764230034197378,H,0.0
2021-22,2021-08-14,Burnley,Brighton and Hove Albion,A,1402.4681403956329,1407.0643756700745,-4.596235274441597,0.31472512215113335,0.2523218087590441,0.43295306908982256,H,0.0
2021-22,2021-08-14,Everton,Southampton,H,1466.556160850554,1396.4238217667023,70.13233908385178,0.25027460320918743,0.2203696536705698,0.5293557431202427,H,0.0
2021-22,2021-08-14,Leicester City,Wolverhampton Wanderers,H,1517.0577341451697,1435.8057407834017,81.25199336176797,0.24149019625159113,0.21397017885634795,0.5445396248920609,H,0.0
2021-22,2021-08-14,Manchester United,Leeds United,H,1608.64516516352,1493.7629426175502,114.88222254596985,0.21600886774763836,0.19286911333274606,0.5911220189196156,H,0.0
2021-22,2021-08-14,Watford,Aston Villa,H,1369.6341428219869,1411.8376301607618,-42.20348733877495,0.35144515374067686,0.2591970809549646,0.3893577653043585,H,0.0
2021-22,2021-08-14,Norwich City,Liverpool,A,1253.3836538523656,1664.6783893456347,-411.2947354932692,0.7947988705333325,0.1,0.10520112946666747,A,0.0
2021-22,2021-08-15,Newcastle United,West Ham,A,1412.6712329882537,1499.7052030458995,-87.03397005764577,0.39972805371947123,0.2581509690706122,0.3421209772099166,A,0.0
2021-22,2021-08-15,Tottenham,Manchester City,H,1555.7327835959284,1731.5925328635808,-175.85974926765243,0.510114350994241,0.22805639491515703,0.261829254090602,A,0.0
2021-22,2021-08-21,Leeds United,Everton,D,1485.575927018612,1473.3917192785525,12.184207740059492,0.29934352618923304,0.24710102411165946,0.4535554496991075,H,0.0
2021-22,2021-08-21,Manchester City,Norwich City,H,1723.109731345545,1250.6532295980865,472.45650174745856,0.04011432243002649,0.1,0.8598856775699736,H,0.0
2021-22,2021-08-21,Liverpool,Burnley,H,1667.4088135999139,1394.4573533724977,272.9514602274162,0.11541479019409466,0.1,0.7845852098059054,H,0.0
2021-22,2021-08-21,Aston Villa,Newcastle United,H,1405.3846847993352,1402.9238353352641,2.4608494640710887,0.3081854125360604,0.25028053646130527,0.4415340510026344,H,0.0
2021-22,2021-08-21,Crystal Palace,Brentford,D,1380.4801491972783,1432.475027312726,-51.99487811544782,0.361555943956204,0.2598373427576354,0.3786067132861605,H,0.0
2021-22,2021-08-21,Brighton and Hove Albion,Watford,H,1415.0751626932097,1376.0870881834135,38.988074509796206,0.2759175018833074,0.23627391719524218,0.48780858092145046,H,0.0
2021-22,2021-08-22,Arsenal,Chelsea,A,1539.23122149311,1567.6581403739535,-28.42691888084346,0.3376139083918956,0.2574811916849426,0.40490489992316175,H,0.0
2021-22,2021-08-22,Southampton,Manchester United,D,1389.5882633387039,1616.8321807624582,-227.24391742375428,0.5804876178696766,0.19785450638417817,0.22165787574614523,A,0.0
2021-22,2021-08-22,Wolverhampton Wanderers,Tottenham,A,1431.6983563044018,1564.2155851139642,-132.5172288095623,0.45397116268194365,0.24698476768799796,0.2990440696300584,A,0.0
2021-22,2021-08-23,West Ham,Leicester City,H,1509.452600698889,1521.1651186241695,-11.712517925280508,0.3214275552906026,0.2541466110818552,0.4244258336275422,H,0.0
2021-22,2021-08-28,Norwich City,Leicester City,A,1249.338372088267,1509.2798474508586,-259.9414753625915,0.6260073680312593,0.17596501721044158,0.1980276147582991,A,0.0
2021-22,2021-08-28,Brighton and Hove Albion,Everton,A,1422.875025701385,1475.43996118681,-52.56493548542494,0.3621519289558687,0.2598596780364613,0.37798839300767006,H,0.0
2021-22,2021-08-28,Newcastle United,Southampton,D,1393.9018477672098,1394.0616381189577,-0.15979035174791534,0.3106016933628387,0.25106512960955785,0.43833317702760344,H,0.0
2021-22,2021-08-28,Manchester City,Arsenal,H,1724.4245888553644,1527.4023229609597,197.02226589440465,0.16019605000387255,0.13639568311564493,0.7034082668804824,H,0.0
2021-22,2021-08-28,Liverpool,Chelsea,D,1669.9155028239643,1579.4870389061039,90.42846391786043,0.2343785597713696,0.20844975111459024,0.5571716891140402,H,0.0
2021-22,2021-08-28,Aston Villa,Brentford,D,1414.4066723673895,1432.7053924785869,-18.298720111197326,0.32773002122984235,0.25562185944550647,0.41664811932465123,H,0.0
2021-22,2021-08-28,West Ham,Crystal Palace,D,1521.3378718722,1380.2497840314174,141.08808784078246,0.19722487183126364,0.17517662068528764,0.6275985074834487,H,0.0
2021-22,2021-08-29,Burnley,Leeds United,D,1391.9506641484472,1483.5276851103545,-91.57702096190724,0.4049094164940422,0.25748056608316866,0.33761001742278907,A,0.0
2021-22,2021-08-29,Tottenham,Watford,H,1569.4081832147708,1368.287225175238,201.12095803953275,0.1576497380917968,0.1335960567075565,0.7087542052006467,H,0.0
2021-22,2021-08-29,Wolverhampton Wanderers,Manchester United,A,1426.5057582035952,1612.3588059822043,-185.85304777860915,0.5235549142053997,0.22273973847993156,0.25370534731466876,A,0.0
2021-22,2021-09-11,Watford,Wolverhampton Wanderers,A,1365.9760283493517,1422.3332461163818,-56.35721776703008,0.3661374460159743,0.25996630917302704,0.3738962448109986,H,0.0
2021-22,2021-09-11,Leicester City,Manchester City,A,1512.2592793955935,1730.5255367432474,-218.2662573476539,0.5680176705963196,0.20358227494660353,0.2284000544570768,A,0.0
2021-22,2021-09-11,Crystal Palace,Tottenham,H,1385.467551209765,1571.7193800406571,-186.25182883089224,0.5240943955386793,0.22252116355586046,0.2533844409054602,A,0.0
2021-22,2021-09-11,Chelsea,Aston Villa,H,1583.5650254874636,1413.212143763573,170.3528817238905,0.17732719414747472,0.15485568854367454,0.6678171173088508,H,0.0
2021-22,2021-09-11,Brentford,Brighton and Hove Albion,A,1433.8999210824034,1411.9156905359923,21.984230546411027,0.2906219846378309,0.243481952285699,0.4658960630764701,H,0.0
2021-22,2021-09-11,Southampton,West Ham,D,1395.7671466847182,1516.1201046938525,-120.35295800913423,0.43895812671359924,0.2509140729694346,0.3101278003169662,A,0.0
2021-22,2021-09-11,Manchester United,Newcastle United,H,1616.5313180694177,1392.1963392014493,224.3349788679684,0.14367374991357523,0.11805683951538802,0.7382694105710368,H,0.0
2021-22,2021-09-11,Arsenal,Norwich City,H,1521.3013750730768,1246.3589401435322,274.94243492954456,0.11426655913050258,0.1,0.7857334408694975,H,0.0
2021-22,2021-09-12,Leeds United,Liverpool,A,1482.6213196201445,1665.8375162426046,-183.21619662246007,0.5199935587395699,0.22417290587740457,0.25583353538302556,A,0.0
2021-22,2021-09-13,Everton,Burnley,H,1486.3992963522028,1392.8570296386572,93.54226671354559,0.2319929873100955,0.2065318831543323,0.5614751295355721,H,0.0
2021-22,2021-09-17,Newcastle United,Leeds United,D,1388.0975806474064,1474.181421162953,-86.08384051554663,0.3986511942348771,0.2582782325574246,0.34307057320769824,A,0.0
2021-22,2021-09-18,Wolverhampton Wanderers,Brentford,A,1433.1572735410239,1425.4469980889007,7.710275452123142,0.30338803893423294,0.2486159538263299,0.4479960072394371,H,0.0
2021-22,2021-09-18,Norwich City,Watford,A,1244.794389318819,1355.1520009247097,-110.35761160589072,0.4268932533749971,0.25364029186688847,0.3194664547581144,A,0.0
2021-22,2021-09-18,Manchester City,Southampton,D,1734.1423768295626,1397.4869804414052,336.65539638815744,0.08326155332787692,0.1,0.8167384466721231,H,0.0
2021-22,2021-09-18,Liverpool,Crystal Palace,H,1674.277414699796,1402.6986431004132,271.5787715993829,0.11621216443138115,0.1,0.7837878355686189,H,0.0
2021-22,2021-09-18,Aston Villa,Everton,H,1407.812817176845,1492.561495898918,-84.74867872207301,0.39714190362994817,0.25844947338179663,0.34440862298825525,A,0.0
2021-22,2021-09-18,Burnley,Arsenal,A,1386.6948300919419,1522.86592589779,-136.17109580584815,0.4585493044913206,0.2456778499825178,0.29577284552616157,A,0.0
2021-22,2021-09-19,Brighton and Hove Albion,Leicester City,H,1420.368613529495,1508.6424393092782,-88.27382577978324,0.4011368046237817,0.25797815229534965,0.3408850430808686,A,0.0
2021-22,2021-09-19,Tottenham,Chelsea,A,1554.4882881500089,1588.9643520741915,-34.476063924182654,0.3436311704221563,0.2583511242753144,0.3980177053025292,H,0.0
2021-22,2021-09-19,West Ham,Manchester United,A,1514.4002709371655,1620.6300766234606,-106.2298056862951,0.4219840254317702,0.2546297646367819,0.32338620993144795,A,0.0
2021-22,2021-09-25,Watford,Newcastle United,D,1364.1076073075365,1388.8469266079385,-24.73931930040203,0.33398789197475803,0.25686223153004856,0.40914987649519335,H,0.0
2021-22,2021-09-25,Leicester City,Burnley,D,1501.4372405988547,1381.5759503100794,119.86129028877531,0.21236918624309808,0.18957085211834543,0.5980599616385565,H,0.0
2021-22,2021-09-25,Leeds United,West Ham,A,1473.432075202421,1508.6627404382673,-35.230665235846345,0.34438788981958723,0.25844689181213065,0.3971652183682821,H,0.0
2021-22,2021-09-25,Manchester United,Aston Villa,A,1626.3676071223588,1422.1107964738308,204.25681064852802,0.15571738607418134,0.13146383661275182,0.7128187773130668,H,0.0
2021-22,2021-09-25,Chelsea,Manchester City,A,1603.6143132996726,1725.992633570182,-122.37832027050945,0.4414329926678212,0.25030571945993446,0.30826128787224427,A,0.0
2021-22,2021-09-25,Brentford,Liverpool,D,1438.5017079394024,1677.4641262706546,-238.96241833125214,0.5968073181360405,0.19016889828577274,0.2130237835781867,A,0.0
2021-22,2021-09-25,Everton,Norwich City,H,1478.2635166019325,1235.8387829359922,242.42473366594027,0.13331944845719543,0.1064324532157147,0.7602480983270898,H,0.0
2021-22,2021-09-26,Arsenal,Tottenham,H,1527.9848056796525,1539.8383269245278,-11.85352124487531,0.3215614746736873,0.2541803609859738,0.42425816434033886,H,0.0
2021-22,2021-09-26,Southampton,Wolverhampton Wanderers,A,1405.6367237007858,1420.1025636905222,-14.465839989736423,0.3240505011973718,0.2547885479465794,0.42116095085604877,H,0.0
2021-22,2021-09-27,Crystal Palace,Brighton and Hove Albion,D,1399.5119315295547,1427.5738122399184,-28.061880710363766,0.3372535527816147,0.2574229029014278,0.40532354431695755,H,0.0
2021-22,2021-10-02,Wolverhampton Wanderers,Newcastle United,H,1427.8861138671346,1389.858340476395,38.02777339073964,0.27673404460330164,0.23671086110016024,0.4865550942965381,H,0.0
2021-22,2021-10-02,Brighton and Hove Albion,Arsenal,D,1428.4904846204875,1537.407410187011,-108.91692556652356,0.42517492953801816,0.2539948021476033,0.32083026831437855,A,0.0
2021-22,2021-10-02,Burnley,Norwich City,D,1386.3350433955588,1232.8859283489555,153.4491150466033,0.18868156384991744,0.16662647519676702,0.6446919609533156,H,0.0
2021-22,2021-10-02,Chelsea,Southampton,H,1598.2144848860482,1397.8531735241734,200.36131136187487,0.15811990562322162,0.13411388430709353,0.7077662100696849,H,0.0
2021-22,2021-10-02,Leeds United,Watford,H,1466.1243074046356,1363.09619343908,103.02811396555558,0.22480999773069968,0.20056316393451856,0.5746268383347818,H,0.0
2021-22,2021-10-02,Manchester United,Everton,D,1615.956701532962,1481.216371188969,134.7403303439928,0.20169083006574612,0.17952815682107953,0.6187810131131743,H,0.0
2021-22,2021-10-03,West Ham,Brentford,A,1515.9705082360524,1443.2407644382881,72.72974379776429,0.24820597986358295,0.21890521104411684,0.5328888090923002,H,0.0
2021-22,2021-10-03,Tottenham,Aston Villa,H,1530.4157224171693,1432.5217020632276,97.89402035394164,0.22868202649799402,0.20381638304126476,0.5675015904607413,H,0.0
2021-22,2021-10-03,Crystal Palace,Leicester City,D,1398.5952591489856,1496.6781475133753,-98.08288836438965,0.4124223867664447,0.25634353608379806,0.33123407714975733,A,0.0
2021-22,2021-10-03,Liverpool,Manchester City,D,1672.7250697717689,1731.3924619838065,-58.66739221203761,0.36858309797378064,0.2599954910614189,0.3714214109648005,H,0.0
2021-22,2021-10-16,Aston Villa,Wolverhampton Wanderers,A,1428.7095787748533,1432.826787580998,-4.1172088061446175,0.31427788040472077,0.2521904847888113,0.433531634806468,H,0.0
2021-22,2021-10-16,Brentford,Chelsea,A,1452.395866734642,1601.89193069257,-149.49606395792807,0.4755009643066182,0.24043827735529325,0.2840607583380886,A,0.0
2021-22,2021-10-16,Leicester City,Manchester United,H,1495.5864026882293,1610.873161049337,-115.28675836110779,0.4328118363356137,0.2523537243009401,0.31483443936344613,A,0.0
2021-22,2021-10-16,Manchester City,Burnley,H,1731.430817331061,1380.8631825368752,350.5676347941858,0.07740466823900642,0.1,0.8225953317609936,H,0.0
2021-22,2021-10-16,Norwich City,Brighton and Hove Albion,D,1238.3577892076391,1429.889196875094,-191.5314076674549,0.5312576953489391,0.21958322685991333,0.24915907779114754,A,0.0
2021-22,2021-10-16,Southampton,Leeds United,H,1394.1757277176516,1469.8483133320633,-75.67258561441167,0.3870046409831184,0.259377077640797,0.35361828137608464,A,0.0
2021-22,2021-10-16,Watford,Liverpool,A,1359.3721875116523,1672.6867144245143,-313.314526912862,0.6985409695630337,0.13893949756428145,0.16251953287268484,A,0.0
2021-22,2021-10-17,Everton,West Ham,A,1486.299911672594,1506.8154059396986,-20.515494267104714,0.32987321405644393,0.25607151625832414,0.41405526968523193,H,0.0
2021-22,2021-10-17,Newcastle United,Tottenham,A,1384.9176667625316,1534.2278457055436,-149.31017894301203,0.47526181131000894,0.24051633243903392,0.28422185625095714,A,0.0
2021-22,2021-10-18,Arsenal,Crystal Palace,D,1536.0086979324044,1399.6870039741316,136.32169395827282,0.20057326254186217,0.17844722258657011,0.6209795148715678,H,0.0
2021-22,2021-10-22,Arsenal,Aston Villa,H,1530.8914825338597,1420.6877523832675,110.20373015059226,0.2194594553309694,0.1959340681045791,0.5846064765644515,H,0.0
2021-22,2021-10-23,Brighton and Hove Albion,Manchester City,A,1426.2744793643114,1733.0608072887533,-306.7863279244418,0.6899029376451854,0.14344059399629902,0.16665646835851555,A,0.0
2021-22,2021-10-23,Chelsea,Norwich City,H,1606.746509851186,1241.9725067184218,364.77400313276416,0.07181152883526111,0.1,0.8281884711647389,H,0.0
2021-22,2021-10-23,Crystal Palace,Newcastle United,D,1404.8042193726762,1380.059450877252,24.744768495424296,0.2881985287739252,0.24239001919389133,0.46941145203218343,H,0.0
2021-22,2021-10-23,Everton,Watford,A,1478.6553698943353,1353.4517003936435,125.20366950069183,0.20850103578696047,0.18599444266319928,0.6055045215498402,H,0.0
2021-22,2021-10-23,Leeds United,Wolverhampton Wanderers,D,1462.8452608092148,1440.8486139725837,21.996646836631044,0.2906110522057459,0.24347711114658938,0.46591183664766467,H,0.0
2021-22,2021-10-23,Southampton,Burnley,D,1401.1787802405001,1379.233192579183,21.945587661317177,0.2906560112249732,0.24349701515656416,0.4658469736184626,H,0.0
2021-22,2021-10-24,Brentford,Leicester City,A,1447.541287576026,1507.672756290965,-60.13146871493905,0.37014002897446263,0.25999995611478904,0.3698600149107484,A,0.0
2021-22,2021-10-24,Manchester United,Liverpool,A,1598.7868074466014,1678.6072015425232,-79.82039409592176,0.3916109171968308,0.2590044452162955,0.3493846375868737,A,0.0
2021-22,2021-10-24,West Ham,Tottenham,H,1514.4599477179572,1539.0860615908232,-24.62611387286597,0.33387707660561466,0.2568421744423481,0.4092807489520372,H,0.0
2021-22,2021-10-30,Manchester City,Crystal Palace,A,1737.7951043144244,1402.4123168390606,335.3827874753638,0.0838167311097226,0.1,0.8161832688902774,H,0.0
2021-22,2021-10-30,Tottenham,Manchester United,A,1532.9268283070721,1582.4818393631106,-49.55501105603844,0.3590142737121945,0.25972314139221786,0.3812625848955876,H,0.0
2021-22,2021-10-30,Newcastle United,Chelsea,A,1382.4513534108676,1609.592949319218,-227.14159590835038,0.5803452829702024,0.19792062640239824,0.22173409062739932,A,0.0
2021-22,2021-10-30,Liverpool,Brighton and Hove Albion,D,1694.912169626014,1421.5401823386403,273.3719872873737,0.11517144776281324,0.1,0.7848285522371867,H,0.0
2021-22,2021-10-30,Watford,Southampton,A,1372.9652894229534,1398.862980225121,-25.897690802167517,0.3351235123081332,0.2570638574490357,0.4078126302428311,H,0.0
2021-22,2021-10-30,Leicester City,Arsenal,A,1514.4172611624363,1536.6024473392151,-22.18518617677887,0.3314948686159293,0.25639447500695633,0.41211065637711436,H,0.0
2021-22,2021-10-30,Burnley,Brentford,H,1381.5489925945622,1440.7967827045547,-59.24779010999259,0.36919965540347655,0.25999856335233984,0.3708017812441836,H,0.0
2021-22,2021-10-31,Aston Villa,West Ham,A,1414.976787577912,1520.6191810017083,-105.6423934237962,0.421288929562379,0.2547639950040218,0.3239470754335992,A,0.0
2021-22,2021-10-31,Norwich City,Leeds United,A,1239.1260672503897,1460.5280700536568,-221.40200280326712,0.5723684769268389,0.20159912115287937,0.2260324019202817,A,0.0
2021-22,2021-11-01,Wolverhampton Wanderers,Everton,H,1443.1658047281417,1459.1417808650253,-15.975976136883673,0.32549628326613156,0.25512528286794983,0.41937843386591867,H,0.0
2021-22,2021-11-05,Southampton,Aston Villa,H,1406.384093405135,1403.4768252189847,2.9072681861503042,0.3077752308677528,0.25014378311904817,0.442080986013199,H,0.0
2021-22,2021-11-06,Crystal Palace,Wolverhampton Wanderers,H,1419.7024671913102,1449.179977361099,-29.47751016978873,0.33865276579539244,0.2576452802516956,0.40370195395291203,H,0.0
2021-22,2021-11-06,Manchester United,Manchester City,A,1596.4468583298853,1720.5049539621748,-124.05809563228945,0.4434931733937908,0.24978710586255637,0.3067197207436528,A,0.0
2021-22,2021-11-06,Chelsea,Burnley,D,1616.5404426892956,1392.2238476549758,224.3165950343198,0.14368451419743222,0.1180688925302399,0.7382465932723279,H,0.0
2021-22,2021-11-06,Brentford,Norwich City,A,1430.1219276441411,1235.5602347912354,194.5616928529057,0.16173586743346569,0.13808272531176954,0.7001814072547647,H,0.0
2021-22,2021-11-06,Brighton and Hove Albion,Newcastle United,D,1428.9808168328,1375.50386004079,53.476956792010014,0.2637900469733877,0.22927668032601453,0.5069332727005977,H,0.0
2021-22,2021-11-07,Arsenal,Watford,H,1548.6580275710596,1365.4441762429394,183.2138513281202,0.16894504091040796,0.14591377066331587,0.6851411884262761,H,0.0
2021-22,2021-11-07,Everton,Tottenham,D,1453.127608232068,1518.9618093402973,-65.83420110822931,0.3762564533505151,0.2599135900002004,0.3638299566492845,A,0.0
2021-22,2021-11-07,Leeds United,Leicester City,D,1464.0939025128112,1502.3616809305918,-38.26777841778062,0.3474473388727887,0.25880358872186954,0.3937490724053417,H,0.0
2021-22,2021-11-07,West Ham,Liverpool,H,1532.1191433606357,1687.4715351318544,-155.35239177121866,0.4830726418409232,0.23790984533061868,0.27901751282845816,A,0.0
2021-22,2021-11-20,Newcastle United,Brentford,D,1378.6586007826434,1419.7753410656085,-41.11674028296511,0.3503374955245757,0.25909620196463673,0.3905663025107875,H,0.0
2021-22,2021-11-20,Watford,Manchester United,H,1362.912787457023,1587.943170187666,-225.03038273064317,0.5774094046652699,0.19928073680429892,0.22330985853043114,A,0.0
2021-22,2021-11-20,Wolverhampton Wanderers,West Ham,H,1439.2890460441156,1540.3269730520667,-101.03792700795111,0.4158709058503429,0.25575890671904583,0.32837018743061136,A,0.0
2021-22,2021-11-20,Norwich City,Southampton,H,1245.906821369768,1412.0665691545955,-166.15974778482746,0.49722640106143806,0.23290347363088898,0.2698701253076729,A,0.0
2021-22,2021-11-20,Burnley,Crystal Palace,D,1398.9654408932581,1429.5933985082936,-30.627957615035484,0.3397933395620035,0.2578187094927583,0.40238795094523816,H,0.0
2021-22,2021-11-20,Aston Villa,Brighton and Hove Albion,H,1397.7943494695241,1425.8260760909466,-28.031726621422422,0.3372237994377392,0.25741805857214817,0.4053581419901126,H,0.0
2021-22,2021-11-20,Liverpool,Arsenal,H,1679.2637054404233,1551.1894163569762,128.07428908344718,0.2064383486243761,0.18405829846176036,0.6095033529138636,H,0.0
2021-22,2021-11-20,Leicester City,Chelsea,A,1502.9863700525036,1609.7988494510132,-106.8124793985096,0.4226743818778961,0.25449499252098035,0.32283062560112363,A,0.0
2021-22,2021-11-21,Manchester City,Everton,H,1729.008642104394,1453.295514256734,275.7131278476602,0.1138247139895133,0.1,0.7861752860104867,H,0.0
2021-22,2021-11-21,Tottenham,Leeds United,H,1518.7939033156315,1463.4692133908993,55.32468992473218,0.2622687451563288,0.22833204947773744,0.5093992053659337,H,0.0
2021-22,2021-11-27,Arsenal,Newcastle United,H,1543.4934826874908,1378.1156314107373,165.37785127675352,0.1806293673951189,0.15832264247766833,0.6610479901272127,H,0.0
2021-22,2021-11-27,Norwich City,Wolverhampton Wanderers,D,1254.2616633359726,1446.6953111412083,-192.43364780523575,0.5324856052420844,0.21907311802148327,0.2484412767364322,A,0.0
2021-22,2021-11-27,Brighton and Hove Albion,Leeds United,D,1415.9735046665414,1458.873159224795,-42.89965455825359,0.3521562312253974,0.2592585818682893,0.3885851869063133,H,0.0
2021-22,2021-11-27,Liverpool,Southampton,H,1686.9596391099087,1403.711727188391,283.2479119215177,0.1095815167845677,0.1,0.7904184832154323,H,0.0
2021-22,2021-11-27,Crystal Palace,Aston Villa,A,1430.4367855915284,1407.6469208939293,22.789864697599114,0.28991323706163624,0.24316651563637862,0.46692024730198517,H,0.0
2021-22,2021-11-28,Manchester City,West Ham,H,1732.124673838143,1532.920707954974,199.20396588316908,0.15883776407712197,0.1349037489722875,0.7062584869505906,H,0.0
2021-22,2021-11-28,Leicester City,Watford,H,1491.5359873076193,1381.0510016302908,110.4849856773285,0.21925117482612708,0.19575080896876873,0.5849980162051042,H,0.0
2021-22,2021-11-28,Brentford,Everton,H,1420.3183104375146,1450.179482522985,-29.861172085470344,0.33903278871102693,0.25770384443884137,0.40326336685013175,H,0.0
2021-22,2021-11-28,Chelsea,Manchester United,D,1621.2492321958975,1569.8049560143982,51.44427618149939,0.2654701076649337,0.23030263790217267,0.5042272544328937,H,0.0
2021-22,2021-11-30,Leeds United,Crystal Palace,H,1459.364949676756,1421.9718803986332,37.393069278122766,0.27727462437019323,0.2369977564268347,0.485727619202972,H,0.0
2021-22,2021-11-30,Newcastle United,Norwich City,D,1373.7299273797312,1257.89893508395,115.83099229578124,0.21531273600779471,0.19224340741289953,0.5924438565793058,H,0.0
2021-22,2021-12-01,Everton,Liverpool,A,1443.9325789415234,1690.4318142478762,-246.49923530635283,0.6073094541661804,0.18512180360787206,0.20756874222594743,A,0.0
2021-22,2021-12-01,Southampton,Leicester City,D,1400.2395520504235,1497.2395375922633,-96.9999855418398,0.4111642704972596,0.2565471583270489,0.33228857117569155,A,0.0
2021-22,2021-12-01,Aston Villa,Manchester City,A,1416.1118260868245,1734.4586708833092,-318.3468447964847,0.7051399670346534,0.13548942880685105,0.1593706041584954,A,0.0
2021-22,2021-12-01,West Ham,Brighton and Hove Albion,D,1530.5867109098078,1415.4817142145805,115.10499669522733,0.21584530424187753,0.19272231727950692,0.5914323784786155,H,0.0
2021-22,2021-12-01,Wolverhampton Wanderers,Burnley,D,1443.058039393231,1398.1220538100233,44.93598558320764,0.2708957795261443,0.2334917757679661,0.4956124447058896,H,0.0
2021-22,2021-12-01,Watford,Chelsea,A,1375.3474513456467,1618.1472708468652,-242.7998195012185,0.6021550007574877,0.1876081938678524,0.21023680537465986,A,0.0
2021-22,2021-12-02,Manchester United,Arsenal,H,1572.9069173634305,1547.8791867184968,25.027730644933627,0.28795092885542006,0.24227633277219135,0.46977273837238864,H,0.0
2021-22,2021-12-02,Tottenham,Brentford,H,1523.3899574817358,1426.5652140189761,96.82474346275967,0.22949309343738655,0.20448729536161714,0.5660196112009963,H,0.0
2021-22,2021-12-04,Wolverhampton Wanderers,Liverpool,A,1440.126346580608,1696.7826708232487,-256.6563242426407,0.6214445915626602,0.17821820728231139,0.20033720115502843,A,0.0
2021-22,2021-12-04,West Ham,Chelsea,H,1525.934196883023,1621.3782449162848,-95.44404803326165,0.4093618770555449,0.2568297120770311,0.333808410867424,A,0.0
2021-22,2021-12-04,Southampton,Brighton and Hove Albion,D,1401.3004895423576,1420.1342282413652,-18.833738699007654,0.328246261239609,0.2557325588736121,0.4160211798867789,H,0.0
2021-22,2021-12-04,Watford,Manchester City,A,1372.1164772762272,1736.6912173374694,-364.5747400612422,0.7627946997045703,0.1050846153456086,0.13212068494982113,A,0.0
2021-22,2021-12-04,Newcastle United,Burnley,H,1369.061056533829,1401.0537466226463,-31.9926900888172,0.3411504084551076,0.25801594436747693,0.40083364717741543,H,0.0
2021-22,2021-12-05,Leeds United,Brentford,D,1464.3185408377224,1420.493773130505,43.82476770721746,0.27182932366686596,0.2340213315665117,0.4941493447666223,H,0.0
2021-22,2021-12-05,Manchester United,Crystal Palace,H,1578.115869187978,1417.0182892376667,161.09757995031123,0.183496866187186,0.16130507579812497,0.6551980580146891,H,0.0
2021-22,2021-12-05,Aston Villa,Leicester City,H,1413.8792796326643,1496.1786001003293,-82.29932046766498,0.3943851287707644,0.25874048716472015,0.3468743840645155,A,0.0
2021-22,2021-12-05,Tottenham,Norwich City,H,1529.461398370207,1262.567805929852,266.89359244035495,0.11896911402235368,0.1,0.7810308859776464,H,0.0
2021-22,2021-12-06,Everton,Arsenal,H,1437.5817223661509,1542.6702348939493,-105.08851252779846,0.42063431741665064,0.2548890543921402,0.3244766281912091,A,0.0
2021-22,2021-12-10,Brentford,Watford,H,1423.3962041023024,1369.3337502173886,54.06245388491379,0.26330738188124897,0.228978582492485,0.507714035626266,H,0.0
2021-22,2021-12-11,Norwich City,Manchester United,A,1259.2992988187364,1580.9419777346363,-321.6426789159,0.7094320000987232,0.1332407044838643,0.1573272954174125,A,0.0
2021-22,2021-12-11,Manchester City,Wolverhampton Wanderers,H,1739.473944396308,1437.0998595304266,302.3740848658815,0.09941913770029391,0.1,0.8005808622997062,H,0.0
2021-22,2021-12-11,Liverpool,Aston Villa,H,1699.8091578734302,1420.9890534896347,278.8201043837955,0.11205825358307335,0.1,0.7879417464169267,H,0.0
2021-22,2021-12-11,Chelsea,Leeds United,H,1614.0596032556928,1461.416109865925,152.64349338976785,0.18923219750578132,0.16718598450595626,0.6435818179882624,H,0.0
2021-22,2021-12-11,Arsenal,Southampton,H,1535.2010314358724,1400.1211430628941,135.0798883729783,0.20145058059249782,0.1792962410320647,0.6192531783754376,H,0.0
2021-22,2021-12-12,Burnley,West Ham,D,1394.7711859370716,1533.252838543615,-138.48165260654355,0.4614602433542345,0.24482202924929602,0.2937177273964695,A,0.0
2021-22,2021-12-12,Crystal Palace,Everton,H,1414.1921806910084,1445.0509258242278,-30.858745133219372,0.3400225219304851,0.2578527119261782,0.4021247661433367,H,0.0
2021-22,2021-12-12,Leicester City,Newcastle United,H,1489.068826243359,1375.3436172194038,113.72520902395513,0.216859443899908,0.19363030391312347,0.5895102521869685,H,0.0
2021-22,2021-12-14,Manchester City,Leeds United,H,1740.8202801721916,1458.4705420676264,282.3497381045652,0.11008007646680362,0.1,0.7899199235331964,H,0.0
2021-22,2021-12-14,Norwich City,Aston Villa,A,1257.1039670601026,1419.457139197357,-162.35317213725443,0.49221534852695115,0.2347157635609462,0.27306888791210265,A,0.0
2021-22,2021-12-15,Arsenal,West Ham,H,1541.6129572754676,1531.0316069604028,10.58135031506481,0.3007879233769296,0.24765383715023093,0.45155823947283946,H,0.0
2021-22,2021-12-15,Brighton and Hove Albion,Wolverhampton Wanderers,A,1421.3135747208287,1435.753523754543,-14.439949033714356,0.32402575792641497,0.25478267962626466,0.42119156244732037,H,0.0
2021-22,2021-12-15,Crystal Palace,Southampton,D,1424.1197433350787,1393.709217223299,30.410526111779745,0.2832691580388378,0.24005229483866553,0.4766785471224967,H,0.0
2021-22,2021-12-16,Liverpool,Newcastle United,H,1701.3410721657078,1367.1124908940135,334.22858127169434,0.08432312565329153,0.1,0.8156768743467084,H,0.0
2021-22,2021-12-16,Chelsea,Everton,D,1617.0051710539913,1435.1233631801574,181.88180787383385,0.16980281226824634,0.146837432662855,0.6833597550688987,H,0.0
2021-22,2021-12-18,Leeds United,Arsenal,A,1453.962347657344,1550.3554103996278,-96.39306274228375,0.4104604697918675,0.2566587804022893,0.33288074980584315,A,0.0
2021-22,2021-12-19,Newcastle United,Manchester City,A,1365.3253634200034,1745.328474582474,-380.00311116247053,0.7768757036743791,0.1,0.1231242963256209,A,0.0
2021-22,2021-12-19,Tottenham,Liverpool,D,1532.7299054813227,1703.1281996397179,-170.39829415839517,0.5028375890250636,0.23082510653716015,0.26633730443777626,A,0.0
2021-22,2021-12-19,Wolverhampton Wanderers,Chelsea,D,1443.5376693824626,1610.9857210398686,-167.44805165740604,0.4989284699106625,0.2322784045853615,0.268793125503976,A,0.0
2021-22,2021-12-26,Tottenham,Crystal Palace,H,1535.8046325245125,1421.5747078310555,114.22992469345695,0.21648817981779225,0.1932985079882961,0.5902133121939117,H,0.0
2021-22,2021-12-26,West Ham,Southampton,A,1522.2891538362426,1396.2542527273222,126.0349011089204,0.2079026206885531,0.18543478695505766,0.6066625923563892,H,0.0
2021-22,2021-12-26,Norwich City,Arsenal,A,1249.8026407588923,1562.250353587593,-312.4477128287008,0.6973989255837334,0.13953560992264505,0.1630654644936216,A,0.0
2021-22,2021-12-26,Brighton and Hove Albion,Brentford,H,1413.5294290929091,1428.016914874942,-14.487485782032763,0.32407118862794976,0.2547934516218136,0.4211353597502367,H,0.0
2021-22,2021-12-26,Aston Villa,Chelsea,A,1426.7584654985674,1607.9880804136153,-181.22961491504793,0.5173173408950452,0.22523852592333737,0.2574441331816173,A,0.0
2021-22,2021-12-26,Manchester City,Leicester City,H,1749.0834571602504,1497.2999525687492,251.78350459150124,0.12815130575403866,0.10062245486921599,0.7712262393767454,H,0.0
2021-22,2021-12-27,Newcastle United,Manchester United,D,1361.570380842227,1583.13730949327,-221.5669286510431,0.5725974644470028,0.20149428159035984,0.2259082539626374,A,0.0
2021-22,2021-12-28,Crystal Palace,Norwich City,H,1414.501393518585,1243.8560994184934,170.64529410009163,0.17713413753349283,0.15465196729107394,0.6682138951754332,H,0.0
2021-22,2021-12-28,Leicester City,Liverpool,H,1493.7550279076063,1700.053472596528,-206.2984446889218,0.5514764715983941,0.21095939306273417,0.23756413533887175,A,0.0
2021-22,2021-12-28,Southampton,Tottenham,D,1406.019500524854,1542.877946836983,-136.858446312129,0.45941397966784103,0.24542562009395757,0.2951604002382015,A,0.0
2021-22,2021-12-28,Watford,West Ham,A,1364.713039444749,1512.5239060387107,-147.8108665939617,0.4733355491527121,0.24114088668244596,0.285523564164842,A,0.0
2021-22,2021-12-29,Brentford,Manchester City,A,1418.5242607285177,1752.6283818213933,-334.10412109287563,0.7254299788346327,0.12483092879424995,0.1497390923711173,A,0.0
2021-22,2021-12-29,Chelsea,Brighton and Hove Albion,D,1614.7335289989267,1423.0220832393334,191.7114457595933,0.16352998821362874,0.14004233864698049,0.6964276731393908,H,0.0
2021-22,2021-12-30,Manchester United,Burnley,H,1578.79558466286,1396.9924175202839,181.80316714257606,0.16985352846157553,0.14689198679228185,0.6832544847461426,H,0.0
2021-22,2022-01-01,Crystal Palace,West Ham,A,1419.8928769646577,1522.299109982666,-102.40623301800838,0.41747531014407996,0.25547389160363226,0.3270507982522877,A,0.0
2021-22,2022-01-01,Watford,Tottenham,A,1354.9378355007937,1540.701175615966,-185.76334011517224,0.5234335869374215,0.22278884216477216,0.2537775708978064,A,0.0
2021-22,2022-01-01,Arsenal,Manchester City,A,1568.196894927992,1754.6875741782644,-186.49067925027248,0.524417627915463,0.22239001978817785,0.2531923522963591,A,0.0
2021-22,2022-01-02,Everton,Brighton and Hove Albion,A,1441.14281319428,1429.2188730218365,11.923940172443508,0.29957771530430577,0.2471915478992538,0.45323073679644044,H,0.0
2021-22,2022-01-02,Leeds United,Burnley,H,1442.0674044693787,1392.9516690937105,49.11573537566824,0.26740313008782435,0.23146061276769003,0.5011362571444856,H,0.0
2021-22,2022-01-02,Brentford,Aston Villa,H,1416.4650683716466,1420.013016913256,-3.5479485416094576,0.3137470289178236,0.25203304355218703,0.4342199275299894,H,0.0
2021-22,2022-01-02,Chelsea,Liverpool,D,1608.5367392164235,1691.1950523143607,-82.65831309793725,0.39478820493632744,0.25869970979708845,0.34651208526658417,A,0.0
2021-22,2022-01-03,Manchester United,Wolverhampton Wanderers,A,1582.8363330894333,1446.535310008716,136.3010230807174,0.2005878494676313,0.17846136623280814,0.6209507842995605,H,0.0
2021-22,2022-01-11,Southampton,Brentford,H,1408.1962717458712,1422.2707449991533,-14.074473253282122,0.32367664193858725,0.2546995012802792,0.42162385678113357,H,0.0
2021-22,2022-01-12,West Ham,Norwich City,H,1528.117883678179,1238.4646159724207,289.65326770575825,0.10608216811900355,0.1,0.7939178318809965,H,0.0
2021-22,2022-01-14,Brighton and Hove Albion,Crystal Palace,D,1437.5201100908866,1414.0741032691449,23.446006821741776,0.2893369110049555,0.24290763760357606,0.46775545139146846,H,0.0
2021-22,2022-01-15,Aston Villa,Manchester United,D,1414.2073402857493,1572.969483067282,-158.7621427815327,0.4875135063797111,0.23637702813985506,0.27610946548043386,A,0.0
2021-22,2022-01-15,Manchester City,Chelsea,H,1758.8486645953178,1609.1879748938914,149.66068970142646,0.19127840560441337,0.16925528657056466,0.639466307825022,H,0.0
2021-22,2022-01-15,Newcastle United,Watford,D,1365.9121056726372,1350.763714965681,15.148390706956206,0.2966858064158381,0.2460494190377033,0.45726477454645864,H,0.0
2021-22,2022-01-15,Norwich City,Everton,H,1236.1760779120784,1432.84157612523,-196.66549821315152,0.538258713381861,0.2166503094032971,0.24509097721484188,A,0.0
2021-22,2022-01-15,Wolverhampton Wanderers,Southampton,H,1456.4021600308672,1420.1608076215707,36.241352409296496,0.27825736574496374,0.23751446488305103,0.4842281693719852,H,0.0
2021-22,2022-01-16,West Ham,Leeds United,A,1530.4064217385212,1449.5454082756225,80.86101346289865,0.2417959318425372,0.2142007817510964,0.5440032864063664,H,0.0
2021-22,2022-01-16,Liverpool,Brentford,H,1690.5438166368929,1410.3062091234538,280.2376075134391,0.11126017775303036,0.1,0.7887398222469697,H,0.0
2021-22,2022-01-18,Brighton and Hove Albion,Chelsea,D,1435.1634816364433,1606.1993504567486,-171.03586882030527,0.5036844258269813,0.23050708289164257,0.2658084912813762,A,0.0
2021-22,2022-01-19,Brentford,Manchester United,A,1407.2659396083095,1570.2010482677852,-162.93510865947565,0.4929796460792387,0.23444209257079876,0.27257826134996255,A,0.0
2021-22,2022-01-19,Leicester City,Tottenham,A,1502.6134481897736,1544.8752961510786,-42.261847961304966,0.35150471884118356,0.25920233031892215,0.3892929508398943,H,0.0
2021-22,2022-01-21,Watford,Norwich City,A,1352.8935490978554,1244.9199965192265,107.97355257862887,0.22111481895561658,0.19738248701202074,0.5815026940323627,H,0.0
2021-22,2022-01-22,Brentford,Wolverhampton Wanderers,A,1399.9821313573175,1464.2906434138677,-64.30851205655017,0.37461195252356316,0.25995287095362496,0.3654351765228118,A,0.0
2021-22,2022-01-22,Everton,Aston Villa,A,1424.0976575180819,1416.9757750852461,7.121882432835719,0.30392295840457023,0.24880864342832368,0.4472683981671061,H,0.0
2021-22,2022-01-22,Leeds United,Newcastle United,A,1458.802386594254,1363.7822715404627,95.02011505379119,0.23086559088286035,0.2056141987484092,0.5635202103687305,H,0.0
2021-22,2022-01-22,Manchester United,West Ham,H,1577.4848565187772,1521.1494434198898,56.33541309888733,0.2614389409086348,0.22781054990112445,0.5107505091902408,H,0.0
2021-22,2022-01-22,Southampton,Manchester City,D,1412.2723242385703,1761.8372890324606,-349.56496479389034,0.7447221021705587,0.11464664970184717,0.14063124812759417,A,0.0
2021-22,2022-01-23,Crystal Palace,Liverpool,A,1416.4307317235882,1693.5840861520371,-277.1533544284489,0.6497880612520108,0.16405109374482044,0.18616084500316873,A,0.0
2021-22,2022-01-23,Leicester City,Brighton and Hove Albion,D,1495.465708260654,1438.2548152830154,57.21089297763865,0.2607215124121232,0.22735612770597133,0.5119223598819054,H,0.0
2021-22,2022-01-23,Chelsea,Tottenham,H,1603.1080168101764,1552.0230360801982,51.08498072997827,0.2657677852347205,0.2304825280389663,0.5037496867263133,H,0.0
2021-22,2022-01-23,Arsenal,Burnley,D,1564.0358045109385,1385.4736652874667,178.56213922347183,0.1719509969068529,0.14914237901238467,0.6789066240807624,H,0.0
2021-22,2022-02-05,Burnley,Watford,D,1391.43183754413,1333.7456819894255,57.686155554704555,0.2603325690663214,0.227108396241197,0.5125590346924815,H,0.0
2021-22,2022-02-08,Newcastle United,Everton,H,1373.2091881337333,1415.8701279282966,-42.66093979456332,0.3519122703115219,0.25923776810178445,0.38884996158669366,H,0.0
2021-22,2022-02-08,West Ham,Watford,H,1516.5730759535918,1337.009095182162,179.5639807714299,0.17130112352236884,0.14844635015959848,0.6802525263180327,H,0.0
2021-22,2022-02-08,Burnley,Manchester United,D,1388.1684243513937,1582.0612239850752,-193.89279963368153,0.5344736653762499,0.21824330529021033,0.24728302933353988,A,0.0
2021-22,2022-02-09,Aston Villa,Leeds United,D,1425.2033046750314,1449.3754700009833,-24.172165325951937,0.333433009508012,0.25676111661439965,0.40980587387758827,H,0.0
2021-22,2022-02-09,Manchester City,Brentford,H,1755.0141279314207,1393.3310308587786,361.6830970726421,0.07299612431972462,0.1,0.8270038756802754,H,0.0
2021-22,2022-02-09,Norwich City,Crystal Palace,D,1264.0678636276564,1412.0851007547521,-148.01723712709577,0.4736004005073217,0.2410554528417082,0.2853441466509701,A,0.0
2021-22,2022-02-09,Tottenham,Southampton,A,1544.6067053142688,1419.0954853396101,125.51121997465862,0.2082795182637626,0.185787469189146,0.6059330125470914,H,0.0
2021-22,2022-02-10,Wolverhampton Wanderers,Arsenal,A,1470.9417439124065,1558.0776322542752,-87.13588834186862,0.39984370509575207,0.25813705122868336,0.3420192436755646,A,0.0
2021-22,2022-02-10,Liverpool,Leicester City,H,1697.9297171208732,1492.2145228636361,205.71519425723704,0.15482339598788977,0.13047529926948784,0.7147013047426224,H,0.0
2021-22,2022-02-12,Manchester United,Southampton,D,1578.3875664649522,1428.8554114743126,149.53215499063958,0.19136684574959215,0.16934436875026765,0.6392887855001402,H,0.0
2021-22,2022-02-12,Norwich City,Manchester City,A,1266.5483644041788,1756.5446127256455,-489.99624832146674,0.8301500680961318,0.1,0.06984993190386826,A,0.0
2021-22,2022-02-12,Brentford,Crystal Palace,D,1391.8005460645538,1409.6045999782298,-17.804053913675943,0.3272532925918007,0.25551828088638645,0.4172284265218128,H,0.0
2021-22,2022-02-12,Watford,Brighton and Hove Albion,A,1334.4308219022703,1441.5060006800334,-107.07517877776309,0.42298591261459884,0.25443370182729236,0.32258038555810875,A,0.0
2021-22,2022-02-12,Everton,Leeds United,H,1405.6303841829824,1450.4030382038427,-44.77265402086027,0.3540752371195641,0.2594119283923023,0.38651283448813356,H,0.0
2021-22,2022-02-13,Burnley,Liverpool,A,1391.8420818715167,1701.5074472935876,-309.66536542207086,0.6937228387507764,0.1414523530559337,0.1648248081932898,A,0.0
2021-22,2022-02-13,Leicester City,West Ham,D,1488.6367926909218,1519.1513492334834,-30.51455654256165,0.3396807732436238,0.25780190524064817,0.40251732151572805,H,0.0
2021-22,2022-02-13,Newcastle United,Aston Villa,H,1383.4489318790474,1424.175736472172,-40.7268045931246,0.34994075797835744,0.2590585584169334,0.3910006836047092,H,0.0
2021-22,2022-02-13,Tottenham,Wolverhampton Wanderers,A,1534.8467791795663,1464.7940387680442,70.05274041152211,0.25033816013934956,0.22041422791222207,0.5292476119484283,H,0.0
2021-22,2022-02-15,Manchester United,Brighton and Hove Albion,H,1572.9951761301436,1450.5714027465435,122.42377338360006,0.21050904092174283,0.1878599865211973,0.6016309725570599,H,0.0
2021-22,2022-02-19,Manchester City,Tottenham,A,1758.5877554586164,1520.3905113937444,238.19724406487194,0.1356963985106422,0.10910455760001293,0.7551990438893449,H,0.0
2021-22,2022-02-19,Southampton,Everton,H,1434.2478018091213,1418.621744017114,15.62605779200726,0.2962591421521354,0.2458764283453421,0.45786442950252254,H,0.0
2021-22,2022-02-19,Aston Villa,Watford,A,1417.7473812050875,1325.3654198357601,92.38196136932743,0.23288031441644164,0.20724906000609405,0.5598706255774643,H,0.0
2021-22,2022-02-19,West Ham,Newcastle United,D,1519.997976956133,1389.877287146132,130.12068981000107,0.20497461973799877,0.18267243092254454,0.6123529493394567,H,0.0
2021-22,2022-02-19,Liverpool,Norwich City,H,1703.8404782267285,1264.505221671208,439.3352565555206,0.04809008361099133,0.1,0.8519099163890087,H,0.0
2021-22,2022-02-19,Arsenal,Brentford,H,1564.2253373986375,1390.5919853756877,173.6333520229498,0.17516794427639074,0.1525709069432888,0.6722611487803205,H,0.0
2021-22,2022-02-19,Brighton and Hove Albion,Burnley,A,1445.1763523632253,1389.5090509383758,55.667301424849484,0.26198727465028393,0.22815564972800556,0.5098570756217106,H,0.0
2021-22,2022-02-19,Crystal Palace,Chelsea,A,1410.8131606670959,1610.5243475761058,-199.71118690900994,0.5424269446300517,0.21487668162436763,0.24269637374558062,A,0.0
2021-22,2022-02-20,Leeds United,Manchester United,A,1437.4116783697111,1578.390226513462,-140.9785481437509,0.46461959581496776,0.24387195144992102,0.2915084527351112,A,0.0
2021-22,2022-02-20,Wolverhampton Wanderers,Leicester City,H,1479.250306553866,1487.7901649682722,-8.539858414406126,0.31842581685859817,0.2533623882647339,0.42821179487666794,H,0.0
2021-22,2022-02-23,Burnley,Tottenham,H,1407.371944495349,1530.993883336187,-123.62193884083808,0.4429575837448111,0.2499229853147373,0.30711943094045163,A,0.0
2021-22,2022-02-23,Liverpool,Leeds United,H,1704.8191016190403,1429.450900629562,275.3682009894783,0.1140222827303524,0.1,0.7859777172696476,H,0.0
2021-22,2022-02-23,Watford,Crystal Palace,A,1334.7613995769545,1406.8844995136615,-72.12309993670692,0.3830981566825997,0.2596271027859718,0.35727474053142844,A,0.0
2021-22,2022-02-24,Arsenal,Wolverhampton Wanderers,H,1566.881262144985,1485.139709969859,81.74155217512589,0.24110769241251825,0.21368088384758357,0.5452114237398982,H,0.0
2021-22,2022-02-25,Southampton,Norwich City,H,1442.818770527589,1263.526598278896,179.29217224869308,0.17147730562013885,0.1486351552710606,0.6798875391088005,H,0.0
2021-22,2022-02-26,Manchester United,Watford,D,1586.351004253611,1321.8066782117078,264.54432604190333,0.12037227290822754,0.1,0.7796277270917725,H,0.0
2021-22,2022-02-26,Leeds United,Tottenham,A,1425.0687946767457,1523.2426831454184,-98.17388846867266,0.4125282482909612,0.2563261649552686,0.33114558675377026,A,0.0
2021-22,2022-02-26,Everton,Manchester City,A,1410.0507752986462,1747.9843835161737,-337.93360821752754,0.7302684779341063,0.12228024640407097,0.14745127566182273,A,0.0
2021-22,2022-02-26,Brighton and Hove Albion,Aston Villa,A,1427.3134588062521,1408.3514014638931,18.962057342359003,0.29329173047633267,0.24464126075200784,0.46206700877165946,H,0.0
2021-22,2022-02-26,Crystal Palace,Burnley,D,1419.8392208789082,1415.1231446861177,4.716076192790524,0.3061174645245218,0.24958050495651118,0.444302030518967,H,0.0
2021-22,2022-02-26,Brentford,Newcastle United,A,1387.9360606293403,1394.8615596093903,-6.925498980049952,0.3169068460779788,0.252945187736024,0.43014796618599715,H,0.0
2021-22,2022-02-27,West Ham,Wolverhampton Wanderers,H,1515.0137044928747,1481.0412196009192,33.972484891955446,0.2802002619858877,0.23851759403368605,0.4812821439804262,H,0.0
2021-22,2022-03-01,Burnley,Leicester City,A,1416.9645756045195,1481.9007615522792,-64.93618594775967,0.37528778489849246,0.25993814073646837,0.3647740743650392,A,0.0
2021-22,2022-03-05,Wolverhampton Wanderers,Crystal Palace,A,1476.0176898183083,1417.9977899605065,58.019899857801875,0.26005965882676396,0.22693399441463272,0.5130063467586033,H,0.0
2021-22,2022-03-05,Newcastle United,Brighton and Hove Albion,H,1407.473295362754,1413.9874849777807,-6.51418961502668,0.3165207411725118,0.25283694528851913,0.43064231353896915,H,0.0
2021-22,2022-03-05,Norwich City,Brentford,A,1259.4345543129405,1375.3243248759766,-115.88977056303611,0.4335400686788546,0.2521885635627828,0.3142713677583627,A,0.0
2021-22,2022-03-05,Liverpool,West Ham,H,1709.2012075718567,1520.0372342754856,189.16397329637107,0.1651429804173805,0.14179826869836962,0.6930587508842498,H,0.0
2021-22,2022-03-05,Burnley,Chelsea,A,1406.4450271031903,1614.4530087295402,-208.00798162634987,0.553832035044783,0.20992541658295188,0.23624254837226527,A,0.0
2021-22,2022-03-05,Aston Villa,Southampton,H,1421.6773752923646,1446.9108144935446,-25.23343920118009,0.33447192683693033,0.2569490421858725,0.4085790309771972,H,0.0
2021-22,2022-03-05,Leicester City,Leeds United,H,1492.4203100536083,1411.3479613842494,81.07234866935892,0.24163064548215366,0.21407618317632277,0.5442931713415237,H,0.0
2021-22,2022-03-06,Manchester City,Manchester United,H,1750.0031707155545,1579.0259436515717,170.9772270639828,0.17691512769494877,0.1544207246218371,0.6686641476832141,H,0.0
2021-22,2022-03-06,Watford,Arsenal,A,1329.1317388137472,1570.9797525139247,-241.8480137001775,0.6008286240539522,0.18824515075212428,0.21092622519392337,A,0.0
2021-22,2022-03-07,Tottenham,Everton,H,1536.9635164379147,1408.0319880992654,128.9315283386493,0.20582451160764528,0.18347830861491382,0.6106971797774409,H,0.0
2021-22,2022-03-10,Leeds United,Aston Villa,A,1407.2373100480831,1436.002301720754,-28.76499167267093,0.3379479228297186,0.257534588626846,0.40451748854343544,H,0.0
2021-22,2022-03-10,Norwich City,Chelsea,A,1250.6626889402887,1623.2464528838054,-372.5837639435167,0.7721519102223405,0.10013266848323396,0.12771542129442556,A,0.0
2021-22,2022-03-10,Southampton,Newcastle United,A,1432.5858880651551,1413.3287173326441,19.257170732510986,0.2930302603524986,0.24452973403594708,0.4624400056115543,H,0.0
2021-22,2022-03-10,Wolverhampton Wanderers,Watford,H,1461.811568280195,1325.8863614898132,135.9252067903817,0.2008531526081713,0.17871844671925058,0.6204284006725781,H,0.0
2021-22,2022-03-12,Brighton and Hove Albion,Liverpool,A,1408.1320630078906,1711.6576291976373,-303.52556618974677,0.6855576065419533,0.14569773340961986,0.16874466004842675,A,0.0
2021-22,2022-03-12,Manchester United,Tottenham,H,1573.6433525308244,1545.4965810009157,28.14677152990862,0.28523157026394574,0.24100174089097187,0.47376668884508233,H,0.0
2021-22,2022-03-12,Brentford,Burnley,H,1384.0961902486283,1397.6515829489251,-13.555392700296807,0.32318130715051546,0.25458026928879046,0.42223842356069413,H,0.0
2021-22,2022-03-13,Arsenal,Leicester City,H,1574.2251298378587,1496.5309613897746,77.69416844808416,0.24428066188969388,0.2160540195039148,0.5396653186063913,H,0.0
2021-22,2022-03-13,Chelsea,Newcastle United,H,1625.9132652441604,1421.7408967637984,204.1723684803619,0.15576924039270482,0.13152113562556836,0.7127096239817269,H,0.0
2021-22,2022-03-13,Everton,Wolverhampton Wanderers,A,1399.4989235362643,1469.2256019740496,-69.72667843778527,0.3804790909257798,0.25975989461557175,0.3597610144586485,A,0.0
2021-22,2022-03-13,Leeds United,Norwich City,H,1392.3263731726518,1247.9958765799338,144.33049659271796,0.1949642935817066,0.1729422099178734,0.6320934965004199,H,0.0
2021-22,2022-03-13,Southampton,Watford,A,1424.1737086340008,1318.4723277959586,105.70138083804227,0.22280837296254583,0.1988493249733956,0.5783423020640586,H,0.0
2021-22,2022-03-13,West Ham,Aston Villa,H,1517.580812649705,1450.9132385961855,66.6675740535195,0.25305014697092243,0.22229278368610633,0.5246570693429712,H,0.0
2021-22,2022-03-14,Crystal Palace,Manchester City,D,1432.2039114986198,1755.3857618363018,-323.1818503376819,0.7114280029547979,0.13219375382829632,0.15637824321690574,A,0.0
2021-22,2022-03-16,Arsenal,Liverpool,A,1580.8382234362748,1715.4714789336792,-134.63325549740443,0.4566186748911866,0.24623488569778795,0.2971464394110254,A,0.0
2021-22,2022-03-16,Brighton and Hove Albion,Tottenham,A,1404.3182132718487,1540.352697128209,-136.03448385636034,0.4583775785312806,0.2457277418089221,0.2958946796597973,A,0.0
2021-22,2022-03-17,Everton,Newcastle United,H,1392.968429106747,1419.465616056101,-26.497186949354045,0.3357124564861024,0.2571656211774196,0.40712192233647804,H,0.0
2021-22,2022-03-18,Wolverhampton Wanderers,Leeds United,A,1475.756096403567,1395.393124233709,80.36297216985804,0.24218571341108278,0.2144939627703569,0.5433203238185603,H,0.0
2021-22,2022-03-19,Aston Villa,Arsenal,A,1446.5351880555675,1572.6759158121406,-126.14072775657314,0.4460569468091459,0.24912654201564824,0.3048165111752058,A,0.0
2021-22,2022-03-20,Leicester City,Brentford,H,1489.9178677913585,1393.564055838038,96.35381195332047,0.22985081418683012,0.20478202847560822,0.5653671573375617,H,0.0
2021-22,2022-03-20,Tottenham,West Ham,H,1548.4702831809807,1521.958863190323,26.511419990657714,0.2866551079925768,0.24167491304441027,0.47166997896301294,H,0.0
2021-22,2022-04-02,Manchester United,Leicester City,D,1578.787236403531,1493.7567005714477,85.03053583208339,0.2385470507936021,0.21172174264574134,0.5497312065606565,H,0.0
2021-22,2022-04-02,Wolverhampton Wanderers,Aston Villa,H,1466.5052689481279,1441.2127099067045,25.292559041423374,0.2877193323101212,0.2421696372173626,0.4701110304725162,H,0.0
2021-22,2022-04-02,Burnley,Manchester City,A,1388.1837173595154,1748.9897516417857,-360.8060342822703,0.75832131798138,0.10745220878242481,0.13422647323619524,A,0.0
2021-22,2022-04-02,Leeds United,Southampton,D,1404.643951689148,1414.6249737777193,-9.981022088571308,0.31978661109101836,0.25372449979353445,0.42648888911544725,H,0.0
2021-22,2022-04-02,Chelsea,Brentford,A,1628.1885459518578,1389.7252230579488,238.46332289390898,0.1355460184358338,0.10893553531205273,0.7555184462521135,H,0.0
2021-22,2022-04-02,Brighton and Hove Albion,Norwich City,D,1396.200627219077,1244.9291255188766,151.27150170020036,0.19017192063217336,0.16813826326877548,0.6416898160990512,H,0.0
2021-22,2022-04-02,Liverpool,Watford,H,1723.6337865578134,1328.02106265224,395.6127239055734,0.060921525562873245,0.1,0.8390784744371268,H,0.0
2021-22,2022-04-03,Tottenham,Newcastle United,H,1556.6771325715656,1413.275034525001,143.40209804656456,0.1956101412464256,0.17358270219533545,0.6308071565582389,H,0.0
2021-22,2022-04-03,West Ham,Everton,H,1513.752013799738,1399.159010637847,114.59300316189115,0.21622131653544982,0.19305958082919744,0.5907191026353527,H,0.0
2021-22,2022-04-04,Crystal Palace,Arsenal,H,1438.599921693136,1577.9983939610036,-139.39847226786765,0.4626186679783539,0.24447620534973566,0.29290512667191043,A,0.0
2021-22,2022-04-06,Burnley,Everton,H,1385.3449673784291,1395.628312899437,-10.28334552100796,0.3200726502728853,0.25379922180356185,0.42612812792355287,H,0.0
2021-22,2022-04-08,Newcastle United,Wolverhampton Wanderers,H,1406.1223008077438,1471.7086791502002,-65.58637834245633,0.3759889263313481,0.25992077396791746,0.3640902997007344,A,0.0
2021-22,2022-04-09,Watford,Leeds United,A,1326.7604388720092,1403.2141542752586,-76.45371540324936,0.38786870677658386,0.2593135207934824,0.3528177724299337,A,0.0
2021-22,2022-04-09,Arsenal,Brighton and Hove Albion,A,1562.0330257792384,1390.7728274354122,171.26019834382623,0.17672853964420054,0.15422360232444496,0.6690478580313545,H,0.0
2021-22,2022-04-09,Aston Villa,Tottenham,A,1436.0092997046322,1563.8298662888228,-127.8205665841906,0.44813248595991567,0.2485796647369116,0.30328784930317265,A,0.0
2021-22,2022-04-09,Everton,Manchester United,H,1389.7096575046146,1574.8395928796376,-185.12993537502302,0.5225772556220728,0.22313486188439852,0.2542878824935288,A,0.0
2021-22,2022-04-09,Southampton,Chelsea,A,1416.0547711916088,1606.9791718139734,-190.9244006223646,0.530432185258896,0.2199251173374452,0.24964269740365866,A,0.0
2021-22,2022-04-10,Norwich City,Burnley,H,1250.3569253025414,1391.2636227732517,-140.90669747071024,0.46452848575120304,0.24389965431404165,0.2915718599347553,A,0.0
2021-22,2022-04-10,Manchester City,Liverpool,D,1751.828501622872,1724.8944103380443,26.934091284827673,0.2862867068268693,0.2415019545159597,0.472211338657171,H,0.0
2021-22,2022-04-10,Brentford,West Ham,H,1410.9345971958332,1517.2827115381479,-106.3481143423146,0.42212412857008275,0.2546025307312948,0.32327334069862246,A,0.0
2021-22,2022-04-10,Leicester City,Crystal Palace,H,1497.7043440953412,1454.565289874901,43.13905422044013,0.2724064544735987,0.23434589052374283,0.49324765500265855,H,0.0
2021-22,2022-04-16,Southampton,Arsenal,H,1404.5945714393704,1551.8588192575294,-147.264247818159,0.4726344740134354,0.24136635359334951,0.28599917239321515,A,0.0
2021-22,2022-04-16,Manchester United,Norwich City,H,1566.2381568207236,1263.0435455195852,303.19461130113837,0.09900218976084395,0.1,0.8009978102391561,H,0.0
2021-22,2022-04-16,Watford,Brentford,A,1313.9970692854426,1422.803881511191,-108.80681222574844,0.42504381204155633,0.25402149455227735,0.32093469340616626,A,0.0
2021-22,2022-04-16,Tottenham,Brighton and Hove Albion,A,1576.1084837877881,1400.9470339571212,175.16144983066692,0.17416707204270887,0.15150728450625825,0.6743256434510329,H,0.0
2021-22,2022-04-17,Newcastle United,Leicester City,H,1412.9613283562653,1502.5416852436251,-89.58035688735981,0.40262562657778234,0.25778779163304283,0.33958658178917484,A,0.0
2021-22,2022-04-17,West Ham,Burnley,D,1505.41342722279,1378.5770025562078,126.83642466658216,0.20732646754179448,0.18489436508203722,0.6077791673761683,H,0.0
2021-22,2022-04-19,Liverpool,Manchester United,H,1727.3456313126699,1567.5784068131204,159.76722449954946,0.18439309110786026,0.16223161868659222,0.6533752902055475,H,0.0
2021-22,2022-04-20,Manchester City,Brighton and Hove Albion,H,1749.3772806482464,1411.1518823966103,338.2253982516361,0.08258118910498762,0.1,0.8174188108950124,H,0.0
2021-22,2022-04-20,Newcastle United,Crystal Palace,H,1420.1872885888386,1449.7279487266171,-29.54066013777856,0.3387152929984979,0.2576549698101348,0.4036297371913673,H,0.0
2021-22,2022-04-20,Chelsea,Arsenal,A,1618.4393715662118,1543.7639572596602,74.6754143065516,0.2466631330623207,0.2177958002487476,0.5355410666889318,H,0.0
2021-22,2022-04-20,Everton,Leicester City,D,1398.3110935635286,1495.3157250110519,-97.00463144752325,0.4111696616531842,0.2565462969451782,0.33228404140163764,A,0.0
2021-22,2022-04-21,Burnley,Southampton,H,1383.4898958387414,1412.6894334372396,-29.199537598498182,0.33837764588609165,0.25760239469160084,0.4040199594223075,H,0.0
2021-22,2022-04-23,Norwich City,Newcastle United,A,1261.7032955271884,1426.428828337843,-164.7255328106546,0.49533517104927044,0.2335924083419454,0.2710724206087842,A,0.0
2021-22,2022-04-23,Leicester City,Aston Villa,D,1494.2546553045268,1423.7306822056669,70.52397309885987,0.2499620378631836,0.22015007809525441,0.529887884041562,H,0.0
2021-22,2022-04-23,Manchester City,Watford,H,1751.5823211472177,1308.3140268911084,443.26829425610936,0.0470698414214701,0.1,0.8529301585785299,H,0.0
2021-22,2022-04-23,Arsenal,Manchester United,H,1558.3135330563177,1560.9733216961542,-2.6597886398365063,0.31292017192652427,0.25178441722020045,0.43529541085327533,H,0.0
2021-22,2022-04-23,Brentford,Tottenham,D,1428.4869239055254,1565.903635348299,-137.4167114427737,0.46011706600082575,0.24521928465939324,0.294663649339781,A,0.0
2021-22,2022-04-24,Chelsea,West Ham,H,1603.8897957695542,1500.5005339402564,103.38926182929777,0.22453900842348146,0.20033240444240066,0.575128587134118,H,0.0
2021-22,2022-04-24,Liverpool,Everton,H,1733.950716429636,1399.3721632700538,334.57855315958227,0.0841692904597615,0.1,0.8158307095402385,H,0.0
2021-22,2022-04-24,Brighton and Hove Albion,Southampton,D,1408.946841897639,1402.8058760767315,6.140965820907468,0.3048162941282908,0.24912646540060354,0.4460572404711056,H,0.0
2021-22,2022-04-24,Burnley,Wolverhampton Wanderers,H,1393.3734531992495,1464.8696516016787,-71.49619840242917,0.3824115823142341,0.25966464741302736,0.3579237702727386,A,0.0
2021-22,2022-04-25,Crystal Palace,Leeds United,D,1443.4864089776127,1415.9775238618251,27.508885115787507,0.2857862472508352,0.2412655946857203,0.47294815806344453,H,0.0
2021-22,2022-04-28,Manchester United,Chelsea,D,1551.7951428323643,1607.6076563727888,-55.81251354042456,0.36556276172616325,0.25995548124208523,0.3744817570317515,H,0.0
2021-22,2022-04-30,Aston Villa,Norwich City,H,1427.3201657500733,1252.5799750963859,174.74019065368748,0.17444267395000815,0.1518004478933797,0.6737568781566122,H,0.0
2021-22,2022-04-30,Leeds United,Manchester City,A,1418.4442883778627,1752.9834751861804,-334.5391868083177,0.7259815903009698,0.1245402849579658,0.14947812474106448,A,0.0
2021-22,2022-04-30,Newcastle United,Liverpool,A,1435.5521487686456,1735.734337236838,-300.1821884681924,0.6810821918454427,0.1480170246287734,0.1709007835257839,A,0.0
2021-22,2022-04-30,Southampton,Crystal Palace,A,1404.6868978445073,1441.0196444615751,-36.33274661706787,0.34549551391581146,0.2585816551533374,0.3959228309308511,H,0.0
2021-22,2022-04-30,Watford,Burnley,A,1306.9128728521457,1400.3088078187407,-93.39593496659495,0.4069988806464838,0.25718357821806714,0.335817541135449,A,0.0
2021-22,2022-04-30,Wolverhampton Wanderers,Brighton and Hove Albion,A,1457.9342969821876,1407.0658201298631,50.86847685232442,0.2659472630036982,0.23059071316415286,0.5034620238321489,H,0.0
2021-22,2022-05-01,Everton,Chelsea,H,1397.5885424628518,1607.7281760858536,-210.13963362300183,0.5567729105485173,0.20862654659457402,0.23460054285690865,A,0.0
2021-22,2022-05-01,Tottenham,Leicester City,H,1563.711562693311,1490.6651717601203,73.04639093319065,0.2479544991729128,0.2187253781067062,0.533320122720381,H,0.0
2021-22,2022-05-01,West Ham,Arsenal,A,1496.7826733370218,1567.4917119201077,-70.70903858308588,0.38155092980387795,0.25970897440542645,0.35874009579069566,A,0.0
2021-22,2022-05-02,Manchester United,Brentford,H,1551.6746231192994,1430.6789965605135,120.99562655878594,0.21154466572448288,0.18881457541100807,0.599640758864509,H,0.0
2021-22,2022-05-07,Liverpool,Tottenham,D,1738.181256375623,1570.4608374049865,167.7204189706365,0.1790703616546345,0.1566900463544128,0.6642395919909527,H,0.0
2021-22,2022-05-07,Crystal Palace,Watford,H,1448.302285982862,1300.9008450509668,147.4014409318952,0.1928361042473499,0.1708198988664498,0.6363439968862004,H,0.0
2021-22,2022-05-07,Chelsea,Wolverhampton Wanderers,D,1598.8252544237755,1440.201905632052,158.6233487917234,0.18516557319096782,0.16302803366124372,0.6518063931477884,H,0.0
2021-22,2022-05-07,Brentford,Southampton,H,1423.8254439466973,1397.4042563232204,26.421187623476953,0.2867337977172931,0.24171174323324995,0.4715544590494569,H,0.0
2021-22,2022-05-07,Brighton and Hove Albion,Manchester United,H,1424.7982114799986,1558.5281757331156,-133.72996425311703,0.45548722508739453,0.24655735464274742,0.29795542026985805,A,0.0
2021-22,2022-05-07,Burnley,Aston Villa,A,1406.3208356199195,1431.506517564887,-25.185681944967428,0.33442511963846355,0.25694070404406116,0.40863417631747523,H,0.0
2021-22,2022-05-08,Arsenal,Leeds United,H,1574.0004093670236,1413.6737283160226,160.32668105100106,0.1840159130491503,0.16184201303064016,0.6541420739202095,H,0.0
2021-22,2022-05-08,Leicester City,Everton,A,1483.9158970484448,1406.49146412493,77.42443292351481,0.2444929878786909,0.2162106505585918,0.5392963615627173,H,0.0
2021-22,2022-05-08,Manchester City,Newcastle United,H,1757.7540352480205,1433.1052296298606,324.64880561815994,0.0886329773153116,0.1,0.8113670226846884,H,0.0
2021-22,2022-05-08,Norwich City,West Ham,A,1248.3936232815722,1490.273975890106,-241.8803526085337,0.6008736902708252,0.18822352847520155,0.21090278125397338,A,0.0
2021-22,2022-05-10,Aston Villa,Liverpool,A,1443.4530560576657,1732.4281020550916,-288.9750459974259,0.665945856592583,0.15581573060331708,0.17823841280409997,A,0.0
2021-22,2022-05-11,Wolverhampton Wanderers,Manchester City,A,1445.7772515065153,1760.8293122465639,-315.05206074004855,0.7008255133569192,0.13774615737968185,0.1614283292633989,A,0.0
2021-22,2022-05-11,Watford,Everton,D,1297.8792918276065,1415.7057629902413,-117.82647116263479,0.4358850578005922,0.25164675797976543,0.31246818421964234,A,0.0
2021-22,2022-05-11,Leeds United,Chelsea,A,1410.8368839200864,1593.2499085493123,-182.4130246292259,0.5189108441564069,0.22460521079174062,0.25648394505185246,A,0.0
2021-22,2022-05-11,Leicester City,Norwich City,H,1474.7015981831335,1240.8592285258092,233.8423696573243,0.13817238115672292,0.11188650047450655,0.7499411183687705,H,0.0
2021-22,2022-05-12,Tottenham,Arsenal,H,1576.2139917255179,1576.8372537629598,-0.6232620374419184,0.31103051861343367,0.25120063757409433,0.43776884381247205,H,0.0
2021-22,2022-05-15,Wolverhampton Wanderers,Norwich City,D,1440.5058689121688,1236.9600918707886,203.54577704138023,0.15615432981159857,0.1319465218923345,0.7118991482960669,H,0.0
2021-22,2022-05-15,Aston Villa,Crystal Palace,D,1440.8659058392743,1451.3238392062224,-10.457933366948055,0.32023792530988293,0.25384217641158263,0.4259198982785345,H,0.0
2021-22,2022-05-15,Everton,Brentford,A,1414.0565836100895,1434.1851006350926,-20.12851702500302,0.3294982779682708,0.25599473392080746,0.4145069881109217,H,0.0
2021-22,2022-05-15,West Ham,Manchester City,D,1497.808370645869,1766.1006948409104,-268.2923241950414,0.637575710456492,0.17020323609913848,0.19222105344436952,A,0.0
2021-22,2022-05-15,Leeds United,Brighton and Hove Albion,D,1402.367956997205,1443.1425604950832,-40.77460349787816,0.3499893707737881,0.2590632138992461,0.39094741532696575,H,0.0
2021-22,2022-05-15,Watford,Leicester City,A,1299.5284712077582,1478.600734838154,-179.0722636303958,0.5144179865964349,0.2263817215596946,0.2592002918438705,A,0.0
2021-22,2022-05-15,Tottenham,Burnley,H,1587.7272957336288,1394.3742971271408,193.35299860648797,0.16249532685323237,0.13891305224541664,0.6985916209013511,H,0.0
2021-22,2022-05-16,Newcastle United,Arsenal,H,1430.0299526313172,1565.3239497548489,-135.29399712353165,0.45744751039162873,0.24599678984989773,0.29655569975847357,A,0.0
2021-22,2022-05-17,Southampton,Liverpool,A,1387.044599634825,1735.015252273483,-347.97065263865784,0.7427632729318783,0.11568219135877246,0.14155453570934934,A,0.0
2021-22,2022-05-19,Everton,Crystal Palace,H,1406.403157927341,1452.7401879950135,-46.33703006767246,0.3556846457308273,0.25952644784864015,0.3847889064205326,H,0.0
2021-22,2022-05-19,Aston Villa,Burnley,D,1439.4495570504832,1391.9695730650567,47.47998398542654,0.26876646628686285,0.2322628371175911,0.49897069659554605,H,0.0
2021-22,2022-05-19,Chelsea,Leicester City,D,1601.7188354721936,1488.5737857018312,113.14504977036245,0.21728663101692658,0.1940112069836239,0.5887021619994495,H,0.0
2021-22,2022-05-22,Crystal Palace,Manchester United,H,1446.2185184706611,1540.183826718031,-93.96530824736988,0.40765470304527507,0.25708726871874604,0.335258028235979,A,0.0
2021-22,2022-05-22,Burnley,Newcastle United,A,1394.9680501668347,1442.5880440296817,-47.61999386284697,0.3570090474034626,0.25961114280211955,0.3833798097944179,H,0.0
2021-22,2022-05-22,Leicester City,Southampton,H,1493.1819829150022,1385.128583620666,108.05339929433626,0.22105543458017815,0.19733077601223356,0.5816137894075882,H,0.0
2021-22,2022-05-22,Liverpool,Wolverhampton Wanderers,H,1736.931268287642,1434.1036732813652,302.82759500627685,0.0991884981832346,0.1,0.8008115018167654,H,0.0
2021-22,2022-05-22,Chelsea,Watford,H,1597.1106382590226,1289.555420344081,307.5552179149415,0.09681199490144407,0.1,0.8031880050985559,H,0.0
2021-22,2022-05-22,Brighton and Hove Albion,West Ham,H,1443.695347795181,1503.1754035916051,-59.48005579642404,0.36944663081216683,0.25999931358573564,0.3705540556020975,H,0.0
2021-22,2022-05-22,Brentford,Leeds United,A,1441.8385263178411,1401.8151696971072,40.02335662073392,0.27503901541135745,0.2357990023759164,0.4891619822127261,H,0.0
2021-22,2022-05-22,Manchester City,Aston Villa,H,1760.7336618951742,1436.4510799487052,324.282581946469,0.08880157045548087,0.1,0.8111984295445192,H,0.0
2021-22,2022-05-22,Arsenal,Everton,H,1552.7658583564844,1412.9248274516933,139.84103090479107,0.19809801891291903,0.17603403504058474,0.6258679460464963,H,0.0
2021-22,2022-05-22,Norwich City,Tottenham,A,1243.3622875015922,1590.132019795713,-346.7697322941208,0.7412829956993856,0.11646456993419248,0.14225243436642185,A,0.0
2022-23,2022-08-05,Crystal Palace,Arsenal,A,1453.5138653730553,1560.0421720014656,-106.52830662841029,0.4223375838092993,0.2545609234884775,0.32310149270222316,A,0.0
2022-23,2022-08-06,Bournemouth,Aston Villa,H,1351.9416612778414,1435.2589645335277,-83.31730325568628,0.3955289877133821,0.25862317864930684,0.3458478336373111,A,0.0
2022-23,2022-08-06,Everton,Chelsea,A,1405.6485138067121,1598.4189591980612,-192.77044539134909,0.5329442426362941,0.21888211117727632,0.24817364618642956,A,0.0
2022-23,2022-08-06,Fulham,Liverpool,D,1314.5698303768625,1739.0598238912262,-424.48999351436373,0.8016529351044577,0.1,0.09834706489554236,A,0.0
2022-23,2022-08-06,Leeds United,Wolverhampton Wanderers,H,1410.5302358234674,1431.975117677781,-21.444881854313735,0.3307750769985891,0.25625295380480373,0.41297196919660717,H,0.0
2022-23,2022-08-06,Newcastle United,Nottingham Forest,H,1449.614310467877,1420.0,29.614310467876976,0.2839583125560182,0.24038855315433885,0.47565313428964295,H,0.0
2022-23,2022-08-06,Tottenham,Southampton,H,1595.1160244905782,1377.850335355114,217.26568913546407,0.14784880109164264,0.12272387110052185,0.7294273278078355,H,0.0
2022-23,2022-08-07,West Ham,Manchester City,A,1492.4944948458528,1761.9257773103518,-269.43128246449896,0.6391494581845093,0.16941427394450098,0.19143626787098972,A,0.0
2022-23,2022-08-07,Leicester City,Brentford,D,1500.460231180554,1433.123460191481,67.3367709890731,0.25251262125333074,0.2219240947601001,0.5255632839865692,H,0.0
2022-23,2022-08-07,Manchester United,Brighton and Hove Albion,A,1532.8884798156369,1454.3762565409334,78.5122232747035,0.2436373826138374,0.21557780845368518,0.5407848089324774,H,0.0
2022-23,2022-08-13,Wolverhampton Wanderers,Fulham,D,1425.8692115841136,1322.3843400458504,103.48487153826318,0.22446729740651353,0.2002712725941237,0.5752614299993628,H,0.0
2022-23,2022-08-13,Southampton,Leeds United,D,1373.5976305240765,1416.6361419171349,-43.03851139305834,0.35229820378195104,0.2592705569505226,0.3884312392675264,H,0.0
2022-23,2022-08-13,Manchester City,Bournemouth,H,1766.4374744554693,1363.2362435963607,403.2012308591086,0.05848679939567821,0.1,0.8415132006043218,H,0.0
2022-23,2022-08-13,Aston Villa,Everton,H,1423.9643822150083,1401.5988760290911,22.365506185917184,0.29028640832619024,0.24333300176850162,0.4663805899053082,H,0.0
2022-23,2022-08-13,Brentford,Manchester United,H,1436.6327664287567,1523.6606115350405,-87.02784510628385,0.3997211043129181,0.25815180384241887,0.342127091844663,A,0.0
2022-23,2022-08-13,Arsenal,Leicester City,H,1569.1259215076766,1496.9509249432783,72.17499656439827,0.24864692676123956,0.219219589434172,0.5321334838045885,H,0.0
2022-23,2022-08-13,Brighton and Hove Albion,Newcastle United,D,1463.6041248215297,1457.7188896915009,5.885235130028832,0.30504951445495687,0.2492086204928489,0.44574186505219426,H,0.0
2022-23,2022-08-14,Chelsea,Tottenham,D,1602.4685969756822,1599.3687293216158,3.099867654066429,0.3075983927268992,0.2500845058049654,0.44231710146813535,H,0.0
2022-23,2022-08-14,Nottingham Forest,West Ham,H,1411.895420776376,1487.9827977007353,-76.0873769243592,0.38746327595637614,0.25934371093507047,0.3531930131085534,A,0.0
2022-23,2022-08-15,Liverpool,Crystal Palace,D,1731.2453142222382,1444.4301158668443,286.81519835539393,0.10762055015175485,0.1,0.7923794498482452,H,0.0
2022-23,2022-08-20,Leicester City,Southampton,A,1490.17592119487,1373.1098271051005,117.06609408976942,0.21440834202247164,0.19142686571316275,0.5941647922643656,H,0.0
2022-23,2022-08-20,Tottenham,Wolverhampton Wanderers,H,1601.1651811856468,1421.4827975343053,179.68238365134152,0.1712244078903132,0.148364112577033,0.6804114795326538,H,0.0
2022-23,2022-08-20,Fulham,Brentford,H,1326.7707540956587,1453.3166628617626,-126.54590876610382,0.4465569514039532,0.24899577978849669,0.30444726880755013,A,0.0
2022-23,2022-08-20,Everton,Nottingham Forest,D,1396.334043525258,1418.9051789951698,-22.571135469911724,0.3318706216416946,0.2564671978011919,0.4116621805571135,H,0.0
2022-23,2022-08-20,Crystal Palace,Aston Villa,H,1452.0385480856942,1429.2292147188414,22.809333366852798,0.289896124934434,0.24315885982059385,0.4669450152449722,H,0.0
2022-23,2022-08-20,Bournemouth,Arsenal,A,1361.4684379793666,1575.900925256085,-214.43248727671835,0.5627068450840804,0.205979654894631,0.23131350002128853,A,0.0
2022-23,2022-08-21,Leeds United,Chelsea,H,1417.1239453361109,1600.6721451116512,-183.5481997755403,0.520441398783677,0.22399362492440705,0.2555649762919161,A,0.0
2022-23,2022-08-21,Newcastle United,Manchester City,D,1459.592810389546,1768.2052800724634,-308.61246968291744,0.6923277222242169,0.1421789275708699,0.1654933502049131,A,0.0
2022-23,2022-08-21,West Ham,Brighton and Hove Albion,A,1480.9730394819417,1461.7302041234846,19.242835358457114,0.29304295760474347,0.24453515997423383,0.4624218824210227,H,0.0
2022-23,2022-08-22,Manchester United,Liverpool,H,1506.9767151020346,1723.6368820033883,-216.6601669013537,0.5657915809916658,0.20459034830704736,0.22961807070128679,A,0.0
2022-23,2022-08-27,Chelsea,Leicester City,H,1583.5092423897343,1480.5036754598716,103.00556692986265,0.2248269220208898,0.2005775624833509,0.5745955154957593,H,0.0
2022-23,2022-08-27,Manchester City,Crystal Palace,H,1762.0637385674565,1460.368310150886,301.6954284165706,0.09976515611717689,0.1,0.8002348438828232,H,0.0
2022-23,2022-08-27,Brighton and Hove Albion,Leeds United,H,1475.0628524264187,1434.2868480580278,40.776004368390886,0.2744015333262019,0.2354512455579852,0.490147221115813,H,0.0
2022-23,2022-08-27,Liverpool,Bournemouth,H,1714.659944987934,1354.1086989199268,360.55124606800723,0.07343434733948394,0.1,0.8265656526605161,H,0.0
2022-23,2022-08-27,Brentford,Everton,D,1445.5219344546376,1395.260902452269,50.261032002368665,0.26645124009828564,0.23089339076801343,0.5026553691337009,H,0.0
2022-23,2022-08-27,Arsenal,Fulham,H,1583.2606643155248,1334.5654825027837,248.6951818127411,0.1298423905864429,0.10252315837389145,0.7676344510396657,H,0.0
2022-23,2022-08-27,Southampton,Manchester United,A,1382.7820728400989,1515.953652117489,-133.17157927739004,0.45478875087530424,0.24675493876689406,0.2984563103578017,A,0.0
2022-23,2022-08-28,Aston Villa,West Ham,A,1420.8994526536496,1467.6403911790076,-46.74093852535793,0.35610116116355744,0.25955400888215213,0.38434482995429037,H,0.0
2022-23,2022-08-28,Nottingham Forest,Tottenham,A,1419.9783200681588,1603.741922737954,-183.7636026697951,0.5207320445907193,0.2238771267508512,0.2553908286584295,A,0.0
2022-23,2022-08-28,Wolverhampton Wanderers,Newcastle United,D,1418.9060559819982,1465.734351894553,-46.82829591255472,0.3561912981788241,0.2595598613907359,0.38424884043043994,H,0.0
2022-23,2022-08-30,Crystal Palace,Brentford,D,1458.2264107410185,1442.450785069102,15.775625671916487,0.2961256361455351,0.24582206102076862,0.45805230283369625,H,0.0
2022-23,2022-08-30,Fulham,Brighton and Hove Albion,H,1332.763557701715,1479.947812754967,-147.18425505325195,0.4725319320205943,0.2413992481713948,0.28606881980801097,A,0.0
2022-23,2022-08-30,Leeds United,Everton,D,1429.4018877294795,1398.3320518378046,31.069835891674984,0.28269937705363163,0.23977196369168344,0.47752865925468496,H,0.0
2022-23,2022-08-30,Southampton,Chelsea,H,1377.6027148145424,1587.2336322113933,-209.63091739685092,0.5560707148727969,0.20893747299095783,0.23499181213624512,A,0.0
2022-23,2022-08-31,West Ham,Tottenham,D,1474.6865559725607,1610.4147327406893,-135.7281767681286,0.4579926963170779,0.24583931883776824,0.2961679848451539,A,0.0
2022-23,2022-08-31,Manchester City,Nottingham Forest,H,1764.205637977324,1413.3055100654235,350.9001279119004,0.07726936595744456,0.1,0.8227306340425554,H,0.0
2022-23,2022-08-31,Liverpool,Newcastle United,H,1717.888376836706,1466.113282489865,251.7750943468409,0.12815589170630157,0.10062760824693408,0.7712165000467643,H,0.0
2022-23,2022-08-31,Bournemouth,Wolverhampton Wanderers,D,1350.880267071155,1418.527125386686,-67.64685831553106,0.3782180205541351,0.25985157211998366,0.3619304073258812,A,0.0
2022-23,2022-08-31,Arsenal,Aston Villa,H,1585.0625891165935,1413.8532878600965,171.20930125649693,0.17676209267574225,0.15425905727041814,0.6689788500538396,H,0.0
2022-23,2022-09-01,Leicester City,Manchester United,A,1476.7792856382125,1521.1330101430453,-44.353724504832826,0.35364527028816434,0.25937916483164025,0.3869755648801954,H,0.0
2022-23,2022-09-03,Aston Villa,Manchester City,D,1411.165097454798,1767.0873252158476,-355.9222277610497,0.7524593591474729,0.11055423253209266,0.13698640832043454,A,0.0
2022-23,2022-09-03,Everton,Liverpool,D,1400.8948260699567,1719.6609188324348,-318.76609276247814,0.7056872764066345,0.13520287765024303,0.15910984594312244,A,0.0
2022-23,2022-09-03,Brentford,Leeds United,H,1444.5978469005224,1426.8391134973274,17.758733403195038,0.2943596129108525,0.2450922216567124,0.4605481654324351,H,0.0
2022-23,2022-09-03,Chelsea,West Ham,H,1578.3365660076918,1476.832315033117,101.50425097457469,0.225955430134442,0.20153413053421845,0.5725104393313396,H,0.0
2022-23,2022-09-03,Nottingham Forest,Bournemouth,A,1410.4238228268998,1351.100325813628,59.32349701327189,0.2589953961712143,0.22624935134465024,0.5147552524841355,H,0.0
2022-23,2022-09-03,Wolverhampton Wanderers,Southampton,H,1418.3070666442131,1386.499781018244,31.807285625969143,0.28206300432983034,0.23945638745796816,0.4784806082122015,H,0.0
2022-23,2022-09-03,Tottenham,Fulham,H,1608.2689736801328,1340.8572902138972,267.4116834662357,0.11866154313001435,0.1,0.7813384568699857,H,0.0
2022-23,2022-09-03,Newcastle United,Crystal Palace,D,1464.340740494136,1456.0793489095981,8.261391584537932,0.30288764523904527,0.24843408356735178,0.448678271193603,H,0.0
2022-23,2022-09-04,Manchester United,Arsenal,H,1528.233273366906,1587.7507795218921,-59.51750615498622,0.3694864657668842,0.2599994089061336,0.3705141253269822,H,0.0
2022-23,2022-09-04,Brighton and Hove Albion,Leicester City,H,1471.8540802427847,1469.679022414352,2.1750578284327275,0.3084482227276578,0.2503676118358159,0.4411841654365263,H,0.0
2022-23,2022-09-16,Aston Villa,Southampton,H,1418.0848330175313,1381.4317011459632,36.65313187156812,0.27790573089344006,0.23733030027544225,0.4847639688311177,H,0.0
2022-23,2022-09-16,Nottingham Forest,Fulham,A,1401.4433442911807,1339.2276039573976,62.21574033378306,0.256643862187622,0.2247110928207341,0.518645044991644,H,0.0
2022-23,2022-09-17,Newcastle United,Bournemouth,D,1462.4009156196053,1360.080804349347,102.32011127025817,0.22534177645019618,0.20101483589415783,0.573643387655646,H,0.0
2022-23,2022-09-17,Tottenham,Leicester City,H,1609.8986599366324,1458.2820309295769,151.6166290070555,0.18993529633680445,0.16789878729011154,0.642165916373084,H,0.0
2022-23,2022-09-17,Wolverhampton Wanderers,Manchester City,A,1423.375146516494,1760.1675896531142,-336.79244313662025,0.7288306310959108,0.12303852094420868,0.14813084795988052,A,0.0
2022-23,2022-09-18,Brentford,Arsenal,A,1455.3223741728295,1577.068894799113,-121.74652062628343,0.44065989503898273,0.25049748704941094,0.3088426179116062,A,0.0
2022-23,2022-09-18,Everton,West Ham,H,1407.2151226613514,1473.0823019582149,-65.86717929686347,0.3762920654756777,0.2599126105280119,0.3637953239963105,A,0.0
2022-23,2022-10-01,Liverpool,Brighton and Hove Albion,D,1713.3406222410401,1483.2510717275597,230.0895505134804,0.1403282591915538,0.11430670957218497,0.7453650312362612,H,0.0
2022-23,2022-10-01,West Ham,Wolverhampton Wanderers,H,1466.2386841872471,1419.3136303184435,46.925053868803616,0.26923000380755907,0.23253286299211798,0.498237133200323,H,0.0
2022-23,2022-10-01,Southampton,Everton,A,1376.4630270634793,1414.0587404323192,-37.595713368839824,0.3467684190813351,0.2587286309412655,0.3945029499773994,H,0.0
2022-23,2022-10-01,Fulham,Newcastle United,A,1348.246445999195,1458.0416155117587,-109.79516951256369,0.42622179735210625,0.2537798575273611,0.31999834512053266,A,0.0
2022-23,2022-10-01,Bournemouth,Brentford,D,1364.4401044571937,1444.4966374354824,-80.05653297828871,0.3918744979633074,0.25898062879629685,0.3491448732403958,A,0.0
2022-23,2022-10-01,Arsenal,Tottenham,H,1587.89463153646,1616.7723493570118,-28.877717820551652,0.3380593553212504,0.257552267819088,0.40438837685966156,H,0.0
2022-23,2022-10-01,Crystal Palace,Chelsea,A,1458.019173784129,1582.086579082594,-124.06740529846502,0.443504610466738,0.24978419623624853,0.30671119329701335,A,0.0
2022-23,2022-10-02,Leeds United,Aston Villa,D,1416.1145862250203,1423.0535071000152,-6.938920874994892,0.3169194516504262,0.2529487066149065,0.4301318417346673,H,0.0
2022-23,2022-10-02,Manchester City,Manchester United,H,1764.2291058511646,1538.915158089685,225.31394776147954,0.1431012377013652,0.11741565160009089,0.7394831106985439,H,0.0
2022-23,2022-10-03,Leicester City,Nottingham Forest,H,1451.4083415091975,1392.4245022493833,58.983839259814204,0.2592724312404166,0.22642826273403016,0.5142993060255532,H,0.0
2022-23,2022-10-08,Bournemouth,Leicester City,H,1365.016737489789,1461.915118779325,-96.89838128953602,0.4110463818146407,0.25656597010738424,0.332387648077975,A,0.0
2022-23,2022-10-08,Brighton and Hove Albion,Tottenham,A,1490.082293986819,1606.8973298913636,-116.81503590454463,0.434659232938935,0.2519318711426725,0.31340889591839244,A,0.0
2022-23,2022-10-08,Chelsea,Wolverhampton Wanderers,H,1587.4516174830376,1411.7666674786758,175.68495000436178,0.17382491402794703,0.15114302822525486,0.6750320577467982,H,0.0
2022-23,2022-10-08,Manchester City,Southampton,H,1768.3069191454624,1369.2091607896364,399.09775835582604,0.059791914648774036,0.1,0.8402080853512259,H,0.0
2022-23,2022-10-08,Newcastle United,Brentford,H,1469.366021458548,1443.9200044028871,25.446017055660832,0.28758519092636176,0.24210768092744528,0.47030712814619297,H,0.0
2022-23,2022-10-09,West Ham,Fulham,H,1473.7856470270149,1336.9220400524057,136.86360697460918,0.20019105029401607,0.1780762985867966,0.6217326511191873,H,0.0
2022-23,2022-10-09,Everton,Manchester United,A,1421.3126067061621,1534.8373447953873,-113.52473808922514,0.43068912220888966,0.2528266599846621,0.3164842178064483,A,0.0
2022-23,2022-10-09,Arsenal,Liverpool,H,1597.7696510021083,1706.509399981781,-108.73974897967264,0.42496397150804177,0.2540377231471009,0.3209983053448573,A,0.0
2022-23,2022-10-09,Crystal Palace,Leeds United,H,1452.6541353836853,1414.5991295075673,38.055005876118,0.2767108664990855,0.23669851773326261,0.48659061576765195,H,0.0
2022-23,2022-10-10,Nottingham Forest,Aston Villa,D,1381.9177249792558,1424.568963817468,-42.651238838212294,0.3519023591066633,0.2592369162006863,0.3888607246926505,H,0.0
2022-23,2022-10-14,Brentford,Brighton and Hove Albion,H,1431.8455128293326,1484.5671489016972,-52.72163607236462,0.3623158991752235,0.2598655290126839,0.3778185718120926,H,0.0
2022-23,2022-10-15,Fulham,Bournemouth,D,1331.8838224858837,1372.3582365747768,-40.47441408889313,0.34968416202075364,0.25903378600357624,0.39128205197567006,H,0.0
2022-23,2022-10-15,Leicester City,Crystal Palace,D,1454.5736196943371,1457.5942552862568,-3.0206355919196994,0.3132559101795595,0.25188586908120547,0.434858220739235,H,0.0
2022-23,2022-10-15,Tottenham,Everton,H,1612.4124749764853,1415.728744658273,196.68373031821238,0.1604074073927618,0.13662752316237037,0.7029650694448678,H,0.0
2022-23,2022-10-15,Wolverhampton Wanderers,Nottingham Forest,H,1406.508955516371,1381.4188020929205,25.0901534234506,0.2878963273431487,0.2422512091887498,0.46985246346810156,H,0.0
2022-23,2022-10-16,Southampton,West Ham,D,1367.3990538206704,1478.8238645935369,-111.42481077286652,0.42816949440617885,0.25337138231653317,0.31845912327728804,A,0.0
2022-23,2022-10-16,Liverpool,Manchester City,H,1698.9838472430163,1770.1170261144284,-71.13317887141216,0.3820144713011349,0.2596854795049832,0.35830004919388186,A,0.0
2022-23,2022-10-16,Manchester United,Newcastle United,D,1540.4212068432764,1481.4405130321024,58.98069381117398,0.2592749976280368,0.22642991784492233,0.5142950845270409,H,0.0
2022-23,2022-10-16,Aston Villa,Chelsea,A,1425.0678867038034,1592.7093294453423,-167.64144274153887,0.4991842349655299,0.23218406883265325,0.2686316962018168,A,0.0
2022-23,2022-10-16,Leeds United,Arsenal,A,1409.6590096049958,1605.295203740873,-195.63619413587708,0.5368525015070906,0.2172441199194208,0.24590337857348857,A,0.0
2022-23,2022-10-18,Brighton and Hove Albion,Nottingham Forest,D,1474.0628672123019,1376.2111567670347,97.85171044526714,0.2287140888467666,0.20384297479855376,0.5674429363546797,H,0.0
2022-23,2022-10-18,Crystal Palace,Wolverhampton Wanderers,H,1459.2197066115825,1411.7166008422569,47.50310576932566,0.2687471637685833,0.2322515626805095,0.4990012735509072,H,0.0
2022-23,2022-10-19,Liverpool,West Ham,H,1705.913302308226,1477.354454387037,228.558847921189,0.14121347525747338,0.11529972723185271,0.7434867975106739,H,0.0
2022-23,2022-10-19,Brentford,Chelsea,D,1442.349794518728,1599.85234064879,-157.502546130062,0.48587028864748416,0.2369483795743559,0.2771813317781599,A,0.0
2022-23,2022-10-19,Newcastle United,Everton,H,1484.7371773264163,1411.9814950656794,72.75568226073688,0.24818537384654807,0.21889049041185862,0.5329241357415934,H,0.0
2022-23,2022-10-19,Manchester United,Tottenham,H,1537.1245425489626,1616.159724569079,-79.03518202011628,0.39073549427808374,0.2590816265509002,0.35018287917101604,A,0.0
2022-23,2022-10-19,Bournemouth,Southampton,A,1372.9196372050505,1368.8684640271701,4.0511731778804005,0.3067260616733091,0.2497892691418667,0.44348466918482415,H,0.0
2022-23,2022-10-20,Fulham,Aston Villa,H,1331.32242185561,1417.9248755003557,-86.60245364474576,0.3992386906595681,0.25820932433170507,0.34255198500872686,A,0.0
2022-23,2022-10-20,Leicester City,Leeds United,H,1452.9481683690115,1405.65960420549,47.288564163521414,0.2689263019790215,0.2323561033731462,0.49871759464783233,H,0.0
2022-23,2022-10-22,Nottingham Forest,Liverpool,H,1380.4657050129942,1707.917818117881,-327.45211310488685,0.7169367967695559,0.12930064769874947,0.15376255553169463,A,0.0
2022-23,2022-10-22,Manchester City,Brighton and Hove Albion,H,1763.1875710492186,1469.8083189663423,293.3792520828763,0.10409144609496074,0.1,0.7959085539050392,H,0.0
2022-23,2022-10-22,Everton,Crystal Palace,H,1407.717765568387,1463.9698069711221,-56.25204140273513,0.3660264225520039,0.25996433574364175,0.37400924170435434,H,0.0
2022-23,2022-10-22,Chelsea,Manchester United,D,1597.1174148418975,1548.310124887335,48.80728995456252,0.26765986349355236,0.23161259791063143,0.5007275385958163,H,0.0
2022-23,2022-10-23,Tottenham,Newcastle United,A,1604.9741422307065,1489.0009068237086,115.9732354069979,0.2152084744157403,0.1921494831743747,0.592642042409885,H,0.0
2022-23,2022-10-23,Aston Villa,Brentford,H,1403.5677095367953,1445.0847203256205,-41.517010788825246,0.35074513313662387,0.2591340484800884,0.39012081838328777,H,0.0
2022-23,2022-10-23,Leeds United,Fulham,A,1398.1241095548767,1345.6795878191704,52.4445217357063,0.2646425273753813,0.2297995276743176,0.505557944950301,H,0.0
2022-23,2022-10-23,Southampton,Arsenal,D,1377.0484357669554,1609.2946091403787,-232.2461733734233,0.5874502804934445,0.1946003173495443,0.2179494021570112,A,0.0
2022-23,2022-10-23,Wolverhampton Wanderers,Leicester City,A,1406.9665004827173,1460.4836630196248,-53.51716253690756,0.36314928048245826,0.2598933122542679,0.3769574072632738,H,0.0
2022-23,2022-10-24,West Ham,Bournemouth,H,1475.349938577382,1364.7396654652653,110.61027311211683,0.2191584294629071,0.19566913264363217,0.5851724378934607,H,0.0
2022-23,2022-10-29,Leicester City,Manchester City,A,1476.4889692190923,1765.4298070455204,-288.94083782642815,0.6658993634947331,0.1558395680714025,0.17826106843386433,A,0.0
2022-23,2022-10-29,Liverpool,Leeds United,A,1697.9819034879336,1389.236372576378,308.74553091155553,0.0962215860908785,0.1,0.8037784139091215,H,0.0
2022-23,2022-10-29,Newcastle United,Aston Villa,H,1498.6615502270351,1418.524447409594,80.13710281744125,0.2423626061912898,0.21462671437022418,0.543010679438486,H,0.0
2022-23,2022-10-29,Fulham,Everton,D,1354.567324797669,1421.0892710949558,-66.52194629728683,0.3769997049957906,0.2598920214152795,0.36310827358892983,A,0.0
2022-23,2022-10-29,Bournemouth,Tottenham,A,1359.039415862798,1595.31349882738,-236.27408296458202,0.5930612186889322,0.1919507324384202,0.2149880488726475,A,0.0
2022-23,2022-10-29,Brighton and Hove Albion,Chelsea,H,1467.5660829700405,1594.0842095281648,-126.51812655812432,0.44652265477614367,0.24900476911835792,0.30447257610549844,A,0.0
2022-23,2022-10-29,Brentford,Wolverhampton Wanderers,D,1430.127982452822,1390.9611942832498,39.1667881695721,0.2757657207191006,0.23619222073985677,0.4880420585410426,H,0.0
2022-23,2022-10-29,Crystal Palace,Southampton,H,1450.5983014445533,1381.636230948603,68.96207049595023,0.2512100054241398,0.22102314309281237,0.5277668514830478,H,0.0
2022-23,2022-10-30,Arsenal,Nottingham Forest,H,1604.7068139587311,1390.4016196429418,214.30519431578932,0.14961844822134815,0.12469657575618061,0.7256849760224712,H,0.0
2022-23,2022-10-30,Manchester United,West Ham,H,1551.3433302010676,1481.0501881798493,70.29314202121827,0.25014623699976696,0.22027955041468875,0.5295742125855443,H,0.0
2022-23,2022-11-05,Everton,Leicester City,A,1420.9015764367598,1473.9013815228093,-52.99980508604949,0.3626071244390707,0.2598756087744255,0.37751726678650377,H,0.0
2022-23,2022-11-05,Leeds United,Bournemouth,H,1400.0935105006586,1355.7087699104575,44.38474059020109,0.2713586211765529,0.2337550287092163,0.4948863501142308,H,0.0
2022-23,2022-11-05,Manchester City,Fulham,H,1768.0173947418034,1354.755019455865,413.26237528593833,0.05539824915034967,0.1,0.8446017508496504,H,0.0
2022-23,2022-11-05,Nottingham Forest,Brentford,D,1384.8199165069732,1427.348797118685,-42.528880611711884,0.35177736876112564,0.2592261305014475,0.38899650073742686,H,0.0
2022-23,2022-11-05,Wolverhampton Wanderers,Brighton and Hove Albion,A,1393.7403796173867,1483.1547152169999,-89.4143355996132,0.40243619612689513,0.257812449748355,0.33975135412474994,A,0.0
2022-23,2022-11-06,Tottenham,Liverpool,A,1598.6441447797206,1687.124765563653,-88.48062078393241,0.4013721574546891,0.2579485859245666,0.34067925662074433,A,0.0
2022-23,2022-11-06,Aston Villa,Manchester United,H,1408.9402570363554,1555.6530719793795,-146.7128149430241,0.47192787841302275,0.2415925912420569,0.2864795303449203,A,0.0
2022-23,2022-11-06,Chelsea,Arsenal,A,1578.4955772812054,1610.2885170946997,-31.792939813494286,0.3409515046706567,0.25798765276731894,0.40106084256202434,H,0.0
2022-23,2022-11-06,Southampton,Newcastle United,A,1377.30148869378,1508.2457406002736,-130.94425190649372,0.4520098955769469,0.24752965474109254,0.30046044968196056,A,0.0
2022-23,2022-11-06,West Ham,Crystal Palace,A,1476.7404464015374,1454.9330436993764,21.80740270216097,0.29077771175230865,0.24355082871181136,0.46567145953588,H,0.0
2022-23,2022-11-12,Tottenham,Leeds United,H,1592.5256781979265,1404.9058561888166,187.61982200910984,0.16612502794063344,0.1428645111549423,0.6910104609044243,H,0.0
2022-23,2022-11-12,West Ham,Leicester City,A,1468.290156702508,1484.8451797706082,-16.555023068100127,0.32605200696062137,0.25525150307294503,0.41869648996643366,H,0.0
2022-23,2022-11-12,Nottingham Forest,Crystal Palace,H,1384.3174806961433,1463.3833333984057,-79.06585270226242,0.3907696586441661,0.2590786699385575,0.3501516714172765,A,0.0
2022-23,2022-11-12,Wolverhampton Wanderers,Arsenal,A,1387.6421851316045,1617.6747562939725,-230.03257116236796,0.5843682151942082,0.1960455267741591,0.21958625803163265,A,0.0
2022-23,2022-11-12,Manchester City,Brentford,A,1768.735765509599,1427.851232929515,340.88453258008417,0.08144024253121467,0.1,0.8185597574687854,H,0.0
2022-23,2022-11-12,Bournemouth,Everton,H,1350.8964242222994,1409.957778188961,-59.0613539666615,0.36900151096560585,0.25999776295241944,0.37100072608197465,H,0.0
2022-23,2022-11-12,Liverpool,Southampton,H,1693.243232145447,1366.8525021441583,326.39073000128883,0.08783497064058389,0.1,0.8121650293594161,H,0.0
2022-23,2022-11-12,Newcastle United,Chelsea,H,1518.6947271498952,1571.1093380819327,-52.414610932037476,0.3619946883339367,0.25985394813542645,0.3781513635306368,H,0.0
2022-23,2022-11-13,Brighton and Hove Albion,Aston Villa,A,1489.252909702782,1421.757961402834,67.49494829994796,0.2523856685207123,0.22183675405413714,0.5257775774251505,H,0.0
2022-23,2022-11-13,Fulham,Manchester United,A,1354.0366486880694,1542.8353676129009,-188.79871892483152,0.5275452152295385,0.22111404379840263,0.251340740972059,A,0.0
2022-23,2022-12-26,Brentford,Tottenham,D,1438.7681770760219,1595.0013812483187,-156.23320417229684,0.48421757050030184,0.237518102612644,0.27826432688705416,A,0.0
2022-23,2022-12-26,Crystal Palace,Fulham,A,1456.3255227728437,1349.9167399316304,106.40878284121322,0.22228035226261766,0.1983936297118895,0.5793260180254928,H,0.0
2022-23,2022-12-26,Arsenal,West Ham,H,1623.1079943792558,1456.029653440247,167.07834093900874,0.17949694176817446,0.15713752047775542,0.6633655377540701,H,0.0
2022-23,2022-12-26,Aston Villa,Liverpool,A,1430.8458533750215,1695.1105642369844,-264.26471086196284,0.6320023669024492,0.17298761275805147,0.19501002033949932,A,0.0
2022-23,2022-12-26,Everton,Wolverhampton Wanderers,A,1396.493743591021,1382.208947046321,14.28479654469993,0.2974583263409424,0.24635969835943808,0.45618197529961957,H,0.0
2022-23,2022-12-26,Leicester City,Newcastle United,A,1497.1056830328691,1525.317114399256,-28.211431366386932,0.3374011473553961,0.25744686236589975,0.40515199027870413,H,0.0
2022-23,2022-12-26,Southampton,Brighton and Hove Albion,A,1364.985170052621,1480.1650177305946,-115.17984767797361,0.43268281945281717,0.2523828305956177,0.3149343499515651,A,0.0
2022-23,2022-12-27,Manchester United,Nottingham Forest,H,1546.9552763693398,1391.3752913217054,155.5799850476344,0.18722928981188444,0.16514549055495734,0.6476252196331582,H,0.0
2022-23,2022-12-27,Chelsea,Bournemouth,H,1564.486950832572,1364.3604588202393,200.12649201233262,0.1582654047135487,0.1342740529243882,0.7074605423620631,H,0.0
2022-23,2022-12-28,Leeds United,Manchester City,A,1402.4301531384244,1757.8188213630922,-355.38866822466775,0.7518145680386431,0.11089538097945732,0.1372900509818996,A,0.0
2022-23,2022-12-30,Liverpool,Leicester City,H,1699.7360216234192,1482.1694123885557,217.56660923486356,0.14766962369817144,0.12252393647371206,0.7298064398281164,H,0.0
2022-23,2022-12-30,West Ham,Brentford,A,1451.6806992844818,1441.4692673487082,10.21143193577359,0.30112200012270396,0.24777982882644556,0.4510981710508505,H,0.0
2022-23,2022-12-31,Bournemouth,Crystal Palace,A,1360.6785879160195,1437.2123087169864,-76.53372080096688,0.38795729583122857,0.2593068375472781,0.3527358666214933,A,0.0
2022-23,2022-12-31,Brighton and Hove Albion,Arsenal,A,1488.9603684271935,1627.4569485350212,-138.49658010782764,0.46147908932981246,0.24481642687500743,0.29370448379518,A,0.0
2022-23,2022-12-31,Fulham,Southampton,H,1369.0299539874877,1356.189819356022,12.840134631465617,0.2987539189180057,0.2468715840637979,0.4543744970181965,H,0.0
2022-23,2022-12-31,Manchester City,Everton,D,1760.7397864380232,1388.1565734194878,372.5832130185354,0.06889648809788013,0.1,0.8311035119021198,H,0.0
2022-23,2022-12-31,Newcastle United,Leeds United,D,1540.2533850435696,1399.5091880634934,140.74419698007614,0.19746544671046726,0.17541317709304907,0.6271213761964837,H,0.0
2022-23,2022-12-31,Wolverhampton Wanderers,Manchester United,A,1390.5461172178543,1552.7625631098135,-162.2164458919592,0.49203587059807896,0.23477988372681052,0.2731842456751105,A,0.0
2022-23,2023-01-01,Tottenham,Aston Villa,A,1592.3002909756324,1426.2203959885867,166.0798949870457,0.1801613791980969,0.1578333681758699,0.6620052526260332,H,0.0
2022-23,2023-01-01,Nottingham Forest,Chelsea,D,1385.5680045812317,1568.1688217367916,-182.60081715555998,0.5191639101215257,0.22450431077750196,0.2563317791009722,A,0.0
2022-23,2023-01-02,Brentford,Liverpool,H,1454.5849046846693,1701.8590489232392,-247.27414423857,0.6083888898623406,0.18459892293400118,0.20701218720365816,A,0.0
2022-23,2023-01-03,Arsenal,Newcastle United,D,1635.4962521753935,1535.0428248266196,100.45342734877386,0.2267471777389287,0.2022010830239683,0.571051739237103,H,0.0
2022-23,2023-01-03,Everton,Brighton and Hove Albion,A,1396.6255403506461,1480.9210647868213,-84.29552443617513,0.39663070109972226,0.25850557257292966,0.344863726327348,A,0.0
2022-23,2023-01-03,Leicester City,Fulham,A,1480.0463850887356,1374.49725108709,105.5491340016456,0.22292210359560297,0.19894728208083295,0.5781306143235642,H,0.0
2022-23,2023-01-03,Manchester United,Bournemouth,H,1557.3717861139269,1350.5666515631838,206.8051345507431,0.15415720901709506,0.12973784174766193,0.716104949235243,H,0.0
2022-23,2023-01-04,Aston Villa,Wolverhampton Wanderers,D,1442.2798630586558,1385.936894213741,56.34296884491482,0.26143274389266413,0.22780663875957302,0.5107606173477629,H,0.0
2022-23,2023-01-04,Crystal Palace,Tottenham,A,1447.3242450698222,1576.2408239055633,-128.91657883574112,0.449490315474429,0.24821612675139612,0.3022935577741749,A,0.0
2022-23,2023-01-04,Leeds United,West Ham,D,1404.7197482804434,1438.5650619485207,-33.845313668077324,0.34299969301469807,0.25826889818484994,0.39873140880045194,H,0.0
2022-23,2023-01-04,Southampton,Nottingham Forest,A,1350.7225222564198,1388.9572191787242,-38.234696922304465,0.3474138944568608,0.25879995194243005,0.39378615360070923,H,0.0
2022-23,2023-01-05,Chelsea,Manchester City,A,1564.779607139299,1752.2708195068649,-187.49121236756582,0.525772515700243,0.22183881777608241,0.25238866652367475,A,0.0
2022-23,2023-01-12,Fulham,Chelsea,H,1384.044288508402,1560.636400039787,-176.59211153138517,0.5110939757772369,0.22767756843520684,0.26122845578755627,A,0.0
2022-23,2023-01-13,Aston Villa,Leeds United,H,1439.0510361097347,1403.9683746943908,35.082661415343864,0.27924843689708106,0.23802921613087713,0.4827223469720418,H,0.0
2022-23,2023-01-14,Brighton and Hove Albion,Liverpool,H,1493.3403176413794,1687.1215257501847,-193.78120810880523,0.5343215291069103,0.2183069762990189,0.24737149459407082,A,0.0
2022-23,2023-01-14,Everton,Southampton,A,1384.206287496088,1343.4832065572243,40.72308093886363,0.274446326463592,0.23547576692672975,0.4900779066096782,H,0.0
2022-23,2023-01-14,Brentford,Bournemouth,H,1469.3224278577238,1346.077327632943,123.2451002247808,0.20991469325444395,0.18730981055520313,0.602775496190353,H,0.0
2022-23,2023-01-14,Nottingham Forest,Leicester City,H,1396.1965348779197,1470.4993476674238,-74.30281278950406,0.3854932430384319,0.25948110132208224,0.35502565563948585,A,0.0
2022-23,2023-01-14,Wolverhampton Wanderers,West Ham,H,1389.165721162662,1439.3164355345732,-50.150714371911135,0.3596334636584134,0.25975380617386373,0.3806127301677228,H,0.0
2022-23,2023-01-14,Manchester United,Manchester City,H,1561.8611100441676,1756.4140266063769,-194.55291656220925,0.5353739427396603,0.21786595681634846,0.24676010044399124,A,0.0
2022-23,2023-01-15,Chelsea,Crystal Palace,H,1552.1440947258395,1435.097556278744,117.0465384470956,0.21442264542481204,0.19143981157983264,0.5941375429953554,H,0.0
2022-23,2023-01-15,Newcastle United,Fulham,H,1539.358505810535,1392.5365938223495,146.82191198818555,0.19323676590311095,0.1712208185401559,0.6355424155567332,H,0.0
2022-23,2023-01-15,Tottenham,Arsenal,A,1588.4675126966415,1631.180571191478,-42.71305849483656,0.3519655225167611,0.25924233685886133,0.38879214062437756,H,0.0
2022-23,2023-01-18,Crystal Palace,Manchester United,D,1431.606943480892,1570.5793684870557,-138.9724250061638,0.4620801092189811,0.24463734888443486,0.2932825418965839,A,0.0
2022-23,2023-01-19,Manchester City,Tottenham,H,1747.6957681634888,1577.1548525202807,170.5409156432081,0.17720303715019786,0.1547246857658379,0.6680722770839643,H,0.0
2022-23,2023-01-21,Leicester City,Brighton and Hove Albion,D,1459.43490700359,1510.7579900112594,-51.32308300766931,0.3608546367871496,0.25980890706504856,0.37933645614780187,H,0.0
2022-23,2023-01-21,Liverpool,Chelsea,D,1669.7038533803047,1555.6347075236915,114.0691458566132,0.21660640967680722,0.193404245357102,0.5899893449660908,H,0.0
2022-23,2023-01-21,Crystal Palace,Newcastle United,D,1433.841599471271,1542.3885497758795,-108.54695030460857,0.42473450315485733,0.2540842598429645,0.3211812370021782,A,0.0
2022-23,2023-01-21,Southampton,Aston Villa,A,1352.208174067338,1444.0518072462187,-91.84363317888074,0.4052151497335443,0.2574380533128684,0.3373467969535874,A,0.0
2022-23,2023-01-21,West Ham,Everton,H,1432.7315164568247,1375.4813199859743,57.25019647085037,0.26068933353916124,0.22733566848486753,0.5119749979759712,H,0.0
2022-23,2023-01-21,Bournemouth,Nottingham Forest,D,1340.7030521956658,1407.2609755417534,-66.55792334608759,0.37703861904277475,0.25989082709462363,0.3630705538626016,A,0.0
2022-23,2023-01-22,Manchester City,Wolverhampton Wanderers,H,1751.970635569313,1395.7506402404106,356.2199953289023,0.07513350910477805,0.1,0.824866490895222,H,0.0
2022-23,2023-01-22,Arsenal,Manchester United,H,1642.493231367839,1568.3447124966767,74.1485188711622,0.24708037649297424,0.21809726900512136,0.5348223545019044,H,0.0
2022-23,2023-01-22,Leeds United,Brentford,D,1398.9676035579068,1474.696703295001,-75.7290997370942,0.38706710249074094,0.2593725825567064,0.3535603149525527,A,0.0
2022-23,2023-01-23,Fulham,Tottenham,A,1389.506549857005,1572.8799851144565,-183.37343525745155,0.5202056378090075,0.22408803962539844,0.25570632256559406,A,0.0
2022-23,2023-02-03,Chelsea,Fulham,D,1560.26382853183,1385.2894385581021,174.97438997372797,0.1742894233623692,0.15163745843730392,0.6740731182003269,H,0.0
2022-23,2023-02-04,Wolverhampton Wanderers,Liverpool,H,1393.7585864141831,1665.0747323721662,-271.31614595798305,0.6417514085808208,0.16810728843391756,0.19014130298526172,A,0.0
2022-23,2023-02-04,Newcastle United,West Ham,D,1541.0002794850436,1439.9567156865617,101.04356379848196,0.22630234750541975,0.20182679097282477,0.5718708615217555,H,0.0
2022-23,2023-02-04,Everton,Arsenal,H,1368.2561207562374,1646.731074120912,-278.47495336467455,0.6516027513833418,0.16313133347212144,0.18526591514453689,A,0.0
2022-23,2023-02-04,Manchester United,Crystal Palace,H,1564.1068697436037,1435.2298697621068,128.87699998149697,0.20586352813937084,0.1835152252942381,0.610621246566391,H,0.0
2022-23,2023-02-04,Brentford,Southampton,H,1474.2442924505058,1346.1626068333098,128.08168561719594,0.20643304805011298,0.1840532975895866,0.6095136543603005,H,0.0
2022-23,2023-02-04,Aston Villa,Leicester City,A,1450.0973744802468,1459.1852171662351,-9.087842685988335,0.3189427081955871,0.2535012273371453,0.42755606446726757,H,0.0
2022-23,2023-02-04,Brighton and Hove Albion,Bournemouth,H,1511.0076798486143,1340.8917819897492,170.11589785886508,0.1774837398972192,0.1550208001493213,0.6674954599534595,H,0.0
2022-23,2023-02-05,Nottingham Forest,Leeds United,H,1407.07224574767,1399.420014402402,7.6522313452678645,0.30344077671879577,0.24863503048110372,0.44792419280010054,H,0.0
2022-23,2023-02-05,Tottenham,Manchester City,H,1577.0970964133594,1753.9626893955403,-176.86559298218094,0.5114600175029327,0.22753565582443247,0.2610043266726348,A,0.0
2022-23,2023-02-08,Manchester United,Leeds United,D,1567.4087620670746,1393.840833094775,173.56792897229957,0.175210865209091,0.15261645516290467,0.6721726796280043,H,0.0
2022-23,2023-02-11,Southampton,Wolverhampton Wanderers,A,1339.533922278604,1412.7991297814117,-73.2652075028077,0.38435158403821,0.2595535956773041,0.35609482028448586,A,0.0
2022-23,2023-02-11,Arsenal,Brentford,D,1637.1498895832237,1480.8729770052116,156.27691257801212,0.1867556140003761,0.16466080936730912,0.6485835766323148,H,0.0
2022-23,2023-02-11,Crystal Palace,Brighton and Hove Albion,D,1431.927977438636,1513.7105246388487,-81.78254720021278,0.3938054837396023,0.2587980540549399,0.3473964622054578,A,0.0
2022-23,2023-02-11,Leicester City,Tottenham,H,1471.7180173707256,1585.5929449374587,-113.87492756673305,0.43111037871506824,0.25273381698163605,0.31615580430329576,A,0.0
2022-23,2023-02-11,Bournemouth,Newcastle United,D,1338.1889371995148,1536.670786711946,-198.48184951243115,0.540743229323345,0.21559552140801058,0.2436612492686446,A,0.0
2022-23,2023-02-11,West Ham,Chelsea,D,1444.2862084596593,1554.3726715045839,-110.08646304492459,0.4265694503550606,0.2537077613945031,0.3197227882504363,A,0.0
2022-23,2023-02-11,Fulham,Nottingham Forest,H,1391.1805955853483,1412.651427055297,-21.470831469948735,0.33080028638887105,0.2562579595639861,0.41294175404714284,H,0.0
2022-23,2023-02-12,Manchester City,Aston Villa,H,1745.466840871441,1437.5645742757563,307.90226659568475,0.09663952652448672,0.1,0.8033604734755133,H,0.0
2022-23,2023-02-12,Leeds United,Manchester United,A,1399.7054951766243,1561.5440999852253,-161.83860480860108,0.49154007269562444,0.23495672391189631,0.27350320339247924,A,0.0
2022-23,2023-02-13,Liverpool,Everton,H,1646.0341890049376,1377.8373052939255,268.1968837110121,0.11819668547960342,0.1,0.7818033145203966,H,0.0
2022-23,2023-02-15,Arsenal,Manchester City,A,1631.6212615981995,1747.53649991336,-115.91523831516065,0.43357084494931325,0.2521815510887212,0.31424760396196555,A,0.0
2022-23,2023-02-18,Aston Villa,Arsenal,A,1435.4949152338372,1622.8502382190975,-187.35532298526027,0.5255884157986472,0.22191385474514277,0.25249772945620996,A,0.0
2022-23,2023-02-18,Brentford,Crystal Palace,D,1486.401604990236,1432.5541093826769,53.84749560755904,0.2634845212355106,0.22908815869805182,0.5074273200664376,H,0.0
2022-23,2023-02-18,Brighton and Hove Albion,Fulham,A,1513.0843926948078,1400.8589174228114,112.2254752719964,0.2179646764995001,0.19461386745582201,0.5874214560446779,H,0.0
2022-23,2023-02-18,Chelsea,Southampton,A,1552.9409714737183,1333.0818375709703,219.859133902748,0.14630882589607355,0.12100438670538051,0.732686787398546,H,0.0
2022-23,2023-02-18,Everton,Leeds United,H,1375.2652510824723,1392.388659074252,-17.123407991779686,0.32659822984054926,0.25537383343879444,0.41802793672065625,H,0.0
2022-23,2023-02-18,Newcastle United,Liverpool,A,1532.8834297021037,1648.6062432163908,-115.72281351428705,0.43333835098415274,0.2522344604117501,0.3144271886040972,A,0.0
2022-23,2023-02-18,Nottingham Forest,Manchester City,D,1402.973105217834,1756.307523292462,-353.33441807462805,0.7493241523343215,0.11221286395956558,0.138462983706113,A,0.0
2022-23,2023-02-18,Wolverhampton Wanderers,Bournemouth,A,1419.2512144890454,1341.976294209357,77.27492027968833,0.24461072561127006,0.2162973866369253,0.5390918877518046,H,0.0
2022-23,2023-02-19,Tottenham,West Ham,H,1570.3846193239415,1445.717908490525,124.66671083341657,0.2088880911227938,0.18635552949273854,0.6047563793844676,H,0.0
2022-23,2023-02-19,Manchester United,Leicester City,H,1568.8609360875976,1486.9263429842429,81.9345931033547,0.2409569620030841,0.21356664289683164,0.5454763951000842,H,0.0
2022-23,2023-02-24,Fulham,Wolverhampton Wanderers,D,1410.4793281456257,1410.0387850199108,0.44054312571483933,0.31004690736068796,0.2508881504916925,0.4390649421476196,H,0.0
2022-23,2023-02-25,Crystal Palace,Liverpool,D,1435.7184504364989,1657.383629273632,-221.66517883713323,0.5727338846297753,0.20143180126226568,0.22583431410795907,A,0.0
2022-23,2023-02-25,Everton,Aston Villa,A,1381.2986744833463,1428.924242122376,-47.62556763902967,0.35701481008453667,0.25961149260732674,0.3833736973081366,H,0.0
2022-23,2023-02-25,Bournemouth,Manchester City,A,1351.1887236784917,1749.4268066901393,-398.23808301164763,0.7876126399795261,0.1,0.11238736002047389,A,0.0
2022-23,2023-02-25,Leicester City,Arsenal,A,1478.7363695334825,1629.4209113305587,-150.68454179707624,0.4770317508140255,0.23993599403212493,0.28303225515384955,A,0.0
2022-23,2023-02-25,West Ham,Nottingham Forest,H,1440.3794553328337,1409.8538218201568,30.525633512676905,0.2831696241423907,0.24000347567258573,0.47682690018502355,H,0.0
2022-23,2023-02-25,Leeds United,Southampton,H,1386.355235673378,1343.5874095925442,42.767826080833856,0.27271923627177524,0.23452088777892138,0.4927598759493034,H,0.0
2022-23,2023-02-26,Tottenham,Chelsea,H,1575.7230724816327,1542.4353994521443,33.28767302948836,0.28078849797803423,0.23881648245442044,0.4803950195675453,H,0.0
2022-23,2023-03-01,Arsenal,Everton,H,1634.2522730241046,1370.1625055681518,264.0897674559528,0.12064537998312287,0.1,0.7793546200168772,H,0.0
2022-23,2023-03-01,Liverpool,Wolverhampton Wanderers,H,1653.039609926629,1411.7610650088286,241.27854491780045,0.1339613069944349,0.1071540954931962,0.7588845975123689,H,0.0
2022-23,2023-03-04,Southampton,Leicester City,H,1338.7426051938667,1473.9050078399366,-135.16240264606995,0.4572823573758827,0.24604435838738245,0.29667328423673484,A,0.0
2022-23,2023-03-04,Wolverhampton Wanderers,Tottenham,H,1408.7902017697104,1583.7074745474517,-174.91727277774135,0.5088549833160038,0.22854131112286552,0.26260370556113066,A,0.0
2022-23,2023-03-04,Manchester City,Newcastle United,H,1752.3584028860187,1524.1060436448624,228.25235924115623,0.14139112782773947,0.11549895569951975,0.7431099164727408,H,0.0
2022-23,2023-03-04,Arsenal,Bournemouth,H,1638.104736809696,1348.2571274826123,289.8476093270838,0.10597752485250589,0.1,0.7940224751474941,H,0.0
2022-23,2023-03-04,Brighton and Hove Albion,West Ham,H,1503.4639819719935,1452.2086381461866,51.255343825806904,0.2656266120834517,0.23039728645938246,0.5039761014571659,H,0.0
2022-23,2023-03-04,Aston Villa,Crystal Palace,H,1440.0604110375705,1440.062469783502,-0.002058745931435624,0.31045585571881995,0.25101878916646303,0.438525355114717,H,0.0
2022-23,2023-03-04,Chelsea,Leeds United,H,1534.4509973863253,1391.2000400720556,143.25095731426973,0.19571539157410278,0.17368692011292738,0.6305976883129698,H,0.0
2022-23,2023-03-05,Liverpool,Manchester United,H,1656.0104731657473,1577.050909538358,78.95956362738934,0.2432860369508802,0.21531665377307577,0.5413973092760441,H,0.0
2022-23,2023-03-05,Nottingham Forest,Everton,D,1398.024639006804,1366.3100417825603,31.714597224243562,0.28214293430866627,0.23949616846672014,0.47836089722461356,H,0.0
2022-23,2023-03-06,Brentford,Fulham,H,1483.237263936414,1408.757048156708,74.48021577970599,0.24681766000665195,0.2179075742932832,0.5352747657000648,H,0.0
2022-23,2023-03-11,Leeds United,Brighton and Hove Albion,D,1388.117280264379,1514.320914530692,-126.2036342663132,0.4461345492733251,0.24910628835993018,0.3047591623667447,A,0.0
2022-23,2023-03-11,Leicester City,Chelsea,A,1465.983648795727,1537.533757194002,-71.55010839827492,0.38247058401334755,0.25966149690295903,0.3578679190836934,A,0.0
2022-23,2023-03-11,Tottenham,Nottingham Forest,H,1575.236936284582,1395.4445341502596,179.7924021343224,0.17115314170261664,0.14828770288053625,0.6805591554168471,H,0.0
2022-23,2023-03-11,Bournemouth,Liverpool,H,1346.8147576406998,1668.4580702253188,-321.643312584619,0.709432822955714,0.13324027302674654,0.15732690401753946,A,0.0
2022-23,2023-03-11,Everton,Brentford,H,1368.8901466391046,1487.4689566598263,-118.57881002072168,0.43679851053935675,0.25143163249507255,0.31176985696557075,A,0.0
2022-23,2023-03-11,Crystal Palace,Manchester City,A,1434.3162268446276,1755.5406002994732,-321.2243734548456,0.7088886065438009,0.13352560003399555,0.1575857934222035,A,0.0
2022-23,2023-03-12,Fulham,Arsenal,A,1404.5253554332955,1639.5471066516086,-235.02175121831306,0.5913164034718801,0.19277718031045057,0.21590641621766932,A,0.0
2022-23,2023-03-12,Manchester United,Southampton,D,1564.6033124787864,1346.6639642380762,217.93934824071016,0.14744786213029343,0.12227643628301245,0.7302757015866942,H,0.0
2022-23,2023-03-12,Newcastle United,Wolverhampton Wanderers,H,1520.9238462314079,1417.26074003258,103.66310619882779,0.2243336482519074,0.20015726560898528,0.5755090861391073,H,0.0
2022-23,2023-03-12,West Ham,Aston Villa,D,1441.351705587488,1445.8066539764447,-4.454948388956836,0.3145931590532281,0.2522831857490383,0.4331236551977336,H,0.0
2022-23,2023-03-15,Brighton and Hove Albion,Crystal Palace,H,1512.4381528999177,1432.116200064913,80.3219528350046,0.24221783267517644,0.21451808110039466,0.5432640862244289,H,0.0
2022-23,2023-03-15,Southampton,Brentford,A,1353.3041851863238,1479.7934694413123,-126.48928425498843,0.4464870514440476,0.24901409782894773,0.3044988507270048,A,0.0
2022-23,2023-03-17,Nottingham Forest,Newcastle United,A,1391.3627502042616,1524.6370517357102,-133.2743015314486,0.4549171897359396,0.2467186914638892,0.29836411880017116,A,0.0
2022-23,2023-03-18,Wolverhampton Wanderers,Leeds United,A,1413.5475345282778,1390.0000418951533,23.54749263312442,0.28924784296281214,0.24286743907377797,0.4678847179634099,H,0.0
2022-23,2023-03-18,Aston Villa,Bournemouth,H,1447.3918864319064,1356.7141157659532,90.67777066595318,0.23418704895561823,0.20829699590562734,0.5575159551387544,H,0.0
2022-23,2023-03-18,Brentford,Leicester City,D,1488.218082172263,1455.6971580636953,32.52092410856767,0.28144811860987745,0.23914897772270383,0.4794029036674187,H,0.0
2022-23,2023-03-18,Chelsea,Everton,D,1547.8202479260337,1376.5656338576186,171.2546140684151,0.17673222081205173,0.15422749231761285,0.6690402868703355,H,0.0
2022-23,2023-03-18,Southampton,Tottenham,D,1344.8795724553731,1579.31872023058,-234.43914777520695,0.5905047698950183,0.1931608514385231,0.2163343786664585,A,0.0
2022-23,2023-03-19,Arsenal,Crystal Palace,H,1646.2471468181986,1427.991884466803,218.2552623513957,0.14726006384437051,0.12206680018662416,0.7306731359690053,H,0.0
2022-23,2023-04-01,Arsenal,Leeds United,H,1650.47801508784,1403.43442274594,247.04359234189997,0.13075257400871196,0.10354640172306803,0.76570102426822,H,0.0
2022-23,2023-04-01,Bournemouth,Fulham,H,1348.8374083629024,1397.8253152667055,-48.98790690380315,0.3584256304132606,0.2596922797966618,0.38188208979007754,H,0.0
2022-23,2023-04-01,Brighton and Hove Albion,Brentford,D,1516.5624684980278,1485.616327304864,30.94614119316384,0.28280621466041955,0.2398246875016062,0.4773690978379742,H,0.0
2022-23,2023-04-01,Chelsea,Aston Villa,A,1541.999438410632,1455.2685938349573,86.73084457567461,0.2372294615398733,0.21069852143263046,0.5520720170274963,H,0.0
2022-23,2023-04-01,Crystal Palace,Leicester City,H,1423.7610161971616,1458.2989129310943,-34.53789673393271,0.3436931256094104,0.2583590783074828,0.3979477960831069,H,0.0
2022-23,2023-04-01,Manchester City,Liverpool,H,1757.7406270791878,1658.5587121000653,99.18191497912244,0.22770726413776624,0.20300520334066163,0.5692875325215722,H,0.0
2022-23,2023-04-01,Nottingham Forest,Wolverhampton Wanderers,D,1386.1854691438411,1400.113153677491,-13.927684533649881,0.3235365075107339,0.25466591438772157,0.42179757810154456,H,0.0
2022-23,2023-04-02,West Ham,Southampton,H,1439.7664731320262,1349.5170567903322,90.24941634169409,0.23451615428914568,0.2085593700343613,0.5569244756764931,H,0.0
2022-23,2023-04-02,Newcastle United,Manchester United,H,1529.8143327961307,1557.9630915305388,-28.148758734408148,0.33733928809553015,0.25743683502001097,0.40522387688445893,H,0.0
2022-23,2023-04-03,Everton,Tottenham,D,1382.3864433730205,1574.681235895621,-192.29479252260057,0.5322965603075457,0.21915177370205735,0.24855166599039685,A,0.0
2022-23,2023-04-04,Bournemouth,Brighton and Hove Albion,A,1355.4030594056462,1514.0030209603526,-158.5999615547064,0.48730175448966184,0.23645092696570263,0.2762473185446354,A,0.0
2022-23,2023-04-04,Chelsea,Liverpool,D,1527.2139764781195,1650.978939129799,-123.76496265167953,0.4431331624906317,0.2498785221134692,0.3069883153958991,A,0.0
2022-23,2023-04-04,Leeds United,Nottingham Forest,H,1399.798715886754,1384.8671197957083,14.931596091045776,0.29687960031869237,0.2461276110987105,0.4569927885825971,H,0.0
2022-23,2023-04-04,Leicester City,Aston Villa,A,1451.9738103440593,1470.0540557674697,-18.08024542341036,0.3275194007693902,0.2555762582786332,0.41690434095197665,H,0.0
2022-23,2023-04-05,Manchester United,Brentford,H,1548.107414380062,1488.175774842539,59.93163953752287,0.2584998387390515,0.2259280995823962,0.5155720616785523,H,0.0
2022-23,2023-04-05,West Ham,Newcastle United,A,1443.7124067822494,1539.6700099466075,-95.95760316435803,0.4099560870586519,0.2567377597171193,0.3333061532242288,A,0.0
2022-23,2023-04-08,Southampton,Manchester City,A,1345.571123140109,1765.320400049454,-419.7492769093451,0.7992367322498152,0.1,0.10076326775018492,A,0.0
2022-23,2023-04-08,Manchester United,Everton,H,1552.614147172626,1386.0202467775873,166.59390039503865,0.17981915668556994,0.15747514094593174,0.6627057023684984,H,0.0
2022-23,2023-04-08,Tottenham,Brighton and Hove Albion,H,1571.0474324910542,1521.417898090023,49.62953440103115,0.266975825267184,0.23120670804665597,0.50181746668616,H,0.0
2022-23,2023-04-08,Wolverhampton Wanderers,Chelsea,H,1401.431503025624,1529.0289471343167,-127.5974441086928,0.44785641528799003,0.24865302307181436,0.30349056164019567,A,0.0
2022-23,2023-04-08,Leicester City,Bournemouth,A,1444.273342968516,1347.9881822759758,96.28516069254033,0.22990298794832426,0.20482495532663653,0.5652720567250391,H,0.0
2022-23,2023-04-08,Fulham,West Ham,A,1391.2596642239616,1429.8810653852263,-38.62140116126466,0.34780500619143895,0.2588421213954154,0.39335287241314565,H,0.0
2022-23,2023-04-08,Brentford,Newcastle United,A,1483.6690420499751,1553.5013513436306,-69.8323092936555,0.3805942240151068,0.25975465372689843,0.3596511222579948,A,0.0
2022-23,2023-04-08,Aston Villa,Nottingham Forest,H,1477.7545231430129,1379.4446100839627,98.30991305905013,0.22836699769488394,0.20355480043439708,0.5680782018707189,H,0.0
2022-23,2023-04-09,Leeds United,Crystal Palace,A,1405.2212255984996,1430.0861187841965,-24.86489318569693,0.33411084933877955,0.2568844066023116,0.40900474405890885,H,0.0
2022-23,2023-04-09,Liverpool,Arsenal,D,1649.163968473602,1654.113721947026,-4.949753473424153,0.31505549813567557,0.2524180432840089,0.4325264585803156,H,0.0
2022-23,2023-04-15,Wolverhampton Wanderers,Brentford,H,1409.2418175271905,1477.1408924530836,-67.89907492589305,0.37849162487366217,0.25984162247555664,0.3616667526507812,A,0.0
2022-23,2023-04-15,Everton,Fulham,A,1381.6608477697125,1384.0291517021003,-2.3683039323877892,0.3126491712107736,0.2517020289586684,0.43564879983055793,H,0.0
2022-23,2023-04-15,Chelsea,Brighton and Hove Albion,A,1521.21863263275,1516.709973640503,4.508658992247092,0.30630721944544526,0.24964584177177795,0.4440469387827768,H,0.0
2022-23,2023-04-15,Manchester City,Leicester City,H,1767.9272026033973,1434.831710436975,333.0954921664222,0.08482292195549418,0.1,0.8151770780445058,H,0.0
2022-23,2023-04-15,Tottenham,Bournemouth,A,1575.7553569405743,1357.4298148075168,218.32554213305752,0.14721830470267272,0.1220201800776089,0.7307615152197184,H,0.0
2022-23,2023-04-15,Southampton,Crystal Palace,A,1342.9643205861657,1447.604550780599,-104.64023019443334,0.42010508139194086,0.25498919719356344,0.32490572141449575,A,0.0
2022-23,2023-04-15,Aston Villa,Newcastle United,H,1483.785198943901,1560.0295009405222,-76.24430199662129,0.387636904143318,0.25933086145367984,0.3530322344030023,A,0.0
2022-23,2023-04-16,Nottingham Forest,Manchester United,A,1373.4139342830747,1556.9735461805008,-183.55961189742607,0.5204567955634207,0.22398745638139247,0.2555557480551867,A,0.0
2022-23,2023-04-16,West Ham,Arsenal,D,1437.1115779070876,1655.6850675284613,-218.5734896213737,0.5684436919773407,0.20338883770470143,0.22816747031795792,A,0.0
2022-23,2023-04-17,Leeds United,Liverpool,A,1387.702793602097,1647.5926228921667,-259.88982929006966,0.6259356813914518,0.17600050543434623,0.19806381317420205,A,0.0
2022-23,2023-04-21,Arsenal,Southampton,D,1651.4135202822624,1333.817107856081,317.59641242618136,0.09193013161029889,0.1,0.8080698683897011,H,0.0
2022-23,2023-04-22,Liverpool,Nottingham Forest,H,1655.2962440735846,1366.7352944482157,288.56094962536895,0.10667199368991594,0.1,0.793328006310084,H,0.0
2022-23,2023-04-22,Brentford,Aston Villa,D,1466.2414314936009,1497.809787487121,-31.568355993520072,0.340727985392624,0.2579556075099346,0.4013164070974414,H,0.0
2022-23,2023-04-22,Crystal Palace,Everton,D,1456.7517635106838,1368.8826638375517,87.86909967313204,0.2363497557893494,0.21000967423454234,0.5536405699761082,H,0.0
2022-23,2023-04-22,Fulham,Leeds United,H,1396.807335634261,1379.999172420679,16.80816321358202,0.29520517246400835,0.2454441399611036,0.45935068757488806,H,0.0
2022-23,2023-04-22,Leicester City,Wolverhampton Wanderers,H,1433.0331862346454,1420.1412784866732,12.891907747972255,0.29870741681440544,0.24685339482573215,0.45443918835986247,H,0.0
2022-23,2023-04-23,Newcastle United,Tottenham,H,1546.0049123973022,1565.2586152888641,-19.253702891561943,0.32865193895272443,0.2558184843149722,0.41552957673230334,H,0.0
2022-23,2023-04-23,Bournemouth,West Ham,A,1367.926556459227,1441.3831251532865,-73.45656869405957,0.38456192629534697,0.25954063476901246,0.3558974389356405,A,0.0
2022-23,2023-04-25,Aston Villa,Fulham,H,1498.626294185615,1402.1898177065545,96.4364764790605,0.22978799940195616,0.2047303262196868,0.5654816743783571,H,0.0
2022-23,2023-04-25,Leeds United,Leicester City,D,1374.6166903483856,1438.499372419409,-63.88268207102328,0.3741540239959876,0.2599617258914607,0.3658842501125517,A,0.0
2022-23,2023-04-25,Wolverhampton Wanderers,Crystal Palace,H,1414.6750923019097,1452.7353749064396,-38.0602826045299,0.34723761041277895,0.25878068727430925,0.3939817023129118,H,0.0
2022-23,2023-04-26,Chelsea,Brentford,A,1513.031554871913,1465.4249247951068,47.60663007680614,0.26866075071259066,0.23220106006546803,0.4991381892219413,H,0.0
2022-23,2023-04-26,Manchester City,Arsenal,H,1769.725726805727,1643.4564120958246,126.26931470990235,0.20773403009934185,0.18527681246687455,0.6069891574337836,H,0.0
2022-23,2023-04-26,Nottingham Forest,Brighton and Hove Albion,H,1365.2827221475638,1524.8970514013401,-159.6143292537763,0.4886270178559132,0.23598711159149702,0.27538587055258984,A,0.0
2022-23,2023-04-26,West Ham,Liverpool,A,1456.3545755026346,1656.7488163742364,-200.39424087160182,0.5433631945156855,0.2144755746527528,0.2421612308315618,A,0.0
2022-23,2023-04-27,Tottenham,Manchester United,D,1549.5700672507107,1563.6521860153598,-14.082118764649067,0.32368394217213536,0.25470124784287773,0.4216148099849869,H,0.0
2022-23,2023-04-27,Everton,Newcastle United,A,1372.899052441796,1561.6934604354556,-188.79440799365966,0.5275393666329414,0.22111644165985092,0.2513441917072076,A,0.0
2022-23,2023-04-27,Southampton,Bournemouth,A,1341.774216042519,1352.955106109879,-11.180890067359996,0.32092302965433644,0.254018516329017,0.4250584540166466,H,0.0
2022-23,2023-04-29,Brentford,Nottingham Forest,H,1479.406307239955,1378.3845803905513,101.02172684940365,0.2263187990089812,0.20184065309290583,0.571840547898113,H,0.0
2022-23,2023-04-29,Brighton and Hove Albion,Wolverhampton Wanderers,H,1511.7951931583527,1424.7933417334716,87.00185142488112,0.23701984265576548,0.21053479255108618,0.5524453647931483,H,0.0
2022-23,2023-04-29,Crystal Palace,West Ham,H,1442.6171254748776,1452.43769354873,-9.820568073852428,0.31963488092305475,0.25368466709099735,0.4266804519859479,H,0.0
2022-23,2023-04-30,Bournemouth,Leeds United,H,1360.814236165495,1374.728438269713,-13.91420210421802,0.3235236386732179,0.25466282430603127,0.42181353702075086,H,0.0
2022-23,2023-04-30,Fulham,Manchester City,A,1398.3524216640674,1776.4114087314638,-378.0589870673964,0.7756814495243712,0.1,0.12431855047562881,A,0.0
2022-23,2023-04-30,Liverpool,Tottenham,H,1660.665698328141,1548.2560858770748,112.4096124510661,0.21782881136675825,0.1944932971844585,0.5876778914487832,H,0.0
2022-23,2023-04-30,Manchester United,Aston Villa,H,1564.9661673889957,1502.4636902281022,62.50247716089348,0.25641145581781916,0.22455716201624862,0.5190313821659323,H,0.0
2022-23,2023-04-30,Newcastle United,Southampton,H,1569.933431312913,1333.9150859869028,236.01834532601015,0.13693175315946896,0.11049282302107043,0.7525754238194606,H,0.0
2022-23,2023-05-01,Leicester City,Everton,D,1438.3876244980815,1364.6590815643385,73.72854293374303,0.24741325196858804,0.2183370135845624,0.5342497344468495,H,0.0
2022-23,2023-05-02,Arsenal,Chelsea,H,1636.7707301700877,1499.0501724270648,137.72055774302294,0.19958743676030405,0.1774892354174212,0.6229233278222748,H,0.0
2022-23,2023-05-03,Manchester City,West Ham,H,1778.0455090544729,1446.5268028523842,331.51870620208865,0.08552284540307996,0.1,0.81447715459692,H,0.0
2022-23,2023-05-03,Liverpool,Fulham,H,1664.2323404521424,1396.7183213410583,267.51401911108405,0.11860087017878383,0.1,0.7813991298212162,H,0.0
2022-23,2023-05-04,Brighton and Hove Albion,Manchester United,H,1523.0350467440894,1569.4235171052367,-46.388470361147256,0.35573766922325145,0.25953000371040835,0.3847323270663402,H,0.0
2022-23,2023-05-06,Wolverhampton Wanderers,Aston Villa,H,1413.553488147735,1498.0063405118613,-84.45285236412633,0.3968081220820989,0.25848621193462407,0.344705665983277,A,0.0
2022-23,2023-05-06,Manchester City,Leeds United,H,1780.3351460018757,1362.7692808655443,417.56586513633147,0.0541242523822006,0.1,0.8458757476177994,H,0.0
2022-23,2023-05-06,Bournemouth,Chelsea,A,1372.7733935696638,1494.0325711955477,-121.25917762588392,0.4400642279745318,0.2506441736711056,0.30929159835436265,A,0.0
2022-23,2023-05-06,Liverpool,Brentford,H,1665.8611258784395,1483.1645812795573,182.69654459888216,0.1692778748714594,0.1462723900720347,0.6844497350565059,H,0.0
2022-23,2023-05-06,Tottenham,Crystal Palace,H,1544.6894437530734,1448.5280161712235,96.16142758184992,0.22999703973262134,0.20490229932409493,0.5651006609432837,H,0.0
2022-23,2023-05-07,West Ham,Manchester United,H,1444.2371659049813,1562.9009934071696,-118.66382750218827,0.43690182260243077,0.2514071591892777,0.31169101820829154,A,0.0
2022-23,2023-05-07,Newcastle United,Arsenal,A,1572.9881504556342,1641.7883314016049,-68.80018094597062,0.37947047853711324,0.2598034412500963,0.3607260802127905,A,0.0
2022-23,2023-05-08,Nottingham Forest,Southampton,H,1374.6263063509489,1330.8603668441815,43.76593950676738,0.27187880474248766,0.2340492425319297,0.49407195272558263,H,0.0
2022-23,2023-05-08,Fulham,Leicester City,H,1395.0895359147612,1434.7180573385358,-39.6285214237746,0.34882530279370355,0.2589484286201281,0.3922262685861683,H,0.0
2022-23,2023-05-08,Brighton and Hove Albion,Everton,A,1529.5575704421565,1368.3286487238843,161.2289217182722,0.18340851258357885,0.16121358641396208,0.6553779010024591,H,0.0
2022-23,2023-05-13,Manchester United,Wolverhampton Wanderers,H,1555.2242232547956,1420.6977482936109,134.5264749611847,0.2018422190177776,0.1796741648424738,0.6184836161397487,H,0.0
2022-23,2023-05-13,Aston Villa,Tottenham,H,1490.8620803659853,1548.531621649097,-57.669541283111585,0.36752507389371053,0.2599862106211871,0.3724887154851024,H,0.0
2022-23,2023-05-13,Chelsea,Nottingham Forest,D,1502.6277225715485,1379.4510593904822,123.17666318106626,0.20996418271349293,0.18735568662954624,0.6026801306569608,H,0.0
2022-23,2023-05-13,Crystal Palace,Bournemouth,H,1444.6858382752,1364.178242193663,80.50759608153703,0.24207248877301119,0.2144088929889897,0.5435186182379992,H,0.0
2022-23,2023-05-13,Leeds United,Newcastle United,D,1362.0685844109207,1562.6049470508447,-200.53636263992394,0.5435580629130371,0.21439196568263272,0.24204997140433016,A,0.0
2022-23,2023-05-13,Southampton,Fulham,A,1326.0356138046482,1405.2492313007774,-79.21361749612925,0.39093428942159414,0.2590643593795717,0.3500013511988342,A,0.0
2022-23,2023-05-14,Brentford,West Ham,H,1480.626589133448,1451.9139360573554,28.712653076092693,0.28474013405070386,0.24076631092004586,0.4744935550292503,H,0.0
2022-23,2023-05-14,Everton,Manchester City,A,1391.7617201198336,1781.0358424564993,-389.27412233666564,0.7824385500639257,0.1,0.11756144993607429,A,0.0
2022-23,2023-05-14,Arsenal,Brighton and Hove Albion,A,1652.1715348063944,1506.1244990462071,146.04703576018733,0.19377317770915814,0.17175659023689516,0.6344702320539467,H,0.0
2022-23,2023-05-15,Leicester City,Liverpool,A,1424.5583619525196,1668.3991180245487,-243.84075607202908,0.6036055125322858,0.18691027076937305,0.20948421669834125,A,0.0
2022-23,2023-05-18,Newcastle United,Brighton and Hove Albion,H,1558.7670523458764,1526.0415337465759,32.725518599300585,0.28127200573544686,0.23906048001619437,0.47966751424835874,H,0.0
2022-23,2023-05-20,Bournemouth,Manchester United,A,1357.646718861471,1560.3189858113751,-202.67226694990404,0.5464893010717129,0.21312922345567237,0.24038147547261488,A,0.0
2022-23,2023-05-20,Fulham,Crystal Palace,D,1415.267699713504,1451.217361607392,-35.94966189388788,0.34511017235519076,0.2585354987096741,0.39635432893513506,H,0.0
2022-23,2023-05-20,Liverpool,Aston Villa,D,1674.829667173882,1497.5711905569192,177.25847661696275,0.17279868839027937,0.15004858233931326,0.6771527292704074,H,0.0
2022-23,2023-05-20,Nottingham Forest,Arsenal,H,1384.2836280983672,1632.2545001060257,-247.9708720076585,0.6093593185710444,0.1841282134316857,0.20651246799726986,A,0.0
2022-23,2023-05-20,Tottenham,Brentford,A,1541.822511458163,1488.7608157018358,53.06169575632725,0.2641327164101861,0.229487408657212,0.5063798749326018,H,0.0
2022-23,2023-05-20,Wolverhampton Wanderers,Everton,D,1415.6029857370313,1388.684542773349,26.91844296368231,0.2863003400212556,0.24150837067674413,0.47219128930200027,H,0.0
2022-23,2023-05-21,Brighton and Hove Albion,Southampton,H,1515.943212853397,1316.0171453919215,199.92606746147544,0.15838965273231534,0.134410797890446,0.7071995493772387,H,0.0
2022-23,2023-05-21,Manchester City,Chelsea,H,1784.113019802984,1497.7951538636635,286.3178659393204,0.10789210734901077,0.1,0.7921078926509892,H,0.0
2022-23,2023-05-21,West Ham,Leeds United,H,1443.7797094889677,1365.906479115889,77.87323037307874,0.24413977084216135,0.21594993433609957,0.5399102948217391,H,0.0
2022-23,2023-05-22,Newcastle United,Leicester City,D,1568.8653732390553,1418.1278128031863,150.737560435869,0.19053830973787733,0.16850865371542403,0.6409530365466987,H,0.0
2022-23,2023-05-24,Brighton and Hove Albion,Manchester City,D,1519.6288641398748,1785.5835320750014,-265.9546679351265,0.6343423938209282,0.17182043332492672,0.19383717285414512,A,0.0
2022-23,2023-05-25,Manchester United,Chelsea,H,1564.196748094171,1496.324641591646,67.87210650252496,0.25208311875035305,0.22162820042795098,0.526288680821696,H,0.0
2022-23,2023-05-28,Leeds United,Tottenham,A,1359.2985965627918,1527.7224585627753,-168.4238619999835,0.500219700042221,0.2318010689994595,0.2679792309583194,A,0.0
2022-23,2023-05-28,Manchester United,Fulham,H,1572.9073114501086,1414.5765788777692,158.33073257233946,0.18536346235991852,0.16323172271654954,0.651404814923532,H,0.0
2022-23,2023-05-28,Everton,Bournemouth,H,1391.1353404103197,1353.7689565786752,37.3663838316445,0.27729736804596067,0.23700978539343712,0.48569284656060224,H,0.0
2022-23,2023-05-28,Aston Villa,Brighton and Hove Albion,H,1503.5051066655394,1524.9478219926423,-21.44271532710286,0.3307729723422214,0.25625253572715184,0.4129744919306267,H,0.0
2022-23,2023-05-28,Southampton,Liverpool,D,1312.3314941054437,1668.8957510652617,-356.56425695981807,0.7532341016400106,0.11014430957557135,0.1366215887844181,A,0.0
2022-23,2023-05-28,Arsenal,Wolverhampton Wanderers,H,1622.9493489280303,1413.1521881000606,209.79716082796972,0.1523370247533891,0.12771954768948449,0.7199434275571265,H,0.0
2022-23,2023-05-28,Brentford,Manchester City,H,1502.8608685972235,1780.264574222234,-277.4037056250104,0.6501319652952847,0.16387689501907363,0.18599113968564163,A,0.0
2022-23,2023-05-28,Crystal Palace,Nottingham Forest,D,1451.9084824431268,1393.5887792763626,58.31970316676416,0.25981465601273745,0.22677702238318742,0.5134083216040751,H,0.0
2022-23,2023-05-28,Chelsea,Newcastle United,D,1487.6140782357083,1563.4484229746727,-75.83434473896432,0.38718344519395875,0.2593641685483966,0.3534523862576447,A,0.0
2022-23,2023-05-28,Leicester City,West Ham,H,1423.544763067569,1450.3875920420649,-26.842828974495887,0.33605239461834624,0.25722349118778476,0.406724114193869,H,0.0
2023-24,2023-08-11,Burnley,Manchester City,A,1387.9417837286394,1770.6923547032166,-382.75057097457716,0.7785469609592354,0.1,0.12145303904076465,A,0.0
2023-24,2023-08-12,Arsenal,Nottingham Forest,H,1628.6628356921176,1396.8684757278695,231.7943599642481,0.13934635917288218,0.11320470843777915,0.7474489323893386,H,0.0
2023-24,2023-08-12,Bournemouth,West Ham,D,1348.8148219047482,1444.1912211346885,-95.37639922994026,0.4092836546294088,0.2568417284735699,0.33387461689702125,A,0.0
2023-24,2023-08-12,Brighton and Hove Albion,Luton Town,H,1518.8419522269735,1420.0,98.84195222697349,0.22796434428477533,0.2032196540825481,0.5688160016326765,H,0.0
2023-24,2023-08-12,Everton,Fulham,A,1396.0894750842467,1411.711791776232,-15.622316691985361,0.32515723814275055,0.2550474015738605,0.41979536028338893,H,0.0
2023-24,2023-08-12,Newcastle United,Aston Villa,H,1562.992989177064,1509.6109764312082,53.38201274585572,0.26386836887591,0.22932491166234067,0.5068067194617494,H,0.0
2023-24,2023-08-12,Sheffield United,Crystal Palace,A,1327.7385735567238,1448.62878599162,-120.89021243489606,0.43961363820967797,0.25075451289658884,0.30963184889373313,A,0.0
2023-24,2023-08-13,Brentford,Tottenham,D,1512.433088116241,1536.7065909557145,-24.273502839473622,0.33353209987228144,0.25677929899944113,0.4096886011282775,H,0.0
2023-24,2023-08-13,Chelsea,Liverpool,D,1488.069512033317,1661.9663970195345,-173.8968849862174,0.5074931896418177,0.22906299583435796,0.26344381452382437,A,0.0
2023-24,2023-08-14,Manchester United,Wolverhampton Wanderers,H,1575.7720985516457,1407.4387013359733,168.33339721567245,0.1786636296134183,0.15626286731691155,0.6650735030696702,H,0.0
2023-24,2023-08-18,Nottingham Forest,Sheffield United,H,1394.8977620171208,1322.3080083749576,72.58975364216326,0.24831720840701524,0.2189846258668574,0.5326981657261274,H,0.0
2023-24,2023-08-19,Fulham,Brentford,A,1419.4687490912133,1511.4084059302702,-91.93965683905685,0.40532530838666875,0.2574226559986986,0.3372520356146326,A,0.0
2023-24,2023-08-19,Liverpool,Bournemouth,H,1658.8007768223029,1349.8295322379522,308.97124458435064,0.09610998765997204,0.1,0.803890012340028,H,0.0
2023-24,2023-08-19,Manchester City,Newcastle United,H,1773.879424274373,1573.7528856372066,200.12653863716628,0.1582653758161896,0.13427402111729336,0.707460603066517,H,0.0
2023-24,2023-08-19,Tottenham,Manchester United,H,1537.7312731416853,1578.4989676356836,-40.767694493998306,0.3499823437840869,0.2590625416907528,0.3909551145251603,H,0.0
2023-24,2023-08-19,Wolverhampton Wanderers,Brighton and Hove Albion,A,1404.7118322519354,1526.4334475867659,-121.7216153348304,0.4406294398316366,0.25050500945000753,0.3088655507183558,A,0.0
2023-24,2023-08-20,Aston Villa,Everton,H,1498.8510799710655,1388.3325177692655,110.51856220180002,0.21922631734214607,0.1957289225871926,0.5850447600706614,H,0.0
2023-24,2023-08-20,West Ham,Chelsea,H,1443.1765108014845,1491.2351322305487,-48.05862142906426,0.35746277599691534,0.25963819049424186,0.3828990335088428,H,0.0
2023-24,2023-08-21,Crystal Palace,Arsenal,A,1454.0593511733862,1630.6335494028663,-176.5741982294801,0.5110700039736833,0.22768685533137373,0.26124314069494287,A,0.0
2023-24,2023-08-25,Chelsea,Luton Town,H,1480.8532448700375,1412.4085046402076,68.4447402298299,0.25162418287326355,0.22131075584041549,0.527065061286321,H,0.0
2023-24,2023-08-26,Manchester United,Nottingham Forest,H,1568.3091859716199,1399.164582070719,169.14460390090085,0.1781261399461775,0.155697577919652,0.6661762821341705,H,0.0
2023-24,2023-08-26,Everton,Wolverhampton Wanderers,A,1379.9782636914522,1393.8850668598297,-13.906803168377564,0.32351657663813416,0.2546611281516549,0.421822295210211,H,0.0
2023-24,2023-08-26,Brighton and Hove Albion,West Ham,A,1537.2602129788716,1453.5583981619957,83.70181481687587,0.23957962186025505,0.2125164524238143,0.5479039257159306,H,0.0
2023-24,2023-08-26,Bournemouth,Tottenham,A,1347.7720909197512,1547.921054805749,-200.14896388599777,0.5430269383831465,0.21461974646722914,0.24235331514962435,A,0.0
2023-24,2023-08-26,Arsenal,Fulham,D,1634.9744338922414,1407.3817681042976,227.59266578794382,0.14177397273839598,0.115928226858669,0.742297800402935,H,0.0
2023-24,2023-08-26,Brentford,Crystal Palace,D,1523.495386917186,1449.718466684011,73.7769202331749,0.24737489422500888,0.21830942215240418,0.5343156836225869,H,0.0
2023-24,2023-08-27,Sheffield United,Manchester City,A,1318.0411883213594,1776.2024256220275,-458.16123730066806,0.8173911048061273,0.1,0.08260889519387273,A,0.0
2023-24,2023-08-27,Burnley,Aston Villa,A,1384.754714157483,1507.2053340488787,-122.45061989139572,0.4415215238224503,0.2502836595882656,0.3081948165892841,A,0.0
2023-24,2023-08-27,Newcastle United,Liverpool,A,1571.429884289552,1660.8582181405038,-89.42833385095173,0.402452165387527,0.2578103759413558,0.33973745867111727,A,0.0
2023-24,2023-09-01,Luton Town,West Ham,A,1403.7195379846135,1468.285614112645,-64.56607612803145,0.37488915639956394,0.2599470683446514,0.3651637752557846,A,0.0
2023-24,2023-09-02,Sheffield United,Everton,D,1316.9880604141056,1372.1818556376536,-55.19379522354802,0.36491089656598713,0.2599413552756699,0.3751477481583429,H,0.0
2023-24,2023-09-02,Chelsea,Nottingham Forest,A,1489.5422115256317,1396.4486669700525,93.09354455557923,0.2323359142069,0.20680958537315686,0.5608545004199431,H,0.0
2023-24,2023-09-02,Manchester City,Fulham,H,1777.2555535292813,1414.174472564601,363.08108096468027,0.07245815338349447,0.1,0.8275418466165055,H,0.0
2023-24,2023-09-02,Brighton and Hove Albion,Newcastle United,H,1522.5329970282223,1565.3319935364427,-42.7989965082204,0.3520533440586125,0.25924984037607474,0.3886968155653127,H,0.0
2023-24,2023-09-02,Brentford,Bournemouth,D,1519.824614906761,1341.5572800123869,178.26733489437424,0.1721424889076577,0.14934725741796495,0.6785102536743773,H,0.0
2023-24,2023-09-02,Burnley,Tottenham,A,1376.1985522536909,1554.1358657131134,-177.9373134594225,0.5128956407774568,0.22697718436551845,0.26012717485702486,A,0.0
2023-24,2023-09-03,Arsenal,Manchester United,H,1628.181729431938,1571.0251010722864,57.15662835965168,0.26076594448473567,0.22738436661105393,0.5118496889042103,H,0.0
2023-24,2023-09-03,Crystal Palace,Wolverhampton Wanderers,H,1453.3892386944358,1401.6814749136283,51.707763780807454,0.26525194335438107,0.23017043672622128,0.5045776199193976,H,0.0
2023-24,2023-09-03,Liverpool,Aston Villa,H,1666.9561088936132,1515.7614959526709,151.1946129409423,0.1902246581983292,0.168191607838726,0.6415837339629448,H,0.0
2023-24,2023-09-16,West Ham,Manchester City,A,1474.9309669571064,1779.4799352181806,-304.54896826107415,0.6869235217605424,0.14498876564628912,0.16808771259316843,A,0.0
2023-24,2023-09-16,Aston Villa,Crystal Palace,H,1509.8286500276377,1458.056155958342,51.77249406929559,0.26519836512064404,0.23013792308451003,0.5046637117948459,H,0.0
2023-24,2023-09-16,Manchester United,Brighton and Hove Albion,A,1563.7970233532913,1532.7763820292184,31.020641324072812,0.28274186405734225,0.2397929396504776,0.4774651962921801,H,0.0
2023-24,2023-09-16,Tottenham,Sheffield United,H,1562.7676612294847,1316.8497355439708,245.91792568551386,0.13137524141789292,0.10424647269041552,0.7643782858916915,H,0.0
2023-24,2023-09-16,Fulham,Luton Town,H,1411.9500908757018,1397.074185140152,14.87590573554985,0.29692939711798444,0.246147664665261,0.4569229382167546,H,0.0
2023-24,2023-09-16,Wolverhampton Wanderers,Liverpool,A,1397.014557649722,1672.8889548186464,-275.87439716892436,0.6480301324151244,0.16494075748715933,0.18702911009771628,A,0.0
2023-24,2023-09-16,Newcastle United,Brentford,H,1555.0886085354466,1513.87191835482,41.21669018062653,0.2740287364720518,0.23524665903723194,0.49072460449071625,H,0.0
2023-24,2023-09-17,Bournemouth,Chelsea,D,1347.5099765643279,1480.1378542974367,-132.6278777331088,0.4541093442274909,0.24694603427660816,0.298944621495901,A,0.0
2023-24,2023-09-17,Everton,Arsenal,A,1372.3201805077883,1635.4098071509331,-263.0896266431448,0.6303740807929308,0.17379814790611847,0.19582777130095075,A,0.0
2023-24,2023-09-18,Nottingham Forest,Burnley,D,1405.8530241982476,1367.5667567373196,38.286267460928,0.2765140878733313,0.23659358417533963,0.4868923279513291,H,0.0
2023-24,2023-09-23,Brentford,Everton,A,1508.9958586485388,1369.3853296290602,139.6105290194787,0.19825963430104504,0.17619238959413588,0.6255479761048192,H,0.0
2023-24,2023-09-23,Burnley,Manchester United,A,1370.3225397084482,1550.1887394207672,-179.86619971231903,0.5154841400214029,0.2259627246767811,0.258553135301816,A,0.0
2023-24,2023-09-23,Crystal Palace,Fulham,D,1450.661286110524,1417.373790766347,33.28749534417716,0.2807886507147341,0.23881655977049218,0.4803947895147737,H,0.0
2023-24,2023-09-23,Luton Town,Wolverhampton Wanderers,D,1391.6504852495068,1392.641749331818,-0.9912640823110905,0.31137133267163203,0.2513075336636219,0.43732113366474606,H,0.0
2023-24,2023-09-23,Manchester City,Nottingham Forest,H,1783.274235934068,1403.097241227119,380.176994706949,0.06616631510394426,0.1,0.8338336848960558,H,0.0
2023-24,2023-09-24,Chelsea,Aston Villa,A,1478.0773814788315,1517.2235198754556,-39.14613839662411,0.34833630228352835,0.2588981448977591,0.39276555281871256,H,0.0
2023-24,2023-09-24,Liverpool,West Ham,H,1677.2617631365506,1471.136666241219,206.12509689533158,0.15457266209397166,0.13019782157073828,0.7152295163352901,H,0.0
2023-24,2023-09-24,Arsenal,Tottenham,D,1638.3446580296613,1564.5964403628009,73.74821766686046,0.24739765169617325,0.21832579311183856,0.5342765551919882,H,0.0
2023-24,2023-09-24,Brighton and Hove Albion,Bournemouth,H,1546.3846659617425,1349.570449382933,196.81421657880946,0.1603259223113672,0.13653815153720927,0.7031359261514235,H,0.0
2023-24,2023-09-24,Sheffield United,Newcastle United,A,1315.0209564106547,1559.9646682417278,-244.9437118310732,0.605142328381812,0.18616929900631624,0.20868837261187184,A,0.0
2023-24,2023-09-30,Tottenham,Liverpool,H,1568.266497542222,1680.8319514295176,-112.56545388729569,0.42953673684660265,0.25307805766658675,0.31738520548681054,A,0.0
2023-24,2023-09-30,West Ham,Sheffield United,H,1467.566477948252,1304.8813185866727,162.68515936157928,0.18243044195130023,0.16019906143968204,0.6573704966090178,H,0.0
2023-24,2023-09-30,Wolverhampton Wanderers,Manchester City,H,1394.3240128332718,1784.6515788186844,-390.32756598541255,0.7830569460158069,0.1,0.11694305398419315,A,0.0
2023-24,2023-09-30,Newcastle United,Burnley,H,1570.1043060657098,1366.041852157959,204.06245390775075,0.15583675177234033,0.1315957291323449,0.7125675190953148,H,0.0
2023-24,2023-09-30,Aston Villa,Brighton and Hove Albion,H,1524.4420901643891,1550.129420456459,-25.687330292069873,0.33491705228495555,0.2570277309432785,0.408055216771766,H,0.0
2023-24,2023-09-30,Everton,Luton Town,A,1385.074081180012,1389.9682217480529,-4.894140568040939,0.3150035080614928,0.25240294277426234,0.43259354916424486,H,0.0
2023-24,2023-09-30,Bournemouth,Arsenal,A,1345.8256948882165,1634.6746008502403,-288.84890596202376,0.6657744086362387,0.15590362987390669,0.17832196148985457,A,0.0
2023-24,2023-09-30,Manchester United,Crystal Palace,A,1554.4694269712563,1448.0389729038698,106.43045406738656,0.22226418725457345,0.19837965539867491,0.5793561573467516,H,0.0
2023-24,2023-10-01,Nottingham Forest,Brentford,D,1401.7198983425026,1493.307107097587,-91.58720875508448,0.40492109579879065,0.2574789480237787,0.3375999561774306,A,0.0
2023-24,2023-10-02,Fulham,Chelsea,A,1419.9961039730013,1470.858811189898,-50.86270721689675,0.36037468735370864,0.25978809976508715,0.37983721288120414,H,0.0
2023-24,2023-10-03,Luton Town,Burnley,A,1397.9721437897235,1362.4335797289427,35.5385640607808,0.27885820101397585,0.2378272914505477,0.48331450753547645,H,0.0
2023-24,2023-10-07,Luton Town,Tottenham,A,1389.321022335252,1575.8506874551138,-186.52966511986165,0.52447039460604,0.22236859793258476,0.2531610074613753,A,0.0
2023-24,2023-10-07,Manchester United,Brentford,H,1544.912579164763,1492.4004507887566,52.51212837600633,0.26458665087970656,0.22976540012405133,0.5056479489962421,H,0.0
2023-24,2023-10-07,Fulham,Sheffield United,H,1408.975901571669,1300.4369278857357,108.53897368593334,0.22069448678528,0.19701606758681417,0.5822894456279057,H,0.0
2023-24,2023-10-07,Everton,Bournemouth,H,1377.0701591383413,1339.8147717893448,37.255387348996464,0.27739198248544167,0.23705979031702243,0.48554822719753593,H,0.0
2023-24,2023-10-07,Crystal Palace,Nottingham Forest,D,1457.5958207103631,1402.626554651333,54.96926605903013,0.2625609438938709,0.2285146363837882,0.5089244197223409,H,0.0
2023-24,2023-10-07,Burnley,Chelsea,A,1371.0847011834142,1481.8790135912302,-110.79431240781605,0.4274151474783071,0.2535309005738769,0.31905395194781605,A,0.0
2023-24,2023-10-08,Arsenal,Manchester City,H,1640.685523949112,1774.4074675483362,-133.72194359922423,0.45547718703837986,0.24656020225390093,0.2979626107077192,A,0.0
2023-24,2023-10-08,Brighton and Hove Albion,Liverpool,D,1534.1620689087224,1673.2477615166258,-139.0856926079034,0.4622232486037997,0.24459458202573892,0.2931821693704614,A,0.0
2023-24,2023-10-08,West Ham,Newcastle United,D,1472.010868649189,1573.7125784947261,-101.70170984553715,0.4166486234469291,0.2556217699287512,0.3277296066243197,A,0.0
2023-24,2023-10-08,Wolverhampton Wanderers,Aston Villa,D,1404.56812410362,1540.4094417121257,-135.84131760850573,0.45813483528872445,0.2457981521216381,0.2960670125896374,A,0.0
2023-24,2023-10-21,Sheffield United,Manchester United,A,1294.6819382336805,1549.5636816032963,-254.88174336961583,0.6189776579549109,0.17943158537165504,0.20159075667343407,A,0.0
2023-24,2023-10-21,Nottingham Forest,Luton Town,D,1405.8199201699435,1385.1606296331659,20.65929053677769,0.29179026844578587,0.243994880809962,0.4642148507442521,H,0.0
2023-24,2023-10-21,Manchester City,Brighton and Hove Albion,H,1766.5071035542628,1536.3998219776195,230.10728157664335,0.14031802510421487,0.11429522644747236,0.7453867484483128,H,0.0
2023-24,2023-10-21,Newcastle United,Crystal Palace,H,1572.5180376923427,1454.4024551917526,118.11558250059011,0.21364148207880684,0.19073129561000796,0.5956272223111851,H,0.0
2023-24,2023-10-21,Chelsea,Arsenal,D,1493.1613523905717,1648.5858879431853,-155.42453555261363,0.48316635904799093,0.23787787051684672,0.27895577043516234,A,0.0
2023-24,2023-10-21,Brentford,Burnley,H,1487.7493483502233,1359.8023623840727,127.94698596615058,0.2065295892339401,0.18414435986353594,0.609326050902524,H,0.0
2023-24,2023-10-21,Bournemouth,Wolverhampton Wanderers,A,1329.9019803092874,1406.7169894657907,-76.81500915650327,0.38826889469075887,0.25928308418059964,0.3524480211286415,A,0.0
2023-24,2023-10-21,Liverpool,Everton,H,1671.0100084477288,1386.9829506183987,284.02705782933003,0.10915060387176813,0.1,0.7908493961282319,H,0.0
2023-24,2023-10-22,Aston Villa,West Ham,H,1538.260576349955,1473.2054094515725,65.0551668983826,0.25434816219868206,0.2231756268534868,0.5224762109478311,H,0.0
2023-24,2023-10-23,Tottenham,Fulham,H,1580.0110801572,1414.7308912237243,165.28018893347576,0.18069452211252932,0.1583907054125899,0.6609147724748807,H,0.0
2023-24,2023-10-27,Crystal Palace,Tottenham,A,1446.3378213513388,1584.398902128785,-138.06108077744625,0.46092947987469773,0.24497948671229383,0.2940910334130084,A,0.0
2023-24,2023-10-28,Arsenal,Sheffield United,H,1645.9063884153168,1291.6298057551999,354.2765826601169,0.07590747067691143,0.1,0.8240925293230886,H,0.0
2023-24,2023-10-28,Bournemouth,Burnley,H,1323.528257011295,1353.1694538539498,-29.641196842654836,0.33881485758269075,0.25767035522941206,0.4035147871878972,H,0.0
2023-24,2023-10-28,Chelsea,Brentford,A,1495.8408519184402,1494.3822568803462,1.4585950380940176,0.30910781881245186,0.25058428063849614,0.440307900549052,H,0.0
2023-24,2023-10-28,Wolverhampton Wanderers,Newcastle United,D,1413.0907127637831,1580.5826715327566,-167.49195876897352,0.4989865322943886,0.23225699831537147,0.2687564693902399,A,0.0
2023-24,2023-10-29,Liverpool,Nottingham Forest,H,1673.3700760338818,1403.5391871706327,269.83088886324913,0.11723426954248907,0.1,0.782765730457511,H,0.0
2023-24,2023-10-29,Manchester United,Manchester City,A,1552.615814081777,1768.4953818377573,-215.87956775598036,0.5647102664581111,0.20507836643225633,0.23021136710963264,A,0.0
2023-24,2023-10-29,Aston Villa,Luton Town,H,1547.0778660446151,1387.4413626324767,159.63650341213838,0.18448128154825166,0.16232264495601476,0.6531960734957336,H,0.0
2023-24,2023-10-29,West Ham,Everton,A,1464.3881197569124,1384.6228830322457,79.76523672466669,0.24265400290366135,0.21484498619103584,0.5425010109053028,H,0.0
2023-24,2023-10-29,Brighton and Hove Albion,Fulham,D,1534.411543694125,1410.3430692521392,124.0684744419857,0.20931977174824815,0.18675741060891665,0.6039228176428352,H,0.0
2023-24,2023-11-04,Brentford,West Ham,H,1507.2831651475929,1455.1446898137365,52.13847533385638,0.2648955674054453,0.22995382524474112,0.5051506073498137,H,0.0
2023-24,2023-11-04,Burnley,Crystal Palace,A,1346.9262315450446,1441.256866720079,-94.33063517503433,0.4080759397463955,0.25702463556230565,0.3348994246912989,A,0.0
2023-24,2023-11-04,Everton,Brighton and Hove Albion,D,1393.8663129754216,1529.5593255363174,-135.6930125608958,0.457948525501441,0.24585210234914828,0.29619937214941083,A,0.0
2023-24,2023-11-04,Fulham,Manchester United,A,1415.1952874099468,1545.3038289443036,-130.10854153435685,0.45097026359471143,0.24781476625714802,0.3012149701481405,A,0.0
2023-24,2023-11-04,Manchester City,Bournemouth,H,1775.8073669752307,1329.7714793202001,446.0358876550306,0.04636421322929301,0.1,0.8536357867707071,H,0.0
2023-24,2023-11-04,Newcastle United,Arsenal,H,1577.5838807603373,1648.5095820522713,-70.92570129193405,0.38178766184152874,0.2596970862929063,0.35851525186556504,A,0.0
2023-24,2023-11-04,Sheffield United,Wolverhampton Wanderers,H,1289.0266121182453,1416.0895035362025,-127.06289141795719,0.447195495431562,0.24882787750748206,0.30397662706095596,A,0.0
2023-24,2023-11-05,Luton Town,Liverpool,D,1382.9297941442285,1676.587090306803,-293.65729616257454,0.6722935258972057,0.15255423699047432,0.17515223711231995,A,0.0
2023-24,2023-11-05,Nottingham Forest,Aston Villa,H,1400.3221728977114,1551.5894345328634,-151.26726163515195,0.4777833975736518,0.2396876882711069,0.28252891415524134,A,0.0
2023-24,2023-11-06,Tottenham,Chelsea,A,1589.4798567600449,1482.9399436511935,106.53991310885135,0.22218254940967408,0.19830905988299316,0.5795083907073327,H,0.0
2023-24,2023-11-11,Wolverhampton Wanderers,Tottenham,H,1408.287107778578,1570.3637295533151,-162.07662177473708,0.49185236328988347,0.23484538612766528,0.27330225058245133,A,0.0
2023-24,2023-11-11,Manchester United,Luton Town,H,1550.5453065467798,1388.7961434787203,161.7491630680595,0.18305877205510998,0.1608511764041152,0.6560900515407748,H,0.0
2023-24,2023-11-11,Bournemouth,Newcastle United,H,1328.2365900867217,1584.5099629778642,-256.27337289114257,0.6209123528307955,0.17848028476157873,0.20060736240762575,A,0.0
2023-24,2023-11-11,Arsenal,Burnley,H,1641.5834998347443,1337.429347994688,304.15415184005633,0.09851654690629207,0.1,0.8014834530937079,H,0.0
2023-24,2023-11-11,Crystal Palace,Everton,A,1450.7537502704356,1396.0111065080414,54.74264376239421,0.26274736083216327,0.22863083758343558,0.5086218015844011,H,0.0
2023-24,2023-11-12,Brighton and Hove Albion,Sheffield United,D,1527.4145320036976,1296.8290078758698,230.58552412782774,0.140042163293004,0.11398567415922359,0.7459721625477724,H,0.0
2023-24,2023-11-12,Aston Villa,Fulham,H,1538.6702779050036,1409.9538098074706,128.71646809753292,0.2059784161137511,0.1836238894891969,0.610397694397052,H,0.0
2023-24,2023-11-12,Chelsea,Manchester City,D,1502.0560708579233,1777.3422562087092,-275.2861853507859,0.6472210600942822,0.16534977202334442,0.18742916788237338,A,0.0
2023-24,2023-11-12,West Ham,Nottingham Forest,H,1450.4862448307927,1413.2413295255712,37.24491530522141,0.2774009100783118,0.2370645056676183,0.4855345842540699,H,0.0
2023-24,2023-11-12,Liverpool,Brentford,H,1670.7207409723112,1511.9416101305367,158.77913084177453,0.18506026806843684,0.16291958692102265,0.6520201450105405,H,0.0
2023-24,2023-11-25,Nottingham Forest,Brighton and Hove Albion,A,1408.284720433894,1520.5757035380316,-112.29098310413747,0.4292074409638899,0.253149196507632,0.317643362528478,A,0.0
2023-24,2023-11-25,Sheffield United,Bournemouth,A,1303.6678363415358,1343.1107600072896,-39.442923665753824,0.34863709222391265,0.2589292199918739,0.39243368778421345,H,0.0
2023-24,2023-11-25,Newcastle United,Chelsea,H,1569.6357930572963,1507.56486815768,62.07092489961633,0.2567612877026165,0.2247887379446808,0.5184499743527027,H,0.0
2023-24,2023-11-25,Luton Town,Crystal Palace,H,1385.9790846131064,1441.834797628048,-55.85571301494156,0.3656083115570481,0.25995639496749423,0.3744352934754577,H,0.0
2023-24,2023-11-25,Burnley,West Ham,A,1335.31633221271,1455.4428539224698,-120.1265217097598,0.438682061123573,0.25098092922483306,0.31033700965159394,A,0.0
2023-24,2023-11-25,Manchester City,Liverpool,D,1771.8334589089525,1676.4377234805597,95.39573542839275,0.23057953662450295,0.20538020786190536,0.5640402555135917,H,0.0
2023-24,2023-11-25,Brentford,Arsenal,A,1506.2246276222882,1643.6965156167223,-137.47188799443416,0.4601865948369861,0.2451988197159109,0.294614585447103,A,0.0
2023-24,2023-11-26,Everton,Manchester United,A,1404.930059150429,1553.3623654123937,-148.43230626196464,0.4741333680580563,0.2408831062565842,0.28498352568535956,A,0.0
2023-24,2023-11-26,Tottenham,Aston Villa,A,1562.0638896112378,1543.907632048905,18.156257562332712,0.29400652311199515,0.24494391878981694,0.46104955809818793,H,0.0
2023-24,2023-11-27,Fulham,Wolverhampton Wanderers,H,1404.7164556635691,1416.5869477206554,-11.870492057086267,0.3215775958336564,0.25418441668862224,0.42423798747772135,H,0.0
2023-24,2023-12-02,Newcastle United,Manchester United,H,1578.5670253937237,1563.1131864487086,15.45383894501515,0.2964129208677513,0.24593891099986545,0.4576481681323833,H,0.0
2023-24,2023-12-02,Burnley,Sheffield United,H,1329.8699619280862,1292.2373759558882,37.63258597219806,0.2770705435936421,0.23688966960178884,0.4860397868045691,H,0.0
2023-24,2023-12-02,Nottingham Forest,Everton,A,1402.6749952750085,1395.1792381141142,7.4957571608943,0.30358298026186253,0.2486863827323962,0.4477306370057413,H,0.0
2023-24,2023-12-02,Arsenal,Wolverhampton Wanderers,H,1648.7892780072423,1410.6416614201676,238.1476165870747,0.1357244580205873,0.10913609496329367,0.755139447016119,H,0.0
2023-24,2023-12-02,Brentford,Luton Town,H,1501.1318652317682,1392.6583018588456,108.47356337292263,0.22074309016822274,0.19705848466222994,0.5821984251695473,H,0.0
2023-24,2023-12-03,Bournemouth,Aston Villa,D,1354.5412203929372,1552.3032835167803,-197.76206312384306,0.5397582015302963,0.21601456368554867,0.24422723478415517,A,0.0
2023-24,2023-12-03,Chelsea,Brighton and Hove Albion,H,1498.6336358212525,1526.1854286969171,-27.55179287566466,0.3367505300765166,0.25734035306897673,0.40590911685450665,H,0.0
2023-24,2023-12-03,Liverpool,Fulham,H,1680.6342048945432,1410.661741964057,269.97246293048624,0.11715119797325299,0.1,0.782848802026747,H,0.0
2023-24,2023-12-03,Manchester City,Tottenham,D,1767.636977494969,1553.6682381433625,213.96873935160647,0.14982035388713907,0.12492141408629828,0.7252582320265626,H,0.0
2023-24,2023-12-03,West Ham,Crystal Palace,D,1460.8892242070935,1435.1555803823087,25.73364382478485,0.28733388789205805,0.24199129896623978,0.4706748131417021,H,0.0
2023-24,2023-12-05,Luton Town,Arsenal,A,1386.9015775918497,1650.6950234693174,-263.7934458774678,0.6313494596493379,0.17331278251259621,0.195337757838066,A,0.0
2023-24,2023-12-05,Wolverhampton Wanderers,Burnley,H,1408.7359159580924,1342.6622028756108,66.07371308248162,0.25352774325871585,0.22261884907958052,0.5238534076617036,H,0.0
2023-24,2023-12-06,Fulham,Nottingham Forest,H,1409.0544667382553,1394.4416976936905,14.612769044564857,0.2971647691324946,0.24624223803892334,0.45659299282858207,H,0.0
2023-24,2023-12-06,Manchester United,Chelsea,H,1557.701831371239,1504.8418799737142,52.85995139752481,0.2642992963979228,0.22958957663725674,0.5061111269648204,H,0.0
2023-24,2023-12-06,Sheffield United,Liverpool,A,1279.4451350083636,1682.241480120345,-402.7963451119813,0.7901680703913255,0.1,0.10983192960867455,A,0.0
2023-24,2023-12-06,Crystal Palace,Bournemouth,A,1437.5742983336938,1358.3108180545398,79.26348027915401,0.24304750739890155,0.21513892982094499,0.5418135627801535,H,0.0
2023-24,2023-12-06,Aston Villa,Manchester City,H,1548.5336858551777,1761.0611351946047,-212.527449339427,0.5600717532915589,0.20715929719206944,0.2327689495163716,A,0.0
2023-24,2023-12-06,Brighton and Hove Albion,Brentford,H,1519.9771845444554,1506.888589498764,13.088595045691363,0.29853080260058396,0.24678418792025716,0.4546850094791589,H,0.0
2023-24,2023-12-07,Everton,Newcastle United,H,1403.4125356954323,1583.9783804711933,-180.56584477576098,0.5164244962027031,0.2255918302554514,0.25798367354184554,A,0.0
2023-24,2023-12-07,Tottenham,West Ham,A,1560.2440804437267,1458.4705062557084,101.7735741880183,0.22575275491466004,0.2013628477416131,0.5728843973437269,H,0.0
2023-24,2023-12-09,Sheffield United,Brentford,H,1277.1787011731437,1501.426622679537,-224.24792150639337,0.576321790113159,0.19978277618044907,0.22389543370639203,A,0.0
2023-24,2023-12-09,Manchester United,Bournemouth,A,1562.3461050047035,1372.9514452146298,189.39465979007377,0.16499654912024686,0.14163909712316297,0.6933643537565902,H,0.0
2023-24,2023-12-09,Wolverhampton Wanderers,Nottingham Forest,D,1413.1252192335378,1380.4070954934527,32.71812374008505,0.28127836983809834,0.23906368150949672,0.4796579486524049,H,0.0
2023-24,2023-12-09,Brighton and Hove Albion,Burnley,D,1525.4391513636824,1338.2728996001654,187.16625176351704,0.1664141090319373,0.14317795692607463,0.6904079340419881,H,0.0
2023-24,2023-12-09,Aston Villa,Arsenal,H,1557.4639356347298,1653.6199759704339,-96.15604033570412,0.41018587154472697,0.25670188405610894,0.3331122443991641,A,0.0
2023-24,2023-12-09,Crystal Palace,Liverpool,A,1422.933671173604,1684.5079139555648,-261.57424278196095,0.6282729004315173,0.17484205850617263,0.19688504106231014,A,0.0
2023-24,2023-12-10,Everton,Chelsea,H,1420.499497296802,1500.1976063402496,-79.69810904344763,0.39147447810573066,0.25901666859787603,0.34950885329639325,A,0.0
2023-24,2023-12-10,Fulham,West Ham,H,1423.089068938493,1467.975088269689,-44.88601933119594,0.3541916633480072,0.2594206422813694,0.38638769437062337,H,0.0
2023-24,2023-12-10,Luton Town,Manchester City,A,1383.9766250907333,1752.1308854150527,-368.15426032431947,0.7670021841462433,0.10285777166715891,0.13014004418659772,A,0.0
2023-24,2023-12-10,Tottenham,Newcastle United,H,1550.7394984297462,1566.8914188698236,-16.151920440077447,0.32566506129085204,0.25516380519911375,0.4191711335100342,H,0.0
2023-24,2023-12-15,Nottingham Forest,Tottenham,A,1383.014141234256,1562.773747618088,-179.75960638383208,0.5153409410332738,0.22601909553188632,0.2586399634348398,A,0.0
2023-24,2023-12-16,Manchester City,Crystal Palace,D,1753.8535736244473,1419.977423370186,333.87615025426135,0.08447829650526752,0.1,0.8155217034947325,H,0.0
2023-24,2023-12-16,Chelsea,Sheffield United,H,1488.995110138517,1286.2393281465029,202.75578199201414,0.15664062569167203,0.1324833546385848,0.7108760196697431,H,0.0
2023-24,2023-12-16,Burnley,Everton,A,1344.3884498389311,1431.7019934985346,-87.31354365960351,0.4000453631833477,0.25811266742569416,0.3418419693909581,A,0.0
2023-24,2023-12-16,Newcastle United,Fulham,H,1554.8571696814818,1439.885028555285,114.97214112619668,0.2159428403296516,0.19280987091760965,0.5912472887527388,H,0.0
2023-24,2023-12-17,Liverpool,Manchester United,D,1687.4641617589828,1541.7250050608764,145.7391566981064,0.19398652933491942,0.17196937193167575,0.6340440987334048,H,0.0
2023-24,2023-12-17,West Ham,Wolverhampton Wanderers,H,1451.179128652897,1410.5181734927346,40.6609551601623,0.2744989144728043,0.23550453890214337,0.4899965466250523,H,0.0
2023-24,2023-12-17,Arsenal,Brighton and Hove Albion,H,1646.2901374876885,1519.3236011249166,126.96653636277188,0.2072330213055919,0.18480656808493018,0.6079604106094779,H,0.0
2023-24,2023-12-17,Brentford,Aston Villa,A,1492.365995706178,1564.793774117475,-72.42777841129714,0.38343220258606164,0.25960813821530887,0.35695965919862954,A,0.0
2023-24,2023-12-21,Crystal Palace,Brighton and Hove Albion,D,1428.100127892291,1514.0427335377049,-85.94260564541378,0.3984913211180257,0.25829676657314565,0.3432119123088286,A,0.0
2023-24,2023-12-22,Aston Villa,Sheffield United,D,1571.264388964231,1282.6067573200335,288.65763164419764,0.10661967343026879,0.1,0.7933803265697312,H,0.0
2023-24,2023-12-23,Liverpool,Arsenal,D,1682.1496534004566,1651.5710050749003,30.578648325556287,0.2831237901252504,0.23998097356660478,0.47689523630814484,H,0.0
2023-24,2023-12-23,Fulham,Burnley,A,1432.836063927816,1334.6506946139345,98.18536931388144,0.22846131115871324,0.20363317121002264,0.5679055176312641,H,0.0
2023-24,2023-12-23,Luton Town,Newcastle United,H,1382.2539368813386,1561.9061343089509,-179.65219742761224,0.5151966644496415,0.22607586120118262,0.25872747434917587,A,0.0
2023-24,2023-12-23,Nottingham Forest,Bournemouth,A,1376.2263351830475,1393.572545158457,-17.346209975409465,0.32681254262066395,0.2554213621803255,0.41776609519901053,H,0.0
2023-24,2023-12-23,West Ham,Manchester United,H,1460.9536996818308,1547.0395134194025,-86.0858137375717,0.3986534282222645,0.25827797291148,0.34306859886625546,A,0.0
2023-24,2023-12-23,Tottenham,Everton,H,1569.5615536692965,1441.4397487235312,128.12180494576523,0.20640429862762796,0.1840261714421698,0.6095695299302022,H,0.0
2023-24,2023-12-24,Wolverhampton Wanderers,Chelsea,H,1400.7436024638007,1492.6276809649864,-91.88407850118574,0.4052615458282035,0.25743157347790024,0.33730688069389625,A,0.0
2023-24,2023-12-26,Sheffield United,Luton Town,A,1290.2374312438053,1390.785710059818,-100.54827881601273,0.41529793686526706,0.25585870347377926,0.3288433596609536,A,0.0
2023-24,2023-12-26,Newcastle United,Nottingham Forest,A,1553.3743611304715,1368.5090020373493,184.86535909312215,0.1678849021087286,0.14476968367336143,0.68734541421791,H,0.0
2023-24,2023-12-26,Bournemouth,Fulham,H,1401.289878304155,1417.8366254937628,-16.546747189607686,0.32604405912748746,0.2552497104379866,0.41870623043452593,H,0.0
2023-24,2023-12-26,Burnley,Liverpool,A,1349.6501330479878,1679.6000929362638,-329.949959888276,0.7201388674378415,0.12761672391206091,0.15224440865009756,A,0.0
2023-24,2023-12-26,Manchester United,Aston Villa,H,1535.6747885306352,1563.6337150404593,-27.958926509824096,0.337151975596476,0.2574063445885072,0.40544167981501683,H,0.0
2023-24,2023-12-27,Brentford,Wolverhampton Wanderers,A,1485.895380859422,1408.0060733966714,77.8893074627506,0.24412712326827893,0.2159405848784323,0.5399322918532888,H,0.0
2023-24,2023-12-27,Chelsea,Crystal Palace,H,1485.3652100321158,1428.8454314897124,56.5197785424034,0.26128775587872105,0.22771506201279337,0.5109971821084857,H,0.0
2023-24,2023-12-27,Everton,Manchester City,A,1438.1260352972752,1745.7308691023422,-307.6048338050671,0.6909905567316179,0.14287486715391254,0.16613457611446963,A,0.0
2023-24,2023-12-28,Arsenal,West Ham,A,1654.1205655390931,1472.3184245705982,181.802140968495,0.16985419030701,0.14689269867967306,0.683253111013317,H,0.0
2023-24,2023-12-28,Brighton and Hove Albion,Tottenham,H,1513.2974299402836,1572.8752670955525,-59.57783715526898,0.36955064573755547,0.2599995474849491,0.3704498067774955,H,0.0
2023-24,2023-12-30,Nottingham Forest,Manchester United,H,1384.799157006705,1541.8898500502448,-157.0906930435399,0.48533368949536915,0.23713390089240538,0.2775324096122254,A,0.0
2023-24,2023-12-30,Wolverhampton Wanderers,Everton,H,1426.4462826563436,1434.3896312946629,-7.943348638319321,0.3178638954312441,0.25320965289334635,0.4289264516754096,H,0.0
2023-24,2023-12-30,Manchester City,Sheffield United,H,1749.4672731049545,1284.379011891136,465.08826121381844,0.041771702562056603,0.1,0.8582282974379434,H,0.0
2023-24,2023-12-30,Crystal Palace,Brentford,H,1424.272649599989,1467.4551715997497,-43.18252199976064,0.3524454955911048,0.2592828739351338,0.3882716304737614,H,0.0
2023-24,2023-12-30,Luton Town,Chelsea,A,1396.6441294124872,1489.937991921839,-93.29386250935181,0.40688139893926406,0.2572006754452093,0.33591792561552664,A,0.0
2023-24,2023-12-30,Aston Villa,Burnley,H,1557.4186535208496,1346.3157213724423,211.10293214840726,0.15154662005620345,0.12684164837368392,0.7216117315701126,H,0.0
2023-24,2023-12-31,Fulham,Arsenal,H,1405.789127886697,1637.8662230382133,-232.07709515151623,0.5872148229265479,0.1947109851026493,0.21807419197080283,A,0.0
2023-24,2023-12-31,Tottenham,Bournemouth,H,1562.1918101809106,1413.3373759112208,148.85443426968982,0.19183352333177756,0.16981393919020868,0.6383525374780138,H,0.0
2023-24,2024-01-01,Liverpool,Newcastle United,H,1682.9345046118092,1537.0842061611158,145.85029845069334,0.19390949670546848,0.17189256584690982,0.6341979374476217,H,0.0
2023-24,2024-01-02,West Ham,Brighton and Hove Albion,D,1488.572767071478,1523.9808868549255,-35.408119783447546,0.3445660402567702,0.25846900049684085,0.39696495924638897,H,0.0
2023-24,2024-01-12,Burnley,Luton Town,D,1344.1203114194986,1390.6298983638535,-46.50958694435485,0.3558625392521711,0.2595383232369253,0.38459913751090363,H,0.0
2023-24,2024-01-13,Chelsea,Fulham,H,1495.9522229704728,1414.9333345947953,81.01888837567753,0.24167245082705013,0.21410771298330056,0.5442198361896493,H,0.0
2023-24,2024-01-13,Newcastle United,Manchester City,A,1532.2590738048448,1750.3091046589159,-218.0500308540711,0.5677178772386385,0.20371829893821342,0.22856382382314813,A,0.0
2023-24,2024-01-14,Everton,Aston Villa,D,1422.630839171345,1559.6140634737933,-136.9832243024482,0.4595710646718449,0.24537961655861815,0.295049318769537,A,0.0
2023-24,2024-01-14,Manchester United,Tottenham,D,1533.6580660211114,1566.9472434554434,-33.28917743433203,0.3424437021752182,0.25819475633503297,0.39936154148974884,H,0.0
2023-24,2024-01-20,Brentford,Nottingham Forest,H,1457.2016725616238,1393.0309410358384,64.17073152578541,0.25506187499624633,0.22365654768710583,0.5212815773166478,H,0.0
2023-24,2024-01-20,Arsenal,Crystal Palace,H,1628.7220163301151,1434.526148638115,194.1958676920001,0.16196551384285524,0.13833392469918473,0.69970056145796,H,0.0
2023-24,2024-01-21,Bournemouth,Liverpool,A,1408.581942636688,1687.7596369680803,-279.17769433139233,0.6525668981384367,0.1626421066863674,0.18479099517519598,A,0.0
2023-24,2024-01-21,Sheffield United,West Ham,D,1283.5371803371747,1487.8661355344993,-204.3289551973246,0.5487661609296152,0.21214189944484851,0.23909193962553624,A,0.0
2023-24,2024-01-22,Brighton and Hove Albion,Wolverhampton Wanderers,D,1524.6875183919042,1438.2050747796613,86.48244361224283,0.23742168862573443,0.21084843913441015,0.5517298722398555,H,0.0
2023-24,2024-01-30,Fulham,Everton,D,1410.8217107519442,1424.8110313515779,-13.98932059963363,0.32359534363214093,0.25468002991959704,0.42172462644826203,H,0.0
2023-24,2024-01-30,Crystal Palace,Sheffield United,H,1428.3366386734353,1287.4677640436298,140.86887462980553,0.1973782081608047,0.17532742346031538,0.62729436837888,H,0.0
2023-24,2024-01-30,Nottingham Forest,Arsenal,A,1388.6054586259495,1634.9115262947948,-246.30606766884534,0.6070403576904368,0.18525203832948126,0.20770760398008192,A,0.0
2023-24,2024-01-30,Luton Town,Brighton and Hove Albion,H,1391.0179886480712,1520.7046563005035,-129.68666765243233,0.45044607658149016,0.24795753305560864,0.30159639036290115,A,0.0
2023-24,2024-01-30,Aston Villa,Newcastle United,A,1557.4338712935605,1528.6386983431755,28.795172950384995,0.2846685194710576,0.24073187269474342,0.474599607834199,H,0.0
2023-24,2024-01-31,Tottenham,Brentford,H,1567.7145316325034,1461.6271549715127,106.08737666099069,0.22252017157975154,0.19860078463618328,0.5788790437840652,H,0.0
2023-24,2024-01-31,Manchester City,Burnley,H,1753.9294801205851,1343.732221135281,410.1972589853042,0.056322669704757425,0.1,0.8436773302952426,H,0.0
2023-24,2024-01-31,Liverpool,Chelsea,H,1694.0632411353229,1500.0638468133238,193.99939432199903,0.16208892604622027,0.13846887529252064,0.6994421986612591,H,0.0
2023-24,2024-02-01,Wolverhampton Wanderers,Manchester United,A,1442.187936871062,1532.8907778440514,-90.7028409729894,0.40390825600122815,0.25761749918878185,0.33847424480999,A,0.0
2023-24,2024-02-01,West Ham,Bournemouth,D,1483.9355518280443,1402.2783384694453,81.65721335859894,0.2411735631473769,0.21373076561780557,0.5450956712348175,H,0.0
2023-24,2024-02-03,Burnley,Fulham,D,1342.5732716081989,1409.5051046397327,-66.93183303153387,0.37744324946291724,0.25987802588174014,0.3626787246553427,A,0.0
2023-24,2024-02-03,Newcastle United,Luton Town,D,1542.195560373369,1409.224629815253,132.97093055811615,0.20294522291278666,0.18073492142809822,0.6163198556591152,H,0.0
2023-24,2024-02-03,Brighton and Hove Albion,Crystal Palace,H,1502.4980151333218,1431.4549444527713,71.0430706805505,0.24954810532677002,0.21985836023520292,0.5305935344380271,H,0.0
2023-24,2024-02-03,Sheffield United,Aston Villa,A,1284.3494582642938,1543.877009263367,-259.5275509990731,0.625432783278448,0.176249385499599,0.198317831221953,A,0.0
2023-24,2024-02-03,Everton,Tottenham,D,1426.1276374637894,1571.386702258171,-145.25906479438163,0.47006823640188206,0.24218314729753695,0.2877486163005809,A,0.0
2023-24,2024-02-04,Chelsea,Wolverhampton Wanderers,A,1495.2701951769795,1436.1176769877436,59.152518189235934,0.25913482850143926,0.22633945883338552,0.5145257126651751,H,0.0
2023-24,2024-02-04,Manchester United,West Ham,H,1538.9610377273698,1480.0701823744596,58.890855352910194,0.25934830399216946,0.22647717678327361,0.5141745192245569,H,0.0
2023-24,2024-02-04,Arsenal,Liverpool,H,1638.0898377877302,1698.8568927716672,-60.76705498393699,0.3708176191124337,0.259998506087587,0.36918387479997933,A,0.0
2023-24,2024-02-04,Bournemouth,Nottingham Forest,D,1406.14370792303,1385.4271471330142,20.71656079001582,0.29173970040646136,0.24397286022713005,0.4642874393664086,H,0.0
2023-24,2024-02-05,Brentford,Manchester City,A,1457.954984345845,1755.0884296476672,-297.1334453018221,0.6769843695457616,0.15013552117308482,0.1728801092811536,A,0.0
2023-24,2024-02-10,Liverpool,Burnley,H,1688.1424626219975,1342.7727593321672,345.36970328983034,0.0795479423483455,0.1,0.8204520576516545,H,0.0
2023-24,2024-02-10,Manchester City,Everton,H,1759.0262031145035,1428.5334907969677,330.49271231753573,0.08598104820599493,0.1,0.8140189517940051,H,0.0
2023-24,2024-02-10,Fulham,Bournemouth,H,1409.3056169157644,1403.8614123560774,5.444204559687023,0.3054520380111754,0.24934961971608294,0.4451983422727417,H,0.0
2023-24,2024-02-10,Luton Town,Sheffield United,A,1414.270306038471,1276.6324901486655,137.63781588980555,0.19964567544195744,0.17754594515256036,0.6228083794054822,H,0.0
2023-24,2024-02-10,Wolverhampton Wanderers,Brentford,A,1450.347785540236,1454.0172108790089,-3.669425338772953,0.3138602515371925,0.2520667662348923,0.4340729822279152,H,0.0
2023-24,2024-02-10,Nottingham Forest,Newcastle United,A,1387.7094426999668,1537.149884150151,-149.44044145018415,0.4754293946701374,0.24046164819268764,0.28410895713717493,A,0.0
2023-24,2024-02-10,Tottenham,Brighton and Hove Albion,H,1568.9808489249926,1511.0894080316834,57.89144089330921,0.26016468134738746,0.22700116468588424,0.5128341539667283,H,0.0
2023-24,2024-02-11,West Ham,Arsenal,A,1471.0165435371493,1648.8042679373998,-177.78772440025045,0.5126951466836699,0.22705535840797186,0.2602494949083582,A,0.0
2023-24,2024-02-11,Aston Villa,Manchester United,A,1551.5939773789953,1548.01467656468,3.5793008143152747,0.30715852706432634,0.2499362228211548,0.44290525011451887,H,0.0
2023-24,2024-02-12,Crystal Palace,Chelsea,A,1422.8635515544097,1481.0400866244872,-58.176535070077534,0.36806232586570053,0.25999155769242527,0.37194611644187425,H,0.0
2023-24,2024-02-17,Newcastle United,Bournemouth,D,1542.0055513769012,1394.9426134443058,147.06293793259533,0.19307007676160054,0.1710540982683414,0.6358758249700581,H,0.0
2023-24,2024-02-17,Manchester City,Chelsea,D,1760.8511585516808,1491.7993513427334,269.05180720894737,0.11769230865404087,0.1,0.7823076913459591,H,0.0
2023-24,2024-02-17,Fulham,Aston Villa,A,1418.224415827536,1543.4213426447952,-125.19692681725928,0.4448938044804084,0.24942829570669164,0.30567789981289994,A,0.0
2023-24,2024-02-17,Tottenham,Wolverhampton Wanderers,A,1573.5270074891148,1437.6171347037794,135.90987278533544,0.20086398145207016,0.17872893347328997,0.6204070850746398,H,0.0
2023-24,2024-02-17,Brentford,Liverpool,A,1466.7478617154654,1689.8210065037783,-223.0731447883129,0.5746893969025181,0.20053440436155165,0.22477619873593027,A,0.0
2023-24,2024-02-17,Burnley,Arsenal,A,1341.0942154503864,1660.9282108717111,-319.83399542132474,0.7070796230685786,0.13447362778925862,0.1584467491421627,A,0.0
2023-24,2024-02-17,Nottingham Forest,West Ham,H,1382.8537754732165,1458.892600602838,-76.0388251296215,0.38740956921105296,0.2593476613593952,0.35324276942955185,A,0.0
2023-24,2024-02-18,Luton Town,Manchester United,A,1398.611353572457,1556.18731129888,-157.5759577264232,0.48596597154994103,0.23691524377116502,0.27711878467889395,A,0.0
2023-24,2024-02-18,Sheffield United,Brighton and Hove Albion,A,1292.2914426146797,1506.5432494675613,-214.2518068528816,0.5624568067800084,0.2060918743819177,0.23145131883807388,A,0.0
2023-24,2024-02-19,Everton,Crystal Palace,D,1426.7085353597904,1412.1042868361635,14.604248523626893,0.29717239289007064,0.24624529542154433,0.456582311688385,H,0.0
2023-24,2024-02-20,Manchester City,Brentford,H,1753.4665431884373,1459.6701616832274,293.79638150520987,0.10387061440255635,0.1,0.7961293855974436,H,0.0
2023-24,2024-02-21,Liverpool,Luton Town,H,1696.8987065360163,1393.9134334174605,302.9852731185558,0.0991084184605647,0.1,0.8008915815394353,H,0.0
2023-24,2024-02-24,Bournemouth,Manchester City,A,1400.2844065249333,1754.8779991687452,-354.5935926438119,0.7508521656924338,0.11140454296493904,0.1377432913426271,A,0.0
2023-24,2024-02-24,Manchester United,Fulham,A,1560.8852314538765,1412.8825835235093,148.00264793036717,0.19242092565916905,0.17040379303285197,0.6371752813079791,H,0.0
2023-24,2024-02-24,Crystal Palace,Burnley,H,1414.2191647643547,1335.3667367595046,78.85242800485003,0.24337015525895664,0.2153792467588013,0.5412505979822421,H,0.0
2023-24,2024-02-24,Aston Villa,Nottingham Forest,H,1548.7631749488219,1393.9627356089725,154.8004393398494,0.1877598824586248,0.1656874571360589,0.6465526604053163,H,0.0
2023-24,2024-02-24,Arsenal,Newcastle United,H,1666.655689562593,1536.6637582962737,129.99193126631917,0.20506655229671064,0.18275976127010055,0.6121736864331888,H,0.0
2023-24,2024-02-24,Brighton and Hove Albion,Everton,D,1516.0632995380774,1424.5936574315992,91.4696421064782,0.23357934416808593,0.20781086936232415,0.5586097864695899,H,0.0
2023-24,2024-02-25,Wolverhampton Wanderers,Sheffield United,H,1447.4802084709609,1282.7713925441635,164.70881592679734,0.18107596475846674,0.15878890123294237,0.6601351340085908,H,0.0
2023-24,2024-02-26,West Ham,Brentford,H,1447.783640467082,1458.2587057029195,-10.47506523583752,0.32025414693349824,0.2538463836893459,0.4258994693771559,H,0.0
2023-24,2024-03-02,Newcastle United,Wolverhampton Wanderers,H,1530.094765221941,1450.2564438270633,79.83832139487777,0.24259671710429873,0.2148021164441794,0.5426011664515219,H,0.0
2023-24,2024-03-02,Tottenham,Crystal Palace,H,1563.6639337219333,1422.5214845794358,141.14244914249753,0.19718685677847714,0.17513921869555665,0.6276739245259662,H,0.0
2023-24,2024-03-02,Luton Town,Aston Villa,A,1391.2298328485335,1553.382909830468,-162.15307698193442,0.49195269961619237,0.23480957855097034,0.2732377218328374,A,0.0
2023-24,2024-03-02,Brentford,Chelsea,D,1448.8727603213968,1499.183966705977,-50.311206384580146,0.3598004343958751,0.25976176050933025,0.3804378050947946,H,0.0
2023-24,2024-03-02,Everton,West Ham,A,1428.6965973701954,1457.1695858486048,-28.472988478409434,0.33765940919499454,0.2574885013273884,0.404852089477617,H,0.0
2023-24,2024-03-02,Fulham,Brighton and Hove Albion,H,1422.8589344362977,1511.9603595994813,-89.10142516318365,0.4020793592307142,0.2578585534357322,0.3400620873335535,A,0.0
2023-24,2024-03-02,Nottingham Forest,Liverpool,A,1389.3430007273264,1699.5823071049433,-310.2393063776169,0.6944824078708882,0.1410565707757795,0.16446102135333227,A,0.0
2023-24,2024-03-03,Burnley,Bournemouth,A,1327.0644169444236,1398.4337633643424,-71.36934641991888,0.3822727789423252,0.25967200266970175,0.3580552183879731,A,0.0
2023-24,2024-03-03,Manchester City,Manchester United,H,1756.728642329336,1550.9088805410881,205.8197617882479,0.15475941054271217,0.1304044983055469,0.714836091151741,H,0.0
2023-24,2024-03-04,Sheffield United,Arsenal,A,1279.995157188061,1673.2246826369255,-393.2295254488645,0.7847461642581335,0.1,0.11525383574186661,A,0.0
2023-24,2024-03-09,Manchester United,Everton,H,1547.333075572668,1416.869369720399,130.46370585226896,0.2047298168419453,0.18243969594588486,0.6128304872121699,H,0.0
2023-24,2024-03-09,Crystal Palace,Luton Town,D,1417.5855817823033,1386.6194049981266,30.966176784176696,0.28278890762512526,0.23981615157902775,0.47739494079584693,H,0.0
2023-24,2024-03-09,Wolverhampton Wanderers,Fulham,H,1441.9901681817023,1437.2956430256713,4.694525156030977,0.30613717630095333,0.24958730254139627,0.4442755211576504,H,0.0
2023-24,2024-03-09,Bournemouth,Sheffield United,D,1408.726602910534,1275.7670364497153,132.95956646081868,0.2029532927904832,0.1807426623994562,0.6163040448100606,H,0.0
2023-24,2024-03-09,Arsenal,Brentford,H,1677.4528033752713,1448.593966689861,228.85883668541032,0.1410397220471504,0.11510485223518127,0.7438554257176683,H,0.0
2023-24,2024-03-10,Aston Villa,Tottenham,A,1557.993337680875,1568.5998365190658,-10.606498838190873,0.3203786186412439,0.2538786153176853,0.4257427660410708,H,0.0
2023-24,2024-03-10,Brighton and Hove Albion,Nottingham Forest,H,1497.5236510101076,1387.0167236934017,110.50692731670597,0.2192349307445404,0.19573650683303995,0.5850285624224197,H,0.0
2023-24,2024-03-10,Liverpool,Manchester City,D,1701.908584138868,1760.3044472977563,-58.39586315888823,0.3682949453629863,0.2599934664268067,0.37171158821020706,H,0.0
2023-24,2024-03-10,West Ham,Burnley,D,1468.9968134984013,1316.771577398232,152.22523610016924,0.18951841139361478,0.16747637011373498,0.6430052184926502,H,0.0
2023-24,2024-03-11,Chelsea,Newcastle United,H,1499.4627603375127,1538.361040867302,-38.89828052978942,0.3480852633558551,0.25887185436552684,0.39304288227861806,H,0.0
2023-24,2024-03-13,Bournemouth,Luton Town,H,1403.6811705042744,1389.1793914221337,14.501779082140729,0.2972640888567718,0.24628203971956536,0.4564538714236629,H,0.0
2023-24,2024-03-16,Fulham,Tottenham,H,1431.652180935401,1586.878870972311,-155.22669003691,0.48290937637815096,0.2379655100161273,0.27912511360572173,A,0.0
2023-24,2024-03-16,Burnley,Brentford,H,1322.2187117595834,1446.592605413356,-124.37389365377271,0.4438812536971314,0.2496881898345495,0.306430556468319,A,0.0
2023-24,2024-03-16,Luton Town,Nottingham Forest,D,1383.747692525559,1383.4185488876938,0.3291436378651724,0.31014979786906577,0.25092111524707067,0.4389290868838635,H,0.0
2023-24,2024-03-17,West Ham,Aston Villa,D,1463.54967913705,1539.7143032276297,-76.16462409057976,0.38754873735356604,0.25933740122066534,0.3531138614257687,A,0.0
2023-24,2024-03-30,Tottenham,Luton Town,H,1570.4666850259946,1382.0285239354941,188.43816109050044,0.16560417496326693,0.14229927545047488,0.6920965495862582,H,0.0
2023-24,2024-03-30,Nottingham Forest,Crystal Palace,D,1385.1377174777585,1415.0255953582962,-29.887877880537644,0.3390592540916057,0.2577078938676123,0.403232852040782,H,0.0
2023-24,2024-03-30,Sheffield United,Fulham,D,1280.8124688559749,1448.0643668817174,-167.25189802574255,0.49866912104577144,0.2323739536594972,0.2689569252947314,A,0.0
2023-24,2024-03-30,Newcastle United,West Ham,H,1531.9631606433404,1464.0145990072385,67.94856163610189,0.252021814628738,0.22158587261119284,0.5263923127600691,H,0.0
2023-24,2024-03-30,Brentford,Manchester United,D,1438.830184828209,1552.5272447018497,-113.69705987364068,0.43089637637794326,0.2527810450561303,0.3163225785659265,A,0.0
2023-24,2024-03-30,Bournemouth,Everton,H,1409.1128694008491,1411.6752005912172,-2.5623311903680133,0.31282954322128215,0.2517569143251132,0.4354135424536046,H,0.0
2023-24,2024-03-30,Chelsea,Burnley,D,1505.8606405614744,1329.9811323447304,175.87950821674394,0.1736978456209076,0.15100767012414204,0.6752944842549503,H,0.0
2023-24,2024-03-30,Aston Villa,Wolverhampton Wanderers,H,1539.249383357441,1447.6336302719726,91.61575308546844,0.2334673123526734,0.20772101849820682,0.5588116691491198,H,0.0
2023-24,2024-03-31,Liverpool,Brighton and Hove Albion,H,1701.862413697227,1501.1218258158156,200.74058788141156,0.1578850598610465,0.13385528143134387,0.7082596587076097,H,0.0
2023-24,2024-03-31,Manchester City,Arsenal,D,1760.3506177393972,1679.4541646517762,80.89645308762101,0.2417682097278955,0.2141798953089052,0.5440518949631994,H,0.0
2023-24,2024-04-02,Newcastle United,Everton,D,1536.316999612536,1405.8860482491696,130.43095136336638,0.2047531862219274,0.18246192502890246,0.6127848887491701,H,0.0
2023-24,2024-04-02,Bournemouth,Crystal Palace,H,1414.9020217428967,1415.8901283018506,-0.9881065589538593,0.3113684072134655,0.2513066191098206,0.43732497367671397,H,0.0
2023-24,2024-04-02,Burnley,Wolverhampton Wanderers,D,1335.8892733370924,1441.4177408605142,-105.5284675234218,0.42115422070100084,0.2547898377492122,0.324055941549787,A,0.0
2023-24,2024-04-02,Nottingham Forest,Fulham,H,1384.2731845342041,1445.0718655609749,-60.79868102677074,0.3708513620335644,0.2599983803589563,0.3691502576074793,A,0.0
2023-24,2024-04-02,West Ham,Tottenham,D,1459.660760038043,1572.9321545610378,-113.2713945229948,0.4303845569827728,0.25289347063392537,0.3167219723833018,A,0.0
2023-24,2024-04-03,Brentford,Brighton and Hove Albion,D,1440.363521168969,1498.8061195157034,-58.44259834673426,0.3683445284706546,0.2599938415770719,0.3716616299522735,H,0.0
2023-24,2024-04-03,Manchester City,Aston Villa,H,1756.5038889088319,1545.4652727688995,211.0386161399324,0.1515854952041722,0.12688484677147896,0.7215296580243489,H,0.0
2023-24,2024-04-03,Arsenal,Luton Town,H,1683.3008934823415,1379.563054400451,303.73783908189057,0.09872699407932795,0.1,0.8012730059206721,H,0.0
2023-24,2024-04-04,Chelsea,Manchester United,H,1499.9524995691124,1550.9939083610896,-51.04140879197712,0.36056092392463324,0.259796303929175,0.3796427721461917,H,0.0
2023-24,2024-04-04,Liverpool,Sheffield United,H,1704.1781199973393,1283.8049701767175,420.37314982062185,0.0533080222573166,0.1,0.8466919777426835,H,0.0
2023-24,2024-04-06,Fulham,Newcastle United,A,1434.3566121580677,1531.3260185803476,-96.96940642227992,0.41112878756654486,0.2565528252730475,0.33231838716040757,A,0.0
2023-24,2024-04-06,Wolverhampton Wanderers,West Ham,A,1440.1147758169627,1461.1821305539172,-21.067354736954485,0.33040849300184194,0.256179757666708,0.4134117493314501,H,0.0
2023-24,2024-04-06,Everton,Burnley,H,1410.8770292813579,1337.1922383806439,73.684790900714,0.24744794544919646,0.21836196145709516,0.5341900930937084,H,0.0
2023-24,2024-04-06,Luton Town,Bournemouth,H,1377.445172781868,1420.664787849545,-43.21961506767707,0.35248344202526016,0.25928602952771723,0.38823052844702255,H,0.0
2023-24,2024-04-06,Brighton and Hove Albion,Arsenal,A,1498.8509448383559,1685.4187751009244,-186.56783026256858,0.524522052560189,0.2223476226531299,0.2531303247866812,A,0.0
2023-24,2024-04-06,Crystal Palace,Manchester City,A,1410.1273621952023,1760.8961696201836,-350.76880742498133,0.7461963430762601,0.11386712781005623,0.13993652911368362,A,0.0
2023-24,2024-04-06,Aston Villa,Brentford,D,1541.0729920575477,1440.3186958463166,100.75429621123112,0.2265203295864682,0.2020103430035682,0.5714693274099636,H,0.0
2023-24,2024-04-07,Manchester United,Liverpool,D,1544.3942407657632,1705.2707774928235,-160.87653672706028,0.4902789046667836,0.2354046367906001,0.2743164585426163,A,0.0
2023-24,2024-04-07,Sheffield United,Chelsea,D,1282.7123126812332,1506.5521671644387,-223.8398544832055,0.5757546920075199,0.20004415089674246,0.22420115709573768,A,0.0
2023-24,2024-04-07,Tottenham,Nottingham Forest,H,1571.4107840451636,1394.9884379371113,176.42234610805235,0.17334358144261205,0.1506300585579632,0.6760263599994247,H,0.0
2023-24,2024-04-13,Nottingham Forest,Wolverhampton Wanderers,D,1390.837135454064,1432.4829011286802,-41.64576567461609,0.35087634077114305,0.259146051352477,0.3899776078763799,H,0.0
2023-24,2024-04-13,Manchester City,Luton Town,H,1763.8888358420438,1383.915027499156,379.9738083428879,0.06623805170144031,0.1,0.8337619482985597,H,0.0
2023-24,2024-04-13,Newcastle United,Tottenham,H,1537.261106855294,1575.5620865282108,-38.30097967291681,0.3474809070192594,0.25880723315633863,0.39371185982440193,H,0.0
2023-24,2024-04-13,Bournemouth,Manchester United,D,1414.1949331322571,1547.21877327689,-133.0238401446329,0.4546040683714649,0.24680699119713115,0.298588940431404,A,0.0
2023-24,2024-04-13,Brentford,Sheffield United,H,1444.6414210194955,1287.1069744029503,157.5344466165452,0.18590254753385715,0.1637859170013335,0.6503115354648094,H,0.0
2023-24,2024-04-13,Burnley,Brighton and Hove Albion,D,1332.945788068003,1490.5315253479791,-157.58573727997623,0.48597871879787646,0.23691082804013427,0.27711045316198923,A,0.0
2023-24,2024-04-14,Arsenal,Aston Villa,A,1693.7381945913012,1536.7502668843688,156.9879277069324,0.1862730283603126,0.16416619186396214,0.6495607797757253,H,0.0
2023-24,2024-04-14,Liverpool,Crystal Palace,A,1702.4462449816967,1407.134695973342,295.31154900835463,0.10307189709586298,0.1,0.7969281029041371,H,0.0
2023-24,2024-04-14,West Ham,Fulham,A,1468.8140052421998,1428.4215238831214,40.392481359078374,0.2747262485278657,0.23562871191142035,0.489645039560714,H,0.0
2023-24,2024-04-15,Chelsea,Everton,H,1502.1575054427217,1415.1234795939988,87.03402584872288,0.23699496338315554,0.2105153427590511,0.5524896938577933,H,0.0
2023-24,2024-04-20,Luton Town,Brentford,A,1381.8949099229358,1449.1997634373686,-67.3048535144328,0.377847274957645,0.2598645486733368,0.36228817636901817,A,0.0
2023-24,2024-04-20,Sheffield United,Burnley,A,1282.5486319850772,1335.6829290642438,-53.13429707916657,0.36274799852372935,0.2598803415285571,0.37737165994771354,H,0.0
2023-24,2024-04-20,Wolverhampton Wanderers,Arsenal,A,1433.0106875726428,1677.7999813976937,-244.7892938250509,0.604927177020631,0.1862731272111051,0.20879969576826385,A,0.0
2023-24,2024-04-21,Everton,Nottingham Forest,H,1403.885240803012,1390.3093490101014,13.575891792910625,0.2980935669283886,0.24661200728506627,0.4552944257865451,H,0.0
2023-24,2024-04-21,Aston Villa,Bournemouth,H,1552.6884800779762,1416.2663162454387,136.42216383253754,0.20050237152058553,0.1783784727890201,0.6211191556903944,H,0.0
2023-24,2024-04-21,Crystal Palace,West Ham,H,1417.9572557569252,1454.9926695157292,-37.035413758804,0.3462032368380482,0.25866441114260774,0.39513235201934405,H,0.0
2023-24,2024-04-21,Fulham,Liverpool,A,1442.242859609592,1691.6236851981137,-249.3808255885217,0.611322818054338,0.18317400391474392,0.20550317803091814,A,0.0
2023-24,2024-04-23,Arsenal,Chelsea,H,1682.873472429556,1513.3957442337085,169.47772819584748,0.17790567373926103,0.1554654542287063,0.6666288720320327,H,0.0
2023-24,2024-04-24,Everton,Liverpool,H,1412.5256959941755,1696.5888058553821,-284.0631098612066,0.6592535604225731,0.15923888346806264,0.18150755610936425,A,0.0
2023-24,2024-04-24,Crystal Palace,Newcastle United,H,1430.6908658745454,1552.093396342945,-121.40253046839962,0.4402393841592613,0.2506011372957684,0.30915947854497033,A,0.0
2023-24,2024-04-24,Wolverhampton Wanderers,Bournemouth,A,1427.9371965407806,1411.217454065764,16.719742475016574,0.2952839144910646,0.2454766803667216,0.45923940514221373,H,0.0
2023-24,2024-04-24,Manchester United,Sheffield United,H,1545.1473901637085,1268.7451581235207,276.40223204018776,0.11343088249514237,0.1,0.7865691175048577,H,0.0
2023-24,2024-04-25,Brighton and Hove Albion,Manchester City,A,1487.7943843517382,1765.908953418264,-278.11456906652575,0.6511080971616338,0.16338218127054413,0.18550972156782206,A,0.0
2023-24,2024-04-27,Wolverhampton Wanderers,Luton Town,H,1419.5631797522478,1366.6065837336237,52.95659601862417,0.26421948872404927,0.22954065067423268,0.5062398606017181,H,0.0
2023-24,2024-04-27,Manchester United,Burnley,D,1547.6075580420647,1349.4864029258003,198.1211551162644,0.15951107659905178,0.13564374367628634,0.7048451797246619,H,0.0
2023-24,2024-04-27,Everton,Brentford,H,1427.7842847936545,1464.4880896266807,-36.7038048330262,0.34586909406362437,0.25862566367100104,0.3955052422653746,H,0.0
2023-24,2024-04-27,Fulham,Crystal Palace,D,1437.2777389523235,1442.9235718772827,-5.6458329249592225,0.3157067932654179,0.25260583463927955,0.43168737209530256,H,0.0
2023-24,2024-04-27,West Ham,Liverpool,D,1442.259059398109,1681.3302170559032,-239.07115765779417,0.5969588528664169,0.190096610092141,0.21294453704144212,A,0.0
2023-24,2024-04-27,Newcastle United,Sheffield United,H,1539.8606903402076,1266.2849902451644,273.5757000950432,0.11505372466942061,0.1,0.7849462753305794,H,0.0
2023-24,2024-04-27,Aston Villa,Chelsea,D,1557.7373422576509,1506.3868076017604,51.35053465589044,0.26554775219613513,0.23034961436726706,0.5041026334365978,H,0.0
2023-24,2024-04-28,Bournemouth,Brighton and Hove Albion,H,1419.5914708542969,1481.4579478598755,-61.866477005578645,0.37199212375930385,0.2599911547259783,0.36801672151471776,A,0.0
2023-24,2024-04-28,Nottingham Forest,Manchester City,A,1381.668893818938,1772.2453899101267,-390.5764960911888,0.7832026690066564,0.1,0.11679733099334358,A,0.0
2023-24,2024-04-28,Tottenham,Arsenal,A,1560.7297970405598,1689.882409061504,-129.15261202094416,0.4497831075394095,0.24813714426904335,0.30207974819154715,A,0.0
2023-24,2024-05-02,Chelsea,Tottenham,H,1509.4863302641747,1555.4688591739548,-45.98252890978006,0.3553194114571967,0.25950157923811734,0.38517900930468596,H,0.0
2023-24,2024-05-03,Luton Town,Everton,D,1361.9642064673303,1434.1455553763635,-72.1813489090332,0.3831620016576399,0.2596235133921343,0.3572144849502258,A,0.0
2023-24,2024-05-04,Manchester City,Wolverhampton Wanderers,H,1774.6669269547392,1424.2055570185412,350.461369936198,0.07744795611046958,0.1,0.8225520438895304,H,0.0
2023-24,2024-05-04,Brentford,Fulham,D,1458.1268190439716,1435.7259395912206,22.40087945275104,0.2902552888427877,0.2433191523199025,0.4664255588373098,H,0.0
2023-24,2024-05-04,Burnley,Newcastle United,A,1355.7955387611216,1543.5205115651272,-187.72497280400557,0.5260892698592483,0.22170960950915555,0.2522011206315962,A,0.0
2023-24,2024-05-04,Arsenal,Bournemouth,H,1695.143346928109,1433.1476719603013,261.99567496780764,0.12191031915933447,0.1,0.7780896808406655,H,0.0
2023-24,2024-05-04,Sheffield United,Nottingham Forest,A,1262.6251690202448,1379.2473567743255,-116.62218775408064,0.43442579583886365,0.2519856981969456,0.3135885059641908,A,0.0
2023-24,2024-05-05,Brighton and Hove Albion,Aston Villa,H,1467.901746753871,1554.6378195952366,-86.73607284136551,0.39939017046823405,0.2581913535602392,0.3424184759715268,A,0.0
2023-24,2024-05-05,Chelsea,West Ham,H,1519.8136007711182,1447.0005424022568,72.81305836886145,0.24813979678784995,0.2188579215436689,0.5330022816684812,H,0.0
2023-24,2024-05-05,Liverpool,Tottenham,H,1676.5887340517554,1545.1415886670113,131.4471453847441,0.20402882653706908,0.18177176305972273,0.6141994104032081,H,0.0
2023-24,2024-05-06,Crystal Palace,Manchester United,H,1444.4753712383856,1541.2984222067435,-96.82305096835785,0.41095899525396834,0.25657988482688027,0.3324611199191513,A,0.0
2023-24,2024-05-11,Wolverhampton Wanderers,Crystal Palace,A,1421.8162299370192,1461.5190581966535,-39.702828259634316,0.348900679114013,0.2589560706417076,0.39214325024427943,H,0.0
2023-24,2024-05-11,West Ham,Luton Town,H,1435.9817231752286,1362.3146702810354,73.66705289419315,0.2474620117514232,0.2183720743423673,0.5341659139062095,H,0.0
2023-24,2024-05-11,Nottingham Forest,Chelsea,A,1387.9950219561258,1530.8324199981464,-142.8373980420206,0.4669807204649256,0.24314782098731808,0.28987145854775626,A,0.0
2023-24,2024-05-11,Tottenham,Burnley,H,1539.9716115170056,1347.5174672220123,192.45414429499328,0.16306141005613933,0.13953118510702758,0.6974074048368332,H,0.0
2023-24,2024-05-11,Fulham,Manchester City,A,1438.0541374111422,1777.0562540362612,-339.002116625119,0.7316116602607062,0.1215716840996959,0.14681665563959795,A,0.0
2023-24,2024-05-11,Everton,Sheffield United,H,1433.7950915626584,1253.8775038384445,179.91758772421394,0.17107207073280972,0.14820076462064805,0.6807271646465423,H,0.0
2023-24,2024-05-11,Bournemouth,Brentford,A,1429.7916962694444,1455.79862122405,-26.006924954605665,0.33523076157041215,0.25708253125988084,0.40768670716970706,H,0.0
2023-24,2024-05-11,Newcastle United,Brighton and Hove Albion,D,1551.7985831042365,1475.082459864039,76.71612324019748,0.24505106127564222,0.21662102984020978,0.5383279088841479,H,0.0
2023-24,2024-05-12,Manchester United,Arsenal,A,1524.2547352484755,1698.4993226189658,-174.2445873704903,0.5079570301761587,0.22888561827136122,0.26315735155248005,A,0.0
2023-24,2024-05-13,Aston Villa,Liverpool,D,1547.4571064850686,1681.7587112017611,-134.3016047166925,0.4562030333461511,0.24635368988858622,0.2974432767652627,A,0.0
2023-24,2024-05-14,Tottenham,Manchester City,A,1542.387353646673,1781.7178308113216,-239.33047716464853,0.5973202318906552,0.18992415242304975,0.21275561568629514,A,0.0
2023-24,2024-05-15,Brighton and Hove Albion,Chelsea,A,1478.8262015111843,1535.8181686414368,-56.99196713025253,0.3668080757490779,0.2599770269129,0.37321489733802204,H,0.0
2023-24,2024-05-15,Manchester United,Newcastle United,H,1519.8709488500288,1548.0548414570912,-28.18389260706249,0.3373739648651174,0.25744245866972854,0.405183576465154,H,0.0
2023-24,2024-05-19,Manchester City,West Ham,H,1786.9223646357793,1442.712709875201,344.20965476057836,0.08003352734386421,0.1,0.8199664726561358,H,0.0
2023-24,2024-05-19,Luton Town,Fulham,A,1355.583683581063,1433.3925606360817,-77.80887705501868,0.3893714981538173,0.2591959666147899,0.3514325352313929,A,0.0
2023-24,2024-05-19,Liverpool,Wolverhampton Wanderers,H,1679.6521559854632,1410.3951408041607,269.25701518130245,0.11757151512562951,0.1,0.7824284848743706,H,0.0
2023-24,2024-05-19,Arsenal,Everton,H,1702.8831090174126,1436.368792528164,266.5143164892486,0.11919470392301516,0.1,0.7808052960769849,H,0.0
2023-24,2024-05-19,Sheffield United,Tottenham,A,1251.3038028729388,1537.1828198222154,-285.87901694927655,0.6617314146077473,0.15797336649400498,0.18029521889824773,A,0.0
2023-24,2024-05-19,Brighton and Hove Albion,Manchester United,A,1472.0112637656603,1526.0897770475178,-54.07851328185757,0.3637382980087361,0.2599109855410446,0.3763507164502193,H,0.0
2023-24,2024-05-19,Chelsea,Bournemouth,H,1542.633106386961,1422.273085413729,120.36002097323194,0.21200645824651895,0.1892385552993046,0.5987549864541765,H,0.0
2023-24,2024-05-19,Brentford,Newcastle United,A,1463.3172320797655,1541.8360132596022,-78.51878117983665,0.39016063643077836,0.2591306970527697,0.350708666516452,A,0.0
2023-24,2024-05-19,Burnley,Nottingham Forest,A,1345.1017250923449,1383.0092733128354,-37.907548220490526,0.347083299006252,0.25876369214228806,0.39415300885146,H,0.0
2023-24,2024-05-19,Crystal Palace,Aston Villa,H,1472.940147329512,1549.5636617013665,-76.62351437185453,0.38805674294583475,0.25929929824335596,0.3526439588108093,A,0.0
2024-25,2024-08-16,Manchester United,Fulham,H,1536.9950585134488,1443.4599873117754,93.53507120167342,0.23199848407903487,0.206536339730105,0.5614651761908601,H,0.0
2024-25,2024-08-17,Arsenal,Wolverhampton Wanderers,H,1704.520713229434,1407.8377892234628,296.68292400597124,0.10235359521139695,0.1,0.797646404788603,H,0.0
2024-25,2024-08-17,Everton,Brighton and Hove Albion,A,1434.7311883161426,1461.1059822997292,-26.374793983586642,0.3355921499384296,0.25714498848895023,0.4072628615726201,H,0.0
2024-25,2024-08-17,Ipswich,Liverpool,A,1420.0,1682.2095075661612,-262.20950756616116,0.6291539166247355,0.17440463135365977,0.19644145202160468,A,0.0
2024-25,2024-08-17,Newcastle United,Southampton,H,1551.878688384802,1319.2608481511709,232.6178402336311,0.1388735822327735,0.11267392559919583,0.7484524921680307,H,0.0
2024-25,2024-08-17,Nottingham Forest,Bournemouth,D,1390.256037984634,1418.83609147407,-28.58005348943584,0.33776517153748226,0.25750544839209843,0.4047293800704193,H,0.0
2024-25,2024-08-17,West Ham,Aston Villa,A,1441.0231496330252,1531.421307327988,-90.39815769496272,0.4035597806125246,0.25766433864124805,0.3387758807462274,A,0.0
2024-25,2024-08-18,Brentford,Crystal Palace,H,1453.2745569545657,1491.0825017028906,-37.80794474832487,0.3469826974181777,0.2587525461093626,0.3942647564724597,H,0.0
2024-25,2024-08-18,Chelsea,Manchester City,A,1546.07010032662,1788.611924877955,-242.54182455133514,0.6017954802999025,0.18778096139723338,0.21042355830286408,A,0.0
2024-25,2024-08-19,Leicester City,Tottenham,D,1429.7411339749453,1542.4367769700837,-112.69564299513831,0.4296929971968468,0.2530441913457462,0.3172628114574071,A,0.0
2024-25,2024-08-24,Tottenham,Everton,H,1540.9315984248897,1419.7108191210882,121.22077930380146,0.21138121364681337,0.18866425844806756,0.599954527905119,H,0.0
2024-25,2024-08-24,Southampton,Nottingham Forest,A,1317.2986600186666,1389.35415650432,-72.0554964856533,0.3830240695129318,0.25963124710795427,0.357344683379114,A,0.0
2024-25,2024-08-24,Manchester City,Ipswich,H,1793.739078322322,1415.3286972758792,378.4103810464428,0.06679243148424026,0.1,0.8332075685157597,H,0.0
2024-25,2024-08-24,Brighton and Hove Albion,Manchester United,H,1476.1263514947836,1540.883099709293,-64.75674821450934,0.3750944769011734,0.25994255585916454,0.364962967239662,A,0.0
2024-25,2024-08-24,Crystal Palace,West Ham,A,1484.7028064983183,1434.9462885208611,49.75651797745718,0.26687028648759564,0.2311438156757418,0.5019858978366625,H,0.0
2024-25,2024-08-24,Aston Villa,Arsenal,A,1537.498168440152,1706.7225966973506,-169.2244282571985,0.5012803258971309,0.23140697612930985,0.2673126979735593,A,0.0
2024-25,2024-08-24,Fulham,Leicester City,H,1439.5719461159313,1431.2463125201393,8.325633595791942,0.30282935579878495,0.2484127962374994,0.4487578479637157,H,0.0
2024-25,2024-08-25,Bournemouth,Newcastle United,D,1419.737972954384,1553.8408765173062,-134.10290356292217,0.4559541334844119,0.246424642622067,0.29762122389352114,A,0.0
2024-25,2024-08-25,Liverpool,Brentford,H,1686.880810290282,1459.654252159138,227.22655813114397,0.14198671043352373,0.11616671988008975,0.7418465696863865,H,0.0
2024-25,2024-08-25,Wolverhampton Wanderers,Chelsea,A,1405.6359057555462,1540.942946882253,-135.30704112670674,0.45746388299167734,0.24599207069557955,0.29654404631274306,A,0.0
2024-25,2024-08-31,Nottingham Forest,Wolverhampton Wanderers,D,1395.8330142781244,1393.7098671361523,2.12314714197214,0.3084959773100029,0.25038338843898916,0.4411206342510079,H,0.0
2024-25,2024-08-31,Ipswich,Fulham,D,1413.5730355706155,1445.1365418595205,-31.563506288905046,0.34072315999249936,0.2579549127596625,0.4013219272478381,H,0.0
2024-25,2024-08-31,Leicester City,Aston Villa,A,1425.68171677655,1530.4021607387635,-104.7204439622135,0.42019974300313406,0.2549713486831168,0.32482890831374905,A,0.0
2024-25,2024-08-31,Brentford,Southampton,H,1456.4548844252408,1310.819802244862,145.63508218037873,0.19405867848549954,0.17204128758663345,0.633900033927867,H,0.0
2024-25,2024-08-31,West Ham,Manchester City,A,1448.974684465828,1795.4947400275857,-346.5200555617578,0.740974726925349,0.1166274806744415,0.14239779240020942,A,0.0
2024-25,2024-08-31,Arsenal,Brighton and Hove Albion,D,1713.8186043987391,1482.951809722029,230.86679467671001,0.13988007479409417,0.11380377029779924,0.7463161549081067,H,0.0
2024-25,2024-08-31,Everton,Bournemouth,A,1411.7624828396406,1421.8390622222419,-10.076579382601267,0.3198769997035374,0.2537481642378786,0.426374836058584,H,0.0
2024-25,2024-09-01,Chelsea,Crystal Palace,D,1552.8689855016469,1470.6744105533514,82.19457494829544,0.24075404934517303,0.21341263759545037,0.5458333130593765,H,0.0
2024-25,2024-09-01,Manchester United,Liverpool,A,1534.0576414820475,1690.080178024179,-156.02253654213155,0.48394358987064806,0.23761206624040243,0.2784443438889495,A,0.0
2024-25,2024-09-01,Newcastle United,Tottenham,H,1551.7397872494485,1548.8799347063373,2.859852543111174,0.30781877804600033,0.2501583508249784,0.4420228711290213,H,0.0
2024-25,2024-09-14,Liverpool,Nottingham Forest,A,1699.5358212874146,1394.0637811141899,305.47204017322474,0.09785294342214128,0.1,0.8021470565778588,H,0.0
2024-25,2024-09-14,Southampton,Manchester United,A,1305.989647220995,1524.601998218812,-218.61235099781697,0.5684975830071264,0.203364356488455,0.22813806050441868,A,0.0
2024-25,2024-09-14,Manchester City,Brentford,H,1798.5546552904573,1461.285039449108,337.2696158413494,0.08299478237148025,0.1,0.8170052176285197,H,0.0
2024-25,2024-09-14,Fulham,West Ham,D,1445.9531872129814,1445.9147692029564,0.038418010024997784,0.3104184395813753,0.2510068790918135,0.43857468132681116,H,0.0
2024-25,2024-09-14,Crystal Palace,Leicester City,D,1474.5529277822782,1419.9121715607491,54.640756221529045,0.2628311997275789,0.22868302520186745,0.5084857750705537,H,0.0
2024-25,2024-09-14,Aston Villa,Everton,H,1536.1717059545645,1403.8779318126385,132.29377414192595,0.20342638529519805,0.18119596681724082,0.6153776478875611,H,0.0
2024-25,2024-09-14,Brighton and Hove Albion,Ipswich,D,1489.7949451336726,1412.7563902171546,77.03855491651802,0.24479692602169587,0.21643438639337373,0.5387686875849304,H,0.0
2024-25,2024-09-14,Bournemouth,Chelsea,A,1429.723613249244,1548.9904682727201,-119.26685502347618,0.4376351255885776,0.25123262085292497,0.31113225355849744,A,0.0
2024-25,2024-09-15,Tottenham,Arsenal,A,1543.196422196538,1706.9754689870956,-163.7790467905577,0.4940891955797586,0.23404302487917633,0.27186777954106517,A,0.0
2024-25,2024-09-15,Wolverhampton Wanderers,Newcastle United,A,1395.4791003000869,1557.4232997592478,-161.94419945916093,0.4916786048873274,0.23490735520608774,0.2734140399065849,A,0.0
2024-25,2024-09-21,Tottenham,Brentford,H,1538.616853019501,1460.176580025778,78.44027299372283,0.24369392088955164,0.2156197634928898,0.5406863156175585,H,0.0
2024-25,2024-09-21,Southampton,Ipswich,D,1298.7672748166426,1416.5081087262165,-117.7408339095739,0.4357811700896869,0.25167108058463183,0.3125477493256812,A,0.0
2024-25,2024-09-21,Liverpool,Bournemouth,H,1688.6865626705255,1424.2594264841225,264.427136186403,0.12044263265109038,0.1,0.7795573673489097,H,0.0
2024-25,2024-09-21,West Ham,Chelsea,A,1447.6258161828011,1554.4546550378416,-106.82883885504043,0.42269377715667944,0.2544911852619332,0.32281503758138747,A,0.0
2024-25,2024-09-21,Crystal Palace,Manchester United,D,1471.3680558895358,1531.8243706231644,-60.45631473362869,0.3704862147835868,0.25999947130898093,0.3695143139074323,A,0.0
2024-25,2024-09-21,Fulham,Newcastle United,H,1444.2421402331368,1562.0377002973182,-117.79556006418147,0.4358475570333034,0.2516555412044998,0.3124969017621968,A,0.0
2024-25,2024-09-21,Leicester City,Everton,D,1423.0970434534916,1400.6291376698268,22.46790578366472,0.290196329213349,0.24329289582261274,0.4665107749640383,H,0.0
2024-25,2024-09-21,Aston Villa,Wolverhampton Wanderers,H,1539.4205000973761,1390.8646997620165,148.55580033535966,0.19203935549469187,0.17002078179209867,0.6379398627132095,H,0.0
2024-25,2024-09-22,Brighton and Hove Albion,Nottingham Forest,D,1486.0432266246107,1404.913039731079,81.1301868935318,0.24158542139377814,0.21404206312731675,0.5443725154789051,H,0.0
2024-25,2024-09-22,Manchester City,Arsenal,D,1799.663114713787,1711.5550381641326,88.10807654965447,0.2361652991605659,0.20986466239423301,0.553970038445201,H,0.0
2024-25,2024-09-28,Wolverhampton Wanderers,Liverpool,A,1386.1023721600895,1691.9988643235422,-305.89649216345265,0.6887190947353272,0.14405602504112358,0.16722488022354917,A,0.0
2024-25,2024-09-28,Newcastle United,Manchester City,D,1549.891090750572,1795.6409589619936,-245.7498682114217,0.6062654967419335,0.18562678754979667,0.2081077157082698,A,0.0
2024-25,2024-09-28,Everton,Crystal Palace,H,1402.9591600097433,1471.381189675776,-68.42202966603281,0.3790594462101335,0.25981996517542855,0.361120588614438,A,0.0
2024-25,2024-09-28,Nottingham Forest,Fulham,A,1408.765499002499,1456.388749779883,-47.6232507773841,0.35701241469111306,0.25961134722223583,0.38337623808665106,H,0.0
2024-25,2024-09-28,Brentford,West Ham,D,1453.5851820602104,1436.1761259970951,17.40905606311526,0.2946704570951356,0.24522212301727278,0.46010741988759163,H,0.0
2024-25,2024-09-28,Arsenal,Leicester City,H,1715.577193915926,1420.767021113575,294.81017280235096,0.10333560275943908,0.1,0.7966643972405609,H,0.0
2024-25,2024-09-28,Chelsea,Brighton and Hove Albion,H,1565.9043452235476,1482.1907673531907,83.71357787035686,0.23957046928473305,0.21250943600464597,0.547920094710621,H,0.0
2024-25,2024-09-29,Manchester United,Tottenham,A,1531.811236836924,1545.2082509850686,-13.397014148144535,0.3230302928068589,0.2545436343856961,0.42242607280744493,H,0.0
2024-25,2024-09-29,Ipswich,Aston Villa,D,1414.8613272432788,1544.182827699303,-129.3215004560243,0.4499926899315351,0.24808047981188264,0.30192683025658235,A,0.0
2024-25,2024-09-30,Bournemouth,Southampton,H,1420.9471248311058,1300.4140562995804,120.53306853152549,0.2118806785517978,0.189123177757395,0.5989961436908072,H,0.0
2024-25,2024-10-05,Arsenal,Southampton,H,1717.8018715592225,1294.970962285673,422.8309092735494,0.05260290145242299,0.1,0.847397098547577,H,0.0
2024-25,2024-10-05,Everton,Newcastle United,D,1409.8444817432,1554.7802223544434,-144.93574061124332,0.46965526614734565,0.24231332756168733,0.2880314062909671,A,0.0
2024-25,2024-10-05,Brentford,Wolverhampton Wanderers,H,1451.393319158057,1383.7245982162644,67.66872094179257,0.2522462437371274,0.22174071679353022,0.5260130394693423,H,0.0
2024-25,2024-10-05,Crystal Palace,Liverpool,A,1464.4958679423194,1694.3766382673673,-229.88077032504793,0.5841569086288024,0.1961443385679141,0.21969875280328338,A,0.0
2024-25,2024-10-05,West Ham,Ipswich,H,1438.3679888992485,1416.830498885982,21.537490013266506,0.29101553058231955,0.24365571338128744,0.465328756036393,H,0.0
2024-25,2024-10-05,Leicester City,Bournemouth,H,1418.5423434702786,1426.3902188450131,-7.847875374734485,0.3177740298293154,0.25318505231786487,0.42904091785281967,H,0.0
2024-25,2024-10-05,Manchester City,Fulham,H,1790.7518273581222,1463.4149425174035,327.33688484071877,0.08740421073385043,0.1,0.8125957892661496,H,0.0
2024-25,2024-10-06,Chelsea,Nottingham Forest,D,1572.3437158177546,1401.7393062649785,170.60440955277613,0.1771611234451596,0.1546804506220487,0.6681584259327917,H,0.0
2024-25,2024-10-06,Brighton and Hove Albion,Tottenham,H,1475.7513967589837,1560.824520708852,-85.07312394986843,0.39750823694375104,0.2584086788225479,0.34408308423370104,A,0.0
2024-25,2024-10-06,Aston Villa,Manchester United,D,1542.2136560565998,1516.1949671131406,26.01868894345921,0.2870849928048977,0.24187563123068492,0.4710393759644174,H,0.0
2024-25,2024-10-19,Newcastle United,Brighton and Hove Albion,A,1552.383138355699,1482.9055712567567,69.47756709894225,0.25079770646769695,0.22073577387750398,0.5284665196547991,H,0.0
2024-25,2024-10-19,Southampton,Leicester City,A,1293.893768036835,1424.4201378695188,-130.52636983268394,0.45148983962001515,0.24767260095378915,0.30083755942619567,A,0.0
2024-25,2024-10-19,Bournemouth,Arsenal,H,1420.512424445773,1718.8790658080607,-298.36664136228774,0.6786437894827094,0.14927823988067324,0.1720779706366174,A,0.0
2024-25,2024-10-19,Fulham,Aston Villa,A,1462.2430039468447,1539.787215346639,-77.54421139979422,0.38907762652262223,0.2592196515975118,0.35170272187986595,A,0.0
2024-25,2024-10-19,Ipswich,Everton,A,1406.2659459774084,1412.2415657419444,-5.975619764536077,0.31601572549911794,0.25269401987147133,0.43129025462941073,H,0.0
2024-25,2024-10-19,Manchester United,Brentford,H,1518.6214078231014,1458.3023625050296,60.31904531807186,0.25818446165813347,0.2257228398933281,0.5160926984485384,H,0.0
2024-25,2024-10-19,Tottenham,West Ham,H,1553.670346211079,1448.9325418078222,104.73780440325686,0.2235287181023286,0.19946859099552852,0.5770026909021428,H,0.0
2024-25,2024-10-20,Liverpool,Chelsea,H,1697.8070218890318,1566.535293395146,131.2717284938858,0.2041537683870182,0.18189097510135466,0.6139552565116272,H,0.0
2024-25,2024-10-20,Wolverhampton Wanderers,Manchester City,A,1376.8155548692919,1791.923765928681,-415.1082110593891,0.7968212252316766,0.1,0.10317877476832339,A,0.0
2024-25,2024-10-21,Nottingham Forest,Crystal Palace,H,1407.547728687587,1461.0654843206548,-53.517755633067736,0.3631499023927377,0.25989333177048046,0.37695676583678184,H,0.0
2024-25,2024-10-25,Leicester City,Nottingham Forest,A,1429.6531205127446,1414.188350810369,15.464769702375634,0.29640315878348844,0.24593494897827795,0.4576618922382336,H,0.0
2024-25,2024-10-26,Aston Villa,Bournemouth,D,1549.8638749839408,1435.9470214335236,113.91685355041727,0.21671843126556298,0.19350436474067176,0.5897772039937652,H,0.0
2024-25,2024-10-26,Brentford,Ipswich,H,1453.8030926050787,1393.619525772269,60.183566832809674,0.25829472394209596,0.22579467467489214,0.5159106013830119,H,0.0
2024-25,2024-10-26,Brighton and Hove Albion,Wolverhampton Wanderers,D,1492.0190667291392,1375.4785397138105,116.54052701532873,0.21479293239512118,0.19177459848832276,0.593432469116556,H,0.0
2024-25,2024-10-26,Everton,Fulham,D,1424.8879859470837,1452.1663443095429,-27.27835836245913,0.3364811330267526,0.25729557450186463,0.40622329247138284,H,0.0
2024-25,2024-10-26,Manchester City,Southampton,H,1793.2607810841623,1288.660785393609,504.5999956905532,0.03359100244289872,0.1,0.8664089975571013,H,0.0
2024-25,2024-10-27,Arsenal,Liverpool,D,1703.44446882031,1701.0716330252965,2.3728357950135432,0.3082663306667603,0.2503073919053289,0.4414262774279108,H,0.0
2024-25,2024-10-27,Chelsea,Newcastle United,H,1563.2706822588814,1543.2696428833165,20.001039375564915,0.29237193632576275,0.24424699966553726,0.46338106400870005,H,0.0
2024-25,2024-10-27,Crystal Palace,Tottenham,H,1454.424862197873,1561.0602972139636,-106.6354350160907,0.42246452693318076,0.25453611375447555,0.32299935931234375,A,0.0
2024-25,2024-10-27,West Ham,Manchester United,H,1441.5425908049376,1523.1206777230523,-81.57808691811465,0.39357633959231103,0.25882046109189927,0.34760319931578965,A,0.0
2024-25,2024-11-02,Nottingham Forest,West Ham,H,1427.430797090816,1448.6407929166714,-21.209995825855458,0.3305469611958895,0.25620749473819465,0.4132455440659158,H,0.0
2024-25,2024-11-02,Southampton,Everton,H,1288.239908048184,1423.9489561385856,-135.70904809040167,0.4579686678569866,0.24584627348527702,0.2961850586577364,A,0.0
2024-25,2024-11-02,Newcastle United,Arsenal,H,1537.9549182990447,1701.6682748799753,-163.71335658093062,0.4940027822646834,0.23407417986077061,0.27192303787454597,A,0.0
2024-25,2024-11-02,Wolverhampton Wanderers,Crystal Palace,D,1380.1633657043478,1461.917984435653,-81.75461873130507,0.3937741771590399,0.25880112711402803,0.3474246957269321,A,0.0
2024-25,2024-11-02,Bournemouth,Manchester City,H,1440.5726977102247,1793.6816584295875,-353.1089607193628,0.7490500642842738,0.11235784579529666,0.1385920899204296,A,0.0
2024-25,2024-11-02,Ipswich,Leicester City,D,1389.117646902333,1416.4106742322977,-27.293027329964616,0.33649558096746757,0.2572979860818129,0.40620643295071945,H,0.0
2024-25,2024-11-02,Liverpool,Brighton and Hove Albion,H,1702.8478269656312,1487.334240738602,215.51358622702924,0.14889462138671614,0.12389013251305715,0.7272152461002267,H,0.0
2024-25,2024-11-03,Manchester United,Chelsea,D,1516.0224756113184,1568.5854068431531,-52.56293123183468,0.3621498321193888,0.25985960239414574,0.3779905654864655,H,0.0
2024-25,2024-11-03,Tottenham,Aston Villa,H,1553.5671749761837,1545.2381987072397,8.328976268943961,0.30282632308124496,0.24841168810615874,0.44876198881259627,H,0.0
2024-25,2024-11-04,Fulham,Brentford,H,1453.105374118041,1458.3049714750148,-5.199597356973754,0.3152891480165213,0.25248570608787946,0.43222514589559924,H,0.0
2024-25,2024-11-09,Brentford,Bournemouth,H,1452.4715983783149,1450.6531893678807,1.8184090104341522,0.30877643028745777,0.2504757581100317,0.4407478116025106,H,0.0
2024-25,2024-11-09,Brighton and Hove Albion,Manchester City,H,1485.1884414796364,1783.6011667719315,-298.41272529229514,0.6787057521991556,0.1492462128321639,0.17204803496868046,A,0.0
2024-25,2024-11-09,Crystal Palace,Fulham,A,1461.292653190185,1458.938747214741,2.3539059754441496,0.3082837364918482,0.25031316335319737,0.4414031001549544,H,0.0
2024-25,2024-11-09,Liverpool,Aston Villa,H,1704.9936262245967,1534.1091519288095,170.8844742957872,0.17697631121253063,0.15448533991319213,0.6685383488742772,H,0.0
2024-25,2024-11-09,West Ham,Everton,D,1436.4368579408929,1416.019648284396,20.41720965649688,0.2920040883826896,0.24408781084999523,0.4639081007673152,H,0.0
2024-25,2024-11-09,Wolverhampton Wanderers,Southampton,H,1380.7886969498156,1296.1692159023735,84.61948104744215,0.23886621308220268,0.21196805788046114,0.5491657290373362,H,0.0
2024-25,2024-11-10,Tottenham,Ipswich,A,1564.6962217546138,1388.179035579395,176.51718617521874,0.17328172820028695,0.15056409348508917,0.6761541783146239,H,0.0
2024-25,2024-11-10,Nottingham Forest,Newcastle United,A,1439.6347320665946,1546.2768857511842,-106.64215368458963,0.4224724892764469,0.2545345559654228,0.3229929547581302,A,0.0
2024-25,2024-11-10,Chelsea,Arsenal,D,1568.7994302016716,1693.3463074278359,-124.54687722616427,0.4440939335887698,0.2496338174338062,0.306272248977424,A,0.0
2024-25,2024-11-10,Manchester United,Leicester City,H,1515.8084522528,1417.3492855552356,98.45916669756434,0.2282540007770361,0.20346083917104196,0.568285160051922,H,0.0
2024-25,2024-11-23,Everton,Brentford,D,1418.293775026259,1458.1779049093348,-39.88412988307573,0.3490846463662018,0.2589746001933544,0.3919407534404438,H,0.0
2024-25,2024-11-23,Aston Villa,Crystal Palace,D,1529.8415811477566,1448.369588634138,81.47199251361872,0.24131826204393955,0.2138402501652906,0.5448414877907698,H,0.0
2024-25,2024-11-23,Arsenal,Nottingham Forest,H,1691.5095817355877,1430.5548033830946,260.9547783524931,0.12254322525038429,0.1,0.7774567747496157,H,0.0
2024-25,2024-11-23,Leicester City,Chelsea,A,1409.7445764381469,1570.6361558939197,-160.8915794557729,0.49029861026127564,0.23539765948439842,0.2743037302543259,A,0.0
2024-25,2024-11-23,Bournemouth,Brighton and Hove Albion,A,1444.9468828368608,1494.9269308194569,-49.980047982596034,0.35945597819138286,0.2597452044800938,0.3807988173285233,H,0.0
2024-25,2024-11-23,Manchester City,Tottenham,A,1773.862677432111,1554.4808941442166,219.38178328789445,0.146591552724429,0.12132025337668068,0.7320881938988903,H,0.0
2024-25,2024-11-23,Fulham,Wolverhampton Wanderers,A,1471.861811770788,1387.2021830258543,84.6596287449338,0.23883502966752077,0.21194401848446456,0.5492209518480147,H,0.0
2024-25,2024-11-24,Southampton,Liverpool,A,1289.7557298263348,1709.2611970056496,-419.5054671793148,0.7991110776435565,0.1,0.10088892235644353,A,0.0
2024-25,2024-11-24,Ipswich,Manchester United,D,1398.3943631897923,1523.4131613698887,-125.01879818009638,0.44467451964486887,0.24948480138975082,0.3058406789653803,A,0.0
2024-25,2024-11-25,Newcastle United,West Ham,A,1555.356814434684,1434.1627311990298,121.19408323565426,0.21140059038707548,0.18868208484182136,0.5999173247711032,H,0.0
2024-25,2024-11-29,Brighton and Hove Albion,Southampton,D,1501.8998371617972,1288.4505817066183,213.4492554551789,0.1501324101516373,0.1252688152529969,0.7245987745953658,H,0.0
2024-25,2024-11-30,Crystal Palace,Newcastle United,D,1452.2304225907308,1539.9580451493007,-87.72762255856992,0.4005157054468367,0.25805522513381773,0.3414290694193456,A,0.0
2024-25,2024-11-30,West Ham,Arsenal,A,1449.5615004844133,1694.884407040838,-245.32290655642464,0.6056706487481017,0.18591421263709226,0.20841513861480593,A,0.0
2024-25,2024-11-30,Brentford,Leicester City,H,1458.756240106555,1405.1101266106161,53.646113495938835,0.2636505417667623,0.2291906742914805,0.5071587839417573,H,0.0
2024-25,2024-11-30,Wolverhampton Wanderers,Bournemouth,A,1405.809195653928,1437.9739764945205,-32.16478084059236,0.341321845728876,0.2580401596520685,0.40063799461905547,H,0.0
2024-25,2024-11-30,Nottingham Forest,Ipswich,H,1427.1799780778445,1400.2442103472727,26.935767730571797,0.2862852462938997,0.2415012670774144,0.47221348662868595,H,0.0
2024-25,2024-12-01,Manchester United,Everton,H,1521.5633142124084,1417.7154398290388,103.84787438336957,0.22419514637510815,0.20003901697235182,0.57576583665254,H,0.0
2024-25,2024-12-01,Tottenham,Fulham,D,1578.867720434239,1453.2547991427143,125.61292129152457,0.2082062943052324,0.18571900204583763,0.6060747036489299,H,0.0
2024-25,2024-12-01,Chelsea,Aston Villa,H,1575.2706057214505,1525.9807471911638,49.289858530286665,0.2672582697476233,0.2313746685259706,0.5013670617264062,H,0.0
2024-25,2024-12-01,Liverpool,Manchester City,H,1710.566345125366,1749.4758511420887,-38.90950601672262,0.3480966296992808,0.25887305172176356,0.39303031857895565,H,0.0
2024-25,2024-12-03,Ipswich,Crystal Palace,A,1395.0751148649515,1453.0267977122908,-57.95168284733927,0.3678239738607544,0.2599893473195929,0.3721866788196527,H,0.0
2024-25,2024-12-03,Leicester City,West Ham,H,1395.8524049259102,1443.1754697274955,-47.32306480158536,0.35670216604984684,0.25959228077536795,0.3837055531747853,H,0.0
2024-25,2024-12-04,Aston Villa,Brentford,H,1516.5514534052866,1468.013961791261,48.53749161402561,0.2678845600446084,0.23174526862504116,0.5003701713303503,H,0.0
2024-25,2024-12-04,Everton,Wolverhampton Wanderers,H,1409.1009312847766,1394.1157470331525,14.985184251624105,0.2968316889898538,0.2461083019805401,0.4570600090296061,H,0.0
2024-25,2024-12-04,Arsenal,Manchester United,H,1701.2704377977557,1530.1778227566706,171.09261504108508,0.17683902919023733,0.1543403422614574,0.6688206285483053,H,0.0
2024-25,2024-12-04,Newcastle United,Liverpool,D,1539.1616700277407,1720.7070420275024,-181.54537199976176,0.5177423087618259,0.22506997264112963,0.2571877185970446,A,0.0
2024-25,2024-12-04,Southampton,Chelsea,A,1295.017929189604,1584.6998995073277,-289.68197031772365,0.6669062815537744,0.15532314136199002,0.17777057708423555,A,0.0
2024-25,2024-12-04,Manchester City,Nottingham Forest,H,1739.3351542399523,1432.3490735601656,306.9860806797867,0.09709541778300039,0.1,0.8029045822169997,H,0.0
2024-25,2024-12-05,Fulham,Brighton and Hove Albion,H,1458.1409307157624,1495.3324896788115,-37.19155896304915,0.3463606667684907,0.25868246583799587,0.3949568673935135,H,0.0
2024-25,2024-12-05,Bournemouth,Tottenham,H,1449.667425115296,1573.9815888611909,-124.3141637458948,0.44380783379978883,0.2497069330645372,0.306485233135674,A,0.0
2024-25,2024-12-07,Manchester United,Nottingham Forest,A,1525.9146677845526,1429.7241755367222,96.19049224783043,0.2299749452127174,0.2048841342514157,0.5651409205358668,H,0.0
2024-25,2024-12-07,Crystal Palace,Manchester City,D,1459.8201845670824,1741.9600522633957,-282.13986769631333,0.6566246664202143,0.16057898178549712,0.18279635179428858,A,0.0
2024-25,2024-12-07,Aston Villa,Southampton,H,1524.0476235471765,1289.0317141205826,235.0159094265939,0.13750243067833298,0.11113397408871227,0.7513635952329547,H,0.0
2024-25,2024-12-07,Brentford,Newcastle United,H,1460.517791649371,1542.5239683123073,-82.00617666293624,0.39405623544118784,0.25877330654009423,0.347170458018718,A,0.0
2024-25,2024-12-08,Fulham,Arsenal,D,1468.236207987389,1705.5335927698736,-237.29738478248464,0.5944870806653785,0.1912737089242714,0.2142392104103501,A,0.0
2024-25,2024-12-08,Ipswich,Bournemouth,A,1388.28172801016,1457.4289550943975,-69.14722708423756,0.37984802455642347,0.2597876389360966,0.3603643365074799,A,0.0
2024-25,2024-12-08,Leicester City,Brighton and Hove Albion,D,1406.2149499051563,1485.2372124071849,-79.02226250202852,0.3907211038329878,0.25908287056023216,0.35019602560678004,A,0.0
2024-25,2024-12-08,Tottenham,Chelsea,A,1566.2200588820895,1590.6861145763492,-24.466055694259694,0.33372044821288727,0.25681370923299085,0.4094658425541219,H,0.0
2024-25,2024-12-09,West Ham,Wolverhampton Wanderers,H,1432.8129247482493,1381.5277282932666,51.285196454982724,0.2656018793538867,0.23038233942478742,0.5040157812213258,H,0.0
2024-25,2024-12-14,Nottingham Forest,Aston Villa,H,1439.164709487347,1525.985162323524,-86.82045283617708,0.3994858532245572,0.2581799593548255,0.3423341874206172,A,0.0
2024-25,2024-12-14,Wolverhampton Wanderers,Ipswich,A,1376.8524901162218,1381.7383662146747,-4.885876098452854,0.3149957825354382,0.2524006975079896,0.43260351995657226,H,0.0
2024-25,2024-12-14,Arsenal,Everton,D,1700.8317811130614,1421.6889500246625,279.1428310883989,0.11187612291515567,0.1,0.7881238770848443,H,0.0
2024-25,2024-12-14,Newcastle United,Leicester City,H,1531.2626958406743,1406.7619082169024,124.50078762377188,0.20900777141620022,0.1864670366707709,0.6045251919130289,H,0.0
2024-25,2024-12-14,Liverpool,Fulham,D,1717.3447437429359,1472.9380196442012,244.40672409873468,0.13221411849314826,0.105189668910215,0.7625962125966368,H,0.0
2024-25,2024-12-15,Chelsea,Brentford,H,1598.2400339252677,1471.779064121004,126.46096980426364,0.20759624605529056,0.18514760587051504,0.6072561480741944,H,0.0
2024-25,2024-12-15,Manchester City,Manchester United,A,1736.3153483026374,1516.474133833928,219.8412144687095,0.14631943338952436,0.12101623899602752,0.7326643276144481,H,0.0
2024-25,2024-12-15,Southampton,Tottenham,A,1287.094175344235,1558.666139533171,-271.5719641889359,0.6421043077401403,0.16792978197379757,0.18996591028606222,A,0.0
2024-25,2024-12-15,Brighton and Hove Albion,Crystal Palace,A,1484.6902540954388,1465.4648885278407,19.225365567598146,0.2930584316342898,0.2445417711249704,0.46239979724073976,H,0.0
2024-25,2024-12-16,Bournemouth,West Ham,D,1463.9723168898827,1437.488162925294,26.484153964588586,0.2866788845163337,0.24168604569182275,0.47163506979184355,H,0.0
2024-25,2024-12-21,Aston Villa,Manchester City,H,1518.803104251462,1725.8098788706068,-207.00677461914484,0.5524521477768354,0.21053181658555956,0.23701603563760507,A,0.0
2024-25,2024-12-21,Brentford,Nottingham Forest,A,1468.439245231782,1446.346767559409,22.09247767237298,0.29052668386376174,0.24343972506823505,0.4660335910680032,H,0.0
2024-25,2024-12-21,Crystal Palace,Arsenal,A,1478.797121687688,1693.3179171778427,-214.52079549015457,0.5628290609243749,0.20592478167690856,0.23124615739871654,A,0.0
2024-25,2024-12-21,Ipswich,Newcastle United,A,1389.7424787002785,1539.0895003426833,-149.3470216424048,0.4753092059604348,0.24050087268338313,0.28418992135618204,A,0.0
2024-25,2024-12-21,West Ham,Brighton and Hove Albion,D,1439.9272079174734,1471.3580209355914,-31.430813018117988,0.3405911533064071,0.25793585837881533,0.4014729883147775,H,0.0
2024-25,2024-12-22,Manchester United,Bournemouth,A,1526.9796032659585,1461.5332718977033,65.44633136825519,0.25403289512829896,0.2229621706595282,0.5230049342121729,H,0.0
2024-25,2024-12-22,Leicester City,Wolverhampton Wanderers,A,1398.9351037148933,1368.848377630618,30.08672608427537,0.28354927920509104,0.24018934429740238,0.4762613764975066,H,0.0
2024-25,2024-12-22,Fulham,Southampton,D,1479.9828879498202,1279.8117704786848,200.1711174711354,0.158237747920283,0.1342436106265829,0.707518641453134,H,0.0
2024-25,2024-12-22,Everton,Chelsea,D,1429.2028139598813,1601.5798528144896,-172.37703885460837,0.5054681135424567,0.22983357734548973,0.26469830911205355,A,0.0
2024-25,2024-12-22,Tottenham,Liverpool,A,1565.9485443987212,1710.2998754373168,-144.35133103859562,0.468909402874219,0.24254754987750432,0.28854304724827673,A,0.0
2024-25,2024-12-26,Bournemouth,Crystal Palace,D,1479.6557664837524,1470.2561194442192,9.399647039533193,0.3018560928344169,0.24805421814326398,0.4500896890223191,H,0.0
2024-25,2024-12-26,Chelsea,Fulham,A,1598.4536479145079,1473.6383677097745,124.81528020473343,0.20878095941265412,0.18625565640280256,0.6049633841845433,H,0.0
2024-25,2024-12-26,Liverpool,Leicester City,H,1720.2114048853737,1381.7905429392658,338.42086194610783,0.08249683512872406,0.1,0.817503164871276,H,0.0
2024-25,2024-12-26,Manchester City,Everton,D,1716.9432024600449,1432.329018859863,284.61418360018183,0.1088268549646315,0.1,0.7911731450353685,H,0.0
2024-25,2024-12-26,Newcastle United,Aston Villa,H,1550.3682543727948,1527.6697806620239,22.69847371077094,0.28999357541437015,0.24320243318180448,0.4668039914038254,H,0.0
2024-25,2024-12-26,Nottingham Forest,Tottenham,H,1459.7468875485379,1556.0370149506643,-96.29012740212647,0.4103411980100816,0.25667753339219695,0.3329812685977214,A,0.0
2024-25,2024-12-26,Southampton,West Ham,A,1286.1562907187306,1439.1067689339193,-152.9504782151887,0.47995856431856415,0.2389629856357487,0.2810784500456872,A,0.0
2024-25,2024-12-26,Wolverhampton Wanderers,Manchester United,H,1385.9929384062455,1508.8571086799095,-122.86417027366406,0.4420281629197151,0.25015702469008344,0.3078148123902014,A,0.0
2024-25,2024-12-27,Arsenal,Ipswich,H,1701.8589194213114,1378.463724670167,323.39519475114434,0.08921126898204335,0.1,0.8107887310179567,H,0.0
2024-25,2024-12-27,Brighton and Hove Albion,Brentford,D,1472.1784599191456,1455.0391252426532,17.139334676492354,0.2949103867952142,0.2453219683943935,0.45976764481039234,H,0.0
2024-25,2024-12-29,Leicester City,Manchester City,A,1380.0450090738257,1709.3615770148144,-329.31656794098876,0.7193283437586341,0.12804311503860857,0.1526285412027574,A,0.0
2024-25,2024-12-29,Fulham,Bournemouth,D,1483.3912008233501,1477.6844329147034,5.706767908646725,0.30521235151350284,0.24926578163086976,0.4455218668556274,H,0.0
2024-25,2024-12-29,Everton,Nottingham Forest,A,1439.9106443050935,1467.0788332765303,-27.168188971436848,0.3363726396681172,0.25727742880863014,0.40634993152325266,H,0.0
2024-25,2024-12-29,Tottenham,Wolverhampton Wanderers,D,1548.705069222672,1398.2603497231432,150.44471949952867,0.19073941694579002,0.1687117423909865,0.6405488406632235,H,0.0
2024-25,2024-12-29,West Ham,Liverpool,A,1443.894030099998,1721.9569387508138,-278.06290865081587,0.6510371776239962,0.16341813745922643,0.1855446849167775,A,0.0
2024-25,2024-12-29,Crystal Palace,Southampton,H,1472.2274530132681,1281.369029552652,190.85842346061622,0.164069106990171,0.1406298626931531,0.6953010303166759,H,0.0
2024-25,2024-12-30,Manchester United,Newcastle United,A,1496.5896973630117,1560.8839070030244,-64.2942096400127,0.3745965644876075,0.2599531833026955,0.36545025220969696,A,0.0
2024-25,2024-12-30,Aston Villa,Brighton and Hove Albion,D,1517.1541280317942,1469.9939885139763,47.160139517817925,0.2690335713514801,0.232418603994189,0.4985478246543309,H,0.0
2024-25,2024-12-30,Ipswich,Chelsea,H,1377.2656881047672,1588.7008148009322,-211.43512669616507,0.5585620987854282,0.2078320876153707,0.23360581359920113,A,0.0
2024-25,2025-01-01,Brentford,Arsenal,A,1457.2235966478224,1703.0569559867113,-245.83335933888884,0.6063818143344386,0.1855705571289736,0.2080476285365878,A,0.0
2024-25,2025-01-04,Southampton,Brentford,A,1278.9336265680322,1452.1748966030484,-173.2412700350162,0.5066191484262574,0.22939635296338617,0.2639844986103563,A,0.0
2024-25,2025-01-04,Crystal Palace,Chelsea,D,1474.6628559978878,1574.566467359568,-99.90361136168008,0.4145445088753133,0.2559883265201078,0.32946716460457903,A,0.0
2024-25,2025-01-04,Manchester City,West Ham,H,1712.7068740247507,1436.8380047723197,275.86886925243107,0.11373560371297121,0.1,0.7862643962870288,H,0.0
2024-25,2025-01-04,Aston Villa,Leicester City,H,1514.1640314179738,1376.6997120638894,137.4643193540844,0.19976782220688308,0.1776648381721232,0.6225673396209938,H,0.0
2024-25,2025-01-04,Tottenham,Newcastle United,A,1543.2940770716316,1571.4261578107944,-28.132080739162802,0.33732282809723607,0.2574341633527505,0.40524300855001344,H,0.0
2024-25,2025-01-04,Brighton and Hove Albion,Arsenal,D,1472.9840851277968,1708.1056560314853,-235.1215709036885,0.5914554692783408,0.1927113927780309,0.21583313794362835,A,0.0
2024-25,2025-01-04,Bournemouth,Everton,H,1479.5533968157617,1428.0360800232506,51.51731679251111,0.2654096194568171,0.23026601448379774,0.5043243660593851,H,0.0
2024-25,2025-01-05,Fulham,Ipswich,D,1481.5222369222918,1391.4000355461314,90.12220137616032,0.23461394439106117,0.20863721094024046,0.5567488446686983,H,0.0
2024-25,2025-01-05,Liverpool,Manchester United,D,1729.0129640784921,1486.0474465552418,242.96551752325036,0.13301728526944634,0.10609271907141064,0.7608899956591431,H,0.0
2024-25,2025-01-06,Wolverhampton Wanderers,Nottingham Forest,A,1403.6713418741836,1478.9533975583731,-75.28205568418957,0.3865732385624092,0.259407699910072,0.3540190615275187,A,0.0
2024-25,2025-01-14,Brentford,Manchester City,D,1463.5547812087048,1715.8202704453115,-252.26548923660675,0.6153382882288108,0.18121521499597398,0.20344649677521515,A,0.0
2024-25,2025-01-14,Chelsea,Bournemouth,D,1573.4229726093738,1484.2240631521236,89.19890945725024,0.2353243744625549,0.2092010489780559,0.5554745765593891,H,0.0
2024-25,2025-01-14,Nottingham Forest,Liverpool,D,1491.768448755395,1721.989050930168,-230.22060217477315,0.5846299636868301,0.1959230784105093,0.21944695790266064,A,0.0
2024-25,2025-01-14,West Ham,Fulham,H,1433.724608351759,1477.4516020032506,-43.72699365149174,0.3530028316859141,0.25932849763259924,0.38766867068148664,H,0.0
2024-25,2025-01-15,Newcastle United,Wolverhampton Wanderers,H,1578.8961091389044,1390.8562906771617,188.0398184617427,0.16585759589847382,0.1425743680826759,0.6915680360188503,H,0.0
2024-25,2025-01-15,Leicester City,Crystal Palace,A,1373.530072917238,1475.806350748082,-102.27627783084404,0.41732272520087327,0.25550134886700204,0.32717592593212474,A,0.0
2024-25,2025-01-15,Everton,Aston Villa,A,1423.3654136868888,1517.3336705646252,-93.9682568777364,0.4076581015540414,0.25708676581493173,0.33525513263102685,A,0.0
2024-25,2025-01-15,Arsenal,Tottenham,H,1703.4527682293485,1535.8241257435216,167.62864248582696,0.17913130179113268,0.15675400598406197,0.6641146922248053,H,0.0
2024-25,2025-01-16,Ipswich,Brighton and Hove Albion,A,1395.4706704651726,1477.6369729299336,-82.16630246476097,0.39423586131185706,0.25875543271058343,0.34700870597755956,A,0.0
2024-25,2025-01-16,Manchester United,Southampton,H,1493.0713597035658,1267.5537419623759,225.51761774118995,0.14298230276964943,0.11728241776817809,0.7397352794621725,H,0.0
2024-25,2025-01-18,Arsenal,Aston Villa,D,1706.1891818763547,1523.3333503809954,182.85583149535933,0.16917535127103983,0.14616195308853147,0.6846626956404287,H,0.0
2024-25,2025-01-18,Brentford,Liverpool,A,1468.5853069219002,1717.4474082591873,-248.86210133728719,0.6106004994007218,0.18352531138264638,0.20587418921663178,A,0.0
2024-25,2025-01-18,Leicester City,Fulham,A,1364.3031452651296,1470.9733076282964,-106.67016236316681,0.42250568380374787,0.2545280595641788,0.32296625663207335,A,0.0
2024-25,2025-01-18,Newcastle United,Bournemouth,A,1583.8370024132018,1488.2725030455138,95.56449936768809,0.23045107910527685,0.20527497972981185,0.5642739411649113,H,0.0
2024-25,2025-01-18,West Ham,Crystal Palace,A,1440.202902726713,1485.0332784001903,-44.83037567347719,0.35413451333679835,0.25941637330015666,0.386449113363045,H,0.0
2024-25,2025-01-19,Manchester United,Brighton and Hove Albion,A,1496.2995059808707,1487.5527941516784,8.746711829192236,0.3024475005350452,0.24827281679714863,0.44927968266780616,H,0.0
2024-25,2025-01-19,Nottingham Forest,Southampton,H,1496.3100914263757,1264.325595685071,231.98449574130473,0.13923711068789368,0.11308206582854251,0.7476808234835638,H,0.0
2024-25,2025-01-19,Everton,Tottenham,H,1417.3657338705186,1533.0877120965154,-115.72197822599674,0.4333373419624878,0.2522346897100479,0.3144279683274643,A,0.0
2024-25,2025-01-19,Ipswich,Manchester City,A,1385.5548492434277,1710.789744732116,-325.2348954886884,0.7140818726567404,0.13080063698111072,0.15511749036214884,A,0.0
2024-25,2025-01-20,Chelsea,Wolverhampton Wanderers,H,1569.3745327159836,1385.9153974028643,183.4591353131193,0.16878735297795486,0.1457437703809743,0.6854688766410708,H,0.0
2024-25,2025-01-25,Liverpool,Ipswich,H,1722.4246871363246,1379.504017899931,342.9206692363937,0.08057622004106496,0.1,0.819423779958935,H,0.0
2024-25,2025-01-25,Bournemouth,Nottingham Forest,H,1507.1390205030898,1498.2788338576097,8.860186645480098,0.3023446570037113,0.24823496070349216,0.4494203822927965,H,0.0
2024-25,2025-01-25,Brighton and Hove Albion,Everton,A,1500.6327939529879,1424.9979827052896,75.63481124769828,0.2459044711193343,0.2172449157842456,0.5368506130964201,H,0.0
2024-25,2025-01-25,Southampton,Newcastle United,A,1262.356853253837,1564.9704849556258,-302.6136317017888,0.684338865661705,0.14632987966330888,0.16933125467498608,A,0.0
2024-25,2025-01-25,Wolverhampton Wanderers,Arsenal,A,1381.9081960382114,1700.1518853863,-318.24368934808854,0.7050052431267835,0.13555995607779892,0.1594348007954176,A,0.0
2024-25,2025-01-25,Manchester City,Chelsea,H,1716.840576075613,1573.3817340806365,143.4588419949764,0.19557063410756986,0.1735435710029474,0.6308857948894827,H,0.0
2024-25,2025-01-26,Tottenham,Leicester City,A,1525.4554632617444,1355.224156478314,170.23130678343045,0.17740749417005167,0.15494039159306575,0.6676521142368826,H,0.0
2024-25,2025-01-26,Fulham,Manchester United,A,1480.052296415112,1483.2195061795612,-3.167209764449126,0.3133923643132786,0.25192690699923004,0.43468072868749136,H,0.0
2024-25,2025-01-26,Aston Villa,West Ham,D,1529.3706468710502,1428.9663832788663,100.40426359218395,0.22678425807271832,0.20223223420279984,0.5709835077244819,H,0.0
2024-25,2025-01-26,Crystal Palace,Brentford,A,1496.2697978480371,1463.608028044763,32.66176980327418,0.28132687194290346,0.23908807212103134,0.4795850559360652,H,0.0
2024-25,2025-02-01,Bournemouth,Liverpool,A,1521.4933969198203,1724.5722194236944,-203.0788225038741,0.5470477884227883,0.2128875636026524,0.24006464797455931,A,0.0
2024-25,2025-02-01,Everton,Leicester City,H,1434.1898368642853,1365.3901608453757,68.79967601890962,0.251339974858828,0.22111351142833488,0.5275465137128371,H,0.0
2024-25,2025-02-01,Ipswich,Southampton,A,1377.356485612561,1258.5255161207813,118.8309694917798,0.21311960152192094,0.19025626144653635,0.5966241370315427,H,0.0
2024-25,2025-02-01,Newcastle United,Fulham,A,1568.8018220886815,1472.0085748211504,96.79324726753111,0.22951700828107865,0.20450702169564303,0.5659759700232783,H,0.0
2024-25,2025-02-01,Nottingham Forest,Brighton and Hove Albion,H,1483.9244574408792,1491.4409397939921,-7.516482353112906,0.31746225459756716,0.2530993312488137,0.42943841415361916,H,0.0
2024-25,2025-02-01,Wolverhampton Wanderers,Aston Villa,H,1379.6744765667934,1525.0561174502254,-145.38164088343206,0.47022485821846605,0.2421336834372465,0.28764145834428745,A,0.0
2024-25,2025-02-02,Brentford,Tottenham,A,1472.217696967675,1515.2894588946826,-43.07176192700763,0.35233220740457255,0.259273410085537,0.3883943825098905,H,0.0
2024-25,2025-02-02,Manchester United,Crystal Palace,A,1491.2632277735229,1487.660128925125,3.603098848397849,0.3071367054487477,0.2499288354329036,0.4429344591183487,H,0.0
2024-25,2025-02-02,Arsenal,Manchester City,H,1702.385604857718,1721.7217409810141,-19.336136123296228,0.3287316148660413,0.25583525022517717,0.41543313490878153,H,0.0
2024-25,2025-02-03,Chelsea,West Ham,H,1568.5005691752353,1433.280912699691,135.2196564755443,0.20135173414251117,0.1792007502023845,0.6194475156551044,H,0.0
2024-25,2025-02-12,Everton,Liverpool,D,1444.2618932790908,1730.7073039264055,-286.4454106473147,0.6625033875398696,0.15757862824905344,0.179917984211077,A,0.0
2024-25,2025-02-14,Brighton and Hove Albion,Chelsea,H,1473.8242346570562,1571.7043944516204,-97.88015979456418,0.412186626854133,0.256382090347289,0.331431282798578,A,0.0
2024-25,2025-02-15,Aston Villa,Ipswich,D,1512.2682953254773,1367.6656268014851,144.60266852399218,0.19477517155131574,0.17275433849817873,0.6324704899505056,H,0.0
2024-25,2025-02-15,Crystal Palace,Everton,A,1500.6140352817715,1449.9904445660288,50.623590715742694,0.26615036309600393,0.23071288729515646,0.5031367496088396,H,0.0
2024-25,2025-02-15,Fulham,Nottingham Forest,H,1481.4560960580184,1501.5411625778152,-20.085066519796783,0.32945620074189974,0.25598606734553664,0.4145577319125636,H,0.0
2024-25,2025-02-15,Leicester City,Arsenal,A,1355.3181044305702,1716.4809657038606,-361.16286127329045,0.7587467548409335,0.10722704853268382,0.13402619662638274,A,0.0
2024-25,2025-02-15,Manchester City,Newcastle United,H,1707.6263801348714,1559.3543008518136,148.2720792830578,0.1922350185110663,0.17021725402596638,0.6375477274629674,H,0.0
2024-25,2025-02-15,Southampton,Bournemouth,A,1268.2163749318572,1515.3583124171091,-247.1419374852519,0.6082047360770648,0.18468817993977782,0.20710708398315728,A,0.0
2024-25,2025-02-15,West Ham,Brentford,A,1430.077087423306,1460.9179435593871,-30.84085613608113,0.3400047528592007,0.2578500857306667,0.4021451614101326,H,0.0
2024-25,2025-02-16,Liverpool,Wolverhampton Wanderers,H,1724.9787526394675,1392.4622986915415,332.51645394792604,0.08507935439607321,0.1,0.8149206456039269,H,0.0
2024-25,2025-02-16,Tottenham,Manchester United,H,1526.5892123029705,1478.3093214168764,48.27989088609411,0.2680992121741902,0.23187170456666145,0.5000290832591484,H,0.0
2024-25,2025-02-19,Aston Villa,Liverpool,D,1506.9772996905824,1726.1171858016419,-219.13988611105947,0.5692292343659504,0.20303172799059999,0.22773903764344958,A,0.0
2024-25,2025-02-21,Leicester City,Brentford,A,1352.484699776096,1468.3259398107919,-115.84124003469583,0.43348142688115343,0.2522019180026313,0.31431665511621515,A,0.0
2024-25,2025-02-22,Aston Villa,Chelsea,H,1511.2621653334957,1556.9905956189964,-45.728430285500735,0.3550578102240572,0.2594833635600891,0.38545882621585376,H,0.0
2024-25,2025-02-22,Arsenal,West Ham,A,1719.3143703583348,1422.6690911719013,296.6452791864335,0.10237325452155374,0.1,0.7976267454784463,H,0.0
2024-25,2025-02-22,Southampton,Brighton and Hove Albion,A,1263.1986230247608,1488.5380334896802,-225.3394104649194,0.5778390257816456,0.1990821516979953,0.22307882252035915,A,0.0
2024-25,2025-02-22,Bournemouth,Wolverhampton Wanderers,A,1520.3760643242056,1391.3238655293671,129.05219879483843,0.20573818268847668,0.1833966010796845,0.6108652162318389,H,0.0
2024-25,2025-02-22,Ipswich,Tottenham,A,1372.95662243638,1531.3238803529398,-158.36725791655977,0.4869980161698323,0.23655678781939946,0.2764451960107683,A,0.0
2024-25,2025-02-22,Fulham,Crystal Palace,A,1487.539198630008,1491.7511964172197,-4.211997787211658,0.31436634097460686,0.25221655524576103,0.4334171037796321,H,0.0
2024-25,2025-02-22,Everton,Manchester United,D,1458.8532834305806,1473.5746533669071,-14.721369936326482,0.32429478416527346,0.2548462934244825,0.42085892241024403,H,0.0
2024-25,2025-02-23,Manchester City,Liverpool,A,1714.6126698790163,1721.8323201587286,-7.2196502797123685,0.3171831962391391,0.2530221138920306,0.42979468986883035,H,0.0
2024-25,2025-02-23,Newcastle United,Nottingham Forest,H,1552.3680111076687,1495.4580600058255,56.90995110184326,0.2609679848228592,0.22751261490951502,0.5115194002676258,H,0.0
2024-25,2025-02-25,Wolverhampton Wanderers,Fulham,A,1401.1195125796944,1474.8283669780858,-73.7088543983914,0.38483938066807394,0.2595232647622252,0.35563735456970086,A,0.0
2024-25,2025-02-25,Crystal Palace,Aston Villa,H,1504.462028069142,1517.773726896633,-13.311698827491,0.3229489674822845,0.25452385041235975,0.4225271821053558,H,0.0
2024-25,2025-02-25,Brighton and Hove Albion,Bournemouth,H,1496.6705462173902,1510.5804172738783,-13.9098710564881,0.32351950481926084,0.25466183147525523,0.42181866370548393,H,0.0
2024-25,2025-02-25,Chelsea,Southampton,H,1550.479034055859,1255.0661102970507,295.41292375880835,0.10301864892392333,0.1,0.7969813510760767,H,0.0
2024-25,2025-02-26,Brentford,Everton,D,1481.1788409693809,1457.557387867117,23.621453102263786,0.28918294450468746,0.24283811675038366,0.46797893874492885,H,0.0
2024-25,2025-02-26,Liverpool,Newcastle United,H,1734.4333162159996,1556.9332104084299,177.50010580756975,0.17264139835277104,0.14988058170445617,0.6774780199427728,H,0.0
2024-25,2025-02-26,Manchester United,Ipswich,H,1474.8705489303707,1363.591164758967,111.27938417140376,0.2186634756443724,0.19523249465632994,0.5861040296992976,H,0.0
2024-25,2025-02-26,Nottingham Forest,Arsenal,D,1490.8928607050643,1708.4881093429485,-217.5952486378842,0.5670874286706162,0.2040040825372718,0.228908488792112,A,0.0
2024-25,2025-02-26,Tottenham,Manchester City,A,1540.689338030353,1702.0116738217453,-161.32233579139233,0.4908630766045007,0.2351975073637474,0.27393941603175204,A,0.0
2024-25,2025-02-27,West Ham,Leicester City,H,1433.4953521872876,1339.631798617507,93.8635535697806,0.2317476259429822,0.20633277787745563,0.5619195961795622,H,0.0
2024-25,2025-03-08,Liverpool,Southampton,H,1738.5622849358767,1251.8177976393913,486.74448729648543,0.03707751073931364,0.1,0.8629224892606864,H,0.0
2024-25,2025-03-08,Nottingham Forest,Manchester City,H,1495.1413616390448,1706.6379131182598,-211.496551479215,0.5586469660602669,0.20779432504850656,0.23355870889122657,A,0.0
2024-25,2025-03-08,Wolverhampton Wanderers,Everton,D,1394.6772379075262,1459.918785055693,-65.24154714816677,0.375616939432589,0.25993025161990496,0.3644528089475061,A,0.0
2024-25,2025-03-08,Brighton and Hove Albion,Fulham,H,1502.6500522474398,1481.270641650254,21.379410597185824,0.29115487799812934,0.24371700099601837,0.4651281210058523,H,0.0
2024-25,2025-03-08,Crystal Palace,Ipswich,H,1516.4009661718908,1360.005815180336,156.39515099155483,0.18667531575314777,0.16457856630799542,0.6487461179388568,H,0.0
2024-25,2025-03-08,Brentford,Aston Villa,A,1478.817443780805,1505.8347887938842,-27.017345013079193,0.33622413643526994,0.257252486884132,0.4065233766805981,H,0.0
2024-25,2025-03-09,Chelsea,Leicester City,H,1553.7273467135185,1333.4785225926025,220.24882412091597,0.14607826060709336,0.12074673701057345,0.7331750023823331,H,0.0
2024-25,2025-03-09,Manchester United,Arsenal,D,1478.4558985090016,1704.239608408968,-225.78370989996642,0.5784567784985185,0.1987963362495732,0.22274688525190822,A,0.0
2024-25,2025-03-09,Tottenham,Bournemouth,D,1536.0630987338384,1504.6009112438287,31.462187490009683,0.2823606792805155,0.23960433008944634,0.4780349906300381,H,0.0
2024-25,2025-03-10,West Ham,Newcastle United,A,1439.648628212192,1552.8042416885528,-113.15561347636071,0.4302454206034822,0.2529239042189535,0.3168306751775643,A,0.0
2024-25,2025-03-15,Southampton,Wolverhampton Wanderers,A,1251.0765918164013,1394.8280903171744,-143.7514985007731,0.4681446373615987,0.24278650471237154,0.2890688579260298,A,0.0
2024-25,2025-03-15,Bournemouth,Brentford,A,1507.174233516594,1471.3219740286165,35.85225948797756,0.27858990454896043,0.23768789114606578,0.48372220430497376,H,0.0
2024-25,2025-03-15,Ipswich,Nottingham Forest,A,1357.1137285462155,1504.0598446160243,-146.9461160698088,0.4722267457298338,0.24149702341688692,0.2862762308532792,A,0.0
2024-25,2025-03-15,Everton,West Ham,D,1459.7679326460448,1434.0570337032934,25.710898942751328,0.28735375474958863,0.2420005143922746,0.4706457308581368,H,0.0
2024-25,2025-03-15,Manchester City,Brighton and Hove Albion,D,1697.7194301412803,1507.9356624037453,189.78376773753507,0.16474972304925714,0.14137068799648844,0.6938795889542544,H,0.0
2024-25,2025-03-16,Leicester City,Manchester United,A,1331.3849418253021,1482.895592301483,-151.5106504761809,0.47809755474497406,0.23958358225869053,0.28231886299633546,A,0.0
2024-25,2025-03-16,Arsenal,Chelsea,H,1699.7999146164866,1555.820927480819,143.9789871356677,0.19520868951737755,0.17318477703101393,0.6316065334516084,H,0.0
2024-25,2025-03-16,Fulham,Tottenham,H,1475.9850314939486,1533.489776461073,-57.50474496712445,0.3673505822777184,0.25998419152166097,0.37266522620062065,H,0.0
2024-25,2025-04-01,Arsenal,Fulham,H,1702.8718714254446,1486.6144178350528,216.25745359039183,0.14845007722310247,0.12339454417408811,0.7281553786028094,H,0.0
2024-25,2025-04-01,Nottingham Forest,Manchester United,H,1511.8334414271642,1492.5261091300981,19.30733229706607,0.2929858339261787,0.244510741109046,0.46250342496477526,H,0.0
2024-25,2025-04-01,Wolverhampton Wanderers,West Ham,H,1399.7957236886512,1436.4751352929218,-36.679411604270626,0.34584452488463835,0.25862279169475416,0.39553268342060754,H,0.0
2024-25,2025-04-02,Brighton and Hove Albion,Aston Villa,A,1514.0981571905857,1513.3302585460726,0.7678986445130249,0.30974470638512397,0.2507909544474072,0.43946433916746885,H,0.0
2024-25,2025-04-02,Liverpool,Everton,H,1739.3034907588667,1457.3498310564164,281.9536597024503,0.11030055184607641,0.1,0.7896994481539236,H,0.0
2024-25,2025-04-02,Bournemouth,Ipswich,A,1498.5186123633305,1349.3401317350756,149.17848062825487,0.19161030948600888,0.16958944568681777,0.6388002448271733,H,0.0
2024-25,2025-04-02,Newcastle United,Brentford,H,1558.3958361974514,1479.9775951818801,78.41824101557131,0.24371123508110856,0.21563260786620256,0.5406561570526889,H,0.0
2024-25,2025-04-02,Southampton,Crystal Palace,D,1246.1089584449246,1519.2930528060112,-273.18409436108664,0.6443268322975577,0.1668105601411642,0.18886260756127812,A,0.0
2024-25,2025-04-02,Manchester City,Leicester City,H,1691.55693535444,1321.754424996687,369.8025103577529,0.0699218196882653,0.1,0.8300781803117347,H,0.0
2024-25,2025-04-03,Chelsea,Tottenham,H,1552.748970671861,1522.8603901199688,29.88858055189212,0.2837207905345134,0.24027300598322224,0.4760062034822644,H,0.0
2024-25,2025-04-05,West Ham,Bournemouth,D,1430.1142718597962,1488.5316287509306,-58.41735689113443,0.3683177481800489,0.259993640337599,0.3716886114823521,H,0.0
2024-25,2025-04-05,Ipswich,Wolverhampton Wanderers,A,1359.3271153474755,1406.1565871217767,-46.82947177430128,0.356192511583952,0.25955993990462317,0.3842475485114249,H,0.0
2024-25,2025-04-05,Aston Villa,Nottingham Forest,H,1529.5877868179684,1517.1628500193005,12.424936798667886,0.29912703766644183,0.24701703460225566,0.4538559277313025,H,0.0
2024-25,2025-04-05,Crystal Palace,Brighton and Hove Albion,H,1513.8265381942388,1497.8406289186898,15.98590927554892,0.2959380085289921,0.24574546250612675,0.4583165289648812,H,0.0
2024-25,2025-04-05,Everton,Arsenal,D,1455.8438495289624,1705.0093963590732,-249.16554683011077,0.611023052705056,0.18331983730576462,0.2056571099891794,A,0.0
2024-25,2025-04-06,Brentford,Chelsea,D,1475.8184822927235,1557.856708265945,-82.03822597322142,0.39409218238328525,0.2587697393525983,0.34713807826411647,A,0.0
2024-25,2025-04-06,Fulham,Liverpool,H,1484.4768929014242,1740.8094722863207,-256.33257938489646,0.6209946445088717,0.1784397742969505,0.2005655811941779,A,0.0
2024-25,2025-04-06,Manchester United,Manchester City,D,1487.1967005379618,1693.018330272282,-205.82162973432014,0.5508199586282426,0.21124654092286776,0.2379335004488896,A,0.0
2024-25,2025-04-06,Tottenham,Southampton,H,1517.7526525258847,1251.575473056697,266.17717946918765,0.11939553416515772,0.1,0.7806044658348423,H,0.0
2024-25,2025-04-07,Leicester City,Newcastle United,A,1320.293030078845,1562.554949086608,-242.26191900776303,0.6014054224733391,0.1879683050308253,0.21062627249583557,A,0.0
2024-25,2025-04-12,Manchester City,Crystal Palace,H,1689.0514829059903,1519.226540663951,169.82494224203924,0.17767604109532933,0.15522352292736466,0.6671004359773061,H,0.0
2024-25,2025-04-12,Southampton,Aston Villa,A,1248.97520316257,1535.0639970375487,-286.0887938749786,0.6620173823966095,0.15782716625018006,0.18015545135321054,A,0.0
2024-25,2025-04-12,Nottingham Forest,Everton,A,1511.6866397997203,1460.8074321067315,50.87920769298876,0.26593836549702143,0.23058535483176934,0.5034762796712092,H,0.0
2024-25,2025-04-12,Brighton and Hove Albion,Leicester City,D,1492.4406264489776,1313.8148135981664,178.62581285081114,0.17190965274390155,0.14909813181776796,0.6789922154383304,H,0.0
2024-25,2025-04-12,Arsenal,Brentford,D,1700.045813781304,1476.451944073927,223.59386970737705,0.14410807698940448,0.11854309012473503,0.7373488328858604,H,0.0
2024-25,2025-04-13,Chelsea,Ipswich,D,1557.2232464847414,1352.2829551573138,204.94029132742753,0.15529804102278766,0.13100030082896283,0.7137016581482495,H,0.0
2024-25,2025-04-13,Liverpool,West Ham,H,1731.4243611824982,1430.068720044487,301.35564113801115,0.09993879508868303,0.1,0.8000612049113169,H,0.0
2024-25,2025-04-13,Newcastle United,Manchester United,H,1569.0331655672867,1491.1635479042534,77.8696176630333,0.244142612952961,0.2159520351742516,0.5399053518727873,H,0.0
2024-25,2025-04-13,Wolverhampton Wanderers,Tottenham,H,1413.2007473119384,1520.3529224200117,-107.15217510807338,0.4230772544997673,0.2544156755387998,0.3225070699614329,A,0.0
2024-25,2025-04-14,Bournemouth,Fulham,H,1488.5771805662398,1493.8620040052467,-5.284823439006914,0.3153688806520391,0.25250872077424,0.43212239857372087,H,0.0
2024-25,2025-04-16,Newcastle United,Crystal Palace,H,1577.371517623893,1513.8130309099188,63.55848671397416,0.25555665790835114,0.22398806458952228,0.5204552775021266,H,0.0
2024-25,2025-04-19,West Ham,Southampton,D,1428.7147960238833,1243.726673244541,184.98812277934235,0.16780624579158912,0.1446846900642279,0.687509064144183,H,0.0
2024-25,2025-04-19,Aston Villa,Newcastle United,H,1540.3125269555778,1588.841413182178,-48.52888622660021,0.3579497606077097,0.2596661083515705,0.3823841310407197,H,0.0
2024-25,2025-04-19,Everton,Manchester City,A,1469.6737748166022,1694.4649926600225,-224.79121784342033,0.5770769381906191,0.1994343077871146,0.22348875402226634,A,0.0
2024-25,2025-04-19,Crystal Palace,Bournemouth,D,1502.3431353516337,1494.4119829975068,7.93115235412688,0.303187416768024,0.24854322473503954,0.44826935849693644,H,0.0
2024-25,2025-04-19,Brentford,Brighton and Hove Albion,H,1483.1821738701901,1486.481272243096,-3.2990983729059735,0.313515185868149,0.25196374859202336,0.43452106553982756,H,0.0
2024-25,2025-04-20,Ipswich,Arsenal,A,1358.7087757606828,1693.315583985041,-334.60680822435825,0.7260672825858322,0.12449513022931952,0.14943758718484831,A,0.0
2024-25,2025-04-20,Leicester City,Liverpool,A,1319.774167804048,1732.7782852031019,-413.00411739905394,0.7957096061451926,0.1,0.10429039385480747,A,0.0
2024-25,2025-04-20,Manchester United,Wolverhampton Wanderers,A,1482.8251958476471,1425.0897054310813,57.73549041656588,0.26029221551779347,0.22708263843252785,0.5126251460496787,H,0.0
2024-25,2025-04-20,Fulham,Chelsea,A,1488.0272015739797,1550.7974258813724,-62.77022430739271,0.3729598955616265,0.25998051560213387,0.3670595888362396,A,0.0
2024-25,2025-04-21,Tottenham,Nottingham Forest,A,1508.4639643008688,1502.8202970898496,5.643667211019192,0.3052699414385758,0.24928595813683363,0.4454441004245906,H,0.0
2024-25,2025-04-22,Manchester City,Aston Villa,H,1700.0302016521082,1553.4286084661226,146.60159318598562,0.19338920170750146,0.17137318750112063,0.635237610791378,H,0.0
2024-25,2025-04-23,Arsenal,Crystal Palace,D,1698.0844770881858,1500.4124595429319,197.672017545254,0.15979083637721123,0.13595096130759063,0.7042582023151981,H,0.0
2024-25,2025-04-26,Wolverhampton Wanderers,Leicester City,H,1434.0489609098208,1318.4216598071503,115.62730110267057,0.21546208561208308,0.19237785387103326,0.5921600605168837,H,0.0
2024-25,2025-04-26,Southampton,Fulham,A,1249.8028279949058,1481.3417445495547,-231.53891655464895,0.5864654044978709,0.19506293636153535,0.2184716591405938,A,0.0
2024-25,2025-04-26,Chelsea,Everton,H,1557.4828829057974,1464.1085658245165,93.37431708128088,0.23212130594582484,0.20663587418298546,0.5612428198711897,H,0.0
2024-25,2025-04-26,Brighton and Hove Albion,West Ham,H,1477.2861055028677,1422.6386412735185,54.647464229349225,0.2628256794730511,0.22867959036580077,0.5084947301611482,H,0.0
2024-25,2025-04-26,Newcastle United,Ipswich,H,1575.7253316716333,1353.939882657538,221.78544901409532,0.1451712167316669,0.11973264820022725,0.7350961350681059,H,0.0
2024-25,2025-04-27,Bournemouth,Manchester United,D,1496.3426588062086,1473.8659403689076,22.476718437301088,0.2901885778067163,0.24328944222881435,0.46652197996446937,H,0.0
2024-25,2025-04-27,Liverpool,Tottenham,H,1734.1307931999995,1500.2592878710093,233.87150532899022,0.13815572385153396,0.11186779225741338,0.7499764838910526,H,0.0
2024-25,2025-05-01,Nottingham Forest,Brentford,A,1511.0249735197092,1492.3773406104185,18.647632909290678,0.29357049472837166,0.24475968320259264,0.4616698220690357,H,0.0
2024-25,2025-05-02,Manchester City,Wolverhampton Wanderers,H,1703.0634782538452,1441.0764812606776,261.9869969931676,0.12191558429537822,0.1,0.7780844157046218,H,0.0
2024-25,2025-05-03,Leicester City,Southampton,H,1311.3941394562935,1246.3985102035517,64.99562925274176,0.25439616879134214,0.22320807562620928,0.5223957555824487,H,0.0
2024-25,2025-05-03,Everton,Ipswich,D,1460.2177055105803,1349.7861514453452,110.4315540652351,0.21929073466935445,0.19578563376521566,0.5849236315654299,H,0.0
2024-25,2025-05-03,Arsenal,Bournemouth,A,1691.7831291142104,1494.0123965897394,197.770732524471,0.15972932459222075,0.13588342490472946,0.7043872505030497,H,0.0
2024-25,2025-05-03,Aston Villa,Fulham,H,1550.3953318643855,1484.7460623409088,65.64926952347673,0.2538694272072091,0.2228512465410942,0.5232793262516966,H,0.0
2024-25,2025-05-04,Brighton and Hove Albion,Newcastle United,D,1481.8953788560686,1579.879062883826,-97.98368402775736,0.4123070054595398,0.2563624274306081,0.3313305671098521,A,0.0
2024-25,2025-05-04,Brentford,Manchester United,H,1505.695834553434,1476.1962025853768,29.4996319680572,0.2840576667293456,0.24043677777072145,0.4755055554999329,H,0.0
2024-25,2025-05-04,West Ham,Tottenham,D,1418.0293679203176,1495.7332256444818,-77.70385772416421,0.38925486818380023,0.2592054069965252,0.35153972481967444,A,0.0
2024-25,2025-05-04,Chelsea,Liverpool,H,1561.3737432197336,1738.656855426527,-177.28311220679348,0.5120190830594027,0.227318530515826,0.2606623864247713,A,0.0
2024-25,2025-05-05,Crystal Palace,Nottingham Forest,D,1506.7138075169073,1497.7064795766937,9.0073279402136,0.3022113398261596,0.2481857888598634,0.44960287131397697,H,0.0
2024-25,2025-05-10,Southampton,Manchester City,D,1239.4091789278577,1704.7415444840217,-465.33236555616395,0.8204364699630211,0.1,0.07956353003697894,A,0.0
2024-25,2025-05-10,Ipswich,Brentford,A,1354.3326120937406,1510.8116317517527,-156.47901965801202,0.48453737561821725,0.23740824888228712,0.2780543754994957,A,0.0
2024-25,2025-05-10,Wolverhampton Wanderers,Brighton and Hove Albion,A,1439.3984150305012,1482.9843022958821,-43.58588726538096,0.35285832160456804,0.25931681706839205,0.3878248613270399,H,0.0
2024-25,2025-05-10,Bournemouth,Aston Villa,A,1504.3807462207692,1554.7926886640143,-50.41194244324515,0.3599052697305576,0.25976668657763646,0.38032804369180595,H,0.0
2024-25,2025-05-10,Fulham,Everton,A,1480.34870554128,1455.671244862185,24.67746067909502,0.288257447119484,0.242417013666755,0.4693255392137611,H,0.0
2024-25,2025-05-11,Liverpool,Arsenal,D,1725.1826900230362,1681.4147794831806,43.76791053985562,0.27187714678771124,0.2340483075800185,0.49407454563227027,H,0.0
2024-25,2025-05-11,Manchester United,West Ham,A,1471.0804053870581,1418.5384853426142,52.54192004444394,0.2645620306340353,0.22975035651249331,0.5056876128534714,H,0.0
2024-25,2025-05-11,Newcastle United,Chelsea,H,1578.7901394440125,1574.8479086232244,3.9422308207881542,0.30682586527228634,0.24982328549465263,0.44335084923306106,H,0.0
2024-25,2025-05-11,Nottingham Forest,Leicester City,D,1499.666957701526,1318.3834707319875,181.28348696953844,0.17018888650570213,0.1472525586413426,0.6825585548529552,H,0.0
2024-25,2025-05-11,Tottenham,Crystal Palace,A,1495.2241082221851,1504.753329392075,-9.52922116988998,0.31935951828547793,0.25361203021198203,0.4270284515025401,H,0.0
2024-25,2025-05-16,Aston Villa,Tottenham,H,1561.755840045887,1482.7074163762502,79.0484236696368,0.2432162807878024,0.2152647153130253,0.5415190038991723,H,0.0
2024-25,2025-05-16,Chelsea,Manchester United,H,1565.8772297477105,1456.991571244653,108.88565850305758,0.22043697921297675,0.19679112833120319,0.5827718924558201,H,0.0
2024-25,2025-05-18,Everton,Southampton,H,1469.132143354246,1247.6411004825916,221.49104287165437,0.14534473757361405,0.11992670677265233,0.7347285556537335,H,0.0
2024-25,2025-05-18,Leicester City,Ipswich,H,1324.3919281426706,1349.6135880468887,-25.221659904218086,0.3344603813803242,0.2569469866267499,0.40859263199292584,H,0.0
2024-25,2025-05-18,West Ham,Nottingham Forest,A,1432.6273194850194,1493.6585002908428,-61.031180805823396,0.37109950217825494,0.2599973001429034,0.3689031976788416,A,0.0
2024-25,2025-05-18,Arsenal,Newcastle United,H,1684.315711761854,1587.7608183195264,96.55489344232751,0.22969803397385263,0.2046562378717489,0.5656457281543985,H,0.0
2024-25,2025-05-18,Brentford,Fulham,A,1515.5306557986046,1466.887807049219,48.64284874938562,0.2677968007588493,0.23169349043542137,0.5005097088057294,H,0.0
2024-25,2025-05-19,Brighton and Hove Albion,Liverpool,H,1494.2655618454903,1722.281757744363,-228.01619589887264,0.5815620258783792,0.19735487135908894,0.22108310276253187,A,0.0
2024-25,2025-05-20,Crystal Palace,Wolverhampton Wanderers,H,1517.27002123801,1428.117155480893,89.15286575711707,0.23535983499843016,0.20922911571185074,0.5554110492897191,H,0.0
2024-25,2025-05-20,Manchester City,Bournemouth,H,1696.5096229292878,1497.4175948388965,199.0920280903913,0.1589072936888309,0.13498020323220375,0.7061125030789654,H,0.0
2024-25,2025-05-25,Southampton,Arsenal,A,1244.3442843083808,1688.1510503118,-443.80676600341917,0.810978958456867,0.1,0.08902104154313312,A,0.0
2024-25,2025-05-25,Wolverhampton Wanderers,Brentford,D,1421.8321738254936,1506.695063887457,-84.86289006196353,0.39727082928642377,0.25843517272888294,0.34429399798469335,A,0.0
2024-25,2025-05-25,Tottenham,Brighton and Hove Albion,A,1476.1336685736417,1503.3667695269164,-27.233100953274743,0.33643656070322214,0.25728812750662483,0.4062753117901531,H,0.0
2024-25,2025-05-25,Nottingham Forest,Chelsea,A,1500.3828563491022,1569.5024271959683,-69.11957084686605,0.37981792641550394,0.25978892060284225,0.3603931529816538,A,0.0
2024-25,2025-05-25,Liverpool,Crystal Palace,D,1713.1805500629368,1523.5550028934094,189.6255471695274,0.16485006336477329,0.14147981860198558,0.6936701180332412,H,0.0
2024-25,2025-05-25,Ipswich,West Ham,A,1339.8356173522436,1425.90296342676,-86.06734607451631,0.39863252041450714,0.25828040221636467,0.34308707736912814,A,0.0
2024-25,2025-05-25,Fulham,Manchester City,A,1475.7233989603665,1700.2110398500477,-224.4876408896812,0.5766549685438116,0.19962908787319306,0.22371594358299537,A,0.0
2024-25,2025-05-25,Bournemouth,Leicester City,H,1493.7161779181367,1334.1698988373157,159.54627908082102,0.18454216428540196,0.16238546990759534,0.6530723658070028,H,0.0
2024-25,2025-05-25,Newcastle United,Everton,A,1583.9254797695803,1472.4289595284567,111.49652024112356,0.21850298734593795,0.1950906422909507,0.5864063703631114,H,0.0
2024-25,2025-05-25,Manchester United,Aston Villa,H,1453.3663737963952,1568.3295878484955,-114.96321405210028,0.43242147939013176,0.2524416463217472,0.31513687428812115,A,0.0
2025-26,2025-08-15,Liverpool,Bournemouth,H,1707.020880597656,1498.2297464030569,208.79113419459918,0.152947629616379,0.12839714755768614,0.7186552228259349,H,0.0
2025-26,2025-08-16,Aston Villa,Newcastle United,D,1556.2510269270776,1574.3129743718075,-18.061947444729867,0.3275017654987083,0.2555724285860311,0.4169258059152607,H,0.0
2025-26,2025-08-16,Brighton and Hove Albion,Fulham,D,1518.347828952052,1470.150479151191,48.19734980086105,0.26816801516725236,0.23191216850105192,0.49991981633169574,H,0.0
2025-26,2025-08-16,Sunderland,West Ham,H,1291.8398494563635,1435.6837259636518,-143.84387650728831,0.46826236439462093,0.24274979995385113,0.2889878356515279,A,0.0
2025-26,2025-08-16,Tottenham,Burnley,H,1461.1526091485061,1337.8549604205461,123.29764872796,0.20987669767183725,0.18727458119905974,0.602848721129103,H,0.0
2025-26,2025-08-16,Wolverhampton Wanderers,Manchester City,A,1422.546566274454,1705.7839596592232,-283.2373933847691,0.6581254480185189,0.15981427433172052,0.18206027764976052,A,0.0
2025-26,2025-08-17,Chelsea,Crystal Palace,D,1576.0464033185588,1529.7146723586902,46.33173095986854,0.2697261876750218,0.23282036885240373,0.4974534434725744,H,0.0
2025-26,2025-08-17,Manchester United,Arsenal,A,1465.444934717813,1689.292084322548,-223.8471496047348,0.5757648294815659,0.2000394809429797,0.2241956895754543,A,0.0
2025-26,2025-08-17,Nottingham Forest,Brentford,H,1493.8388802265117,1505.9806714384965,-12.14179121198481,0.3218353984498728,0.2542490666531836,0.4239155348969436,H,0.0
2025-26,2025-08-18,Leeds United,Everton,H,1350.3144641698525,1482.0414649262295,-131.72700075637704,0.45298513867881607,0.24725985011223486,0.2997550112089491,A,0.0
2025-26,2025-08-22,West Ham,Chelsea,A,1419.5910113288899,1573.0780338969553,-153.4870225680654,0.48065316259661506,0.2387296626788929,0.28061717472449216,A,0.0
2025-26,2025-08-23,Burnley,Sunderland,H,1331.0750546261766,1307.9325640911254,23.142490535051138,0.28960340511630756,0.2430276083747622,0.4673689865089302,H,0.0
2025-26,2025-08-23,Manchester City,Tottenham,A,1711.963391787023,1467.9325149428757,244.03087684414731,0.13242327789000294,0.10542484089380993,0.7621518812161872,H,0.0
2025-26,2025-08-23,Bournemouth,Wolverhampton Wanderers,H,1494.7082918099143,1416.3671341466543,78.34115766325999,0.24377181798636496,0.2156775364460184,0.5405506455676167,H,0.0
2025-26,2025-08-23,Arsenal,Leeds United,H,1692.8184846507008,1358.1856344673506,334.63285018335023,0.08414544598548883,0.1,0.8158545540145112,H,0.0
2025-26,2025-08-23,Brentford,Aston Villa,H,1496.5504004415598,1555.0497812471694,-58.49938080560969,0.3684047785459255,0.2599942824547487,0.3716009389993257,H,0.0
2025-26,2025-08-24,Crystal Palace,Nottingham Forest,D,1532.6830417802937,1503.2691512234485,29.413890556845217,0.2841319663923201,0.24047279972468102,0.47539523388299887,H,0.0
2025-26,2025-08-24,Everton,Brighton and Hove Albion,H,1474.1702946287314,1515.3305724397053,-41.16027781097387,0.35038181546355796,0.25910035757054534,0.39051782696589676,H,0.0
2025-26,2025-08-24,Fulham,Manchester United,D,1473.1677356635375,1461.9185343896602,11.249201273877361,0.30018547416606656,0.24742485923278237,0.4523896666011511,H,0.0
2025-26,2025-08-25,Newcastle United,Liverpool,A,1575.5142200517157,1710.5423351907987,-135.02811513908296,0.4571138659021073,0.24609282407186858,0.2967933100260241,A,0.0
2025-26,2025-08-30,Wolverhampton Wanderers,Everton,A,1412.2066082996296,1484.370440578715,-72.16383227908545,0.38314280127764144,0.2596245945983577,0.3572326041240008,A,0.0
2025-26,2025-08-30,Tottenham,Bournemouth,A,1484.783105743987,1498.868817656939,-14.085711912951865,0.3236873730956722,0.25470206857570027,0.4216105583286276,H,0.0
2025-26,2025-08-30,Sunderland,Brentford,H,1299.6139025723712,1503.2731718008922,-203.659269228521,0.5478454455255006,0.21254182712954037,0.23961272734495895,A,0.0
2025-26,2025-08-30,Chelsea,Fulham,H,1584.1695377886883,1471.1452905389228,113.0242472497655,0.21737563876066962,0.19409045348261855,0.5885339077567118,H,0.0
2025-26,2025-08-30,Leeds United,Newcastle United,D,1355.277560606763,1570.3723363016913,-215.09477569492833,0.5636235697678796,0.20556771315463826,0.230808717077482,A,0.0
2025-26,2025-08-30,Manchester United,Burnley,H,1463.9409795142749,1339.3937161449307,124.54726336934414,0.20897424477803195,0.18643580645226307,0.604589948769705,H,0.0
2025-26,2025-08-31,Aston Villa,Crystal Palace,A,1548.327009887837,1530.1648532622085,18.16215662562854,0.2940012857344696,0.244941713031394,0.4610570012341364,H,0.0
2025-26,2025-08-31,Brighton and Hove Albion,Manchester City,H,1505.1304264897217,1695.1128009859117,-189.98237449619,0.5291520301658194,0.22045361671772443,0.2503943531164562,A,0.0
2025-26,2025-08-31,Liverpool,Arsenal,H,1715.684218940823,1695.7265585112884,19.9576604295346,0.29241029755220677,0.24426355091774773,0.46332615153004547,H,0.0
2025-26,2025-08-31,Nottingham Forest,West Ham,A,1505.7873397415337,1408.4995074371568,97.28783230437693,0.22914163440524504,0.20419702172916457,0.5666613438655904,H,0.0
2025-26,2025-09-13,Crystal Palace,Sunderland,D,1546.9563335656196,1308.4413632971543,238.51497026846528,0.1355168408682401,0.10890274005616457,0.7555804190755953,H,0.0
2025-26,2025-09-13,Arsenal,Nottingham Forest,H,1690.410916318201,1486.8808567666065,203.5300595515946,0.15616399649631002,0.1319571969898581,0.7118788065138318,H,0.0
2025-26,2025-09-13,Bournemouth,Brighton and Hove Albion,H,1506.6611105937704,1513.7925015972548,-7.131391003484396,0.3171002585089581,0.25299907485448037,0.4299006666365615,H,0.0
2025-26,2025-09-13,Brentford,Chelsea,D,1494.445711076109,1589.8064531574112,-95.36074208130208,0.40926555192601966,0.2568445064474321,0.3338899416265483,A,0.0
2025-26,2025-09-13,Everton,Aston Villa,D,1490.8468992874784,1531.5355295844258,-40.688630296947395,0.3499019376637766,0.25905483210238,0.3910432302338434,H,0.0
2025-26,2025-09-13,Fulham,Leeds United,H,1465.5083751702,1359.466902583434,106.04147258676608,0.22255443481538986,0.19863035598731357,0.5788152091972966,H,0.0
2025-26,2025-09-13,Newcastle United,Wolverhampton Wanderers,H,1566.1829943250204,1405.7301495908662,160.45284473415427,0.18393091277640766,0.1617541453492521,0.6543149418743401,H,0.0
2025-26,2025-09-13,West Ham,Tottenham,A,1427.405990412084,1476.9908128071556,-49.58482239507157,0.3590452394296125,0.2597247186811808,0.38123004188920667,H,0.0
2025-26,2025-09-14,Burnley,Liverpool,A,1336.023632385565,1720.9998611339104,-384.9762287483454,0.7798867375754921,0.1,0.12011326242450794,A,0.0
2025-26,2025-09-14,Manchester City,Manchester United,H,1686.4507258783785,1467.3110632736407,219.13966260473785,0.14673508134797134,0.12148057492292587,0.7317843437291028,H,0.0
2025-26,2025-09-20,Manchester United,Chelsea,H,1463.0996313996618,1588.792188835161,-125.69255743549911,0.4455043527756708,0.24927032699144597,0.3052253202328832,A,0.0
2025-26,2025-09-20,West Ham,Crystal Palace,A,1413.4423187375098,1539.9979059496886,-126.5555872121788,0.44656889970460234,0.24899264738377963,0.3044384529116181,A,0.0
2025-26,2025-09-20,Wolverhampton Wanderers,Leeds United,A,1402.8950643549344,1355.79395788399,47.10110647094439,0.2690828892925312,0.23244731421807777,0.49846979648939105,H,0.0
2025-26,2025-09-20,Brighton and Hove Albion,Tottenham,D,1507.9267265148571,1490.9544844817299,16.97224203312726,0.2950590943319107,0.24538366818430307,0.4595572374837862,H,0.0
2025-26,2025-09-20,Burnley,Nottingham Forest,D,1334.4490331455645,1482.315251617544,-147.86621847197944,0.47340657753263676,0.24111798867176182,0.2854754337956014,A,0.0
2025-26,2025-09-20,Liverpool,Everton,H,1722.5744603739108,1490.2916450749865,232.28281529892433,0.13906580783250622,0.11288974889248511,0.7480444432750086,H,0.0
2025-26,2025-09-20,Fulham,Brentford,H,1469.1813198696439,1495.4599753983593,-26.27865552871549,0.335497674773042,0.2571287301238416,0.4073735951031164,H,0.0
2025-26,2025-09-21,Arsenal,Manchester City,D,1694.9765214672636,1690.6621577523574,4.3143637149062215,0.3064850500720937,0.24970687034099348,0.4438080795869128,H,0.0
2025-26,2025-09-21,Bournemouth,Newcastle United,D,1512.5268856761681,1569.0180795609522,-56.491193884784025,0.36627891071848157,0.2599687416516972,0.3737523476298213,H,0.0
2025-26,2025-09-21,Sunderland,Aston Villa,D,1315.3997909130853,1532.0907837969178,-216.69099288383245,0.565834290765561,0.2045710502789007,0.2295946589555383,A,0.0
2025-26,2025-09-27,Tottenham,Wolverhampton Wanderers,D,1493.1343755895207,1388.9247824993163,104.20959309020441,0.22392413951361545,0.19980733937567013,0.5762685211107145,H,0.0
2025-26,2025-09-27,Crystal Palace,Liverpool,H,1545.3118872465816,1724.5401132730665,-179.2282260264849,0.5146273450382491,0.2262995715868446,0.2590730833749063,A,0.0
2025-26,2025-09-27,Chelsea,Brighton and Hove Albion,A,1581.0101354783878,1505.7468354070663,75.26330007132151,0.24619808639455606,0.21745853531728487,0.536343378288159,H,0.0
2025-26,2025-09-27,Leeds United,Bournemouth,D,1369.7642397396082,1512.4258975513148,-142.66165781170662,0.46675716418140917,0.24321689247581402,0.2900259433427768,A,0.0
2025-26,2025-09-27,Nottingham Forest,Sunderland,A,1479.8388305015906,1319.626939446313,160.21189105527765,0.18409326893946135,0.16192195715230978,0.6539847739082288,H,0.0
2025-26,2025-09-27,Manchester City,Burnley,H,1692.4924161418649,1336.9254542615179,355.566961880347,0.07539277534542417,0.1,0.8246072246545758,H,0.0
2025-26,2025-09-27,Brentford,Manchester United,H,1485.653937700193,1470.8816847564349,14.772252943758076,0.2970220968301622,0.2461849536911377,0.45679294947870014,H,0.0
2025-26,2025-09-28,Aston Villa,Fulham,H,1527.8636352636902,1478.9873575678102,48.876277695879935,0.2676024279482959,0.23157863319767188,0.5008189388540322,H,0.0
2025-26,2025-09-28,Newcastle United,Arsenal,A,1569.1190676858055,1693.1462630777562,-124.02719539195073,0.4434552134650046,0.24979676058002231,0.3067480259549731,A,0.0
2025-26,2025-09-29,Everton,West Ham,D,1488.3259921758308,1408.1283374406169,80.19765473521397,0.24231517669440295,0.21459113873408414,0.5430936845715129,H,0.0
2025-26,2025-10-03,Bournemouth,Fulham,H,1510.0906020210432,1471.501833987064,38.58876803397925,0.2762568346750997,0.23645602372990437,0.4872871415949959,H,0.0
2025-26,2025-10-04,Arsenal,West Ham,H,1698.512128462271,1411.9579161824752,286.5542122797958,0.1077629820090741,0.1,0.7922370179909259,H,0.0
2025-26,2025-10-04,Chelsea,Liverpool,H,1566.448805902822,1716.013784877005,-149.56497897418308,0.47558964658065156,0.24040930442269598,0.2840010489966524,A,0.0
2025-26,2025-10-04,Leeds United,Tottenham,A,1372.0995352698799,1488.7311312343152,-116.63159596443529,0.4344371820605339,0.2519830761925479,0.3135797417469182,A,0.0
2025-26,2025-10-04,Manchester United,Sunderland,H,1462.2818122479298,1329.7104165875578,132.571395660372,0.20322904392220398,0.18100700078371854,0.6157639552940775,H,0.0
2025-26,2025-10-05,Wolverhampton Wanderers,Brighton and Hove Albion,D,1393.3280268545218,1520.3081649826322,-126.98013812811041,0.44709324069105416,0.2488548332999544,0.30405192600899145,A,0.0
2025-26,2025-10-05,Everton,Crystal Palace,H,1484.4964134339725,1553.838215642643,-69.34180220867052,0.38005983526848464,0.25977851226657667,0.3601616524649387,A,0.0
2025-26,2025-10-05,Newcastle United,Nottingham Forest,H,1563.7532023012907,1469.7553533603457,93.997848940945,0.23164511023344328,0.2062494871059474,0.5621054026606094,H,0.0
2025-26,2025-10-05,Aston Villa,Burnley,H,1535.3491588444365,1334.6041778385045,200.744981005932,0.1578823408377647,0.13385228677835698,0.7082653723838784,H,0.0
2025-26,2025-10-05,Brentford,Manchester City,A,1494.253810208698,1694.8136925648782,-200.5598823561802,0.543590313796309,0.2143781242305989,0.24203156197309214,A,0.0
2025-26,2025-10-18,Brighton and Hove Albion,Newcastle United,H,1518.4038551231881,1569.902750941937,-51.498895818748906,0.36103806416397205,0.2598165698058494,0.3791453660301785,H,0.0
2025-26,2025-10-18,Crystal Palace,Bournemouth,D,1546.937907070128,1517.9033134738388,29.03459359628914,0.2844608100048185,0.24063180142478818,0.4749073885703934,H,0.0
2025-26,2025-10-18,Manchester City,Everton,H,1698.727721475112,1491.3967220064876,207.33099946862444,0.1538363894562447,0.12938245815747867,0.7167811523862766,H,0.0
2025-26,2025-10-18,Burnley,Leeds United,H,1332.2885236621125,1366.5805690418808,-34.2920453797683,0.3434468416769602,0.2583273398653473,0.3982258184576925,H,0.0
2025-26,2025-10-18,Sunderland,Wolverhampton Wanderers,H,1324.56799393545,1395.2323367139659,-70.6643427785159,0.38150210890172775,0.25971139726933506,0.3587864938289373,A,0.0
2025-26,2025-10-18,Nottingham Forest,Chelsea,A,1463.6058047196993,1574.5760524108728,-110.97024769117343,0.42762554086561005,0.253486576213153,0.31888788292123693,A,0.0
2025-26,2025-10-18,Fulham,Arsenal,A,1463.6891225342683,1700.8398246109846,-237.15070207671624,0.5942826873515311,0.19137084870709983,0.2143464639413691,A,0.0
2025-26,2025-10-19,Liverpool,Manchester United,A,1707.8865383689545,1467.4242349000376,240.46230346891684,0.1344195765209637,0.10766929914018143,0.7579111243388549,H,0.0
2025-26,2025-10-19,Tottenham,Aston Villa,A,1494.2500974623142,1537.6648130208284,-43.41471555851422,0.3526830864720767,0.2593025130936293,0.388014400434294,H,0.0
2025-26,2025-10-20,West Ham,Brentford,A,1409.6302200337616,1490.3397812984642,-80.70956126470264,0.3926041677790317,0.2589133091275385,0.3484825230934298,A,0.0
2025-26,2025-10-24,Leeds United,West Ham,H,1356.5620288097195,1399.6638011952302,-43.101772385510685,0.35236289989044,0.2592759804187613,0.3883611196907987,H,0.0
2025-26,2025-10-25,Brentford,Liverpool,H,1500.3062001369956,1697.2720643079767,-196.96586417098115,0.5386693052990067,0.2164764886362535,0.24485420606473987,A,0.0
2025-26,2025-10-25,Chelsea,Sunderland,A,1585.85099072783,1335.5388386725404,250.31215205528974,0.128955210230225,0.1015259198454484,0.7695188699243267,H,0.0
2025-26,2025-10-25,Manchester United,Brighton and Hove Albion,H,1478.0387089610153,1525.0110943636823,-46.97238540266699,0.35634001365656887,0.2595694304200357,0.38409055592339536,H,0.0
2025-26,2025-10-25,Newcastle United,Fulham,H,1563.2955117014428,1460.3719910803006,102.92352062114219,0.22488851369618187,0.20062994921069882,0.5744815370931192,H,0.0
2025-26,2025-10-26,Arsenal,Crystal Palace,H,1704.1569560649523,1544.4299461241349,159.72700994081742,0.18442021927128288,0.16225962200601798,0.6533201587226991,H,0.0
2025-26,2025-10-26,Wolverhampton Wanderers,Burnley,A,1384.2614919768755,1342.3070638942738,41.95442808260168,0.2734054039442483,0.2349025708474282,0.49169202520832356,H,0.0
2025-26,2025-10-26,Aston Villa,Manchester City,H,1544.786379717924,1702.2757980625613,-157.48941834463722,0.4858531793457467,0.23695430292440745,0.2771925177298459,A,0.0
2025-26,2025-10-26,Everton,Tottenham,A,1487.8486454190383,1487.1285307652186,0.7201146538197918,0.309788804603999,0.2508051724984579,0.4394060228975431,H,0.0
2025-26,2025-10-26,Bournemouth,Nottingham Forest,H,1520.411274419832,1452.330866402742,68.0804080170899,0.2519161173241173,0.22151283814621922,0.5265710445296635,H,0.0
2025-26,2025-11-01,Tottenham,Chelsea,A,1503.3845631356126,1575.1906657362144,-71.80610260060189,0.3827508586813003,0.2596463359171785,0.3576028054015211,A,0.0
2025-26,2025-11-01,Liverpool,Aston Villa,H,1688.5245132821428,1553.0236418539744,135.50087142816847,0.201152932614007,0.1790085687265849,0.6198384986594081,H,0.0
2025-26,2025-11-01,Nottingham Forest,Manchester United,D,1445.4341370863851,1488.3920291529046,-42.957892066519435,0.3522157697456682,0.2592636161198237,0.38852061413450817,H,0.0
2025-26,2025-11-01,Fulham,Wolverhampton Wanderers,H,1456.646204077644,1375.5191502428497,81.1270538347942,0.24158787102661985,0.2140439116069751,0.5443682173664051,H,0.0
2025-26,2025-11-01,Crystal Palace,Brentford,H,1541.584728700256,1509.0537511628295,32.53097753742645,0.28143946295205013,0.2391446328967061,0.4794159041512438,H,0.0
2025-26,2025-11-01,Brighton and Hove Albion,Leeds United,H,1514.657774171793,1363.0299230017656,151.6278511700275,0.18992760491061192,0.1678909996584018,0.6421813954309863,H,0.0
2025-26,2025-11-01,Burnley,Arsenal,A,1351.0494056282996,1707.0021734888312,-355.9527678605316,0.7524962401806782,0.11053471892630755,0.1369690408930144,A,0.0
2025-26,2025-11-02,Manchester City,Bournemouth,H,1694.038535926511,1527.3080037361888,166.73053219032226,0.17972824728449474,0.1573799180003432,0.662891834715162,H,0.0
2025-26,2025-11-02,West Ham,Newcastle United,H,1393.1959070031842,1567.0212987040995,-173.82539170091536,0.5073978418945176,0.22909941753966476,0.2635027405658176,A,0.0
2025-26,2025-11-03,Sunderland,Everton,D,1346.199163664156,1471.5926130486444,-125.39344938448835,0.4451358220962836,0.24936579068026396,0.30549838722345235,A,0.0
2025-26,2025-11-08,Everton,Fulham,H,1469.7323536421436,1464.8655167545307,4.8668368876128625,0.3059795970925415,0.24953289419316213,0.4444875087142963,H,0.0
2025-26,2025-11-08,Tottenham,Manchester United,D,1496.9001815649924,1488.882147434913,8.018034130079513,0.3031085292616946,0.2485145577362515,0.44837691300205385,H,0.0
2025-26,2025-11-08,Chelsea,Wolverhampton Wanderers,H,1581.6750473068346,1367.299837565963,214.3752097408717,0.14957645236369513,0.12464980371871622,0.7257737439175886,H,0.0
2025-26,2025-11-08,West Ham,Burnley,H,1406.5988015310775,1348.1370948407314,58.46170669034609,0.25969865956932264,0.22670257070096497,0.5135987697297123,H,0.0
2025-26,2025-11-08,Sunderland,Arsenal,D,1348.0594230706567,1709.9144842763994,-361.8550612057427,0.7595709275871244,0.10679085289267193,0.1336382195202036,A,0.0
2025-26,2025-11-09,Nottingham Forest,Leeds United,H,1444.9440188043768,1357.109572619005,87.83444618537192,0.23637651026357284,0.21003069093616195,0.5535927988002651,H,0.0
2025-26,2025-11-09,Manchester City,Liverpool,H,1698.3949870840806,1693.595644398138,4.799342685942747,0.3060413133254981,0.24955422167525346,0.44440446499924846,H,0.0
2025-26,2025-11-09,Aston Villa,Bournemouth,H,1547.9525107379793,1522.9515525786192,25.000958159360152,0.287974349116198,0.24228710316608904,0.46973854771771295,H,0.0
2025-26,2025-11-09,Brentford,Newcastle United,H,1501.0446732176817,1553.6184041762062,-52.57373095852449,0.3621611308389199,0.25986000974465784,0.3779788594164223,H,0.0
2025-26,2025-11-09,Crystal Palace,Brighton and Hove Albion,D,1549.5938066454037,1520.5781245545538,29.01568209084985,0.28447721285453925,0.24063971420237174,0.474883072943089,H,0.0
2025-26,2025-11-22,Wolverhampton Wanderers,Crystal Palace,A,1362.9828105649106,1547.086355786441,-184.10354522153034,0.5211908739041226,0.2236929835879153,0.2551161425079621,A,0.0
2025-26,2025-11-22,Brighton and Hove Albion,Brentford,H,1523.0855754135166,1511.5450789743084,11.540496439208255,0.29992298404285733,0.2473243779141385,0.45275263804300414,H,0.0
2025-26,2025-11-22,Fulham,Sunderland,H,1455.926791866428,1355.0671066584705,100.85968520795745,0.22644089856970193,0.20194348830024803,0.57161561313005,H,0.0
2025-26,2025-11-22,Burnley,Chelsea,A,1343.6019772969519,1585.992074307887,-242.39009701093505,0.6015840434011521,0.1878825266831373,0.2105334299157106,A,0.0
2025-26,2025-11-22,Newcastle United,Manchester City,H,1543.1179984195796,1709.67734312159,-166.55934470201032,0.49775401013772197,0.23271022146541517,0.26953576839686283,A,0.0
2025-26,2025-11-22,Liverpool,Nottingham Forest,A,1682.3132883606286,1451.2661955389003,231.04709282172826,0.13977623437440553,0.11368722783101662,0.7465365377945778,H,0.0
2025-26,2025-11-22,Bournemouth,West Ham,D,1510.855439790931,1411.133919074857,99.72152071607411,0.22729954577707076,0.20266434171811282,0.5700361125048163,H,0.0
2025-26,2025-11-23,Leeds United,Aston Villa,A,1350.7873958844814,1560.0486235256674,-209.261227641186,0.5555605609519294,0.20916305405380725,0.2352763849942635,A,0.0
2025-26,2025-11-23,Arsenal,Tottenham,H,1702.9068006885857,1494.9670984263123,207.93970226227339,0.15346551755066973,0.12897143767582464,0.7175630447735056,H,0.0
2025-26,2025-11-24,Manchester United,Everton,A,1490.815230573593,1478.6710785302464,12.144152043346594,0.2993795595934571,0.24711497503057006,0.4535054653759728,H,0.0
2025-26,2025-11-29,Brentford,Burnley,H,1506.0498582731652,1338.4711864684075,167.57867180475773,0.1791644873638036,0.1567888310085003,0.6640466816276961,H,0.0
2025-26,2025-11-29,Everton,Newcastle United,A,1486.9756758696878,1551.4781873651255,-64.5025114954376,0.37482072906589375,0.2599485316716463,0.36523073926245986,A,0.0
2025-26,2025-11-29,Manchester City,Leeds United,H,1701.3171541760441,1347.0213497632865,354.29580441275766,0.07589978031646717,0.1,0.8241002196835329,H,0.0
2025-26,2025-11-29,Sunderland,Bournemouth,H,1351.306055619959,1506.5569167891342,-155.25086116917532,0.4829407681225823,0.2379548109692489,0.27910442090816884,A,0.0
2025-26,2025-11-29,Tottenham,Fulham,A,1490.503954031408,1459.6878429049395,30.816111126468513,0.28291855430026125,0.23988004692161796,0.47720139877812073,H,0.0
2025-26,2025-11-30,Nottingham Forest,Brighton and Hove Albion,A,1472.400055334141,1528.5807961146597,-56.18074078051882,0.3659511739613073,0.2599629659907511,0.37408586004794164,H,0.0
2025-26,2025-11-30,Aston Villa,Wolverhampton Wanderers,H,1563.8146696468623,1356.3197088405477,207.49496080631457,0.15373643943116727,0.12927170823470754,0.7169918523341251,H,0.0
2025-26,2025-11-30,West Ham,Liverpool,A,1415.4324420766538,1661.179428565388,-245.74698648873414,0.6062614819840535,0.18562872821352674,0.20810978980241981,A,0.0
2025-26,2025-11-30,Chelsea,Arsenal,D,1591.1228651364313,1707.36994508349,-116.24707994705864,0.4339720035178677,0.25208990534991205,0.31393809113222026,A,0.0
2025-26,2025-11-30,Crystal Palace,Manchester United,A,1553.7494575108037,1482.5106332341516,71.23882427665217,0.24939211691588348,0.2197481524643343,0.5308597306197822,H,0.0
2025-26,2025-12-02,Newcastle United,Tottenham,D,1564.7717297381005,1481.9210562493577,82.85067348874281,0.24024241395648824,0.21302322810762267,0.5467343579358891,H,0.0
2025-26,2025-12-02,Bournemouth,Everton,A,1498.3504898160752,1473.6821334967128,24.668356319362374,0.2882654173337767,0.2424206636451402,0.46931391902108305,H,0.0
2025-26,2025-12-02,Fulham,Manchester City,A,1468.27074068699,1702.324097337872,-234.05335665088205,0.5899673506310918,0.19341462709553445,0.2166180222733736,A,0.0
2025-26,2025-12-03,Wolverhampton Wanderers,Nottingham Forest,A,1354.083013085846,1461.5697405341261,-107.48672744828013,0.4234743138108221,0.2543370233997992,0.32218866278937863,A,0.0
2025-26,2025-12-03,Arsenal,Brentford,H,1705.765020731696,1510.388045495521,195.37697523617499,0.16122473947649804,0.13752324594163332,0.7012520145818686,H,0.0
2025-26,2025-12-03,Brighton and Hove Albion,Aston Villa,A,1539.4111109146745,1566.051365401564,-26.64025448688949,0.3358531293473073,0.2571896458419586,0.4069572248107341,H,0.0
2025-26,2025-12-03,Burnley,Crystal Palace,A,1334.1329992460517,1544.6133687381193,-210.48036949206767,0.5572433608883253,0.2084179591591913,0.2343386799524835,A,0.0
2025-26,2025-12-03,Leeds United,Chelsea,H,1346.0144066014586,1592.7277894882252,-246.71338288676657,0.6076077695001029,0.1849773735332493,0.20741485696664785,A,0.0
2025-26,2025-12-03,Liverpool,Sunderland,D,1666.2301761833623,1359.512482593018,306.7176935903444,0.09722932394741257,0.1,0.8027706760525875,H,0.0
2025-26,2025-12-04,Manchester United,West Ham,D,1491.646722006836,1410.3816944586795,81.26502754815647,0.2414800077581179,0.21396248446928612,0.5445575077725959,H,0.0
2025-26,2025-12-06,Tottenham,Brentford,H,1485.8156050457903,1506.6157340300465,-20.800128984256162,0.3301492097661148,0.25612752878836226,0.413723261445523,H,0.0
2025-26,2025-12-06,Leeds United,Liverpool,D,1360.7432174362523,1658.390827826638,-297.6476103903858,0.6776765490792923,0.14977803281590846,0.17254541810479926,A,0.0
2025-26,2025-12-06,Manchester City,Sunderland,H,1705.6891532745544,1367.3518309497422,338.33732232481225,0.08253287786061791,0.1,0.8174671221393821,H,0.0
2025-26,2025-12-06,Everton,Nottingham Forest,H,1482.1748802602972,1467.2806674184633,14.894212841833905,0.29691302673059805,0.24614107391545823,0.4569458993539437,H,0.0
2025-26,2025-12-06,Newcastle United,Burnley,H,1560.8771809416678,1330.3873889929278,230.48979194874005,0.14009735733217368,0.11404761236994926,0.7458550302978771,H,0.0
2025-26,2025-12-06,Bournemouth,Chelsea,D,1489.8577430524908,1577.9989786534315,-88.14123560094072,0.40098596243983176,0.25799699769079054,0.3410170398693777,A,0.0
2025-26,2025-12-06,Aston Villa,Arsenal,H,1573.5554702857864,1709.5373321971706,-135.98186191138416,0.45831144239703864,0.245746938588627,0.2959416190143343,A,0.0
2025-26,2025-12-07,Brighton and Hove Albion,West Ham,D,1531.907006030452,1414.2374582616303,117.66954776882176,0.21396721742554367,0.19102710709827436,0.595005675476182,H,0.0
2025-26,2025-12-07,Fulham,Crystal Palace,A,1464.9056847503075,1548.3589789912432,-83.45329424093575,0.3956819978605723,0.258607115265388,0.3457108868740398,A,0.0
2025-26,2025-12-08,Wolverhampton Wanderers,Manchester United,A,1348.3720862015089,1487.790958203885,-139.41887200237625,0.462644465240919,0.24446847049407205,0.2928870642650089,A,0.0
2025-26,2025-12-13,Chelsea,Everton,H,1577.19077541997,1493.0214975168622,84.16927790310774,0.23921605472019616,0.21223735704468694,0.5485465882351169,H,0.0
2025-26,2025-12-13,Liverpool,Brighton and Hove Albion,H,1652.4496601025498,1527.1968549067985,125.25280519575131,0.20846563662392598,0.18596138320701033,0.6055729801690636,H,0.0
2025-26,2025-12-13,Arsenal,Wolverhampton Wanderers,H,1701.6040612011805,1338.2644932877354,363.3395679134451,0.07235907978077061,0.1,0.8276409202192294,H,0.0
2025-26,2025-12-13,Burnley,Fulham,A,1328.40310469154,1458.6776554499747,-130.27455075843477,0.451176649168556,0.2477583733051214,0.3010649775263226,A,0.0
2025-26,2025-12-14,Brentford,Leeds United,D,1496.95523791353,1366.6843851603405,130.2708527531895,0.20486743250890158,0.1825705610993073,0.612562006391791,H,0.0
2025-26,2025-12-14,Crystal Palace,Manchester City,A,1554.587008291576,1707.892806620507,-153.3057983289309,0.48041848710319357,0.23880859496475487,0.28077291793205156,A,0.0
2025-26,2025-12-14,Nottingham Forest,Tottenham,H,1456.4340501618983,1495.4761011623068,-39.04205100040849,0.34823086089973926,0.2588871417518472,0.3928819973484135,H,0.0
2025-26,2025-12-14,Sunderland,Newcastle United,H,1365.1481776037897,1562.8614652430556,-197.7132876392659,0.53969147396418,0.21604290995469486,0.2442656160811251,A,0.0
2025-26,2025-12-14,West Ham,Aston Villa,A,1418.9476093852838,1581.4887412817766,-162.54113189649274,0.49246213823911733,0.23462750529268808,0.27291035646819456,A,0.0
2025-26,2025-12-15,Manchester United,Bournemouth,D,1497.8985511176586,1490.6659462859525,7.232604831706112,0.30382224483260817,0.2487725006425474,0.4474052545248444,H,0.0
2025-26,2025-12-20,Newcastle United,Chelsea,D,1554.1048926490134,1583.6171166842348,-29.51222403522138,0.33868713616379004,0.25765060909093096,0.403662254745279,H,0.0
2025-26,2025-12-20,Wolverhampton Wanderers,Brentford,A,1337.3079105887464,1491.9677178355748,-154.65980724682845,0.48217349147919303,0.23821579206516275,0.2796107164556442,A,0.0
2025-26,2025-12-20,Manchester City,West Ham,H,1717.4535378150347,1414.3445569194755,303.10898089555917,0.09904563086013501,0.1,0.800954369139865,H,0.0
2025-26,2025-12-20,Tottenham,Liverpool,A,1482.6755464166195,1657.7733949957892,-175.09784857916975,0.5090961596128318,0.2284486297152443,0.26245521067192384,A,0.0
2025-26,2025-12-20,Brighton and Hove Albion,Sunderland,D,1521.8731200135592,1373.9047501978318,147.96836981572733,0.19244458439504478,0.17042752258477226,0.637127893020183,H,0.0
2025-26,2025-12-20,Bournemouth,Burnley,D,1492.577258236261,1323.1650030583232,169.41225517793782,0.17794899293071784,0.15551107562732772,0.6665399314419544,H,0.0
2025-26,2025-12-20,Everton,Arsenal,A,1486.5951562525972,1702.5606439001695,-215.96548764757222,0.564829265375981,0.2050247132286569,0.2301460213953621,A,0.0
2025-26,2025-12-20,Leeds United,Crystal Palace,H,1371.6719052382957,1545.0262770970483,-173.35437185875253,0.5067698791438678,0.22933894748146286,0.26389117337466933,A,0.0
2025-26,2025-12-21,Aston Villa,Manchester United,H,1586.091793747585,1495.98723916735,90.10455458023489,0.23462751130968912,0.20864800583229096,0.5567244828580199,H,0.0
2025-26,2025-12-22,Fulham,Nottingham Forest,H,1463.9157570831915,1469.2346049075857,-5.318847824394197,0.31540071626727423,0.25251789939349073,0.4320813843392351,H,0.0
2025-26,2025-12-26,Manchester United,Newcastle United,H,1492.038739915764,1553.2296293380014,-61.19088942223743,0.3712700341205817,0.2599963990817704,0.3687335667976479,A,0.0
2025-26,2025-12-27,Burnley,Everton,D,1328.9506436322856,1482.9405780889506,-153.98993445666497,0.4813047612712635,0.23850995445985967,0.2801852842688768,A,0.0
2025-26,2025-12-27,West Ham,Fulham,A,1411.6627890209102,1469.7511301451693,-58.08834112425916,0.36796882164121963,0.2599907213148772,0.37204045704390315,H,0.0
2025-26,2025-12-27,Liverpool,Wolverhampton Wanderers,H,1662.141438788637,1329.7727796181139,332.3686591705232,0.08514491781559137,0.1,0.8148550821844086,H,0.0
2025-26,2025-12-27,Nottingham Forest,Manchester City,A,1463.3992318456078,1720.1353057136,-256.7360738679922,0.6215554215668743,0.17816361387481996,0.20028096455830577,A,0.0
2025-26,2025-12-27,Arsenal,Brighton and Hove Albion,H,1706.215222063816,1516.5127287188686,189.70249334494747,0.16480126135255843,0.1414267440840658,0.6937719945633758,H,0.0
2025-26,2025-12-27,Chelsea,Aston Villa,A,1584.492379995247,1590.040292999171,-5.547913003924123,0.31561511046838936,0.2525795534059916,0.43180533612561905,H,0.0
2025-26,2025-12-27,Brentford,Bournemouth,H,1499.5028488062073,1486.7916176622987,12.711231143908662,0.29886972183204047,0.24691682086493202,0.4542134573030275,H,0.0
2025-26,2025-12-28,Crystal Palace,Tottenham,A,1528.1260349578017,1478.3075026237716,49.818532334030124,0.2668187548171865,0.23111308099689729,0.5020681641859163,H,0.0
2025-26,2025-12-28,Sunderland,Leeds United,D,1379.2651414925224,1388.5721473775423,-9.307005885019862,0.3191496190371367,0.25355636021851413,0.4272940207443492,H,0.0
2025-26,2025-12-30,Manchester United,Wolverhampton Wanderers,D,1498.8057523649939,1328.6334026696225,170.1723496953714,0.17744644235728138,0.15498146843476118,0.6675720892079574,H,0.0
2025-26,2025-12-30,Burnley,Newcastle United,A,1331.591774375626,1546.4626168887714,-214.87084251314536,0.5633135710387711,0.20570710395888062,0.23097932500234827,A,0.0
2025-26,2025-12-30,Chelsea,Bournemouth,D,1576.5035225543988,1475.8514906262558,100.65203192814306,0.22659742032686517,0.20207519476145963,0.5713273849116752,H,0.0
2025-26,2025-12-30,Arsenal,Aston Villa,H,1708.664947862458,1598.029150440019,110.63579742243883,0.21913953744763676,0.1956524898752846,0.5852079726770786,H,0.0
2025-26,2025-12-30,Nottingham Forest,Everton,A,1460.3738935590159,1480.2994473456101,-19.925553786594264,0.3293017663069847,0.2559541727572473,0.414744060935768,H,0.0
2025-26,2025-12-30,West Ham,Brighton and Hove Albion,D,1404.8724694613318,1514.0630029202268,-109.19053345889506,0.42550086115319036,0.2539282290753542,0.3205709097714554,A,0.0
2025-26,2026-01-01,Liverpool,Leeds United,D,1663.2808157371285,1390.0209426508045,273.259873086324,0.11523628100008025,0.1,0.7847637189999198,H,0.0
2025-26,2026-01-01,Sunderland,Manchester City,D,1377.8163462192601,1723.160644000192,-345.3442977809318,0.7395206951519369,0.11739579410884689,0.14308351073921624,A,0.0
2025-26,2026-01-01,Brentford,Tottenham,D,1510.4429758422502,1487.1592876724037,23.283688169846528,0.28947940879224865,0.24297184425011137,0.4675487469576399,H,0.0
2025-26,2026-01-01,Crystal Palace,Fulham,D,1519.2742499091696,1476.5414497047477,42.73280020442189,0.2727487599207799,0.2345373731602457,0.4927138669189744,H,0.0
2025-26,2026-01-03,Aston Villa,Nottingham Forest,H,1590.8370845971108,1448.2361150296038,142.60096956750704,0.19616837052071925,0.1741349422419227,0.629696687237358,H,0.0
2025-26,2026-01-03,Bournemouth,Arsenal,A,1480.1718220951059,1715.8570137053662,-235.6851916102603,0.5922407168278533,0.19233964950976898,0.21541963366237765,A,0.0
2025-26,2026-01-03,Brighton and Hove Albion,Burnley,H,1512.6565705169248,1325.7708004922576,186.88577002466718,0.1665930136358978,0.14337184333349276,0.6900351430306094,H,0.0
2025-26,2026-01-03,Wolverhampton Wanderers,West Ham,H,1334.4335789798722,1406.2789018646338,-71.84532288476157,0.38279381384708794,0.25964398385752885,0.3575622022953832,A,0.0
2025-26,2026-01-04,Leeds United,Manchester United,D,1397.4601364063583,1493.005576054744,-95.54543964838581,0.40947913848143735,0.25681166004364003,0.33370920147492256,A,0.0
2025-26,2026-01-04,Fulham,Liverpool,D,1479.415072782942,1655.8416219815747,-176.42654919863276,0.5108724383151394,0.22776336192607619,0.26136419975878444,A,0.0
2025-26,2026-01-04,Everton,Brentford,A,1492.4372258750222,1508.0907603161447,-15.653534441122474,0.325187154617001,0.2550543003213394,0.41975854506165955,H,0.0
2025-26,2026-01-04,Manchester City,Chelsea,D,1716.4029469437803,1572.1831910855487,144.21975585823157,0.19504127124335124,0.17301863745692522,0.6319400912997235,H,0.0
2025-26,2026-01-04,Tottenham,Sunderland,D,1489.5115031985092,1384.5740432756718,104.93745992283743,0.22337935546839965,0.19934041618763948,0.5772802283439608,H,0.0
2025-26,2026-01-04,Newcastle United,Crystal Palace,H,1552.2835907721399,1516.4006268309754,35.88296394116446,0.2785636531559214,0.23767422651570705,0.48376212032837157,H,0.0
2025-26,2026-01-06,West Ham,Nottingham Forest,A,1392.3968496136927,1443.3347313154547,-50.93788170176208,0.36045302188237144,0.25979157072816095,0.3797554073894676,H,0.0
2025-26,2026-01-07,Newcastle United,Leeds United,H,1560.1836783965034,1398.4796617801144,161.70401661638903,0.18308910818579127,0.16088262767040723,0.6560282641438016,H,0.0
2025-26,2026-01-07,Manchester City,Brighton and Hove Albion,D,1711.1198917282086,1516.595062203515,194.5248295246936,0.1617589999849682,0.13810803374923195,0.7001329662657998,H,0.0
2025-26,2026-01-07,Fulham,Chelsea,H,1482.6460544050865,1577.4662463011205,-94.82019189603398,0.40864095925312965,0.25693967773350507,0.3344193630133652,A,0.0
2025-26,2026-01-07,Everton,Wolverhampton Wanderers,D,1480.143876978392,1348.3156312308133,131.82824574757865,0.2037575263935231,0.18151266327491813,0.6147298103315588,H,0.0
2025-26,2026-01-07,Bournemouth,Tottenham,H,1476.8320756080366,1485.091386584274,-8.25931097623743,0.31816144059683465,0.25329076233168557,0.4285477970714798,H,0.0
2025-26,2026-01-07,Burnley,Manchester United,D,1321.8323088056675,1491.986050680988,-170.15374187532052,0.5025129613040216,0.23094671961015142,0.2665403190858269,A,0.0
2025-26,2026-01-07,Brentford,Sunderland,H,1520.384109212775,1388.994159889907,131.389949322868,0.20406956031351925,0.1818106365053308,0.6141198031811499,H,0.0
2025-26,2026-01-07,Crystal Palace,Aston Villa,D,1508.5005392066118,1595.7384683112598,-87.23792910464795,0.3999595224426732,0.25812306495109316,0.34191741260623365,A,0.0
2025-26,2026-01-08,Arsenal,Liverpool,D,1719.1967601924355,1652.6106403594301,66.58611983300534,0.25311562178197744,0.22233756930020085,0.5245468089178217,H,0.0
2025-26,2026-01-17,Tottenham,West Ham,A,1479.2066898361627,1385.4455730519542,93.76111678420853,0.2318258392846633,0.20639628350287492,0.5617778772124618,H,0.0
2025-26,2026-01-17,Manchester United,Manchester City,H,1488.9176983543641,1704.873471209605,-215.95577285524087,0.5648158101473507,0.2050307804687458,0.2301534093839035,A,0.0
2025-26,2026-01-17,Sunderland,Crystal Palace,H,1382.4686025115373,1509.2829076439405,-126.8143051324032,0.44688837735667475,0.2489087597954206,0.30420286284790465,A,0.0
2025-26,2026-01-17,Liverpool,Burnley,D,1656.1009875386244,1324.9006611322914,331.20032640633303,0.08566479758554187,0.1,0.8143352024144581,H,0.0
2025-26,2026-01-17,Nottingham Forest,Arsenal,D,1450.2860078771932,1715.7064130132412,-265.420405136048,0.6336028426603536,0.17218960970760502,0.19420754763204137,A,0.0
2025-26,2026-01-17,Chelsea,Brentford,H,1570.157425759993,1526.9096665911447,43.24775916884823,0.27231490901525257,0.23429455227256316,0.4933905387121843,H,0.0
2025-26,2026-01-17,Leeds United,Fulham,H,1395.6619766104882,1489.954874946214,-94.2928983357258,0.40803241166909765,0.2570311356450647,0.3349364526858376,A,0.0
2025-26,2026-01-18,Aston Villa,Everton,A,1594.9560998739312,1475.122757341008,119.8333425329231,0.21238952261612526,0.18958946329457266,0.5980210140893021,H,0.0
2025-26,2026-01-18,Wolverhampton Wanderers,Newcastle United,D,1353.3367508681972,1563.0013635661296,-209.6646126979324,0.5561172186205635,0.2089168968196147,0.2349658845598219,A,0.0
2025-26,2026-01-19,Brighton and Hove Albion,Bournemouth,D,1522.8414827221186,1482.7167723561479,40.124710365970714,0.27495311264391564,0.23575229449208568,0.4892945928639987,H,0.0
2025-26,2026-01-24,Manchester City,Wolverhampton Wanderers,H,1690.6578880359657,1357.3963917930207,333.261496242945,0.08474953333278928,0.1,0.8152504666672107,H,0.0
2025-26,2026-01-24,West Ham,Sunderland,H,1394.8577675016734,1390.2673125837139,4.590454917959505,0.3062323781599544,0.24962009890432335,0.44414752293572224,H,0.0
2025-26,2026-01-24,Fulham,Brighton and Hove Albion,H,1482.6543628512945,1520.036875280378,-37.38251242908336,0.34655327113212225,0.2587043795923873,0.3947423492754904,H,0.0
2025-26,2026-01-24,Burnley,Tottenham,D,1332.9969989637239,1469.7944953864435,-136.79749642271963,0.45933726187107016,0.2454480672891899,0.2952146708397399,A,0.0
2025-26,2026-01-24,Bournemouth,Liverpool,H,1485.5213797978886,1648.004649707192,-162.48326990930332,0.4923861586833186,0.2346546886454757,0.27295915267120574,A,0.0
2025-26,2026-01-25,Arsenal,Manchester United,A,1710.398491052113,1503.1332815280034,207.26520952410965,0.15387650530610797,0.12942690443784047,0.7166965902560516,H,0.0
2025-26,2026-01-25,Brentford,Nottingham Forest,A,1519.2461241171748,1455.5939298383214,63.65219427885336,0.2554808903203149,0.2239373984656694,0.5205817112140158,H,0.0
2025-26,2026-01-25,Crystal Palace,Chelsea,A,1501.4841975717638,1577.820968233963,-76.33677066219911,0.3877392450137618,0.2593232317472808,0.35293752323895744,A,0.0
2025-26,2026-01-25,Newcastle United,Aston Villa,A,1558.9417226413061,1585.2547377131468,-26.31301507184071,0.33553143739472246,0.2571345460181338,0.40733401658714374,H,0.0
2025-26,2026-01-26,Everton,Leeds United,D,1484.8241195017924,1402.9624887054076,81.86163079638482,0.2410139260579321,0.21360983283124688,0.545376241110821,H,0.0
2025-26,2026-01-31,Liverpool,Newcastle United,H,1639.6993022513757,1547.036118973015,92.66318327836075,0.2326650780923327,0.20707551026115834,0.5602594116465089,H,0.0
2025-26,2026-01-31,Chelsea,West Ham,H,1587.9397848670276,1403.8060383385769,184.13374652845073,0.168354081885092,0.14527635434207456,0.6863695637728335,H,0.0
2025-26,2026-01-31,Leeds United,Arsenal,A,1406.8328615528796,1699.9684913743413,-293.13562982146163,0.6715879321630216,0.1529174470633235,0.17549462077365494,A,0.0
2025-26,2026-01-31,Brighton and Hove Albion,Everton,D,1513.6642781086352,1480.9537466543204,32.71053145431483,0.2812849039511402,0.23906696825461843,0.4796481277942413,H,0.0
2025-26,2026-01-31,Wolverhampton Wanderers,Bournemouth,A,1355.5995414251713,1493.8267272537048,-138.2271858285335,0.46113905700964547,0.24491738780938394,0.29394355518097054,A,0.0
2025-26,2026-02-01,Tottenham,Manchester City,D,1467.61939538449,1692.454738403815,-224.83534301932514,0.5771382753025265,0.19940598227833137,0.22345574241914212,A,0.0
2025-26,2026-02-01,Nottingham Forest,Crystal Palace,D,1469.9184334506622,1491.3653809386992,-21.44694748803704,0.3307770836527354,0.25625335239166275,0.4129695639556018,H,0.0
2025-26,2026-02-01,Aston Villa,Brentford,A,1597.160341381438,1504.921620504834,92.23872087660402,0.23298998842456925,0.20733739043477903,0.5596726211406516,H,0.0
2025-26,2026-02-01,Manchester United,Fulham,H,1513.5632812057752,1489.0269600230372,24.536321182737993,0.2883810221105495,0.24247355917105803,0.46914541871839244,H,0.0
2025-26,2026-02-02,Sunderland,Burnley,H,1381.3190417468104,1335.1720989656774,46.14694278113302,0.2698808441898437,0.23290965699986893,0.4972094988102873,H,0.0
2025-26,2026-02-06,Leeds United,Nottingham Forest,H,1400.9482327800013,1468.8133194905902,-67.86508671058891,0.3784547449698763,0.25984298206924195,0.36170227296088175,A,0.0
2025-26,2026-02-07,Wolverhampton Wanderers,Chelsea,A,1347.551690994426,1590.459465247853,-242.90777425342685,0.6023054362609959,0.187535876290034,0.2101586874489701,A,0.0
2025-26,2026-02-07,Fulham,Everton,A,1483.8077170271076,1483.5605887227755,0.2471283043321364,0.31022556527117845,0.2509453486905781,0.4388290860382434,H,0.0
2025-26,2026-02-07,Arsenal,Sunderland,H,1705.8531201472197,1390.8732678200456,314.97985232717406,0.09318083059636362,0.1,0.8068191694036364,H,0.0
2025-26,2026-02-07,Bournemouth,Aston Villa,D,1501.87457768445,1587.7660509544605,-85.89147327001047,0.3984334537484613,0.25830345210538913,0.3432630941461496,A,0.0
2025-26,2026-02-07,Manchester United,Tottenham,H,1518.7825242017047,1472.037146767268,46.745377434436705,0.26938020058562134,0.2326200599521205,0.4979997394622581,H,0.0
2025-26,2026-02-07,Newcastle United,Brentford,A,1539.229423338002,1514.3159109318115,24.913512406190648,0.28805085500292293,0.24232226171471075,0.46962688328236635,H,0.0
2025-26,2026-02-07,Burnley,West Ham,A,1325.6178728924422,1401.2863579577515,-75.66848506530937,0.3870001092253802,0.2593774031683505,0.3536224876062693,A,0.0
2025-26,2026-02-08,Liverpool,Manchester City,A,1647.5059978863885,1688.036987021037,-40.53098913464851,0.34974166628391745,0.25903936672677885,0.3912189669893037,H,0.0
2025-26,2026-02-08,Brighton and Hove Albion,Crystal Palace,A,1511.0574360401802,1492.4704948987712,18.586941141408943,0.2936243251379976,0.24478249387034973,0.46159318099165264,H,0.0
2025-26,2026-02-10,Everton,Bournemouth,A,1491.681197251227,1502.618417732768,-10.937220481540862,0.32069198990402153,0.2539593576441172,0.4253486524518612,H,0.0
2025-26,2026-02-10,Chelsea,Leeds United,D,1595.5778533366276,1411.8468150577505,183.73103827887712,0.1686126479442266,0.14555535271085523,0.6858319993449181,H,0.0
2025-26,2026-02-10,West Ham,Manchester United,D,1411.4285318003367,1526.3351592915922,-114.90662749125545,0.43235323442320134,0.25245697363484565,0.315189791941953,A,0.0
2025-26,2026-02-10,Tottenham,Newcastle United,A,1464.4845116773806,1530.7330531506218,-66.24854147324118,0.37670408909587366,0.2599008830542603,0.3633950278498661,A,0.0
2025-26,2026-02-11,Manchester City,Fulham,H,1695.224058259405,1475.687108498656,219.53694976074894,0.146499614447373,0.12121754733045169,0.7322828382221753,H,0.0
2025-26,2026-02-11,Nottingham Forest,Wolverhampton Wanderers,D,1457.914737212841,1342.4333029056513,115.4814343071896,0.21556907197515313,0.19247409524308234,0.5919568327817645,H,0.0
2025-26,2026-02-11,Aston Villa,Brighton and Hove Albion,H,1587.0222109061426,1502.6553133066263,84.36689759951628,0.23906245296011122,0.21211920766107298,0.5488183393788159,H,0.0
2025-26,2026-02-11,Crystal Palace,Burnley,A,1500.872617632325,1315.475699049857,185.39691858246806,0.16754447306208145,0.14440171952211858,0.6880538074158,H,0.0
2025-26,2026-02-11,Sunderland,Liverpool,A,1388.3622043458836,1640.3189266480206,-251.956722302137,0.614908607924008,0.18142528282867784,0.20366610924731407,A,0.0
2025-26,2026-02-12,Brentford,Arsenal,D,1522.8122811191918,1708.3641836213817,-185.55190250218993,0.5231476691540765,0.22290448194139345,0.25394784890453004,A,0.0
2025-26,2026-02-18,Wolverhampton Wanderers,Arsenal,D,1347.0943021205298,1704.900004328184,-357.8057022076541,0.7547286442071693,0.10935348029343454,0.1359178754993962,A,0.0
2025-26,2026-02-21,Manchester City,Newcastle United,H,1699.426783320108,1537.3408958301022,162.0858874900057,0.1828325959697231,0.16061658958031252,0.6565508144499643,H,0.0
2025-26,2026-02-21,West Ham,Bournemouth,D,1412.995845497997,1510.483156475672,-97.48731097767518,0.4117300710799804,0.25645623159763886,0.3318136973223807,A,0.0
2025-26,2026-02-21,Aston Villa,Leeds United,D,1591.0732192497571,1417.9000960168114,173.17312323294573,0.17547000062506649,0.15289134057041687,0.6716386588045167,H,0.0
2025-26,2026-02-21,Brentford,Brighton and Hove Albion,A,1526.2764604123895,1498.6043049630118,27.67215544937767,0.28564420317535677,0.24119821497090846,0.4731575818537348,H,0.0
2025-26,2026-02-21,Chelsea,Burnley,D,1589.5245723775668,1325.7575187274992,263.7670536500675,0.1208395900602983,0.1,0.7791604099397017,H,0.0
2025-26,2026-02-22,Tottenham,Arsenal,A,1457.8766689979002,1697.9521214698796,-240.07545247197936,0.5983584150561903,0.18942820036332825,0.2122133845804815,A,0.0
2025-26,2026-02-22,Crystal Palace,Wolverhampton Wanderers,H,1490.5907979546828,1354.0421849788343,136.54861297584853,0.20041316870545017,0.17829193351204756,0.6212948977825022,H,0.0
2025-26,2026-02-22,Sunderland,Fulham,A,1385.2674528808452,1471.484383437953,-86.21693055710784,0.39880189503266744,0.2582606765101789,0.34293742845715364,A,0.0
2025-26,2026-02-22,Nottingham Forest,Liverpool,A,1453.2537379979624,1643.413678113059,-190.15994011509656,0.5293932398557134,0.22035419318276298,0.2502525669615237,A,0.0
2025-26,2026-02-23,Everton,Manchester United,A,1483.816458508323,1524.767845593932,-40.951387085608985,0.35016921280785346,0.25908033241250567,0.3907504547796408,H,0.0
2025-26,2026-02-27,Wolverhampton Wanderers,Aston Villa,H,1350.858632445999,1585.216017193606,-234.35738474760683,0.5903908691893494,0.19321465471889604,0.21639447609175466,A,0.0
2025-26,2026-02-28,Bournemouth,Sunderland,D,1509.408352581756,1375.4918561932345,133.9164963885214,0.20227435874903096,0.18009039167677404,0.617635249574195,H,0.0
2025-26,2026-02-28,Burnley,Brentford,A,1333.072194503937,1512.7456654728924,-179.67347096895537,0.515225238589058,0.22606462104067532,0.2587101403702666,A,0.0
2025-26,2026-02-28,Leeds United,Manchester City,A,1423.7572980729626,1702.2391743026133,-278.48187622965065,0.6516122521175675,0.16312651448897122,0.18526123339346132,A,0.0
2025-26,2026-02-28,Liverpool,West Ham,H,1647.5094180021688,1414.070649391913,233.4387686102557,0.13840325335207976,0.11214578631621665,0.7494509603317037,H,0.0
2025-26,2026-02-28,Newcastle United,Everton,A,1534.5285048475969,1476.638944133154,57.88956071444295,0.2601662186983129,0.2270021474222878,0.5128316338793992,H,0.0
2025-26,2026-03-01,Brighton and Hove Albion,Nottingham Forest,H,1512.135099902509,1449.1579981088526,62.9771017936564,0.2560270481361567,0.22430180631914456,0.5196711455446988,H,0.0
2025-26,2026-03-01,Arsenal,Chelsea,H,1704.496767447099,1582.209896601129,122.28687084597004,0.2106081975179743,0.18795160860216223,0.6014401938798635,H,0.0
2025-26,2026-03-01,Manchester United,Crystal Palace,H,1531.945359969101,1493.774350487518,38.17100948158304,0.2766121481872061,0.23664590687526066,0.48674194493753326,H,0.0
2025-26,2026-03-01,Fulham,Tottenham,H,1481.2599801255637,1451.3320230206807,29.927957104883035,0.28368670115468336,0.2402563926285434,0.47605690621677327,H,0.0
2025-26,2026-03-03,Wolverhampton Wanderers,Liverpool,H,1365.3895963362731,1651.4168582824327,-286.02726194615957,0.6619335081679225,0.1578700498521532,0.1801964419799242,A,0.0
2025-26,2026-03-03,Leeds United,Sunderland,A,1421.0332351650443,1380.5577913476548,40.47544381738953,0.2746559854629788,0.23559036899696312,0.489753645540058,H,0.0
2025-26,2026-03-03,Bournemouth,Brentford,D,1504.3424174273357,1517.0298633339983,-12.68744590666256,0.3223543998350823,0.2543780373316394,0.4232675628332784,H,0.0
2025-26,2026-03-03,Everton,Burnley,H,1485.600263623736,1328.787996642831,156.81226698090495,0.18639219167377283,0.16428840271967843,0.6493194056065487,H,0.0
2025-26,2026-03-04,Fulham,West Ham,A,1486.3669021606038,1410.1632091116492,76.20369304895462,0.24545527065143283,0.21691708118689854,0.5376276481616686,H,0.0
2025-26,2026-03-04,Brighton and Hove Albion,Arsenal,A,1516.583368948474,1707.9028536218775,-191.31948467340362,0.5309694316521131,0.21970270951739435,0.2493278588304926,A,0.0
2025-26,2026-03-04,Newcastle United,Manchester United,H,1525.5671853570148,1536.8831211629038,-11.315935805889012,0.32105113190999474,0.2540511821050025,0.4248976859850028,H,0.0
2025-26,2026-03-04,Manchester City,Nottingham Forest,D,1704.9632372105316,1444.7097290628876,260.25350814764397,0.12297118397949669,0.1,0.7770288160205033,H,0.0
2025-26,2026-03-04,Aston Villa,Chelsea,A,1570.6850533033319,1578.8038104263505,-8.118757123018668,0.3180290527546068,0.2532547390768216,0.4287162081685716,H,0.0
2025-26,2026-03-05,Tottenham,Crystal Palace,A,1446.2251009856407,1488.8365892937152,-42.61148830807451,0.35186174946701315,0.2592334205131442,0.3889048300198427,H,0.0
2025-26,2026-03-14,West Ham,Manchester City,D,1419.3622141713054,1697.6959301878537,-278.33371601654835,0.6514089097988015,0.163229646046016,0.18536144415518244,A,0.0
2025-26,2026-03-14,Chelsea,Newcastle United,A,1594.6630782757534,1531.5031665627027,63.15991171305063,0.2558790817736187,0.22420326597296394,0.5199176522534175,H,0.0
2025-26,2026-03-14,Sunderland,Brighton and Hove Albion,A,1389.2792570335816,1512.5081472168126,-123.22889018323099,0.4424753259233481,0.2500447024167728,0.3074799716598791,A,0.0
2025-26,2026-03-14,Arsenal,Everton,H,1711.9780753535388,1490.1747614450396,221.80331390849915,0.1451606912946219,0.11972087609705556,0.7351184326083224,H,0.0
2025-26,2026-03-14,Burnley,Bournemouth,D,1324.2134988215275,1502.9890082193094,-178.7755093977819,0.5140197411561874,0.22653781587860478,0.25944244296520785,A,0.0
2025-26,2026-03-15,Crystal Palace,Leeds United,D,1500.1529046846636,1412.3117694791174,87.84113520554615,0.23637134582247032,0.2100266343885691,0.5536020197889606,H,0.0
2025-26,2026-03-15,Liverpool,Tottenham,D,1641.7739618166172,1434.9087855946923,206.8651762219249,0.1541205591601036,0.12969725123093362,0.7161821896089628,H,0.0
2025-26,2026-03-15,Manchester United,Aston Villa,H,1530.9471399572158,1554.825785453929,-23.87864549671326,0.33314613215121464,0.25670816882088676,0.4101456990278986,H,0.0
2025-26,2026-03-15,Nottingham Forest,Fulham,D,1451.9770360855655,1477.1678971009476,-25.190861015382097,0.3344301954238111,0.2569416088201553,0.40862819575603365,H,0.0
2025-26,2026-03-16,Brentford,Wolverhampton Wanderers,D,1518.3832725420245,1375.0324928020887,143.3507797399359,0.19564587453630797,0.17361809000683356,0.6307360354568584,H,0.0
2025-26,2026-03-20,Bournemouth,Manchester United,D,1499.697608802282,1540.689439084085,-40.991830281803004,0.3502103663786152,0.2590842265859672,0.3907054070354176,H,0.0
2025-26,2026-03-21,Leeds United,Brentford,D,1416.3274830180285,1513.1182715097034,-96.7907884916749,0.4109215738060793,0.2565858357571155,0.3324925904368051,A,0.0
2025-26,2026-03-21,Brighton and Hove Albion,Liverpool,H,1517.8904434003423,1635.3157306867738,-117.42528728643151,0.4353985330678883,0.25176041086535556,0.3128410560667562,A,0.0
2025-26,2026-03-21,Everton,Chelsea,H,1486.8833143024808,1585.631794019479,-98.74847971699819,0.4131971696471659,0.2562155507476916,0.33058727960514256,A,0.0
2025-26,2026-03-21,Fulham,Burnley,H,1478.1664458181542,1327.504898238555,150.6615475795993,0.1905905003015185,0.16856137316214284,0.6408481265363387,H,0.0
2025-26,2026-03-22,Tottenham,Nottingham Forest,A,1441.3670167245357,1450.9784873683589,-9.611470643823168,0.3194372364986472,0.2536325766527027,0.42693018684865003,H,0.0
2025-26,2026-03-22,Aston Villa,West Ham,H,1545.0834863270597,1424.931812370398,120.15167395666185,0.2121579488154398,0.18937741480039097,0.5984646363841692,H,0.0
2025-26,2026-03-22,Newcastle United,Sunderland,A,1540.5344508189771,1383.896960850052,156.63748996892514,0.18651079619667854,0.16440999071086843,0.649079213092453,H,0.0
2025-26,2026-04-10,West Ham,Wolverhampton Wanderers,H,1419.4789898732206,1380.2974938344098,39.18149603881079,0.27575323184891404,0.236185491939319,0.4880612762117669,H,0.0
2025-26,2026-04-11,Arsenal,Bournemouth,A,1715.2695224960976,1499.1510549008824,216.11846759521518,0.14853307712036876,0.12348709165321287,0.7279798312264183,H,0.0
2025-26,2026-04-11,Brentford,Everton,D,1512.0632877988517,1501.624313484683,10.438974314168718,0.3009164720305315,0.24770240022568804,0.4513811277437805,H,0.0
2025-26,2026-04-11,Burnley,Brighton and Hove Albion,A,1322.791023053729,1525.54850181163,-202.75747875790103,0.5466063427635496,0.21307860714570653,0.2403150500907439,A,0.0
2025-26,2026-04-11,Liverpool,Fulham,H,1627.657672275486,1482.88032100298,144.77735127250594,0.19465384279918183,0.17263373663191625,0.6327124205689019,H,0.0
2025-26,2026-04-12,Sunderland,Tottenham,H,1393.9498250881416,1425.576497696087,-31.626672607945466,0.34078601410885007,0.25796395259349814,0.4012500332976518,H,0.0
2025-26,2026-04-12,Chelsea,Manchester City,A,1570.8907948372769,1692.1263319887612,-121.23553715148432,0.4400353476127993,0.2506512618935156,0.3093133904936851,A,0.0
2025-26,2026-04-12,Crystal Palace,Newcastle United,H,1496.1371911457525,1530.4815865808876,-34.344395435135084,0.3434992717529041,0.25833412328011596,0.3981666049669799,H,0.0
2025-26,2026-04-12,Nottingham Forest,Aston Villa,D,1466.7690063968075,1550.536308824237,-83.76730242742951,0.396035487191981,0.2585696713279063,0.3453948414801127,A,0.0
2025-26,2026-04-13,Manchester United,Leeds United,A,1541.2359929854847,1417.3824667288802,123.85352625660448,0.20947499297587557,0.18690170024678512,0.6036233067773393,H,0.0
2025-26,2026-04-18,Brentford,Fulham,D,1510.0632195312087,1478.0301093328128,32.03311019839589,0.281868329412306,0.23935932515792735,0.47877234542976665,H,0.0
2025-26,2026-04-18,Chelsea,Manchester United,A,1560.0439441088668,1531.4930012532664,28.550942855600397,0.2848805100416542,0.24083371925109578,0.47428577070725003,H,0.0
2025-26,2026-04-18,Leeds United,Wolverhampton Wanderers,H,1427.1254584610986,1368.8800123682104,58.24544609288819,0.25987532628264076,0.22681592913194387,0.5133087445854154,H,0.0
2025-26,2026-04-18,Newcastle United,Bournemouth,A,1524.1597168087567,1509.6349084032636,14.524808405493104,0.2972434790020481,0.24627378560596203,0.45648273539198986,H,0.0
2025-26,2026-04-18,Tottenham,Brighton and Hove Albion,D,1419.3000580995151,1531.6922981302316,-112.3922400307165,0.4293289017624921,0.25312299321023196,0.31754810502727593,A,0.0
2025-26,2026-04-19,Aston Villa,Sunderland,H,1549.8532959536608,1400.2262646847134,149.62703126894735,0.19130156265342652,0.16927861461014215,0.6394198227364313,H,0.0
2025-26,2026-04-19,Everton,Liverpool,A,1503.624381752326,1632.5078839456532,-128.88350219332733,0.44944929549223633,0.24822717543646164,0.302323529071302,A,0.0
2025-26,2026-04-19,Manchester City,Arsenal,H,1702.9731827171713,1704.7856689937164,-1.812486276545087,0.3121329121771062,0.251543844726132,0.4363232430967618,H,0.0
2025-26,2026-04-19,Nottingham Forest,Burnley,H,1467.4520192673838,1316.6472267351276,150.80479253225622,0.1904921544446151,0.16846202214703426,0.6410458234083506,H,0.0
2025-26,2026-04-20,Crystal Palace,West Ham,D,1502.4590609178833,1430.89647133942,71.5625895784633,0.2491342494860406,0.21956563565948942,0.53130011485447,H,0.0
2025-26,2026-04-21,Brighton and Hove Albion,Chelsea,H,1530.1956555007353,1551.4940889682998,-21.298433467564564,0.3306328349675025,0.25622464212809143,0.4131425229044061,H,0.0
2025-26,2026-04-22,Burnley,Manchester City,A,1310.7031203945292,1708.749765576611,-398.0466451820819,0.7875042096886574,0.1,0.11249579031134264,A,0.0
2025-26,2026-04-22,Bournemouth,Leeds United,D,1517.975720246347,1436.2040638526237,81.77165639372333,0.24108418279728425,0.21366307448926974,0.5452527427134459,H,0.0
2025-26,2026-04-24,Sunderland,Nottingham Forest,A,1397.237151676692,1473.3961256079822,-76.15897393129012,0.3875424858500373,0.2593378637571273,0.3531196503928353,A,0.0
2025-26,2026-04-25,Arsenal,Newcastle United,H,1699.0090861342767,1515.8189049656733,183.19018116860343,0.16896026229052089,0.14593017728222088,0.6851095604272582,H,0.0
2025-26,2026-04-25,Wolverhampton Wanderers,Tottenham,A,1359.8014069766853,1420.7967007290115,-60.99529375232623,0.37106119201477716,0.25999748479234286,0.36894132319288,A,0.0
2025-26,2026-04-25,Fulham,Aston Villa,H,1480.618769425942,1552.8424089616822,-72.22363953574018,0.38320836064610336,0.25962089662784205,0.35717074272605454,A,0.0
2025-26,2026-04-25,West Ham,Everton,H,1434.511969045071,1498.3579592331694,-63.84599018809831,0.374114588004225,0.2599624458126338,0.3659229661831413,A,0.0
2025-26,2026-04-25,Liverpool,Crystal Palace,H,1637.7743064648098,1498.8435632122323,138.93074325257749,0.19873667338193507,0.17665916417608776,0.6246041624419773,H,0.0
2025-26,2026-04-27,Manchester United,Brentford,H,1540.0428563938333,1507.4745594380795,32.568296955753794,0.2814073338096294,0.2391285009931852,0.47946416519718543,H,0.0
2025-26,2026-05-01,Leeds United,Burnley,H,1440.0722347352082,1309.2357999961034,130.8364347391048,0.20446398620224562,0.18218666242668569,0.6133493513710687,H,0.0
2025-26,2026-05-02,Newcastle United,Brighton and Hove Albion,H,1513.287214333128,1542.402556383223,-29.115342050095023,0.3382943501871784,0.2575893297199313,0.4041163200928903,H,0.0
2025-26,2026-05-02,Wolverhampton Wanderers,Sunderland,D,1353.0762475480349,1380.7239404563447,-27.647692908309864,0.3368450554143125,0.25735597081374545,0.40579897377194213,H,0.0
2025-26,2026-05-02,Arsenal,Fulham,H,1701.5407767668219,1487.565938793608,213.97483797321388,0.14981669269196476,0.12491733749308018,0.7252659698149551,H,0.0
2025-26,2026-05-02,Brentford,West Ham,H,1502.4221623146402,1441.3225183781512,61.099643936488974,0.25754972383871305,0.2253078145181098,0.5171424616431772,H,0.0
2025-26,2026-05-03,Aston Villa,Tottenham,A,1545.8952395940162,1427.5218601576619,118.3733794363543,0.21345333759857757,0.1905601952315903,0.5959864671698322,H,0.0
2025-26,2026-05-03,Bournemouth,Crystal Palace,H,1514.1075493637625,1493.8549695950428,20.25257976871967,0.2921495631288797,0.24415086956769064,0.4636995673034297,H,0.0
2025-26,2026-05-03,Manchester United,Liverpool,H,1545.0952535172726,1642.7629000819993,-97.66764656472674,0.4119396016999146,0.2564222906759757,0.3316381076241098,A,0.0
2025-26,2026-05-04,Chelsea,Nottingham Forest,A,1539.287188085812,1489.9093368283293,49.37785125748269,0.26718508422908926,0.23133119683980916,0.5014837189311016,H,0.0
2025-26,2026-05-04,Everton,Manchester City,D,1491.5474099000892,1710.2170859750368,-218.66967607494757,0.5685770802877776,0.20332823826084953,0.2280946814513727,A,0.0
2025-26,2026-05-09,Brighton and Hove Albion,Wolverhampton Wanderers,H,1532.5212326550575,1352.1477553546326,180.37347730042484,0.1707770133124991,0.14788420871585847,0.6813387779716424,H,0.0
2025-26,2026-05-09,Fulham,Bournemouth,A,1483.2399387423313,1524.7263599297285,-41.48642118739713,0.35071396675047817,0.2591311845831799,0.390154848666342,H,0.0
2025-26,2026-05-09,Liverpool,Chelsea,D,1635.4093321106407,1525.2670498059395,110.14228230470121,0.21950497420423246,0.19597408852790513,0.5845209372678625,H,0.0
2025-26,2026-05-09,Sunderland,Manchester United,D,1381.652432649747,1552.4488214886312,-170.79638883888424,0.503366260716074,0.23062669933699315,0.26600703994693276,A,0.0
2025-26,2026-05-09,Manchester City,Brentford,H,1705.9432756658434,1511.3906733113097,194.55260235453375,0.16174157174742682,0.13808896628317338,0.7001694619693999,H,0.0
2025-26,2026-05-10,Nottingham Forest,Newcastle United,D,1503.9294751082018,1523.1685380612937,-19.23906295309189,0.32863779031816337,0.2558155032952999,0.41554670638653673,H,0.0
2025-26,2026-05-10,West Ham,Arsenal,A,1432.3540073814818,1705.8667768180985,-273.51276943661674,0.6447796498145,0.16658225670896737,0.18863809347653265,A,0.0
2025-26,2026-05-10,Crystal Palace,Everton,D,1483.2361590290768,1495.8212202092825,-12.585061180205685,0.32225696612297294,0.25435394547298346,0.42338908840404355,H,0.0
2025-26,2026-05-10,Burnley,Aston Villa,D,1304.0508094933257,1536.2091920307635,-232.15838253743777,0.5873280225188611,0.19465778530922934,0.21801419217190957,A,0.0
2025-26,2026-05-11,Tottenham,Leeds United,D,1437.2079077209146,1445.257225237986,-8.049317517071358,0.3179636633316201,0.2532369078801644,0.4287994287882155,H,0.0
2025-26,2026-05-13,Manchester City,Crystal Palace,H,1710.7234415730213,1481.8798570454874,228.84358452753395,0.14104855293669025,0.1151147570837411,0.7438366899795686,H,0.0
2025-26,2026-05-15,Aston Villa,Liverpool,H,1531.6233920613834,1630.869478881342,-99.24608681995869,0.4137771550622223,0.2561184608261949,0.3301043841115828,A,0.0
2025-26,2026-05-17,Newcastle United,West Ham,H,1524.3363790530534,1429.563195026198,94.77318402685546,0.2310537502663591,0.205767859536563,0.5631783901970778,H,0.0
2025-26,2026-05-17,Brentford,Crystal Palace,D,1506.6105074041318,1477.8768139267775,28.733693477354336,0.2847218730229931,0.24075753265024827,0.47452059432675864,H,0.0
2025-26,2026-05-17,Everton,Sunderland,A,1497.177522192872,1384.7375308792357,112.43999131363626,0.21780640083869965,0.19447340036279123,0.5877201987985091,H,0.0
2025-26,2026-05-17,Leeds United,Brighton and Hove Albion,H,1446.7414411375955,1537.6568638822393,-90.91542274464382,0.404151534566433,0.2575845470881596,0.33826391834540737,A,0.0
2025-26,2026-05-17,Manchester United,Nottingham Forest,H,1549.3637232591425,1502.761634116442,46.60208914270038,0.26950001864234424,0.23268951602593402,0.49781046533172174,H,0.0
2025-26,2026-05-17,Wolverhampton Wanderers,Fulham,D,1347.0121241274508,1476.074583627825,-129.0624595003742,0.44967126039602706,0.2481673404155058,0.30216139918846713,A,0.0
2025-26,2026-05-18,Arsenal,Burnley,H,1708.6575891733823,1308.6366094627058,400.02097971067656,0.05949594458393275,0.1,0.8405040554160673,H,0.0
2025-26,2026-05-19,Bournemouth,Manchester City,D,1531.8917150442348,1714.7264846917312,-182.8347696474964,0.5194792552338091,0.22437845644286303,0.25614228832332786,A,0.0
2025-26,2026-05-19,Chelsea,Tottenham,H,1529.806903035238,1435.723691821305,94.08321121393305,0.23157996138792886,0.20619652464892207,0.5622235139631491,H,0.0
2025-26,2026-05-24,Manchester City,Aston Villa,A,1711.331311245378,1543.3176966520966,168.01361459328132,0.17887575355476645,0.15648571873388115,0.6646385277113523,H,0.0
2025-26,2026-05-24,Sunderland,Chelsea,H,1399.989200476406,1533.68534191799,-133.6961414415839,0.45544489600992205,0.24656936103916574,0.2979857429509122,A,0.0
2025-26,2026-05-24,Nottingham Forest,Bournemouth,D,1497.9935967904532,1535.2868884905881,-37.29329170013489,0.3464632681131249,0.25869416335151557,0.3948425685353595,H,0.0
2025-26,2026-05-24,Fulham,Newcastle United,H,1474.1125797253997,1530.4644378986231,-56.35185817322349,0.3661317877900439,0.25996620996850245,0.3739020022414536,H,0.0
2025-26,2026-05-24,Liverpool,Brentford,D,1619.1751742906288,1504.1106640804794,115.06451021014936,0.21587502491296143,0.19274900125389788,0.5913759738331407,H,0.0
2025-26,2026-05-24,Brighton and Hove Albion,Manchester United,A,1530.4097295597974,1554.1317605851314,-23.72203102533399,0.3329931432012678,0.2566797450244272,0.41032711177430503,H,0.0
2025-26,2026-05-24,Crystal Palace,Arsenal,A,1480.3766572504298,1709.4330254952242,-229.05636824479438,0.5830094670058253,0.19668029159251338,0.22031024140166114,A,0.0
2025-26,2026-05-24,Burnley,Wolverhampton Wanderers,D,1307.861173140864,1348.974128029876,-41.112954889012144,0.35033364232151487,0.25909584020312415,0.390570517475361,H,0.0
2025-26,2026-05-24,Tottenham,Everton,H,1431.8452529385531,1481.9258525957016,-50.08059965714847,0.3595605386922499,0.25975029019708357,0.38068917111066647,H,0.0
2025-26,2026-05-24,West Ham,Leeds United,H,1423.4351361806282,1453.9885754600375,-30.553439279409304,0.33971936634510325,0.2578076742210319,0.40247295943386485,H,0.0
