Season,Date,HomeTeam,AwayTeam,ActualResult,ActualNumeric,ExpectedHomeGoals,ExpectedAwayGoals,HomeProb,DrawProb,AwayProb,B365_HomeProb,B365_DrawProb,B365_AwayProb
2015-16,2015-08-08,Manchester United,Tottenham,H,0,1.5192300688772744,0.9360321252611736,0.5085788007435867,0.2588180688445448,0.23260313041186856,0.5925925925925927,0.24444444444444444,0.16296296296296295
2015-16,2015-08-08,Chelsea,Swansea,D,1,1.939066004087001,0.8103530717034065,0.6390954959045371,0.21161373450830878,0.1492907695871541,0.7165190203230849,0.19489317352787913,0.08858780614903597
2015-16,2015-08-08,Leicester City,Sunderland,H,0,1.7134892703281932,1.0359937007393296,0.5324453772632101,0.23903275609541044,0.22852186664137947,0.49813466563676106,0.27753217085476684,0.22433316350847204
2015-16,2015-08-09,Arsenal,West Ham,A,2,2.4486788642712396,0.7763457258640798,0.7412964087637082,0.15996547034039252,0.09873812089589935,0.7561436672967865,0.1625708884688091,0.08128544423440455
2015-16,2015-08-09,Newcastle United,Southampton,D,1,1.2369383845186277,1.254751178127096,0.3604663029340305,0.2705657496275999,0.36896794743836975,0.34020618556701027,0.2969072164948453,0.36288659793814426
2015-16,2015-08-09,Stoke,Liverpool,A,2,1.5712694409637638,1.079771680082391,0.48711602986559693,0.2517824546361159,0.2611015154982871,0.2875,0.2875,0.425
2015-16,2015-08-10,West Bromwich Albion,Manchester City,A,2,0.9802166504258146,2.100776921127607,0.16698905951021326,0.2018956493412527,0.631115291148534,0.1700502768408324,0.2444472729586966,0.5855024502004709
2015-16,2015-08-14,Aston Villa,Manchester United,A,2,1.0775828246802988,1.2134588126877919,0.32465785908140465,0.28350729959880877,0.39183484131978674,0.1777285138825056,0.2572386385141528,0.5650328476033415
2015-16,2015-08-15,Southampton,Everton,A,2,1.6028321198147237,1.0547328005872794,0.5009541582957315,0.24924587686736263,0.24979996483690586,0.5020047340708178,0.2719192309550263,0.2260760349741558
2015-16,2015-08-15,Sunderland,Norwich City,A,2,1.260522400328077,1.1070621998217474,0.3984876028844541,0.27782151994089854,0.3236908771746473,0.39001143728555093,0.2954632100648113,0.3145253526496378
2015-16,2015-08-15,Swansea,Newcastle United,H,0,1.6962487112103546,0.9935526762075855,0.53858338369228,0.24059043313572448,0.2208261831719956,0.5020047340708178,0.2719192309550263,0.2260760349741558
2015-16,2015-08-15,Tottenham,Stoke,D,1,1.5794279031681584,1.0414205511611945,0.4982736916501186,0.25158083927487634,0.250145469075005,0.5434782608695653,0.2608695652173913,0.19565217391304351
2015-16,2015-08-15,Watford,West Bromwich Albion,D,1,1.1853121228494268,0.7651124581815009,0.4584359532507307,0.3035493385394294,0.23801470820983986,0.425,0.2875,0.2875
2015-16,2015-08-15,West Ham,Leicester City,A,2,1.379284709373579,1.5150157782916545,0.34599092582196916,0.24741393015375107,0.40659514402427976,0.43391066545123064,0.2789425706472197,0.2871467639015497
2015-16,2015-08-16,Crystal Palace,Arsenal,A,2,1.3261459526592578,1.3851704416999755,0.35771164414862006,0.25743111297944204,0.38485724287193784,0.1858447299921497,0.2501755980663554,0.5639796719414948
2015-16,2015-08-16,Manchester City,Chelsea,H,0,2.139837489755793,1.0356248806405957,0.6259568383081928,0.200259680069225,0.1737834816225822,0.46296296296296297,0.2777777777777778,0.2592592592592593
2015-16,2015-08-17,Liverpool,Bournemouth,H,0,1.7133307342280093,0.8232427012805554,0.585269019462083,0.23688160110080342,0.1778493794371136,0.6727152024784244,0.20535516707236112,0.12192963044921443
2015-16,2015-08-22,Crystal Palace,Aston Villa,H,0,1.7240675472832834,0.8471971858102424,0.5816853935392738,0.23613253399728135,0.18218207246344487,0.5253859743451877,0.26999001459405486,0.20462401106075737
2015-16,2015-08-22,Leicester City,Tottenham,D,1,1.537289843381879,0.9920512360380261,0.499479131177308,0.25628533728363195,0.24423553153906008,0.3721734553861769,0.2718933854626792,0.3559331591511437
2015-16,2015-08-22,Manchester United,Newcastle United,D,1,1.9280236209024073,0.8247706427140316,0.6331406450774515,0.21333681275236063,0.1535225421701878,0.7168214090660842,0.18569087930092845,0.09748771163298746
2015-16,2015-08-22,Norwich City,Stoke,D,1,1.5624475670145495,1.2868297307271952,0.43800126287889,0.24763667947135895,0.31436205764975106,0.42478852519308563,0.2960647296800294,0.2791467451268848
2015-16,2015-08-22,Sunderland,Swansea,D,1,1.1535104737370885,1.2362960897713267,0.34137918916766813,0.27702307303378926,0.3815977377985426,0.24502402196293757,0.2882635552505148,0.46671242278654773
2015-16,2015-08-22,West Ham,Bournemouth,A,2,1.0984537239777143,0.9025355986550194,0.3980226501013122,0.30635672658605595,0.2956206233126318,0.40920716112531963,0.2864450127877238,0.3043478260869565
2015-16,2015-08-23,Everton,Manchester City,A,2,1.1266851852145714,2.0487225680605206,0.20338261152185957,0.2104518311379273,0.5861655573402131,0.1945459657014338,0.2431824571267922,0.5622715771717739
2015-16,2015-08-23,Watford,Southampton,D,1,1.1820629804808116,1.0029906413545695,0.3996559230529628,0.2909546017484887,0.3093894751985486,0.3488372093023256,0.2959830866807611,0.35517970401691334
2015-16,2015-08-23,West Bromwich Albion,Chelsea,A,2,0.8962227172850797,1.204307637632438,0.27393957313811457,0.29471454654050094,0.43134588032138454,0.15066263659614043,0.24482678446872821,0.6045105789351314
2015-16,2015-08-24,Arsenal,Liverpool,D,1,1.8721587606648706,0.9265688762319847,0.5957074956237861,0.22220071826478877,0.1820917861114252,0.5594405594405595,0.24475524475524477,0.19580419580419584
2015-16,2015-08-29,Liverpool,West Ham,A,2,1.6953595788560136,0.7771143464673849,0.5929271874373006,0.23799657013137984,0.16907624243131955,0.7151112395261485,0.17682750650101128,0.10806125397284022
2015-16,2015-08-29,Aston Villa,Sunderland,D,1,1.1357244246506137,0.9975003286564049,0.38731283060919713,0.2957973782487846,0.3168897911420183,0.5133945804060835,0.2801667567358913,0.20643866285802517
2015-16,2015-08-29,Bournemouth,Leicester City,D,1,1.4894281010369894,1.2318744103418673,0.4316965866203123,0.2545571790272573,0.3137462343524303,0.4428364688856729,0.2706222865412446,0.2865412445730825
2015-16,2015-08-29,Chelsea,Crystal Palace,A,2,1.954804086777871,1.0582522210575662,0.5820970282898651,0.21720040808664587,0.2007025636234891,0.7165190203230849,0.19489317352787913,0.08858780614903597
2015-16,2015-08-29,Newcastle United,Arsenal,A,2,1.018929246788718,1.6058090715114444,0.24041377672982445,0.24930412005084635,0.5102821032193292,0.1630716134598792,0.23295944779982744,0.6039689387402933
2015-16,2015-08-29,Stoke,West Bromwich Albion,A,2,1.6371345853208101,0.8882568111798348,0.5503135721715614,0.24621824081041585,0.2034681870180228,0.49829018075232057,0.28578407425500735,0.21592574499267222
2015-16,2015-08-29,Tottenham,Everton,D,1,1.7101093065732695,0.9189536532631134,0.560293061316738,0.23867819958724737,0.20102873909601468,0.48837209302325585,0.27906976744186046,0.23255813953488372
2015-16,2015-08-29,Manchester City,Watford,H,0,2.592655517327804,0.7042309158734062,0.7788227704357563,0.14261747347797712,0.07855975608626647,0.8130081300813008,0.1219512195121951,0.06504065040650406
2015-16,2015-08-30,Southampton,Norwich City,H,0,1.5596059705130523,1.4230223509114535,0.40848295560258624,0.24320405984768256,0.34831298454973125,0.4765957446808511,0.27914893617021275,0.24425531914893614
2015-16,2015-08-30,Swansea,Manchester United,H,0,1.4100808886527902,0.885111467270395,0.4923600836254499,0.271599006093371,0.23604091028117907,0.270935960591133,0.29556650246305416,0.4334975369458128
2015-16,2015-09-12,Crystal Palace,Manchester City,A,2,1.2918894220631776,1.4789480624489824,0.33091254823018457,0.2530774734812279,0.41600997828858755,0.1784778238632026,0.23372095982086052,0.5878012163159367
2015-16,2015-09-12,Arsenal,Stoke,H,0,2.3505435208260472,0.9060534981694459,0.6954681336445522,0.17619990743844666,0.12833195891700122,0.7561436672967865,0.1625708884688091,0.08128544423440455
2015-16,2015-09-12,Manchester United,Liverpool,H,0,1.372176234707894,0.8658219802694598,0.48683301400085766,0.276405838351796,0.23676114764734632,0.4877741700351202,0.2869259823736001,0.22529984759127952
2015-16,2015-09-12,Norwich City,Bournemouth,H,0,1.6062285848540776,1.0326387157131094,0.5070857553791726,0.24914830028153565,0.24376594433929172,0.40718562874251496,0.2874251497005988,0.3053892215568862
2015-16,2015-09-12,Everton,Chelsea,H,0,0.9128800864771417,1.2670335797177323,0.2676155127565971,0.286852851726893,0.4455316355165098,0.24324324324324326,0.2702702702702703,0.4864864864864865
2015-16,2015-09-12,West Bromwich Albion,Southampton,D,1,1.1682151050952476,1.1964466954806676,0.35359487905190323,0.27902874966067415,0.3673763712874226,0.30487804878048785,0.30487804878048785,0.39024390243902446
2015-16,2015-09-12,Watford,Swansea,H,0,1.1587676025944327,1.116813107976916,0.367698196324877,0.28542159588398264,0.34688020779114037,0.35602094240837695,0.28795811518324604,0.35602094240837695
2015-16,2015-09-13,Leicester City,Aston Villa,H,0,1.9540804231190223,0.8423272533013636,0.6342877677622961,0.2112497927548327,0.15446243948287125,0.5127043318187702,0.2611374063396936,0.22615826184153603
2015-16,2015-09-13,Sunderland,Tottenham,A,2,1.0686750453455502,1.439557564432866,0.280316598794874,0.26391031785037855,0.4557730833547475,0.2260760349741558,0.2719192309550263,0.5020047340708178
2015-16,2015-09-14,West Ham,Newcastle United,H,0,1.3681508873040173,0.8710123300745403,0.48441174400907305,0.276748662118301,0.23883959387262596,0.43391066545123064,0.2789425706472197,0.2871467639015497
2015-16,2015-09-19,Aston Villa,West Bromwich Albion,A,2,1.169982418541329,0.8867042607767759,0.4234597771061877,0.2991828683531249,0.27735735454068744,0.4228624535315985,0.2992565055762082,0.2778810408921933
2015-16,2015-09-19,Bournemouth,Sunderland,H,0,1.3918813731536073,0.8332075902421043,0.5005564293644466,0.2747505889319077,0.22469298170364574,0.5766710353866318,0.24508519003931847,0.1782437745740498
2015-16,2015-09-19,Chelsea,Arsenal,H,0,1.3836947383080762,1.7536178076170998,0.30434928586409815,0.23271834830978544,0.46293236582611647,0.3973509933774835,0.27814569536423844,0.3245033112582782
2015-16,2015-09-19,Manchester City,West Ham,A,2,2.6177473515272727,0.712184312977876,0.7806585036112996,0.1411057224540987,0.07823577393460168,0.7600318894499071,0.1508370980600585,0.08913101249003456
2015-16,2015-09-19,Newcastle United,Watford,A,2,1.004023076529008,1.0826974826819278,0.3295645456159752,0.300392639409949,0.3700428149740759,0.39001143728555093,0.2954632100648113,0.3145253526496378
2015-16,2015-09-19,Stoke,Leicester City,D,1,1.3101693438596007,1.3216850484876204,0.36629352049570735,0.26204635443619795,0.37166012506809476,0.3893129770992367,0.28625954198473286,0.3244274809160305
2015-16,2015-09-19,Swansea,Everton,D,1,1.645837797708019,0.8396234790282782,0.56481980733385,0.2448180906227877,0.19036210204336237,0.425,0.2875,0.2875
2015-16,2015-09-20,Liverpool,Norwich City,D,1,1.4770675412312033,1.0909855963585635,0.46039313747463434,0.25992183699823157,0.27968502552713403,0.5855024502004709,0.2444472729586966,0.1700502768408324
2015-16,2015-09-20,Southampton,Manchester United,A,2,1.3307262008938807,1.0266859975285791,0.4362567887640276,0.2754897226609291,0.2882534885750433,0.3145253526496378,0.2954632100648113,0.39001143728555093
2015-16,2015-09-20,Tottenham,Crystal Palace,H,0,1.598852573215409,1.0775792710574514,0.4945417607755022,0.24933436724515295,0.2561238719793448,0.4864864864864865,0.2702702702702703,0.24324324324324326
2015-16,2015-09-26,Newcastle United,Chelsea,D,1,0.7157781697996994,1.44023597830143,0.1857571028978226,0.2696760708325631,0.5445668262696143,0.1630716134598792,0.23295944779982744,0.6039689387402933
2015-16,2015-09-26,Liverpool,Aston Villa,H,0,2.021481998338033,0.8080638956882312,0.6567194714319156,0.20284352745201037,0.14043700111607405,0.6361646262244228,0.2247879626150963,0.13904741116048097
2015-16,2015-09-26,Manchester United,Sunderland,H,0,2.0631277635424663,0.6461653346039239,0.7053286963735704,0.18975540676173086,0.1049158968646987,0.8097165991902834,0.12955465587044532,0.060728744939271245
2015-16,2015-09-26,Leicester City,Arsenal,A,2,1.2145233558055115,1.6063686403997999,0.28883458855351324,0.24632609880954998,0.4648393126369368,0.21621621621621623,0.24324324324324326,0.5405405405405406
2015-16,2015-09-26,West Ham,Norwich City,D,1,1.3771705036181177,1.2269188812912424,0.4037441823065605,0.26279152631105157,0.33346429138238787,0.43391066545123064,0.2789425706472197,0.2871467639015497
2015-16,2015-09-26,Stoke,Bournemouth,H,0,1.3849734586374292,1.0856567151076266,0.4373138136138513,0.26819552063697605,0.2944906657491728,0.3812824956672444,0.29462738301559793,0.3240901213171577
2015-16,2015-09-26,Tottenham,Manchester City,H,0,1.4099603311871292,1.639198876995418,0.33052164815515706,0.23909574388591268,0.43038260795893035,0.2323303457106274,0.25678617157490397,0.5108834827144687
2015-16,2015-09-26,Southampton,Swansea,H,0,1.4767004446038186,1.0165627194336766,0.47787016754401174,0.26179858597666517,0.2603312464793232,0.478231748158071,0.28834561286001337,0.23342263898191556
2015-16,2015-09-27,Watford,Crystal Palace,A,2,1.3384113797846164,0.9391375255853209,0.45928889568949377,0.2780438101077526,0.26266729420275375,0.39001143728555093,0.2954632100648113,0.3145253526496378
2015-16,2015-09-28,West Bromwich Albion,Everton,A,2,1.2234972238768662,1.0016608912633054,0.4119352572717926,0.28701107727443026,0.3010536654537771,0.3145253526496378,0.2954632100648113,0.39001143728555093
2015-16,2015-10-03,Norwich City,Leicester City,A,2,1.4817187245671055,1.056147478608468,0.46976596287440847,0.2604032590632856,0.2698307780623059,0.42478852519308574,0.27914674512688487,0.29606472968002945
2015-16,2015-10-03,Sunderland,West Ham,D,1,1.0012826474854242,1.3698958519402435,0.27434618722648707,0.2726642172073255,0.45298959556618745,0.3053892215568862,0.2874251497005988,0.40718562874251496
2015-16,2015-10-03,Aston Villa,Stoke,A,2,1.0740091802764151,1.0397664725666556,0.3595992900330434,0.2983293594141817,0.342071350552775,0.39001143728555093,0.2954632100648113,0.3145253526496378
2015-16,2015-10-03,Bournemouth,Watford,D,1,1.278653516990542,0.9945666936927703,0.42928131138739106,0.2819541182894535,0.2887645703231554,0.4645476772616137,0.2787286063569682,0.2567237163814181
2015-16,2015-10-03,Chelsea,Southampton,A,2,1.9135067889707449,1.0535543126626181,0.5741774217488101,0.22081581025846592,0.20500676799272394,0.5330932012606935,0.2636650157586673,0.2032417829806394
2015-16,2015-10-03,Crystal Palace,West Bromwich Albion,H,0,1.614849211765605,0.8970788828193967,0.5425774986510964,0.24868821271569175,0.20873428863321192,0.5335230304108126,0.27120754045882983,0.19526942913035747
2015-16,2015-10-03,Manchester City,Newcastle United,H,0,2.91221502667548,0.6199529434018975,0.8360887684914398,0.11157501613382469,0.05233621537473567,0.7844827586206897,0.1400862068965517,0.07543103448275863
2015-16,2015-10-04,Arsenal,Manchester United,H,0,2.243849608191729,1.1749049315912372,0.6147222795452645,0.19584601372943866,0.18943170672529683,0.4871794871794872,0.25641025641025644,0.25641025641025644
2015-16,2015-10-04,Everton,Liverpool,D,1,1.4184633742404662,1.0907009257189901,0.44507901529540844,0.265077445924662,0.2898435387799296,0.3625285605483625,0.2878903274942879,0.3495811119573496
2015-16,2015-10-04,Swansea,Tottenham,D,1,1.259190055929019,1.3288378114080335,0.3514351884908395,0.26443913559431376,0.3841256759148467,0.35356969402622634,0.29917435648373,0.34725594949004374
2015-16,2015-10-17,Chelsea,Aston Villa,H,0,2.1778345205218854,0.8109071637395152,0.6864495093792875,0.18722900419568783,0.12632148642502455,0.7329742821632302,0.1695401383090602,0.09748557952770963
2015-16,2015-10-17,Crystal Palace,West Ham,A,2,1.6839688624304512,1.1540334963834462,0.4975381982504913,0.2411055447095527,0.261356257039956,0.4864864864864865,0.2702702702702703,0.24324324324324326
2015-16,2015-10-17,Everton,Manchester United,A,2,1.2808929736068686,1.3091760908774874,0.3611247495531452,0.264477563317764,0.37439768712909083,0.30107526881720426,0.28779253636938645,0.4111321948134092
2015-16,2015-10-17,Manchester City,Bournemouth,H,0,2.888070716540681,0.7123503209411693,0.8156047328792893,0.12029026106231508,0.0641050060583957,0.7329742821632302,0.1695401383090602,0.09748557952770963
2015-16,2015-10-17,Southampton,Leicester City,D,1,1.6883795669173758,1.0993100432216847,0.511359417628265,0.24116720821980978,0.24747337415192522,0.5594405594405595,0.24475524475524477,0.19580419580419584
2015-16,2015-10-17,Tottenham,Liverpool,D,1,1.6985918025640085,0.9927362520892303,0.5393454458442354,0.24035860575388676,0.22029594840187788,0.39252336448598135,0.2803738317757009,0.32710280373831774
2015-16,2015-10-17,Watford,Arsenal,A,2,1.055527691057432,2.0683003011057157,0.18611758039492263,0.2071085467192577,0.6067738728858196,0.1630716134598792,0.23295944779982744,0.6039689387402933
2015-16,2015-10-17,West Bromwich Albion,Sunderland,H,0,1.3010170584359753,0.8706364763495205,0.46566549231045035,0.28461427209670276,0.2497202355928469,0.478231748158071,0.28834561286001337,0.23342263898191556
2015-16,2015-10-18,Newcastle United,Norwich City,H,0,0.9329274217047673,1.1846948636811723,0.2883635326014954,0.2948790537095268,0.4167574136889779,0.374885145482389,0.286676875957121,0.33843797856049007
2015-16,2015-10-19,Swansea,Stoke,A,2,1.2836437875480609,1.008117275708441,0.427507354278099,0.28082984487850604,0.2916628008433949,0.478231748158071,0.28834561286001337,0.23342263898191556
2015-16,2015-10-24,Arsenal,Everton,H,0,2.989275456968381,0.924522504569566,0.7872114374515242,0.1277050448426437,0.08508351770583208,0.674237047551455,0.20440028388928316,0.1213626685592619
2015-16,2015-10-24,Aston Villa,Swansea,A,2,0.98344633497067,1.0041479944254899,0.33974051490305057,0.3096485513967457,0.35061093370020374,0.3264840182648402,0.29680365296803657,0.3767123287671233
2015-16,2015-10-24,Leicester City,Crystal Palace,H,0,1.7218029503544543,1.1488700333150426,0.5077901138402661,0.23800576581971186,0.25420412034002215,0.4428364688856729,0.2706222865412446,0.2865412445730825
2015-16,2015-10-24,Norwich City,West Bromwich Albion,A,2,1.3804632441996103,1.0386953380464168,0.4470134544416501,0.2703357978653136,0.28265074769303633,0.48837209302325585,0.27906976744186046,0.23255813953488372
2015-16,2015-10-24,Stoke,Watford,A,2,1.4502892774687721,0.9484220024531891,0.4874363948899447,0.2659101522473345,0.24665345286272086,0.46267087276550994,0.29442691903259727,0.24290220820189273
2015-16,2015-10-24,West Ham,Chelsea,H,0,1.5372558825648341,1.1364565903568506,0.4653230336892537,0.2536040894719278,0.2810728768388184,0.24366984544557713,0.25649457415323906,0.4998355804011839
2015-16,2015-10-25,Liverpool,Southampton,D,1,1.5377520568510608,1.0572864323143847,0.4839380444652435,0.2552152562825977,0.2608466992521587,0.4741767764298094,0.27001733102253034,0.2558058925476603
2015-16,2015-10-25,Bournemouth,Tottenham,A,2,1.0379143608933454,1.3048818825021855,0.29607183184282093,0.2774303162526376,0.42649785190454137,0.2871467639015497,0.2789425706472197,0.43391066545123064
2015-16,2015-10-25,Sunderland,Newcastle United,H,0,1.2224627118234666,1.095017338104107,0.3905111794845899,0.2816858071887937,0.32780301332661643,0.3757621951219512,0.28734756097560976,0.33689024390243905
2015-16,2015-10-25,Manchester United,Manchester City,D,1,1.5844685228867659,2.130209082473953,0.2880902213655162,0.20839848319451107,0.5035112954399728,0.37433155080213903,0.27807486631016043,0.3475935828877006
2015-16,2015-10-31,Chelsea,Liverpool,A,2,1.5970314996470345,0.9621076763065163,0.5219400411142029,0.25052420108749957,0.22753575779829757,0.46296296296296297,0.2777777777777778,0.2592592592592593
2015-16,2015-10-31,Crystal Palace,Manchester United,D,1,1.1578893556664898,1.269356396461716,0.3359834152825987,0.274255051914898,0.3897615328025032,0.2567237163814181,0.2787286063569682,0.4645476772616137
2015-16,2015-10-31,Manchester City,Norwich City,H,0,2.8333515181884317,0.776222834401287,0.796317982058271,0.12884847894199852,0.07483353899973057,0.7561436672967865,0.1625708884688091,0.08128544423440455
2015-16,2015-10-31,Newcastle United,Stoke,D,1,1.2081067317639282,1.3262598667478713,0.3383634534467768,0.26732878700462614,0.3943077595485971,0.40718562874251496,0.2874251497005988,0.3053892215568862
2015-16,2015-10-31,Swansea,Arsenal,A,2,1.048243584357902,1.8908409955615966,0.20680179673272844,0.222779797027265,0.5704184062400066,0.19580419580419584,0.24475524475524477,0.5594405594405595
2015-16,2015-10-31,Watford,West Ham,H,0,1.201634129748832,1.3865709074638635,0.32501905671307757,0.2632696624724535,0.4117112808144689,0.3757621951219512,0.28734756097560976,0.33689024390243905
2015-16,2015-10-31,West Bromwich Albion,Leicester City,A,2,1.2622917662959368,1.410594525602514,0.33627460594192216,0.25886885940432963,0.4048565346537481,0.33689024390243905,0.28734756097560976,0.3757621951219512
2015-16,2015-11-01,Everton,Sunderland,H,0,1.6483267839315912,0.9479492989586351,0.5381458494179319,0.24527840658969569,0.21657574399237242,0.6521739130434783,0.21739130434782608,0.13043478260869565
2015-16,2015-11-01,Southampton,Bournemouth,H,0,1.6767990426357517,0.8177094590727295,0.5779684041241436,0.24095987649871795,0.1810717193771384,0.6263979613411526,0.22423021710826477,0.14937182155058254
2015-16,2015-11-02,Tottenham,Aston Villa,H,0,2.5186320596397365,0.6858058116465477,0.7721487825342861,0.14760646074503583,0.08024475672067809,0.674237047551455,0.20440028388928316,0.1213626685592619
2015-16,2015-11-07,Leicester City,Watford,H,0,1.9022401084320086,0.9490966130722839,0.5968294695790636,0.2197589777208381,0.18341155270009835,0.5268833769835156,0.25650901247881686,0.21660761053766756
2015-16,2015-11-07,Manchester United,West Bromwich Albion,H,0,1.818111887189908,0.8860506572940522,0.5936320075437417,0.22679534672660823,0.17957264572965004,0.733048259010385,0.1857055589492975,0.08124618204031767
2015-16,2015-11-07,Bournemouth,Newcastle United,A,2,1.2944045239344832,1.1966154538414724,0.3882169920507452,0.2702251287728835,0.3415578791763712,0.43391066545123064,0.2789425706472197,0.2871467639015497
2015-16,2015-11-07,Norwich City,Swansea,H,0,1.2688624295548867,1.1560532950259008,0.3900250462783311,0.2743973285348748,0.3355776251867941,0.3982618552805592,0.28698280748157945,0.3147553372378613
2015-16,2015-11-07,West Ham,Everton,D,1,1.6245416944860323,1.086044265967569,0.4989147654133535,0.24693029178471462,0.25415494280193185,0.37433155080213903,0.27807486631016043,0.3475935828877006
2015-16,2015-11-07,Stoke,Chelsea,H,0,1.341012354533075,0.965462510596016,0.45363417468412487,0.2768426601922537,0.26952316512362146,0.2558058925476603,0.27001733102253034,0.4741767764298094
2015-16,2015-11-07,Sunderland,Southampton,A,2,1.0943664440427452,1.473644232406564,0.28115322828758427,0.2601292822777616,0.4587174894346542,0.20454545454545456,0.2556818181818182,0.5397727272727273
2015-16,2015-11-08,Arsenal,Tottenham,D,1,2.6771787047192555,1.0470574018295973,0.7186714472912306,0.15713055999940365,0.12419799270936578,0.5622715771717739,0.2431824571267922,0.1945459657014338
2015-16,2015-11-08,Aston Villa,Manchester City,D,1,0.7134632989611728,2.318615389070708,0.09771535260862997,0.16780817937257897,0.734476468018791,0.12972972972972974,0.19459459459459463,0.6756756756756758
2015-16,2015-11-08,Liverpool,Crystal Palace,A,2,1.553717065648771,0.965596987119244,0.5101393918822795,0.254928097896664,0.23493251022105643,0.5821375682990348,0.25583414185773373,0.16202828984323137
2015-16,2015-11-21,Watford,Manchester United,A,2,1.0849444723944814,1.0696057727557746,0.3564080941312865,0.29497313607957715,0.34861876978913636,0.22529984759127952,0.2869259823736001,0.4877741700351202
2015-16,2015-11-21,West Bromwich Albion,Arsenal,H,0,1.026043959537202,1.9195620142418637,0.1981650818838765,0.21977556490454017,0.5820593532115833,0.13904741116048094,0.22478796261509623,0.6361646262244227
2015-16,2015-11-21,Chelsea,Norwich City,H,0,1.4708614902676174,0.8856399740561769,0.5085216479213719,0.26469864352919104,0.22677970854943713,0.696594427244582,0.19504643962848295,0.10835913312693496
2015-16,2015-11-21,Everton,Aston Villa,H,0,1.8566656573623272,0.7334080522104897,0.6410071397473112,0.21769873698316816,0.14129412326952065,0.61906165672691,0.2314111431098211,0.14952720016326904
2015-16,2015-11-21,Manchester City,Liverpool,A,2,2.63223519824302,0.8165375367888598,0.7605174049470937,0.1470968302357507,0.09238576481715553,0.5766710353866318,0.24508519003931847,0.1782437745740498
2015-16,2015-11-21,Newcastle United,Leicester City,A,2,1.1101750295057413,1.8534494311988223,0.2258129361477406,0.2267953854572364,0.547391678395023,0.33875338753387535,0.2710027100271003,0.39024390243902446
2015-16,2015-11-21,Southampton,Stoke,A,2,1.7117992569637814,0.9325320863306433,0.5573177906749428,0.23864028436588533,0.20404192495917176,0.6185111552904793,0.24276562845151314,0.1387232162580075
2015-16,2015-11-21,Swansea,Bournemouth,D,1,1.2850753573206057,0.8492069345626314,0.4664790270495189,0.28727104373476764,0.2462499292157136,0.5115089514066496,0.2713839158851947,0.21710713270815574
2015-16,2015-11-22,Tottenham,West Ham,H,0,1.7920945123983418,0.9330756818997148,0.5760004829906276,0.23041904274053737,0.19358047426883504,0.61906165672691,0.2314111431098211,0.14952720016326904
2015-16,2015-11-23,Crystal Palace,Sunderland,A,2,1.6522256870645364,0.8810146437284184,0.555844328874613,0.24451437988500005,0.19964129124038685,0.6185111552904793,0.24276562845151314,0.1387232162580075
2015-16,2015-11-28,Aston Villa,Watford,A,2,0.8733918140730014,1.208257284795211,0.26649586071147807,0.2954209604800701,0.4380831788084518,0.3551797040169133,0.29598308668076106,0.34883720930232553
2015-16,2015-11-28,Bournemouth,Everton,D,1,1.0548302987926026,1.4397462773337186,0.2766276077476811,0.2643051440148785,0.4590672482374404,0.33720494567253656,0.2716373173473211,0.3911577369801424
2015-16,2015-11-28,Crystal Palace,Newcastle United,H,0,1.451512016631731,0.9469287499958805,0.48812836624424305,0.2658114058677304,0.24606022788802653,0.5730697301629708,0.24979962596847446,0.17713064386855462
2015-16,2015-11-28,Leicester City,Manchester United,D,1,1.7411098363453896,0.9654431993260841,0.5561433300205384,0.23598052132006925,0.20787614865939227,0.31472461596103407,0.27875608842263017,0.4065192956163357
2015-16,2015-11-28,Manchester City,Southampton,H,0,2.2507062856948483,0.9245865461744445,0.6731807683000026,0.1860042044587532,0.14081502724124417,0.6111790721746495,0.22583984191211068,0.16298108591323987
2015-16,2015-11-28,Sunderland,Stoke,H,0,1.1335228932152925,1.226870869666795,0.3377176981431096,0.27897694000818735,0.38330536184870295,0.30526713233905983,0.2960166131772702,0.39871625448367
2015-16,2015-11-29,Liverpool,Swansea,H,0,1.7279627856213067,0.8231372631507111,0.5887479044373178,0.23522162767405413,0.17603046788862797,0.674237047551455,0.20440028388928316,0.1213626685592619
2015-16,2015-11-29,Norwich City,Arsenal,D,1,0.98817871104123,2.0107269853201295,0.17886422104494648,0.21044320506657996,0.6106925738884735,0.1630716134598792,0.23295944779982744,0.6039689387402933
2015-16,2015-11-29,Tottenham,Chelsea,D,1,1.9352675664654106,0.9529699800700469,0.6030844267334546,0.2166389500952551,0.18027662317129034,0.3757621951219512,0.28734756097560976,0.33689024390243905
2015-16,2015-11-29,West Ham,West Bromwich Albion,D,1,1.3976694199238484,1.0582702266717328,0.4470637301754366,0.2680550887744868,0.28488118105007654,0.4765957446808511,0.27914893617021275,0.24425531914893614
2015-16,2015-12-05,Southampton,Aston Villa,D,1,1.9992569970001806,0.6761555561630062,0.6853519044061235,0.19865086329966525,0.11599723229421127,0.6521739130434783,0.21739130434782608,0.13043478260869565
2015-16,2015-12-05,Arsenal,Sunderland,H,0,2.793991034193501,0.7421382737618322,0.79809548940404,0.1293659582348507,0.0725385523611094,0.7609013754755634,0.16359379572724614,0.07550482879719053
2015-16,2015-12-05,Chelsea,Bournemouth,A,2,1.7444196644754304,0.7754838028078238,0.6048774453415128,0.2321823655881357,0.16294018907035152,0.7131622220633446,0.18474297562021877,0.1020948023164367
2015-16,2015-12-05,Manchester United,West Ham,D,1,1.6437914611948088,0.7327162629110692,0.5921890886009279,0.24329484441632349,0.16451606698274857,0.6756756756756758,0.21621621621621623,0.10810810810810811
2015-16,2015-12-05,Swansea,Leicester City,A,2,1.1322616904525415,1.4658770096043905,0.2923569296322659,0.25967132487716926,0.44797174549056484,0.3602388749759199,0.28607204777499523,0.35368907724908505
2015-16,2015-12-05,Watford,Norwich City,H,0,1.5538002579254893,0.8670810608279634,0.534789543016308,0.255436083048427,0.20977437393526488,0.4521801543154494,0.27776780907949034,0.2700520366050601
2015-16,2015-12-05,West Bromwich Albion,Tottenham,D,1,1.10921392216047,1.4980837523583739,0.28079574459174655,0.25760432470716077,0.46159993070109273,0.20462401106075737,0.26999001459405486,0.5253859743451877
2015-16,2015-12-05,Stoke,Manchester City,H,0,1.0683152267077447,1.2779647723934244,0.3095571300438798,0.27840074938932463,0.41204212056679557,0.18515997277059223,0.24302246426140234,0.5718175629680056
2015-16,2015-12-06,Newcastle United,Liverpool,H,0,0.9182699990654969,1.5256480401220887,0.22703842291916262,0.25830506083528476,0.5146565162455525,0.17014536554838933,0.2259436147582537,0.6039110196933571
2015-16,2015-12-07,Everton,Crystal Palace,D,1,1.569935869032582,0.9057196217568079,0.5291301759669486,0.2535753246661246,0.21729449936692677,0.4665629860031104,0.2721617418351478,0.26127527216174184
2015-16,2015-12-12,Bournemouth,Manchester United,H,0,1.031546334480226,1.2053258705231582,0.31312015744578475,0.2870143265758909,0.3998655159783244,0.2875,0.2875,0.425
2015-16,2015-12-12,Crystal Palace,Southampton,H,0,1.3759145957733039,1.1676673657767065,0.41637289776211195,0.26557677612707453,0.31805032611081346,0.3767123287671233,0.29680365296803657,0.3264840182648402
2015-16,2015-12-12,Manchester City,Swansea,H,0,2.1308128337242596,0.7494683863025922,0.692496782927925,0.1886158525855576,0.1188873644865173,0.7491486946651532,0.1623155505107832,0.08853575482406358
2015-16,2015-12-12,Norwich City,Everton,D,1,1.1160048029704244,1.4482935213236197,0.29122418192177985,0.26166519494109236,0.44711062313712785,0.337174159425765,0.2793728749527767,0.3834529656214583
2015-16,2015-12-12,Sunderland,Watford,A,2,1.1284602333635791,1.3383094436226304,0.3146305576164654,0.2703384585015271,0.4150309838820075,0.335407327253053,0.29475189364662235,0.3698407791003246
2015-16,2015-12-12,West Ham,Stoke,D,1,1.273044328955494,1.1401186754496013,0.39465295076063206,0.2749710034142572,0.3303760458251108,0.3698407791003246,0.29475189364662235,0.335407327253053
2015-16,2015-12-13,Aston Villa,Arsenal,A,2,0.702624114865499,2.097103826806525,0.11287476176925022,0.18946572741241488,0.697659510818335,0.149527200163269,0.23141114310982105,0.6190616567269098
2015-16,2015-12-13,Liverpool,West Bromwich Albion,D,1,1.7427994146573726,0.8101301911355876,0.5955582840709251,0.23324842107659222,0.17119329485248255,0.6969919295671314,0.20542920029347028,0.0975788701393984
2015-16,2015-12-13,Tottenham,Newcastle United,A,2,2.076971476675904,0.6764932047013795,0.7003469857657876,0.19008481881180003,0.10956819542241238,0.7151112395261485,0.17682750650101128,0.10806125397284022
2015-16,2015-12-14,Leicester City,Chelsea,H,0,2.0141979616647427,0.9394840481453967,0.6231083282407051,0.20862987309447267,0.1682617986648223,0.30525143811467803,0.27908702913341993,0.415661532751902
2015-16,2015-12-19,Chelsea,Sunderland,H,0,1.9593676863198628,0.7523650200606112,0.6579393488470706,0.20695481140392036,0.1351058397490091,0.733048259010385,0.1857055589492975,0.08124618204031767
2015-16,2015-12-19,Everton,Leicester City,A,2,1.469736804458432,1.2945002641834213,0.41311884655222497,0.2535796810810109,0.3333014723667641,0.4665629860031104,0.26127527216174184,0.2721617418351478
2015-16,2015-12-19,Manchester United,Norwich City,A,2,2.0396475853508025,0.7299786532752008,0.6797643631693179,0.19712753465250232,0.12310810217817976,0.6698774080560421,0.2158493870402802,0.11427320490367776
2015-16,2015-12-19,Newcastle United,Aston Villa,D,1,1.3770930935661048,0.8537096544269305,0.49125615201997774,0.2761069071746594,0.23263694080536285,0.4765957446808511,0.27914893617021275,0.24425531914893614
2015-16,2015-12-19,Southampton,Tottenham,A,2,1.3525372425343798,1.1406192249287366,0.4161464125881357,0.26862845519688483,0.3152251322149794,0.3625285605483625,0.2878903274942879,0.3495811119573496
2015-16,2015-12-19,Stoke,Crystal Palace,A,2,1.4864424793089968,0.9366437154805101,0.4998867041324143,0.2622918401576535,0.23782145570993218,0.39024390243902446,0.30487804878048785,0.30487804878048785
2015-16,2015-12-19,West Bromwich Albion,Bournemouth,A,2,1.3265671531644274,1.0901515420612724,0.4204803153946208,0.2730932054123056,0.3064264791930736,0.3812824956672444,0.29462738301559793,0.3240901213171577
2015-16,2015-12-20,Swansea,West Ham,D,1,1.1143999050273379,1.045090298828178,0.3704061175832427,0.2943433069828276,0.3352505754339297,0.46379853095487933,0.28646379853095494,0.24973767051416584
2015-16,2015-12-20,Watford,Liverpool,H,0,1.5972462043659463,1.2805373297703868,0.4479495923954711,0.24540912878023594,0.306641278824293,0.2314540059347181,0.2700296735905045,0.49851632047477756
2015-16,2015-12-21,Arsenal,Manchester City,H,0,1.8271278378591185,0.9950774398230431,0.5688461618297248,0.2279293203297153,0.20322451784055987,0.3973509933774835,0.27814569536423844,0.3245033112582782
2015-16,2015-12-26,Bournemouth,Crystal Palace,D,1,1.358257298313714,1.1759799143176508,0.40984015743207436,0.2665562295347007,0.32360361303322493,0.3956834532374101,0.2877697841726619,0.31654676258992803
2015-16,2015-12-26,Chelsea,Watford,D,1,1.8003119117614892,1.1798704675976937,0.5190489574831403,0.23144081280826181,0.24951022970859796,0.6613756613756613,0.21164021164021163,0.12698412698412698
2015-16,2015-12-26,Aston Villa,West Ham,D,1,0.898152253829144,1.2421864402030336,0.2677404666492574,0.29030435666057314,0.4419551766901695,0.36158592090624053,0.2926064529179731,0.34580762617578636
2015-16,2015-12-26,Swansea,West Bromwich Albion,H,0,1.2149197936313492,0.9367380880586577,0.42471065209115566,0.29141021698661784,0.28387913092222666,0.5034716509263221,0.282832603902728,0.21369574517095002
2015-16,2015-12-26,Liverpool,Leicester City,H,0,1.3614484933129751,1.312112473335712,0.38162914287809213,0.2595731057475664,0.3587977513743414,0.49868766404199477,0.25065616797900264,0.25065616797900264
2015-16,2015-12-26,Stoke,Manchester United,H,0,1.4263149863433258,1.1599659518155245,0.4313820366492823,0.2619361856714481,0.3066817776792695,0.2916584109371904,0.29621557360808404,0.41212601545472566
2015-16,2015-12-26,Newcastle United,Everton,A,2,1.1043987029477504,1.446171118330805,0.28855847489241543,0.2622183981039426,0.4492231270036419,0.2968388589051658,0.27139552814186585,0.4317656129529684
2015-16,2015-12-26,Southampton,Arsenal,H,0,1.0683988300285543,1.5873964676706682,0.25565455329375797,0.25049354796036727,0.49385189874587476,0.2642238998342847,0.2717731541152642,0.46400294605045117
2015-16,2015-12-26,Manchester City,Sunderland,H,0,2.0819829816835935,0.845268539581528,0.6597121963018909,0.19835611933205963,0.14193168436604947,0.7913043478260869,0.13565217391304346,0.07304347826086957
2015-16,2015-12-26,Tottenham,Norwich City,H,0,1.8289700703618978,0.7283590683267263,0.6362489311224432,0.22072098257420522,0.1430300863033517,0.6803939122649956,0.20053715308863027,0.11906893464637423
2015-16,2015-12-28,Arsenal,Bournemouth,H,0,2.2363052006678377,0.9195734286172403,0.6716699207763234,0.18707509797424066,0.14125498124943603,0.674237047551455,0.20440028388928316,0.1213626685592619
2015-16,2015-12-28,Crystal Palace,Swansea,D,1,1.7275300153737456,0.8412666928044703,0.5840123540048425,0.23563572720858536,0.1803519187865721,0.46671242278654773,0.2882635552505148,0.24502402196293757
2015-16,2015-12-28,Everton,Stoke,A,2,1.5708533450813065,1.2747463956761504,0.442716660626419,0.24741039320862013,0.3098729461649608,0.49851632047477745,0.27002967359050445,0.23145400593471807
2015-16,2015-12-28,Manchester United,Chelsea,D,1,1.652264596141957,1.1983535990770906,0.4797176883388371,0.24307906644466598,0.27720324521649686,0.3767123287671233,0.29680365296803657,0.3264840182648402
2015-16,2015-12-28,Norwich City,Aston Villa,H,0,1.5050977857618444,0.9687941101050569,0.49684505091778347,0.25986307023612326,0.24329187884609327,0.4741767764298094,0.27001733102253034,0.2558058925476603
2015-16,2015-12-28,Watford,Tottenham,A,2,1.5921646173149913,1.0744000391635267,0.49362421965315506,0.24997987761042423,0.2563959027364208,0.2592592592592593,0.2777777777777778,0.46296296296296297
2015-16,2015-12-28,West Bromwich Albion,Newcastle United,H,0,1.4578317609212545,0.9785956248583784,0.48206585561644605,0.26449920585155573,0.2534349385319982,0.44177616674218395,0.2990484821024015,0.25917535115541457
2015-16,2015-12-28,West Ham,Southampton,H,0,1.2995829202053693,1.2385616845291483,0.3806881773775195,0.267510639476276,0.3518011831462045,0.2706222865412446,0.2865412445730825,0.4428364688856729
2015-16,2015-12-29,Leicester City,Manchester City,D,1,1.3340871950902853,1.2718255141022683,0.38285993709795124,0.26341716260892595,0.3537229002931227,0.22608881624173174,0.24474114358167462,0.5291700401765936
2015-16,2015-12-30,Sunderland,Liverpool,A,2,1.0328870166536503,1.426530095205137,0.2730779018351599,0.26618342809569767,0.46073867006914243,0.17713064386855465,0.24979962596847452,0.5730697301629709
2015-16,2016-01-02,Arsenal,Newcastle United,H,0,2.885734458191459,0.7367307579781316,0.8105930866215406,0.12223269696451008,0.06717421641394934,0.7600318894499071,0.1508370980600585,0.08913101249003456
2015-16,2016-01-02,Leicester City,Bournemouth,D,1,1.747783285861044,0.9039054023243713,0.5729584919592858,0.2345295104233802,0.19251199761733398,0.5127043318187702,0.2611374063396936,0.22615826184153603
2015-16,2016-01-02,Manchester United,Swansea,H,0,1.938458793280275,0.7623598654082708,0.6510597904668365,0.2096982948658299,0.13924191466733365,0.62874251497006,0.2320359281437126,0.13922155688622756
2015-16,2016-01-02,Norwich City,Southampton,H,0,1.1817824100366734,1.3193599403941194,0.3326506005174218,0.26919705540872496,0.39815234407385314,0.3053892215568862,0.2874251497005988,0.40718562874251496
2015-16,2016-01-02,Sunderland,Aston Villa,H,0,1.421434348722208,1.0449551395840087,0.4565329828005243,0.26629852448928354,0.27716849271019217,0.3920829406220546,0.3016022620169651,0.30631479736098016
2015-16,2016-01-02,Watford,Manchester City,A,2,1.3887202813152757,1.2114616286834907,0.410130741650454,0.26267406406733423,0.3271951942822116,0.19580419580419584,0.24475524475524477,0.5594405594405595
2015-16,2016-01-02,West Bromwich Albion,Stoke,H,0,1.1884781760140049,1.3963178475585827,0.3197184659010044,0.2631161724640182,0.4171653616349774,0.34782608695652173,0.3043478260869565,0.34782608695652173
2015-16,2016-01-02,West Ham,Liverpool,H,0,1.2634577975752785,1.178237751346393,0.3837507469929113,0.27351781957435306,0.34273143343273554,0.24425531914893614,0.27914893617021275,0.4765957446808511
2015-16,2016-01-03,Crystal Palace,Chelsea,A,2,1.3609019800534523,1.3620219696323086,0.3712807411063908,0.2569243257050146,0.3717949331885947,0.2567237163814181,0.2787286063569682,0.4645476772616137
2015-16,2016-01-03,Everton,Tottenham,D,1,1.42576533638157,1.2441743064683404,0.41268022771089874,0.25861750102004455,0.32870227126905666,0.34908415184496944,0.27926732147597555,0.37164852667905496
2015-16,2016-01-12,Newcastle United,Manchester United,D,1,0.9934785913132981,1.4160156863119175,0.2643336820915142,0.2683357057263902,0.46733061218209565,0.1949648711943794,0.26346604215456676,0.541569086651054
2015-16,2016-01-12,Aston Villa,Crystal Palace,H,0,0.8312184340270632,1.1414799789888594,0.2657501602338239,0.30585043629745007,0.428399403468726,0.30388321725026235,0.29920809083102756,0.39690869191871
2015-16,2016-01-12,Bournemouth,West Ham,A,2,1.2210213920976358,1.1614879077452906,0.375647762959022,0.27766907445370814,0.3466831625872698,0.4864864864864865,0.2702702702702703,0.24324324324324326
2015-16,2016-01-13,Chelsea,West Bromwich Albion,D,1,2.145132193423061,0.9192938096469155,0.6543441111008311,0.19546676344511674,0.15018912545405208,0.6756756756756758,0.21621621621621623,0.10810810810810811
2015-16,2016-01-13,Liverpool,Arsenal,D,1,1.2660703491550573,1.4135747135666434,0.33668126538084936,0.2584997353567788,0.40481899926237186,0.33843797856049007,0.286676875957121,0.374885145482389
2015-16,2016-01-13,Manchester City,Everton,D,1,2.05569166737176,1.0377227507825975,0.6083380430194748,0.2077392696842111,0.18392268729631409,0.6340730852661439,0.20423827799098948,0.16168863674286668
2015-16,2016-01-13,Southampton,Watford,H,0,1.4043972859635818,1.2300550738363285,0.41019112597945595,0.2607265825555167,0.3290822914650274,0.49813466563676106,0.27753217085476684,0.22433316350847204
2015-16,2016-01-13,Stoke,Norwich City,H,0,1.7424211310344169,0.9623028945462272,0.5572237907950388,0.23581898308821553,0.20695722611674566,0.47408927655207805,0.29451000513083636,0.23140071831708567
2015-16,2016-01-13,Swansea,Sunderland,A,2,1.3292934828675238,0.8129266424221092,0.4883136428099639,0.2829315219229959,0.2287548352670402,0.5426356589147288,0.2713178294573644,0.18604651162790697
2015-16,2016-01-13,Tottenham,Leicester City,A,2,1.4683411480267665,0.9720458084429267,0.48643363392115446,0.26356500737755584,0.25000135870128976,0.5574572127139364,0.2567237163814181,0.1858190709046455
2015-16,2016-01-16,Aston Villa,Leicester City,D,1,0.7134251917203339,1.2907610803344143,0.20610705926832432,0.29054552311605997,0.5033474176156159,0.2706222865412446,0.2865412445730825,0.4428364688856729
2015-16,2016-01-16,Bournemouth,Norwich City,H,0,1.3424767858243363,0.9137700463624394,0.46663475979825725,0.27844466530091977,0.254920574900823,0.5115089514066496,0.2713839158851947,0.21710713270815574
2015-16,2016-01-16,Chelsea,Everton,D,1,1.920990470123762,0.9856339735830258,0.5920732421173455,0.21880274479887948,0.18912401308377502,0.5338278264778602,0.2605079793211958,0.20566419420094403
2015-16,2016-01-16,Manchester City,Crystal Palace,H,0,2.063556334801903,0.74997423956137,0.6794758902398861,0.19563230302026502,0.12489180673984887,0.6986301369863014,0.1863013698630137,0.11506849315068494
2015-16,2016-01-16,Newcastle United,West Ham,H,0,1.0617097318862452,1.2959943055156067,0.3043214069884366,0.27712324048909664,0.41855535252246673,0.3893129770992367,0.28625954198473286,0.3244274809160305
2015-16,2016-01-16,Southampton,West Bromwich Albion,H,0,1.5509259158679434,0.9867784799436409,0.5042468612663367,0.2549910171734726,0.24076212156019075,0.5631014947785133,0.25977748959115415,0.1771210156303324
2015-16,2016-01-16,Tottenham,Sunderland,H,0,1.9786295679532975,0.7830143012997289,0.6542018509811965,0.20624764610231316,0.1395505029164903,0.7131622220633446,0.18474297562021877,0.1020948023164367
2015-16,2016-01-17,Liverpool,Manchester United,A,2,1.4192594549626107,1.2296893445640815,0.41413695712831333,0.25968706304054984,0.32617597983113683,0.4228624535315985,0.2992565055762082,0.2778810408921933
2015-16,2016-01-17,Stoke,Arsenal,D,1,1.225436394456219,1.5497023029053454,0.3013399165404467,0.25032784205447506,0.44833224140507827,0.2260760349741558,0.2719192309550263,0.5020047340708178
2015-16,2016-01-18,Swansea,Watford,H,0,1.1247678324009418,1.0740466307388965,0.3671232987479988,0.29128866720621105,0.34158803404579025,0.4111321948134092,0.30107526881720426,0.28779253636938645
2015-16,2016-01-23,Crystal Palace,Tottenham,A,2,1.0061979514728394,1.2013275342857286,0.30659445507631083,0.2889003332945417,0.40450521162914754,0.27005203660506016,0.2777678090794904,0.4521801543154495
2015-16,2016-01-23,Leicester City,Stoke,H,0,1.6111010392424483,0.9308379524694104,0.5331942891163132,0.2491367012311295,0.21766900965255737,0.4645476772616137,0.2787286063569682,0.2567237163814181
2015-16,2016-01-23,Manchester United,Southampton,A,2,1.8936503857697595,1.0390765429651883,0.57322697700111,0.22238036206179976,0.20439266093709013,0.5133945804060835,0.2801667567358913,0.20643866285802517
2015-16,2016-01-23,Norwich City,Liverpool,A,2,1.0727006454357568,1.2463552020316104,0.3168448522170879,0.28094414120575045,0.40221100657716163,0.22433316350847204,0.27753217085476684,0.49813466563676106
2015-16,2016-01-23,Sunderland,Bournemouth,D,1,1.1478796472154924,1.1667180074294796,0.3540526904886596,0.2826137744206527,0.3633335350906878,0.3244274809160305,0.28625954198473286,0.3893129770992367
2015-16,2016-01-23,Watford,Newcastle United,H,0,1.4377703466135074,0.9614003942960949,0.4809233983751129,0.26693835495849155,0.2521382466663956,0.4765957446808511,0.27914893617021275,0.24425531914893614
2015-16,2016-01-23,West Bromwich Albion,Aston Villa,D,1,1.8047773464921681,0.7179912396910659,0.6335841925646637,0.22318027139650495,0.14323553603883138,0.46267087276550994,0.29442691903259727,0.24290220820189273
2015-16,2016-01-23,West Ham,Manchester City,D,1,1.2426713333004218,1.4889925766007832,0.3165719230773433,0.2542119231382692,0.4292161537843876,0.1945459657014338,0.2431824571267922,0.5622715771717739
2015-16,2016-01-24,Arsenal,Chelsea,A,2,2.057706634863475,1.1318038360275582,0.5868701767680925,0.209808502474869,0.20332132075703843,0.4676258992805755,0.2805755395683453,0.2517985611510792
2015-16,2016-01-24,Everton,Swansea,A,2,1.6543533010702671,0.8323008804827474,0.5687777412201479,0.24375536064196604,0.18746689813788617,0.5650328476033415,0.2572386385141528,0.1777285138825056
2015-16,2016-02-02,Manchester United,Stoke,H,0,1.558495826420836,0.8538550192291114,0.5393603773078914,0.2549021154031816,0.20573750728892704,0.5717600265164071,0.2591978786874379,0.16904209479615512
2015-16,2016-02-02,Crystal Palace,Bournemouth,A,2,1.1959298777963323,1.0345856992351943,0.39647668776468054,0.2876970918987743,0.31582622033654517,0.39871625448367,0.2960166131772702,0.30526713233905983
2015-16,2016-02-02,Leicester City,Liverpool,H,0,1.7787163661719285,1.0235552513943265,0.5508181966120969,0.2328491865974151,0.21633261679048799,0.3722005139043043,0.2879080445789177,0.33989144151677786
2015-16,2016-02-02,Arsenal,Southampton,D,1,2.2002032468036066,0.884627858818267,0.6731066430107349,0.18876725543382603,0.13812610155543906,0.5555555555555556,0.2592592592592593,0.1851851851851852
2015-16,2016-02-02,Norwich City,Tottenham,A,2,0.9628971362218101,1.2510034111511936,0.28482162414449885,0.2862700804154275,0.4289082954400737,0.21586931155192535,0.2590431738623104,0.5250875145857643
2015-16,2016-02-02,Sunderland,Manchester City,A,2,0.8640361712564311,1.4525431895046637,0.2238098597962229,0.2670704786118744,0.5091196615919027,0.12192963044921443,0.20535516707236112,0.6727152024784244
2015-16,2016-02-02,West Ham,Aston Villa,H,0,2.173039753146157,0.6788421386274028,0.7175075011678328,0.18004285547388488,0.10244964335828227,0.5133945804060835,0.2801667567358913,0.20643866285802517
2015-16,2016-02-02,West Bromwich Albion,Swansea,D,1,1.3318634392210058,0.8047146686944198,0.49115499110979505,0.28281532470862053,0.2260296841815843,0.37081339712918665,0.3145933014354067,0.3145933014354067
2015-16,2016-02-03,Everton,Newcastle United,H,0,1.6740024167480634,0.9950039870909482,0.5328564111575138,0.24277026876837046,0.22437332007411567,0.5907172995780591,0.2320675105485232,0.17721518987341772
2015-16,2016-02-03,Watford,Chelsea,D,1,1.2011945623382378,1.2718718611717494,0.3472990984125934,0.27156623111160944,0.38113467047579724,0.22433316350847204,0.27753217085476684,0.49813466563676106
2015-16,2016-02-06,Manchester City,Leicester City,A,2,1.6018941609313777,1.116187156773366,0.48623972382655084,0.24851514771340916,0.26524512846003995,0.6039689387402933,0.23295944779982744,0.1630716134598792
2015-16,2016-02-06,Aston Villa,Norwich City,H,0,0.9144288142195438,0.9807241471447836,0.32301351081221036,0.31848612071211563,0.35850036847567396,0.39871625448367,0.30526713233905983,0.2960166131772702
2015-16,2016-02-06,Liverpool,Sunderland,D,1,1.9463180399232298,0.8597888339687505,0.6283129574639358,0.21268389891637537,0.15900314361968887,0.6790850222857623,0.2058699857034732,0.11504499201076444
2015-16,2016-02-06,Newcastle United,West Bromwich Albion,H,0,1.280829935446934,1.1977267495038313,0.38430499786280475,0.27113275731381936,0.3445622448233759,0.45492957746478874,0.2876760563380282,0.2573943661971831
2015-16,2016-02-06,Southampton,West Ham,H,0,1.398096084047292,1.1354038041431636,0.4294748624413858,0.2651551983537193,0.3053699392048949,0.5650328476033415,0.2572386385141528,0.1777285138825056
2015-16,2016-02-06,Swansea,Crystal Palace,D,1,1.2729274825592367,0.9685053534512515,0.43382397064748435,0.28374116275195765,0.282434866600558,0.43349753694581283,0.29556650246305427,0.27093596059113306
2015-16,2016-02-06,Tottenham,Watford,H,0,2.136939381235714,0.7627711940129936,0.6904065492404526,0.18872466764349097,0.12086878311605642,0.6519243436529595,0.22583984191211068,0.12223581443492991
2015-16,2016-02-06,Stoke,Everton,A,2,1.2646331774869826,1.112543478170035,0.3984118550060942,0.27717810905514806,0.3244100359387577,0.3625285605483625,0.2878903274942879,0.3495811119573496
2015-16,2016-02-07,Bournemouth,Arsenal,A,2,1.1550802853953153,1.4977970724437724,0.29263212289337615,0.2563615937660061,0.4510062833406176,0.2567237163814181,0.2787286063569682,0.4645476772616137
2015-16,2016-02-07,Chelsea,Manchester United,D,1,1.6762462389199453,1.0957795865647986,0.5092595619862672,0.2422576125863469,0.24848282542738584,0.4539682539682539,0.29576719576719573,0.2502645502645503
2015-16,2016-02-13,Chelsea,Newcastle United,H,0,2.113562986566442,0.9481185779820158,0.6412805701186501,0.19955701905626483,0.159162410825085,0.674237047551455,0.20440028388928316,0.1213626685592619
2015-16,2016-02-13,Crystal Palace,Watford,A,2,1.2505388857492696,0.9070019211040538,0.4422153973574024,0.2889563884807885,0.2688282141618092,0.43349753694581283,0.29556650246305427,0.27093596059113306
2015-16,2016-02-13,Swansea,Southampton,A,2,1.1934665965756763,1.165504704979943,0.3671179730741738,0.2794280030025811,0.353454023923245,0.30631479736098016,0.3016022620169651,0.3920829406220546
2015-16,2016-02-13,Bournemouth,Stoke,A,2,1.3175363352335805,0.829831919646417,0.4806554737326779,0.2839309301735925,0.2354135960937296,0.4755244755244755,0.2867132867132867,0.23776223776223776
2015-16,2016-02-13,Sunderland,Manchester United,H,0,0.927680306601048,1.3106770568492807,0.26422476072697443,0.2814518006070685,0.45432343866595715,0.1851851851851852,0.2592592592592593,0.5555555555555556
2015-16,2016-02-13,Everton,West Bromwich Albion,A,2,1.931982807675288,0.8386304266521754,0.6305216484264025,0.21342426564909248,0.15605408592450504,0.6376389141920205,0.23228274731280743,0.13007833849517217
2015-16,2016-02-13,Norwich City,West Ham,D,1,1.0368235601255995,1.2811214844146475,0.3001751469950025,0.2796928108952951,0.4201320421097025,0.4111321948134093,0.2877925363693865,0.30107526881720437
2015-16,2016-02-14,Arsenal,Leicester City,H,0,1.7365276562240335,1.1868617641055867,0.5025330401991955,0.23653793073540239,0.26092902906540205,0.5594405594405595,0.24475524475524477,0.19580419580419584
2015-16,2016-02-14,Aston Villa,Liverpool,A,2,0.8417765245833639,1.2088750722828454,0.25702427745710416,0.2968885616309315,0.4460871609119643,0.20462401106075737,0.26999001459405486,0.5253859743451877
2015-16,2016-02-14,Manchester City,Tottenham,A,2,1.6095699633861145,1.3062232437845342,0.44536131216664054,0.24388179192669399,0.3107568959066655,0.4665629860031104,0.26127527216174184,0.2721617418351478
2015-16,2016-02-27,Leicester City,Norwich City,H,0,2.513477598175079,0.7421775417328499,0.7589601794564742,0.1520276770110778,0.08901214353244799,0.6264014466546112,0.21699819168173598,0.1566003616636528
2015-16,2016-02-27,Southampton,Chelsea,A,2,1.356915601989101,1.2545667017613242,0.3925036282195065,0.26283152848263075,0.34466484329786273,0.33539731682146534,0.2889576883384932,0.3756449948400412
2015-16,2016-02-27,Stoke,Aston Villa,H,0,1.6025744083679676,0.7255053967196881,0.5839776408336066,0.2483599047622117,0.16766245440418165,0.5791912384161751,0.2502106149957877,0.17059814658803707
2015-16,2016-02-27,Watford,Bournemouth,D,1,1.5547665480136423,1.0221306226049507,0.49666625606144027,0.25417288115043807,0.24916086278812172,0.39593908629441626,0.2899492385786802,0.3141116751269035
2015-16,2016-02-27,West Bromwich Albion,Crystal Palace,H,0,1.3255618431038803,0.9712184626871188,0.4479636989914968,0.2782197154020658,0.2738165856064374,0.3613655287260616,0.30308076602830974,0.33555370524562866
2015-16,2016-02-27,West Ham,Sunderland,H,0,1.7655227830387847,0.7840883032654212,0.6075243674731529,0.2299719157521094,0.1625037167747377,0.5223880597014926,0.26865671641791045,0.208955223880597
2015-16,2016-02-28,Manchester United,Arsenal,H,0,1.1614534241832337,1.306320379099648,0.32969671366086595,0.27123833688341265,0.3990649494557214,0.3141116751269035,0.2899492385786802,0.39593908629441626
2015-16,2016-02-28,Tottenham,Swansea,H,0,2.550784458052515,0.7280552784752577,0.767619965738809,0.14784880301826592,0.08453123124292516,0.6716417910447762,0.22388059701492535,0.1044776119402985
2015-16,2016-03-01,Bournemouth,Southampton,H,0,1.1802576213843672,1.000562217057848,0.39968660800049904,0.2912801554433392,0.3090332365561617,0.3371110257395314,0.3008067614291203,0.36208221283134845
2015-16,2016-03-01,Norwich City,Chelsea,A,2,0.9727962737563827,1.3765663961408183,0.2654258018143996,0.272936329267312,0.4616378689182884,0.18515997277059223,0.24302246426140234,0.5718175629680056
2015-16,2016-03-01,Aston Villa,Everton,A,2,0.8327543731495279,1.7913180613738382,0.17065567570904933,0.22837628857754153,0.6009680357134091,0.21710713270815574,0.2713839158851947,0.5115089514066496
2015-16,2016-03-01,Sunderland,Crystal Palace,D,1,1.1630582600556394,1.007553393584293,0.39307128532836655,0.29249167188294656,0.314437042788687,0.39001143728555093,0.2954632100648113,0.3145253526496378
2015-16,2016-03-01,Leicester City,West Bromwich Albion,D,1,2.215776710730981,0.8884691442289061,0.6751232941420213,0.18749850759706274,0.13737819826091593,0.5650328476033415,0.2572386385141528,0.1777285138825056
2015-16,2016-03-02,Arsenal,Swansea,A,2,2.3929607274267934,0.786753113778049,0.7299106112468363,0.16560186419697445,0.10448752455618915,0.7168214090660842,0.18569087930092845,0.09748771163298746
2015-16,2016-03-02,Liverpool,Manchester City,H,0,1.2754807623387723,1.1658548141431584,0.3897097191625633,0.27333954188050624,0.33695073895693045,0.3722005139043043,0.2879080445789177,0.33989144151677786
2015-16,2016-03-02,Manchester United,Watford,H,0,1.610654679916856,0.9430187651277933,0.5300577806142796,0.2491738780901124,0.22076834129560802,0.5821375682990348,0.25583414185773373,0.16202828984323137
2015-16,2016-03-02,Stoke,Newcastle United,H,0,1.593499330458595,1.0172623983376912,0.5076094955628926,0.25050279968086037,0.2418877047562471,0.48837209302325585,0.27906976744186046,0.23255813953488372
2015-16,2016-03-02,West Ham,Tottenham,H,0,1.0982145567610855,1.6501308614715042,0.2531274140328715,0.24453895006781706,0.5023336358993115,0.24324324324324326,0.2702702702702703,0.4864864864864865
2015-16,2016-03-05,Chelsea,Stoke,D,1,1.630474457436787,0.789908044234836,0.5739000812264009,0.24596381693310668,0.18013610184049242,0.6521739130434783,0.21739130434782608,0.13043478260869565
2015-16,2016-03-05,Everton,West Ham,A,2,1.947865747493601,0.9514951493621432,0.6061601268861759,0.21537986170818504,0.178460011405639,0.5622715771717739,0.2431824571267922,0.1945459657014338
2015-16,2016-03-05,Manchester City,Aston Villa,H,0,2.2900390846610454,0.594662072461558,0.7577601794924567,0.16223354070333224,0.08000627980421113,0.7964199029126214,0.13880461165048544,0.06477548543689321
2015-16,2016-03-05,Newcastle United,Bournemouth,A,2,1.128144009667512,1.12440320885964,0.35731268132305405,0.287239020222432,0.35544829845451403,0.3722005139043043,0.2879080445789177,0.33989144151677786
2015-16,2016-03-05,Southampton,Sunderland,D,1,1.7769616726719244,0.8467036109240214,0.5941377463247011,0.23029362283992116,0.17556863083537788,0.6074766355140188,0.2429906542056075,0.14953271028037385
2015-16,2016-03-05,Swansea,Norwich City,H,0,1.6124067651769125,0.9836416734711959,0.5204956015693016,0.24887740555623764,0.2306269928744607,0.4765957446808511,0.27914893617021275,0.24425531914893614
2015-16,2016-03-05,Tottenham,Arsenal,D,1,1.9678672205577228,1.286075990509238,0.5326752048944235,0.21869842714101775,0.24862636796455878,0.4111321948134093,0.2877925363693865,0.30107526881720437
2015-16,2016-03-05,Watford,Leicester City,A,2,1.0841124081399982,1.5362638737956018,0.2679323274178012,0.25483659716306806,0.4772310754191306,0.3269230769230769,0.2884615384615385,0.3846153846153847
2015-16,2016-03-06,Crystal Palace,Liverpool,A,2,1.1705531184143652,1.2647906391809436,0.3403618588521108,0.27386879206008197,0.3857693490878072,0.2567237163814181,0.2787286063569682,0.4645476772616137
2015-16,2016-03-06,West Bromwich Albion,Manchester United,H,0,1.2327484992491318,1.2575465359036926,0.35875965230605306,0.27064243242555924,0.3705979152683877,0.22529984759127952,0.2869259823736001,0.4877741700351202
2015-16,2016-03-12,Bournemouth,Swansea,H,0,1.3731779169506733,0.9325826958143463,0.470495539263305,0.2745149995962527,0.25498946114044235,0.49813466563676106,0.27753217085476684,0.22433316350847204
2015-16,2016-03-12,Norwich City,Manchester City,D,1,0.8684730291595268,1.3598689911917188,0.23946476305751346,0.27778021442249035,0.4827550225199962,0.16184971098265896,0.23121387283236997,0.6069364161849712
2015-16,2016-03-12,Stoke,Southampton,A,2,1.4662994855981482,0.9773764560781675,0.4845977982542493,0.2636655128630401,0.2517366888827106,0.36038834951456306,0.3040776699029126,0.33553398058252426
2015-16,2016-03-13,Aston Villa,Tottenham,A,2,0.6321247062987797,2.130204115378286,0.09720663323657361,0.18152665962899783,0.7212667071344285,0.13043478260869565,0.21739130434782608,0.6521739130434783
2015-16,2016-03-14,Leicester City,Newcastle United,H,0,2.971801099287532,0.7193530915741867,0.8240056441135251,0.11493139918649348,0.06106295669998143,0.6196606148865091,0.22468063865399984,0.1556587464594911
2015-16,2016-03-19,Chelsea,West Ham,D,1,1.5634985950718536,0.9286877082552185,0.5217548904133638,0.25417769500070636,0.22406741458592985,0.5574572127139364,0.2567237163814181,0.1858190709046455
2015-16,2016-03-19,Crystal Palace,Leicester City,A,2,0.9226198990058315,1.6200313705176765,0.21434918184520263,0.24818859408804417,0.5374622240667531,0.3244274809160305,0.28625954198473286,0.3893129770992367
2015-16,2016-03-19,Everton,Arsenal,A,2,1.5678598316232308,1.2482876233701694,0.4477919957836466,0.24836417606577552,0.3038438281505779,0.3608247422680412,0.2783505154639175,0.3608247422680412
2015-16,2016-03-19,Swansea,Aston Villa,H,0,1.6674323071769512,0.7375528174257181,0.596625008880735,0.24046546638139754,0.1629095247378675,0.5821375682990348,0.25583414185773373,0.16202828984323137
2015-16,2016-03-19,Watford,Stoke,A,2,1.370867404344493,1.0621254065120813,0.4389527856522529,0.27035291916855453,0.2906942951791926,0.4055587067498582,0.29948950652297224,0.2949517867271696
2015-16,2016-03-19,West Bromwich Albion,Norwich City,A,2,1.7750803728061335,0.8379131257132543,0.5959359735907946,0.23029344263083354,0.17377058377837185,0.43349753694581283,0.29556650246305427,0.27093596059113306
2015-16,2016-03-20,Manchester City,Manchester United,A,2,1.5660653140809906,0.8363825442222085,0.5457657813061594,0.25399219223351704,0.20024202646032357,0.5338278264778602,0.2605079793211958,0.20566419420094403
2015-16,2016-03-20,Newcastle United,Sunderland,D,1,1.2217336988487129,0.9735023972934339,0.4179909179524296,0.2887293091541684,0.29327977289340196,0.4645476772616137,0.2787286063569682,0.2567237163814181
2015-16,2016-03-20,Southampton,Liverpool,H,0,1.353137639181817,1.1507658276489756,0.4140472215537903,0.26811798710374257,0.3178347913424671,0.3722005139043043,0.2879080445789177,0.33989144151677786
2015-16,2016-03-20,Tottenham,Bournemouth,H,0,2.4029777263855787,0.8581265850014711,0.715372263278703,0.1689757492601832,0.11565198746111385,0.6361646262244228,0.2247879626150963,0.13904741116048097
2015-16,2016-04-02,Bournemouth,Manchester City,A,2,1.1400533681453624,1.2290010517906507,0.3391096577703013,0.2784085194747363,0.3824818227549623,0.26127527216174184,0.2721617418351478,0.4665629860031104
2015-16,2016-04-02,Arsenal,Watford,H,0,2.23518056943497,0.9172674006729246,0.6719983033908182,0.18707054764729647,0.14093114896188533,0.7168214090660842,0.18569087930092845,0.09748771163298746
2015-16,2016-04-02,Aston Villa,Chelsea,A,2,0.719332248608237,1.6376056325942518,0.1619834920010968,0.24377775377092864,0.5942387542279746,0.15057333531200648,0.2260338751796864,0.623392789508307
2015-16,2016-04-02,Liverpool,Tottenham,D,1,1.392191570919653,1.476688537867994,0.35652491874632175,0.24905631034722595,0.39441877090645233,0.3893129770992367,0.28625954198473286,0.3244274809160305
2015-16,2016-04-02,Norwich City,Newcastle United,H,0,1.365539151208701,0.7399872633746932,0.5175786380930473,0.2796502133014032,0.20277114860554943,0.4428364688856729,0.2865412445730825,0.2706222865412446
2015-16,2016-04-02,Sunderland,West Bromwich Albion,D,1,1.163495493206197,1.0245876337341637,0.3893446157501257,0.29133235333232294,0.3193230309175513,0.46267087276550994,0.29442691903259727,0.24290220820189273
2015-16,2016-04-02,West Ham,Crystal Palace,D,1,1.766274542169948,0.8692853355349331,0.5859604625010104,0.23194399706501082,0.1820955404339788,0.49851632047477745,0.27002967359050445,0.23145400593471807
2015-16,2016-04-02,Stoke,Swansea,D,1,1.6349578229020774,0.827873681315866,0.5651693224770485,0.2459317987352216,0.18889887878772993,0.4428364688856729,0.2865412445730825,0.2706222865412446
2015-16,2016-04-03,Leicester City,Southampton,H,0,1.9923255895736633,0.8668774980730103,0.6362332918732507,0.2082424422480557,0.15552426587869364,0.43391066545123064,0.2871467639015497,0.2789425706472197
2015-16,2016-04-03,Manchester United,Everton,H,0,1.560298340458493,1.2761427249712392,0.4397975108233262,0.24810477052107427,0.31209771865559965,0.46296296296296297,0.2777777777777778,0.2592592592592593
2015-16,2016-04-09,Aston Villa,Bournemouth,A,2,0.8878092197202401,1.2829639115907143,0.257672678464827,0.28607946140579793,0.456247860129375,0.27716535433070866,0.2944881889763779,0.4283464566929133
2015-16,2016-04-09,Crystal Palace,Norwich City,H,0,1.4800173432084938,0.9619058265813892,0.4919819267077843,0.26255506174021087,0.24546301155200478,0.4603234298608499,0.27754795035727714,0.26212861978187285
2015-16,2016-04-09,Manchester City,West Bromwich Albion,H,0,1.7784574886986986,0.7470224228032258,0.6200883243997516,0.2273314857974865,0.152580189802762,0.7073247406475951,0.1881483810122603,0.10452687834014461
2015-16,2016-04-09,Southampton,Newcastle United,H,0,2.032125332282088,0.7370931188892466,0.6765012475979417,0.19830749253435503,0.1251912598677033,0.6106870229007634,0.233587786259542,0.15572519083969466
2015-16,2016-04-09,Swansea,Chelsea,H,0,1.0159668093360676,1.222925826128651,0.30526294130891285,0.28626639087336875,0.4084706678177184,0.2513863216266174,0.27726432532347506,0.47134935304990755
2015-16,2016-04-09,Watford,Everton,D,1,1.2781014495175074,1.246242554652447,0.3733211696682668,0.26847700735541136,0.35820182297632186,0.27687804878048783,0.28526829268292686,0.43785365853658537
2015-16,2016-04-09,West Ham,Arsenal,D,1,1.2500060367374035,1.418851057995045,0.33152017693220753,0.25884763377505837,0.409632189292734,0.2611940298507463,0.26865671641791045,0.4701492537313433
2015-16,2016-04-10,Liverpool,Stoke,H,0,1.7684791840109129,0.9306243405048351,0.571141970613897,0.23278838942329227,0.1960696399628107,0.6034765496884225,0.2338471630042637,0.16267628730731387
2015-16,2016-04-10,Sunderland,Leicester City,A,2,0.883351618949756,1.430214756108632,0.23241285609953619,0.26933991249097744,0.49824723140948635,0.27631578947368424,0.27631578947368424,0.4473684210526316
2015-16,2016-04-10,Tottenham,Manchester United,H,0,1.765452988682854,0.8169650293862674,0.5990592987202527,0.23085340751074102,0.1700872937690063,0.4942630185348632,0.26972639011473964,0.23601059135039718
2015-16,2016-04-13,Crystal Palace,Everton,D,1,1.316607303856695,1.2205641274734647,0.3890575533472183,0.26734779176816975,0.3435946548846119,0.33689024390243905,0.28734756097560976,0.3757621951219512
2015-16,2016-04-16,Chelsea,Manchester City,A,2,1.6050657285642915,1.2240751059471955,0.4623756335388035,0.24621579608577746,0.29140857037541906,0.35368907724908505,0.28607204777499523,0.3602388749759199
2015-16,2016-04-16,Everton,Southampton,D,1,1.2438521645670433,1.1801523129742177,0.3779659924278838,0.2748296033988403,0.34720440417327586,0.3625285605483625,0.2878903274942879,0.3495811119573496
2015-16,2016-04-16,Manchester United,Aston Villa,H,0,2.123739936574446,0.6423613584129969,0.7175524394969284,0.1828961791431049,0.09955138135996675,0.8025357431885622,0.13987051524143512,0.0575937415700027
2015-16,2016-04-16,Newcastle United,Swansea,H,0,0.9758887908438962,1.066252460248585,0.32443708769912477,0.3042198397515606,0.3713430725493146,0.425,0.2875,0.2875
2015-16,2016-04-16,Norwich City,Sunderland,A,2,1.2877619924096528,0.9169954221161485,0.4504477486841962,0.2843820928140894,0.26517015850171444,0.4055587067498582,0.2949517867271696,0.29948950652297224
2015-16,2016-04-16,West Bromwich Albion,Watford,A,2,1.2193657774739357,0.9436868402759034,0.42434925275735147,0.2905676027230389,0.28508314451960964,0.40718562874251496,0.3053892215568862,0.2874251497005988
2015-16,2016-04-17,Arsenal,Crystal Palace,D,1,2.4478902469413018,0.8603484402198877,0.7223433396980642,0.16519889804826435,0.11245776225367143,0.7292327203551047,0.16867469879518074,0.10209258084971465
2015-16,2016-04-17,Bournemouth,Liverpool,A,2,1.1345639963366023,1.2615145902422131,0.3311141743560359,0.2761919584854011,0.3926938671585629,0.27005203660506016,0.2777678090794904,0.4521801543154495
2015-16,2016-04-17,Leicester City,West Ham,D,1,1.8470137824144788,0.9211081182303403,0.591441509251725,0.22461040652809566,0.18394808422017933,0.49851632047477745,0.27002967359050445,0.23145400593471807
2015-16,2016-04-18,Stoke,Tottenham,A,2,1.1359761738615828,1.427978735486931,0.3000874793236764,0.26268216796306415,0.43723035271325955,0.21586931155192535,0.2590431738623104,0.5250875145857643
2015-16,2016-04-19,Newcastle United,Manchester City,D,1,0.8189303628208324,1.526516594742286,0.20122937717077372,0.25863528272633074,0.5401353401028957,0.1624698171783374,0.21662642290444983,0.6209037599172129
2015-16,2016-04-20,Liverpool,Everton,H,0,2.0769397612612104,0.7861336264874752,0.6731700097146387,0.19607935527144454,0.13075063501391676,0.5622715771717739,0.2431824571267922,0.1945459657014338
2015-16,2016-04-20,Manchester United,Crystal Palace,H,0,1.6952433264884126,0.8274199981051888,0.5798958530561608,0.23901456341909388,0.1810895835247453,0.6361646262244228,0.2247879626150963,0.13904741116048097
2015-16,2016-04-20,West Ham,Watford,H,0,1.7751849523751386,0.8057763713128395,0.6041631478762473,0.2294664172743987,0.16637043484935407,0.623392789508307,0.2260338751796864,0.15057333531200648
2015-16,2016-04-21,Arsenal,West Bromwich Albion,H,0,2.3828283365050202,0.711131083006862,0.7455552787604537,0.16160734343241234,0.09283737780713394,0.7609013754755634,0.16359379572724614,0.07550482879719053
2015-16,2016-04-23,Aston Villa,Southampton,A,2,0.7695202720582652,1.4051249401357622,0.20524488108416086,0.2740286048445747,0.5207265140712644,0.13007833849517217,0.23228274731280743,0.6376389141920205
2015-16,2016-04-23,Bournemouth,Chelsea,A,2,1.0250025205723117,1.2441723987340105,0.30379556558264226,0.28375704165296883,0.4124473927643888,0.31472461596103407,0.27875608842263017,0.4065192956163357
2015-16,2016-04-23,Liverpool,Newcastle United,D,1,2.793994388293732,0.6957891792481085,0.807393976406209,0.12598573293520404,0.06662029065858686,0.6209037599172128,0.21662642290444978,0.16246981717833733
2015-16,2016-04-23,Manchester City,Stoke,H,0,1.932220327692573,0.8095478203448939,0.6378481804027201,0.21231397635642016,0.14983784324085972,0.7491486946651532,0.1623155505107832,0.08853575482406358
2015-16,2016-04-24,Leicester City,Swansea,H,0,2.311605670921692,0.7301941532820648,0.7293857518580104,0.16956695300660465,0.1010472951353849,0.5582990397805213,0.26406035665294925,0.1776406035665295
2015-16,2016-04-24,Sunderland,Arsenal,D,1,0.9851430980062753,1.6699934827413332,0.22255648372850925,0.24315477746107267,0.534288738810418,0.21621621621621623,0.24324324324324326,0.5405405405405406
2015-16,2016-04-25,Tottenham,West Bromwich Albion,D,1,2.7605527850858107,0.6916984516549229,0.8040029180739826,0.12822659199699243,0.06777048992902492,0.7964199029126214,0.13880461165048544,0.06477548543689321
2015-16,2016-04-30,Newcastle United,Crystal Palace,H,0,1.1163606304376028,0.9934835401902805,0.38247267964904,0.29795917029746255,0.3195681500534975,0.4864864864864865,0.2702702702702703,0.24324324324324326
2015-16,2016-04-30,Arsenal,Norwich City,H,0,2.6804789070988435,0.6431656897498166,0.8036668659019358,0.13084493806747874,0.0654881960305855,0.7600318894499071,0.1508370980600585,0.08913101249003456
2015-16,2016-04-30,Everton,Bournemouth,H,0,1.213151823953984,0.9107869969473406,0.4304200655647109,0.29296057878331183,0.27661935565197726,0.4871794871794872,0.25641025641025644,0.25641025641025644
2015-16,2016-04-30,Watford,Aston Villa,H,0,1.659286916077043,0.8319778487724757,0.5700613107671129,0.24318647766567217,0.18675221156721486,0.5737166863594592,0.2566627281081791,0.16962058553236184
2015-16,2016-04-30,West Bromwich Albion,West Ham,A,2,1.0509570006868227,1.4575866242674764,0.27255435071665357,0.2627659128436271,0.4646797364397194,0.24502402196293757,0.2882635552505148,0.46671242278654773
2015-16,2016-04-30,Stoke,Sunderland,D,1,1.6052084811269074,0.9895870151768029,0.5172509663683701,0.2495630312120628,0.23318600241956713,0.3551797040169133,0.29598308668076106,0.34883720930232553
2015-16,2016-05-01,Manchester United,Leicester City,D,1,1.2091677248478343,1.4399740376701828,0.31698696025853174,0.25901298081206686,0.4240000589294013,0.46379853095487933,0.28646379853095494,0.24973767051416584
2015-16,2016-05-01,Southampton,Manchester City,H,0,1.5227011161818989,1.2417081540605948,0.4379538251928481,0.25182329256046193,0.3102228822466901,0.3495811119573496,0.2878903274942879,0.3625285605483625
2015-16,2016-05-01,Swansea,Liverpool,H,0,1.0753632169174907,1.540774995103731,0.2649597241311532,0.25460366825169783,0.48043660761714896,0.31472461596103407,0.27875608842263017,0.4065192956163357
2015-16,2016-05-02,Chelsea,Tottenham,D,1,1.4801573321787578,1.4179722581266219,0.3900200434262744,0.24772543428656013,0.3622545222871656,0.3559331591511437,0.2718933854626792,0.3721734553861769
2015-16,2016-05-07,Aston Villa,Newcastle United,D,1,0.9665808262178508,1.0239498884039984,0.33034032044542966,0.3092174166146844,0.36044226293988596,0.17082640044370492,0.23386947679792935,0.5953041227583656
2015-16,2016-05-07,Crystal Palace,Stoke,H,0,1.0631392286706154,0.9462014938541193,0.3770900512123532,0.3069101166351,0.3159998321525469,0.4736294240111034,0.27741151977793194,0.24895905621096462
2015-16,2016-05-07,Norwich City,Manchester United,A,2,0.8950231251740994,1.1926189692333526,0.27570225697325557,0.2961138970354462,0.4281838459912983,0.21710713270815574,0.2713839158851947,0.5115089514066496
2015-16,2016-05-07,Bournemouth,West Bromwich Albion,D,1,1.3677308342154069,1.053200250634476,0.4401777256073925,0.27098077199947035,0.2888415023931371,0.49851632047477745,0.27002967359050445,0.23145400593471807
2015-16,2016-05-07,West Ham,Swansea,A,2,2.05454749402123,0.9674890053950728,0.6247347492099845,0.20573209365419187,0.16953315713582362,0.674237047551455,0.20440028388928316,0.1213626685592619
2015-16,2016-05-07,Sunderland,Chelsea,H,0,1.0295490612475298,1.287395485172127,0.29697435720590076,0.2794576089684157,0.42356803382568353,0.32450331125827814,0.2781456953642384,0.39735099337748336
2015-16,2016-05-07,Leicester City,Everton,H,0,2.577388282598076,0.6844776356149134,0.7809140010742007,0.1424629851792973,0.07662301374650195,0.5115089514066496,0.24424552429667523,0.24424552429667523
2015-16,2016-05-08,Liverpool,Watford,H,0,1.8547345630462517,0.7366749390910406,0.6397432139293373,0.2180535258931016,0.1422032601775611,0.6521739130434783,0.21739130434782608,0.13043478260869565
2015-16,2016-05-08,Manchester City,Arsenal,D,1,1.6316967731282022,1.0716610864767424,0.5040805659763656,0.24643333316106314,0.24948610086257123,0.3911577369801424,0.2716373173473211,0.33720494567253656
2015-16,2016-05-08,Tottenham,Southampton,A,2,2.1200819726357993,1.1799649376239412,0.5888032368593216,0.20573781203322017,0.20545895110745827,0.47730749617542073,0.27180010198878124,0.2508924018357981
2015-16,2016-05-10,West Ham,Manchester United,H,0,1.692260607431924,1.1200954234038518,0.5074194623588419,0.24069680791750772,0.2518837297236503,0.32450331125827814,0.2781456953642384,0.39735099337748336
2015-16,2016-05-11,Liverpool,Chelsea,D,1,1.6663524756870602,0.9939702149031495,0.5312492302675667,0.24351954587654692,0.22523122385588645,0.4871794871794872,0.25641025641025644,0.25641025641025644
2015-16,2016-05-11,Norwich City,Watford,H,0,1.07472862970612,1.0108567985429378,0.3661369663560596,0.30059912610943795,0.3332639075345024,0.5338278264778602,0.2605079793211958,0.20566419420094403
2015-16,2016-05-11,Sunderland,Everton,H,0,1.1744870396366003,0.9016709452049152,0.42119591194622,0.297807707943551,0.280996380110229,0.5594405594405595,0.24475524475524477,0.19580419580419584
2015-16,2016-05-15,Chelsea,Leicester City,D,1,1.1726392627985758,2.039379375423478,0.2142947481036938,0.21205679707011918,0.573648454826187,0.4245799853907962,0.260409057706355,0.31501095690284875
2015-16,2016-05-15,Newcastle United,Tottenham,H,0,0.7863971482768324,1.6789102546976524,0.17327818972832948,0.2401408674613476,0.5865809428103229,0.21621621621621623,0.24324324324324326,0.5405405405405406
2015-16,2016-05-15,Arsenal,Aston Villa,H,0,2.855018739199719,0.48848952025580483,0.8549069204757956,0.1049291751801208,0.04016390434408361,0.8341511285574091,0.10843964671246317,0.057409224730127564
2015-16,2016-05-15,Stoke,West Ham,H,0,1.042334607052248,1.8447779328754352,0.2116162066412003,0.22690139297861056,0.5614824003801892,0.2777678090794904,0.27005203660506016,0.4521801543154495
2015-16,2016-05-15,Everton,Norwich City,H,0,1.3946775984389097,1.1652582593823622,0.4218774415046384,0.2642195962588337,0.31390296223652775,0.5405405405405406,0.24324324324324326,0.21621621621621623
2015-16,2016-05-15,Watford,Sunderland,D,1,1.3902460665479797,1.308197507773944,0.3898942004564577,0.2580201798744347,0.3520856196691076,0.4760271035251737,0.2602281499270949,0.26374474654773133
2015-16,2016-05-15,West Bromwich Albion,Liverpool,D,1,1.2077004945185243,1.3937757624381806,0.32524872940730415,0.26247267676507674,0.41227859382761917,0.4054054054054055,0.2702702702702703,0.32432432432432434
2015-16,2016-05-15,Swansea,Manchester City,D,1,1.301951527394449,1.364869340843348,0.35547847531244237,0.2598958974676656,0.38462562721989196,0.16168863674286668,0.20423827799098948,0.6340730852661439
2015-16,2016-05-15,Southampton,Crystal Palace,H,0,2.5882979747473436,0.7604326765044813,0.7661030518651972,0.14693581817655524,0.08696112995824751,0.7151112395261485,0.17682750650101128,0.10806125397284022
2015-16,2016-05-17,Manchester United,Bournemouth,H,0,1.884000121164312,0.7672058874569384,0.6382509032562047,0.21593996271500362,0.14580913402879167,0.5828476269775187,0.23175131834582288,0.18540105467665832
2016-17,2016-08-13,Burnley,Swansea,A,2,1.454586719410085,1.1398894854421942,0.443298698648329,0.2603598624827398,0.2963414388689313,0.4055587067498582,0.2949517867271696,0.29948950652297224
2016-17,2016-08-13,Crystal Palace,West Bromwich Albion,A,2,1.2470346916100943,1.1627599309451002,0.3825709463329189,0.2756532861446771,0.341775767522404,0.4876847290640395,0.29556650246305427,0.21674876847290642
2016-17,2016-08-13,Everton,Tottenham,D,1,1.1653016488127688,1.6899204356193283,0.26312667087682906,0.24050059158001777,0.49637273754315314,0.3053892215568862,0.2874251497005988,0.40718562874251496
2016-17,2016-08-13,Hull,Leicester City,H,0,1.0758024350903053,1.8089117235950678,0.22421589210819623,0.2304629136085949,0.5453211942832088,0.21710713270815574,0.2713839158851947,0.5115089514066496
2016-17,2016-08-13,Manchester City,Sunderland,H,0,1.792600421152609,0.9104818171488477,0.5817191808810066,0.22996574558412883,0.18831507353486457,0.7839195979899497,0.1507537688442211,0.06532663316582914
2016-17,2016-08-13,Southampton,Watford,D,1,2.3268178113792173,0.9849878127048821,0.6732570713373262,0.18208922401630542,0.14465370464636848,0.5434782608695653,0.2608695652173913,0.19565217391304351
2016-17,2016-08-14,Arsenal,Liverpool,A,2,1.6829080011802133,0.9557916407143248,0.5446251196340341,0.2417699834898546,0.21360489687611114,0.40651929561633576,0.2787560884226302,0.3147246159610341
2016-17,2016-08-14,Bournemouth,Manchester United,A,2,1.0582235672683962,1.3726162254802776,0.2893256819410705,0.2703428549029152,0.4403314631560142,0.20462401106075737,0.26999001459405486,0.5253859743451877
2016-17,2016-08-15,Chelsea,West Ham,H,0,1.534930721608044,1.502442271066596,0.38646585939117156,0.241273849358056,0.3722602912507724,0.5925925925925927,0.24444444444444444,0.16296296296296295
2016-17,2016-08-19,Manchester United,Southampton,H,0,1.5688672526271277,1.3285986718623333,0.4305715916582887,0.24591698857422278,0.32351141976748854,0.6376389141920205,0.23228274731280743,0.13007833849517217
2016-17,2016-08-20,Leicester City,Arsenal,D,1,1.9459298817981292,1.1196128659307398,0.5657723262610972,0.21898116285581423,0.21524651088308858,0.33875338753387535,0.2710027100271003,0.39024390243902446
2016-17,2016-08-20,Burnley,Liverpool,H,0,1.1669451849894894,1.3574904620154273,0.3213391688690808,0.2670337807876457,0.4116270503432734,0.149527200163269,0.23141114310982105,0.6190616567269098
2016-17,2016-08-20,West Bromwich Albion,Everton,A,2,1.5206582688751527,1.0921849110650994,0.4713560456005377,0.256049093803128,0.2725948605963342,0.325,0.30000000000000004,0.375
2016-17,2016-08-20,Stoke,Manchester City,A,2,1.1114296169853288,1.459308620899123,0.28809021779643273,0.26087067334313613,0.4510391088604311,0.1777285138825056,0.2572386385141528,0.5650328476033415
2016-17,2016-08-20,Watford,Chelsea,A,2,1.2174420448526733,1.3281256191481914,0.34048976401237707,0.2667095183111881,0.3928007176764349,0.1777285138825056,0.2572386385141528,0.5650328476033415
2016-17,2016-08-20,Tottenham,Crystal Palace,H,0,2.024166910034521,0.7989303390753482,0.6595228516244952,0.20215328078616715,0.13832386758933762,0.6727152024784244,0.20535516707236112,0.12192963044921443
2016-17,2016-08-20,Swansea,Hull,A,2,1.5704898469767263,1.0519538953743022,0.49350928788921494,0.25227463040849163,0.2542160817022934,0.5426356589147288,0.2713178294573644,0.18604651162790697
2016-17,2016-08-21,Sunderland,Middlesbrough,A,2,1.3114406697381784,1.3681592734782329,0.35728770611214483,0.25920363198232754,0.3835086619055276,0.3817587069463152,0.30421396959784486,0.3140273234558399
2016-17,2016-08-21,West Ham,Bournemouth,H,0,1.956180798260475,0.8562967533927723,0.631267086490091,0.21154339850892934,0.1571895150009796,0.49813200498132004,0.2590286425902864,0.2428393524283935
2016-17,2016-08-27,Chelsea,Burnley,H,0,1.760163504084752,0.8563797828829902,0.5878034535490319,0.23234180125576104,0.1798547451952071,0.7630057803468208,0.17341040462427745,0.06358381502890173
2016-17,2016-08-27,Crystal Palace,Bournemouth,D,1,1.3523904024262177,1.0000827474185825,0.4484871760704464,0.2744335246947879,0.27707929923476576,0.41395531164249316,0.2975303802430419,0.2885143081144649
2016-17,2016-08-27,Everton,Stoke,H,0,1.6184512806304276,1.0423742897874235,0.5077872149069067,0.24791299263926023,0.24429979245383307,0.5524619634322796,0.2654886657605121,0.1820493708072083
2016-17,2016-08-27,Hull,Manchester United,A,2,1.2536926321209307,1.2967778051882368,0.3564084222788339,0.2668283019360885,0.37676327578507746,0.11755336094297547,0.22937241159604974,0.6530742274609749
2016-17,2016-08-27,Leicester City,Swansea,H,0,2.0978285337221614,1.0005710303523792,0.62571609703644,0.20284805529446365,0.17143584766909625,0.5524619634322796,0.2654886657605121,0.1820493708072083
2016-17,2016-08-27,Southampton,Sunderland,D,1,1.9223984606906863,0.9537369152391412,0.6001055120703409,0.21790730165582003,0.18198718627383903,0.5960720381078533,0.2599536388414805,0.14397432305066613
2016-17,2016-08-27,Tottenham,Liverpool,D,1,1.7063256817952153,1.075006853318964,0.5214147815882983,0.23966986098705995,0.23891535742464176,0.40106951871657753,0.2807486631016043,0.3181818181818181
2016-17,2016-08-27,Watford,Arsenal,A,2,1.0697298300825722,1.4644748368212603,0.27630132540743557,0.2616264663914224,0.4620722082011421,0.1914422722242715,0.2552563629656953,0.5533013648100332
2016-17,2016-08-28,Manchester City,West Ham,H,0,1.7094435542729296,1.192783042772461,0.4947495044906147,0.23864252713293493,0.2666079683764503,0.7564469914040115,0.15759312320916904,0.08595988538681948
2016-17,2016-08-28,West Bromwich Albion,Middlesbrough,D,1,1.3835832441628106,1.1881289703601587,0.41388601270623926,0.2640903813785341,0.32202360591522666,0.36559577063847093,0.3066287108580724,0.3277755185034567
2016-17,2016-09-10,Liverpool,Leicester City,H,0,1.3198007892193588,1.4971906967267055,0.33453017385298306,0.2508173162864007,0.41465250986061625,0.5766710353866318,0.24508519003931847,0.1782437745740498
2016-17,2016-09-10,Arsenal,Southampton,H,0,1.7502949291009984,0.9550078753516555,0.5608702001459065,0.2349522308089044,0.20417756904518905,0.61906165672691,0.2314111431098211,0.14952720016326904
2016-17,2016-09-10,Bournemouth,West Bromwich Albion,H,0,1.1805395051148886,1.2174888329753482,0.35268570827665346,0.2767001062737254,0.3706141854496211,0.47523766104385123,0.2997652938891984,0.2249970450669503
2016-17,2016-09-10,Burnley,Hull,D,1,1.2154663365980358,1.1213194556749795,0.38276995137705305,0.28063577941493534,0.3365942692080116,0.3982618552805592,0.3147553372378613,0.28698280748157945
2016-17,2016-09-10,Middlesbrough,Crystal Palace,A,2,1.6179514556393861,0.9468006651166678,0.5309356293086904,0.24841270597216603,0.2206516647191435,0.42415316642120765,0.304860088365243,0.2709867452135493
2016-17,2016-09-10,Stoke,Tottenham,A,2,1.0492616149707514,1.4965025149870692,0.26557052594373765,0.2591951376233075,0.4752343364329549,0.212172184417769,0.2602645462191299,0.5275632693631012
2016-17,2016-09-10,West Ham,Watford,A,2,1.899808562713902,0.9282565124637093,0.6013924503011484,0.21947950152877974,0.17912804817007183,0.5115089514066496,0.2713839158851947,0.21710713270815574
2016-17,2016-09-10,Manchester United,Manchester City,A,2,1.553077620461261,1.2796078971001497,0.4372496474016377,0.24849998764665807,0.3142503649517043,0.4111321948134092,0.30107526881720426,0.28779253636938645
2016-17,2016-09-11,Swansea,Chelsea,D,1,1.1855110072449004,1.5066021965473713,0.2988585878758693,0.2547626476214076,0.4463787645027231,0.1700502768408324,0.2444472729586966,0.5855024502004709
2016-17,2016-09-12,Sunderland,Everton,A,2,1.3753772964296878,1.3499866607156303,0.3774424010521297,0.2567672300283339,0.3657903689195364,0.2567237163814181,0.2787286063569682,0.4645476772616137
2016-17,2016-09-16,Chelsea,Liverpool,A,2,1.7170425336204005,1.1190703563024404,0.5135938590950337,0.23857207101994904,0.24783406988501722,0.43391066545123064,0.2789425706472197,0.2871467639015497
2016-17,2016-09-17,Manchester City,Bournemouth,H,0,2.5452898318305435,0.7111627028081561,0.7704982685193774,0.14712508112240513,0.08237665035821741,0.7561436672967865,0.1625708884688091,0.08128544423440455
2016-17,2016-09-17,Everton,Middlesbrough,H,0,1.7712031597064035,0.9513438120286376,0.566658709754199,0.23280572052360568,0.20053556972219538,0.5821375682990348,0.25583414185773373,0.16202828984323137
2016-17,2016-09-17,Hull,Arsenal,A,2,1.1377587982545858,1.4812923206823538,0.2910690150495972,0.2582240307421925,0.4507069542082103,0.16184971098265896,0.23121387283236997,0.6069364161849712
2016-17,2016-09-17,West Bromwich Albion,West Ham,H,0,1.3424405355597464,1.2565667256624244,0.388270057341792,0.263687533012909,0.3480424096452991,0.34782608695652173,0.3043478260869565,0.34782608695652173
2016-17,2016-09-17,Leicester City,Burnley,H,0,1.9180154881702938,0.7639838382856983,0.6463421899461054,0.2120232707344619,0.14163453931943268,0.6519243436529595,0.22583984191211068,0.12223581443492991
2016-17,2016-09-18,Crystal Palace,Stoke,H,0,1.5041999985833998,0.9915298603194764,0.4910732536391529,0.25958742912233984,0.24933931723850722,0.48837209302325585,0.27906976744186046,0.23255813953488372
2016-17,2016-09-18,Southampton,Swansea,H,0,1.5854438256439476,0.9420693766038286,0.5239806307921309,0.2518042837870705,0.22421508542079865,0.5737166863594592,0.2566627281081791,0.16962058553236184
2016-17,2016-09-18,Tottenham,Sunderland,H,0,2.111895752285098,0.8333986508376877,0.6684611639124974,0.19484073688378648,0.13669809920371612,0.733822548365577,0.17745163442294865,0.08872581721147432
2016-17,2016-09-18,Watford,Manchester United,H,0,1.0814557217729073,1.5432902909580135,0.26609601954028045,0.2542610532806863,0.4796429271790333,0.1630716134598792,0.23295944779982744,0.6039689387402933
2016-17,2016-09-24,Manchester United,Leicester City,H,0,1.4793050426540164,1.2698885884543512,0.4208339938149334,0.25389619274529457,0.325269813439772,0.5639796719414948,0.2501755980663554,0.1858447299921497
2016-17,2016-09-24,Liverpool,Hull,H,0,1.9601257851201201,0.8842481474577221,0.625204700742637,0.2121169295393648,0.16267836971799823,0.7964199029126214,0.13880461165048544,0.06477548543689321
2016-17,2016-09-24,Arsenal,Chelsea,H,0,1.7801894216765375,1.1517768020551549,0.520859799791015,0.23313433187911592,0.24600586832986904,0.40651929561633576,0.2787560884226302,0.3147246159610341
2016-17,2016-09-24,Bournemouth,Everton,H,0,1.0675232340878245,1.5487097354678367,0.2616676963797756,0.25402859389247046,0.48430370972775394,0.27005203660506016,0.2777678090794904,0.4521801543154495
2016-17,2016-09-24,Stoke,West Bromwich Albion,D,1,1.2920190387694843,1.2320971869840431,0.3800245366054021,0.2683861144806001,0.3515893489139978,0.40942928039702237,0.29528535980148884,0.29528535980148884
2016-17,2016-09-24,Sunderland,Crystal Palace,A,2,1.355761344958293,1.201589669688954,0.40357632133969934,0.2655291196742859,0.33089455898601483,0.33865925668634944,0.3001042028482112,0.36123654046543935
2016-17,2016-09-24,Swansea,Manchester City,A,2,1.0377708165174064,2.013995231241953,0.18893592321621666,0.21146109267162433,0.599602984112159,0.10806125397284022,0.17682750650101128,0.7151112395261485
2016-17,2016-09-24,Middlesbrough,Tottenham,A,2,1.0205465293452436,1.5281237759100195,0.2529990536089983,0.2567578702966691,0.4902430760943326,0.2592592592592593,0.2777777777777778,0.46296296296296297
2016-17,2016-09-25,West Ham,Southampton,A,2,1.3597588166193153,1.1849814165624388,0.40826338802347223,0.266022537260506,0.3257140747160217,0.3488372093023256,0.2959830866807611,0.35517970401691334
2016-17,2016-09-26,Burnley,Watford,H,0,1.2357771696953692,1.0934376120883909,0.39460473714342986,0.2806637336307112,0.324731529225859,0.33553398058252426,0.3040776699029126,0.36038834951456306
2016-17,2016-09-30,Everton,Crystal Palace,D,1,1.8131420947931112,1.0368751400178737,0.5555727889106372,0.22975666955135515,0.21467054153800771,0.5622715771717739,0.2431824571267922,0.1945459657014338
2016-17,2016-10-01,Sunderland,West Bromwich Albion,D,1,1.3310685894268144,1.2497650542383003,0.38670275174531477,0.26479939773768657,0.34849785051699866,0.3920829406220546,0.3016022620169651,0.30631479736098016
2016-17,2016-10-01,Hull,Chelsea,A,2,1.1806554735067796,1.4860721555918177,0.3012632771858821,0.256513837718633,0.44222288509548496,0.13043478260869565,0.21739130434782608,0.6521739130434783
2016-17,2016-10-01,Swansea,Liverpool,A,2,1.0305793369077625,1.8996927666066268,0.201719795461412,0.22168470275343596,0.5765955017851521,0.12192963044921443,0.20535516707236112,0.6727152024784244
2016-17,2016-10-01,West Ham,Middlesbrough,D,1,1.539556503610518,0.9459848795930035,0.5113512347169065,0.2565763811437348,0.2320723841393587,0.43391066545123064,0.2871467639015497,0.2789425706472197
2016-17,2016-10-01,Watford,Bournemouth,D,1,1.5312642007911963,0.963452513192685,0.5049179291709036,0.25725198612876665,0.23783008470032968,0.40942928039702237,0.29528535980148884,0.29528535980148884
2016-17,2016-10-02,Burnley,Arsenal,A,2,0.8978489833581624,1.666661201996802,0.20179543358430266,0.24308708264988726,0.5551174837658102,0.10835913312693499,0.195046439628483,0.6965944272445821
2016-17,2016-10-02,Leicester City,Southampton,D,1,1.5479410443163721,1.1133510124661214,0.4733702534190947,0.25321234391035163,0.2734174026705537,0.43391066545123064,0.2871467639015497,0.2789425706472197
2016-17,2016-10-02,Manchester United,Stoke,D,1,2.142288931029568,0.7948336546786404,0.6836338489270557,0.18989924156564306,0.12646690950730113,0.7329742821632302,0.1695401383090602,0.09748557952770963
2016-17,2016-10-02,Tottenham,Manchester City,H,0,1.5997187994328135,1.5632332639318531,0.38993541354307704,0.23579289895898367,0.3742716874979393,0.32710280373831774,0.2803738317757009,0.39252336448598135
2016-17,2016-10-15,Crystal Palace,West Ham,A,2,1.5736169002967217,1.115108068591878,0.4794319623796688,0.2509675767250714,0.26960046089525974,0.4521801543154494,0.27776780907949034,0.2700520366050601
2016-17,2016-10-15,Arsenal,Swansea,H,0,2.640226095674114,0.7863054449167337,0.7680918079852392,0.1444421393768417,0.08746605263791908,0.7600318894499071,0.1508370980600585,0.08913101249003456
2016-17,2016-10-15,Chelsea,Leicester City,H,0,1.560643091668707,1.1225149969869015,0.47445119080281856,0.2519360023286443,0.2736128068685372,0.6209037599172128,0.21662642290444978,0.16246981717833733
2016-17,2016-10-15,Stoke,Sunderland,H,0,1.4859082110031332,1.0744627794508335,0.4665470655989747,0.2595679377032485,0.27388499669777683,0.4864864864864865,0.2702702702702703,0.24324324324324326
2016-17,2016-10-15,Manchester City,Everton,D,1,2.197089157864155,1.0155265277144243,0.6418956127710185,0.19456138946089485,0.16354299776808667,0.6535626535626535,0.20638820638820637,0.14004914004914004
2016-17,2016-10-15,West Bromwich Albion,Tottenham,D,1,1.019598577985064,1.629117623669829,0.23703515185740945,0.24706216874732975,0.5159026793952608,0.1777285138825056,0.2572386385141528,0.5650328476033415
2016-17,2016-10-15,Bournemouth,Hull,H,0,1.3998118630423277,1.001389065766078,0.4610756862527528,0.26971073665279366,0.26921357709445354,0.526711813393529,0.27840481565086533,0.19488337095560576
2016-17,2016-10-16,Middlesbrough,Watford,A,2,1.2461411916124443,1.0829953216181152,0.39984054455047624,0.28038382328171274,0.319775632167811,0.43349753694581283,0.29556650246305427,0.27093596059113306
2016-17,2016-10-16,Southampton,Burnley,H,0,1.847859798052788,0.7717252906279839,0.6292218761755018,0.22017452486854497,0.15060359895595327,0.6949100883876866,0.20268210911307527,0.10240780249923802
2016-17,2016-10-17,Liverpool,Manchester United,D,1,1.9912710299028622,1.2885457902964548,0.5372156757003625,0.21700024436339638,0.245784079936241,0.4430379746835444,0.2784810126582279,0.2784810126582279
2016-17,2016-10-22,Swansea,Watford,D,1,1.4381074480035085,1.2196177268082091,0.4212207314452249,0.25874119825187564,0.32003807030289944,0.40942928039702237,0.29528535980148884,0.29528535980148884
2016-17,2016-10-22,West Ham,Sunderland,H,0,1.7879979262939276,0.9514681367700225,0.5705208439332817,0.23112290015614895,0.19835625591056935,0.5855024502004709,0.2444472729586966,0.1700502768408324
2016-17,2016-10-22,Arsenal,Middlesbrough,D,1,2.6345037301348904,0.6646377917333584,0.7930653046633921,0.13622030214351596,0.07071439319309182,0.7839195979899497,0.1507537688442211,0.06532663316582914
2016-17,2016-10-22,Bournemouth,Tottenham,D,1,1.0783433545504262,1.7141215368158613,0.23855030649269213,0.2389618207179232,0.5224878727893847,0.2314540059347181,0.2700296735905045,0.49851632047477756
2016-17,2016-10-22,Burnley,Everton,H,0,1.1339435248583951,1.2669881792092619,0.32986544795545625,0.2757940186696686,0.3943405333748752,0.16202828984323137,0.25583414185773373,0.5821375682990348
2016-17,2016-10-22,Hull,Stoke,A,2,1.258667191740406,1.2573893348602208,0.3657852282580755,0.2690368730265839,0.36517789871534057,0.3145253526496378,0.2954632100648113,0.39001143728555093
2016-17,2016-10-22,Leicester City,Crystal Palace,H,0,1.609431780960834,0.9741833316630655,0.522070388621572,0.24921572820932741,0.2287138831691006,0.4736294240111034,0.27741151977793194,0.24895905621096462
2016-17,2016-10-22,Liverpool,West Bromwich Albion,H,0,2.2969971533516516,0.8680855433056789,0.6947231831739359,0.17900153675724653,0.12627528006881766,0.7609013754755634,0.16359379572724614,0.07550482879719053
2016-17,2016-10-23,Chelsea,Manchester United,H,0,1.602125990155648,1.200817968829462,0.4668812571669157,0.24694470446333275,0.2861740383697516,0.45492957746478874,0.2876760563380282,0.2573943661971831
2016-17,2016-10-23,Manchester City,Southampton,D,1,1.9617905888927811,1.2750253848439563,0.5338098422263826,0.21910084508912359,0.24708931268449383,0.6521739130434783,0.21739130434782608,0.13043478260869565
2016-17,2016-10-29,Crystal Palace,Liverpool,A,2,1.121393240377181,1.7722469158436098,0.2400946619658873,0.23382565076075287,0.5260796872733597,0.18515997277059223,0.24302246426140234,0.5718175629680056
2016-17,2016-10-29,Manchester United,Burnley,D,1,1.9309316275612123,0.8192043620946673,0.635153331397655,0.21282007445942916,0.15202659414291594,0.8099878197320342,0.13885505481120583,0.051157125456760044
2016-17,2016-10-29,Middlesbrough,Bournemouth,H,0,1.2602637317577567,1.0622705412630122,0.4084702201493944,0.28028815680163904,0.3112416230489666,0.39024390243902446,0.30487804878048785,0.30487804878048785
2016-17,2016-10-29,Sunderland,Arsenal,A,2,0.8803938136870046,2.1761865105830083,0.13961101178962945,0.19082657490008365,0.6695624133102869,0.10835913312693499,0.195046439628483,0.6965944272445821
2016-17,2016-10-29,Tottenham,Leicester City,D,1,1.7032714320385383,0.9197221289774145,0.5584679032133865,0.23940170858279744,0.202130388203816,0.6039689387402933,0.23295944779982744,0.1630716134598792
2016-17,2016-10-29,Watford,Hull,H,0,1.5228931349802384,0.8646752324159086,0.5274550798089496,0.2589626535429699,0.21358226664808053,0.5555555555555556,0.2592592592592593,0.1851851851851852
2016-17,2016-10-29,West Bromwich Albion,Manchester City,A,2,1.0090740649454637,1.8153183851752608,0.20799518213211138,0.2292427627146154,0.5627620551532733,0.1213626685592619,0.20440028388928316,0.674237047551455
2016-17,2016-10-30,Everton,West Ham,H,0,1.3565334411755872,1.0700283804129167,0.4332433601039496,0.2713305971792945,0.295426042716756,0.5397727272727273,0.2556818181818182,0.20454545454545456
2016-17,2016-10-30,Southampton,Chelsea,A,2,1.6856409833816859,1.2550509557089542,0.47501299836322364,0.2396182064783686,0.2853687951584078,0.3053892215568862,0.2874251497005988,0.40718562874251496
2016-17,2016-10-31,Stoke,Swansea,H,0,1.63822524972621,1.102474983360266,0.4984170996862436,0.24554079646066074,0.25604210385309567,0.4741767764298094,0.27001733102253034,0.2558058925476603
2016-17,2016-11-05,Bournemouth,Sunderland,A,2,1.7646055732931887,0.8951285200275764,0.5790804936787879,0.2326117001519241,0.18830780616928805,0.5907172995780591,0.2320675105485232,0.17721518987341772
2016-17,2016-11-05,Burnley,Crystal Palace,H,0,1.4016904003690627,1.09445103739919,0.439758700134634,0.2664077374525513,0.2938335624128146,0.29528535980148884,0.29528535980148884,0.40942928039702237
2016-17,2016-11-05,Chelsea,Everton,H,0,1.9193670462136259,0.8621653324912999,0.6219596949866871,0.21555249936313334,0.1624878056501796,0.6361646262244228,0.2247879626150963,0.13904741116048097
2016-17,2016-11-05,Manchester City,Middlesbrough,D,1,2.176913800964966,0.7741349966775296,0.69511417270109,0.185334245858798,0.11955158144011199,0.7964199029126214,0.13880461165048544,0.06477548543689321
2016-17,2016-11-05,West Ham,Stoke,D,1,1.3370032765589581,1.2156233456207939,0.3955562413336318,0.266178502461322,0.3382652562050461,0.4864864864864865,0.2702702702702703,0.24324324324324326
2016-17,2016-11-06,Hull,Southampton,H,0,0.9379969421487561,1.6615862583468537,0.21227012091029648,0.24387633346258925,0.5438535456271143,0.16962058553236184,0.2566627281081791,0.5737166863594592
2016-17,2016-11-06,Liverpool,Watford,H,0,2.2524036763646347,0.7650454812080604,0.7109410248389597,0.17740994482908673,0.11164903033195343,0.7561436672967865,0.1625708884688091,0.08128544423440455
2016-17,2016-11-06,Arsenal,Tottenham,D,1,1.7572073893654874,1.0744006522395806,0.533628411725992,0.2350911988050378,0.23128038946897017,0.49851632047477745,0.27002967359050445,0.23145400593471807
2016-17,2016-11-06,Swansea,Manchester United,A,2,1.2140013149963662,1.6856620124616675,0.2755170114072708,0.24024524366654415,0.48423774492618504,0.1945459657014338,0.2431824571267922,0.5622715771717739
2016-17,2016-11-06,Leicester City,West Bromwich Albion,A,2,1.6574516259067105,0.8235726051955449,0.5717762101981811,0.2432805560777089,0.18494323372410984,0.5426356589147288,0.2713178294573644,0.18604651162790697
2016-17,2016-11-19,Southampton,Liverpool,D,1,1.3466733367785568,1.5400077345197607,0.333251992005173,0.24713574306750075,0.41961226492732623,0.2865412445730825,0.2706222865412446,0.4428364688856729
2016-17,2016-11-19,Everton,Swansea,D,1,1.5441939442474457,1.0449921093907433,0.48850278996618085,0.25483003180073477,0.2566671782330844,0.6111790721746495,0.22583984191211068,0.16298108591323987
2016-17,2016-11-19,Manchester United,Arsenal,D,1,1.3859372875906528,1.3702811499647851,0.37601706076477565,0.25511510567405926,0.3688678335611651,0.3757621951219512,0.28734756097560976,0.33689024390243905
2016-17,2016-11-19,Crystal Palace,Manchester City,A,2,1.0049212566735848,1.8371172430712244,0.20414576112675126,0.2271194738885303,0.5687347649847184,0.14941406250000003,0.2158203125,0.6347656250000001
2016-17,2016-11-19,Stoke,Bournemouth,A,2,1.6320473994963574,1.1597353928119793,0.4836035738366272,0.24530865556469134,0.27108777059868144,0.425,0.2875,0.2875
2016-17,2016-11-19,Sunderland,Hull,H,0,1.2622230562114711,1.0290310677919297,0.41662376493229186,0.2818486304073271,0.3015276046603811,0.45492957746478874,0.2876760563380282,0.2573943661971831
2016-17,2016-11-19,Watford,Leicester City,H,0,1.1201930160321363,1.146139949550649,0.3504683881716562,0.28616531850338,0.36336629332496384,0.3488372093023256,0.2959830866807611,0.35517970401691334
2016-17,2016-11-19,Tottenham,West Ham,H,0,1.8596349955351017,0.7825580375587771,0.6290360242273898,0.21924194505256908,0.15172203072004117,0.6521739130434783,0.21739130434782608,0.13043478260869565
2016-17,2016-11-20,Middlesbrough,Chelsea,A,2,0.9999936627341278,1.657125072392684,0.22804778143402188,0.24441924082915542,0.5275329777368226,0.1387232162580075,0.24276562845151314,0.6185111552904793
2016-17,2016-11-21,West Bromwich Albion,Burnley,H,0,1.3491765521777899,1.1114052427083794,0.42180423744633755,0.2702118364862027,0.3079839260674597,0.49829018075232057,0.28578407425500735,0.21592574499267222
2016-17,2016-11-26,Leicester City,Middlesbrough,D,1,1.5562887357019755,0.8920637158468573,0.5290961823460487,0.25510849961306886,0.21579531804088248,0.5115089514066496,0.2713839158851947,0.21710713270815574
2016-17,2016-11-26,Liverpool,Sunderland,H,0,2.6804712671473263,0.6761940738526248,0.7967942157159612,0.13335399377948814,0.06985179050455069,0.8338711759390732,0.11477991480573124,0.05134890925519556
2016-17,2016-11-26,Burnley,Manchester City,A,2,0.9975754325025245,1.8346154429421202,0.20280668665991514,0.22724980744040194,0.5699435058996829,0.10791075050709938,0.16186612576064907,0.7302231237322514
2016-17,2016-11-26,Chelsea,Tottenham,H,0,1.6753204087157356,1.1059530079311093,0.50664347201591,0.242266261635309,0.25109026634878095,0.5574572127139364,0.2567237163814181,0.1858190709046455
2016-17,2016-11-26,Hull,West Bromwich Albion,D,1,1.1928360841122518,1.1124610786192963,0.37832079148369224,0.28301270922800964,0.3386664992882981,0.3163498098859316,0.30646387832699623,0.37718631178707224
2016-17,2016-11-26,Swansea,Crystal Palace,H,0,1.4982195207537488,1.1312083705596183,0.456565891700428,0.25700276539538247,0.2864313429041895,0.3722005139043043,0.2879080445789177,0.33989144151677786
2016-17,2016-11-27,Manchester United,West Ham,D,1,1.6949296271052348,0.8616338864055607,0.5710878388245432,0.23959491883626974,0.18931724233918718,0.6727152024784244,0.20535516707236112,0.12192963044921443
2016-17,2016-11-27,Arsenal,Bournemouth,H,0,2.128851609610164,0.931798057309629,0.6481840684440494,0.19749918048612158,0.1543167510698291,0.696594427244582,0.19504643962848295,0.10835913312693496
2016-17,2016-11-27,Watford,Stoke,A,2,1.2559647005848893,1.187508949210759,0.3797167528322071,0.2735099766108765,0.3467732705569163,0.40740740740740744,0.29629629629629634,0.29629629629629634
2016-17,2016-11-27,Southampton,Everton,H,0,1.6642418407239368,0.9290902051595079,0.5467141628244191,0.2435567919403105,0.20972904523527033,0.4428364688856729,0.2865412445730825,0.2706222865412446
2016-17,2016-12-03,Crystal Palace,Southampton,H,0,1.1351771438268434,1.4717867201474433,0.2920716173123429,0.259089951783088,0.44883843090456904,0.2791467451268848,0.2960647296800294,0.42478852519308563
2016-17,2016-12-03,Manchester City,Chelsea,A,2,1.6300813418248106,1.1298517873646534,0.4900254499003542,0.24590734002941936,0.26406721007022654,0.4556962025316455,0.27215189873417717,0.27215189873417717
2016-17,2016-12-03,Stoke,Burnley,H,0,1.556495434302393,0.9441539121071684,0.5161339754324791,0.25481925982447173,0.22904676474304914,0.6045105789351314,0.24482678446872821,0.15066263659614043
2016-17,2016-12-03,Sunderland,Leicester City,H,0,1.0019294074461162,1.460156349027794,0.2592164269552178,0.26374533371012565,0.4770382393346565,0.2875,0.2875,0.425
2016-17,2016-12-03,Tottenham,Swansea,H,0,2.028173695644192,0.8642464988099866,0.6442651606372154,0.20453171993248845,0.15120311943029616,0.7151112395261485,0.17682750650101128,0.10806125397284022
2016-17,2016-12-03,West Bromwich Albion,Watford,H,0,1.3912759357813227,0.961350586066216,0.46841457748757004,0.2717652379736203,0.2598201845388096,0.4437869822485207,0.2958579881656805,0.2603550295857988
2016-17,2016-12-03,West Ham,Arsenal,A,2,1.0282853726634251,1.5304642772201267,0.25460855536037297,0.25640482036026385,0.4889866242793631,0.20638820638820637,0.2334152334152334,0.5601965601965602
2016-17,2016-12-04,Bournemouth,Liverpool,H,0,1.0935264260836106,2.0284718282509884,0.19893940524533332,0.2114750958389318,0.589585498915735,0.19580419580419584,0.24475524475524477,0.5594405594405595
2016-17,2016-12-04,Everton,Manchester United,D,1,1.1408033978167054,1.3008538795399855,0.3251414333864987,0.2727412825971377,0.4021172840163636,0.27005203660506016,0.2777678090794904,0.4521801543154495
2016-17,2016-12-05,Middlesbrough,Hull,H,0,1.3913666486458345,0.9319751311263395,0.47561939270722353,0.27257058700940884,0.25181002028336763,0.5343511450381679,0.2793893129770993,0.18625954198473285
2016-17,2016-12-10,Arsenal,Stoke,H,0,2.168467380113292,0.8489782828560398,0.6755768683166402,0.1900649532385708,0.1343581784447891,0.7206896551724138,0.17689655172413796,0.10241379310344828
2016-17,2016-12-10,Burnley,Bournemouth,H,0,1.3380575004423116,1.4223724703487504,0.35344770156803523,0.25463982261558976,0.39191247581637506,0.27848101265822783,0.27848101265822783,0.4430379746835443
2016-17,2016-12-10,Hull,Crystal Palace,D,1,1.314195368985611,1.1705741994532188,0.3992023826669655,0.27016414231517855,0.33063347501785595,0.2791467451268848,0.2960647296800294,0.42478852519308563
2016-17,2016-12-10,Leicester City,Manchester City,H,0,1.1587224906041003,1.562717295022557,0.2823687335527946,0.2509921777618896,0.46663908868531584,0.18515997277059223,0.24302246426140234,0.5718175629680056
2016-17,2016-12-10,Swansea,Sunderland,H,0,1.5344537433667482,1.0707723412737298,0.47990760218358286,0.25526357528929294,0.26482882252712414,0.4521801543154494,0.27776780907949034,0.2700520366050601
2016-17,2016-12-10,Watford,Everton,H,0,1.2994492821373556,1.1451091177199348,0.4007850506378483,0.2726272672266021,0.32658768213554956,0.3147553372378613,0.28698280748157945,0.3982618552805592
2016-17,2016-12-11,Chelsea,West Bromwich Albion,H,0,1.984874028108173,0.785158962993239,0.654949533648445,0.20567579744334769,0.1393746689082073,0.7792207792207791,0.1558441558441558,0.06493506493506493
2016-17,2016-12-11,Liverpool,West Ham,D,1,2.4300646965134085,0.7963278018315988,0.7338085189032615,0.16288261842280352,0.10330886267393496,0.7491486946651532,0.1623155505107832,0.08853575482406358
2016-17,2016-12-11,Manchester United,Tottenham,H,0,1.2903310228293903,1.368940900226903,0.3516510058844753,0.2602393821029053,0.3881096120126194,0.4428364688856729,0.2865412445730825,0.2706222865412446
2016-17,2016-12-11,Southampton,Middlesbrough,H,0,1.6157871495272762,0.9270308770563362,0.5353082695527103,0.24864196310963946,0.21604976733765016,0.57379167743603,0.2636340139570948,0.16257430860687513
2016-17,2016-12-13,Bournemouth,Leicester City,H,0,1.3918525741116707,1.4220646813493194,0.36713518014455315,0.25206006259842917,0.38080475725701757,0.40718562874251496,0.2874251497005988,0.3053892215568862
2016-17,2016-12-13,Everton,Arsenal,H,0,0.9716879346333871,1.7156988455903335,0.21285040335237135,0.23856403980926277,0.5485855568383659,0.2315376036464142,0.2593221160839839,0.509140280269602
2016-17,2016-12-14,Tottenham,Hull,H,0,2.2931458798358197,0.7398251626781192,0.7239859689723045,0.17194450016729992,0.10406953086039564,0.7964199029126214,0.13880461165048544,0.06477548543689321
2016-17,2016-12-14,West Bromwich Albion,Swansea,H,0,1.5106973897150229,1.0453710657211992,0.47982708914057,0.2579544975273418,0.2622184133320883,0.4765957446808511,0.27914893617021275,0.24425531914893614
2016-17,2016-12-14,Crystal Palace,Manchester United,A,2,1.1662121705673825,1.391525162799613,0.31474206845127795,0.2644258728920397,0.42083205865668233,0.18515997277059223,0.24302246426140234,0.5718175629680056
2016-17,2016-12-14,Manchester City,Watford,H,0,2.1720588839912316,0.8165106544963244,0.6840249010775276,0.1880850993123722,0.12788999961010028,0.7600318894499071,0.1508370980600585,0.08913101249003456
2016-17,2016-12-14,Middlesbrough,Liverpool,A,2,0.9860873060649238,1.7755136254634607,0.20804763044838132,0.23280067354944853,0.5591516960021702,0.16298108591323987,0.22583984191211068,0.6111790721746495
2016-17,2016-12-14,Stoke,Southampton,D,1,1.259994523632801,1.2356306712474585,0.3706583556928295,0.27030350847765194,0.3590381358295186,0.3145253526496378,0.2954632100648113,0.39001143728555093
2016-17,2016-12-14,Sunderland,Chelsea,A,2,0.8383990367795356,1.733676101965547,0.17891717489070122,0.2348942433288134,0.5861885817804854,0.09748557952770963,0.1695401383090602,0.7329742821632302
2016-17,2016-12-14,West Ham,Burnley,H,0,1.3878337775826592,1.134396870156802,0.42697687545423574,0.2660349202167816,0.3069882043289826,0.5855024502004709,0.2444472729586966,0.1700502768408324
2016-17,2016-12-17,Stoke,Leicester City,D,1,1.2315214621863915,1.301526081558016,0.3495275243836683,0.2677779786202037,0.38269449699612806,0.3757621951219512,0.28734756097560976,0.33689024390243905
2016-17,2016-12-17,Crystal Palace,Chelsea,A,2,0.9384783250975258,1.6883940922319414,0.2086627297215385,0.24110602485726776,0.5502312454211937,0.149527200163269,0.23141114310982105,0.6190616567269098
2016-17,2016-12-17,Middlesbrough,Swansea,H,0,1.4022663937512967,1.1706153401652828,0.42268687087462137,0.26340731169170806,0.31390581743367074,0.46671242278654773,0.2882635552505148,0.24502402196293757
2016-17,2016-12-17,West Ham,Hull,H,0,1.6434593770802084,0.9580954080854689,0.5344450882985375,0.24579206637676737,0.2197628453246951,0.600556613446609,0.23729310092280653,0.16215028563058445
2016-17,2016-12-17,Sunderland,Watford,H,0,1.1468738633213098,1.1565570275501955,0.3558901622990443,0.283439294633406,0.36067054306754964,0.3698407791003246,0.29475189364662235,0.335407327253053
2016-17,2016-12-17,West Bromwich Albion,Manchester United,A,2,1.1574693775966929,1.1685980691126072,0.35636665252598126,0.28179557046992343,0.3618377770040953,0.16962058553236184,0.2566627281081791,0.5737166863594592
2016-17,2016-12-18,Bournemouth,Southampton,A,2,1.3219221737928315,1.2979531444601236,0.3742328208711073,0.26272666999631716,0.3630405091325755,0.3264840182648402,0.29680365296803657,0.3767123287671233
2016-17,2016-12-18,Manchester City,Arsenal,H,0,1.5109416774485838,1.329858179349174,0.41595780025432416,0.24956574470895893,0.3344764550367169,0.4521801543154494,0.2700520366050601,0.27776780907949034
2016-17,2016-12-18,Tottenham,Burnley,H,0,2.3565110419136768,0.7783590944570254,0.7257698630463975,0.16840151236755832,0.1058286245860442,0.7964199029126214,0.13880461165048544,0.06477548543689321
2016-17,2016-12-19,Everton,Liverpool,A,2,1.1293441771179211,1.5543884261428607,0.2763803931407343,0.2523248301483421,0.4712947767109236,0.2314540059347181,0.2700296735905045,0.49851632047477756
2016-17,2016-12-26,Arsenal,West Bromwich Albion,H,0,2.1516604801282493,0.8236245377704885,0.6784643989734197,0.1904442376620989,0.13109136336448138,0.7151598592626587,0.17293865687624294,0.11190148386109836
2016-17,2016-12-26,Burnley,Middlesbrough,H,0,1.3582618259977577,1.0725744556498276,0.4331251811394828,0.2710726860290612,0.29580213283145596,0.3277755185034567,0.3066287108580724,0.36559577063847093
2016-17,2016-12-26,Chelsea,Bournemouth,H,0,2.0807230249842292,0.7718316876412713,0.6774250642586612,0.19496874161882055,0.12760619412251825,0.6983240223463686,0.18994413407821228,0.11173184357541899
2016-17,2016-12-26,Hull,Manchester City,A,2,0.9034762159577061,1.837236491720216,0.181180510357774,0.22520935523156677,0.5936101344106594,0.09514304723885564,0.17298735861610115,0.7318695941450433
2016-17,2016-12-26,Leicester City,Everton,A,2,1.820638042377554,0.9571813343378411,0.5766040202667327,0.22796392439070745,0.19543205534255992,0.38173115277223774,0.2891902672516952,0.329078579976067
2016-17,2016-12-26,Manchester United,Sunderland,H,0,1.9746416750703895,0.7027501707063786,0.6736505915348036,0.2028424084129068,0.12350700005228955,0.78031212484994,0.14645858343337334,0.07322929171668667
2016-17,2016-12-26,Swansea,West Ham,A,2,1.3621303005441068,1.2987142634944722,0.3845872053640567,0.26023244816272467,0.3551803464732187,0.3621665319320938,0.2976556184316896,0.34017784963621667
2016-17,2016-12-26,Watford,Crystal Palace,D,1,1.538819769093968,1.0466503093684663,0.4867375023198322,0.2553041140469573,0.2579583836332106,0.38173115277223774,0.2891902672516952,0.329078579976067
2016-17,2016-12-27,Liverpool,Stoke,H,0,2.0647719463684657,0.8404903792557783,0.6574551289752529,0.199863368685797,0.1426815023389501,0.7318695941450432,0.17298735861610112,0.09514304723885562
2016-17,2016-12-28,Southampton,Tottenham,A,2,1.3366263729404761,1.3859054352713247,0.36026046982840526,0.25685566685657285,0.3828838633150218,0.3403141361256544,0.2931937172774869,0.3664921465968586
2016-17,2016-12-30,Hull,Everton,D,1,1.117382827422795,1.3419722250806183,0.3109459939908148,0.27054590349004676,0.4185081025191384,0.22433316350847204,0.27753217085476684,0.49813466563676106
2016-17,2016-12-31,Burnley,Sunderland,H,0,1.5513848139526665,0.9080363317746835,0.5238278507796863,0.2555841729147801,0.22058797630553362,0.4055587067498582,0.29948950652297224,0.2949517867271696
2016-17,2016-12-31,Chelsea,Stoke,H,0,1.959627896144488,0.7577249775185182,0.6566388573967857,0.2071707670694614,0.13619037553375288,0.780278670953912,0.15005359056806,0.06966773847802786
2016-17,2016-12-31,Leicester City,West Ham,H,0,1.5407520872996812,1.2333443339966423,0.44433541395874515,0.25076338547987387,0.30490120056138087,0.4649214659685864,0.27120418848167543,0.2638743455497382
2016-17,2016-12-31,Liverpool,Manchester City,H,0,1.5947288254623297,1.1984841961399788,0.46558019406916606,0.2475692459736702,0.28685055995716374,0.4147927894443412,0.2707675153317227,0.31443969522393606
2016-17,2016-12-31,Manchester United,Middlesbrough,H,0,1.8586253975920735,0.7818757443038933,0.628989001230759,0.21933023942809593,0.15168075934114503,0.7773279352226721,0.16194331983805665,0.060728744939271245
2016-17,2016-12-31,Southampton,West Bromwich Albion,A,2,1.5669585813052198,0.8805047354382858,0.5347322450796242,0.2539444693160091,0.2113232856043666,0.5582990397805213,0.26406035665294925,0.1776406035665295
2016-17,2016-12-31,Swansea,Bournemouth,A,2,1.3018608226429422,1.2148685187147048,0.38632088176451235,0.26868485765485517,0.3449942605806326,0.33689024390243905,0.28734756097560976,0.3757621951219512
2016-17,2017-01-01,Arsenal,Crystal Palace,H,0,2.4197844785234577,0.7518598302147121,0.7422035621634411,0.16094888453071288,0.09684755330584613,0.7297486033519555,0.171159217877095,0.09909217877094974
2016-17,2017-01-01,Watford,Tottenham,A,2,0.9653632756963209,1.8524185707199405,0.19322095861657484,0.22498497337998308,0.581794068003442,0.1705981465880371,0.25021061499578773,0.5791912384161753
2016-17,2017-01-02,Everton,Southampton,H,0,1.2796599328137035,1.0754773188819027,0.4108890811828155,0.2778840423333416,0.31122687648384284,0.4428364688856729,0.2865412445730825,0.2706222865412446
2016-17,2017-01-02,Manchester City,Burnley,H,0,1.9099064690697913,0.8770996679613712,0.616208753134266,0.2170078004842365,0.16678344638149747,0.8338711759390732,0.11477991480573124,0.05134890925519556
2016-17,2017-01-02,Middlesbrough,Leicester City,D,1,1.131793956580621,1.3134205068647755,0.3202670232571069,0.2721963623807997,0.4075366143620933,0.3553362122146823,0.3053670573719926,0.3392967304133251
2016-17,2017-01-02,Sunderland,Liverpool,D,1,0.7716898729077883,1.844307602081514,0.15097619156211178,0.220574970072927,0.6284488383649612,0.08872581721147432,0.17745163442294865,0.733822548365577
2016-17,2017-01-02,West Bromwich Albion,Hull,H,0,1.5776426730736204,0.8874252111553659,0.5356876193564873,0.25275474256226904,0.2115576380812436,0.5582990397805213,0.26406035665294925,0.1776406035665295
2016-17,2017-01-02,West Ham,Manchester United,A,2,1.2934277197538155,1.4508361818662214,0.33659941630763274,0.25485661764125295,0.40854396605111426,0.16296296296296295,0.24444444444444444,0.5925925925925927
2016-17,2017-01-03,Bournemouth,Arsenal,D,1,0.9837589127177064,1.5791225858970448,0.23566753611146452,0.25220106427553596,0.5121313996129995,0.21672840037901628,0.2760099922473943,0.5072616073735894
2016-17,2017-01-03,Crystal Palace,Swansea,A,2,1.3917724335659185,1.057186906861533,0.4457343131309363,0.26863206689452285,0.2856336199745409,0.5352112676056339,0.26760563380281693,0.1971830985915493
2016-17,2017-01-03,Stoke,Watford,H,0,1.5195986444798852,1.0053161732497455,0.4917191387319664,0.25783564451351826,0.25044521675451537,0.5223880597014926,0.26865671641791045,0.208955223880597
2016-17,2017-01-04,Tottenham,Chelsea,H,0,1.5222509068152634,1.1275837608797994,0.46355046511091114,0.2550777637076141,0.2813717711814748,0.3559693318729463,0.28806133625410735,0.3559693318729463
2016-17,2017-01-14,Burnley,Southampton,H,0,1.2755261707012777,1.0547276933348018,0.41445768694197943,0.27931214329369697,0.3062301697643235,0.2706222865412446,0.2865412445730825,0.4428364688856729
2016-17,2017-01-14,Hull,Bournemouth,H,0,1.1472468908098288,1.2621673826419935,0.3344829669005239,0.27541543301691707,0.39010160008255895,0.2960647296800294,0.2791467451268848,0.42478852519308563
2016-17,2017-01-14,Leicester City,Chelsea,A,2,1.0212936351550226,1.408492204896975,0.2730781287245572,0.2682537807474776,0.4586680905279652,0.16215028563058445,0.23729310092280653,0.600556613446609
2016-17,2017-01-14,Sunderland,Stoke,A,2,1.150837785273085,1.3020206735014757,0.32764874822832035,0.27212609110179625,0.40022516066988334,0.3145253526496378,0.2954632100648113,0.39001143728555093
2016-17,2017-01-14,Swansea,Arsenal,A,2,0.8705977725789015,1.7182879133140667,0.18845131911692803,0.23716755183013138,0.5743811290529407,0.14004914004914004,0.20638820638820637,0.6535626535626535
2016-17,2017-01-14,Tottenham,West Bromwich Albion,H,0,2.253755362973879,0.7614131385112927,0.7120401497856162,0.1770627776924715,0.1108970725219123,0.733822548365577,0.17745163442294865,0.08872581721147432
2016-17,2017-01-14,Watford,Middlesbrough,D,1,1.2680816398774748,1.0614381905194694,0.41084777780528814,0.27963505444687237,0.30951716774783944,0.39024390243902446,0.30487804878048785,0.30487804878048785
2016-17,2017-01-14,West Ham,Crystal Palace,H,0,1.9965992474339909,0.7913966453959395,0.6557948879663197,0.20470822063115235,0.1394968914025279,0.40920716112531963,0.2864450127877238,0.3043478260869565
2016-17,2017-01-15,Everton,Manchester City,H,0,1.1311740613673578,1.3290188211917529,0.3171238137643057,0.2709658630114155,0.4119103232242788,0.21621621621621623,0.24324324324324326,0.5405405405405406
2016-17,2017-01-15,Manchester United,Liverpool,D,1,1.5348001816349992,1.1761643784046392,0.4556410839612736,0.2528103455245514,0.2915485705141751,0.4533736332118411,0.2866921504133701,0.25993421637478886
2016-17,2017-01-21,Liverpool,Swansea,A,2,2.4542433675862254,0.6433982191103725,0.7720407343460086,0.15021579045743785,0.0777434751965536,0.7964199029126214,0.13880461165048544,0.06477548543689321
2016-17,2017-01-21,Bournemouth,Watford,D,1,1.5676584370707103,0.9731496543153866,0.51182915946425,0.25344213503025914,0.2347287055054909,0.5338278264778602,0.2605079793211958,0.20566419420094403
2016-17,2017-01-21,Middlesbrough,West Ham,A,2,1.2004393353662073,1.352729152029694,0.33117333848992164,0.26580577233471,0.40302088917536827,0.3920829406220546,0.30631479736098016,0.3016022620169651
2016-17,2017-01-21,Crystal Palace,Everton,A,2,0.9671111685203024,1.3626704589276646,0.26624465261082525,0.27454857108757413,0.45920677630160056,0.30107526881720426,0.28779253636938645,0.4111321948134092
2016-17,2017-01-21,Stoke,Manchester United,D,1,1.142665359831755,1.5255079322359986,0.28465629448551577,0.2544291118344525,0.4609145936800316,0.16184971098265896,0.23121387283236997,0.6069364161849712
2016-17,2017-01-21,West Bromwich Albion,Sunderland,H,0,1.5473381815214438,0.8989052805934189,0.5250860900936355,0.2560694160816952,0.21884449382466942,0.5737166863594592,0.2566627281081791,0.16962058553236184
2016-17,2017-01-21,Manchester City,Tottenham,D,1,1.2346657480223724,1.3328460969278102,0.34414317585849835,0.2654799502369387,0.3903768739045629,0.4521801543154494,0.27776780907949034,0.2700520366050601
2016-17,2017-01-22,Arsenal,Burnley,H,0,2.0530676393220766,0.76904390413208,0.67269285167109,0.19770751270007023,0.12959963562883975,0.8126195028680689,0.13001912045889102,0.05736137667304016
2016-17,2017-01-22,Chelsea,Hull,H,0,2.3596213856580404,0.622615090466864,0.7622884736227582,0.15749993673134935,0.0802115896458924,0.8267159795496574,0.12194060698357444,0.051343413466768184
2016-17,2017-01-22,Southampton,Leicester City,H,0,1.305022526656403,0.9648851013773311,0.4437432096015907,0.28058780890698676,0.27566898149142244,0.5343511450381679,0.2793893129770993,0.18625954198473285
2016-17,2017-01-31,Bournemouth,Crystal Palace,A,2,1.7598451522257759,0.8337109049365549,0.5934871572745964,0.2318810392916762,0.1746318034337273,0.4736294240111034,0.27741151977793194,0.24895905621096462
2016-17,2017-01-31,Burnley,Leicester City,H,0,1.3120622440102931,0.968086627292176,0.44494843005179935,0.2797309049958935,0.27532066495230734,0.3371110257395314,0.3008067614291203,0.36208221283134845
2016-17,2017-01-31,Arsenal,Watford,A,2,2.495905317059776,0.68466543460766,0.7690409657631398,0.14951700230808898,0.08144203192877114,0.7964199029126214,0.13880461165048544,0.06477548543689321
2016-17,2017-01-31,Liverpool,Chelsea,D,1,1.282482876034694,1.2272581977790298,0.3784815951926255,0.26930873983851655,0.3522096649688581,0.3664107299057246,0.29876567207697546,0.33482359801730005
2016-17,2017-01-31,Middlesbrough,West Bromwich Albion,D,1,1.139441149202636,1.074705207529766,0.3712446460542258,0.29000377972477803,0.33875157422099617,0.3608847497089639,0.31431897555296856,0.3247962747380675
2016-17,2017-01-31,Sunderland,Tottenham,D,1,0.7980136434634085,2.143969423715329,0.1269199484424339,0.1898972058890758,0.6831828456684903,0.1020948023164367,0.18474297562021877,0.7131622220633446
2016-17,2017-01-31,Swansea,Southampton,H,0,1.148949048397357,1.2734361501187508,0.3327246166802569,0.27444732481037665,0.3928280585093666,0.2875,0.2875,0.425
2016-17,2017-02-01,West Ham,Manchester City,A,2,1.37692822053531,1.29098997894914,0.3900476238294605,0.2597033696672293,0.3502490065033102,0.1624698171783374,0.21662642290444983,0.6209037599172129
2016-17,2017-02-01,Manchester United,Hull,D,1,2.49744748922998,0.6510336809931206,0.7767254985100215,0.14690843587986932,0.07636606561010921,0.8126195028680689,0.13001912045889102,0.05736137667304016
2016-17,2017-02-01,Stoke,Everton,D,1,1.2184495562462712,1.1832723129477494,0.3703016721487912,0.2764540873050139,0.35324424054619485,0.33989144151677786,0.2879080445789177,0.3722005139043043
2016-17,2017-02-04,Chelsea,Arsenal,H,0,1.5200961371449802,1.073159260128848,0.47567255531460706,0.2565145001437212,0.26781294454167176,0.49851632047477745,0.27002967359050445,0.23145400593471807
2016-17,2017-02-04,Everton,Bournemouth,H,0,1.6862078410737953,0.9448752956460574,0.5481192074608509,0.2413727191940649,0.2105080733450842,0.5718175629680056,0.24302246426140234,0.18515997277059223
2016-17,2017-02-04,Hull,Liverpool,H,0,0.8846778024966915,1.5627859739997092,0.21297933469924588,0.2544046502307093,0.5326160150700447,0.12192963044921443,0.20535516707236112,0.6727152024784244
2016-17,2017-02-04,Crystal Palace,Sunderland,A,2,1.3062237287091905,0.992835528788002,0.4374257414638459,0.2792952150641706,0.2832790434719836,0.5730697301629708,0.24979962596847446,0.17713064386855462
2016-17,2017-02-04,Tottenham,Middlesbrough,H,0,2.412712654109622,0.6725516941816304,0.7591066017275498,0.15615116069845167,0.08474223757399853,0.7609013754755634,0.16359379572724614,0.07550482879719053
2016-17,2017-02-04,West Bromwich Albion,Stoke,H,0,1.3206027837909555,1.0758099636584084,0.4221155776306162,0.27427106914832844,0.3036133532210554,0.4228624535315985,0.2992565055762082,0.2778810408921933
2016-17,2017-02-04,Watford,Burnley,H,0,1.2445028700405691,1.2187748490254062,0.3699788917930995,0.2723825783803869,0.35763852982651373,0.4539682539682539,0.29576719576719573,0.2502645502645503
2016-17,2017-02-04,Southampton,West Ham,A,2,1.4349762418878873,1.1348465202390439,0.4393225713893736,0.2621458784340503,0.29853155017657623,0.5250875145857643,0.2590431738623104,0.21586931155192535
2016-17,2017-02-05,Leicester City,Manchester United,A,2,0.9847405726661457,1.5251915292018028,0.24425633450750983,0.25759377221278096,0.4981498932797092,0.16885193476175248,0.24272465622001918,0.5884234090182283
2016-17,2017-02-05,Manchester City,Swansea,H,0,2.0894442012660925,0.7100604279342203,0.6943631008752388,0.19070898946749357,0.11492790965726768,0.7964199029126214,0.13880461165048544,0.06477548543689321
2016-17,2017-02-11,Arsenal,Hull,H,0,2.169788371638353,0.7407786117261124,0.7018595777953559,0.1841525966754759,0.11398782552916814,0.7609013754755634,0.16359379572724614,0.07550482879719053
2016-17,2017-02-11,Liverpool,Tottenham,H,0,1.3330537445424477,1.3187495837631666,0.37287490189018635,0.2608942169871857,0.366230881122628,0.425,0.2875,0.2875
2016-17,2017-02-11,Manchester United,Watford,H,0,2.0841530352551554,0.7571624104895712,0.6817033426699581,0.19385197340272292,0.12444468392731897,0.780278670953912,0.15005359056806,0.06966773847802786
2016-17,2017-02-11,Middlesbrough,Everton,D,1,1.0535594723327182,1.4160637024363287,0.28039367728910164,0.2665251748375027,0.45308114787339554,0.2502645502645503,0.29576719576719573,0.4539682539682539
2016-17,2017-02-11,Stoke,Crystal Palace,H,0,1.7525822129698452,0.8943896259349338,0.5764632036715702,0.23387006614148353,0.18966673018694621,0.4539682539682539,0.29576719576719573,0.2502645502645503
2016-17,2017-02-11,Sunderland,Southampton,A,2,1.142201613107897,1.3025584535014347,0.325192738520729,0.2725338861977616,0.4022733752815094,0.24973767051416584,0.28646379853095494,0.46379853095487933
2016-17,2017-02-11,West Ham,West Bromwich Albion,D,1,1.48329014572774,1.068059904995687,0.46736968295843045,0.25996527276307024,0.2726650442784993,0.43349753694581283,0.29556650246305427,0.27093596059113306
2016-17,2017-02-12,Burnley,Chelsea,D,1,0.9194799364303983,1.5503849248150727,0.22366038454572584,0.25563061898199696,0.5207089964722772,0.10835913312693499,0.195046439628483,0.6965944272445821
2016-17,2017-02-12,Swansea,Leicester City,H,0,1.223077038284816,1.0289351407493235,0.4055416035118359,0.28551697627774686,0.30894142021041726,0.4055587067498582,0.2949517867271696,0.29948950652297224
2016-17,2017-02-13,Bournemouth,Manchester City,A,2,0.9743177342547055,1.8236394855315285,0.19894978130458946,0.22795149428011618,0.5730987244152944,0.12972972972972974,0.19459459459459463,0.6756756756756758
2016-17,2017-02-25,Chelsea,Swansea,H,0,2.2490692093604143,0.6274708566474744,0.74316725491299,0.16876933778086378,0.08806340730614615,0.7839195979899497,0.1507537688442211,0.06532663316582914
2016-17,2017-02-25,Crystal Palace,Middlesbrough,H,0,1.2665029819926963,1.0535720807785693,0.4121975522893038,0.2801869940379024,0.30761545367279375,0.463768115942029,0.30434782608695654,0.2318840579710145
2016-17,2017-02-25,Everton,Sunderland,H,0,1.8867086039212397,0.7224102026712067,0.6503195038251636,0.2137708570571267,0.1359096391177097,0.6986301369863014,0.1863013698630137,0.11506849315068494
2016-17,2017-02-25,Hull,Burnley,D,1,1.196985384976514,1.2255916216216323,0.35555799886017075,0.2750641392726333,0.369377861867196,0.4539682539682539,0.29576719576719573,0.2502645502645503
2016-17,2017-02-25,Watford,West Ham,D,1,1.247588606497643,1.2536989909615033,0.3635608068827345,0.26996686215179144,0.36647233096547416,0.3698407791003246,0.29475189364662235,0.335407327253053
2016-17,2017-02-25,West Bromwich Albion,Bournemouth,H,0,1.7083568628587642,0.9028049826158244,0.5639115278091079,0.2386807276033582,0.19740774458753388,0.46671242278654773,0.2882635552505148,0.24502402196293757
2016-17,2017-02-26,Tottenham,Stoke,H,0,1.977509735725256,0.8043981036208696,0.6486262284264805,0.2072895484876887,0.14408422308583066,0.6756756756756758,0.19459459459459463,0.12972972972972974
2016-17,2017-02-27,Leicester City,Liverpool,H,0,0.9629277549686711,1.5055989308628763,0.24168860540837947,0.25989912350744854,0.4984122710841721,0.17721518987341772,0.2320675105485232,0.5907172995780591
2016-17,2017-03-04,Leicester City,Hull,H,0,1.51486877639273,0.9390821669546784,0.5066937603927021,0.25924543601225636,0.23406080359504164,0.5253859743451877,0.26999001459405486,0.20462401106075737
2016-17,2017-03-04,Liverpool,Arsenal,H,0,1.3730186387188807,1.3620408875293202,0.37438536610589207,0.25625928853504765,0.36935534535906034,0.4556962025316455,0.27215189873417717,0.27215189873417717
2016-17,2017-03-04,Manchester United,Bournemouth,D,1,2.557376178025839,0.685370408271341,0.7778678427596205,0.14423016324651977,0.07790199399385968,0.7839195979899497,0.1507537688442211,0.06532663316582914
2016-17,2017-03-04,Stoke,Middlesbrough,H,0,1.5368964010950705,0.8935946517911946,0.5237439582716297,0.25724711531353184,0.21900892641483857,0.49829018075232057,0.28578407425500735,0.21592574499267222
2016-17,2017-03-04,Swansea,Burnley,H,0,1.1995316646324239,1.1603938508657239,0.3698967161663358,0.27932781964519154,0.35077546418847266,0.48837209302325585,0.27906976744186046,0.23255813953488372
2016-17,2017-03-04,Watford,Southampton,A,2,1.24691805313612,1.262071767357252,0.3616585685571628,0.2694719938179921,0.3688694376248452,0.2706222865412446,0.2865412445730825,0.4428364688856729
2016-17,2017-03-04,West Bromwich Albion,Crystal Palace,A,2,1.8522993656665172,0.8270428134864967,0.6161220227156624,0.22154374390958578,0.16233423337475178,0.4453125,0.29687500000000006,0.2578125
2016-17,2017-03-05,Sunderland,Manchester City,A,2,0.7220009256601608,2.2295871075346003,0.10581810217206451,0.17702798147601806,0.7171539163519174,0.08913101249003456,0.1508370980600585,0.7600318894499071
2016-17,2017-03-05,Tottenham,Everton,H,0,1.752519167705349,0.9642852398265686,0.5591115437153658,0.23483119906051692,0.20605725722411736,0.5828476269775187,0.23175131834582288,0.18540105467665832
2016-17,2017-03-06,West Ham,Chelsea,A,2,1.0373271678997256,1.4960879439559038,0.2625441447282723,0.2594939262931492,0.47796192897857853,0.16215028563058445,0.23729310092280653,0.600556613446609
2016-17,2017-03-08,Manchester City,Stoke,D,1,2.6072540899237295,0.8542888397935137,0.7487572577369547,0.15152979005342013,0.09971295220962513,0.7839195979899497,0.1507537688442211,0.06532663316582914
2016-17,2017-03-11,Bournemouth,West Ham,H,0,1.1740137259016246,1.258235351296287,0.342621415516149,0.2741502739597608,0.38322831052409007,0.37433155080213903,0.27807486631016043,0.3475935828877006
2016-17,2017-03-11,Everton,West Bromwich Albion,H,0,1.595195127218932,1.0214715496537716,0.5070186230784787,0.25030118181112004,0.24268019511040126,0.5821375682990348,0.25583414185773373,0.16202828984323137
2016-17,2017-03-11,Hull,Swansea,H,0,1.304579115650595,1.0390761153319878,0.4261447708954576,0.27740529967118116,0.2964499294333613,0.3812824956672444,0.29462738301559793,0.3240901213171577
2016-17,2017-03-12,Liverpool,Burnley,H,0,2.0582122441520596,0.8339056825906653,0.6577536916169815,0.20023224907699214,0.14201405930602648,0.780278670953912,0.15005359056806,0.06966773847802786
2016-17,2017-03-18,Bournemouth,Swansea,H,0,1.5681089739617535,1.0776460340239127,0.4868211865273625,0.25210094534965466,0.2610778681229829,0.4521801543154494,0.27776780907949034,0.2700520366050601
2016-17,2017-03-18,Crystal Palace,Watford,H,0,1.366373675468763,1.1079589302018358,0.4272201656421515,0.2689095503375217,0.3038702840203268,0.5133945804060835,0.2801667567358913,0.20643866285802517
2016-17,2017-03-18,Everton,Hull,H,0,2.0221397202730866,0.9204243150868245,0.6293618654022263,0.20722230644660644,0.16341582815116729,0.6361646262244228,0.2247879626150963,0.13904741116048097
2016-17,2017-03-18,Stoke,Chelsea,A,2,0.9650853091360928,1.5579433281363286,0.2341582876851298,0.2545005272367502,0.51134118507812,0.15066263659614043,0.24482678446872821,0.6045105789351314
2016-17,2017-03-18,Sunderland,Burnley,D,1,1.0572169046978137,1.2055061938150735,0.3204324229684373,0.28544484869258335,0.3941227283389794,0.3812824956672444,0.29462738301559793,0.3240901213171577
2016-17,2017-03-18,West Bromwich Albion,Arsenal,H,0,1.0817936293617387,1.4810938348116072,0.27660721062865196,0.2598109838190221,0.46358180555232587,0.18701439091953242,0.24545638808188633,0.5675292209985812
2016-17,2017-03-18,West Ham,Leicester City,A,2,1.3727399764144657,1.0988898902638156,0.43099664195964144,0.268738937612074,0.30026442042828444,0.42478852519308574,0.27914674512688487,0.29606472968002945
2016-17,2017-03-19,Manchester City,Liverpool,D,1,1.9747838585942472,1.0726455210562296,0.5830231500925801,0.21570933995811184,0.20126750994930812,0.485519591141397,0.2589437819420784,0.25553662691652473
2016-17,2017-03-19,Middlesbrough,Manchester United,A,2,0.8255127777752373,1.9640910293968799,0.14986617813186723,0.20956168557415383,0.640572136293979,0.16257430860687516,0.26363401395709485,0.5737916774360301
2016-17,2017-03-19,Tottenham,Southampton,H,0,1.9100843492798794,0.8944110388959817,0.611963806842423,0.217512089814582,0.17052410334299503,0.5650328476033415,0.2572386385141528,0.1777285138825056
2016-17,2017-04-01,Hull,West Ham,H,0,1.3280868171749673,1.299298706793556,0.3755733413547022,0.26227889651008957,0.3621477621352082,0.3982618552805592,0.28698280748157945,0.3147553372378613
2016-17,2017-04-01,Burnley,Tottenham,A,2,0.8905191724199465,1.6798948596062937,0.1982403775870137,0.24159237344936116,0.5601672489636251,0.16962058553236184,0.2566627281081791,0.5737166863594592
2016-17,2017-04-01,Chelsea,Crystal Palace,A,2,2.576633943977219,0.6130189017723173,0.7962226601035084,0.1371043811890204,0.06667295870747113,0.7493890849850665,0.1694270974748846,0.08118381754004887
2016-17,2017-04-01,Leicester City,Stoke,H,0,1.502523059707222,1.0561216158034035,0.4751681463374112,0.2584861833467422,0.2663456703158465,0.4765957446808511,0.27914893617021275,0.24425531914893614
2016-17,2017-04-01,Liverpool,Everton,H,0,1.7594624287304121,1.088859861676769,0.5307337591007659,0.23491635649360512,0.234349884405629,0.5639796719414948,0.2501755980663554,0.1858447299921497
2016-17,2017-04-01,Southampton,Bournemouth,D,1,1.641894012809408,1.002331836392068,0.5232324944128095,0.24590039513998566,0.23086711044720484,0.5925925925925927,0.24444444444444444,0.16296296296296295
2016-17,2017-04-01,Watford,Sunderland,H,0,1.5720113207068662,0.8859890342750485,0.534625941346594,0.25337884692503715,0.21199521172836885,0.5253859743451877,0.26999001459405486,0.20462401106075737
2016-17,2017-04-01,Manchester United,West Bromwich Albion,D,1,2.3034166215336676,0.7990382813511696,0.7119050319953758,0.17456763570963466,0.11352733229498943,0.7165190203230849,0.19489317352787913,0.08858780614903597
2016-17,2017-04-02,Arsenal,Manchester City,D,1,1.347296406295701,1.6079297966454311,0.3210425174141353,0.24284443945520284,0.4361130431306619,0.31501095690284875,0.260409057706355,0.4245799853907962
2016-17,2017-04-02,Swansea,Middlesbrough,D,1,1.4285484356933926,0.9078681699708256,0.4916573320964411,0.26906831638052187,0.239274351523037,0.4877741700351202,0.2869259823736001,0.22529984759127952
2016-17,2017-04-04,Burnley,Stoke,H,0,1.2326483937156172,1.1934293815251147,0.37206778755649034,0.27479899493580856,0.35313321750770105,0.39001143728555093,0.3145253526496378,0.2954632100648113
2016-17,2017-04-04,Leicester City,Sunderland,H,0,2.139717545328475,0.7274423180751544,0.6995453835093387,0.18644913313930261,0.11400548335135868,0.6698774080560421,0.2158493870402802,0.11427320490367776
2016-17,2017-04-04,Manchester United,Everton,D,1,1.9788123314633914,1.0371924804644321,0.5922567413691775,0.21461058613099393,0.19313267249982852,0.61906165672691,0.2314111431098211,0.14952720016326904
2016-17,2017-04-04,Watford,West Bromwich Albion,H,0,1.2309612617988506,1.1247882681922747,0.38634996078802447,0.27918877078306636,0.3344612684289091,0.39024390243902446,0.30487804878048785,0.30487804878048785
2016-17,2017-04-05,Arsenal,West Ham,H,0,1.9767966397073384,0.9305854480071724,0.6174094224077209,0.21196273111978453,0.17062784647249452,0.6936416184971099,0.18497109826589597,0.12138728323699423
2016-17,2017-04-05,Chelsea,Manchester City,H,0,1.7410827940833522,1.2310396871739275,0.4935696581064693,0.23578808825846007,0.2706422536350706,0.40651929561633576,0.2787560884226302,0.3147246159610341
2016-17,2017-04-05,Hull,Middlesbrough,H,0,1.5131921839530111,0.9497607682177275,0.503620747037049,0.25929151935915107,0.23708773360379998,0.47408927655207805,0.29451000513083636,0.23140071831708567
2016-17,2017-04-05,Liverpool,Bournemouth,D,1,2.0956826182670545,0.9396421718613533,0.6397242941973617,0.20090615667167513,0.15936954913096313,0.7131622220633446,0.18474297562021877,0.1020948023164367
2016-17,2017-04-05,Southampton,Crystal Palace,H,0,1.606201261222051,0.8874614887059737,0.5428490151487071,0.2496049991805537,0.2075459856707392,0.5319551432419753,0.26310213841427427,0.2049427183437505
2016-17,2017-04-05,Swansea,Tottenham,A,2,0.8242742348113204,1.814676482325378,0.1660054699691691,0.2255743105263807,0.6084202195044502,0.1945459657014338,0.2431824571267922,0.5622715771717739
2016-17,2017-04-08,Bournemouth,Chelsea,A,2,1.0396382710152157,1.9794069461704495,0.19358371848546105,0.21461157353086274,0.5918047079836762,0.14953271028037385,0.2429906542056075,0.6074766355140188
2016-17,2017-04-08,Stoke,Liverpool,A,2,1.1384998477168033,1.5539327784616714,0.2787663620698173,0.25216492372955535,0.46906871420062735,0.24283935242839355,0.25902864259028646,0.49813200498132015
2016-17,2017-04-08,Middlesbrough,Burnley,D,1,1.1894732951103975,1.1234252816304704,0.3749940236815477,0.2825552079020626,0.3424507684163896,0.3982618552805592,0.3147553372378613,0.28698280748157945
2016-17,2017-04-08,West Bromwich Albion,Southampton,A,2,1.3060309403667019,1.2375747068164595,0.38261985332573256,0.26713530783636213,0.3502448388379053,0.3240901213171577,0.29462738301559793,0.3812824956672444
2016-17,2017-04-08,Tottenham,Watford,H,0,2.5478299283200023,0.6949070275316034,0.7744149277896505,0.14574109794358878,0.07984397426676071,0.7839195979899497,0.1507537688442211,0.06532663316582914
2016-17,2017-04-08,Manchester City,Hull,H,0,2.4907640551958306,0.8069321031982463,0.7411381208806183,0.15825406325769084,0.10060781586169094,0.8126195028680689,0.13001912045889102,0.05736137667304016
2016-17,2017-04-08,West Ham,Swansea,H,0,1.5089451312462878,1.0343516535922075,0.4819992231851177,0.2583395449394105,0.25966123187547174,0.4649214659685864,0.27120418848167543,0.2638743455497382
2016-17,2017-04-09,Everton,Leicester City,H,0,1.6128072487502931,1.1466544347460463,0.48188034127777896,0.24710498061448635,0.27101467810773466,0.5559515324305061,0.24946543121881687,0.19458303635067714
2016-17,2017-04-09,Sunderland,Manchester United,A,2,0.7567266150084575,2.131973601447779,0.12015746988013491,0.18889866619032544,0.6909438639295397,0.09748771163298746,0.18569087930092845,0.7168214090660842
2016-17,2017-04-10,Crystal Palace,Arsenal,H,0,1.0130265178800666,1.6633554091924716,0.23031297589344843,0.24379636312507075,0.5258906609814809,0.21678512848551118,0.2501366867140514,0.5330781848004373
2016-17,2017-04-15,Crystal Palace,Leicester City,D,1,1.3385039514899955,1.376505914392311,0.3626137855230851,0.257304184578777,0.3800820298981379,0.5420741468672235,0.26049674280008245,0.19742911033269403
2016-17,2017-04-15,Everton,Burnley,H,0,2.007070122795118,0.7874546403991224,0.6589104597182498,0.20342437692597526,0.1376651633557749,0.6728971962616822,0.20934579439252335,0.11775700934579439
2016-17,2017-04-15,Southampton,Manchester City,A,2,1.2196204377190938,1.6492573249182065,0.28286872211336167,0.2429520521985975,0.47417922568804094,0.21808394971463146,0.23607587556608858,0.54584017471928
2016-17,2017-04-15,Stoke,Hull,H,0,1.5503314962221946,1.0384114859478741,0.49163537879586794,0.2543587137268164,0.2540059074773157,0.4811372334609076,0.2843083652268999,0.23455440131219243
2016-17,2017-04-15,Sunderland,West Ham,D,1,1.0957298427521864,1.3645559000722618,0.30091186347602794,0.26957244060469043,0.42951569591928157,0.2844638949671772,0.2888402625820569,0.42669584245076586
2016-17,2017-04-15,Tottenham,Bournemouth,H,0,2.569884823472621,0.7848247023322747,0.7581153611304655,0.15011508982151436,0.0917695490480201,0.75,0.15625,0.09375
2016-17,2017-04-15,Watford,Swansea,H,0,1.4505317653029566,0.8859336655648595,0.5030442892001205,0.2669918932897823,0.22996381751009728,0.3914110429447853,0.2846625766871166,0.3239263803680982
2016-17,2017-04-16,Manchester United,Chelsea,H,0,1.454480756094101,1.4295696892080445,0.3813094688307451,0.24852945487522268,0.37016107629403217,0.3693322341302556,0.2943116240725474,0.33635614179719703
2016-17,2017-04-16,West Bromwich Albion,Liverpool,A,2,1.117366433465231,1.4229622161343436,0.2960915044686765,0.263762972610387,0.44014552292093645,0.23392612859097128,0.24623803009575923,0.5198358413132695
2016-17,2017-04-17,Middlesbrough,Arsenal,A,2,0.9441160582885919,1.4979941939486343,0.23797741381693807,0.2609613695015787,0.5010612166814832,0.1348314606741573,0.23595505617977527,0.6292134831460674
2016-17,2017-04-22,West Ham,Everton,D,1,1.1893228716227036,1.499124566837408,0.3011563561623507,0.25522662274767954,0.4436170210899697,0.29556650246305416,0.270935960591133,0.4334975369458128
2016-17,2017-04-22,Swansea,Stoke,H,0,1.0895701285392985,1.326328408300164,0.3063122654923405,0.27314049278858654,0.42054724171907293,0.4428364688856729,0.2865412445730825,0.2706222865412446
2016-17,2017-04-22,Hull,Watford,H,0,1.2526623178153842,1.1166113711144665,0.394189857334403,0.2779264711919525,0.32788367147364444,0.5109014200387137,0.26373559791187656,0.22536298204940955
2016-17,2017-04-22,Bournemouth,Middlesbrough,H,0,1.5111247851379908,1.0110751732550607,0.48814285247155914,0.2585655367728605,0.2532916107555803,0.5250875145857643,0.2590431738623104,0.21586931155192535
2016-17,2017-04-23,Burnley,Manchester United,A,2,0.8784468605383089,1.6317410003417085,0.20178691260500198,0.24674829187039735,0.5514647955246007,0.1700502768408324,0.2444472729586966,0.5855024502004709
2016-17,2017-04-23,Liverpool,Crystal Palace,A,2,2.216369220996517,0.8601534507173914,0.681907946188419,0.1860576509741025,0.13203440283747864,0.6535626535626535,0.20638820638820637,0.14004914004914004
2016-17,2017-04-25,Chelsea,Southampton,H,0,2.286878607301496,0.8375935760289028,0.700009266731647,0.1782899459957129,0.12170078727264018,0.6730355452276443,0.21215250882175746,0.11481194595059814
2016-17,2017-04-26,Arsenal,Leicester City,H,0,1.6834307662341297,0.9793875158365708,0.5389530256731155,0.24181068597956856,0.21923628834731598,0.6120638675340035,0.21762270845653459,0.17031342400946187
2016-17,2017-04-26,Crystal Palace,Tottenham,A,2,0.9862494622083059,2.0977839522053423,0.16853918940546397,0.20237498453630332,0.6290858260582327,0.17721518987341772,0.2320675105485232,0.5907172995780591
2016-17,2017-04-26,Middlesbrough,Sunderland,H,0,1.4166952239647876,0.9835388427292926,0.4699072757583082,0.268541424800897,0.2615512994407948,0.425,0.2875,0.2875
2016-17,2017-04-27,Manchester City,Manchester United,D,1,1.7085782155515767,1.1548445022333262,0.5032552906091866,0.23906153845772798,0.2576831709330854,0.5091402802696019,0.25932211608398387,0.23153760364641415
2016-17,2017-04-29,Crystal Palace,Burnley,A,2,1.5495157270734476,0.9318094283804835,0.5174151438947682,0.25564334105333875,0.22694151505189303,0.5352112676056339,0.26760563380281693,0.1971830985915493
2016-17,2017-04-29,Southampton,Hull,D,1,1.7539527799043986,1.0257738035286084,0.544492883480879,0.23519590046576336,0.2203112160533577,0.5865351921115268,0.2502550153009181,0.16320979258755527
2016-17,2017-04-29,Stoke,West Ham,D,1,1.537770497264651,1.0166617224389864,0.49364933165649155,0.25588872092786824,0.2504619474156403,0.4701492537313433,0.26865671641791045,0.2611940298507463
2016-17,2017-04-29,Sunderland,Bournemouth,A,2,1.090648348905428,1.3773497419008998,0.297210231248164,0.2686687870562637,0.4341209816955723,0.3138041733547351,0.2768860353130016,0.40930979133226325
2016-17,2017-04-29,West Bromwich Albion,Leicester City,A,2,1.376910499746434,1.0579382371366326,0.44155772372909113,0.26996207603491423,0.2884802002359947,0.3908629441624366,0.26802030456852793,0.34111675126903557
2016-17,2017-04-30,Manchester United,Swansea,D,1,2.3275775078282455,0.5995713736595941,0.7626106347627137,0.1588798162651334,0.0785095489721529,0.6866642573183954,0.19660281893747744,0.11673292374412723
2016-17,2017-04-30,Everton,Chelsea,A,2,1.1545404196660942,1.4255416941809544,0.30540098679028377,0.2622006925342806,0.4323983206754356,0.26865671641791045,0.2611940298507463,0.4701492537313433
2016-17,2017-04-30,Tottenham,Arsenal,H,0,2.022202921166538,0.829014879411477,0.6516940757664522,0.20368229074098107,0.1446236334925667,0.5112910097997443,0.25223689816787387,0.23647209203238176
2016-17,2017-04-30,Middlesbrough,Manchester City,D,1,0.8180870347633397,2.0821964180653234,0.13653647570445185,0.19708807691442518,0.666375447381123,0.0720658888126287,0.17844886753603295,0.7494852436513384
2016-17,2017-05-01,Watford,Liverpool,A,2,1.0138363187252013,1.4236943066507874,0.2684831119222595,0.2670063687101595,0.46451051936758103,0.16363636363636366,0.2090909090909091,0.6272727272727273
2016-17,2017-05-05,West Ham,Tottenham,H,0,0.8076856475649162,2.049838673579615,0.1375880086700843,0.19989827956142656,0.662513711768489,0.11506849315068494,0.1863013698630137,0.6986301369863014
2016-17,2017-05-06,Manchester City,Crystal Palace,H,0,2.6528436221146308,0.7453088117892237,0.7785466527481094,0.14059801694039598,0.08085533031149465,0.7600318894499071,0.1508370980600585,0.08913101249003456
2016-17,2017-05-06,Swansea,Everton,H,0,0.9748353350471979,1.379747354391528,0.26543974858466146,0.2725468519077125,0.46201339950762615,0.34908415184496944,0.27926732147597555,0.37164852667905496
2016-17,2017-05-06,Bournemouth,Stoke,D,1,1.4358700941200766,1.267669493278081,0.41022098379957617,0.2569322443103296,0.3328467718900941,0.4334975369458128,0.270935960591133,0.29556650246305416
2016-17,2017-05-06,Burnley,West Bromwich Albion,D,1,1.2697669639563327,1.0440985682642792,0.41527929804809166,0.2803779001006208,0.30434280185128765,0.43349753694581283,0.29556650246305427,0.27093596059113306
2016-17,2017-05-06,Hull,Sunderland,A,2,1.7009336120705396,0.8937129137621792,0.564420164843056,0.23936398126446232,0.19621585389248178,0.674237047551455,0.20440028388928316,0.1213626685592619
2016-17,2017-05-06,Leicester City,Watford,H,0,1.4578787267744886,0.8505973851969278,0.513966217040297,0.26661047632495954,0.21942330663474355,0.61906165672691,0.2314111431098211,0.14952720016326904
2016-17,2017-05-07,Arsenal,Manchester United,H,0,1.1990529336812057,1.2764311169503282,0.3458024672360905,0.2713688326950517,0.3828287000688579,0.5109014200387137,0.26373559791187656,0.22536298204940955
2016-17,2017-05-07,Liverpool,Southampton,D,1,1.8509147064093336,0.936040860553123,0.5886374613931109,0.224543275796656,0.1868192628102331,0.6039689387402933,0.23295944779982744,0.1630716134598792
2016-17,2017-05-08,Chelsea,Middlesbrough,H,0,2.6286199510438646,0.6004769075458898,0.8058460289085515,0.13173985932425808,0.06241411176719036,0.8392226148409894,0.1090989399293286,0.05167844522968197
2016-17,2017-05-10,Southampton,Arsenal,A,2,1.1162690934288344,1.1798254665629109,0.342394803723606,0.2837969012384603,0.37380829503793384,0.27001733102253034,0.2558058925476603,0.4741767764298094
2016-17,2017-05-12,Everton,Watford,H,0,1.6731156513508592,0.8078581393758186,0.5796229639390604,0.24121930535370673,0.17915773070723276,0.6521739130434783,0.21739130434782608,0.13043478260869565
2016-17,2017-05-12,West Bromwich Albion,Chelsea,A,2,0.8637862577184617,1.686176879616323,0.1909676138875923,0.24059137323753801,0.5684410128748697,0.09748771163298746,0.18569087930092845,0.7168214090660842
2016-17,2017-05-13,Middlesbrough,Southampton,A,2,1.0914354084278053,1.2825562870976062,0.31509979769289137,0.2768097491919241,0.4080904531151846,0.24324324324324326,0.2702702702702703,0.4864864864864865
2016-17,2017-05-13,Manchester City,Leicester City,H,0,2.349431561979207,0.7487357808833975,0.7314214284329013,0.1671923012398466,0.10138627032725207,0.7795823665893272,0.13921113689095127,0.08120649651972157
2016-17,2017-05-13,Sunderland,Swansea,A,2,1.241561587382375,1.149308827738753,0.38396396941291655,0.27687800914449157,0.33915802144259194,0.2323303457106274,0.25678617157490397,0.5108834827144687
2016-17,2017-05-13,Stoke,Arsenal,A,2,1.2574014863909848,1.2910023491121918,0.35856773297266303,0.26698427579456013,0.37444799123277683,0.205219878441187,0.23775473721844836,0.5570253843403646
2016-17,2017-05-13,Bournemouth,Burnley,H,0,1.4769635571873787,1.0629516814958058,0.4669240996567591,0.2606700684882418,0.272405831854999,0.5091402802696019,0.25932211608398387,0.23153760364641415
2016-17,2017-05-14,Crystal Palace,Hull,H,0,1.3605819669466368,1.0107021898021318,0.44821064316212034,0.27324236268259894,0.27854699415528067,0.4665629860031104,0.2721617418351478,0.26127527216174184
2016-17,2017-05-14,Tottenham,Manchester United,H,0,1.7876796083129367,0.9529900865471292,0.5700730669348256,0.23117722182907702,0.19874971123609736,0.5639796719414948,0.2501755980663554,0.1858447299921497
2016-17,2017-05-14,West Ham,Liverpool,A,2,1.0879637645035813,1.252450036870787,0.31994002417201195,0.27956508782886375,0.4004948879991243,0.18515997277059223,0.24302246426140234,0.5718175629680056
2016-17,2017-05-15,Chelsea,Watford,H,0,2.5658175498932647,0.6032485607874146,0.7968554321268865,0.1372624234115663,0.06588214446154722,0.7804335742078933,0.14452473596442467,0.07504168982768206
2016-17,2017-05-16,Arsenal,Sunderland,H,0,2.418553008038285,0.6870995529219286,0.7567066880159534,0.15664843375018755,0.08664487823385907,0.8917167321065328,0.07476701830739392,0.03351624958607313
2016-17,2017-05-16,Manchester City,West Bromwich Albion,H,0,2.669335933036222,0.712623662523468,0.787690122093886,0.1369343766986315,0.0753755012074826,0.8501724987678659,0.10768851651059634,0.0421389847215377
2016-17,2017-05-17,Southampton,Manchester United,D,1,1.1162135711974055,1.3330250203888914,0.31230990857845436,0.27134277013670305,0.4163473212848426,0.3551797040169133,0.29598308668076106,0.34883720930232553
2016-17,2017-05-18,Leicester City,Tottenham,A,2,0.9281356005400038,1.7832199271426308,0.19358251479957198,0.23124159533931893,0.5751758898611091,0.21660761053766756,0.25650901247881686,0.5268833769835156
2016-17,2017-05-21,Leicester City,Bournemouth,D,1,1.4874722459094758,1.112467876095273,0.4581104962476702,0.258429006516522,0.2834604972358079,0.4864864864864865,0.2702702702702703,0.24324324324324326
2016-17,2017-05-21,Burnley,West Ham,A,2,1.3021018939373619,1.1504629093732222,0.40032964851067254,0.2721393867936599,0.32753096469566767,0.3973509933774835,0.27814569536423844,0.3245033112582782
2016-17,2017-05-21,Chelsea,Sunderland,H,0,3.5108197918358868,0.5363246538125579,0.9027594406632382,0.07021586301558748,0.027024696321174334,0.8501724987678659,0.10768851651059634,0.0421389847215377
2016-17,2017-05-21,Hull,Tottenham,A,2,0.7719941069846664,2.2269008260888348,0.11496524872356434,0.18029262995010428,0.7047421213263314,0.14004914004914004,0.20638820638820637,0.6535626535626535
2016-17,2017-05-21,Arsenal,Everton,H,0,2.0014114584974063,0.8485534201223806,0.6426225857359761,0.20661290400075488,0.15076451026326906,0.6741573033707866,0.1955056179775281,0.1303370786516854
2016-17,2017-05-21,Liverpool,Middlesbrough,H,0,2.5675720904006196,0.6050207773634046,0.7967119374965946,0.1372515115745692,0.06603655092883619,0.8501724987678659,0.10768851651059634,0.0421389847215377
2016-17,2017-05-21,Swansea,West Bromwich Albion,H,0,1.3367214880098208,0.9429470403590827,0.45789206104350055,0.2780920765545741,0.26401586240192537,0.46296296296296297,0.2777777777777778,0.2592592592592593
2016-17,2017-05-21,Southampton,Stoke,A,2,1.581339522347216,1.1025484148984264,0.48429701636688655,0.25051737423629167,0.2651856093968217,0.5397727272727273,0.2556818181818182,0.20454545454545456
2016-17,2017-05-21,Manchester United,Crystal Palace,H,0,1.8805558284111783,0.773352126421937,0.6359388961946324,0.21656357306022972,0.14749753074513786,0.39001143728555093,0.2954632100648113,0.3145253526496378
2016-17,2017-05-21,Watford,Manchester City,A,2,0.834971963122949,2.170591353878336,0.13150570403236983,0.1891673585018818,0.6793269374657483,0.08853575482406358,0.1623155505107832,0.7491486946651532
2017-18,2017-08-11,Arsenal,Leicester City,H,0,2.193171072391133,0.8837371895459876,0.6719909512512727,0.18938391490369189,0.13862513384503544,0.6347656250000001,0.2158203125,0.14941406250000003
2017-18,2017-08-12,Chelsea,Burnley,A,2,2.676214363853446,0.6507614619448998,0.8015304610476752,0.1317709239698033,0.0666986149825215,0.7839195979899497,0.1507537688442211,0.06532663316582914
2017-18,2017-08-12,Everton,Stoke,H,0,1.5459546396866435,1.1156124736529507,0.4723423217748943,0.2533353866811595,0.27432229154394616,0.5737166863594592,0.2566627281081791,0.16962058553236184
2017-18,2017-08-12,Southampton,Swansea,D,1,1.5478098560883198,0.9816979862357442,0.5046908739000963,0.255360815978438,0.23994831012146584,0.6045105789351314,0.24482678446872821,0.15066263659614043
2017-18,2017-08-12,Watford,Liverpool,D,1,0.9299238719184266,1.8040413973776905,0.19132738674920385,0.22915009995307342,0.5795225132977226,0.1630716134598792,0.23295944779982744,0.6039689387402933
2017-18,2017-08-12,West Bromwich Albion,Bournemouth,H,0,1.3583387134408096,1.3448487476200448,0.37410506174354446,0.2580030377642359,0.3678919004922197,0.40740740740740744,0.29629629629629634,0.29629629629629634
2017-18,2017-08-13,Manchester United,West Ham,H,0,1.7820031183003686,0.8799243045033758,0.5869176069646951,0.23047672855499465,0.18260566448031026,0.7493890849850665,0.1694270974748846,0.08118381754004887
2017-18,2017-08-13,Newcastle United,Tottenham,A,2,0.9873799723678631,2.098900013531713,0.16864417104993762,0.20231167779510167,0.6290441511549607,0.1782437745740498,0.24508519003931847,0.5766710353866318
2017-18,2017-08-19,Bournemouth,Watford,A,2,1.69611284610275,1.0498903746245722,0.5249480963678497,0.2406492808769265,0.23440262275522386,0.4864864864864865,0.2702702702702703,0.24324324324324326
2017-18,2017-08-19,Leicester City,Brighton and Hove Albion,H,0,1.6763762508141615,0.832988029412189,0.5739393931236504,0.24125166098523243,0.1848089458911173,0.5650328476033415,0.2572386385141528,0.1777285138825056
2017-18,2017-08-19,Southampton,West Ham,H,0,1.6903251188502706,1.046918927810962,0.524265794442102,0.2411900718987045,0.23454413365919352,0.5574572127139364,0.2567237163814181,0.1858190709046455
2017-18,2017-08-19,Burnley,West Bromwich Albion,A,2,1.508590275845396,0.9833376976389901,0.4942022961256493,0.2592827233610803,0.24651498051327037,0.3705705242028874,0.30456264957924806,0.32486682621786456
2017-18,2017-08-19,Swansea,Manchester United,A,2,1.0852736532978058,1.4122765196535398,0.28950141681832997,0.26580779723406545,0.44469078594760447,0.08858780614903597,0.19489317352787913,0.7165190203230849
2017-18,2017-08-19,Stoke,Arsenal,H,0,1.0836670363193819,2.295794085344802,0.16609068966781446,0.18872917035617107,0.6451801399760145,0.21660761053766756,0.25650901247881686,0.5268833769835156
2017-18,2017-08-19,Liverpool,Crystal Palace,H,0,2.347895391125278,0.7106231316480034,0.7399912541748684,0.1648399510588768,0.09516879476625474,0.7131622220633446,0.18474297562021877,0.1020948023164367
2017-18,2017-08-20,Huddersfield Town,Newcastle United,H,0,1.6123876418010106,0.9524567870491003,0.5281537914825138,0.2489792274092114,0.2228669811082747,0.3920829406220546,0.3016022620169651,0.30631479736098016
2017-18,2017-08-20,Tottenham,Chelsea,A,2,1.6719460210690367,1.3377457048487513,0.45357947782067715,0.2389425257905274,0.30747799638879536,0.4665629860031104,0.2721617418351478,0.26127527216174184
2017-18,2017-08-21,Manchester City,Everton,D,1,2.2745562252231735,0.792545171993439,0.7083683812568332,0.17690397209718117,0.11472764664598573,0.7329742821632302,0.1695401383090602,0.09748557952770963
2017-18,2017-08-26,Bournemouth,Manchester City,A,2,0.9390891164014383,2.130679629345661,0.15556696927658664,0.19761863337082722,0.6468143973525862,0.08853575482406358,0.1623155505107832,0.7491486946651532
2017-18,2017-08-26,Crystal Palace,Swansea,A,2,1.3992843404052167,1.124496062821926,0.43225813699675125,0.26548298408342436,0.30225887891982445,0.49813466563676106,0.27753217085476684,0.22433316350847204
2017-18,2017-08-26,Huddersfield Town,Southampton,D,1,1.4088855600776398,1.21466779031635,0.414710828134626,0.26106984511425013,0.32421932675112386,0.24973767051416584,0.28646379853095494,0.46379853095487933
2017-18,2017-08-26,Manchester United,Leicester City,H,0,2.0360769605651377,0.9672095914744346,0.6209925165677223,0.20744844543590826,0.1715590379963694,0.733822548365577,0.17745163442294865,0.08872581721147432
2017-18,2017-08-26,Newcastle United,West Ham,H,0,1.576523432342758,1.119104711916428,0.4792315089031236,0.2506448120422987,0.2701236790545776,0.425,0.2875,0.2875
2017-18,2017-08-26,Watford,Brighton and Hove Albion,D,1,1.5700260308781833,0.9065612357493541,0.5289418076878127,0.2535633450719439,0.21749484724024334,0.4903728275762602,0.2754741472560756,0.23415302516766426
2017-18,2017-08-27,Liverpool,Arsenal,H,0,1.7576107685477242,1.637344412228591,0.4118589832927049,0.22624929799071034,0.3618917187165847,0.45550474850510025,0.2646851916989096,0.27981005979599016
2017-18,2017-08-27,Tottenham,Burnley,D,1,2.579472259611747,0.6925580285257726,0.7794655022322126,0.14287817576556452,0.07765632200222293,0.7839195979899497,0.1507537688442211,0.06532663316582914
2017-18,2017-08-27,Chelsea,Everton,H,0,2.1414886631453314,0.7530620752644065,0.6936250716853879,0.18772539531046203,0.1186495330041501,0.6698774080560421,0.2158493870402802,0.11427320490367776
2017-18,2017-08-27,West Bromwich Albion,Stoke,D,1,1.4232365110156606,1.082071771264396,0.4483399779856236,0.2649474087884716,0.28671261322590486,0.40651929561633576,0.3147246159610341,0.2787560884226302
2017-18,2017-09-09,Brighton and Hove Albion,West Bromwich Albion,H,0,1.3175245312892438,1.018314636236131,0.4345700789809323,0.27710222542836105,0.2883276955907067,0.3608847497089639,0.31431897555296856,0.3247962747380675
2017-18,2017-09-09,Arsenal,Bournemouth,H,0,2.460036292232412,0.7306104278267079,0.7533427975415828,0.1559225339468883,0.09073466851152884,0.7151112395261485,0.17682750650101128,0.10806125397284022
2017-18,2017-09-09,Everton,Tottenham,A,2,1.0604576632597715,1.9394019243324625,0.20316155764469845,0.2186142039863059,0.5782242383689956,0.2567237163814181,0.2787286063569682,0.4645476772616137
2017-18,2017-09-09,Leicester City,Chelsea,A,2,1.0137489478038808,1.8475773707959866,0.20476561835103543,0.22626013373296194,0.5689742479160026,0.2058952925648922,0.2507699076110867,0.5433347998240211
2017-18,2017-09-09,Manchester City,Liverpool,H,0,1.714160348394101,1.5786691279212248,0.41352662634563087,0.23002365432595323,0.3564497193284159,0.5254926493587738,0.24304035032843294,0.23146700031279327
2017-18,2017-09-09,Stoke,Manchester United,D,1,0.9861066194104658,1.853050597610307,0.1978101890927593,0.22529951978667145,0.5768902911205692,0.13043478260869565,0.21739130434782608,0.6521739130434783
2017-18,2017-09-09,Southampton,Watford,A,2,1.8976881140264812,0.9663672008070388,0.5916243922368287,0.22060342613738848,0.18777218162578274,0.5925925925925927,0.24444444444444444,0.16296296296296295
2017-18,2017-09-10,Burnley,Crystal Palace,H,0,1.6002730957976552,0.9842209205259244,0.5173282307175038,0.2500848042826572,0.23258696499983889,0.4228624535315985,0.2992565055762082,0.2778810408921933
2017-18,2017-09-10,Swansea,Newcastle United,A,2,1.2763589463566036,1.2841307876426549,0.3650227336786581,0.2662888455824004,0.3686884207389414,0.4055587067498582,0.29948950652297224,0.2949517867271696
2017-18,2017-09-11,West Ham,Huddersfield Town,H,0,1.2524804455469125,1.3095194711554468,0.35351917730391763,0.2660690766751459,0.3804117460209364,0.5023923444976077,0.2799043062200957,0.21770334928229665
2017-18,2017-09-15,Bournemouth,Brighton and Hove Albion,H,0,1.2094328963981786,1.0156287915093927,0.4046771728952744,0.2875699776452851,0.30775284945944054,0.45492957746478874,0.2876760563380282,0.2573943661971831
2017-18,2017-09-16,Newcastle United,Stoke,H,0,1.588867123404719,0.9499963855765903,0.5228794849061175,0.25141587365953816,0.22570464143434432,0.4111321948134092,0.30107526881720426,0.28779253636938645
2017-18,2017-09-16,Crystal Palace,Southampton,A,2,1.1580810582772854,1.3506091574048877,0.3202744735312305,0.2679787949470406,0.4117467315217289,0.3264840182648402,0.29680365296803657,0.3767123287671233
2017-18,2017-09-16,Huddersfield Town,Leicester City,D,1,1.4710119006693483,1.1685919551824022,0.4410615670270967,0.2580889546572836,0.3008494783156197,0.2789425706472197,0.2871467639015497,0.43391066545123064
2017-18,2017-09-16,Tottenham,Swansea,D,1,2.7266208235858973,0.6578698567533942,0.8065709567870515,0.12831048727124147,0.06511855594170697,0.7964199029126214,0.13880461165048544,0.06477548543689321
2017-18,2017-09-16,Watford,Manchester City,A,2,0.9407333325253674,2.156401095909383,0.1532271313478015,0.19530586165448582,0.6514670069977126,0.10791075050709938,0.16186612576064907,0.7302231237322514
2017-18,2017-09-16,West Bromwich Albion,West Ham,D,1,1.5076766342766807,1.0956764762023112,0.467211740591575,0.25711015851727886,0.27567810089114625,0.4111321948134092,0.30107526881720426,0.28779253636938645
2017-18,2017-09-16,Liverpool,Burnley,D,1,2.363171800375975,0.7770873945359272,0.7271777396926217,0.1677108499176204,0.10511141038975785,0.7609013754755634,0.16359379572724614,0.07550482879719053
2017-18,2017-09-17,Chelsea,Arsenal,D,1,1.8409639734828942,1.129879767689219,0.5399496636829252,0.22798878787356172,0.23206154844351312,0.5405405405405406,0.24324324324324326,0.21621621621621623
2017-18,2017-09-17,Manchester United,Everton,H,0,2.1907654204525637,0.7911852301262906,0.693576041738791,0.18490626741359317,0.12151769084761598,0.7168214090660842,0.18569087930092845,0.09748771163298746
2017-18,2017-09-23,Leicester City,Liverpool,A,2,1.2133051521147653,1.8970243955547583,0.24282199571376917,0.22378502672794168,0.5333929775582891,0.23821554205308604,0.25043172369683403,0.5113527342500799
2017-18,2017-09-23,Manchester City,Crystal Palace,H,0,2.997613077512522,0.6148575457502643,0.8461942851642678,0.10531310473990155,0.048492610095830634,0.8559550012227929,0.0975788701393984,0.04646612863780875
2017-18,2017-09-23,Everton,Bournemouth,H,0,1.6491967727811934,0.8404053470833299,0.5654407786402232,0.24444456474915852,0.1901146566106181,0.5884234090182283,0.24272465622001918,0.16885193476175248
2017-18,2017-09-23,Burnley,Huddersfield Town,D,1,1.2783207510786367,1.077217067065335,0.4101231690396239,0.2779114149649742,0.31196541599540184,0.45191193511008115,0.29895712630359217,0.24913093858632682
2017-18,2017-09-23,Stoke,Chelsea,A,2,0.888930352745519,1.5735375910384177,0.2125227086458513,0.2532079627535557,0.534269328600593,0.16215028563058445,0.23729310092280653,0.600556613446609
2017-18,2017-09-23,Swansea,Watford,A,2,1.450606289082335,1.0985264803302264,0.45174057813320034,0.26201835506517906,0.2862410668016207,0.4055587067498582,0.2949517867271696,0.29948950652297224
2017-18,2017-09-23,West Ham,Tottenham,A,2,0.9362685746582217,1.8730856404841332,0.18413451537336378,0.22233516800125724,0.593530316625379,0.16298108591323987,0.22583984191211068,0.6111790721746495
2017-18,2017-09-23,Southampton,Manchester United,A,2,1.0998901979732443,2.2076256107288676,0.17888317155234038,0.19654338852786596,0.6245734399197936,0.1777285138825056,0.2572386385141528,0.5650328476033415
2017-18,2017-09-24,Brighton and Hove Albion,Newcastle United,H,0,1.204332536946141,1.306044072705583,0.34133223592626866,0.26896915860467585,0.3896986054690555,0.34858472276075997,0.3148507173322993,0.3365645599069407
2017-18,2017-09-25,Arsenal,West Bromwich Albion,H,0,1.9394740028495643,0.754095569651177,0.6533665562932274,0.20922307847940264,0.13741036522737005,0.733822548365577,0.17745163442294865,0.08872581721147432
2017-18,2017-09-30,West Bromwich Albion,Watford,D,1,1.3774786799287095,1.038094276461446,0.44634735424689265,0.27063712946359086,0.2830155162895165,0.4374145674672916,0.29388791251708657,0.26869752001562197
2017-18,2017-09-30,West Ham,Swansea,H,0,1.5047278453148545,0.9771801756788291,0.49470036203452056,0.2597705453373258,0.24552909262815373,0.5223880597014926,0.26865671641791045,0.208955223880597
2017-18,2017-09-30,Bournemouth,Leicester City,D,1,1.2522932516657865,1.3921268102089455,0.33722497965156856,0.2605734075318718,0.40220161281655964,0.33539731682146534,0.2889576883384932,0.3756449948400412
2017-18,2017-09-30,Chelsea,Manchester City,A,2,1.396698177866247,1.758820819240088,0.30649053468572496,0.23214993575936244,0.46135952955491266,0.34090909090909083,0.28409090909090906,0.37499999999999994
2017-18,2017-09-30,Huddersfield Town,Tottenham,A,2,0.9136328831070579,1.640718102512645,0.209218107908252,0.2459645584720061,0.5448173336197419,0.11062590975254732,0.19796215429403205,0.6914119359534208
2017-18,2017-09-30,Manchester United,Crystal Palace,H,0,3.2348854002446084,0.6341109534868864,0.8658643570552265,0.09193767177312318,0.042197971171650354,0.8031206975676917,0.13423588802202846,0.06264341441027994
2017-18,2017-09-30,Stoke,Southampton,H,0,1.3411970856390985,1.1222827966980922,0.4171966615831833,0.27038665564451525,0.3124166827723015,0.32514930325149305,0.29263437292634376,0.38221632382216325
2017-18,2017-10-01,Everton,Burnley,A,2,1.6202921705287525,0.8547946055334825,0.5546484965626831,0.24786294651178498,0.19748855692553202,0.5700202398490961,0.2644260557077751,0.16555370444312875
2017-18,2017-10-01,Newcastle United,Liverpool,D,1,1.2943679775476438,1.7518730267574045,0.2837837058485254,0.23425113828328323,0.48196515586819133,0.18833095916429252,0.24780389363722696,0.5638651471984806
2017-18,2017-10-01,Arsenal,Brighton and Hove Albion,H,0,1.985594803472924,0.7012123819132767,0.6762532448954499,0.20153672706285822,0.1222100280416918,0.783132530120482,0.14457831325301207,0.07228915662650603
2017-18,2017-10-14,Manchester City,Stoke,H,0,3.0800072465397683,0.7089132967145656,0.8377713453760858,0.10696709603466306,0.05526155858925111,0.8515815085158152,0.10218978102189781,0.046228710462287104
2017-18,2017-10-14,Burnley,West Ham,D,1,1.3141275992326142,0.9658315427972494,0.4460663915058051,0.2796080577023107,0.2743255507918842,0.35356969402622634,0.29917435648373,0.34725594949004374
2017-18,2017-10-14,Liverpool,Manchester United,D,1,1.4775698756175188,1.6956835748657177,0.336352640269464,0.23395625443712942,0.42969110529340665,0.3494623655913978,0.30107526881720426,0.3494623655913978
2017-18,2017-10-14,Tottenham,Bournemouth,H,0,2.614534996089329,0.5782929373394009,0.8087007111761664,0.1311343185945873,0.06016497022924639,0.8130081300813008,0.1219512195121951,0.06504065040650406
2017-18,2017-10-14,Swansea,Huddersfield Town,H,0,1.2498683479297055,0.9873167682708424,0.42282251564384304,0.28516990337384207,0.29200758098231483,0.44177616674218395,0.2990484821024015,0.25917535115541457
2017-18,2017-10-14,Watford,Arsenal,H,0,1.0399818296622132,1.81120403706107,0.21565052490359096,0.22996613263268545,0.5543833424637236,0.18538123224224495,0.22476939244152103,0.589849375316234
2017-18,2017-10-14,Crystal Palace,Chelsea,H,0,0.7955480300097939,2.0124037062401956,0.1387891310311453,0.2032298937361022,0.6579809752327525,0.10835913312693499,0.195046439628483,0.6965944272445821
2017-18,2017-10-15,Brighton and Hove Albion,Everton,D,1,1.2840260809260506,1.137327950581839,0.39828163938242545,0.27425789461921896,0.3274604659983556,0.29948950652297224,0.2949517867271696,0.4055587067498582
2017-18,2017-10-15,Southampton,Newcastle United,D,1,1.3014672454525797,1.3000792528580718,0.36841148481760494,0.2638271630012798,0.3677613521811154,0.5115089514066496,0.2713839158851947,0.21710713270815574
2017-18,2017-10-16,Leicester City,West Bromwich Albion,D,1,1.554302827979546,1.0046915851678433,0.5007563974697337,0.25444461341617786,0.24479898911408857,0.478231748158071,0.28834561286001337,0.23342263898191556
2017-18,2017-10-20,West Ham,Brighton and Hove Albion,A,2,1.4424758356135496,0.8762514208451208,0.5033318644239974,0.2680569590836884,0.22861117649231422,0.5343511450381679,0.2793893129770993,0.18625954198473285
2017-18,2017-10-21,Chelsea,Watford,H,0,2.0692790792102924,0.7724725762747726,0.6750329631401216,0.1961879642034667,0.12877907265641161,0.7168214090660842,0.18569087930092845,0.09748771163298746
2017-18,2017-10-21,Huddersfield Town,Manchester United,H,0,0.9190074755748304,1.9145811432475068,0.175352858194841,0.21776017717315768,0.6068869646320013,0.08858780614903597,0.19489317352787913,0.7165190203230849
2017-18,2017-10-21,Swansea,Leicester City,A,2,1.312949362729575,1.1815392011303554,0.396478159613403,0.26968590093558437,0.33383593945101264,0.34806737416025696,0.29880245350988216,0.3531301723298607
2017-18,2017-10-21,Manchester City,Burnley,H,0,3.123604436101925,0.5663097979863281,0.8671494790336648,0.0934433019989016,0.0394072189674335,0.8809080128748094,0.08148399119091987,0.037607995934270715
2017-18,2017-10-21,Southampton,West Bromwich Albion,H,0,1.4644691732787638,0.9745755924621151,0.48479652077021784,0.26390908182650974,0.2512943974032724,0.5268416144931397,0.28750943563784914,0.18564894986901115
2017-18,2017-10-21,Stoke,Bournemouth,A,2,1.642247972933252,0.9784164804650677,0.5291532846905829,0.24591253857477938,0.2249341767346377,0.45333525221270776,0.277182125638627,0.2694826221486652
2017-18,2017-10-21,Newcastle United,Crystal Palace,H,0,1.9907611657016009,0.8968466874141782,0.6285657276247814,0.20948099124754158,0.16195328112767707,0.48837209302325585,0.27906976744186046,0.23255813953488372
2017-18,2017-10-22,Everton,Arsenal,A,2,1.190503821020121,1.6373985990770956,0.27774168639487323,0.24437865163277872,0.477879661972348,0.25571386788116823,0.26920987757489656,0.4750762545439351
2017-18,2017-10-22,Tottenham,Liverpool,H,0,1.8080238013370482,1.0201557877524292,0.5584148433502046,0.2300602175464033,0.21152493910339204,0.43354343655796107,0.27870649493011784,0.2877500685119211
2017-18,2017-10-28,Crystal Palace,West Ham,D,1,1.2042103323739874,1.1324514919129494,0.37719539550890374,0.28081107311372117,0.34199353137737515,0.40768277571251554,0.2961586121437423,0.2961586121437423
2017-18,2017-10-28,Arsenal,Swansea,H,0,2.3745867836908974,0.6620477735931294,0.7555295561758849,0.15895542635352336,0.0855150174705917,0.7795823665893272,0.13921113689095127,0.08120649651972157
2017-18,2017-10-28,Bournemouth,Chelsea,A,2,0.9298903148848946,1.6344497981399424,0.2141030507960933,0.2466809673599095,0.5392159818439973,0.16246215943491424,0.23208879919273462,0.6054490413723511
2017-18,2017-10-28,Liverpool,Huddersfield Town,H,0,1.9206366104685355,0.7363347879224416,0.6539376861184383,0.21053022689890996,0.13553208698265173,0.7804335742078933,0.14452473596442467,0.07504168982768206
2017-18,2017-10-28,Watford,Stoke,A,2,1.7693257226898993,1.1092766066618354,0.528236123866064,0.2340728362932471,0.23769103984068893,0.4750762545439352,0.2692098775748966,0.2557138678811683
2017-18,2017-10-28,West Bromwich Albion,Manchester City,A,2,0.8034111151124831,3.746692090855895,0.04079125336371099,0.07715177900141246,0.8820569676348765,0.088604898828541,0.14994675186368478,0.7614483493077742
2017-18,2017-10-28,Manchester United,Tottenham,H,0,1.2969403792790668,1.3934524416313252,0.34855132542761397,0.2583701244793593,0.3930785500930266,0.45539160608649115,0.2874743472050416,0.2571340467084673
2017-18,2017-10-29,Brighton and Hove Albion,Southampton,D,1,1.4488043751372681,1.1602114922736317,0.4371960434302453,0.2601376709095017,0.30266628566025294,0.29664945040392,0.3049927161965303,0.3983578333995497
2017-18,2017-10-29,Leicester City,Everton,H,0,1.603497527911776,1.0960995980032568,0.4913362159593664,0.24867079654704377,0.25999298749358973,0.4541459911903716,0.2866880298369897,0.2591659789726387
2017-18,2017-10-30,Burnley,Newcastle United,H,0,1.1982848599822757,1.1371100467260293,0.3745270726370581,0.2809645110037187,0.34450841635922314,0.33630454244677127,0.3037250398972403,0.35997041765598853
2017-18,2017-11-04,Southampton,Burnley,A,2,1.4720278313806419,0.9058597628020796,0.503751655821967,0.2642988382855985,0.23194950589243443,0.5889103648224208,0.2606909881613916,0.15039864701618746
2017-18,2017-11-04,Newcastle United,Bournemouth,A,2,1.5689630920672044,0.8300264565084856,0.5481374059818818,0.2536302502768301,0.19823234374128818,0.48837209302325585,0.27906976744186046,0.23255813953488372
2017-18,2017-11-04,Huddersfield Town,West Bromwich Albion,H,0,1.546783386093795,0.9100322584632519,0.5221508119602961,0.25607401449592626,0.22177517354377754,0.3496503496503497,0.3251748251748252,0.3251748251748252
2017-18,2017-11-04,Stoke,Leicester City,D,1,1.3300891913857362,1.341247576491522,0.36752369767301707,0.2597864116137518,0.37268989071323105,0.3621305269940132,0.2971891862868802,0.3406802867191065
2017-18,2017-11-04,West Ham,Liverpool,A,2,1.0099878952146248,1.6767232849139526,0.22761350694020485,0.24251103844727823,0.529875454612517,0.18604229810561843,0.22557091571697385,0.5883867861774078
2017-18,2017-11-04,Swansea,Brighton and Hove Albion,A,2,1.2670341437981611,1.174923651236932,0.38544142669742915,0.273448619224472,0.3411099540780989,0.40784868092081766,0.3046119835627357,0.28753933551644667
2017-18,2017-11-05,Chelsea,Manchester United,H,0,1.530722211741479,1.0532778383728285,0.483092875619545,0.25593815773875445,0.2609689666417005,0.39024390243902446,0.30487804878048785,0.30487804878048785
2017-18,2017-11-05,Everton,Watford,H,0,1.5545559065491938,1.1339514480345176,0.47027368217047066,0.25221185968184645,0.2775144581476829,0.4424624755275179,0.2871437894278877,0.2703937350445943
2017-18,2017-11-05,Manchester City,Arsenal,H,0,2.3337966582133856,1.2613386733592502,0.6129819452336375,0.19139370241918013,0.19562435234718242,0.6953809844908969,0.1757417397167903,0.12887727579231287
2017-18,2017-11-05,Tottenham,Crystal Palace,H,0,3.0382342427501663,0.5812167579051254,0.8563945518056735,0.10000593711943181,0.04359951107489461,0.7575757575757576,0.1616161616161616,0.0808080808080808
2017-18,2017-11-18,Arsenal,Tottenham,H,0,1.3519347006913474,1.3891866548646377,0.3635320478098153,0.25588458983486034,0.3805833623553244,0.39070186638627064,0.2713207405460213,0.33797739306770813
2017-18,2017-11-18,Bournemouth,Huddersfield Town,H,0,1.2969144563111432,0.9554186994413331,0.44373428481075017,0.2818233186159911,0.27444239657325875,0.5343511450381679,0.2793893129770993,0.18625954198473285
2017-18,2017-11-18,Burnley,Swansea,H,0,1.5568154405573869,0.8409573136871451,0.5422364911729026,0.2550806330033932,0.20268287582370423,0.4537719795802609,0.30346001134429945,0.24276800907543958
2017-18,2017-11-18,Crystal Palace,Everton,D,1,1.2596624376433845,1.362767429342737,0.34485498427713035,0.26218633363770094,0.39295868208516865,0.40620215704077406,0.2987148170238308,0.29508302593539515
2017-18,2017-11-18,Leicester City,Manchester City,A,2,0.9245637150053125,2.494095094880298,0.1193713812795367,0.16494375194639616,0.7156848667740672,0.10209258084971465,0.16867469879518074,0.7292327203551047
2017-18,2017-11-18,Liverpool,Southampton,H,0,2.1321129537735746,0.8049919160549681,0.6792379714330509,0.19143766404085125,0.129324364526098,0.6981073533974558,0.19407384424449267,0.10781880235805148
2017-18,2017-11-18,Manchester United,Newcastle United,H,0,1.9892578503624494,0.6608049733154262,0.6872805264968143,0.1989201586086741,0.11379931489451171,0.7569620253164556,0.16850632911392405,0.07453164556962025
2017-18,2017-11-18,West Bromwich Albion,Chelsea,A,2,0.8428884422894803,1.896740688748351,0.16083526543800616,0.21728796546721102,0.6218767690947827,0.15009905605407298,0.24391096608786855,0.6059899778580585
2017-18,2017-11-19,Watford,West Ham,H,0,1.6490632910716496,0.9886561790636093,0.5283224312696445,0.24522445124120656,0.22645311748914895,0.46296296296296297,0.2777777777777778,0.2592592592592593
2017-18,2017-11-20,Brighton and Hove Albion,Stoke,D,1,1.6596217744971262,1.0732689727400662,0.510541810986094,0.24389280645806102,0.24556538255584512,0.40784868092081766,0.3046119835627357,0.28753933551644667
2017-18,2017-11-24,West Ham,Leicester City,D,1,1.2289400789737022,1.2416153207551397,0.3609984697794002,0.2719310444055355,0.36707048581506435,0.3599351363873284,0.28667400243238544,0.35339086118028606
2017-18,2017-11-25,Crystal Palace,Stoke,H,0,1.3992863107403921,1.1947002235174835,0.4165752898611685,0.2626280031576266,0.3207967069812049,0.4778156996587031,0.2784982935153584,0.24368600682593858
2017-18,2017-11-25,Liverpool,Chelsea,D,1,1.4264551182486414,1.3023010428071229,0.40043671227937044,0.25603610865205056,0.343527179068579,0.45333525221270776,0.2694826221486652,0.277182125638627
2017-18,2017-11-25,Manchester United,Brighton and Hove Albion,H,0,1.8428955432872964,0.8233589791774197,0.6149683211219326,0.22245343001016255,0.16257824886790495,0.8112724167378309,0.13791631084543124,0.05081127241673783
2017-18,2017-11-25,Newcastle United,Watford,A,2,1.4148858807323361,1.200782515677905,0.4193220060459314,0.2612096882223094,0.3194683057317591,0.4430379746835444,0.2784810126582279,0.2784810126582279
2017-18,2017-11-25,Swansea,Bournemouth,D,1,1.2852336259231234,1.1190441204995083,0.40265734424142335,0.27513905065089567,0.3222036051076808,0.3498385360602798,0.30032292787944026,0.3498385360602798
2017-18,2017-11-25,Tottenham,West Bromwich Albion,D,1,2.5258465910755565,0.5447860834697187,0.8041365608636715,0.1360190778811894,0.059844361255139145,0.7773279352226721,0.16194331983805665,0.060728744939271245
2017-18,2017-11-26,Burnley,Arsenal,A,2,1.0859912389313144,1.6730708585420784,0.24659771052831703,0.2426029549552062,0.5107993345164767,0.14941406250000003,0.2158203125,0.6347656250000001
2017-18,2017-11-26,Huddersfield Town,Manchester City,A,2,0.786285217616586,2.944234764420783,0.07029720747947091,0.12161278819263195,0.8080900043278971,0.057039274924471285,0.12120845921450149,0.8217522658610271
2017-18,2017-11-26,Southampton,Everton,H,0,1.488582423075696,1.2012752447331538,0.4382541468232106,0.2556520692608564,0.306093783915933,0.5100812518808305,0.2858862473668372,0.20403250075233223
2017-18,2017-11-28,Brighton and Hove Albion,Crystal Palace,D,1,1.6309626048525505,1.0073855132790308,0.5193134104892407,0.24694550914827293,0.2337410803624863,0.3608847497089639,0.31431897555296856,0.3247962747380675
2017-18,2017-11-28,Leicester City,Tottenham,H,0,1.0201493352860287,1.5794789194658632,0.2447835894506156,0.25182324910964,0.5033931614397443,0.19445833035778048,0.249946440048561,0.5555952295936585
2017-18,2017-11-28,Watford,Manchester United,A,2,1.1166959992226841,1.5863719231753723,0.2679026296479099,0.2498422713982153,0.4822550989538748,0.18511868036399554,0.249838835966832,0.5650424836691724
2017-18,2017-11-28,West Bromwich Albion,Newcastle United,D,1,1.3122970335055464,1.0214158498042676,0.43239487109489166,0.27746859770547194,0.2901365311996365,0.4095576022950325,0.31311339272233135,0.2773290049826363
2017-18,2017-11-29,Chelsea,Swansea,H,0,2.6890605604790583,0.5498381629665957,0.8240408410958844,0.12269834227133694,0.053260816632778665,0.8217522658610272,0.12120845921450152,0.0570392749244713
2017-18,2017-11-29,Bournemouth,Burnley,A,2,1.335555263656855,0.9897667547709358,0.4463042337379776,0.27649382282004636,0.27720194344197596,0.48736167231653427,0.2875290102162444,0.22510931746722135
2017-18,2017-11-29,Arsenal,Huddersfield Town,H,0,2.358703199564313,0.6571957927115686,0.7541259645673011,0.16011296498806174,0.08576107044463718,0.8138903960933263,0.1291372761801411,0.05697232772653283
2017-18,2017-11-29,Everton,West Ham,H,0,1.694179342852863,0.9943879083181936,0.5378821169831509,0.24079520778392532,0.22132267523292384,0.40971357409713577,0.29514321295143214,0.29514321295143214
2017-18,2017-11-29,Stoke,Liverpool,A,2,1.0045021797834266,1.801128596413691,0.20885350452441578,0.23053799337025535,0.5606085021053289,0.1506479481641469,0.2176025917926566,0.6317494600431967
2017-18,2017-11-29,Manchester City,Southampton,H,0,2.8587877342805466,0.6214823365965058,0.8297893008399586,0.11551718496786664,0.0546935141921748,0.814276989889394,0.12112370224604735,0.06459930786455859
2017-18,2017-12-02,Brighton and Hove Albion,Liverpool,A,2,0.9553098779905514,1.9244874368518154,0.18207810615745484,0.21774421678774356,0.6001776770548015,0.13043478260869565,0.21739130434782608,0.6521739130434783
2017-18,2017-12-02,Chelsea,Newcastle United,H,0,2.545547460569222,0.5944385793738322,0.7959882409709189,0.13831778293235172,0.06569397609672935,0.7839195979899497,0.1507537688442211,0.06532663316582914
2017-18,2017-12-02,Everton,Huddersfield Town,H,0,1.7440474934291712,0.8702247849326176,0.5805447062474226,0.2343631334213774,0.1850921603312,0.5660741151103362,0.256899070709704,0.1770268141799597
2017-18,2017-12-02,Arsenal,Manchester United,A,2,1.6491772067521542,1.1711369888936176,0.4851735145537557,0.24374240764181954,0.2710840778044248,0.3889845094664372,0.2868617326448652,0.3241537578886976
2017-18,2017-12-02,West Bromwich Albion,Crystal Palace,D,1,1.3664316017139255,1.1976218630908981,0.40727009359851873,0.26493565029235205,0.32779425610912927,0.39024390243902446,0.30487804878048785,0.30487804878048785
2017-18,2017-12-02,Watford,Tottenham,D,1,1.0859231732822419,1.6516203793920412,0.24988989322044458,0.24451626802328286,0.5055938387562726,0.1939120631341601,0.2423900789177001,0.5636978579481398
2017-18,2017-12-02,Leicester City,Burnley,H,0,1.3155437773999408,1.0048245463917962,0.4371908461275755,0.27786701934851205,0.2849421345239124,0.5335230304108126,0.27120754045882983,0.19526942913035747
2017-18,2017-12-02,Stoke,Swansea,H,0,1.5665046956304673,0.8707924707073028,0.5370807803325655,0.25399821528958805,0.20892100437784647,0.4978704655602878,0.286385666030254,0.215743868409458
2017-18,2017-12-03,Bournemouth,Southampton,D,1,1.3206188679956694,1.0851110295854343,0.4199998010523959,0.2738409295145446,0.30615926943305943,0.3227434963082382,0.2869934474864026,0.39026305620535917
2017-18,2017-12-03,Manchester City,West Ham,H,0,3.29311525608868,0.5524814830858245,0.884088110242388,0.08252455207666655,0.03338733768094542,0.8698599186624492,0.08540442837776775,0.0447356529597831
2017-18,2017-12-09,Burnley,Watford,H,0,1.5007167476012897,1.0578526017832295,0.47429205941719904,0.25861423188080007,0.2670937087020009,0.375,0.30000000000000004,0.325
2017-18,2017-12-09,Crystal Palace,Bournemouth,D,1,1.3039416674484023,1.1038273604421711,0.41119718852657144,0.2743687245426285,0.31443408693080005,0.4778156996587031,0.2784982935153584,0.24368600682593858
2017-18,2017-12-09,Huddersfield Town,Brighton and Hove Albion,H,0,1.2792161327741247,1.0560446047262855,0.4151865679731307,0.2789123285890374,0.30590110343783183,0.3608847497089639,0.31431897555296856,0.3247962747380675
2017-18,2017-12-09,Newcastle United,Leicester City,A,2,1.2515201097106856,1.199552474631313,0.37594158034090647,0.273094290929914,0.35096412872917954,0.3699692992525205,0.29462600730747834,0.33540469344000123
2017-18,2017-12-09,Swansea,West Bromwich Albion,H,0,1.243920327653336,1.035662581558735,0.40992958355578674,0.2832050949160723,0.30686532152814094,0.3608847497089639,0.31431897555296856,0.3247962747380675
2017-18,2017-12-09,Tottenham,Stoke,H,0,2.1442942115371597,0.706532719358047,0.7055086559772321,0.18474077662916755,0.10975056739360031,0.7614483493077742,0.14994675186368478,0.088604898828541
2017-18,2017-12-09,West Ham,Chelsea,H,0,0.7888084198531429,2.3422520652495615,0.1086919799715747,0.1703545701321462,0.7209534498962792,0.13043478260869565,0.21739130434782608,0.6521739130434783
2017-18,2017-12-10,Liverpool,Everton,D,1,2.2885661168495837,0.8444523359972806,0.6987114635471993,0.17850830656884628,0.12278022988395454,0.7491486946651532,0.1623155505107832,0.08853575482406358
2017-18,2017-12-10,Manchester United,Manchester City,A,2,1.3085641101831869,1.7251461546806706,0.2915245378288163,0.23591474833194667,0.472560713839237,0.2877500685119211,0.27870649493011784,0.43354343655796107
2017-18,2017-12-10,Southampton,Arsenal,D,1,1.067063761226842,2.1537510304478142,0.17849986701564458,0.20005163998843836,0.6214484929959171,0.24283935242839355,0.25902864259028646,0.49813200498132015
2017-18,2017-12-12,Huddersfield Town,Chelsea,A,2,0.8840177258145057,2.0364820792167015,0.1543763621355565,0.20448265297136248,0.641140984893081,0.10810810810810811,0.21621621621621623,0.6756756756756758
2017-18,2017-12-12,Burnley,Stoke,H,0,1.6650517888704406,0.8734971442797155,0.5608723227952603,0.24303538954441167,0.196092287660328,0.42521777646537723,0.30429647128303555,0.27048575225158716
2017-18,2017-12-12,Crystal Palace,Watford,H,0,1.4294267277323331,1.169488102482548,0.43006287949036565,0.26133273679410957,0.30860438371552473,0.4239262088884748,0.2773688623870306,0.29870492872449456
2017-18,2017-12-13,Liverpool,West Bromwich Albion,D,1,2.573297045295727,0.6029150496128035,0.7979461155038344,0.13659463719942558,0.06545924729673999,0.7964199029126214,0.13880461165048544,0.06477548543689321
2017-18,2017-12-13,Manchester United,Bournemouth,H,0,2.5375959333400746,0.7066353701519799,0.7703604825864112,0.1474628269927959,0.08217669042079297,0.7575757575757576,0.1616161616161616,0.0808080808080808
2017-18,2017-12-13,Newcastle United,Everton,A,2,1.2455592844996486,1.238313992332253,0.36619291536918475,0.2710769369403405,0.36273014769047474,0.40620215704077406,0.29508302593539515,0.2987148170238308
2017-18,2017-12-13,Southampton,Leicester City,A,2,1.3562607594929357,1.0411813577118794,0.43986338540720066,0.27250520237091813,0.28763141222188127,0.46310987494337147,0.28688222341624786,0.2500079016403805
2017-18,2017-12-13,Swansea,Manchester City,A,2,0.6540952041819451,2.8054416956901402,0.06090449485075016,0.1219808082799149,0.8171146968693349,0.06532663316582915,0.15075376884422112,0.7839195979899498
2017-18,2017-12-13,Tottenham,Brighton and Hove Albion,H,0,2.4207373696658663,0.6391973840590673,0.7679321772496454,0.1529750829114684,0.07909273983888619,0.7839195979899497,0.1507537688442211,0.06532663316582914
2017-18,2017-12-13,West Ham,Arsenal,D,1,0.9386612402899959,2.3751151180650387,0.13189851795198534,0.1757324624877032,0.6923690195603115,0.18475236505286588,0.23094045631608234,0.5843071786310519
2017-18,2017-12-16,Stoke,West Ham,A,2,1.3916467866918978,0.9658073806737785,0.4674336656669047,0.2715976639792343,0.2609686703538611,0.4254713809068102,0.2961487727284484,0.2783798463647415
2017-18,2017-12-16,Watford,Huddersfield Town,A,2,1.5525135626153137,0.9847031469632672,0.505157298063611,0.25485538506559147,0.2399873168707976,0.5434782608695653,0.2608695652173913,0.19565217391304351
2017-18,2017-12-16,Arsenal,Newcastle United,H,0,2.661170673511502,0.6407693359209372,0.8016439318071328,0.13222086777665834,0.06613520041620896,0.780278670953912,0.15005359056806,0.06966773847802786
2017-18,2017-12-16,Brighton and Hove Albion,Burnley,D,1,1.1762911303758334,1.0802848348381584,0.380644645835527,0.28650287993477674,0.3328524742296964,0.37145952638910384,0.3244079863798174,0.30413248723107883
2017-18,2017-12-16,Chelsea,Southampton,H,0,2.452010440396281,0.7030571345870842,0.7582867637539854,0.1547346448084708,0.08697859143754369,0.6981073533974558,0.19407384424449267,0.10781880235805148
2017-18,2017-12-16,Leicester City,Crystal Palace,A,2,1.8069912736610896,0.9753485327852421,0.5690420320366298,0.22959310011195133,0.2013648678514188,0.5141388174807198,0.26992287917737784,0.21593830334190225
2017-18,2017-12-16,Manchester City,Tottenham,H,0,1.9973913479738037,1.1660350394926202,0.5662033986195131,0.21535361757558108,0.21844298380490584,0.6265570078148995,0.21158243183291814,0.16186056035218235
2017-18,2017-12-17,Bournemouth,Liverpool,A,2,0.9257884976958631,2.0345505978028195,0.16316193691436692,0.20621094700139414,0.6306271160842389,0.14941406250000003,0.2158203125,0.6347656250000001
2017-18,2017-12-17,West Bromwich Albion,Manchester United,A,2,0.9089116960956218,1.958634952102233,0.168088884872106,0.21307257383815764,0.6188385412897364,0.14953271028037385,0.2429906542056075,0.6074766355140188
2017-18,2017-12-18,Everton,Swansea,H,0,1.8511940397482345,0.7057011255310075,0.6470002935211181,0.2171802197087743,0.1358194867701077,0.5645271657314903,0.25892979334884353,0.17654304091966605
2017-18,2017-12-22,Arsenal,Liverpool,D,1,1.6512077836982477,1.4938473347616645,0.4159210877406941,0.23582865983208853,0.34825025242721735,0.3822703295197643,0.26971295471672263,0.34801671576351306
2017-18,2017-12-23,Brighton and Hove Albion,Watford,H,0,1.4837521833694316,0.9778924471504599,0.48905723615687513,0.26188462397978274,0.24905813986334221,0.37145952638910384,0.30413248723107883,0.3244079863798174
2017-18,2017-12-23,Burnley,Tottenham,A,2,1.0917123136863587,1.6501035647487734,0.251541504125064,0.24460102036657194,0.5038574755083641,0.13922155688622756,0.2320359281437126,0.62874251497006
2017-18,2017-12-23,Everton,Chelsea,D,1,0.99731320492063,1.7850971252959569,0.20935889311432587,0.2319942670022439,0.5586468398834302,0.16242007777168524,0.2505194001619824,0.5870605220663323
2017-18,2017-12-23,Leicester City,Manchester United,D,1,1.1850808399527502,1.572119155056897,0.2873669942337707,0.2496393704167457,0.4629936353494835,0.21652421652421655,0.27065527065527073,0.5128205128205129
2017-18,2017-12-23,Manchester City,Bournemouth,H,0,3.857317850777473,0.5077332023265911,0.9272024782633635,0.05374640863907391,0.01905111309756261,0.869176858595575,0.08849800742064037,0.04232513398378452
2017-18,2017-12-23,Southampton,Huddersfield Town,D,1,1.4527512597439307,1.2187685633585654,0.4251875881014934,0.25770489042179906,0.3171075214767076,0.6018389589864065,0.24909016040311424,0.14907088061047916
2017-18,2017-12-23,Stoke,West Bromwich Albion,H,0,1.4352300193298093,1.0213690589401756,0.4657868462792808,0.265680924249662,0.2685322294710572,0.4239262088884748,0.29870492872449456,0.2773688623870306
2017-18,2017-12-23,Swansea,Crystal Palace,D,1,1.186885549477592,1.5016643635845108,0.300083435292725,0.2551049499999489,0.444811614707326,0.29664945040392,0.3049927161965303,0.3983578333995497
2017-18,2017-12-23,West Ham,Newcastle United,A,2,1.6070169190362875,0.878744445940454,0.545257582940846,0.24948508417059764,0.20525733288855633,0.46310987494337147,0.28688222341624786,0.2500079016403805
2017-18,2017-12-26,Liverpool,Swansea,H,0,2.9171421598754383,0.5483258587029612,0.8501052376547228,0.1055191852482885,0.04437557709698862,0.8403774326715158,0.10831531354432868,0.05130725378415569
2017-18,2017-12-26,Bournemouth,West Ham,D,1,1.3665848648219237,1.2582806656438943,0.39425220257028937,0.26200209312021405,0.34374570430949664,0.3493364634292312,0.296245815491658,0.3544177210791109
2017-18,2017-12-26,Chelsea,Brighton and Hove Albion,H,0,2.6282520740943527,0.6274067162440036,0.8001037252181994,0.13388734644939643,0.06600892833240421,0.8138903960933263,0.1291372761801411,0.05697232772653283
2017-18,2017-12-26,Huddersfield Town,Stoke,D,1,1.805394362262766,0.9700610629009533,0.5699669248811349,0.2296724724337524,0.2003606026851126,0.39024390243902446,0.30487804878048785,0.30487804878048785
2017-18,2017-12-26,Tottenham,Southampton,H,0,2.452452703724553,0.7095459852658708,0.7568963257283873,0.1551482207799379,0.08795545349167475,0.7168214090660842,0.18569087930092845,0.09748771163298746
2017-18,2017-12-26,Watford,Leicester City,H,0,1.1598490550240228,1.4009676512865241,0.3113078661487282,0.263947422917381,0.4247447109338909,0.383034379671151,0.27797352124706387,0.3389920990817852
2017-18,2017-12-26,West Bromwich Albion,Everton,D,1,1.0986868493078301,1.3516494120595401,0.30408639512536095,0.2705568185719978,0.4253567863026413,0.3826865211017668,0.30375742612452744,0.31355605277370574
2017-18,2017-12-26,Manchester United,Burnley,D,1,2.1807058118801894,0.7116348154787462,0.7109148303813365,0.1813048048593067,0.10778036475935682,0.7839195979899497,0.1507537688442211,0.06532663316582914
2017-18,2017-12-27,Newcastle United,Manchester City,A,2,0.6850952555265291,3.340475888393851,0.043424637588750974,0.089632373307826,0.866942989103423,0.07504168982768206,0.14452473596442467,0.7804335742078933
2017-18,2017-12-28,Crystal Palace,Arsenal,A,2,1.137147264908264,1.833218750233065,0.23483290794297978,0.22867657501111174,0.5364905170459084,0.21621621621621623,0.24324324324324326,0.5405405405405406
2017-18,2017-12-30,Chelsea,Stoke,H,0,2.8680755763105954,0.6062285628918467,0.8337898898113274,0.11364581293020368,0.052564297258468964,0.8350568769389864,0.11396070320579109,0.050982419855222325
2017-18,2017-12-30,Huddersfield Town,Burnley,D,1,1.5580324173919695,0.9943235480929473,0.5042194686689372,0.25419919915283395,0.24158133217822886,0.4095576022950325,0.31311339272233135,0.2773290049826363
2017-18,2017-12-30,Bournemouth,Everton,H,0,1.1867184268586717,1.3658464446917953,0.3250144690665849,0.2654853994636233,0.4095001314697917,0.40971357409713577,0.29514321295143214,0.29514321295143214
2017-18,2017-12-30,Liverpool,Leicester City,H,0,2.3789406026416793,0.8211269309105365,0.7197344289089933,0.168953927315113,0.11131164377589367,0.7491486946651532,0.1623155505107832,0.08853575482406358
2017-18,2017-12-30,Manchester United,Southampton,D,1,2.422216505469746,0.6821213835779433,0.7584077425413338,0.15596003587052537,0.08563222158814078,0.7151112395261485,0.17682750650101128,0.10806125397284022
2017-18,2017-12-30,Newcastle United,Brighton and Hove Albion,D,1,1.3805953582492865,1.0503094671968871,0.4443302255526138,0.26990530408631747,0.2857644703610687,0.4537719795802609,0.30346001134429945,0.24276800907543958
2017-18,2017-12-30,Watford,Swansea,A,2,1.7290913313947478,0.8573014969140018,0.5803022196381243,0.23576150967146078,0.18393627069041488,0.5832055273727026,0.25544094338751616,0.16135352923978105
2017-18,2017-12-31,Crystal Palace,Manchester City,D,1,0.7969900207182643,3.1424315567825793,0.062116300561821165,0.10923092746835308,0.8286527719698258,0.088604898828541,0.14994675186368478,0.7614483493077742
2017-18,2017-12-31,West Bromwich Albion,Arsenal,D,1,0.8816765688369361,1.7662211795255367,0.1849777866666442,0.2321929122071593,0.5828293011261966,0.1939120631341601,0.2423900789177001,0.5636978579481398
2017-18,2018-01-01,Brighton and Hove Albion,Bournemouth,D,1,1.5091931047887517,1.0543551977330992,0.4773078529878451,0.25790844383743255,0.26478370317472233,0.4098797338502171,0.30356717788281706,0.28655308826696596
2017-18,2018-01-01,Burnley,Liverpool,A,2,0.9796780526686821,2.1670110778210305,0.15973904075910708,0.19587676682505806,0.6443841924158349,0.13043478260869565,0.21739130434782608,0.6521739130434783
2017-18,2018-01-01,Everton,Manchester United,A,2,1.0449743398500584,1.5781822094444573,0.251236276444609,0.25165263245510033,0.49711109110029067,0.1777150916784203,0.27926657263751764,0.5430183356840621
2017-18,2018-01-01,Leicester City,Huddersfield Town,H,0,1.6297135229533433,1.1163458316047765,0.4930796412321335,0.2461165948708185,0.260803763897048,0.5832055273727026,0.25544094338751616,0.16135352923978105
2017-18,2018-01-01,Stoke,Newcastle United,A,2,1.5056643293946286,0.9865907142956807,0.49265236938979945,0.2595238679215058,0.24782376268869474,0.4254713809068102,0.2961487727284484,0.2783798463647415
2017-18,2018-01-02,Manchester City,Watford,H,0,3.617992200879129,0.5250182181389653,0.9113506496055834,0.06453505284666886,0.024114297547747774,0.8398335933437338,0.11066042641705669,0.04950598023920957
2017-18,2018-01-02,Southampton,Crystal Palace,A,2,1.4520629354895744,1.189131304235163,0.4315663087911869,0.25885410336122144,0.3095795878475916,0.4912865475888554,0.2753523423064382,0.23336111010470634
2017-18,2018-01-02,Swansea,Tottenham,A,2,0.8137596093732264,2.798861955320731,0.08170031456382248,0.13398688454840257,0.784312800887775,0.0783878133925738,0.1980323706759759,0.7235798159314504
2017-18,2018-01-02,West Ham,West Bromwich Albion,H,0,1.6765163930400517,1.0407143671921333,0.5224154823164461,0.24248940026769417,0.2350951174158598,0.49382236769466925,0.27677359841294147,0.22940403389238917
2017-18,2018-01-03,Arsenal,Chelsea,D,1,1.209047388135717,1.545354889690857,0.29799399647011704,0.2511071140901455,0.4508988894397374,0.36140724946695096,0.27718550106609813,0.36140724946695096
2017-18,2018-01-04,Tottenham,West Ham,D,1,2.5551767064845805,0.8263544517346761,0.746877355438807,0.15403834462790347,0.09908429993328964,0.75,0.15625,0.09375
2017-18,2018-01-13,Chelsea,Leicester City,D,1,2.567049415852764,0.7274442652304576,0.7701326636715115,0.14642661018054548,0.08344072614794312,0.7493890849850665,0.1694270974748846,0.08118381754004887
2017-18,2018-01-13,Crystal Palace,Burnley,H,0,1.437872535997388,1.075588230811047,0.45371567169100196,0.26385063368126127,0.28243369462773676,0.4872469968734573,0.296198782293895,0.21655422083264766
2017-18,2018-01-13,Huddersfield Town,West Ham,A,2,1.5421362689106344,1.2856192672485371,0.4332219266273284,0.24906156914215918,0.31771650423051245,0.37170263788968827,0.3141486810551559,0.3141486810551559
2017-18,2018-01-13,Newcastle United,Swansea,D,1,1.650735056656919,0.8717761097629858,0.5578196595955602,0.24459811081151436,0.1975822295929254,0.4978704655602878,0.286385666030254,0.215743868409458
2017-18,2018-01-13,Tottenham,Everton,H,0,2.233030522882822,0.7305162621049598,0.7157268436410092,0.17721410795012488,0.10705904840886582,0.7623143080531665,0.1626270523846755,0.07505863956215794
2017-18,2018-01-13,Watford,Southampton,D,1,1.447565708898486,1.092230580965882,0.4524001439634032,0.26247806890118974,0.2851217871354071,0.3889845094664372,0.2868617326448652,0.3241537578886976
2017-18,2018-01-13,West Bromwich Albion,Brighton and Hove Albion,H,0,1.3197449494332025,1.2195352865854394,0.3901157736972524,0.26718477598960494,0.34269945031314264,0.45298888974131857,0.32313207468214056,0.2238790355765408
2017-18,2018-01-14,Bournemouth,Arsenal,H,0,1.0702246709318926,1.749494797431639,0.23141694812059407,0.23577720498881657,0.5328058468905894,0.20638820638820637,0.2334152334152334,0.5601965601965602
2017-18,2018-01-14,Liverpool,Manchester City,H,0,1.3841570586304741,1.718820884569451,0.3103890644470676,0.23490671903182614,0.45470421652110626,0.31442798821009466,0.2599271369203449,0.42564487486956043
2017-18,2018-01-15,Manchester United,Stoke,H,0,2.844477012845619,0.6505997628532064,0.8224609816687721,0.11881762718677172,0.05872139114445618,0.7964199029126214,0.13880461165048544,0.06477548543689321
2017-18,2018-01-20,Everton,West Bromwich Albion,D,1,1.523519821446223,1.0005818346415238,0.4938738623139546,0.2575255941862017,0.2486005434998437,0.4537719795802609,0.30346001134429945,0.24276800907543958
2017-18,2018-01-20,Brighton and Hove Albion,Chelsea,A,2,0.8436013080765609,2.30771167992081,0.12099993339628397,0.17670167394825212,0.7022983926554639,0.14907088061047916,0.24909016040311424,0.6018389589864065
2017-18,2018-01-20,Burnley,Manchester United,A,2,0.9687376028434592,1.8820496155653745,0.1902410691567705,0.22216887572190772,0.5875900551213217,0.12978432676757912,0.2502268510943042,0.6199888221381168
2017-18,2018-01-20,Arsenal,Crystal Palace,H,0,1.9136020270467606,0.8924604641486447,0.6132089933721806,0.21709631206329377,0.1696946945645255,0.6535626535626535,0.20638820638820637,0.14004914004914004
2017-18,2018-01-20,Leicester City,Watford,H,0,1.9101519093879313,0.9118436378795329,0.6076827444539558,0.2180049451303922,0.1743123104156521,0.5255329836789835,0.24993213876764,0.22453487755337637
2017-18,2018-01-20,Manchester City,Newcastle United,H,0,2.909313354527941,0.5836562629718087,0.8426375980313723,0.10891545664671519,0.04844694532191254,0.8657432072456047,0.09696323921150773,0.037293553542887596
2017-18,2018-01-20,West Ham,Bournemouth,D,1,1.5875149841189145,1.1131544372055104,0.48336529161492364,0.24980375474202685,0.26683095364304954,0.4864864864864865,0.2702702702702703,0.24324324324324326
2017-18,2018-01-20,Stoke,Huddersfield Town,H,0,1.3933647595922152,1.1005961582550305,0.4361292435801003,0.26689878344101214,0.29697197297888756,0.4760663775610057,0.2864824218951185,0.23745120054387575
2017-18,2018-01-21,Southampton,Tottenham,D,1,0.8206433931030858,2.7565156729069793,0.08514558469618506,0.1376394570658906,0.7772149582379243,0.1691484827928816,0.23780043424427125,0.5930510829628471
2017-18,2018-01-22,Swansea,Liverpool,H,0,0.7407446278921785,2.507413679943115,0.08918749434336143,0.1524546453663627,0.758357860290276,0.08118381754004887,0.1694270974748846,0.7493890849850665
2017-18,2018-01-30,Huddersfield Town,Liverpool,A,2,0.8035479608200312,2.163146785574872,0.12624914978730548,0.18828511085258293,0.6854657393601116,0.08118381754004887,0.1694270974748846,0.7493890849850665
2017-18,2018-01-30,Swansea,Arsenal,H,0,0.9185858457267299,1.980565662761731,0.16766115475977872,0.21121522694668288,0.6211236182935385,0.13904877309906089,0.21205695243865497,0.6488942744622841
2017-18,2018-01-30,West Ham,Crystal Palace,D,1,1.5496287739590453,1.0711618893474182,0.4836774945728561,0.25388061168024695,0.26244189374689697,0.3150282399633644,0.30048847504197834,0.3844832849946573
2017-18,2018-01-31,Newcastle United,Burnley,D,1,1.3045730732854015,1.106205245312863,0.4108362527503472,0.2741976248817556,0.31496612236789717,0.44384225914568926,0.3051415531626614,0.25101618769164946
2017-18,2018-01-31,Chelsea,Bournemouth,A,2,2.66870848220144,0.6950176989083776,0.7912920817272407,0.13569796823839086,0.07300995003436828,0.7614483493077742,0.14994675186368478,0.088604898828541
2017-18,2018-01-31,Everton,Leicester City,H,0,1.235127566011965,1.273957743016335,0.35605531755204795,0.26941342394734463,0.3745312585006075,0.3244079863798174,0.30413248723107883,0.37145952638910384
2017-18,2018-01-31,Southampton,Brighton and Hove Albion,D,1,1.408737516775146,1.0469231802129224,0.4526826514503684,0.2674173514848824,0.2798999970647493,0.5581395348837209,0.27906976744186046,0.16279069767441862
2017-18,2018-01-31,Stoke,Watford,D,1,1.5428727506857616,1.0931171832595055,0.4768021954950095,0.2540690031254751,0.26912880137951545,0.43354343655796107,0.27870649493011784,0.2877500685119211
2017-18,2018-01-31,Tottenham,Manchester United,H,0,1.6391405640717711,1.1738579772110764,0.4821016317921213,0.2445119416146258,0.2733864265932529,0.4153684579030282,0.2966917556450201,0.2879397864519517
2017-18,2018-01-31,Manchester City,West Bromwich Albion,H,0,2.9415515105177277,0.5421941015752293,0.8537678608806468,0.10333374180854031,0.04289839731081285,0.8559550012227929,0.0975788701393984,0.04646612863780875
2017-18,2018-02-03,Arsenal,Everton,H,0,2.076178064714849,0.844301363091632,0.6587965409089542,0.19889118566478367,0.14231227342626213,0.7493890849850665,0.1694270974748846,0.08118381754004887
2017-18,2018-02-03,Bournemouth,Stoke,H,0,1.6803421652307522,0.9019350813540515,0.5574052942896798,0.24165595731136819,0.200938748398952,0.5122130571008376,0.263028326619349,0.22475861627981328
2017-18,2018-02-03,Brighton and Hove Albion,West Ham,H,0,1.3034983952216532,1.0674360141227164,0.4193218922646096,0.27617775180794857,0.3045003559274419,0.4134848202644813,0.3238964425405103,0.26261873719500833
2017-18,2018-02-03,Burnley,Manchester City,D,1,0.8046388483604838,2.313783440411495,0.11366766924053792,0.17393009992873484,0.7124022308307272,0.07505863956215794,0.1626270523846755,0.7623143080531665
2017-18,2018-02-03,Leicester City,Swansea,D,1,1.8974168038118289,0.8756101088016577,0.6138633858414901,0.21825168870577155,0.16788492545273836,0.5426356589147288,0.2713178294573644,0.18604651162790697
2017-18,2018-02-03,Manchester United,Huddersfield Town,H,0,2.4184793508025915,0.5179820165031337,0.7951758183743057,0.14359509226641423,0.06122908935927999,0.8350568769389864,0.11396070320579109,0.050982419855222325
2017-18,2018-02-03,West Bromwich Albion,Southampton,A,2,1.3546179493910246,1.0599858558646948,0.4350435824664621,0.27191033990550784,0.2930460776280301,0.3826865211017668,0.30375742612452744,0.31355605277370574
2017-18,2018-02-04,Crystal Palace,Newcastle United,D,1,1.569498921210581,1.166017478491149,0.4666722937876557,0.25027980456510335,0.283047901647241,0.4790455426356589,0.2882751937984496,0.23267926356589144
2017-18,2018-02-04,Liverpool,Tottenham,D,1,1.5061572897307893,1.3667257976131393,0.4070144166335277,0.24843151106213643,0.3445540723043358,0.4665629860031104,0.26127527216174184,0.2721617418351478
2017-18,2018-02-05,Watford,Chelsea,H,0,0.8308885332966313,2.255364505063274,0.12319904588612436,0.18086426531813868,0.695936688795737,0.15517137521836036,0.24245527377868803,0.6023733510029516
2017-18,2018-02-10,Manchester City,Leicester City,H,0,2.539608606528623,0.7554173032318396,0.7599875665724887,0.1506891126536134,0.08932332077389794,0.7845503922751962,0.14363307181653592,0.07181653590826796
2017-18,2018-02-10,Everton,Crystal Palace,H,0,1.5903699767038268,1.2218330835407183,0.4592523922136482,0.2473748333378529,0.2933727744484989,0.41746111389864526,0.28901154039136984,0.29352734570998495
2017-18,2018-02-10,Stoke,Brighton and Hove Albion,D,1,1.321628498007206,1.2102135622974841,0.39261639391254194,0.26754744636678623,0.33983615972067177,0.4279965280517636,0.2942476130355875,0.2777558589126489
2017-18,2018-02-10,Swansea,Burnley,H,0,1.345122861190072,1.1321399516320405,0.4160466272671533,0.26961394633309443,0.3143394263997523,0.3969465648854962,0.313587786259542,0.2894656488549619
2017-18,2018-02-10,West Ham,Watford,H,0,1.4770955611625467,1.0181252438520254,0.4775992304044576,0.2617257180651377,0.26067505153040477,0.3765151297627886,0.28610572170424664,0.3373791485329647
2017-18,2018-02-10,Tottenham,Arsenal,H,0,2.0504449896214756,1.1720694979636839,0.5761154598699305,0.21115632813286273,0.21272821199720673,0.4701492537313433,0.2611940298507463,0.26865671641791045
2017-18,2018-02-11,Huddersfield Town,Bournemouth,H,0,1.109666306812346,1.2570751495790666,0.3250878719623139,0.27796013072275616,0.39695199731492986,0.28901154039136984,0.29352734570998495,0.41746111389864526
2017-18,2018-02-11,Newcastle United,Manchester United,H,0,0.9772857274723911,1.851734035930563,0.19599234648654087,0.2252713056696262,0.5787363478438329,0.16998662631097347,0.24931371858942772,0.5806996550995988
2017-18,2018-02-11,Southampton,Liverpool,A,2,0.9068126409972482,1.849885253571544,0.18039074735134752,0.22398842682762685,0.5956208258210256,0.22514851485148513,0.2495049504950495,0.5253465346534654
2017-18,2018-02-12,Chelsea,West Bromwich Albion,H,0,2.499226912189748,0.5959544226827035,0.7891829567674231,0.14252074534600023,0.06829629788657672,0.6866642573183954,0.19660281893747744,0.11673292374412723
2017-18,2018-02-24,Bournemouth,Newcastle United,D,1,1.5983494236010467,1.1017280137142045,0.4887359424188948,0.24904216188208622,0.262221895699019,0.4642332190102891,0.27853993140617345,0.25722684958353753
2017-18,2018-02-24,Brighton and Hove Albion,Swansea,H,0,1.4553004995537493,1.0199372672823488,0.4714404621203072,0.2637861186497353,0.2647734192299575,0.45590040329651055,0.3001928809398562,0.24390671576363315
2017-18,2018-02-24,Burnley,Southampton,D,1,1.4876973513317728,1.0010405756004397,0.48447734081072014,0.2610489205610367,0.2544737386282431,0.3369158314213259,0.31409250090568774,0.34899166767298634
2017-18,2018-02-24,Leicester City,Stoke,D,1,1.8073706913893761,0.8544670983645063,0.5991247436122954,0.22717805423564516,0.17369720215205944,0.5650424836691724,0.249838835966832,0.18511868036399554
2017-18,2018-02-24,Liverpool,West Ham,H,0,2.3032779579777296,0.6818957187358073,0.739317929010716,0.16717125045198858,0.09351082053729541,0.7958533997224717,0.12945881968818873,0.07468778058933966
2017-18,2018-02-24,Watford,Everton,H,0,1.431850653656194,1.247934277757105,0.41343840685236566,0.2580361470055631,0.3285254461420712,0.4335434365579611,0.28775006851192114,0.2787064949301179
2017-18,2018-02-24,West Bromwich Albion,Huddersfield Town,A,2,1.2783862931202816,1.0599917349398569,0.4140540631187553,0.27878747834887924,0.30715845853236545,0.49919343246394404,0.29587452684033155,0.20493204069572438
2017-18,2018-02-25,Crystal Palace,Tottenham,A,2,0.9315469166724996,2.6142995842800407,0.11106754185309096,0.1556158569415211,0.733316601205388,0.13043478260869565,0.21739130434782608,0.6521739130434783
2017-18,2018-02-25,Manchester United,Chelsea,H,0,1.4871237327883695,1.0885966643295302,0.4635584039359039,0.2590980475996262,0.2773435484644699,0.4239262088884748,0.29870492872449456,0.2773688623870306
2017-18,2018-03-01,Arsenal,Manchester City,A,2,1.1208966507936695,1.9670254566143066,0.21272015107677358,0.21721212949420643,0.5700677194290199,0.21091354996934394,0.23727774371551194,0.5518087063151441
2017-18,2018-03-03,Southampton,Stoke,D,1,1.4661502831560373,0.9113710748824604,0.500819767775691,0.2648643542937481,0.23431587793056097,0.5555555555555556,0.2592592592592593,0.1851851851851852
2017-18,2018-03-03,Burnley,Everton,H,0,1.4373723029714247,1.1405696373687841,0.43865147234203666,0.2617485431373993,0.2995999845205639,0.3896614961412089,0.31424314204936193,0.2960953618094292
2017-18,2018-03-03,Liverpool,Newcastle United,H,0,2.902817587922139,0.8309340407799183,0.7943629537104174,0.12758508152837864,0.07805196476120395,0.7964199029126214,0.13880461165048544,0.06477548543689321
2017-18,2018-03-03,Watford,West Bromwich Albion,H,0,1.636760297800193,0.8804707757684208,0.5521890679569795,0.24620866920178824,0.20160226284123228,0.4544247300564919,0.2955832590641011,0.24999201087940687
2017-18,2018-03-03,Swansea,West Ham,H,0,1.385722428079285,1.097477135537129,0.43480106885041,0.2676767333458555,0.29752219780373457,0.375,0.30000000000000004,0.325
2017-18,2018-03-03,Leicester City,Bournemouth,D,1,1.7073819295071726,0.9815236692824387,0.5441902517375233,0.23944696369066293,0.2163627845718137,0.5250875145857643,0.2590431738623104,0.21586931155192535
2017-18,2018-03-03,Tottenham,Huddersfield Town,H,0,2.688996357366173,0.5879497752844768,0.816185930825075,0.12581457754845246,0.057999491626472666,0.8138903960933263,0.1291372761801411,0.05697232772653283
2017-18,2018-03-04,Brighton and Hove Albion,Arsenal,H,0,1.2678595904990182,1.692721942801385,0.28725664901062675,0.23888767754310603,0.4738556734462672,0.23155085372520015,0.2565998906717258,0.511849255603074
2017-18,2018-03-04,Manchester City,Chelsea,H,0,2.1889098782121357,0.8902148019325666,0.6696526961585136,0.19008609890959852,0.14026120493188782,0.6054490413723511,0.23208879919273462,0.16246215943491424
2017-18,2018-03-05,Crystal Palace,Manchester United,A,2,0.924000845254442,1.8035386012791417,0.1900341983930425,0.22909305796987037,0.5808727436370872,0.1387232162580075,0.24276562845151314,0.6185111552904793
2017-18,2018-03-10,Chelsea,Crystal Palace,H,0,2.238568662439731,0.7396875377850632,0.7145180189167518,0.17723094061885628,0.1082510404643919,0.7493890849850665,0.1694270974748846,0.08118381754004887
2017-18,2018-03-10,Everton,Brighton and Hove Albion,H,0,1.45574302742778,1.3119639994353938,0.40585938797402665,0.25376087401707603,0.3403797380088973,0.44384225914568926,0.3051415531626614,0.25101618769164946
2017-18,2018-03-10,Huddersfield Town,Swansea,D,1,1.385283569558696,1.149316391681718,0.4229480101206772,0.2656262665244995,0.3114257233548232,0.3826865211017668,0.31355605277370574,0.30375742612452744
2017-18,2018-03-10,Manchester United,Liverpool,H,0,1.3972702164025883,1.4642191684514343,0.36021027496771374,0.24951752019913634,0.3902722048331499,0.35571878279118574,0.2885624344176285,0.35571878279118574
2017-18,2018-03-10,Newcastle United,Southampton,H,0,1.5931992511999302,1.0391761932262382,0.5022653036572913,0.25031316983755103,0.24742152650515772,0.34820457018498363,0.30359085963003263,0.34820457018498363
2017-18,2018-03-10,West Bromwich Albion,Leicester City,A,2,1.067383333712252,1.6624097203598944,0.24370416575614035,0.24367704726320452,0.5126187869806551,0.325,0.30000000000000004,0.375
2017-18,2018-03-10,West Ham,Burnley,A,2,1.3508075138181963,1.2240881964259214,0.39740088079996017,0.26478000733516843,0.3378191118648715,0.42521777646537723,0.30429647128303555,0.27048575225158716
2017-18,2018-03-11,Arsenal,Watford,H,0,1.9085682214419368,0.8488291753577687,0.6229525450613418,0.21623777871724,0.16080967622141817,0.6756756756756758,0.19459459459459463,0.12972972972972974
2017-18,2018-03-11,Bournemouth,Tottenham,A,2,0.899916218609329,2.3266040279115026,0.1293534581485366,0.17799812971057696,0.6926484121408865,0.1506479481641469,0.2176025917926566,0.6317494600431967
2017-18,2018-03-12,Stoke,Manchester City,A,2,0.6237522841758806,2.756857221474996,0.059399917259029184,0.12332410344655954,0.8172759792944112,0.06532663316582915,0.15075376884422112,0.7839195979899498
2017-18,2018-03-17,Bournemouth,West Bromwich Albion,H,0,1.8808619993574502,0.8831315113308096,0.6083696032668501,0.220183881833498,0.17144651489965204,0.5335230304108126,0.27120754045882983,0.19526942913035747
2017-18,2018-03-17,Huddersfield Town,Crystal Palace,A,2,1.5865035485088974,1.0727820580043081,0.49259076805481644,0.25051416410606636,0.2568950678391172,0.3247962747380675,0.31431897555296856,0.3608847497089639
2017-18,2018-03-17,Liverpool,Watford,H,0,2.649485183684144,0.6693763589482502,0.7940866391468725,0.1353492269644057,0.07056413388872175,0.814276989889394,0.12112370224604735,0.06459930786455859
2017-18,2018-03-17,Stoke,Everton,A,2,1.1879340184403329,1.3487327101962778,0.32861358031784416,0.26670544024254345,0.40468097943961245,0.3896614961412089,0.2960953618094292,0.31424314204936193
2017-18,2018-03-31,Brighton and Hove Albion,Leicester City,A,2,1.3645805884356912,1.2664302748467082,0.3920006495980169,0.2617272314088659,0.3462721189931173,0.3479126898497801,0.29355133206075196,0.358535978089468
2017-18,2018-03-31,Crystal Palace,Liverpool,A,2,0.8546502283089724,2.3185893000579436,0.12202881531740598,0.17631602030236498,0.701655164380229,0.13373025745734066,0.2161921021250311,0.6500776404176282
2017-18,2018-03-31,Everton,Manchester City,A,2,0.852419024762304,2.2307971464163536,0.12929444424506054,0.18430854608819502,0.6863970096667444,0.10452687834014461,0.1881483810122603,0.7073247406475951
2017-18,2018-03-31,Manchester United,Swansea,H,0,2.400553573528341,0.5934264255523892,0.7753158568205113,0.1513837961540783,0.07330034702541037,0.75,0.15625,0.09375
2017-18,2018-03-31,Newcastle United,Huddersfield Town,H,0,1.6538390700864727,1.003236658109632,0.525941543560368,0.2447345374251783,0.22932391901445354,0.5358413024579152,0.27661424168181464,0.18754445586027033
2017-18,2018-03-31,Watford,Bournemouth,D,1,1.5014110932301226,1.1473707617058928,0.4536874899534449,0.2562879010107343,0.2900246090358208,0.4107183846714535,0.2858799698776986,0.3034016454508479
2017-18,2018-03-31,West Bromwich Albion,Burnley,A,2,1.0707740501476049,1.4952907956281762,0.2713447546926958,0.2588112962666484,0.4698439490406558,0.3788187372708758,0.3156822810590631,0.3054989816700611
2017-18,2018-03-31,West Ham,Southampton,H,0,1.3734020988350513,1.019174584703145,0.4496983272993766,0.27169843453067505,0.2786032381699484,0.34852546916890076,0.28954423592493295,0.3619302949061662
2017-18,2018-04-01,Arsenal,Stoke,H,0,2.2954111686997485,0.6643404040178857,0.7421455121268514,0.16673329651711918,0.09112119135602932,0.7349011223944414,0.17103153393907,0.0940673436664885
2017-18,2018-04-01,Chelsea,Tottenham,A,2,1.3308836663379209,1.6000757392533815,0.3184542235046296,0.24382577660722257,0.4377199998881479,0.4107183846714535,0.2858799698776986,0.3034016454508479
2017-18,2018-04-07,Bournemouth,Crystal Palace,D,1,1.724145232593121,1.1246910116679283,0.5139712019135704,0.23793757194948498,0.2480912261369446,0.3889845094664372,0.2868617326448652,0.3241537578886976
2017-18,2018-04-07,Brighton and Hove Albion,Huddersfield Town,D,1,1.7288909196829265,0.8471100752687897,0.5828445229516197,0.23559600501427086,0.1815594720341094,0.526711813393529,0.27840481565086533,0.19488337095560576
2017-18,2018-04-07,Everton,Liverpool,D,1,1.0106881298490218,1.948632762115754,0.1911583351961763,0.21677466658246877,0.5920669982213549,0.23091881380651436,0.2586290714632961,0.5104521147301897
2017-18,2018-04-07,Leicester City,Newcastle United,A,2,1.6577466686805222,1.1526973420253586,0.49149946136568906,0.24329077857412923,0.26520976006018177,0.49851632047477745,0.27002967359050445,0.23145400593471807
2017-18,2018-04-07,Manchester City,Manchester United,A,2,1.8373732451240057,0.9079083170874516,0.5925411649082409,0.22529671087620418,0.1821621242155549,0.5131676934533884,0.25590684449258677,0.23092546205402473
2017-18,2018-04-07,Stoke,Tottenham,A,2,0.6447325701699514,2.701755836447269,0.0646443341497721,0.12926529338186993,0.806090372468358,0.08872581721147432,0.17745163442294865,0.733822548365577
2017-18,2018-04-07,Watford,Burnley,A,2,1.141384955784349,1.3757810863251152,0.31108059169609875,0.26672351416192686,0.42219589414197445,0.40784868092081766,0.3046119835627357,0.28753933551644667
2017-18,2018-04-07,West Bromwich Albion,Swansea,D,1,1.1944428701573135,1.1709386000865754,0.36624158570208837,0.27898926832239423,0.3547691459755174,0.4098797338502171,0.30356717788281706,0.28655308826696596
2017-18,2018-04-08,Arsenal,Southampton,H,0,2.1981979176596633,0.6945998242028008,0.718179786012538,0.17846200370372553,0.10335821028373651,0.6209037599172128,0.21662642290444978,0.16246981717833733
2017-18,2018-04-08,Chelsea,West Ham,D,1,2.456706459853955,0.6918630780321264,0.7615225764682229,0.1535228718419694,0.08495455168980784,0.7575757575757576,0.1616161616161616,0.0808080808080808
2017-18,2018-04-14,Liverpool,Bournemouth,H,0,2.396306683437181,0.7537351919063,0.7379874678804687,0.16319793312509112,0.09881459899444028,0.7795823665893272,0.13921113689095127,0.08120649651972157
2017-18,2018-04-14,Burnley,Leicester City,H,0,1.4982586764278512,1.1812081287564966,0.44521787192092793,0.2555442691364521,0.29923785894261995,0.37145952638910384,0.30413248723107883,0.3244079863798174
2017-18,2018-04-14,Crystal Palace,Brighton and Hove Albion,H,0,1.4703430957979984,1.3268351425501193,0.4064139009034616,0.2522228529120179,0.34136324618452046,0.5147058823529411,0.27941176470588236,0.20588235294117646
2017-18,2018-04-14,Southampton,Chelsea,A,2,0.9109958111776173,1.932070749705485,0.17157673803589318,0.2157839751846662,0.6126392867794407,0.21586931155192535,0.2590431738623104,0.5250875145857643
2017-18,2018-04-14,Swansea,Everton,D,1,1.2214226854778718,1.4042868443217387,0.3268510871097887,0.2611114546995815,0.4120374581906298,0.3844832849946573,0.30048847504197834,0.3150282399633644
2017-18,2018-04-14,Tottenham,Manchester City,A,2,1.385627549172638,1.4222517562898034,0.3655284556556488,0.2523568098009563,0.38211473454339495,0.3706245710363761,0.26973232669869596,0.3596431022649279
2017-18,2018-04-14,Huddersfield Town,Watford,H,0,1.4394037100872135,1.0667343412073742,0.4561861318422276,0.2639828197156279,0.2798310484421444,0.37320574162679426,0.3008612440191388,0.325933014354067
2017-18,2018-04-15,Manchester United,West Bromwich Albion,A,2,3.022119928702699,0.49663291247230695,0.8698707270221826,0.09424363492579794,0.0358856380520194,0.8267159795496574,0.12194060698357444,0.051343413466768184
2017-18,2018-04-15,Newcastle United,Arsenal,H,0,1.3116422048691427,1.6101073187103245,0.3119830085935365,0.24370044460556978,0.44431654680089383,0.296198782293895,0.2706927760408096,0.43310844166529533
2017-18,2018-04-16,West Ham,Stoke,D,1,1.6985497867537123,0.8589288399742895,0.5726410308300027,0.23915525878442045,0.18820371038557682,0.4864864864864865,0.2702702702702703,0.24324324324324326
2017-18,2018-04-17,Brighton and Hove Albion,Tottenham,D,1,0.8964855289612573,2.092797435208096,0.15103166468446125,0.19948865620857914,0.6494796791069596,0.14937182155058254,0.22423021710826477,0.6263979613411526
2017-18,2018-04-18,Bournemouth,Manchester United,A,2,0.9707457762077537,1.7261678440728976,0.2111778807083296,0.23751507184523016,0.5513070474464402,0.19445833035778048,0.249946440048561,0.5555952295936585
2017-18,2018-04-19,Burnley,Chelsea,A,2,1.2146858820079207,1.4926263781010929,0.3087888777637428,0.25490466446610105,0.43630645777015614,0.23336111010470634,0.2753523423064382,0.4912865475888554
2017-18,2018-04-19,Leicester City,Southampton,D,1,1.8781163283419333,0.8558819414259199,0.6145600168933069,0.2196700257127152,0.16576995739397785,0.41893316885855836,0.2865044467877679,0.2945623843536738
2017-18,2018-04-21,Watford,Crystal Palace,D,1,1.3771526844178161,1.4766482447364497,0.35278301999528705,0.24971390469552718,0.39750307530918577,0.33441431084770645,0.2850906661799032,0.3804950229723904
2017-18,2018-04-21,West Bromwich Albion,Liverpool,D,1,0.7096492082148744,2.2525009225998924,0.10190749644186206,0.17397999170032452,0.7241125118578133,0.13043478260869565,0.21739130434782608,0.6521739130434783
2017-18,2018-04-22,Arsenal,West Ham,H,0,2.1790052369872326,0.7382723568776346,0.7041547647208736,0.18307495891271627,0.11277027636641015,0.6265570078148995,0.21158243183291814,0.16186056035218235
2017-18,2018-04-22,Manchester City,Swansea,H,0,3.3802479538245587,0.4787990403853482,0.9019869371306108,0.07235868279066146,0.025654380078727737,0.8501724987678659,0.10768851651059634,0.0421389847215377
2017-18,2018-04-22,Stoke,Burnley,D,1,1.079006573666901,1.448608262462506,0.28146734333353346,0.2627869900563819,0.4557456666100846,0.4254713809068102,0.2961487727284484,0.2783798463647415
2017-18,2018-04-23,Everton,Newcastle United,H,0,1.4968552655139056,1.0249807499598984,0.48110805230617576,0.25967885302884186,0.2592130946649823,0.4253450439146801,0.28732747804265996,0.28732747804265996
2017-18,2018-04-28,Liverpool,Stoke,D,1,3.069865006866107,0.548687815363918,0.8651956744149906,0.09540579286837048,0.03939853271663899,0.7329742821632302,0.1695401383090602,0.09748557952770963
2017-18,2018-04-28,Crystal Palace,Leicester City,H,0,1.3572479138838334,1.2428088441116403,0.39509295696615565,0.26340062329712566,0.3415064197367187,0.4750762545439352,0.2692098775748966,0.2557138678811683
2017-18,2018-04-28,Huddersfield Town,Everton,A,2,1.1598256901585524,1.3746582428712835,0.31620212506442935,0.2660182303365526,0.41777964459901806,0.37170263788968827,0.3141486810551559,0.3141486810551559
2017-18,2018-04-28,Swansea,Chelsea,A,2,0.8323362109633169,2.123216213815041,0.13541652708906526,0.1936707623215539,0.6709127105893808,0.13904741116048094,0.22478796261509623,0.6361646262244227
2017-18,2018-04-28,Newcastle United,West Bromwich Albion,A,2,1.774217705817232,0.8071521509138839,0.6035886263416911,0.22961254285078203,0.16679883080752694,0.5253859743451877,0.26999001459405486,0.20462401106075737
2017-18,2018-04-28,Southampton,Bournemouth,H,0,1.3461355323798407,1.2110253621833587,0.3989755390669529,0.26576161419780836,0.33526284673523876,0.5636978579481398,0.2423900789177001,0.1939120631341601
2017-18,2018-04-28,Burnley,Brighton and Hove Albion,D,1,1.7514388258179985,0.9264908483293107,0.5681887602379979,0.23447896990761777,0.19733226985438426,0.432669468298922,0.30422071989767957,0.2631098118033985
2017-18,2018-04-29,Manchester United,Arsenal,H,0,1.7820109860262394,1.1790188939932658,0.5149993100554442,0.2329218663728799,0.2520788235716759,0.674237047551455,0.20440028388928316,0.1213626685592619
2017-18,2018-04-29,West Ham,Manchester City,A,2,0.657864654550682,3.3973491545300565,0.03929304783592495,0.08460768637645363,0.8760992657876214,0.09748557952770963,0.1695401383090602,0.7329742821632302
2017-18,2018-04-30,Tottenham,Watford,H,0,2.7622816342779872,0.5324127284153729,0.8362240459552677,0.11551354452974143,0.04826240951499086,0.8391312523505078,0.11451673561489281,0.04635201203459947
2017-18,2018-05-04,Brighton and Hove Albion,Manchester United,H,0,0.8918634373163818,1.9572494093205444,0.1646159183322823,0.21266109814188208,0.6227229835258357,0.20462401106075737,0.26999001459405486,0.5253859743451877
2017-18,2018-05-05,Bournemouth,Swansea,H,0,1.6805280690866558,0.8924748454466632,0.5598277427237447,0.24154401058548028,0.19862824669077506,0.4649214659685864,0.27120418848167543,0.2638743455497382
2017-18,2018-05-05,Everton,Southampton,D,1,1.674029663320801,0.8940241433010102,0.5578666950546409,0.24225969618687748,0.19987360875848165,0.33540469344000123,0.29462600730747834,0.3699692992525205
2017-18,2018-05-05,Leicester City,West Ham,A,2,1.6554496030784929,0.8567547674365513,0.5627895032802038,0.24392378223458266,0.19328671448521353,0.43354343655796107,0.27870649493011784,0.2877500685119211
2017-18,2018-05-05,Stoke,Crystal Palace,A,2,1.265777518405149,1.4695279224698423,0.3260415148415058,0.25472153657411667,0.4192369485843775,0.3617680470928431,0.28813384281730864,0.35009811008984815
2017-18,2018-05-05,Watford,Newcastle United,H,0,1.1599690783918417,1.233725324548946,0.3436860522609368,0.27681871301073857,0.37949523472832475,0.4098797338502171,0.28655308826696596,0.30356717788281706
2017-18,2018-05-05,West Bromwich Albion,Tottenham,H,0,0.7854736581246279,2.112170632065521,0.1273914606313464,0.19244593915474986,0.6801626002139038,0.1213626685592619,0.20440028388928316,0.674237047551455
2017-18,2018-05-06,Arsenal,Burnley,H,0,1.825019542130118,0.9267811154586594,0.5850791088865074,0.22696049601575677,0.18796039509773588,0.61906165672691,0.2314111431098211,0.14952720016326904
2017-18,2018-05-06,Chelsea,Liverpool,H,0,1.4405168026923771,1.275776209990167,0.40967542526517603,0.2562784585972546,0.33404611613756924,0.43310844166529533,0.2706927760408096,0.296198782293895
2017-18,2018-05-06,Manchester City,Huddersfield Town,D,1,4.098553684569159,0.42632509241183114,0.94691450801804,0.0408330394848058,0.012252452497154192,0.8969883919149283,0.07451903563600944,0.02849257244906243
2017-18,2018-05-08,Swansea,Southampton,A,2,1.2753964631724155,1.1907453493592361,0.38432368711512593,0.27192325885601304,0.34375305402886097,0.3150282399633644,0.30048847504197834,0.3844832849946573
2017-18,2018-05-09,Chelsea,Huddersfield Town,D,1,2.4010335838313632,0.5587677623257705,0.7833250930169263,0.1485996427269545,0.06807526425611918,0.8350568769389864,0.11396070320579109,0.050982419855222325
2017-18,2018-05-09,Leicester City,Arsenal,H,0,1.0911997601952625,1.6030004202728836,0.2588539763849992,0.24878216666842803,0.4923638569465728,0.25876930955022615,0.25603823504309975,0.485192455406674
2017-18,2018-05-09,Manchester City,Brighton and Hove Albion,H,0,3.4895491404111327,0.5306907257489919,0.9020968466082784,0.07082401880677212,0.027079134584949427,0.8669406627279732,0.09709735422553302,0.03596198304649371
2017-18,2018-05-09,Tottenham,Newcastle United,H,0,2.345540415342465,0.6315462890252536,0.7579881255913987,0.15951476611846271,0.08249710829013858,0.827653359298929,0.11489776046738072,0.05744888023369036
2017-18,2018-05-10,West Ham,Manchester United,D,1,0.8788865315871663,1.7150053687373947,0.19084144936807085,0.2376500587707819,0.5715084918611473,0.20440755666751562,0.2561836132376515,0.539408830094833
2017-18,2018-05-13,Manchester United,Watford,H,0,2.3175836970108947,0.6370748283312876,0.7522064380499487,0.16263190516110992,0.0851616567889415,0.7001372818199648,0.18536968032947637,0.11449303785055893
2017-18,2018-05-13,Burnley,Bournemouth,A,2,1.6004475459989829,1.0349483488742404,0.5050900636009426,0.24967341853392064,0.24523651786513687,0.45333525221270776,0.277182125638627,0.2694826221486652
2017-18,2018-05-13,Huddersfield Town,Arsenal,A,2,1.0253698088849421,1.6534518891482528,0.23479776250306875,0.24471158649956137,0.5204906509973699,0.16298108591323987,0.22583984191211068,0.6111790721746495
2017-18,2018-05-13,Liverpool,Brighton and Hove Albion,H,0,2.3558391411717285,0.6595453392431543,0.7531236977236591,0.16055364761641197,0.08632265465992889,0.814276989889394,0.12112370224604735,0.06459930786455859
2017-18,2018-05-13,Crystal Palace,West Bromwich Albion,H,0,1.7232389065714637,0.9153628234422271,0.5643111298843956,0.23726320391161806,0.1984256662039864,0.539408830094833,0.2561836132376515,0.20440755666751562
2017-18,2018-05-13,Tottenham,Leicester City,H,0,2.22949142910366,0.7330358406089091,0.7144985104149351,0.17771863927952813,0.1077828503055368,0.7302231237322516,0.1618661257606491,0.1079107505070994
2017-18,2018-05-13,Southampton,Manchester City,A,2,0.6920367900436398,2.77315559967181,0.06718126992700064,0.12728731614275196,0.8055314139302475,0.10781880235805148,0.19407384424449267,0.6981073533974558
2017-18,2018-05-13,Swansea,Stoke,A,2,1.4387397177935335,1.0234517487998758,0.46622253838611905,0.2652867923266218,0.26849066928725907,0.511849255603074,0.2565998906717258,0.23155085372520015
2017-18,2018-05-13,West Ham,Everton,H,0,1.1573340392618174,1.1328687717851584,0.36385925705503647,0.2843888723689718,0.3517518705759918,0.3973509933774835,0.27814569536423844,0.3245033112582782
2017-18,2018-05-13,Newcastle United,Chelsea,H,0,0.8666403786899094,1.7265891647301292,0.1864561700520511,0.2361980137750597,0.5773458161728892,0.15128320576316975,0.23412877082395317,0.6145880234128771
2018-19,2018-08-10,Manchester United,Leicester City,H,0,1.8814645094750413,0.7315165640790103,0.6468520496048173,0.21476649821138477,0.13838145218379788,0.6203868668872486,0.24974548231102064,0.1298676508017307
2018-19,2018-08-11,Watford,Brighton and Hove Albion,H,0,1.4036910000987846,0.9568730746119478,0.4728702167043266,0.2705968131512045,0.25653297014446896,0.4102254731920669,0.30382324108287456,0.28595128572505846
2018-19,2018-08-11,Huddersfield Town,Chelsea,A,2,0.9627589428246011,1.5758712871447886,0.2308578208465998,0.252684333653329,0.5164578455000712,0.15009905605407298,0.24391096608786855,0.6059899778580585
2018-19,2018-08-11,Newcastle United,Tottenham,A,2,1.0523222714816944,1.5475426377107007,0.2579929196642631,0.2543966542856138,0.48761042605012306,0.24838238363598414,0.27676894176581085,0.4748486745982049
2018-19,2018-08-12,Arsenal,Manchester City,A,2,1.1949579373703345,1.655981289667624,0.2757678112195851,0.24284071520750558,0.4813914735729093,0.24366984544557713,0.25649457415323906,0.4998355804011839
2018-19,2018-08-12,Liverpool,West Ham,H,0,2.245888122533286,0.6944910188895121,0.7265806255678661,0.1736556033811783,0.09976377105095567,0.780278670953912,0.15005359056806,0.06966773847802786
2018-19,2018-08-12,Southampton,Burnley,D,1,1.3188414729925948,1.0164594190092127,0.43536991257009466,0.27705471710755664,0.28757537032234864,0.526711813393529,0.27840481565086533,0.19488337095560576
2018-19,2018-08-18,Cardiff City,Newcastle United,D,1,1.608618359943421,1.1861144152913836,0.4718137665091411,0.2467343106923765,0.28145192279848247,0.30048847504197834,0.3150282399633644,0.3844832849946573
2018-19,2018-08-18,Chelsea,Arsenal,H,0,1.7569896760999035,1.0007101439696642,0.5512679828104383,0.23473352240216902,0.21399849478739255,0.5405405405405406,0.24324324324324326,0.21621621621621623
2018-19,2018-08-18,Everton,Southampton,H,0,1.4507216928177527,0.89146634998472,0.501703220732084,0.2668853550970138,0.23141142417090227,0.5147058823529411,0.27941176470588236,0.20588235294117646
2018-19,2018-08-18,Leicester City,Wolverhampton Wanderers,H,0,1.3798860154184742,1.059746021188293,0.4419399159891085,0.26962371382196604,0.2884363701889255,0.474848674598205,0.2767689417658109,0.2483823836359842
2018-19,2018-08-18,Tottenham,Fulham,H,0,2.124250597074281,0.635197008707986,0.7194233424854668,0.18237177860996565,0.09820487890456743,0.7575757575757576,0.1616161616161616,0.0808080808080808
2018-19,2018-08-18,West Ham,Bournemouth,A,2,1.3128586857692677,1.2875117289307991,0.3740014381639038,0.2638716065554018,0.3621269552806942,0.4649214659685864,0.27120418848167543,0.2638743455497382
2018-19,2018-08-19,Brighton and Hove Albion,Manchester United,H,0,0.8975171043405946,1.509576389503759,0.22406594491138668,0.26024429622579986,0.5156897588628135,0.17634709587123865,0.2694191742477257,0.5542337298810357
2018-19,2018-08-19,Burnley,Watford,A,2,1.5065523205947615,1.003050507883817,0.48889492559988235,0.25915479320027524,0.2519502811998424,0.3982618552805592,0.3147553372378613,0.28698280748157945
2018-19,2018-08-19,Manchester City,Huddersfield Town,H,0,2.6801467394112266,0.4915466288775069,0.8349367265465557,0.11847999962990517,0.04658327382353906,0.887372013651877,0.0750853242320819,0.03754266211604095
2018-19,2018-08-20,Crystal Palace,Liverpool,A,2,1.1662157421387471,1.7937376382962986,0.24733358274585052,0.23199643880652399,0.5206699784476255,0.13771996939556236,0.19280795715378735,0.6694720734506504
2018-19,2018-08-25,Arsenal,West Ham,H,0,2.03492405845914,0.8632837539542444,0.645876381166481,0.20381736824148705,0.15030625059203193,0.7151112395261485,0.17682750650101128,0.10806125397284022
2018-19,2018-08-25,Bournemouth,Everton,D,1,1.530379525930807,1.0766549433610446,0.47748200865227886,0.2555147227818937,0.2670032685658274,0.37306402381580434,0.27150770622150205,0.3554282699626936
2018-19,2018-08-25,Huddersfield Town,Cardiff City,D,1,1.2980108429514114,1.3472258153826522,0.3579661328092929,0.26118552277038054,0.38084834442032656,0.4114311130879573,0.3250305793394863,0.2635383075725565
2018-19,2018-08-25,Liverpool,Brighton and Hove Albion,H,0,2.703500662028838,0.642071139186606,0.8068626591288479,0.12892167561611437,0.06421566525503776,0.8350568769389864,0.11396070320579109,0.050982419855222325
2018-19,2018-08-25,Southampton,Leicester City,A,2,1.3449064321439468,1.118792087932725,0.41898411251273315,0.2702385757816244,0.31077731170564243,0.39690869191871,0.30388321725026235,0.29920809083102756
2018-19,2018-08-25,Wolverhampton Wanderers,Manchester City,D,1,0.8465620570030469,1.99411788260089,0.1511140817673801,0.20727970297498777,0.6416062152576321,0.088604898828541,0.14994675186368478,0.7614483493077742
2018-19,2018-08-26,Fulham,Burnley,H,0,1.4177819619843897,1.0968409683270584,0.44348303343958806,0.26492524056615063,0.29159172599426125,0.4877741700351202,0.2869259823736001,0.22529984759127952
2018-19,2018-08-26,Newcastle United,Chelsea,A,2,1.1082547230223005,1.6563628824349694,0.2546034568547083,0.24389854259300361,0.5014980005522881,0.169452596656884,0.24358810769427075,0.5869592956488452
2018-19,2018-08-26,Watford,Crystal Palace,H,0,1.4722981482591828,1.192104720084178,0.43612362944353367,0.2572005238257862,0.30667584673068027,0.375,0.30000000000000004,0.325
2018-19,2018-08-27,Manchester United,Tottenham,A,2,1.282801834161667,1.360154181479776,0.35142391523625466,0.26117944076496846,0.3873966439987769,0.37072906174943826,0.2943364066010692,0.33493453164949255
2018-19,2018-09-01,Everton,Huddersfield Town,D,1,1.8443077379811792,0.7834344814547937,0.6254414409980469,0.22098938393133177,0.15356917507062132,0.6376389141920205,0.23228274731280743,0.13007833849517217
2018-19,2018-09-01,Brighton and Hove Albion,Fulham,D,1,1.3720331714820615,1.2113976822457635,0.40575208742321694,0.26388412994619637,0.3303637826305867,0.425,0.2875,0.2875
2018-19,2018-09-01,Chelsea,Bournemouth,H,0,1.9913543284772968,1.0008133811011959,0.6035846226516618,0.2125827914218869,0.1838325859264513,0.7491486946651532,0.1623155505107832,0.08853575482406358
2018-19,2018-09-01,Leicester City,Liverpool,A,2,1.0356212723826113,2.055385971081068,0.18352237330631468,0.20770885838801675,0.6087687683056686,0.12972972972972974,0.19459459459459463,0.6756756756756758
2018-19,2018-09-01,Manchester City,Newcastle United,H,0,2.814434858904228,0.6005786334865213,0.8287561770514766,0.11713203022025818,0.05411179272826519,0.8744305500351607,0.08823799186718441,0.037331458097654945
2018-19,2018-09-01,West Ham,Wolverhampton Wanderers,A,2,1.2617419309563416,1.1780516009421036,0.3833213308994876,0.2736543572674186,0.34302431183309384,0.3744435917114351,0.28633921719109745,0.33921719109746734
2018-19,2018-09-01,Crystal Palace,Southampton,A,2,1.5561528410086904,0.9305750422792125,0.5194159375434226,0.25494709373045116,0.22563696872612615,0.48837209302325585,0.27906976744186046,0.23255813953488372
2018-19,2018-09-02,Burnley,Manchester United,A,2,1.0727876137364176,1.4605125231677911,0.2777809755373769,0.2618995116286117,0.46031951283401146,0.16314779270633398,0.2610364683301344,0.5758157389635318
2018-19,2018-09-02,Cardiff City,Arsenal,A,2,1.3254020248935139,1.4383894476559655,0.34711962743433533,0.2542552184533947,0.39862515411227006,0.15057333531200648,0.2260338751796864,0.623392789508307
2018-19,2018-09-02,Watford,Tottenham,H,0,1.0767074294792998,1.90266026170909,0.2115659908558108,0.22213521780539197,0.5662987913387972,0.1765791632485644,0.2312346185397867,0.5921862182116489
2018-19,2018-09-15,Chelsea,Cardiff City,H,0,2.1367707440698998,0.7347690200659308,0.6972052075086169,0.18717475533415398,0.11562003715722911,0.8267159795496574,0.12194060698357444,0.051343413466768184
2018-19,2018-09-15,Huddersfield Town,Crystal Palace,A,2,1.273737328632224,1.3134762112394807,0.35836273410787406,0.2646171650595979,0.37702010083252796,0.2954632100648113,0.3145253526496378,0.39001143728555093
2018-19,2018-09-15,Bournemouth,Leicester City,H,0,1.660676195069427,0.9688345612316873,0.5360163532700724,0.24406111572065292,0.2199225310092748,0.3973509933774835,0.27814569536423844,0.3245033112582782
2018-19,2018-09-15,Manchester City,Fulham,H,0,3.0129032360983357,0.65193339005191,0.8410171642709516,0.10713486132889477,0.051847974400153526,0.8657432072456047,0.09696323921150773,0.037293553542887596
2018-19,2018-09-15,Tottenham,Liverpool,A,2,1.5895229248382023,1.5623676269637787,0.3876995143065627,0.2362778949608512,0.37602259073258615,0.3243243243243243,0.27027027027027023,0.4054054054054054
2018-19,2018-09-15,Watford,Manchester United,A,2,1.131360595311798,1.4565307948379307,0.29377507978105216,0.26047754744768403,0.4457473727712639,0.2260760349741558,0.2719192309550263,0.5020047340708178
2018-19,2018-09-15,Newcastle United,Arsenal,A,2,1.1866571101310022,1.5622339814362791,0.2894535817501668,0.2503799332067763,0.4601664850430569,0.23170731707317074,0.25609756097560976,0.5121951219512195
2018-19,2018-09-16,Everton,West Ham,A,2,1.759233996460635,0.8716281209504355,0.5837351149918275,0.23274898474742156,0.1835159002607509,0.4887218045112782,0.26065162907268175,0.25062656641604014
2018-19,2018-09-16,Wolverhampton Wanderers,Burnley,H,0,1.6070000954478103,0.9379545484418871,0.5304030790976586,0.2495616182676599,0.22003530263468152,0.5585160202360877,0.2715008431703204,0.1699831365935919
2018-19,2018-09-17,Southampton,Brighton and Hove Albion,D,1,1.5561131108510402,1.076825099748049,0.4839851281251024,0.2531947475496579,0.26282012432523966,0.46379853095487933,0.28646379853095494,0.24973767051416584
2018-19,2018-09-22,Crystal Palace,Newcastle United,D,1,1.5749959705850973,0.928588995736245,0.5246937858585132,0.25295736017723525,0.22234885396425152,0.4545292502941071,0.28608605753805566,0.25938469216783716
2018-19,2018-09-22,Brighton and Hove Albion,Tottenham,A,2,1.1252596094010816,1.8538756259812876,0.22917431617453166,0.22686510593825984,0.5439605778872085,0.19580419580419584,0.24475524475524477,0.5594405594405595
2018-19,2018-09-22,Burnley,Bournemouth,H,0,1.2353440573663994,1.6113285401651765,0.2931086543196522,0.24549570294122905,0.4613956427391187,0.3244274809160305,0.28625954198473286,0.3893129770992367
2018-19,2018-09-22,Cardiff City,Manchester City,A,2,0.8269538738567483,3.1669671677681794,0.06429038161243607,0.1097419195276407,0.8259676988599233,0.04218948899799963,0.12129478086924894,0.8365157301327514
2018-19,2018-09-22,Leicester City,Huddersfield Town,H,0,1.653376564898319,0.8049402213780757,0.575596574237215,0.24347749388525594,0.18092593187752903,0.6059899778580585,0.24391096608786855,0.15009905605407298
2018-19,2018-09-22,Liverpool,Southampton,H,0,2.9571130696499734,0.7381756759761211,0.8187696960516176,0.11730758542519484,0.06392271852318744,0.8126195028680689,0.13001912045889102,0.05736137667304016
2018-19,2018-09-22,Manchester United,Wolverhampton Wanderers,D,1,1.9604905642365822,0.9284462399123454,0.6144658625912022,0.21349101983313495,0.17204311757566285,0.623392789508307,0.2260338751796864,0.15057333531200648
2018-19,2018-09-22,Fulham,Watford,D,1,1.3976477306702955,1.2103755818643376,0.41270953725911086,0.26207282300750806,0.32521763973338097,0.38438233734757254,0.2789517533893812,0.33666590926304635
2018-19,2018-09-23,Arsenal,Everton,H,0,1.7751454637671844,0.8645999831433776,0.5891935342829491,0.2308899319849666,0.17991653373208435,0.6756756756756758,0.19459459459459463,0.12972972972972974
2018-19,2018-09-23,West Ham,Chelsea,D,1,0.9654919018858354,2.005743256478976,0.17467208625764516,0.2102481846583259,0.615079729084029,0.1624698171783374,0.21662642290444983,0.6209037599172129
2018-19,2018-09-29,Chelsea,Liverpool,D,1,1.4467384959827956,1.4259518632062032,0.38010987666289503,0.24909929985892904,0.370790823478176,0.3472053462940462,0.27004860267314706,0.3827460510328068
2018-19,2018-09-29,Huddersfield Town,Tottenham,A,2,0.8513686530010657,2.069220262334617,0.14441290662765197,0.19989502546512206,0.655692067907226,0.1137440758293839,0.21484992101105846,0.6714060031595577
2018-19,2018-09-29,Arsenal,Watford,H,0,1.8366149870215978,0.8627614980799183,0.6036332313618685,0.2242621514626951,0.1721046171754365,0.6720126496498758,0.18974474813643555,0.13824260221368873
2018-19,2018-09-29,Everton,Fulham,H,0,1.6659029725869032,1.1175103757435458,0.501653086925075,0.24298553625161434,0.2553613768233106,0.5601965601965602,0.2334152334152334,0.20638820638820637
2018-19,2018-09-29,West Ham,Manchester United,H,0,1.0672473052293496,1.7207831605499968,0.23491440429454724,0.2383736406462671,0.5267119550591857,0.21660761053766756,0.25650901247881686,0.5268833769835156
2018-19,2018-09-29,Wolverhampton Wanderers,Southampton,H,0,1.8491423102473186,0.9838431431994091,0.5765592902384041,0.2256365685222557,0.19780414123934018,0.5426356589147288,0.2713178294573644,0.18604651162790697
2018-19,2018-09-29,Newcastle United,Leicester City,A,2,1.18989930265293,1.128119777656819,0.37410150919393137,0.282209113403115,0.3436893774029535,0.3767123287671233,0.29680365296803657,0.3264840182648402
2018-19,2018-09-29,Manchester City,Brighton and Hove Albion,H,0,3.836292081855482,0.6231156586184463,0.9120029430016271,0.06190988300827979,0.026087173990093183,0.8896641953772351,0.08155255124291322,0.028783253379851725
2018-19,2018-09-30,Cardiff City,Burnley,A,2,1.435594876708108,1.1052597032650757,0.446247592135192,0.2631011027267646,0.2906513051380435,0.37145952638910384,0.3244079863798174,0.30413248723107883
2018-19,2018-10-01,Bournemouth,Crystal Palace,H,0,1.7142577820679452,1.0086298260138775,0.5392338663711457,0.23889373757538232,0.22187239605347198,0.43391066545123064,0.2789425706472197,0.2871467639015497
2018-19,2018-10-05,Brighton and Hove Albion,West Ham,H,0,1.4300628549189094,1.1877468213400186,0.42616151717879497,0.2605864434723865,0.3132520393488184,0.36245694603903555,0.2965556831228473,0.34098737083811703
2018-19,2018-10-06,Burnley,Huddersfield Town,D,1,1.60652082071888,0.8454253834328549,0.5536222397819495,0.24936340768917648,0.19701435252887395,0.4545771943300049,0.31380490189232596,0.23161790377766914
2018-19,2018-10-06,Crystal Palace,Wolverhampton Wanderers,A,2,1.246404204985952,1.3783270873141178,0.338351476368333,0.26178963782330744,0.3998588858083595,0.3244079863798174,0.30413248723107883,0.37145952638910384
2018-19,2018-10-06,Leicester City,Everton,A,2,1.4839233670111953,1.0253354272811905,0.47765805442898185,0.26090987781876945,0.26143206775224875,0.4428364688856729,0.2865412445730825,0.2706222865412446
2018-19,2018-10-06,Manchester United,Newcastle United,H,0,2.131847166831105,0.6037241349111808,0.728613785926708,0.17942344800638022,0.09196276606691177,0.6756756756756758,0.21621621621621623,0.10810810810810811
2018-19,2018-10-06,Tottenham,Cardiff City,H,0,2.3441783701878722,0.6226059615089272,0.7598550165852055,0.15898700557129894,0.08115797784349559,0.7964199029126214,0.13880461165048544,0.06477548543689321
2018-19,2018-10-06,Watford,Bournemouth,A,2,1.4225014981316573,1.3259201147711182,0.39447074649018676,0.25520024924435064,0.35032900426546265,0.45333525221270776,0.2694826221486652,0.277182125638627
2018-19,2018-10-07,Fulham,Arsenal,A,2,1.1548677345297638,1.5988964512993744,0.2753416864250334,0.24811104497251066,0.476547268602456,0.18604229810561843,0.22557091571697385,0.5883867861774078
2018-19,2018-10-07,Liverpool,Manchester City,D,1,1.389447502011858,1.889431467818566,0.2834292128034728,0.22390119743220843,0.49266958976431885,0.3827460510328068,0.27004860267314706,0.3472053462940462
2018-19,2018-10-07,Southampton,Chelsea,A,2,1.0042635847288994,1.9497895989081755,0.18962356507909364,0.21652146771561176,0.5938549672052946,0.16154768605760994,0.23641124788918533,0.6020410660532047
2018-19,2018-10-20,Bournemouth,Southampton,D,1,2.1192981241250357,0.9788169867519312,0.63516100994028,0.20015791904686414,0.16468107101285584,0.4772469301413683,0.26313073986172736,0.2596223299969044
2018-19,2018-10-20,Cardiff City,Fulham,H,0,1.4688845760353892,1.152188181386212,0.4442175661483451,0.25879277876972745,0.29698965508192743,0.390359168241966,0.27882797731569,0.33081285444234404
2018-19,2018-10-20,Chelsea,Manchester United,D,1,1.8672818460874319,1.1261144022044032,0.546791594416529,0.22573120201820737,0.22747720356526363,0.5574572127139364,0.2567237163814181,0.1858190709046455
2018-19,2018-10-20,Huddersfield Town,Liverpool,A,2,0.7963931549486046,2.0340839557724317,0.13684892162054121,0.2010044177740931,0.6621466606053656,0.08872581721147432,0.17745163442294865,0.733822548365577
2018-19,2018-10-20,Manchester City,Burnley,H,0,3.4688394513243352,0.5161026259361058,0.9027544399833582,0.07076197524169348,0.026483584774948245,0.8969883919149283,0.07451903563600944,0.02849257244906243
2018-19,2018-10-20,Newcastle United,Brighton and Hove Albion,A,2,1.306611488016328,1.2206613593382847,0.3863613874660719,0.26803495487863116,0.34560365765529694,0.44328786791098346,0.30007178750897345,0.25664034458004303
2018-19,2018-10-20,West Ham,Tottenham,A,2,1.0015172278420064,1.8269775550879779,0.20471250148197007,0.22803509536128022,0.5672524031567497,0.23757614620070536,0.24975953831356207,0.5126643154857325
2018-19,2018-10-20,Wolverhampton Wanderers,Watford,A,2,1.8648716116635315,0.9222826468148542,0.5951429790164325,0.22283207029118582,0.18202495069238173,0.5555555555555556,0.2592592592592593,0.1851851851851852
2018-19,2018-10-21,Everton,Crystal Palace,H,0,1.6646870477599693,0.8900931774624073,0.5565899248387377,0.24323393365861717,0.20017614150264512,0.5253859743451877,0.26999001459405486,0.20462401106075737
2018-19,2018-10-22,Arsenal,Leicester City,H,0,1.7610945489343424,0.8902973854787198,0.5794742075522401,0.23289725899442837,0.18762853345333164,0.6347656250000001,0.2158203125,0.14941406250000003
2018-19,2018-10-27,Brighton and Hove Albion,Wolverhampton Wanderers,H,0,1.228256954811022,1.313540172010182,0.34625853878186275,0.2671419345551991,0.3865995266629382,0.30487804878048785,0.30487804878048785,0.39024390243902446
2018-19,2018-10-27,Fulham,Bournemouth,A,2,1.224012377653187,1.602318187440726,0.2918625413287101,0.24642423150026718,0.46171322717102276,0.3353828954723309,0.25936277249860257,0.4052543320290665
2018-19,2018-10-27,Leicester City,West Ham,D,1,1.577578029441311,1.0191874024481646,0.5031463337922302,0.25201651903551725,0.24483714717225252,0.4645476772616137,0.2787286063569682,0.2567237163814181
2018-19,2018-10-27,Liverpool,Cardiff City,H,0,2.4990039628633633,0.6202883998930621,0.7837633258356759,0.14443691918322102,0.07179975498110311,0.8744305500351607,0.08823799186718441,0.037331458097654945
2018-19,2018-10-27,Southampton,Newcastle United,D,1,1.4424637094682944,1.0051208248689782,0.4715913082489969,0.2654085244324669,0.26300016731853626,0.46379853095487933,0.28646379853095494,0.24973767051416584
2018-19,2018-10-27,Watford,Huddersfield Town,H,0,1.7502263700663927,0.847069083978841,0.5878530753440673,0.23323733517500633,0.1789095894809265,0.5555555555555556,0.2592592592592593,0.1851851851851852
2018-19,2018-10-28,Burnley,Chelsea,A,2,0.9422435875023062,2.3027162548020126,0.13915270504603447,0.18220196019172977,0.6786453347622358,0.08858780614903597,0.19489317352787913,0.7165190203230849
2018-19,2018-10-28,Crystal Palace,Arsenal,D,1,1.016330111886882,1.5970005597500694,0.2411156626966385,0.2501736139792984,0.5087107233240631,0.205219878441187,0.23775473721844836,0.5570253843403646
2018-19,2018-10-28,Manchester United,Everton,H,0,1.7563380927694563,0.9711656504017396,0.5583199311951758,0.23452441655103523,0.20715565225378893,0.5654046889238671,0.24935796537155167,0.1852373457045812
2018-19,2018-10-29,Tottenham,Manchester City,A,2,1.3203253809050777,2.0953159047566565,0.23790493991053446,0.20975099603979167,0.552344064049674,0.205219878441187,0.23775473721844836,0.5570253843403646
2018-19,2018-11-03,Everton,Brighton and Hove Albion,H,0,1.7406159064902806,0.9068750766188318,0.5705336498403908,0.2353274078930265,0.19413894226658274,0.6059899778580585,0.24391096608786855,0.15009905605407298
2018-19,2018-11-03,Arsenal,Liverpool,D,1,1.281105230040033,1.3623343869641418,0.3505501948825739,0.26112798213775185,0.3883218229796744,0.25,0.25,0.5
2018-19,2018-11-03,Bournemouth,Manchester United,A,2,1.401911396474433,1.3774102204372174,0.378635744146067,0.2538753043420369,0.3674889515118962,0.27120418848167543,0.2638743455497382,0.4649214659685864
2018-19,2018-11-03,Newcastle United,Watford,H,0,1.2345997041112688,1.4049612455153517,0.3301593761200215,0.26048695670352334,0.4093536671764552,0.35356969402622634,0.29917435648373,0.34725594949004374
2018-19,2018-11-03,West Ham,Burnley,H,0,1.5613539096376154,0.9426089618616658,0.5177529080525431,0.2543214064291367,0.22792568551832018,0.5555555555555556,0.2592592592592593,0.1851851851851852
2018-19,2018-11-03,Wolverhampton Wanderers,Tottenham,A,2,1.029333058837615,1.6266440259355959,0.23981606071132497,0.2472387562163585,0.5129451830723166,0.3147553372378613,0.28698280748157945,0.3982618552805592
2018-19,2018-11-03,Cardiff City,Leicester City,A,2,1.3253374539410718,1.2773170078077858,0.37940758679588565,0.26367110016088513,0.35692131304322916,0.25684834792431516,0.28706580062129344,0.4560858514543914
2018-19,2018-11-04,Chelsea,Crystal Palace,H,0,2.6933565072551517,0.6952413436075974,0.7945427945257542,0.13374117938677282,0.07171602608747299,0.7804335742078933,0.14452473596442467,0.07504168982768206
2018-19,2018-11-04,Manchester City,Southampton,H,0,3.590037315850931,0.46230607526862694,0.9179801558324591,0.061356311549035994,0.020663532618504857,0.8778205833791964,0.08858007705008257,0.03359933957072097
2018-19,2018-11-05,Huddersfield Town,Fulham,H,0,1.2698532726010345,1.1149395720712443,0.39932579706440463,0.27661804520908595,0.32405615772650936,0.42478852519308574,0.27914674512688487,0.29606472968002945
2018-19,2018-11-10,Cardiff City,Brighton and Hove Albion,H,0,1.4105353473929463,1.0799069531157446,0.44546957358349965,0.2661473793026988,0.2883830471138016,0.3734939759036145,0.31325301204819284,0.31325301204819284
2018-19,2018-11-10,Huddersfield Town,West Ham,D,1,1.1454657122816758,1.2915678192716837,0.32821766485193565,0.2732265385193398,0.3985557966287246,0.28628994470996155,0.2995033267734983,0.41420672851654017
2018-19,2018-11-10,Crystal Palace,Tottenham,A,2,0.9469141369488502,1.94197618924165,0.17816947759738916,0.21582627779112284,0.6060042446114879,0.21586931155192535,0.2590431738623104,0.5250875145857643
2018-19,2018-11-10,Southampton,Watford,D,1,1.3285573730336555,1.4707785155302633,0.34171469891173367,0.2521243059990995,0.4061609950891668,0.39001143728555093,0.2954632100648113,0.3145253526496378
2018-19,2018-11-10,Newcastle United,Bournemouth,H,0,1.172024232182254,1.6138847067611644,0.2770989460446687,0.2465784707915019,0.4763225831638293,0.33689024390243905,0.28734756097560976,0.3757621951219512
2018-19,2018-11-10,Leicester City,Burnley,D,1,1.8537208590820962,0.80191950685388,0.62280458795822,0.22057325200219588,0.15662216003958407,0.6519243436529595,0.22583984191211068,0.12223581443492991
2018-19,2018-11-11,Arsenal,Wolverhampton Wanderers,D,1,1.8946443568314404,0.9019385709924299,0.6067366625217189,0.2192967723251035,0.17396656515317757,0.5843071786310519,0.23094045631608234,0.18475236505286588
2018-19,2018-11-11,Chelsea,Everton,D,1,2.38723486504418,0.95249131439519,0.691366794308886,0.17538908466443828,0.13324412102667563,0.6986301369863014,0.1863013698630137,0.11506849315068494
2018-19,2018-11-11,Liverpool,Fulham,H,0,2.4335009192376633,0.5428013508052226,0.79169682879559,0.14424486164058073,0.06405830956382928,0.8744305500351607,0.08823799186718441,0.037331458097654945
2018-19,2018-11-11,Manchester City,Manchester United,H,0,2.4728341352859506,0.9855733324711029,0.6987044921393737,0.16991488035104774,0.1313806275095786,0.6986301369863014,0.1863013698630137,0.11506849315068494
2018-19,2018-11-24,Brighton and Hove Albion,Leicester City,D,1,1.3158197370539129,1.2702386239314292,0.3783687769171993,0.2646664550519123,0.3569647680308885,0.33689024390243905,0.28734756097560976,0.3757621951219512
2018-19,2018-11-24,Everton,Cardiff City,H,0,1.8868979513332933,0.9193694302144149,0.6007381776514491,0.22054301334738552,0.17871880900116538,0.696594427244582,0.19504643962848295,0.10835913312693496
2018-19,2018-11-24,Fulham,Southampton,H,0,1.3534957169760309,1.1249969733129186,0.4199045828141531,0.26925131529212487,0.310844101893722,0.37253858435337944,0.2788717402873869,0.3485896753592337
2018-19,2018-11-24,Manchester United,Crystal Palace,D,1,2.4817353364914823,0.753017980349848,0.751701799998057,0.1555232673101041,0.09277493269183881,0.6936416184971099,0.18497109826589597,0.12138728323699423
2018-19,2018-11-24,Tottenham,Chelsea,H,0,1.5205193098869132,1.3846137505063718,0.40684799047103687,0.24688498016832852,0.3462670293606345,0.3475935828877006,0.27807486631016043,0.37433155080213903
2018-19,2018-11-24,Watford,Liverpool,A,2,1.023106737874338,1.730936835816457,0.22294198931587433,0.2373562648379829,0.5397017458461427,0.14937182155058254,0.22423021710826477,0.6263979613411526
2018-19,2018-11-24,West Ham,Manchester City,A,2,0.8617476860903938,2.698654249367532,0.09460943888475258,0.14476703427690363,0.7606235268383438,0.07462686567164178,0.14925373134328357,0.7761194029850745
2018-19,2018-11-25,Bournemouth,Arsenal,A,2,1.4515239120263563,1.4481510832229505,0.37686199711758445,0.24778184077586946,0.3753561621065461,0.26822558459422274,0.2503438789546079,0.4814305364511692
2018-19,2018-11-25,Wolverhampton Wanderers,Huddersfield Town,A,2,1.7445823197284311,0.7772309958571904,0.6044622134079918,0.2322106646643882,0.16332712192761997,0.6519243436529595,0.22583984191211068,0.12223581443492991
2018-19,2018-11-26,Burnley,Newcastle United,A,2,1.3228124406631543,1.2251674379853519,0.3897318508215129,0.266671376983272,0.3435967721952151,0.3377470734983689,0.3060832853578968,0.35616964114373445
2018-19,2018-11-30,Cardiff City,Wolverhampton Wanderers,H,0,1.3055847822999096,1.286333959542621,0.3723236224651269,0.2643842887103893,0.3632920888244838,0.25664034458004303,0.30007178750897345,0.44328786791098346
2018-19,2018-12-01,Crystal Palace,Burnley,H,0,1.6469023188163272,0.9457777753813467,0.5383340141075801,0.24542046885124003,0.2162455170411798,0.6022235948116119,0.24861025324274244,0.14916615194564545
2018-19,2018-12-01,Huddersfield Town,Brighton and Hove Albion,A,2,1.262770144389149,1.0363237204487554,0.4150990317558781,0.2814225603924922,0.3034784078516297,0.3893129770992366,0.32442748091603046,0.2862595419847328
2018-19,2018-12-01,Leicester City,Watford,H,0,1.5668857133080558,1.1080937724355417,0.4793743528863805,0.25167859412763977,0.2689470529859797,0.43349753694581283,0.29556650246305427,0.27093596059113306
2018-19,2018-12-01,Manchester City,Bournemouth,H,0,3.430776003078483,0.6290264897391767,0.8832375605228238,0.08080425524469276,0.03595818423248353,0.8744305500351607,0.08823799186718441,0.037331458097654945
2018-19,2018-12-01,Newcastle United,West Ham,A,2,1.544897439577467,1.1531458646539612,0.4634290752029406,0.2525759185308562,0.2839950062662032,0.39001143728555093,0.2954632100648113,0.3145253526496378
2018-19,2018-12-01,Southampton,Manchester United,D,1,1.0548168099805584,1.9332133296054186,0.20272627089592823,0.21906702680513382,0.5782067022989379,0.2260760349741558,0.2719192309550263,0.5020047340708178
2018-19,2018-12-02,Arsenal,Tottenham,H,0,1.3758011634009455,1.4003468939143553,0.3673922974343157,0.2540426891587199,0.3785650134069644,0.37306402381580434,0.27150770622150205,0.3554282699626936
2018-19,2018-12-02,Chelsea,Fulham,H,0,2.5205108621462466,0.5963744932779311,0.7920897740792077,0.14066470924212493,0.06724551667866739,0.8217522658610272,0.12120845921450152,0.0570392749244713
2018-19,2018-12-02,Liverpool,Everton,H,0,2.103515822770161,0.8563906471867084,0.6612624448549917,0.19672677137061853,0.1420107837743898,0.696594427244582,0.19504643962848295,0.10835913312693496
2018-19,2018-12-04,Bournemouth,Huddersfield Town,H,0,1.763065694883625,0.856448922389302,0.5884593222554632,0.23202683628101708,0.17951384146351965,0.5835978294256168,0.25494010443329573,0.1614620661410873
2018-19,2018-12-04,Brighton and Hove Albion,Crystal Palace,H,0,1.4619913782299745,1.0592122540668343,0.4638909627708169,0.26213793526426316,0.27397110196491997,0.3247962747380675,0.31431897555296856,0.3608847497089639
2018-19,2018-12-04,Watford,Manchester City,A,2,0.8451218215988499,2.8180821786286407,0.0847804836163347,0.13465765575124938,0.780561860632416,0.08853575482406358,0.1623155505107832,0.7491486946651532
2018-19,2018-12-04,West Ham,Cardiff City,H,0,1.7963815444720184,1.004334726284228,0.5595545367869099,0.23098926616266727,0.20945619705042276,0.5869592956488452,0.24358810769427075,0.169452596656884
2018-19,2018-12-05,Fulham,Leicester City,D,1,1.0985895563015795,1.4498827068476532,0.28638425245151006,0.2620793159059816,0.4515364316425083,0.32450331125827814,0.2781456953642384,0.39735099337748336
2018-19,2018-12-05,Everton,Newcastle United,D,1,1.9537369076042213,0.9454113554196302,0.6088971760539168,0.2146428212251651,0.1764600027209181,0.6074766355140188,0.2429906542056075,0.14953271028037385
2018-19,2018-12-05,Burnley,Liverpool,A,2,0.7687021195858936,2.5268518105494344,0.09217526384533668,0.15267228822808718,0.7551524479265762,0.06957837020230667,0.16940820570996407,0.7610134240877292
2018-19,2018-12-05,Manchester United,Arsenal,D,1,1.6404928062393154,1.204931125886648,0.47536252155936054,0.24388659803278082,0.2807508804078586,0.3973509933774835,0.27814569536423844,0.3245033112582782
2018-19,2018-12-05,Wolverhampton Wanderers,Chelsea,H,0,1.0707845150566757,1.779402903666554,0.22723900624834292,0.233082383661047,0.53967861009061,0.19565217391304351,0.2608695652173913,0.5434782608695653
2018-19,2018-12-05,Tottenham,Southampton,H,0,2.506474681369563,0.6762737108614753,0.7724635314377772,0.14797667441233578,0.07955979414988697,0.7131622220633446,0.18474297562021877,0.1020948023164367
2018-19,2018-12-08,Arsenal,Huddersfield Town,H,0,2.384531889030315,0.6185830549493974,0.7670964315765061,0.1548228241640545,0.07808074425943948,0.7575757575757576,0.1616161616161616,0.0808080808080808
2018-19,2018-12-08,Bournemouth,Liverpool,A,2,0.9713864595564449,2.326121586398149,0.1422473156360509,0.18152802564314202,0.6762246587208071,0.17031342400946187,0.21762270845653459,0.6120638675340035
2018-19,2018-12-08,Burnley,Brighton and Hove Albion,H,0,1.2199086112801716,1.2670300848187204,0.3533514560226631,0.2707903272425827,0.3758582167347542,0.3377470734983689,0.3060832853578968,0.35616964114373445
2018-19,2018-12-08,Cardiff City,Southampton,H,0,1.5908242316471155,1.1173845972855694,0.48320586989019404,0.24944797511860603,0.2673461549911999,0.3371110257395314,0.3008067614291203,0.36208221283134845
2018-19,2018-12-08,Chelsea,Manchester City,H,0,1.16475028444712,2.0213741397757055,0.21498366990178297,0.21338639261758405,0.571629937480633,0.24366984544557713,0.25649457415323906,0.4998355804011839
2018-19,2018-12-08,Leicester City,Tottenham,A,2,1.1476622470416564,1.787950800722696,0.24388919418269195,0.23249173933380698,0.5236190664835011,0.25553662691652473,0.2589437819420784,0.485519591141397
2018-19,2018-12-08,Manchester United,Fulham,H,0,2.275975852170863,0.660182725253148,0.7398830432970306,0.16836244609967163,0.09175451060329781,0.7329742821632302,0.1695401383090602,0.09748557952770963
2018-19,2018-12-08,West Ham,Crystal Palace,H,0,1.765014641566691,0.9931278479598482,0.5549895707460513,0.23389190707360827,0.21111852218034036,0.425,0.2875,0.2875
2018-19,2018-12-09,Newcastle United,Wolverhampton Wanderers,A,2,1.4171433388468144,1.2845031155857034,0.4018128915088851,0.2574362518658066,0.34075085662530835,0.33553398058252426,0.3040776699029126,0.36038834951456306
2018-19,2018-12-10,Everton,Watford,D,1,1.876372230095425,0.9840531283703126,0.5826104327179594,0.22302404582498483,0.19436552145705574,0.5434782608695653,0.2608695652173913,0.19565217391304351
2018-19,2018-12-15,Huddersfield Town,Newcastle United,A,2,1.3358399458400014,1.2533530741444017,0.38720672077568613,0.2642924842940771,0.3485007949302367,0.3734939759036145,0.31325301204819284,0.31325301204819284
2018-19,2018-12-15,Fulham,West Ham,A,2,1.2537199717082586,1.4801356254744158,0.32100712741641646,0.2544407555349257,0.424552117048658,0.33720494567253656,0.2716373173473211,0.3911577369801424
2018-19,2018-12-15,Watford,Cardiff City,H,0,1.4857054163760506,1.1673094644760238,0.44513365234169244,0.2569640346683774,0.2979023129899302,0.5903723887375113,0.2482591583409022,0.1613684529215864
2018-19,2018-12-15,Crystal Palace,Leicester City,H,0,1.283825843697828,1.1695486619728062,0.39118620402348137,0.27250585450347314,0.3363079414730454,0.37145952638910384,0.30413248723107883,0.3244079863798174
2018-19,2018-12-15,Tottenham,Burnley,H,0,2.6744551239648593,0.6039247799300098,0.8110444657549359,0.1282616769116633,0.060693857333400776,0.8267159795496574,0.12194060698357444,0.051343413466768184
2018-19,2018-12-15,Wolverhampton Wanderers,Bournemouth,H,0,1.583169725940859,0.9333858193670878,0.5255635190958049,0.25207505717403267,0.22236142373016254,0.5020047340708178,0.2719192309550263,0.2260760349741558
2018-19,2018-12-15,Manchester City,Everton,H,0,2.8431387918780495,0.6897457799508514,0.814628006624775,0.12187790530952512,0.06349408806569991,0.7958533997224717,0.12945881968818873,0.07468778058933966
2018-19,2018-12-16,Brighton and Hove Albion,Chelsea,A,2,1.020207668835228,1.5279720607155434,0.25293638478582353,0.25677806140537146,0.490285553808805,0.13043478260869565,0.21739130434782608,0.6521739130434783
2018-19,2018-12-16,Liverpool,Manchester United,H,0,2.1260263159242383,0.9190015183190369,0.6506704623326147,0.19724673881186172,0.1520827988555236,0.6209037599172128,0.21662642290444978,0.16246981717833733
2018-19,2018-12-16,Southampton,Arsenal,H,0,0.9366052226260233,2.0028048676960775,0.1689431758898711,0.20963207279054258,0.6214247513195863,0.23757614620070536,0.24975953831356207,0.5126643154857325
2018-19,2018-12-21,Wolverhampton Wanderers,Liverpool,A,2,0.9369748274045007,2.1298709156798368,0.1552334604176742,0.1976101921777146,0.6471563474046113,0.1387232162580075,0.24276562845151314,0.6185111552904793
2018-19,2018-12-22,Chelsea,Leicester City,A,2,1.992001654215097,0.6883363049500812,0.6808099207152584,0.20013410008671345,0.11905597919802816,0.733822548365577,0.17745163442294865,0.08872581721147432
2018-19,2018-12-22,Arsenal,Burnley,H,0,2.4995136700628757,0.6748896275605311,0.771742911440682,0.1484884568054732,0.07976863175384478,0.7839195979899497,0.1507537688442211,0.06532663316582914
2018-19,2018-12-22,Bournemouth,Brighton and Hove Albion,H,0,1.3349829269796976,1.056123279085103,0.43057985467891136,0.2738546517952544,0.2955654935258342,0.5122130571008376,0.263028326619349,0.22475861627981328
2018-19,2018-12-22,Cardiff City,Manchester United,A,2,1.0561238649420561,1.6863260518968373,0.23736104762726126,0.24153869788614943,0.5211002544865894,0.149527200163269,0.23141114310982105,0.6190616567269098
2018-19,2018-12-22,Manchester City,Crystal Palace,A,2,3.113108322503473,0.537126459553151,0.8711889535262746,0.09179272422469839,0.03701832224902703,0.8559550012227929,0.0975788701393984,0.04646612863780875
2018-19,2018-12-22,Newcastle United,Fulham,D,1,1.6223411343366527,0.9839296320536667,0.5228916418655071,0.24788624334795378,0.2292221147865391,0.4864864864864865,0.2702702702702703,0.24324324324324326
2018-19,2018-12-22,West Ham,Watford,A,2,1.6855749433010885,1.0497214513646123,0.5224489661216019,0.2416245759994226,0.23592645787897554,0.4095576022950324,0.27732900498263624,0.31311339272233124
2018-19,2018-12-22,Huddersfield Town,Southampton,A,2,1.2632328984540648,1.1438985172414007,0.39112551460899153,0.27552471089067,0.3333497745003385,0.31325301204819284,0.31325301204819284,0.3734939759036145
2018-19,2018-12-23,Everton,Tottenham,A,2,1.1910505023407867,1.8472241895766126,0.24508856233753257,0.22766861108956074,0.5272428265729068,0.2992565055762082,0.2778810408921933,0.4228624535315985
2018-19,2018-12-26,Crystal Palace,Cardiff City,D,1,1.589051328189564,0.9839977471282892,0.5145712007995513,0.25120669438288057,0.2342221048175681,0.5869592956488452,0.24358810769427075,0.169452596656884
2018-19,2018-12-26,Brighton and Hove Albion,Arsenal,D,1,1.0119956623439001,1.8121824255113175,0.2090870684287716,0.22957523855805706,0.5613376930131713,0.1852373457045812,0.24935796537155167,0.5654046889238671
2018-19,2018-12-26,Burnley,Everton,A,2,1.2682969875683765,1.4496767634583982,0.3304005458173821,0.25597343804717326,0.4136260161354447,0.22433316350847204,0.27753217085476684,0.49813466563676106
2018-19,2018-12-26,Fulham,Wolverhampton Wanderers,D,1,1.1279260717425554,1.3172568272030922,0.318481018940869,0.2720775480312737,0.40944143302785735,0.3005538874694616,0.2872941571399265,0.41215195539061183
2018-19,2018-12-26,Leicester City,Manchester City,H,0,0.8494210825669911,2.1058280021510867,0.14041549536226014,0.19618418561818393,0.6634003190195559,0.1020948023164367,0.18474297562021877,0.7131622220633446
2018-19,2018-12-26,Manchester United,Huddersfield Town,H,0,2.654777741873796,0.5860480888165505,0.8122592787407952,0.1284311771458663,0.059309544113338525,0.7839195979899497,0.1507537688442211,0.06532663316582914
2018-19,2018-12-26,Tottenham,Bournemouth,H,0,2.42863621243593,0.6046288502967957,0.7769729693825911,0.14962328535160413,0.0734037452658049,0.7151112395261485,0.17682750650101128,0.10806125397284022
2018-19,2018-12-26,Liverpool,Newcastle United,H,0,3.182953150339566,0.5214032828945014,0.8799615278331324,0.08636845896791998,0.03367001319894759,0.8350568769389864,0.11396070320579109,0.050982419855222325
2018-19,2018-12-26,Watford,Chelsea,A,2,1.1105079185763993,1.6858563478921937,0.2505625740825273,0.24131639857038092,0.5081210273470917,0.1858190709046455,0.2567237163814181,0.5574572127139364
2018-19,2018-12-27,Southampton,West Ham,A,2,1.3747827420002714,1.3797454888397505,0.37125976689688117,0.2552136391235923,0.3735265939795264,0.42478852519308574,0.27914674512688487,0.29606472968002945
2018-19,2018-12-29,Brighton and Hove Albion,Everton,H,0,1.3030549969690164,1.3672446084221535,0.35529392831732715,0.259693059335753,0.3850130123469198,0.2878050710019382,0.27510778845773504,0.43708714054032666
2018-19,2018-12-29,Fulham,Huddersfield Town,H,0,1.5825897274541538,0.9304490336263359,0.5261478542646831,0.2521461902746826,0.22170595546063437,0.47134935304990755,0.27726432532347506,0.2513863216266174
2018-19,2018-12-29,Leicester City,Cardiff City,A,2,1.6669159682167682,0.9147934613033548,0.5509311979778865,0.24318827141579666,0.2058805306063169,0.6075949367088608,0.23544303797468355,0.1569620253164557
2018-19,2018-12-29,Liverpool,Arsenal,H,0,2.2808293102076496,0.8712863381558733,0.6910820819511433,0.18064463607806108,0.12827328197079563,0.6272727272727273,0.2090909090909091,0.16363636363636366
2018-19,2018-12-29,Tottenham,Wolverhampton Wanderers,A,2,2.350390022270176,0.6977963519866089,0.7433734911551957,0.16373788247198434,0.09288862637281985,0.7030022330659168,0.1869985939955339,0.10999917293854934
2018-19,2018-12-29,Watford,Newcastle United,D,1,1.719847577171689,0.9384332353604866,0.5577705930917971,0.23786927468903013,0.20436013221917276,0.5059732958538299,0.26001405481377377,0.23401264933239635
2018-19,2018-12-30,Burnley,West Ham,H,0,1.2650017473139066,1.4268906485239634,0.3338647556260521,0.2576516625308602,0.4084835818430877,0.2858844550327576,0.2948183442525313,0.41929720071471116
2018-19,2018-12-30,Crystal Palace,Chelsea,A,2,0.9953642462428737,1.7130553943197973,0.21887370912351606,0.23895681706844987,0.5421694738080342,0.19806114839671882,0.23519761372110362,0.5667412378821775
2018-19,2018-12-30,Manchester United,Bournemouth,H,0,2.264567338614819,0.7357779082125314,0.7200054862151419,0.17444944261340847,0.10554507117144969,0.7077140835102618,0.1981599433828733,0.09412597310686482
2018-19,2018-12-30,Southampton,Manchester City,A,2,0.8746645558748405,2.2313281211410554,0.1333581836323225,0.18538142944655384,0.6812603869211237,0.0943657103352921,0.17974421016246114,0.7258900795022469
2018-19,2019-01-01,Arsenal,Fulham,H,0,2.1366233727950563,0.7186673435666651,0.7011170769861111,0.1862571018116851,0.11262582120220369,0.7292327203551047,0.16867469879518074,0.10209258084971465
2018-19,2019-01-01,Cardiff City,Tottenham,A,2,0.8611713484905621,1.9978390097255787,0.15375219056933667,0.20746801154524577,0.6387797978854176,0.13043478260869565,0.21739130434782608,0.6521739130434783
2018-19,2019-01-01,Everton,Leicester City,A,2,1.5111837693890284,1.033630060775302,0.4827494053687373,0.2581415247874409,0.25910906984382187,0.48837209302325585,0.27906976744186046,0.23255813953488372
2018-19,2019-01-02,Bournemouth,Watford,D,1,1.367457929946475,1.2341591703634387,0.3996318177821104,0.26312524216635114,0.33724294005153865,0.37485800833017796,0.27073078379401744,0.35441120787580466
2018-19,2019-01-02,Chelsea,Southampton,D,1,2.4818649184957198,0.6072820952829443,0.7841832990819727,0.1449645265221651,0.07085217439586221,0.7614483493077742,0.14994675186368478,0.088604898828541
2018-19,2019-01-02,Huddersfield Town,Burnley,A,2,1.1821506026422834,1.4260248211249156,0.31253644666922376,0.26111223951415596,0.4263513138166204,0.4545771943300049,0.31380490189232596,0.23161790377766914
2018-19,2019-01-02,Newcastle United,Manchester United,A,2,0.9197282850982362,2.1375060269497053,0.15105035424895122,0.19619875087910318,0.6527508948719456,0.16246215943491424,0.23208879919273462,0.6054490413723511
2018-19,2019-01-02,West Ham,Brighton and Hove Albion,D,1,1.4990574091963318,1.0148665155420669,0.4841048459293388,0.25966782723658566,0.25622732683407545,0.49813200498132004,0.2590286425902864,0.2428393524283935
2018-19,2019-01-02,Wolverhampton Wanderers,Crystal Palace,A,2,1.6759204079810108,0.861889755613236,0.5664507623839871,0.24170225185154134,0.1918469857644716,0.4877741700351202,0.2869259823736001,0.22529984759127952
2018-19,2019-01-03,Manchester City,Liverpool,H,0,1.4735939563872942,1.5627699486438427,0.3599576845469076,0.24109703229647397,0.3989452831566184,0.475396163469558,0.25521267723102586,0.2693911592994162
2018-19,2019-01-12,Chelsea,Newcastle United,H,0,2.3579410445211986,0.5505833784713525,0.7787576160325773,0.15208659555606593,0.06915578841135672,0.7964199029126214,0.13880461165048544,0.06477548543689321
2018-19,2019-01-12,Burnley,Fulham,H,0,1.7135949505190962,1.0194080213995886,0.5364671292491314,0.23899032651566818,0.22454254423520034,0.4055587067498582,0.2949517867271696,0.29948950652297224
2018-19,2019-01-12,Cardiff City,Huddersfield Town,D,1,1.7085690331911663,0.8433785155008756,0.5789881659795763,0.23779041818541713,0.18322141583500648,0.4315352697095436,0.29875518672199175,0.26970954356846477
2018-19,2019-01-12,West Ham,Arsenal,H,0,1.1727230886377678,1.7317539487719493,0.25832614236049795,0.23702696137095514,0.504646896268547,0.27914893617021275,0.24425531914893614,0.4765957446808511
2018-19,2019-01-12,Crystal Palace,Watford,A,2,1.5075217355297292,1.1032416162904148,0.46541216418962533,0.2569391294611928,0.27764870634918193,0.43391066545123064,0.2871467639015497,0.2789425706472197
2018-19,2019-01-12,Leicester City,Southampton,A,2,1.6865251018856697,0.8557846623242031,0.5705586575901325,0.2404433448146546,0.1889979975952129,0.49813466563676106,0.27753217085476684,0.22433316350847204
2018-19,2019-01-12,Brighton and Hove Albion,Liverpool,A,2,0.8267198925146514,2.5412222512616167,0.10012223794216768,0.15522557659974215,0.7446521854580902,0.08853575482406358,0.1623155505107832,0.7491486946651532
2018-19,2019-01-13,Everton,Bournemouth,H,0,1.5894003460129211,1.0736105875223552,0.49311981543648287,0.2502405460739059,0.25663963848961124,0.5549132947976879,0.24277456647398846,0.20231213872832374
2018-19,2019-01-13,Tottenham,Manchester United,A,2,1.740011048643069,1.2347613654219136,0.4924781446541778,0.2358310515971059,0.27169080374871635,0.4760271035251737,0.26374474654773133,0.2602281499270949
2018-19,2019-01-14,Manchester City,Wolverhampton Wanderers,H,0,2.471636914204723,0.6440008280322095,0.7744938068252258,0.1486880531475828,0.07681814002719146,0.8217522658610272,0.12120845921450152,0.0570392749244713
2018-19,2019-01-19,Arsenal,Chelsea,H,0,1.3544543057988476,1.3339906754620696,0.3753168728881713,0.25881396365520665,0.365869163456622,0.31554421391323645,0.2717186286475092,0.4127371574392544
2018-19,2019-01-19,Bournemouth,West Ham,H,0,1.4590006599962648,1.1654497530357308,0.43866344227804427,0.25914600509529795,0.3021905526266577,0.4114311130879573,0.2635383075725565,0.3250305793394863
2018-19,2019-01-19,Liverpool,Crystal Palace,H,0,3.1185199613034027,0.5931871603019416,0.8620465780210282,0.09584181646838466,0.042111605510587014,0.8126195028680689,0.13001912045889102,0.05736137667304016
2018-19,2019-01-19,Manchester United,Brighton and Hove Albion,H,0,2.5049862470607667,0.6739925214867287,0.7727486848426378,0.14794075459209768,0.07931056056526442,0.7493890849850665,0.1694270974748846,0.08118381754004887
2018-19,2019-01-19,Newcastle United,Cardiff City,H,0,1.3094813480471774,1.0038624487955345,0.4357312550494944,0.27850133036093283,0.28576741458957283,0.49829018075232057,0.28578407425500735,0.21592574499267222
2018-19,2019-01-19,Southampton,Everton,H,0,1.3199659364415248,1.2572560330309461,0.3821833259415325,0.26512242025016997,0.3526942538082976,0.35368907724908505,0.28607204777499523,0.3602388749759199
2018-19,2019-01-19,Watford,Burnley,D,1,1.5989721103688637,1.2278862800724786,0.4600222779688434,0.24658726692683614,0.2933904551043204,0.5884234090182283,0.24272465622001918,0.16885193476175248
2018-19,2019-01-19,Wolverhampton Wanderers,Leicester City,H,0,1.3632409771012646,1.0979458600768175,0.42865565385153775,0.26959385694049703,0.3017504892079652,0.4102254731920669,0.30382324108287456,0.28595128572505846
2018-19,2019-01-20,Fulham,Tottenham,A,2,0.8613278770381456,2.1318058902049652,0.14021682364952076,0.1941920243021371,0.6655911520483422,0.1858190709046455,0.2567237163814181,0.5574572127139364
2018-19,2019-01-20,Huddersfield Town,Manchester City,A,2,0.6168180735472539,3.074902407603632,0.045903749614797304,0.10040650163606027,0.8536897487491425,0.04635201203459947,0.11451673561489281,0.8391312523505078
2018-19,2019-01-29,Arsenal,Cardiff City,H,0,2.390399481537532,0.6388702007818532,0.7633413884378263,0.15578123066368668,0.08087738089848699,0.7964199029126214,0.13880461165048544,0.06477548543689321
2018-19,2019-01-29,Fulham,Brighton and Hove Albion,H,0,1.3322409343838317,1.1868814470879594,0.4005021359523803,0.2679811925133692,0.3315166715342504,0.41044776119402987,0.29477611940298515,0.29477611940298515
2018-19,2019-01-29,Huddersfield Town,Everton,A,2,1.0152383373782723,1.52579357149546,0.2520088211198017,0.25707002084499897,0.49092115803519937,0.2429022082018928,0.2944269190325973,0.46267087276551006
2018-19,2019-01-29,Manchester United,Burnley,D,1,2.6053443135516345,0.8366653985642604,0.7522455268009964,0.1505715694109832,0.09718290378802032,0.7575757575757576,0.1616161616161616,0.0808080808080808
2018-19,2019-01-29,Newcastle United,Manchester City,H,0,0.7475395617495223,2.655938227944479,0.0809864987489734,0.14050509386041832,0.7785084073906083,0.051343413466768184,0.12194060698357444,0.8267159795496574
2018-19,2019-01-29,Wolverhampton Wanderers,West Ham,H,0,1.4887538657578427,0.9598241622916347,0.49478157489492014,0.26168687394897994,0.24353155115609995,0.46296296296296297,0.2777777777777778,0.2592592592592593
2018-19,2019-01-30,Liverpool,Leicester City,D,1,3.101646715071572,0.6239805027627712,0.8550606896031918,0.09925592090218825,0.04568338949461986,0.7964199029126214,0.13880461165048544,0.06477548543689321
2018-19,2019-01-30,Bournemouth,Chelsea,H,0,1.0895656815940566,1.5754018210026142,0.262894677571036,0.2512546487318617,0.4858506736971022,0.18475236505286588,0.23094045631608234,0.5843071786310519
2018-19,2019-01-30,Tottenham,Watford,H,0,2.350520930236461,0.6841278390192304,0.7465648237905866,0.16278701259599324,0.09064816361342018,0.5869592956488452,0.24358810769427075,0.169452596656884
2018-19,2019-01-30,Southampton,Crystal Palace,D,1,1.3654621983864423,1.1221698175918895,0.4237577960049707,0.268385916964313,0.30785628703071627,0.40718562874251496,0.2874251497005988,0.3053892215568862
2018-19,2019-02-02,Brighton and Hove Albion,Watford,D,1,1.412164721520927,1.134040460105645,0.43350493940116475,0.2640537700830972,0.30244129051573804,0.3812824956672444,0.29462738301559793,0.3240901213171577
2018-19,2019-02-02,Burnley,Southampton,D,1,1.7234838437573485,0.9622738776305798,0.5527502072701658,0.23771576510509906,0.2095340276247351,0.3821062441752097,0.2783916921847956,0.33950206363999463
2018-19,2019-02-02,Cardiff City,Bournemouth,H,0,1.142027617163553,1.460153259549057,0.2959070454354338,0.2598328102846896,0.4442601442798766,0.2992565055762082,0.2778810408921933,0.4228624535315985
2018-19,2019-02-02,Chelsea,Huddersfield Town,H,0,2.3747767150700207,0.4844707382059155,0.7965776603808009,0.1449385031368433,0.05848383648235576,0.8175559380378657,0.1308089500860585,0.05163511187607572
2018-19,2019-02-02,Crystal Palace,Fulham,H,0,1.6359991943543986,1.1408474533638409,0.48892859203457306,0.24525762983751337,0.26581377812791357,0.4765957446808511,0.27914893617021275,0.24425531914893614
2018-19,2019-02-02,Everton,Wolverhampton Wanderers,A,2,1.3976730627650604,1.103627545929148,0.4365840127819597,0.2664144202365096,0.2970015669815308,0.41215195539061183,0.2872941571399265,0.3005538874694616
2018-19,2019-02-02,Tottenham,Newcastle United,H,0,2.2859638584814213,0.6218120261925592,0.7506513139525608,0.1646483176131887,0.08470036843425048,0.6756756756756758,0.21621621621621623,0.10810810810810811
2018-19,2019-02-03,Leicester City,Manchester United,A,2,1.060818957326752,2.1104973704017866,0.18223006534298442,0.20358318885519264,0.6141867458018229,0.27005203660506016,0.2777678090794904,0.4521801543154495
2018-19,2019-02-03,Manchester City,Arsenal,H,0,2.177031683700365,1.0310876882984128,0.6343769486075806,0.1968660437794594,0.16875700761296003,0.7302231237322516,0.1618661257606491,0.1079107505070994
2018-19,2019-02-04,West Ham,Liverpool,D,1,0.7832456160501611,2.3543597495203827,0.10681646613916776,0.1689005743557474,0.7242829595050848,0.12138728323699423,0.18497109826589597,0.6936416184971099
2018-19,2019-02-06,Everton,Manchester City,A,2,0.8839208872129609,2.2578667120898173,0.13263644691104393,0.18339163143713744,0.6839719216518186,0.09715994020926758,0.15545590433482812,0.7473841554559043
2018-19,2019-02-09,Crystal Palace,West Ham,D,1,1.4588490346198355,0.9787682751400907,0.48229287397836684,0.2643923141104967,0.2533148119111364,0.46296296296296297,0.2777777777777778,0.2592592592592593
2018-19,2019-02-09,Fulham,Manchester United,A,2,0.9340306572754838,2.6182077748010495,0.11115838722595642,0.15545101480028892,0.7333905979737546,0.17648670868731162,0.2206083858591395,0.6029049054535489
2018-19,2019-02-09,Southampton,Cardiff City,A,2,1.4647241403818998,0.9652664642704838,0.4871339230709194,0.2640703160254102,0.24879576090367034,0.5559515324305061,0.24946543121881687,0.19458303635067714
2018-19,2019-02-09,Brighton and Hove Albion,Burnley,A,2,1.440030488231583,1.28173249593046,0.4082775378249346,0.2560584313684745,0.33566403080659085,0.47408927655207805,0.29451000513083636,0.23140071831708567
2018-19,2019-02-09,Watford,Everton,H,0,1.3822665854604619,1.1111121975542693,0.4307646864302095,0.26743586078090326,0.30179945278888726,0.415661532751902,0.27908702913341993,0.30525143811467803
2018-19,2019-02-09,Liverpool,Bournemouth,H,0,2.532113821097136,0.6805644205742045,0.7752696148817437,0.14605286151941888,0.07867752359883749,0.8001219233406995,0.1301531661967538,0.06972491046254667
2018-19,2019-02-09,Huddersfield Town,Arsenal,A,2,0.7738571128478431,2.5067507145435433,0.09431766838194591,0.15473832802862467,0.7509440035894295,0.169475204622051,0.221473278767453,0.6090515166104958
2018-19,2019-02-10,Manchester City,Chelsea,H,0,2.2318859981925483,0.8083766992055951,0.6970015573477755,0.18186355216446234,0.12113489048776215,0.6535626535626535,0.20638820638820637,0.14004914004914004
2018-19,2019-02-10,Tottenham,Leicester City,H,0,2.4596378585790166,0.6717859011938542,0.7664750884072113,0.15181741861322964,0.0817074929795591,0.5730697301629708,0.24979962596847446,0.17713064386855462
2018-19,2019-02-11,Wolverhampton Wanderers,Newcastle United,D,1,1.798067722449467,0.8880002712871458,0.5885809054174974,0.22894525651117925,0.1824738380713232,0.5717600265164071,0.2591978786874379,0.16904209479615512
2018-19,2019-02-22,Cardiff City,Watford,A,2,1.2838037034634806,1.1218832239238021,0.401633754059518,0.27510471530873404,0.3232615306317479,0.3147553372378613,0.28698280748157945,0.3982618552805592
2018-19,2019-02-22,West Ham,Fulham,H,0,1.6970643624343462,1.005883244417358,0.5357810727896993,0.24054330796971884,0.22367561924058185,0.4998355804011838,0.256494574153239,0.2436698454455771
2018-19,2019-02-23,Bournemouth,Wolverhampton Wanderers,D,1,1.2968408350209868,1.411825898488633,0.3449515442912987,0.25721343385136464,0.39783502185733655,0.34018957128781685,0.2871600204694219,0.3726504082427612
2018-19,2019-02-23,Burnley,Tottenham,H,0,0.997800048862547,2.0837293661313705,0.17245885439025052,0.20403383135738712,0.6235073142523624,0.16962058553236184,0.2566627281081791,0.5737166863594592
2018-19,2019-02-23,Leicester City,Crystal Palace,A,2,1.710468962358051,1.1667103288325062,0.5009697846080008,0.23880808724943225,0.26022212814256696,0.43391066545123064,0.2871467639015497,0.2789425706472197
2018-19,2019-02-23,Newcastle United,Huddersfield Town,H,0,1.8012525746974952,0.7618926044346538,0.6213842999667826,0.22516226857336233,0.15345343145985518,0.5343511450381679,0.2793893129770993,0.18625954198473285
2018-19,2019-02-24,Arsenal,Southampton,H,0,2.1972593430948537,0.7565174849614617,0.7030837553237318,0.1823126257199797,0.11460361895628843,0.6535626535626535,0.20638820638820637,0.14004914004914004
2018-19,2019-02-24,Manchester United,Liverpool,D,1,1.4625112450484536,1.4537200271080915,0.37847097780075534,0.2469729938108247,0.3745560283884199,0.31311339272233124,0.27732900498263624,0.4095576022950324
2018-19,2019-02-26,Cardiff City,Everton,A,2,1.399513134809295,1.1381599108730096,0.42922858622513616,0.26493080785346185,0.3058406059214019,0.25993421637478886,0.2866921504133701,0.4533736332118411
2018-19,2019-02-26,Huddersfield Town,Wolverhampton Wanderers,H,0,0.8958650341998912,2.1254161134605045,0.14759176405231236,0.19633757267473348,0.656070663272954,0.19488337095560576,0.27840481565086533,0.526711813393529
2018-19,2019-02-26,Leicester City,Brighton and Hove Albion,H,0,1.7625583158008615,1.046805811899828,0.5414613845802448,0.2345055420507625,0.22403307336899264,0.5112734201333756,0.27754842807240393,0.2111781517942204
2018-19,2019-02-26,Newcastle United,Burnley,H,0,1.5038241145697586,1.2329034374299237,0.4351257115586991,0.2534762829259084,0.31139800551539254,0.4539682539682539,0.29576719576719573,0.2502645502645503
2018-19,2019-02-27,Crystal Palace,Manchester United,A,2,1.1037907458856187,2.006076331806016,0.20395617610710917,0.213599188998901,0.5824446348939899,0.2992565055762082,0.2778810408921933,0.4228624535315985
2018-19,2019-02-27,Arsenal,Bournemouth,H,0,2.2315028170301643,0.8028766121995827,0.6982353614812068,0.1815965699233938,0.12016806859539941,0.6756756756756758,0.19459459459459463,0.12972972972972974
2018-19,2019-02-27,Chelsea,Tottenham,H,0,1.3273511761980703,1.4273688610541273,0.34974831768429043,0.25483859144272364,0.3954130908729859,0.4228624535315985,0.2778810408921933,0.2992565055762082
2018-19,2019-02-27,Southampton,Fulham,H,0,1.6853705816609235,1.1348908128616255,0.5023116947953711,0.24116832740581023,0.2565199777988187,0.5122130571008376,0.263028326619349,0.22475861627981328
2018-19,2019-02-27,Liverpool,Watford,H,0,2.421944895049191,0.6276369981759838,0.7707434611087055,0.1519981707788582,0.0772583681124363,0.7575757575757576,0.1616161616161616,0.0808080808080808
2018-19,2019-02-27,Manchester City,West Ham,H,0,3.1879061370435524,0.6023483992556345,0.8669137377130455,0.09232601751435825,0.040760244772596384,0.8403774326715158,0.10831531354432868,0.05130725378415569
2018-19,2019-03-02,Bournemouth,Manchester City,A,2,0.7977149984397414,3.2736299651276783,0.056611188323964515,0.10130148991360588,0.8420873217624295,0.07468778058933966,0.12945881968818873,0.7958533997224717
2018-19,2019-03-02,Brighton and Hove Albion,Huddersfield Town,H,0,1.890093263766507,0.878096527643149,0.6116459630447457,0.21908368389441515,0.16927035306083918,0.5272874972306328,0.28690643231666796,0.18580607045269923
2018-19,2019-03-02,Burnley,Crystal Palace,A,2,1.5565988232434531,1.30669692201971,0.43225219658582337,0.24741591385716696,0.3203318895570097,0.3488372093023256,0.2959830866807611,0.35517970401691334
2018-19,2019-03-02,Manchester United,Southampton,H,0,2.5748932264858237,0.6402483429696634,0.7901118632580396,0.1393602012203082,0.07052793552165218,0.6698774080560421,0.2158493870402802,0.11427320490367776
2018-19,2019-03-02,Tottenham,Arsenal,D,1,1.662347909141445,1.2154356042035275,0.4782952607163964,0.24202019628239443,0.2796845430012092,0.4760271035251737,0.26374474654773133,0.2602281499270949
2018-19,2019-03-02,West Ham,Newcastle United,H,0,1.5346243197617773,1.152941487124387,0.4608776309290873,0.2534211707901216,0.2857011982807912,0.4521801543154494,0.27776780907949034,0.2700520366050601
2018-19,2019-03-02,Wolverhampton Wanderers,Cardiff City,H,0,1.9354857586777687,0.8767964315986593,0.6217943863801795,0.2143729658222352,0.1638326477975853,0.6519243436529595,0.22583984191211068,0.12223581443492991
2018-19,2019-03-03,Everton,Liverpool,D,1,0.8082814717345507,1.9565953685213584,0.14703270278065175,0.20966536431210683,0.6433019329072415,0.16246215943491424,0.23208879919273462,0.6054490413723511
2018-19,2019-03-03,Fulham,Chelsea,A,2,1.036383752662888,1.9464832141450128,0.19700703979288003,0.21751919037125347,0.5854737698358665,0.14941406250000003,0.2158203125,0.6347656250000001
2018-19,2019-03-03,Watford,Leicester City,H,0,1.4801834012216701,1.2028092116354316,0.4357637411108632,0.256236639872618,0.3079996190165187,0.3812824956672444,0.29462738301559793,0.3240901213171577
2018-19,2019-03-09,Leicester City,Fulham,H,0,1.9751909143342032,0.8749357412356524,0.6306721273423863,0.21027050386999815,0.1590573687876155,0.6209037599172128,0.21662642290444978,0.16246981717833733
2018-19,2019-03-09,Crystal Palace,Brighton and Hove Albion,A,2,1.8063755362155662,1.0878810311726652,0.5418789095487636,0.23076096991779194,0.2273601205334445,0.5335230304108126,0.27120754045882983,0.19526942913035747
2018-19,2019-03-09,Cardiff City,West Ham,H,0,1.3287358639092341,1.4559633963504006,0.34458690757831983,0.2530305231540232,0.4023825692676571,0.27005203660506016,0.2777678090794904,0.4521801543154495
2018-19,2019-03-09,Newcastle United,Everton,H,0,1.4527690203900168,1.0285253893018562,0.46872569145009685,0.26381043419847094,0.2674638743514322,0.3494623655913978,0.30107526881720426,0.3494623655913978
2018-19,2019-03-09,Manchester City,Watford,H,0,3.416420382787753,0.5928437424820815,0.8876015511595117,0.07894985598115617,0.03344859285933228,0.8403774326715158,0.10831531354432868,0.05130725378415569
2018-19,2019-03-09,Southampton,Tottenham,H,0,0.9436059043557605,1.946412246467926,0.17693273586425723,0.21530400091977192,0.6077632632159709,0.21660761053766756,0.25650901247881686,0.5268833769835156
2018-19,2019-03-09,Huddersfield Town,Bournemouth,A,2,1.1424523341676651,1.316368843192071,0.32259839041484084,0.2714279561351315,0.4059736534500277,0.287595030595216,0.2963100315223438,0.41609493788244023
2018-19,2019-03-10,Arsenal,Manchester United,H,0,1.6049776578483625,1.376057882668024,0.4292858105506578,0.242166582092875,0.32854760735646715,0.4054054054054055,0.2702702702702703,0.32432432432432434
2018-19,2019-03-10,Chelsea,Wolverhampton Wanderers,D,1,1.859851149950636,1.005186769500805,0.5738043585001286,0.22497147570551015,0.20122416579436125,0.62874251497006,0.2320359281437126,0.13922155688622756
2018-19,2019-03-10,Liverpool,Burnley,H,0,2.5097422967968397,0.6475366080140756,0.779288400631607,0.14555930902905187,0.07515229033934104,0.8391312523505078,0.11451673561489281,0.04635201203459947
2018-19,2019-03-16,Bournemouth,Newcastle United,D,1,1.432067723882655,1.3001811871424902,0.4023204157959183,0.2557740326507209,0.34190555155336083,0.4741767764298094,0.27001733102253034,0.2558058925476603
2018-19,2019-03-16,Burnley,Leicester City,A,2,1.4449523003393767,1.3287385220218104,0.3995929026824371,0.25370511010128954,0.3467019872162733,0.3147553372378613,0.28698280748157945,0.3982618552805592
2018-19,2019-03-16,West Ham,Huddersfield Town,H,0,2.143204682945214,0.7568472285803471,0.6930252140161937,0.18776155115249332,0.11921323483131305,0.62874251497006,0.2320359281437126,0.13922155688622756
2018-19,2019-03-17,Everton,Chelsea,H,0,0.9767163261090349,1.599173971884438,0.2308743835719793,0.2502365399850494,0.5188890764429713,0.24366984544557713,0.25649457415323906,0.4998355804011839
2018-19,2019-03-17,Fulham,Liverpool,A,2,0.6610642811742634,3.0958826630324046,0.04963098719944601,0.1024177914784012,0.8479512213221527,0.08120649651972157,0.13921113689095127,0.7795823665893272
2018-19,2019-03-30,Brighton and Hove Albion,Southampton,A,2,1.473076034666905,1.070388077932305,0.46416424580624777,0.26083083427234627,0.2750049199214059,0.3817587069463152,0.30421396959784486,0.3140273234558399
2018-19,2019-03-30,Burnley,Wolverhampton Wanderers,H,0,1.2494420068738894,1.4392158870912095,0.3275279137285245,0.2574619973132072,0.4150100889582683,0.30388321725026235,0.29920809083102756,0.39690869191871
2018-19,2019-03-30,West Ham,Everton,A,2,1.5163854957019203,1.1255369288176882,0.4625248709824141,0.2556240123901514,0.2818511166274344,0.3834529656214583,0.2793728749527767,0.337174159425765
2018-19,2019-03-30,Crystal Palace,Huddersfield Town,H,0,2.181022939102031,0.6942357108922068,0.7151952592844881,0.18019404487421342,0.10461069584129845,0.6708453328815857,0.22107403015415886,0.10808063696425545
2018-19,2019-03-30,Leicester City,Bournemouth,H,0,1.5419545119783615,1.060619908330034,0.4842192860542031,0.25476876609133836,0.26101194785445847,0.5268833769835156,0.25650901247881686,0.21660761053766756
2018-19,2019-03-30,Manchester United,Watford,H,0,2.388694662495076,0.7718188107461126,0.7326153094693014,0.16505001756724874,0.10233467296344988,0.674237047551455,0.20440028388928316,0.1213626685592619
2018-19,2019-03-30,Fulham,Manchester City,A,2,0.5835031531201794,4.401303494732108,0.015418304302332993,0.04095140465048068,0.9436302910471863,0.046169989506820566,0.08814270724029381,0.8656873032528857
2018-19,2019-03-31,Cardiff City,Chelsea,A,2,1.097674946560073,1.6316961941507269,0.2558932041426971,0.24616699617415538,0.4979397996831475,0.10810810810810811,0.21621621621621623,0.6756756756756758
2018-19,2019-03-31,Liverpool,Tottenham,H,0,2.2068217404019492,0.822467457031215,0.6890715279676105,0.18502788160755834,0.12590059042483112,0.6054490413723511,0.23208879919273462,0.16246215943491424
2018-19,2019-04-01,Arsenal,Newcastle United,H,0,2.4811300857931964,0.9226869133297911,0.7139651406264554,0.16591705759493822,0.12011780177860631,0.7131622220633446,0.18474297562021877,0.1020948023164367
2018-19,2019-04-02,Watford,Fulham,H,0,2.0253980453745255,0.7639913668110633,0.6684492155565765,0.20037708296550874,0.13117370147791468,0.5636978579481398,0.2423900789177001,0.1939120631341601
2018-19,2019-04-02,Wolverhampton Wanderers,Manchester United,H,0,1.053743633958099,1.7328683032672436,0.22993437769735842,0.23726180117302684,0.5328038211296148,0.24324324324324326,0.2702702702702703,0.4864864864864865
2018-19,2019-04-03,Tottenham,Crystal Palace,H,0,1.9333049542775655,0.870728025738285,0.622828513587645,0.21439637767439,0.1627751087379649,0.6741573033707866,0.1955056179775281,0.1303370786516854
2018-19,2019-04-03,Chelsea,Brighton and Hove Albion,H,0,2.120546976476057,0.6455909087505257,0.716167383435887,0.18344965640271663,0.10038296016139629,0.7839195979899497,0.1507537688442211,0.06532663316582914
2018-19,2019-04-03,Manchester City,Cardiff City,H,0,4.2520655798190035,0.4942452413618564,0.9462743327307174,0.0402826280956288,0.013443039173653817,0.9144701452393762,0.057019903173749345,0.028509951586874673
2018-19,2019-04-05,Southampton,Liverpool,A,2,0.7964638907557005,2.5925908335635346,0.09201663433177554,0.14900499513882867,0.7589783705293958,0.10835913312693499,0.195046439628483,0.6965944272445821
2018-19,2019-04-06,Bournemouth,Burnley,A,2,1.4652453960672025,1.0777888581892672,0.4603885817599201,0.2613349925809678,0.2782764256591121,0.4665629860031104,0.2721617418351478,0.26127527216174184
2018-19,2019-04-06,Huddersfield Town,Leicester City,A,2,0.9454903595421417,1.7600166865831666,0.20065005015887308,0.23385664623006927,0.5654933036110578,0.1939120631341601,0.2423900789177001,0.5636978579481398
2018-19,2019-04-06,Newcastle United,Crystal Palace,A,2,1.5098131217511768,1.141331920324792,0.4572175603710175,0.25576246070184755,0.287019978927135,0.375,0.30000000000000004,0.325
2018-19,2019-04-07,Everton,Arsenal,H,0,1.1641621934447082,1.860472682668249,0.2370501441208731,0.2265219726399378,0.5364278832391891,0.3250345781466113,0.26002766251728904,0.41493775933609955
2018-19,2019-04-08,Chelsea,West Ham,H,0,2.4303930588515614,0.6938124140123388,0.7570276610252634,0.1560400543933366,0.08693228458140001,0.7292327203551047,0.16867469879518074,0.10209258084971465
2018-19,2019-04-12,Leicester City,Newcastle United,A,2,1.7760938121737408,0.9331397756671278,0.5722876489270152,0.2320487442726812,0.19566360680030362,0.5869592956488452,0.24358810769427075,0.169452596656884
2018-19,2019-04-13,Burnley,Cardiff City,H,0,1.685603196144811,0.914353873664007,0.5555646836164103,0.2412089596173661,0.20322635676622358,0.5128205128205129,0.27065527065527073,0.21652421652421655
2018-19,2019-04-13,Fulham,Everton,H,0,0.9731407469946292,1.8983258462468036,0.18918769230058652,0.22069150055565231,0.5901208071437611,0.19580419580419584,0.24475524475524477,0.5594405594405595
2018-19,2019-04-13,Brighton and Hove Albion,Bournemouth,A,2,1.2881481781906314,1.112608803216293,0.4048916994622483,0.2752380933028505,0.3198702072349012,0.425,0.2875,0.2875
2018-19,2019-04-13,Southampton,Wolverhampton Wanderers,H,0,1.2402955532478597,1.2717406847989996,0.3578981563294012,0.2692489528217607,0.37285289084883805,0.375,0.30000000000000004,0.325
2018-19,2019-04-13,Tottenham,Huddersfield Town,H,0,3.2100953224243667,0.4974712203836505,0.8861332934314554,0.08291935083125003,0.030947355737294402,0.7964199029126214,0.13880461165048544,0.06477548543689321
2018-19,2019-04-13,Manchester United,West Ham,H,0,2.6667345582404502,0.6745241700797368,0.7953168026848372,0.13433481604104897,0.07034838127411384,0.6986301369863014,0.1863013698630137,0.11506849315068494
2018-19,2019-04-14,Crystal Palace,Manchester City,A,2,0.7881957401532874,3.1259051644268068,0.06188989139673323,0.10966679199469148,0.8284433166085753,0.08853575482406358,0.1623155505107832,0.7491486946651532
2018-19,2019-04-14,Liverpool,Chelsea,H,0,2.0684168082586747,0.9733871356863693,0.6261703053922829,0.20463909754207657,0.16919059706564046,0.5843071786310519,0.23094045631608234,0.18475236505286588
2018-19,2019-04-15,Watford,Arsenal,A,2,1.1288527348666557,1.8329766159139604,0.23297117425223182,0.228661518129953,0.5383673076178151,0.30529172320217096,0.2605156037991859,0.43419267299864317
2018-19,2019-04-16,Brighton and Hove Albion,Cardiff City,A,2,1.4394452903031625,1.0592345304792274,0.4579536455379807,0.2642030706115942,0.27784328385042517,0.4876847290640395,0.29556650246305427,0.21674876847290642
2018-19,2019-04-20,Bournemouth,Fulham,A,2,2.0333232689978917,0.8232958099407113,0.6553560543157457,0.2022953684936943,0.14234857719056002,0.5919661733615222,0.22198731501057084,0.18604651162790697
2018-19,2019-04-20,Huddersfield Town,Watford,A,2,1.0744781307866802,1.7829622165720613,0.2275907905634705,0.23277909483587642,0.5396301146006531,0.22189758572966323,0.2503459941565432,0.5277564201137935
2018-19,2019-04-20,Manchester City,Tottenham,H,0,2.600861884851688,0.8946912675721991,0.7391291689804746,0.15451772247324805,0.10635310854627737,0.7491486946651532,0.1623155505107832,0.08853575482406358
2018-19,2019-04-20,Newcastle United,Southampton,H,0,1.435950030699861,1.1649307896524008,0.4327867754613311,0.26098903751340324,0.30622418702526566,0.3817587069463152,0.30421396959784486,0.3140273234558399
2018-19,2019-04-20,West Ham,Leicester City,D,1,1.2649636611935464,1.4608141783056692,0.3274594774774332,0.25534945713698776,0.4171910653855789,0.2960647296800294,0.2791467451268848,0.42478852519308563
2018-19,2019-04-20,Wolverhampton Wanderers,Brighton and Hove Albion,D,1,1.9093462042496692,0.7046743417433214,0.6596845664018411,0.2103577029658708,0.12995773063228813,0.5581395348837209,0.27906976744186046,0.16279069767441862
2018-19,2019-04-21,Arsenal,Crystal Palace,A,2,2.2324476887150424,0.773125458229495,0.7054689836709612,0.17981836416871883,0.11471265216032,0.637757822664932,0.21212379753855345,0.15011837979651477
2018-19,2019-04-21,Cardiff City,Liverpool,A,2,0.7340051557129637,2.999466764867939,0.06149469821587656,0.11411100259104115,0.8243942991930824,0.05736137667304016,0.13001912045889102,0.8126195028680689
2018-19,2019-04-21,Everton,Manchester United,H,0,1.2573831541361669,1.9719288044969303,0.2417735371606095,0.21825640573921506,0.5399700571001754,0.2992565055762082,0.2778810408921933,0.4228624535315985
2018-19,2019-04-22,Chelsea,Burnley,D,1,2.261377338319292,0.7670184068682708,0.7120584923214649,0.17666189819312791,0.11127960948540713,0.7792207792207791,0.1558441558441558,0.06493506493506493
2018-19,2019-04-23,Tottenham,Brighton and Hove Albion,H,0,2.6823934165230177,0.531946007971264,0.8269098937086945,0.1217416332617613,0.05134847302954426,0.7623143080531665,0.1626270523846755,0.07505863956215794
2018-19,2019-04-23,Watford,Southampton,D,1,1.5060312163539922,1.2378977036700913,0.4345849777997709,0.2531508943968378,0.3122641278033913,0.43391066545123064,0.2789425706472197,0.2871467639015497
2018-19,2019-04-24,Manchester United,Manchester City,A,2,1.2110774111590734,2.233261493080091,0.19780334693339793,0.1976221704096624,0.6045744826569397,0.12972972972972974,0.19459459459459463,0.6756756756756758
2018-19,2019-04-24,Wolverhampton Wanderers,Arsenal,H,0,1.2165264723695406,1.4283795285756307,0.3210487109323557,0.2595735478185196,0.4193777412491246,0.337174159425765,0.2793728749527767,0.3834529656214583
2018-19,2019-04-26,Liverpool,Huddersfield Town,H,0,4.458733994449456,0.39007947998163356,0.9621055149664892,0.029820167308586422,0.00807431772492443,0.9112191074497717,0.06500029633141705,0.023780596218811116
2018-19,2019-04-27,Brighton and Hove Albion,Newcastle United,D,1,1.0372814008228333,1.2316247696844471,0.30967682176153866,0.28425176364786214,0.4060714145905993,0.42415316642120765,0.304860088365243,0.2709867452135493
2018-19,2019-04-27,Crystal Palace,Everton,D,1,1.3736520994823282,1.4829581071638558,0.3506972172098273,0.24950158991822524,0.3998011928719474,0.37253858435337944,0.2788717402873869,0.3485896753592337
2018-19,2019-04-27,Fulham,Cardiff City,H,0,1.5955134726164169,1.077811209204337,0.49365427894534275,0.24963190432716933,0.2567138167274879,0.4054054054054055,0.2702702702702703,0.32432432432432434
2018-19,2019-04-27,Southampton,Bournemouth,D,1,1.7059649574068259,1.1896419046371387,0.4946364545228338,0.23895194578061563,0.2664115996965507,0.5126643154857325,0.24975953831356207,0.23757614620070536
2018-19,2019-04-27,Tottenham,West Ham,A,2,2.3942010187121396,0.6841275956572382,0.7535601868041321,0.15868611415555614,0.08775369904031186,0.693860386879731,0.17661900756938606,0.1295206055508831
2018-19,2019-04-27,Watford,Wolverhampton Wanderers,A,2,1.4252554869299636,1.2107243978008388,0.41983879711017186,0.2600370386179881,0.32012416427184,0.37072906174943826,0.2943364066010692,0.33493453164949255
2018-19,2019-04-28,Burnley,Manchester City,A,2,0.7850973930602176,2.6081440194113936,0.0893248923111325,0.14696997647100296,0.7637051312178645,0.0421389847215377,0.10768851651059634,0.8501724987678659
2018-19,2019-04-28,Leicester City,Arsenal,H,0,1.25857073456346,1.3690155980236027,0.34334674311820473,0.2618261287515334,0.39482712813026183,0.35441120787580466,0.27073078379401744,0.37485800833017796
2018-19,2019-04-28,Manchester United,Chelsea,D,1,1.5031397497959302,1.2475837480974499,0.43172722595238194,0.25303329062649865,0.31523948342111957,0.3608247422680412,0.2783505154639175,0.3608247422680412
2018-19,2019-05-03,Everton,Burnley,H,0,1.780650091234982,0.8961312771484368,0.5825456229846541,0.2309407684791947,0.18651360853615126,0.5869592956488452,0.24358810769427075,0.169452596656884
2018-19,2019-05-04,Cardiff City,Crystal Palace,A,2,1.199962294483385,1.265997043234799,0.3481469208168568,0.2720528541875386,0.3798002249956045,0.3764640267707753,0.2610150585610709,0.362520914668154
2018-19,2019-05-04,West Ham,Southampton,H,0,1.4515751167462767,1.3755647136922757,0.3915520658439723,0.2512087240953759,0.35723921006065174,0.4245799853907962,0.260409057706355,0.31501095690284875
2018-19,2019-05-04,Bournemouth,Tottenham,H,0,1.1806467803419656,1.8999517578891294,0.23509934315424993,0.22339531888784148,0.5415053379579086,0.2435897435897436,0.2435897435897436,0.5128205128205129
2018-19,2019-05-04,Wolverhampton Wanderers,Fulham,H,0,2.177598614781562,0.868927942133999,0.6725546523402008,0.19015295659663684,0.13729239106316227,0.6376389141920205,0.23228274731280743,0.13007833849517217
2018-19,2019-05-04,Newcastle United,Liverpool,A,2,0.7504388873596226,2.371782965359925,0.1000386558084655,0.16523088429798247,0.734730459893552,0.1020948023164367,0.18474297562021877,0.7131622220633446
2018-19,2019-05-05,Arsenal,Brighton and Hove Albion,D,1,2.0965493468173917,0.633903216652608,0.7146626180482778,0.18529827321071943,0.10003910874100273,0.696594427244582,0.19504643962848295,0.10835913312693496
2018-19,2019-05-05,Chelsea,Watford,H,0,2.291036340455894,0.7520299456362345,0.720757171296595,0.1729080718403509,0.10633475686305409,0.6936416184971099,0.18497109826589597,0.12138728323699423
2018-19,2019-05-05,Huddersfield Town,Manchester United,D,1,0.7226202073110597,2.6277317414567234,0.07912986350800519,0.14103312446695415,0.7798370120250406,0.08853575482406358,0.1623155505107832,0.7491486946651532
2018-19,2019-05-06,Manchester City,Leicester City,H,0,3.0534630602212176,0.6854427524663339,0.8392056621487741,0.10696774424156794,0.05382659360965799,0.8349705304518663,0.1100196463654224,0.0550098231827112
2018-19,2019-05-12,Crystal Palace,Bournemouth,H,0,1.5927546999984776,1.3510156322364,0.43162974449048236,0.24369436384671117,0.3246758916628064,0.5121951219512195,0.23170731707317074,0.25609756097560976
2018-19,2019-05-12,Fulham,Newcastle United,A,2,1.2689031143734226,1.2724899676845043,0.36542108575562865,0.26746051229077544,0.36711840195359585,0.3911577369801424,0.2716373173473211,0.33720494567253656
2018-19,2019-05-12,Brighton and Hove Albion,Manchester City,A,2,0.604132518023859,2.8633515929215396,0.052516595539907895,0.1138217218061747,0.8336616826539174,0.050982419855222325,0.11396070320579109,0.8350568769389864
2018-19,2019-05-12,Burnley,Arsenal,A,2,1.211985407558071,1.540009815862748,0.2996695449407386,0.25143089921307477,0.4488995558461866,0.30007178750897345,0.25664034458004303,0.44328786791098346
2018-19,2019-05-12,Leicester City,Chelsea,D,1,1.2569168183358603,1.6365721387592458,0.294070033574438,0.24317005333641536,0.46275991308914666,0.4052543320290665,0.25936277249860257,0.3353828954723309
2018-19,2019-05-12,Liverpool,Wolverhampton Wanderers,H,0,2.67122611069098,0.7345740312589683,0.7833497031085687,0.13836001946070162,0.07829027743072967,0.7491486946651532,0.1623155505107832,0.08853575482406358
2018-19,2019-05-12,Manchester United,Cardiff City,A,2,2.3872286414633233,0.6205338902197156,0.7670635708433744,0.15471433018629727,0.07822209897032832,0.7614483493077742,0.14994675186368478,0.088604898828541
2018-19,2019-05-12,Southampton,Huddersfield Town,D,1,2.5890763050246934,0.7289637155558771,0.7729919979629012,0.1446834592535083,0.08232454278359055,0.6790850222857623,0.2058699857034732,0.11504499201076444
2018-19,2019-05-12,Tottenham,Everton,D,1,1.6671275372971215,1.0137422091359498,0.526635841951647,0.24343235109882558,0.22993180694952736,0.4430379746835444,0.2784810126582279,0.2784810126582279
2018-19,2019-05-12,Watford,West Ham,A,2,1.4113348899648421,1.2141323286552932,0.4154669756365188,0.2609144060918531,0.32361861827162813,0.43419267299864317,0.2605156037991859,0.30529172320217096
2019-20,2019-08-09,Liverpool,Norwich City,H,0,2.625854996714951,0.6695475259114926,0.7908495213253468,0.13730234160581295,0.07184813706884034,0.8517887563884157,0.09710391822827938,0.05110732538330493
2019-20,2019-08-10,Burnley,Southampton,H,0,1.5047749973179907,1.2137378689322098,0.43960727174042796,0.2540286414347561,0.3063640868248159,0.3608184017384886,0.2954200664233876,0.34376153183812375
2019-20,2019-08-10,Crystal Palace,Everton,D,1,1.4144862718220486,1.2853906143932086,0.40094057836883784,0.2575685523941303,0.3414908692370318,0.313587786259542,0.2894656488549619,0.3969465648854962
2019-20,2019-08-10,Watford,Brighton and Hove Albion,A,2,1.662321303896167,1.037262565613275,0.5197943227851353,0.2438300615841087,0.23637561563075607,0.49168474331164136,0.274765003615329,0.23355025307302965
2019-20,2019-08-10,West Ham,Manchester City,A,2,0.980298472081756,1.9016879047253477,0.1903483945518094,0.22052399724419794,0.5891276082039927,0.07885055185442974,0.14557024957740877,0.7755791985681615
2019-20,2019-08-10,Tottenham,Aston Villa,H,0,1.7934731665509014,0.7967751970332717,0.6106435351098669,0.22714571057314525,0.1622107543169879,0.7258900795022467,0.1797442101624611,0.09436571033529209
2019-20,2019-08-11,Leicester City,Wolverhampton Wanderers,D,1,1.3271070956638003,1.2652012803391013,0.382406259048209,0.26422442884831054,0.3533693121034805,0.4283464566929133,0.2944881889763779,0.27716535433070866
2019-20,2019-08-11,Manchester United,Chelsea,H,0,1.3515498897503213,1.2065897049558516,0.40137315501634163,0.2655917660186821,0.3330350789649762,0.4471544715447154,0.2845528455284553,0.26829268292682923
2019-20,2019-08-11,Newcastle United,Arsenal,A,2,1.3261132683957104,1.3793678150583706,0.3588535972004165,0.2577768896244732,0.3833695131751103,0.20762916465475614,0.2491549975857074,0.5432158377595365
2019-20,2019-08-17,Manchester City,Tottenham,D,1,2.1387800780874855,0.7566253793049711,0.6922492304685548,0.1881992252557872,0.11955154427565806,0.6997667444185273,0.18127290903032325,0.11896034655114963
2019-20,2019-08-17,Norwich City,Newcastle United,H,0,1.4294102102114388,1.0893098482441126,0.448296634928748,0.2641641369999454,0.28753922807130666,0.42307692307692313,0.2884615384615385,0.2884615384615385
2019-20,2019-08-17,Arsenal,Burnley,H,0,2.005337539865416,0.8408311107449269,0.6453337155082646,0.20590187443406086,0.14876441005767452,0.7318695941450432,0.17298735861610112,0.09514304723885562
2019-20,2019-08-17,Aston Villa,Bournemouth,A,2,1.4580596783775348,1.4704473989978197,0.3740581512206281,0.24637750597400485,0.379564342805367,0.41349548842683415,0.2797175362887407,0.3067869752844253
2019-20,2019-08-17,Brighton and Hove Albion,West Ham,D,1,1.2831940335096852,1.3610983459173527,0.3513396816468634,0.2610993819195771,0.38756093643355954,0.3740950929472397,0.2935207652355265,0.3323841418172338
2019-20,2019-08-17,Everton,Watford,H,0,1.9219122728191804,0.8682239945253749,0.6210032734794301,0.21548757743715358,0.16350914908341638,0.5510440835266821,0.24941995359628769,0.19953596287703013
2019-20,2019-08-17,Southampton,Liverpool,A,2,0.8888626206357403,2.358701197617189,0.12460998920938729,0.17457545995070506,0.7008145508399077,0.14530005310674457,0.19883165161975572,0.6558682952734998
2019-20,2019-08-18,Chelsea,Leicester City,D,1,1.8119655089685551,0.8878499924193763,0.5917875141904132,0.22748116281089178,0.18073132299869507,0.5576208178438662,0.2527881040892193,0.1895910780669145
2019-20,2019-08-18,Sheffield United,Crystal Palace,H,0,1.5373998206186679,1.2348961256469115,0.44315125421567825,0.25096338855672307,0.30588535722759863,0.3701111568546727,0.3044462741869082,0.3254425689584191
2019-20,2019-08-19,Wolverhampton Wanderers,Manchester United,D,1,1.3134707309737148,1.2713965549943893,0.3775058025346786,0.26474985079099134,0.35774434667433,0.28846153846153844,0.28846153846153844,0.423076923076923
2019-20,2019-08-23,Aston Villa,Everton,H,0,1.1009000000743423,1.3995737458080093,0.29593205081358287,0.26635313705684605,0.43771481212957114,0.2906808305166586,0.269917914051183,0.43940125543215836
2019-20,2019-08-24,Brighton and Hove Albion,Southampton,A,2,1.5341601119820032,1.1536739330781425,0.46059273510143134,0.253440779525888,0.2859664853726807,0.3956834532374101,0.2877697841726619,0.31654676258992803
2019-20,2019-08-24,Liverpool,Arsenal,H,0,2.2383398750855235,0.9051942906498868,0.6754059654730762,0.18621608542064216,0.13837794910628162,0.6344827586206896,0.20689655172413796,0.1586206896551724
2019-20,2019-08-24,Manchester United,Crystal Palace,A,2,1.938286103988113,0.8689511304812401,0.624333546912729,0.21382526599510648,0.1618411870921646,0.7137192704203014,0.18080888183980967,0.10547184773988898
2019-20,2019-08-24,Norwich City,Chelsea,A,2,1.264523773415104,1.4982723207977875,0.3204120344074858,0.25278737129788287,0.42680059429463135,0.21928755908581452,0.25320403489108717,0.5275084060230983
2019-20,2019-08-24,Sheffield United,Leicester City,A,2,1.542588375585785,1.0183881883807586,0.49446496907400433,0.25539777774501493,0.2501372531809808,0.28846153846153844,0.28846153846153844,0.423076923076923
2019-20,2019-08-24,Watford,West Ham,A,2,1.3944960851588233,1.4524980340755704,0.3618050717781647,0.2502852480382704,0.38790968018356503,0.4605263157894737,0.2697368421052631,0.2697368421052631
2019-20,2019-08-25,Bournemouth,Manchester City,A,2,0.9427937970510145,2.5127986461042107,0.12084896081444446,0.16440498282826796,0.7147460563572876,0.06277056277056277,0.12554112554112554,0.8116883116883117
2019-20,2019-08-25,Tottenham,Newcastle United,A,2,1.807736190006689,0.8629183472084065,0.5970785301263423,0.22734734730013123,0.1755741225735265,0.7871972318339101,0.1453287197231834,0.06747404844290657
2019-20,2019-08-25,Wolverhampton Wanderers,Burnley,D,1,1.7307654121729414,0.8697832603498521,0.5775359292822301,0.2357963913555866,0.18666767936218315,0.5114491057997661,0.2782884840381081,0.21026241016212607
2019-20,2019-08-31,Leicester City,Bournemouth,H,0,1.523140024879044,1.084093512998433,0.4738844956290222,0.25600727322704836,0.2701082311439294,0.5608856088560886,0.23837638376383766,0.2007380073800738
2019-20,2019-08-31,Chelsea,Sheffield United,D,1,1.8362707665872957,0.8984296698554041,0.594646683793604,0.22519166867777765,0.18016164752861835,0.6956875508543532,0.19918633034987795,0.10512611879576893
2019-20,2019-08-31,Crystal Palace,Aston Villa,H,0,1.6563990563485964,0.9606425178173399,0.5369876543598363,0.2444789638623122,0.2185333817778515,0.44134505158578524,0.28754298815437523,0.2711119602598395
2019-20,2019-08-31,Burnley,Liverpool,A,2,0.8870125131418864,2.1745315893099186,0.14103476530313894,0.19128896956625166,0.6676762651306094,0.09965156794425088,0.1721254355400697,0.7282229965156795
2019-20,2019-08-31,Manchester City,Brighton and Hove Albion,H,0,3.40036272463462,0.5759962642911542,0.8889144555874278,0.07855492164116906,0.032530622771403235,0.8699143468950747,0.0939507494646681,0.03613490364025696
2019-20,2019-08-31,Newcastle United,Watford,D,1,1.6846363039680683,1.044269461120489,0.5235277277031452,0.24172378401780206,0.23474848827905273,0.37874327479443715,0.2913409806111055,0.3299157445944574
2019-20,2019-08-31,West Ham,Norwich City,H,0,1.8818531335741064,1.1781747638860227,0.5380216674970196,0.2248439540803815,0.23713437842259885,0.513157894736842,0.24342105263157898,0.24342105263157898
2019-20,2019-08-31,Southampton,Manchester United,D,1,1.1373111386172783,1.5939771998499637,0.2717929380757238,0.2488370198068583,0.47937004211741785,0.24967706218859564,0.28750692009595863,0.46281601771544567
2019-20,2019-09-01,Arsenal,Tottenham,D,1,1.672774164297597,1.081444754741952,0.5118024933837924,0.24265742645590627,0.2455400801603013,0.3992395437262357,0.2628326996197719,0.33792775665399244
2019-20,2019-09-01,Everton,Wolverhampton Wanderers,H,0,1.4600810392915937,1.0051766658477632,0.47623737865316496,0.26367743058057863,0.2600851907662564,0.4337464251668255,0.29361296472831266,0.27264061010486174
2019-20,2019-09-14,Manchester United,Leicester City,H,0,1.7404041992056916,0.8835782271409643,0.5763247774043269,0.23498743505052402,0.18868778754514923,0.48908296943231444,0.2724890829694323,0.23842794759825325
2019-20,2019-09-14,Brighton and Hove Albion,Burnley,D,1,1.3548861247449921,1.217674579856842,0.3998615186842727,0.264809913923122,0.33532856739260525,0.44134505158578524,0.28754298815437523,0.2711119602598395
2019-20,2019-09-14,Liverpool,Newcastle United,H,0,2.589686727955331,0.6147259095308147,0.7976291018428256,0.13612825481148558,0.06624264334568872,0.8325171400587659,0.11165523996082272,0.05582761998041136
2019-20,2019-09-14,Norwich City,Manchester City,H,0,0.8348408127291372,2.8038163976899804,0.08424443477163061,0.13503160471081943,0.7807239605175499,0.06319290465631928,0.10532150776053213,0.8314855875831485
2019-20,2019-09-14,Tottenham,Crystal Palace,H,0,1.6916758207905105,1.0098320683303255,0.5335265167772085,0.24106995583711543,0.22540352738567607,0.6997667444185273,0.18127290903032325,0.11896034655114963
2019-20,2019-09-14,Wolverhampton Wanderers,Chelsea,A,2,1.208772731786437,1.3465587374331107,0.33458197862392697,0.2658433186355574,0.3995747027405157,0.32907857997606704,0.2891902672516953,0.3817311527722378
2019-20,2019-09-14,Sheffield United,Southampton,A,2,1.5625484432865073,1.035193405352436,0.49550489165659006,0.25325240602030513,0.25124270232310486,0.3872529245663574,0.2964905203711174,0.3162565550625252
2019-20,2019-09-15,Bournemouth,Everton,H,0,1.3071851552204705,1.45896959361948,0.3385535853513726,0.2537569289206926,0.40768948572793484,0.3292826342610741,0.2728341826734614,0.39788318306546455
2019-20,2019-09-15,Watford,Arsenal,D,1,1.1842282734050724,1.696868286456351,0.26656566775295903,0.2397363860484131,0.4936979461986279,0.2631578947368421,0.2631578947368421,0.47368421052631576
2019-20,2019-09-16,Aston Villa,West Ham,D,1,1.3308095580039796,1.621121761361691,0.3146953833327774,0.24245416793819577,0.44285044872902674,0.36280998325492386,0.27158918746511446,0.36560082927996174
2019-20,2019-09-20,Southampton,Bournemouth,A,2,1.6379726975618447,1.1399131843449002,0.4896284867529413,0.24510493252601362,0.26526658072104503,0.46400294605045106,0.2642238998342846,0.27177315411526415
2019-20,2019-09-21,Everton,Sheffield United,A,2,1.5701160697739023,1.0400274014172726,0.4962609333496753,0.252473425754845,0.25126564089547976,0.5890437855880619,0.25289613194580796,0.15806008246612996
2019-20,2019-09-21,Manchester City,Watford,H,0,3.3242223073374553,0.6649050193119513,0.8687666825441872,0.08909290499578375,0.04214041246002901,0.8677685950413222,0.08677685950413223,0.04545454545454545
2019-20,2019-09-21,Burnley,Norwich City,H,0,1.383958012476703,1.1840955219111147,0.4148729510967505,0.26423957140371285,0.3208874774995367,0.4767025089605736,0.2508960573476703,0.2724014336917563
2019-20,2019-09-21,Newcastle United,Brighton and Hove Albion,D,1,1.4500189901744782,1.0589126965194116,0.46081709346293076,0.26324376676123923,0.2759391397758299,0.38247011952191234,0.298804780876494,0.31872509960159356
2019-20,2019-09-21,Leicester City,Tottenham,H,0,1.225232550563467,1.2293727008338213,0.3625174959862116,0.2729761109649087,0.3645063930488798,0.32992733246095163,0.27054041261798034,0.39953225492106803
2019-20,2019-09-22,Arsenal,Aston Villa,H,0,1.8294904101718934,0.8858993659536065,0.5962413221545976,0.2255996947711708,0.17815898307423156,0.6803939122649956,0.20053715308863027,0.11906893464637423
2019-20,2019-09-22,Chelsea,Liverpool,A,2,1.2385257936394598,1.7405631824565917,0.27249002354317287,0.2357492944714585,0.49176068198536865,0.27149321266968324,0.25339366515837103,0.4751131221719457
2019-20,2019-09-22,Crystal Palace,Wolverhampton Wanderers,D,1,1.3875601843652527,1.0647533035135723,0.4428414804307497,0.26874347240716984,0.28841504716208055,0.36257457698953477,0.30643399732663906,0.33099142568382617
2019-20,2019-09-22,West Ham,Manchester United,H,0,1.310529829823334,1.5299874904743653,0.32613349491574484,0.24904152127341112,0.424824983810844,0.30579150579150577,0.2633204633204633,0.43088803088803085
2019-20,2019-09-28,Chelsea,Brighton and Hove Albion,H,0,2.2593647553971947,0.8056780524749196,0.7025841006051379,0.17909451061031267,0.11832138878454947,0.6803939122649956,0.20053715308863027,0.11906893464637423
2019-20,2019-09-28,Crystal Palace,Norwich City,H,0,1.5032370807699718,1.0838768177137283,0.4688238205436977,0.25778562721294007,0.2733905522433623,0.4966887417218543,0.25165562913907286,0.25165562913907286
2019-20,2019-09-28,Aston Villa,Burnley,D,1,1.400273673485311,1.1325146706284772,0.4307047156747858,0.2650898925116923,0.3042053918135219,0.41349548842683415,0.2797175362887407,0.3067869752844253
2019-20,2019-09-28,Bournemouth,West Ham,D,1,1.4185005225809957,1.4107964681238334,0.376088377195689,0.2513006606517029,0.37261096215260814,0.38118811881188125,0.2722772277227723,0.34653465346534656
2019-20,2019-09-28,Everton,Manchester City,A,2,0.9321478603663601,2.754894757455122,0.10100634521244663,0.14485258383449845,0.7541410709530549,0.09514304723885564,0.17298735861610115,0.7318695941450433
2019-20,2019-09-28,Sheffield United,Liverpool,A,2,0.8783231563446835,2.0439969962064217,0.15242653401548975,0.20351726882353227,0.6440561971609781,0.10547184773988898,0.18080888183980967,0.7137192704203014
2019-20,2019-09-28,Tottenham,Southampton,H,0,1.8203370274392556,0.9934731897509614,0.5676866549258954,0.2285578728686824,0.2037554722054222,0.6803939122649956,0.20053715308863027,0.11906893464637423
2019-20,2019-09-28,Wolverhampton Wanderers,Watford,H,0,1.9087484490554112,1.056465381789653,0.572436282663182,0.22129092565017397,0.20627279168664406,0.5114491057997661,0.2782884840381081,0.21026241016212607
2019-20,2019-09-29,Leicester City,Newcastle United,H,0,1.641364064042754,0.8533855439522028,0.5602036498728822,0.24547144086122788,0.19432490926588994,0.6349206349206349,0.23809523809523808,0.12698412698412698
2019-20,2019-09-30,Manchester United,Arsenal,D,1,1.6018599067469252,1.0940150603053007,0.4914185274145823,0.2488443332135342,0.2597371393718835,0.40090054506675094,0.2714669405166285,0.32763251441662067
2019-20,2019-10-05,Brighton and Hove Albion,Tottenham,H,0,1.027276774052526,1.6750468031758319,0.232053581223972,0.24265597865255933,0.5252904401234687,0.2417815482502651,0.2619300106044538,0.4962884411452809
2019-20,2019-10-05,Liverpool,Leicester City,H,0,2.367401081463475,0.6860724567667277,0.7488407676718977,0.16132697426084625,0.08983225806725603,0.6627466613514053,0.20091688259916285,0.13633645604943193
2019-20,2019-10-05,Burnley,Everton,H,0,1.4478134950694082,1.198687777309931,0.4283444336143105,0.25882563401601316,0.3128299323696764,0.3313785347043702,0.28819890745501286,0.380422557840617
2019-20,2019-10-05,West Ham,Crystal Palace,A,2,1.5760231002593263,1.081009839272975,0.48801960513952974,0.2513363075934162,0.260644087267054,0.4866595517609392,0.26360725720384204,0.24973319103521877
2019-20,2019-10-05,Watford,Sheffield United,D,1,1.4056059183757688,1.385733956996813,0.37788600516068677,0.2532515238024226,0.3688624710368906,0.4603234298608499,0.27754795035727714,0.26212861978187285
2019-20,2019-10-05,Norwich City,Aston Villa,A,2,1.4748488189511264,1.1320426742386667,0.4503475883355747,0.25893089810163106,0.29072151356279424,0.3992395437262357,0.2628326996197719,0.33792775665399244
2019-20,2019-10-06,Arsenal,Bournemouth,H,0,2.041635759320947,1.0309594456567006,0.6070083008834927,0.20880935215018262,0.1841823469663248,0.6627466613514053,0.20091688259916285,0.13633645604943193
2019-20,2019-10-06,Manchester City,Wolverhampton Wanderers,A,2,3.359660474509017,0.7660614856045275,0.8555794789550699,0.09421124362437754,0.050209277420552555,0.8490566037735848,0.10566037735849056,0.045283018867924525
2019-20,2019-10-06,Newcastle United,Manchester United,H,0,1.0253975156318103,1.4949528988800302,0.2596331977603453,0.25985248817019607,0.4805143140694586,0.2119476268412439,0.27250409165302786,0.5155482815057284
2019-20,2019-10-06,Southampton,Chelsea,A,2,1.1412456594429632,1.975018395767844,0.21607442485577258,0.21684178773654128,0.5670837874076861,0.23725953425582186,0.249746878164023,0.5129935875801553
2019-20,2019-10-19,Bournemouth,Norwich City,D,1,1.68582757765327,1.1059651113102753,0.509179826659089,0.24134943027571862,0.2494707430651924,0.549738219895288,0.225130890052356,0.225130890052356
2019-20,2019-10-19,Aston Villa,Brighton and Hove Albion,H,0,1.735143686125373,1.0821511232058534,0.5265858806824368,0.23707572368998697,0.23633839562757625,0.4041204437400951,0.2793185419968304,0.3165610142630745
2019-20,2019-10-19,Chelsea,Newcastle United,H,0,2.4171982161173715,0.722670738231228,0.7484128745562447,0.15923440295235022,0.09235272249140515,0.7318695941450432,0.17298735861610112,0.09514304723885562
2019-20,2019-10-19,Crystal Palace,Manchester City,A,2,1.0521809848010604,2.32375525371702,0.1572978707445058,0.18521455664485376,0.6574875726106405,0.07967904459787273,0.13659264788206754,0.7837283075200596
2019-20,2019-10-19,Everton,West Ham,H,0,1.5060916553238135,1.1690193304651626,0.4499671251527479,0.2552898408957425,0.2947430339515096,0.4901960784313726,0.2549019607843137,0.2549019607843137
2019-20,2019-10-19,Tottenham,Watford,D,1,2.01543177325392,0.8729855931825238,0.6395163147704902,0.20614947796167335,0.15433420726783653,0.6818181818181818,0.19090909090909092,0.12727272727272726
2019-20,2019-10-19,Leicester City,Burnley,H,0,1.5457253365344061,0.9847280508804653,0.5034194916237211,0.2555350787100646,0.24104542966621414,0.6045340050377834,0.23727959697732998,0.15818639798488665
2019-20,2019-10-19,Wolverhampton Wanderers,Southampton,D,1,1.8763095505599696,0.9862111713714403,0.5820737561589026,0.22307142599237534,0.19485481784872205,0.5263157894736842,0.2631578947368421,0.21052631578947367
2019-20,2019-10-20,Manchester United,Liverpool,D,1,0.9540064523569034,1.8646454240400585,0.18913356014382005,0.22355984652886174,0.5873065933273182,0.1797462911201892,0.24833369167920874,0.571920017200602
2019-20,2019-10-21,Sheffield United,Arsenal,H,0,1.1697574799771628,1.5723902985810152,0.2834933637511802,0.24996408796487896,0.46654254828394076,0.24434156378600827,0.25411522633744854,0.5015432098765432
2019-20,2019-10-25,Southampton,Leicester City,A,2,1.316280894245199,1.2449406269238532,0.3837971357318912,0.2660428015724628,0.35016006269564587,0.3067869752844252,0.27971753628874063,0.41349548842683403
2019-20,2019-10-26,Brighton and Hove Albion,Everton,H,0,1.3236265242035044,1.4857619977658694,0.3376371560299589,0.25139013495996865,0.4109727090100724,0.3276209677419355,0.2923387096774194,0.3800403225806452
2019-20,2019-10-26,Burnley,Chelsea,A,2,1.115278390437034,1.867910328044,0.22494408604813615,0.22559180932857698,0.5494641046232869,0.21091354996934394,0.23727774371551194,0.5518087063151441
2019-20,2019-10-26,Manchester City,Aston Villa,H,0,3.4990453231578797,0.8228633761837802,0.8590961000993036,0.09048144868793735,0.05042245121275903,0.8774082709534912,0.08614553932997915,0.03644618971652964
2019-20,2019-10-26,Watford,Bournemouth,D,1,1.3657219578781623,1.3023206241526444,0.38477035691654127,0.259824444499203,0.3554051985842557,0.4427206508371961,0.2644026109166588,0.29287673824614513
2019-20,2019-10-26,West Ham,Sheffield United,D,1,1.3862828221776669,1.0861762667103332,0.43754526660188514,0.2680608849536348,0.29439384844448,0.4545454545454546,0.27272727272727276,0.27272727272727276
2019-20,2019-10-27,Arsenal,Crystal Palace,D,1,1.7782880161950934,0.9795101139559077,0.5614006470457981,0.23245572993916447,0.2061436230150374,0.6543046357615894,0.1997350993377483,0.14596026490066225
2019-20,2019-10-27,Liverpool,Tottenham,H,0,2.439879594980458,0.6613875542844554,0.7658191127836264,0.15285150589714683,0.08132938131922687,0.6340391980175715,0.2196440639783735,0.14631673800405498
2019-20,2019-10-27,Newcastle United,Wolverhampton Wanderers,D,1,1.1820491742029378,1.316513586547787,0.3332773676992497,0.2693946936126366,0.3973279386881137,0.3180446590223295,0.30778515389257693,0.3741701870850936
2019-20,2019-10-27,Norwich City,Manchester United,A,2,1.1316782118248732,1.4222018224466828,0.2999998590680916,0.2633136407982996,0.43668650013360877,0.21945293518300807,0.23755780233560622,0.5429892624813857
2019-20,2019-11-02,Brighton and Hove Albion,Norwich City,H,0,1.6471656374228671,1.1310341867061624,0.4939372024094435,0.2444430598452117,0.26161973774534486,0.553479255940787,0.22666293338527463,0.21985781067393842
2019-20,2019-11-02,Aston Villa,Liverpool,A,2,0.9600666543272377,2.450295761110365,0.12900090373402925,0.17047121396003176,0.7005278823059389,0.10452687834014461,0.1881483810122603,0.7073247406475951
2019-20,2019-11-02,Bournemouth,Manchester United,H,0,1.1637364177023528,1.446732506473235,0.3039573586403619,0.26017859466455556,0.4358640466950825,0.29287673824614513,0.2644026109166588,0.4427206508371961
2019-20,2019-11-02,Arsenal,Wolverhampton Wanderers,D,1,1.686688564421274,1.0073600579971407,0.5329231819566889,0.24154803024823063,0.22552878779508062,0.5449330783938815,0.25430210325047803,0.20076481835564056
2019-20,2019-11-02,Manchester City,Southampton,H,0,4.137750182842418,0.6034893128882705,0.930358756588102,0.04983809473691528,0.019803148674982743,0.8858734297226831,0.07291419767717469,0.04121237260014221
2019-20,2019-11-02,Sheffield United,Burnley,H,0,1.3957764281933678,1.1832042934535065,0.41818683803979606,0.2633814411633438,0.3184317207968602,0.42285270112708895,0.29731830547998445,0.27982899339292655
2019-20,2019-11-02,West Ham,Newcastle United,A,2,1.5773862227047866,0.9326014630873067,0.5242994366389976,0.25268834319791456,0.22301222016308792,0.540711462450593,0.24901185770750991,0.21027667984189727
2019-20,2019-11-02,Watford,Chelsea,A,2,0.9335680244756872,2.127273007997426,0.15483049189485504,0.19771698809898236,0.6474525200061626,0.1901023416131962,0.21951771548867918,0.5903799428981247
2019-20,2019-11-03,Crystal Palace,Leicester City,A,2,1.4684469118107366,1.3478197484981354,0.4015366745893801,0.25145441085024606,0.3470089145603739,0.27055702917771884,0.2785145888594165,0.4509283819628648
2019-20,2019-11-03,Everton,Tottenham,D,1,1.402692397045238,1.1854012130358904,0.4195203797902922,0.26276346180272586,0.317716158406982,0.3530351437699681,0.2803514376996806,0.36661341853035145
2019-20,2019-11-08,Norwich City,Watford,A,2,1.3814488103840632,1.212142277735564,0.4080710898510049,0.26316988141551806,0.328759028733477,0.3533254156769596,0.2725653206650831,0.37410926365795727
2019-20,2019-11-09,Chelsea,Crystal Palace,H,0,2.2983541984417593,0.8691539047194748,0.6947176522049423,0.17893443171289103,0.1263479160821666,0.7147962830593281,0.1901358112937813,0.09506790564689065
2019-20,2019-11-09,Burnley,West Ham,H,0,1.5055667091128366,1.189893157518908,0.4451311734853036,0.2547107260844954,0.300158100430201,0.42217898832684825,0.2714007782101167,0.306420233463035
2019-20,2019-11-09,Leicester City,Arsenal,H,0,1.504060486593168,1.1333715278535226,0.4575686794517618,0.256455309668567,0.2859760108796711,0.4751131221719458,0.2533936651583711,0.2714932126696833
2019-20,2019-11-09,Newcastle United,Bournemouth,H,0,1.2678853569082569,1.1643227796000695,0.3879631826951868,0.2739979757664012,0.338038841538412,0.37101212924268684,0.2911018244827235,0.33788604627458974
2019-20,2019-11-09,Tottenham,Sheffield United,D,1,1.5064192411203792,1.031262186354872,0.48208415863785986,0.258640126203992,0.259275715158148,0.6045340050377834,0.23727959697732998,0.15818639798488665
2019-20,2019-11-09,Southampton,Everton,A,2,1.2493711816248925,1.5045653296145538,0.3154324608471166,0.25287122017156655,0.4316963189813169,0.32653473344103395,0.28695476575121165,0.3865105008077544
2019-20,2019-11-10,Liverpool,Manchester City,H,0,1.8300910799144006,1.441939285768501,0.4680925007447542,0.22700273052942044,0.3049047687258253,0.3775518373228725,0.26218877591866147,0.3602593867584661
2019-20,2019-11-10,Manchester United,Brighton and Hove Albion,H,0,2.0109505369798395,0.955700470077923,0.6185241474502535,0.20945633040742603,0.17201952214232039,0.5977927651747396,0.25505824647455555,0.1471489883507051
2019-20,2019-11-10,Wolverhampton Wanderers,Aston Villa,H,0,1.770552323238921,1.0948759406460533,0.5319113825128565,0.23394690053370917,0.23414171695343436,0.5011933174224343,0.2720763723150358,0.22673031026252982
2019-20,2019-11-23,Bournemouth,Wolverhampton Wanderers,A,2,1.2598146121861307,1.270893338072354,0.36331530677471247,0.2681172824014905,0.368567410823797,0.3458980044345898,0.28824833702882485,0.3658536585365853
2019-20,2019-11-23,Crystal Palace,Liverpool,A,2,0.8265576813200047,2.503777254480324,0.10277778823879669,0.15837403906096859,0.7388481727002346,0.12600663192799622,0.19895783988630983,0.6750355281856941
2019-20,2019-11-23,Brighton and Hove Albion,Leicester City,A,2,1.265459540907165,1.5871856966595224,0.30469829910289736,0.24651587729728885,0.44878582359981384,0.25339366515837103,0.27149321266968324,0.4751131221719457
2019-20,2019-11-23,Arsenal,Southampton,D,1,2.126984254368737,0.7604989303224812,0.6890811027489673,0.18961456394202705,0.1213043333090056,0.6543046357615894,0.1997350993377483,0.14596026490066225
2019-20,2019-11-23,Everton,Norwich City,A,2,1.9805214425520383,0.8014155704667053,0.6499929382447363,0.20684484633142683,0.143162215423837,0.6960556844547563,0.18561484918793505,0.11832946635730858
2019-20,2019-11-23,West Ham,Tottenham,A,2,1.2854679506029425,1.2720662377942145,0.36993006994756394,0.2664640989732944,0.36360583107914163,0.22519656132407379,0.21843546363997918,0.556367975035947
2019-20,2019-11-23,Manchester City,Chelsea,H,0,2.1785805254734485,1.0949178692162758,0.619983862161937,0.1988041735964694,0.1812119642415937,0.6624541377904607,0.1907867916836527,0.14675907052588671
2019-20,2019-11-23,Watford,Burnley,A,2,1.3414535781066148,1.1996804561391823,0.40018413390925966,0.2666642747369931,0.3331515913537472,0.41349548842683415,0.2797175362887407,0.3067869752844253
2019-20,2019-11-24,Sheffield United,Manchester United,D,1,1.284037743881375,1.4826042091210276,0.3282432174944286,0.25313689624399904,0.41861988626157237,0.27055702917771884,0.2785145888594165,0.4509283819628648
2019-20,2019-11-25,Aston Villa,Newcastle United,H,0,1.5671256106157159,1.2608815786187242,0.44483414768578294,0.24806689095452764,0.3070989613596894,0.4636078864934587,0.2795282845034089,0.2568638290031325
2019-20,2019-11-30,Liverpool,Brighton and Hove Albion,H,0,3.3463805346235644,0.5565769537037831,0.8876938700410058,0.07995338060967278,0.03235274934932157,0.8017715332926084,0.13515577275503968,0.06307269395235185
2019-20,2019-11-30,Chelsea,West Ham,A,2,2.3801055869495493,0.7479825519306649,0.7366603254089853,0.1643060863605486,0.09903358823046605,0.7377049180327869,0.15737704918032788,0.10491803278688525
2019-20,2019-11-30,Burnley,Crystal Palace,A,2,1.7529407266321162,1.020162450473421,0.5456082513596259,0.23525811867653074,0.21913362996384333,0.4212076583210604,0.2916053019145803,0.2871870397643594
2019-20,2019-11-30,Newcastle United,Manchester City,D,1,0.8728113230182705,2.651122670238733,0.09945018778225857,0.14918248356188385,0.7513673286558575,0.07229666562792146,0.11748208164537238,0.8102212527267061
2019-20,2019-11-30,Tottenham,Bournemouth,H,0,1.7195408892909296,0.8835840176064075,0.5714004747423538,0.23722920194015273,0.19137032331749343,0.6999830307144069,0.17308671304938064,0.12693025623621246
2019-20,2019-11-30,Southampton,Watford,H,0,1.4699333429335415,1.20811401858021,0.4319579154494184,0.25682328924725917,0.31121879530332236,0.4509283819628648,0.2785145888594165,0.27055702917771884
2019-20,2019-12-01,Leicester City,Everton,H,0,2.016032794844701,0.8908714863852855,0.6352747499179534,0.20676250757059136,0.15796274251145517,0.5850804485616772,0.23549488054607506,0.17942467089224767
2019-20,2019-12-01,Manchester United,Aston Villa,D,1,2.156979858931718,0.9814125455549851,0.6420131126135208,0.1968439204812519,0.1611429669052273,0.6538661131292164,0.21069019200830302,0.13544369486248053
2019-20,2019-12-01,Norwich City,Arsenal,D,1,1.116066159896262,1.498655339458576,0.2824619333150361,0.2573750270687046,0.4601630396162593,0.23755780233560622,0.21945293518300807,0.5429892624813857
2019-20,2019-12-01,Wolverhampton Wanderers,Sheffield United,D,1,1.6598625930094786,0.9999847857347894,0.5282035239772856,0.24415208242213648,0.22764439360057784,0.5011933174224343,0.2720763723150358,0.22673031026252982
2019-20,2019-12-03,Burnley,Manchester City,A,2,0.9804631180265925,2.259973488316197,0.15035215436671018,0.18767037963589348,0.6619774659973964,0.08629749393694422,0.13561034761519805,0.7780921584478576
2019-20,2019-12-03,Crystal Palace,Bournemouth,H,0,1.5709588756531254,1.0661014735713512,0.49026768359547823,0.252024138235155,0.2577081781693667,0.43029595015576316,0.27842679127725856,0.29127725856697817
2019-20,2019-12-04,Liverpool,Everton,H,0,2.8488330432128968,0.5844127147105189,0.8358379583819655,0.11330604391585691,0.05085599770217759,0.6983240223463686,0.18994413407821228,0.11173184357541899
2019-20,2019-12-04,Chelsea,Aston Villa,H,0,2.2827770126155955,0.8417245787707398,0.698315875052031,0.1788950710790321,0.12278905386893692,0.7404069018799897,0.16482101467937163,0.09477208344063869
2019-20,2019-12-04,Leicester City,Watford,H,0,2.607807822937493,0.6852280519814485,0.7850233289342483,0.13996500441812973,0.075011666647622,0.7101928819304333,0.17173755144863206,0.11806956662093454
2019-20,2019-12-04,Southampton,Norwich City,H,0,1.5911059606186209,1.1795650978001517,0.46897026689027266,0.2482563542817891,0.28277337882793824,0.5436189490033653,0.23375614807144707,0.22262490292518766
2019-20,2019-12-04,Wolverhampton Wanderers,West Ham,H,0,1.8849986296671426,0.9121852854256502,0.6020893249127073,0.22054930388192606,0.17736137120536655,0.5430668211664735,0.25685592893008885,0.20007724990343764
2019-20,2019-12-04,Manchester United,Tottenham,H,0,1.7307427154492732,1.2228886518377358,0.49296973026988367,0.23666365149870677,0.27036661823140956,0.34634974533106966,0.28013582342954163,0.3735144312393889
2019-20,2019-12-05,Arsenal,Brighton and Hove Albion,A,2,2.050526437811607,0.8923586247944886,0.6419759610070809,0.20342605698420765,0.15459798200871133,0.6067809651932196,0.2200106501970796,0.17320838460970087
2019-20,2019-12-05,Sheffield United,Newcastle United,A,2,1.7337743696472994,1.0345491586882918,0.5376188446261781,0.23713023978226028,0.22525091559156146,0.5165125495376485,0.27800528401585206,0.20548216644649933
2019-20,2019-12-07,Bournemouth,Liverpool,A,2,0.760577362863855,2.4610419335276745,0.09536812651967516,0.15784454517397054,0.7467873283063543,0.13636363636363635,0.1818181818181818,0.6818181818181818
2019-20,2019-12-07,Watford,Crystal Palace,D,1,1.1421398807838756,1.2950632971950697,0.32662904179724617,0.27312864013863314,0.40024231806412075,0.4027876210725254,0.2892747460429956,0.3079376328844791
2019-20,2019-12-07,Everton,Chelsea,H,0,1.1064224787337045,1.8468461481146,0.22588780076189777,0.22733827098732354,0.5467739282507788,0.27149321266968324,0.25339366515837103,0.4751131221719457
2019-20,2019-12-07,Tottenham,Burnley,H,0,1.8612162637202165,0.9502538617360015,0.5874581238599186,0.22381941211939352,0.18872246402068796,0.6803939122649956,0.20053715308863027,0.11906893464637423
2019-20,2019-12-07,Manchester City,Manchester United,A,2,2.3300071283556245,0.8395584454153879,0.7071343110870522,0.1744413840328526,0.11842430488009525,0.7318695941450432,0.17298735861610112,0.09514304723885562
2019-20,2019-12-08,Aston Villa,Leicester City,A,2,1.0937376892166002,1.7720204117498233,0.23366172256027448,0.23381534551355088,0.5325229319261746,0.22002058672156458,0.2507076685537828,0.5292717447246527
2019-20,2019-12-08,Brighton and Hove Albion,Wolverhampton Wanderers,D,1,1.1693508273556765,1.5928196518217694,0.27994945952515965,0.2483275174362747,0.4717230230385656,0.36257457698953477,0.30643399732663906,0.33099142568382617
2019-20,2019-12-08,Newcastle United,Southampton,H,0,1.6627600699333431,1.1441853118567515,0.494685135050226,0.24297576005290467,0.26233910489686935,0.3783122706889523,0.29555646147574394,0.32613126783530366
2019-20,2019-12-08,Norwich City,Sheffield United,A,2,1.1852019153689877,1.407799694699169,0.3167112567556133,0.2623835225893753,0.4209052206550114,0.32763251441662067,0.2714669405166285,0.40090054506675094
2019-20,2019-12-09,West Ham,Arsenal,A,2,1.232823220684121,1.4114547303539715,0.32846474289091493,0.2601068738675732,0.4114283832415119,0.2877697841726619,0.23741007194244607,0.47482014388489213
2019-20,2019-12-14,Chelsea,Bournemouth,A,2,2.400003856311428,0.7193546126818495,0.7464293437493119,0.1605803981732347,0.09299025807745337,0.7619047619047619,0.15873015873015872,0.07936507936507936
2019-20,2019-12-14,Leicester City,Norwich City,D,1,2.6772241211324466,0.6742595796241169,0.7967670954643193,0.1334696724492358,0.06976323208644479,0.78031212484994,0.14645858343337334,0.07322929171668667
2019-20,2019-12-14,Burnley,Newcastle United,H,0,1.51314378459887,1.171768690468776,0.45114273307246694,0.25464976656241406,0.294207500365119,0.48519443453442745,0.27827327863003926,0.23653228683553335
2019-20,2019-12-14,Sheffield United,Aston Villa,H,0,1.6987017972220868,0.9759636756959619,0.5434704438252278,0.24027987459465677,0.21624968158011532,0.5171140113272592,0.2551095789214479,0.22777640975129276
2019-20,2019-12-14,Southampton,West Ham,A,2,1.6627540179004114,1.0072433857474723,0.5271456881381819,0.243862899259849,0.2289914126019691,0.5,0.25,0.25
2019-20,2019-12-14,Liverpool,Watford,H,0,3.456314657097542,0.4671815461768413,0.9088884713555628,0.06776795028402999,0.023343578360407253,0.8177270395074399,0.12647511544381734,0.055797845048742946
2019-20,2019-12-15,Arsenal,Manchester City,A,2,1.076861420738741,1.766052822294205,0.23057728150626888,0.23430375744424198,0.5351189610494891,0.15849056603773587,0.18113207547169813,0.6603773584905661
2019-20,2019-12-15,Manchester United,Everton,D,1,2.098264590239831,0.9592588995110032,0.6355752846818503,0.20138706354095404,0.16303765177719576,0.530085959885387,0.25787965616045844,0.21203438395415475
2019-20,2019-12-15,Wolverhampton Wanderers,Tottenham,A,2,1.491780696284405,1.2316423888456665,0.43234613393622007,0.2543943454926439,0.31325952057113604,0.2940893801057184,0.2811148486304661,0.4247957712638154
2019-20,2019-12-16,Crystal Palace,Brighton and Hove Albion,D,1,1.6389077110898225,0.9571367481907824,0.5335622490316626,0.24625595928838123,0.22018179167995613,0.3740950929472397,0.2935207652355265,0.3323841418172338
2019-20,2019-12-21,Brighton and Hove Albion,Sheffield United,A,2,1.2528776842709268,1.3370012249345011,0.3481451197258797,0.26424087605968094,0.3876140042144393,0.4337464251668255,0.29361296472831266,0.27264061010486174
2019-20,2019-12-21,Aston Villa,Southampton,A,2,1.5538706225403562,1.2895450770591483,0.4352861598764468,0.24813874991473148,0.3165750902088217,0.39622641509433965,0.2641509433962264,0.33962264150943394
2019-20,2019-12-21,Manchester City,Leicester City,H,0,2.0311665676035884,1.0743156408618755,0.5946355563296639,0.21081636873438894,0.19454807493594714,0.6942607775720708,0.1798466014281936,0.12589262099973553
2019-20,2019-12-21,Bournemouth,Burnley,A,2,1.3524671797743708,1.2612915776054732,0.38991064665150243,0.26278265816942203,0.3473066951790754,0.39471577261809454,0.27862289831865494,0.3266613290632506
2019-20,2019-12-21,Newcastle United,Crystal Palace,H,0,1.3286914293650018,1.0557060740193809,0.42895165054578027,0.27444505352628135,0.2966032959279384,0.4010030050349261,0.3065732651396048,0.2924237298254692
2019-20,2019-12-21,Norwich City,Wolverhampton Wanderers,A,2,1.1013714412721995,1.4155565167506006,0.29318897092739327,0.264959292976722,0.44185173609588463,0.25249169435215946,0.24916943521594684,0.4983388704318937
2019-20,2019-12-21,Everton,Arsenal,D,1,1.3249570287059338,1.3242520930808765,0.369638452960155,0.26105066734588034,0.3693108796939647,0.41551415399855224,0.25149540899912365,0.332990437002324
2019-20,2019-12-22,Tottenham,Chelsea,A,2,1.5920616778087182,1.1903995927581048,0.4667483235254795,0.24795188446351724,0.28529979201100325,0.4009915427238262,0.2534266550014582,0.34558180227471574
2019-20,2019-12-22,Watford,Manchester United,H,0,0.9596165503083451,1.7477497910702562,0.20560362035288438,0.2352580333813514,0.5591383462657642,0.21945293518300807,0.23755780233560622,0.5429892624813857
2019-20,2019-12-26,Aston Villa,Norwich City,H,0,1.5030447642431357,1.1255874885772694,0.45909657181527175,0.25674942814943985,0.28415400003528846,0.4552980132450331,0.25496688741721857,0.2897350993377484
2019-20,2019-12-26,Bournemouth,Arsenal,D,1,1.0555661864206332,1.366231211060564,0.2897516734318062,0.27102724632153163,0.43922108024666223,0.27083333333333326,0.24305555555555552,0.48611111111111105
2019-20,2019-12-26,Everton,Burnley,H,0,1.4739788762596833,1.0667779891547382,0.46524671796788114,0.2608435628454561,0.27390971918666274,0.5576208178438662,0.2527881040892193,0.1895910780669145
2019-20,2019-12-26,Crystal Palace,West Ham,H,0,1.4529068929147622,0.9343186438087945,0.4916070868041474,0.2659078055730027,0.24248510762284986,0.41349548842683415,0.2797175362887407,0.3067869752844253
2019-20,2019-12-26,Sheffield United,Watford,D,1,1.8697381856180244,0.7763061969974205,0.632837738789979,0.21788363897995403,0.14927862223006697,0.517875474669351,0.2632533662902535,0.2188711590403955
2019-20,2019-12-26,Leicester City,Liverpool,A,2,1.1311398339351086,1.9535877642355506,0.21674170543520088,0.21849207958870706,0.564766214976092,0.2804889172671714,0.25430995165556874,0.4652011310772599
2019-20,2019-12-26,Manchester United,Newcastle United,H,0,1.7754434410845032,0.853688131211096,0.5920192037093496,0.2306186139319653,0.17736218235868512,0.7137192704203014,0.18080888183980967,0.10547184773988898
2019-20,2019-12-26,Chelsea,Southampton,A,2,2.136486423544771,0.8845756388637533,0.6609296480524894,0.1947899052120018,0.14428044673550874,0.7137192704203014,0.18080888183980967,0.10547184773988898
2019-20,2019-12-26,Tottenham,Brighton and Hove Albion,H,0,1.9163312639396528,0.8345230991881317,0.6281993750222107,0.21492810653571998,0.1568725184420694,0.6217557060086298,0.21969658895916944,0.15854770503220061
2019-20,2019-12-27,Wolverhampton Wanderers,Manchester City,H,0,1.0262639640698583,1.9668214356458795,0.1922699298196278,0.21545308328040205,0.5922769868999702,0.11173184357541902,0.18994413407821234,0.6983240223463688
2019-20,2019-12-28,Watford,Aston Villa,H,0,1.4805176971076381,1.0943378469202614,0.46050957704541046,0.25952738742605097,0.2799630355285385,0.4866595517609391,0.2497331910352187,0.263607257203842
2019-20,2019-12-28,West Ham,Leicester City,A,2,1.14609635296196,1.628474597448624,0.26832065129683663,0.2458107690240706,0.48586857967909286,0.23744884719033837,0.24353727916957785,0.5190138736400838
2019-20,2019-12-28,Brighton and Hove Albion,Bournemouth,H,0,1.4383675613798692,0.9868292922232769,0.47490674836698743,0.26627378789390266,0.25881946373910986,0.539701816903434,0.2421738922002589,0.21812429089630705
2019-20,2019-12-28,Burnley,Manchester United,A,2,1.0744022496212466,1.5064781553199043,0.270403843877069,0.2577161540070902,0.4718800021158408,0.21928755908581452,0.25320403489108717,0.5275084060230983
2019-20,2019-12-28,Newcastle United,Everton,A,2,1.3890123196468247,1.0975392680426928,0.4356668367115298,0.2673903556001052,0.29694280768836506,0.2621286197818729,0.2775479503572772,0.46032342986085
2019-20,2019-12-28,Norwich City,Tottenham,D,1,1.018884380128778,1.441401302734103,0.26682965803273134,0.2651536523666676,0.46801668960060105,0.19004006868918144,0.2375500858614768,0.5724098454493417
2019-20,2019-12-28,Southampton,Crystal Palace,D,1,1.3856090830246504,1.0762024977083726,0.4396646057979706,0.2684959926984586,0.2918394015035708,0.4866595517609392,0.26360725720384204,0.24973319103521877
2019-20,2019-12-29,Arsenal,Chelsea,A,2,1.288862429588497,1.2308268971720506,0.379444902631639,0.2686715394325259,0.35188355793583515,0.33187756122900514,0.253996960193932,0.414125478577063
2019-20,2019-12-29,Liverpool,Wolverhampton Wanderers,H,0,2.7214844332029284,0.713941352513684,0.7944006874925572,0.13289323420309399,0.07270607830434878,0.7566826593557231,0.1644962302947224,0.07882111034955448
2019-20,2019-12-29,Manchester City,Sheffield United,H,0,2.339565849108849,0.7822508633559924,0.7220131655660083,0.17020376420693634,0.10778307022705544,0.8148852369957897,0.12603558332201548,0.05907917968219475
2019-20,2020-01-01,Arsenal,Manchester United,H,0,1.2353702664913842,1.3424255808507486,0.34244498130235,0.26478883616027327,0.39276618253737666,0.37290950065235445,0.26414422962875106,0.36294626971889454
2019-20,2020-01-01,Brighton and Hove Albion,Chelsea,D,1,1.061241820472411,1.4999037266916433,0.2681057246015945,0.2586127102490404,0.4732815651493651,0.25999999999999995,0.25999999999999995,0.48
2019-20,2020-01-01,Burnley,Aston Villa,A,2,1.5704424593015973,0.982780748954611,0.5101781379878223,0.2530783739906959,0.23674348802148176,0.5362840799830516,0.24697293157114222,0.2167429884458061
2019-20,2020-01-01,Manchester City,Everton,H,0,2.431283229856942,0.7540546598015248,0.7435448154434985,0.1600600245081789,0.0963951600483227,0.759124087591241,0.14598540145985403,0.09489051094890512
2019-20,2020-01-01,Newcastle United,Leicester City,A,2,1.2554084197038777,1.611526543655935,0.2979950557277616,0.24502096756624098,0.45698397670599755,0.18769340633182577,0.24696500833134966,0.5653415853368245
2019-20,2020-01-01,Norwich City,Crystal Palace,D,1,1.1455399065063554,1.2012319792727675,0.34627151014385305,0.2801846717393654,0.37354381811678156,0.37815975733063706,0.27805864509605666,0.3437815975733064
2019-20,2020-01-01,Southampton,Tottenham,H,0,1.193774567626914,1.307969315026926,0.33811050159215883,0.2694017048856304,0.39248779352221075,0.2845528455284553,0.26829268292682923,0.4471544715447154
2019-20,2020-01-01,Watford,Wolverhampton Wanderers,H,0,1.2215764897955437,1.4236868636575526,0.3232373123309083,0.25970789319344084,0.4170547944756509,0.3138041733547351,0.2768860353130016,0.40930979133226325
2019-20,2020-01-01,West Ham,Bournemouth,H,0,1.403240871204208,1.0025346246661433,0.46172581693879383,0.2693379181753403,0.2689362648858659,0.4983388704318937,0.25249169435215946,0.24916943521594684
2019-20,2020-01-02,Liverpool,Sheffield United,H,0,2.908505851607625,0.6165759112309585,0.8363196642563689,0.11157280996177606,0.05210752578185503,0.783132530120482,0.14457831325301207,0.07228915662650603
2019-20,2020-01-10,Sheffield United,West Ham,H,0,1.7310439676585596,0.9382813126242251,0.5604633522967101,0.23672002025797448,0.20281662744531545,0.48519443453442745,0.27827327863003926,0.23653228683553335
2019-20,2020-01-11,Everton,Brighton and Hove Albion,H,0,1.5862909587815879,0.9808783738911092,0.514639898089585,0.2515047812023842,0.2338553207080308,0.5129935875801552,0.24974687816402294,0.2372595342558218
2019-20,2020-01-11,Chelsea,Burnley,H,0,2.0095926390602927,0.740743392236772,0.6710958250202959,0.2009231870282127,0.1279809879514914,0.7412398921832885,0.1725067385444744,0.0862533692722372
2019-20,2020-01-11,Crystal Palace,Arsenal,D,1,1.3135084342988474,1.1267474657091006,0.40868368511297887,0.27244029496407596,0.3188760199229452,0.23099703849950645,0.24284304047384012,0.5261599210266535
2019-20,2020-01-11,Leicester City,Southampton,A,2,1.8717667710345893,0.957339762106353,0.5880805871809041,0.2229307321243714,0.1889886806947245,0.5913978494623655,0.23655913978494622,0.17204301075268816
2019-20,2020-01-11,Tottenham,Liverpool,A,2,0.8139970392719313,2.3102395666371063,0.11558682426418167,0.17480115216470954,0.7096120235711088,0.21052169124969247,0.21878697704933397,0.5706913317009736
2019-20,2020-01-11,Wolverhampton Wanderers,Newcastle United,D,1,1.7736190565472503,0.9081641713758397,0.5779163007817394,0.2318951318107474,0.19018856740751314,0.6613756613756613,0.21164021164021163,0.12698412698412698
2019-20,2020-01-11,Manchester United,Norwich City,H,0,2.115064878616544,0.7480652463101636,0.689863637230284,0.1901579240476578,0.11997843872205821,0.7093184979137691,0.17969401947148816,0.1109874826147427
2019-20,2020-01-12,Aston Villa,Manchester City,A,2,0.8223838876723314,2.457407898818744,0.10551748083171117,0.162100656750567,0.7323818624177217,0.0727997637330183,0.11134081512108682,0.8158594211458948
2019-20,2020-01-12,Bournemouth,Watford,A,2,1.3142657165874085,1.220345204409265,0.38847813480909527,0.26752215424323256,0.34399971094767207,0.36352509179926557,0.2864137086903305,0.3500611995104039
2019-20,2020-01-18,Arsenal,Sheffield United,D,1,1.5038404706361728,1.0716603976788488,0.4718443465064779,0.2580170205075748,0.27013863298594726,0.517875474669351,0.2632533662902535,0.2188711590403955
2019-20,2020-01-18,Brighton and Hove Albion,Aston Villa,D,1,1.5922458791308332,1.0662975414871858,0.49556319778437513,0.2500796116957405,0.2543571905198843,0.5724098454493417,0.2375500858614768,0.19004006868918144
2019-20,2020-01-18,Manchester City,Crystal Palace,D,1,2.6489998070668417,0.671593326895866,0.7935546147829395,0.1355552452677696,0.07089013994929082,0.8636363636363636,0.08636363636363636,0.05
2019-20,2020-01-18,Newcastle United,Chelsea,H,0,1.0535917524506044,1.6530744450101464,0.24175942949415422,0.24461382175460028,0.5136267487512455,0.15789473684210528,0.2105263157894737,0.6315789473684211
2019-20,2020-01-18,Norwich City,Bournemouth,H,0,1.3821126665638408,1.0322200525160075,0.4489813351160724,0.2704091991494525,0.280609465734475,0.43374642516682554,0.2726406101048618,0.2936129647283127
2019-20,2020-01-18,Southampton,Wolverhampton Wanderers,A,2,1.4106456343374907,1.224819901863949,0.4129562853189587,0.2605090584219682,0.3265346562590731,0.39906103286384975,0.28169014084507044,0.31924882629107976
2019-20,2020-01-18,Watford,Tottenham,D,1,1.3428396362348853,1.2231961486678644,0.39548062414003915,0.2653823881485719,0.339136987711389,0.2936129647283127,0.2726406101048618,0.43374642516682554
2019-20,2020-01-18,West Ham,Everton,D,1,1.2838528690344795,1.3613745784557036,0.3514570669808759,0.26104800160347325,0.3874949314156509,0.32763251441662067,0.2714669405166285,0.40090054506675094
2019-20,2020-01-19,Burnley,Leicester City,H,0,1.1196672245038006,1.581214848594332,0.26949194003336996,0.25023282031839916,0.4802752396482309,0.22120042934640713,0.2554127624186514,0.5233868082349414
2019-20,2020-01-19,Liverpool,Manchester United,H,0,2.659360735494306,0.7374095208551739,0.7811171834769397,0.1395147476674872,0.07936806885557317,0.6997667444185273,0.18127290903032325,0.11896034655114963
2019-20,2020-01-21,Bournemouth,Brighton and Hove Albion,H,0,1.256627638860555,1.2422530735987276,0.3683697711388092,0.2701125752719281,0.3615176535892626,0.3316148808694441,0.27992197296920723,0.38846314616134875
2019-20,2020-01-21,Aston Villa,Watford,H,0,1.3499708525354588,1.4998780448326257,0.34157062170626845,0.249472890390266,0.4089564879034656,0.33980582524271846,0.27184466019417475,0.3883495145631068
2019-20,2020-01-21,Chelsea,Arsenal,D,1,1.6991971208649774,0.9877246338085093,0.5407131759966766,0.24028124871660836,0.21900557528671497,0.5484717794862178,0.24189011813238326,0.2096381023813988
2019-20,2020-01-21,Crystal Palace,Southampton,A,2,1.4616106346107829,1.0729054896513766,0.46057941098825916,0.2617973104765188,0.27762327853522223,0.3532608695652174,0.29347826086956524,0.3532608695652174
2019-20,2020-01-21,Sheffield United,Manchester City,A,2,1.0355775876793372,1.9596921822922542,0.1951692471993531,0.2163043148337892,0.5885264379668577,0.13513513513513511,0.1891891891891892,0.6756756756756757
2019-20,2020-01-21,Everton,Newcastle United,D,1,1.8298385384931104,0.99184994164052,0.5702456047762419,0.22762185289666056,0.2021325423270977,0.6111042106570612,0.23102720158986464,0.15786858775307416
2019-20,2020-01-22,Leicester City,West Ham,H,0,2.06215888346543,0.9388430133077935,0.6331410155475826,0.20403651015452484,0.16282247429789254,0.6217557060086298,0.21969658895916944,0.15854770503220061
2019-20,2020-01-22,Manchester United,Burnley,A,2,2.2132389440841425,0.8115857043264679,0.6928395479257048,0.18382965591552866,0.12333079615876648,0.6956875508543532,0.19918633034987795,0.10512611879576893
2019-20,2020-01-22,Tottenham,Norwich City,H,0,1.9591914656208271,0.8165236830584912,0.6417865855462661,0.20972120379288992,0.14849221066084398,0.6818181818181818,0.19090909090909092,0.12727272727272726
2019-20,2020-01-23,Wolverhampton Wanderers,Liverpool,A,2,0.9028324718226766,2.282507986984976,0.1338437798027204,0.18209218235283414,0.6840640378444455,0.16434970651838124,0.2486870559159716,0.5869632375656473
2019-20,2020-01-29,West Ham,Liverpool,A,2,0.7184597556416603,2.9396367775472707,0.06242301229917226,0.11709067693549785,0.82048631076533,0.11190148386109836,0.17293865687624294,0.7151598592626587
2019-20,2020-02-01,Bournemouth,Aston Villa,H,0,1.3915976426795074,1.2376354238910032,0.4052123893651855,0.2612852260572901,0.3335023845775244,0.45051194539249145,0.2627986348122867,0.2866894197952219
2019-20,2020-02-01,Crystal Palace,Sheffield United,A,2,1.3270816397129945,1.1576245458643528,0.4055218002523289,0.26983240938510344,0.32464579036256763,0.30864197530864196,0.30864197530864196,0.3827160493827161
2019-20,2020-02-01,Leicester City,Chelsea,D,1,1.65975569460997,1.3777598573002345,0.44208944130411804,0.23874712295970102,0.31916343573618094,0.38162544169611307,0.26501766784452296,0.3533568904593639
2019-20,2020-02-01,Liverpool,Southampton,H,0,3.1854005614587795,0.5757580457613627,0.8711465641541322,0.09044666964369771,0.038406766202170144,0.7619047619047619,0.15873015873015872,0.07936507936507936
2019-20,2020-02-01,Manchester United,Wolverhampton Wanderers,D,1,1.5892213281392866,1.1044544939723544,0.48582217650055987,0.2497979784350704,0.2643798450643697,0.4247957712638154,0.2940893801057184,0.2811148486304661
2019-20,2020-02-01,Newcastle United,Norwich City,D,1,1.6771802046306856,0.9967407707075786,0.5332040425112248,0.2424609934445183,0.22433496404425696,0.43220338983050843,0.2796610169491525,0.288135593220339
2019-20,2020-02-01,Watford,Everton,A,2,1.5508304201515364,1.375397868961367,0.41622890818246644,0.24545231999801614,0.33831877181951747,0.3468667255075022,0.2890556045895852,0.36407766990291257
2019-20,2020-02-01,West Ham,Brighton and Hove Albion,D,1,1.5743049785872187,1.2080198373205253,0.45836439693149367,0.24892565902526465,0.2927099440432416,0.3658536585365854,0.2882483370288249,0.34589800443458985
2019-20,2020-02-02,Burnley,Arsenal,D,1,1.2592148552107176,1.3732005826185325,0.34269881123016704,0.2615160424966304,0.3957851462732025,0.2631578947368421,0.2631578947368421,0.47368421052631576
2019-20,2020-02-02,Tottenham,Manchester City,H,0,1.0744920340540889,2.025740662126689,0.19525640053639542,0.21129239315958012,0.5934512063040245,0.1726989424091478,0.20648786592398108,0.6208131916668711
2019-20,2020-02-08,Brighton and Hove Albion,Watford,D,1,1.5435792754410318,1.2851430620401567,0.4336844587395109,0.2489784227169398,0.31733711854354935,0.4543429844097996,0.28062360801781744,0.26503340757238314
2019-20,2020-02-08,Everton,Crystal Palace,H,0,1.7787937184280342,0.9219550187239316,0.5756846947695218,0.23159345025433312,0.19272185497614502,0.5910104204468868,0.2504017833998652,0.15858779615324795
2019-20,2020-02-09,Sheffield United,Bournemouth,H,0,1.8460841039549987,0.942201194060083,0.5860386752327108,0.2251543916432411,0.18880693312404806,0.5714916760995002,0.26352116175699175,0.16498716214350787
2019-20,2020-02-14,Wolverhampton Wanderers,Leicester City,D,1,1.52215489758272,1.31110367633139,0.4227502113130067,0.24953233973324632,0.327717448953747,0.38042255784061696,0.2881989074550128,0.3313785347043701
2019-20,2020-02-15,Norwich City,Liverpool,A,2,0.6824475340210124,3.2995169126887762,0.04452751942892404,0.09174118264860556,0.8637312979224704,0.08650519031141868,0.1522491349480969,0.7612456747404844
2019-20,2020-02-15,Southampton,Burnley,A,2,1.6096333414040196,1.1793382975407218,0.47360568496513206,0.2467839903646066,0.2796103246702613,0.5467625899280576,0.2517985611510791,0.20143884892086333
2019-20,2020-02-16,Arsenal,Newcastle United,H,0,1.7676950058095435,0.9004715382239573,0.5784619294467778,0.23238060666974866,0.1891574638834736,0.6803939122649956,0.20053715308863027,0.11906893464637423
2019-20,2020-02-16,Aston Villa,Tottenham,A,2,1.2414108312296253,1.619297631509401,0.29323385714325173,0.2447706842191399,0.46199545863760844,0.23725953425582186,0.249746878164023,0.5129935875801553
2019-20,2020-02-17,Chelsea,Manchester United,A,2,1.7831341084995873,1.087831488172941,0.5365082657363061,0.23281711752822193,0.230674616735472,0.5155482815057284,0.27250409165302786,0.2119476268412439
2019-20,2020-02-19,Manchester City,West Ham,H,0,3.5258756785644856,0.5879569705571988,0.8964488230775169,0.07316029772360713,0.03039087919887596,0.8447536353175019,0.09959200753216865,0.05565435715032954
2019-20,2020-02-22,Burnley,Bournemouth,H,0,1.7306430278792235,1.0343550690841237,0.5369230254251455,0.23742280101096638,0.22565417356388812,0.4537346711259755,0.28874024526198444,0.25752508361204013
2019-20,2020-02-22,Chelsea,Tottenham,H,0,1.7490896913778569,1.2242241417561324,0.49699335602926925,0.23524095165918307,0.26776569231154757,0.5518087063151441,0.23727774371551194,0.21091354996934394
2019-20,2020-02-22,Crystal Palace,Newcastle United,H,0,1.4453516030622031,1.038879114061842,0.4643106008640377,0.264236429302388,0.2714529698335743,0.4907216494845361,0.28144329896907216,0.22783505154639172
2019-20,2020-02-22,Leicester City,Manchester City,A,2,1.1224726122901822,2.097135589820598,0.19646710795717767,0.20632962138963548,0.5972032706531869,0.21193232413178983,0.22707034728406053,0.5609973285841496
2019-20,2020-02-22,Sheffield United,Brighton and Hove Albion,D,1,1.862092946196765,0.9349203363493154,0.5914139715518305,0.2234010061658011,0.1851850222823684,0.4907216494845361,0.28144329896907216,0.22783505154639172
2019-20,2020-02-22,Southampton,Aston Villa,H,0,1.7330314131224456,1.071880679489893,0.5285212318559727,0.23726511039187553,0.23421365775215178,0.5903799428981247,0.21951771548867918,0.1901023416131962
2019-20,2020-02-23,Wolverhampton Wanderers,Norwich City,H,0,2.1753063399319204,0.7833691274017107,0.6925929500596756,0.1860027471404858,0.12140430279983858,0.6363636363636365,0.2272727272727273,0.13636363636363638
2019-20,2020-02-23,Arsenal,Everton,H,0,1.5665621559641207,1.3861587789991936,0.4178256605467373,0.24413873748199372,0.338035601971269,0.47707736389684813,0.26504297994269344,0.2578796561604584
2019-20,2020-02-23,Manchester United,Watford,H,0,1.9753787729890502,0.8802855656578941,0.6293968140243303,0.21044095483356937,0.1601622311421002,0.5963302752293578,0.24464831804281348,0.15902140672782872
2019-20,2020-02-24,Liverpool,West Ham,H,0,4.134105201045238,0.46241558507394404,0.9447503763471092,0.04186858527117403,0.013381038381716745,0.8181074447777474,0.11862557949277337,0.06326697572947913
2019-20,2020-02-28,Norwich City,Leicester City,H,0,1.0766466046752294,1.7595999182625757,0.23146112279169218,0.23488158046405597,0.5336572967442518,0.21864903914723152,0.23091471695305188,0.5504362438997167
2019-20,2020-02-29,Bournemouth,Chelsea,D,1,1.082672302212382,1.8778151541311614,0.21624361161191424,0.22440580963157822,0.5593505787565075,0.19953596287703013,0.24941995359628769,0.5510440835266821
2019-20,2020-02-29,Brighton and Hove Albion,Crystal Palace,A,2,1.3606202874741253,1.1537747390546604,0.4153815614059851,0.26739043299375004,0.3172280056002649,0.46373365041617126,0.2925089179548157,0.24375743162901312
2019-20,2020-02-29,Newcastle United,Burnley,D,1,1.319687479510811,1.404884602579411,0.35217129483093174,0.2565652452857833,0.3912634598832851,0.36382031566167544,0.3074868474301902,0.3286928369081344
2019-20,2020-02-29,Watford,Liverpool,H,0,0.6463514917387816,3.3449305932627036,0.03987117277184126,0.08661360153114782,0.8735152256970109,0.11906893464637423,0.20053715308863027,0.6803939122649956
2019-20,2020-02-29,West Ham,Southampton,H,0,1.2830270541438786,1.3713474687472327,0.3492756041865406,0.2604561413531859,0.3902682544602736,0.35763957878005165,0.26326246771309353,0.3790979535068547
2019-20,2020-03-01,Everton,Manchester United,D,1,1.5814693490268623,1.2383707068018415,0.4533628964639208,0.24763264349567113,0.29900446004040804,0.3800403225806452,0.2923387096774194,0.3276209677419355
2019-20,2020-03-01,Tottenham,Wolverhampton Wanderers,A,2,1.5660107282734068,1.3792350653471972,0.4191411060664799,0.24441227036173746,0.33644662357178257,0.3872529245663574,0.2964905203711174,0.3162565550625252
2019-20,2020-03-07,Arsenal,West Ham,H,0,2.026166589489934,0.9445989900854858,0.6243630299842898,0.2076534258262043,0.16798354418950598,0.6089122612787158,0.21727096595626905,0.17381677276501523
2019-20,2020-03-07,Burnley,Tottenham,D,1,1.465832161295422,1.3588380676972993,0.39858647972712863,0.25113430735706804,0.35027921291580344,0.3510353227771011,0.28721071863581,0.36175395858708886
2019-20,2020-03-07,Crystal Palace,Watford,H,0,1.6282308352089498,0.9922552424215202,0.5223170415859485,0.24727329677258864,0.23040966164146273,0.37366619689953695,0.29776525065431847,0.3285685524461445
2019-20,2020-03-07,Liverpool,Bournemouth,H,0,3.9761239940200226,0.5430279733369336,0.9291641194913896,0.051695126012405,0.019140754496205503,0.78031212484994,0.14645858343337334,0.07322929171668667
2019-20,2020-03-07,Sheffield United,Norwich City,H,0,1.964114467510492,0.8388264663093941,0.6372680133368546,0.21007482929797897,0.15265715736516644,0.5790533736153071,0.2547834843907351,0.16616314199395768
2019-20,2020-03-07,Southampton,Newcastle United,A,2,1.5483711464720824,1.0488705050363376,0.4886422061333128,0.2543766508532222,0.25698114301346503,0.5884604344081906,0.231078365706631,0.18046119988517847
2019-20,2020-03-07,Wolverhampton Wanderers,Brighton and Hove Albion,D,1,2.2852612664200027,0.8340176400045836,0.7005557331661404,0.17824342241729585,0.12120084441656376,0.5907300817933958,0.2438654953044532,0.16540442290215085
2019-20,2020-03-08,Chelsea,Everton,H,0,1.7158436970282929,1.2466313828214752,0.48409554581176756,0.2375075064406516,0.27839694774758095,0.5290697674418605,0.24418604651162792,0.22674418604651161
2019-20,2020-03-08,Manchester United,Manchester City,H,0,1.0466451221784794,1.962023397662548,0.19727001688858042,0.21632471250701527,0.5864052706044043,0.1894034665646017,0.2187107004210181,0.5918858330143802
2019-20,2020-03-09,Leicester City,Aston Villa,H,0,2.151892654744046,0.822703040868527,0.6787302093732401,0.19037521589492953,0.13089457473183036,0.6997667444185273,0.18127290903032325,0.11896034655114963
2019-20,2020-06-17,Aston Villa,Sheffield United,D,1,1.1660174191970045,1.6806436410541261,0.26477449238765666,0.24125058159037474,0.4939749260219686,0.29731830547998445,0.27982899339292655,0.42285270112708895
2019-20,2020-06-17,Manchester City,Arsenal,H,0,2.4957933388678053,0.8232087436415111,0.7383281230206538,0.1588458249259642,0.10282605205338204,0.6942607775720708,0.1798466014281936,0.12589262099973553
2019-20,2020-06-19,Norwich City,Southampton,A,2,1.4558276827916277,1.2323632132194893,0.4229980333099425,0.2569648318991396,0.32003713479091783,0.33980582524271846,0.27184466019417475,0.3883495145631068
2019-20,2020-06-19,Tottenham,Manchester United,D,1,1.3944821087938686,1.4277487868305865,0.3666713776836364,0.2516254479004263,0.3817031744159373,0.3176442762535478,0.28027436140018924,0.40208136234626296
2019-20,2020-06-20,Bournemouth,Crystal Palace,A,2,1.293306324790138,1.4880507680482316,0.3295714428267645,0.2524221626136976,0.4180063945595379,0.3872529245663574,0.2964905203711174,0.3162565550625252
2019-20,2020-06-20,Brighton and Hove Albion,Arsenal,H,0,1.192943574214344,1.5376426842758915,0.29529004194403363,0.2521379701267677,0.4525719879291987,0.3065732651396048,0.2924237298254692,0.4010030050349261
2019-20,2020-06-20,Watford,Leicester City,D,1,1.097073502780487,1.416898492694302,0.29181071003957787,0.26499381866046096,0.44319547129996123,0.2642238998342847,0.2717731541152642,0.46400294605045117
2019-20,2020-06-20,West Ham,Wolverhampton Wanderers,A,2,1.1116410311223273,1.7097545627013666,0.24716982624015443,0.23923630379067098,0.5135938699691746,0.26503340757238314,0.28062360801781744,0.4543429844097996
2019-20,2020-06-21,Aston Villa,Chelsea,A,2,1.0040344965222432,1.8332998178589182,0.20444871297885864,0.22746908509157238,0.568082201929569,0.15789473684210528,0.2105263157894737,0.6315789473684211
2019-20,2020-06-21,Everton,Liverpool,D,1,0.9520972755816544,2.377052849426996,0.13408941387676804,0.17623758612153126,0.6896730000017007,0.15874177029992684,0.22677395757132407,0.6144842721287491
2019-20,2020-06-21,Newcastle United,Sheffield United,H,0,1.3284949321853516,1.2536206489696382,0.3852075897810214,0.2647624692370885,0.35002994098189016,0.2892747460429955,0.30793763288447906,0.4027876210725253
2019-20,2020-06-22,Manchester City,Burnley,H,0,2.6470718724834423,0.7693078553131614,0.7726665831711677,0.1427319253019657,0.0846014915268666,0.8339510748702742,0.10378057820607857,0.06226834692364715
2019-20,2020-06-23,Leicester City,Brighton and Hove Albion,D,1,1.8101970064320951,0.7852910227262033,0.6173674478095413,0.224900279271634,0.15773227291882455,0.5958549222797929,0.2383419689119171,0.16580310880829016
2019-20,2020-06-23,Tottenham,West Ham,H,0,1.9853319623714252,0.930229710998331,0.6192987195064197,0.21112072936726906,0.16958055112631126,0.5724098454493417,0.2375500858614768,0.19004006868918144
2019-20,2020-06-24,Liverpool,Crystal Palace,H,0,2.582201634161406,0.6088653940727745,0.7978734820214329,0.1363037987598358,0.06582271921873127,0.78031212484994,0.14645858343337334,0.07322929171668667
2019-20,2020-06-24,Newcastle United,Aston Villa,D,1,1.938031971298658,0.890467227918144,0.6189667587986067,0.21455505914848624,0.16647818205290701,0.41395531164249316,0.2885143081144649,0.2975303802430419
2019-20,2020-06-24,Norwich City,Everton,A,2,1.0798115869591203,1.6998257742238068,0.24104273926771547,0.2402403998367665,0.518716860895518,0.2417815482502651,0.2619300106044538,0.4962884411452809
2019-20,2020-06-24,Manchester United,Sheffield United,H,0,1.7861463768664554,0.8998200438116857,0.5828911932845002,0.23043508735739937,0.18667371935810032,0.6775907883082374,0.21080602302922938,0.11160318866253321
2019-20,2020-06-24,Wolverhampton Wanderers,Bournemouth,H,0,2.363292230369553,0.7130824160287434,0.7419416227325188,0.16355879708053334,0.09449958018694783,0.6075949367088608,0.23544303797468355,0.1569620253164557
2019-20,2020-06-25,Burnley,Watford,H,0,1.6386261895179566,0.9672276401611053,0.5310079470915451,0.24628453188294377,0.222707521025511,0.31770573566084787,0.2932668329177058,0.38902743142144636
2019-20,2020-06-25,Chelsea,Manchester City,H,0,1.1287925042774554,1.6384888517287366,0.2624575579964894,0.24520736822564618,0.4923350737778644,0.23684210526315788,0.23684210526315788,0.5263157894736842
2019-20,2020-06-25,Southampton,Arsenal,A,2,1.331364260269443,1.378307350583809,0.36041716848530714,0.25756942091213414,0.3820134106025586,0.36560082927996174,0.27158918746511446,0.36280998325492386
2019-20,2020-06-27,Aston Villa,Wolverhampton Wanderers,A,2,0.959649085373251,1.7071103280466626,0.21116404740986466,0.23934294972545772,0.5494930028646776,0.20526232366460614,0.2551909969884292,0.5395466793469647
2019-20,2020-06-28,Watford,Southampton,A,2,1.4239594354823837,1.1314806652688012,0.43719393105304133,0.26317545961933186,0.2996306093276269,0.38042255784061696,0.2881989074550128,0.3313785347043701
2019-20,2020-06-29,Crystal Palace,Burnley,A,2,1.5079164415801274,1.1022203304438973,0.4657508109835777,0.25692992616235566,0.2773192628540668,0.42285270112708895,0.29731830547998445,0.27982899339292655
2019-20,2020-06-30,Brighton and Hove Albion,Manchester United,A,2,0.9827303414218697,1.7424459554444192,0.21177281860247804,0.2360018161811959,0.552225365216326,0.15858779615324795,0.2504017833998652,0.5910104204468868
2019-20,2020-07-01,Arsenal,Norwich City,H,0,2.0958280992338896,0.756959274277486,0.6840052991750711,0.19262871273062626,0.1233659880943025,0.6627466613514053,0.20091688259916285,0.13633645604943193
2019-20,2020-07-01,Bournemouth,Newcastle United,A,2,1.1252023773623543,1.4461081986986155,0.29401750481471856,0.26154886874645145,0.44443362643883005,0.39616613418530355,0.30670926517571884,0.2971246006389776
2019-20,2020-07-01,Everton,Leicester City,H,0,1.403760958968088,1.1133783458632809,0.4359752978358508,0.2655303577401553,0.29849434442399375,0.38173115277223774,0.2891902672516952,0.329078579976067
2019-20,2020-07-01,West Ham,Chelsea,H,0,0.9980822277824579,2.02740197128467,0.1789897225479349,0.20918551751435283,0.6118247599377123,0.17320838460970087,0.2200106501970796,0.6067809651932196
2019-20,2020-07-02,Manchester City,Liverpool,H,0,1.2967699861926059,1.4624889525717752,0.3352434455002749,0.2539606153290226,0.41079593917070256,0.46579804560260585,0.24484256243213898,0.2893593919652551
2019-20,2020-07-02,Sheffield United,Tottenham,H,0,1.3280287092047156,1.255238793783638,0.38474320672987516,0.2647057409459164,0.35055105232420847,0.22783505154639172,0.28144329896907216,0.4907216494845361
2019-20,2020-07-04,Manchester United,Bournemouth,H,0,2.4899155338621353,0.6108934115439488,0.7845400520730791,0.14452210465696225,0.0709378432699586,0.8177270395074399,0.12647511544381734,0.055797845048742946
2019-20,2020-07-04,Chelsea,Watford,H,0,2.260474229397954,0.7464004586880538,0.7167762793149122,0.17550329542185192,0.10772042526323598,0.6803939122649956,0.20053715308863027,0.11906893464637423
2019-20,2020-07-04,Norwich City,Brighton and Hove Albion,A,2,1.2170691247655696,1.116516946239084,0.38426777786149025,0.28080779297129693,0.33492442916721293,0.288135593220339,0.2796610169491525,0.43220338983050843
2019-20,2020-07-04,Wolverhampton Wanderers,Arsenal,A,2,1.4996867482206957,0.9729391255271879,0.49442476306186,0.26035066026820214,0.24522457666993785,0.4247957712638154,0.2811148486304661,0.2940893801057184
2019-20,2020-07-04,Leicester City,Crystal Palace,H,0,1.5971802062303215,0.9114580407830845,0.5345566633519864,0.25062134083895893,0.21482199580905467,0.5714916760995002,0.26352116175699175,0.16498716214350787
2019-20,2020-07-05,Burnley,Sheffield United,D,1,1.4378724545347845,1.0181230291766863,0.46726218786289,0.26551470164825036,0.2672231104888596,0.3288672350791718,0.31790499390986604,0.3532277710109623
2019-20,2020-07-05,Liverpool,Aston Villa,H,0,3.0056615967871925,0.48186483138995656,0.87095151882057,0.09408565208076797,0.03496282909866205,0.7151598592626587,0.17293865687624294,0.11190148386109836
2019-20,2020-07-05,Newcastle United,West Ham,D,1,1.8570003252941338,0.9686947866725698,0.582010801885916,0.22460126069028305,0.19338793742380087,0.3658536585365854,0.2882483370288249,0.34589800443458985
2019-20,2020-07-05,Southampton,Manchester City,H,0,0.876779817452808,2.215087846599376,0.13525389243765246,0.1869989081351101,0.6777471994272375,0.11166785969935578,0.15819613457408735,0.730136005726557
2019-20,2020-07-06,Tottenham,Everton,H,0,1.4903962758386708,1.1251133694874804,0.4559522342596868,0.2578292775481663,0.2862184881921469,0.45092838196286467,0.2705570291777188,0.27851458885941643
2019-20,2020-07-07,Arsenal,Leicester City,D,1,1.4882850283660731,1.0872433492133409,0.464174741598513,0.25903027832007325,0.2767949800814137,0.41257367387033406,0.27111984282907664,0.3163064833005894
2019-20,2020-07-07,Crystal Palace,Chelsea,A,2,1.065867518931821,1.6765433726247676,0.24118914840878636,0.24239849026669108,0.5164123613245226,0.11160318866253321,0.21080602302922938,0.6775907883082374
2019-20,2020-07-07,Watford,Norwich City,H,0,1.4334510296440226,0.9170893545861936,0.4906798460284107,0.2683458293349911,0.2409743246365981,0.5576208178438662,0.2527881040892193,0.1895910780669145
2019-20,2020-07-08,Sheffield United,Wolverhampton Wanderers,H,0,1.1688708557387122,1.142082669153032,0.3651719933815352,0.2828620484612738,0.351965958157191,0.2501861504095309,0.29709605361131797,0.4527177959791511
2019-20,2020-07-08,West Ham,Burnley,A,2,1.3305345910477955,1.2820846049720132,0.3797834615492674,0.26308253719572455,0.35713400125500794,0.47595118449389806,0.2799712849964106,0.24407753050969133
2019-20,2020-07-08,Brighton and Hove Albion,Liverpool,A,2,0.6512204573369906,2.1624740472901682,0.09827725445323021,0.1793542408011776,0.7223685047455922,0.15854770503220061,0.21969658895916944,0.6217557060086298
2019-20,2020-07-08,Manchester City,Newcastle United,H,0,2.6091571530105035,0.8329427158284199,0.753612135252074,0.15002446774117895,0.09636339700674704,0.8490566037735848,0.10566037735849056,0.045283018867924525
2019-20,2020-07-09,Bournemouth,Tottenham,D,1,1.002498645142565,1.5737380974491229,0.24122227307866215,0.2525648591602887,0.5062128677610491,0.1803677122351528,0.24919223400909268,0.5704400537557545
2019-20,2020-07-09,Everton,Southampton,D,1,1.5249414833098953,0.9165718993461097,0.5148980462958367,0.25839613775465076,0.2267058159495125,0.46400294605045106,0.27177315411526415,0.2642238998342846
2019-20,2020-07-09,Aston Villa,Manchester United,A,2,0.8793924896189911,1.843172266949699,0.17505566014890636,0.22400564151203284,0.6009386983390608,0.10547184773988898,0.18080888183980967,0.7137192704203014
2019-20,2020-07-11,Brighton and Hove Albion,Manchester City,A,2,0.8348348289853069,2.4321661036139215,0.10946491787398673,0.16505501874320883,0.7254800633828045,0.09406734366648851,0.17103153393907003,0.7349011223944415
2019-20,2020-07-11,Liverpool,Burnley,D,1,2.7217927935657475,0.5534185879801056,0.8272608734455938,0.12039782120245536,0.052341305351950744,0.7755791985681615,0.14557024957740877,0.07885055185442974
2019-20,2020-07-11,Norwich City,West Ham,A,2,1.1569176518911877,1.3025365188083464,0.3292017486691488,0.2717670712232057,0.39903118010764543,0.2549019607843137,0.2549019607843137,0.4901960784313726
2019-20,2020-07-11,Sheffield United,Chelsea,H,0,1.2071887777211663,1.6678823070196547,0.2767800163572376,0.24172205745427466,0.48149792618848775,0.15800415800415799,0.24948024948024947,0.5925155925155925
2019-20,2020-07-11,Watford,Newcastle United,H,0,1.2003495958889545,1.2977990240681645,0.3418925762543628,0.2697752247341121,0.38833219901152505,0.5263157894736842,0.2631578947368421,0.21052631578947367
2019-20,2020-07-12,Aston Villa,Crystal Palace,H,0,1.2002136905283165,1.1615005009734263,0.36985187415336557,0.27920393629058265,0.35094418955605167,0.42307692307692313,0.2884615384615385,0.2884615384615385
2019-20,2020-07-12,Bournemouth,Leicester City,H,0,0.9560524437985236,1.571473012175713,0.2298217732760531,0.2531807433791189,0.516997483344828,0.1803677122351528,0.24919223400909268,0.5704400537557545
2019-20,2020-07-12,Tottenham,Arsenal,H,0,1.2698311345036732,1.1576049434301998,0.38995350624147984,0.2742351259643992,0.33581136779412096,0.364835863603847,0.2811382243064939,0.35402591208965895
2019-20,2020-07-12,Wolverhampton Wanderers,Everton,H,0,1.412091834027965,0.8250913404859066,0.5081692265181961,0.2724274744322426,0.2194032990495614,0.46281601771544567,0.28750692009595863,0.24967706218859564
2019-20,2020-07-13,Manchester United,Southampton,D,1,2.2787465072575257,0.7914777687341136,0.7093570477957254,0.17644523726974887,0.1141977149345258,0.7318695941450432,0.17298735861610112,0.09514304723885562
2019-20,2020-07-14,Chelsea,Norwich City,H,0,2.960958966484152,0.5798732620940937,0.8488100658884802,0.10504047801814159,0.04614945609337813,0.8447536353175019,0.09959200753216865,0.05565435715032954
2019-20,2020-07-15,Burnley,Wolverhampton Wanderers,D,1,1.1675136720712478,1.1787417028052367,0.35707319296154394,0.2803540105773655,0.36257279646109053,0.211324570273003,0.28816986855409504,0.5005055611729018
2019-20,2020-07-15,Arsenal,Liverpool,H,0,0.9598260857593343,1.9027900496905215,0.18570334449494078,0.2199596580948294,0.5943369974102297,0.25,0.25,0.5
2019-20,2020-07-15,Newcastle United,Tottenham,A,2,1.1929624313463436,1.428724721489495,0.3148577308154368,0.2604852405490451,0.4246570286355182,0.20665009322560599,0.25015537600994403,0.5431945307644499
2019-20,2020-07-15,Manchester City,Bournemouth,H,0,3.7816238690006108,0.5759872712112709,0.9146876153401438,0.06107503037088748,0.02423735428896877,0.8325171400587659,0.11165523996082272,0.05582761998041136
2019-20,2020-07-16,Crystal Palace,Manchester United,A,2,0.9824871485283722,1.934172976286369,0.18681596533506406,0.2174797941028267,0.5957042405621092,0.10014727540500737,0.20029455081001474,0.6995581737849779
2019-20,2020-07-16,Everton,Aston Villa,D,1,1.6104527336660717,0.8485065996694573,0.5538125717262891,0.24893533098883186,0.197252097284879,0.4751131221719457,0.27149321266968324,0.25339366515837103
2019-20,2020-07-16,Leicester City,Sheffield United,H,0,1.4691877011172463,1.1092724705126369,0.45410880833311207,0.2600887306997039,0.285802460967184,0.46373365041617126,0.2925089179548157,0.24375743162901312
2019-20,2020-07-16,Southampton,Brighton and Hove Albion,D,1,1.7887261424050047,0.950008651989468,0.5710480190859135,0.23102814474572383,0.19792383616836265,0.44134505158578524,0.28754298815437523,0.2711119602598395
2019-20,2020-07-17,West Ham,Watford,H,0,1.748733921394081,1.0596354025437822,0.5351475765719764,0.23582208780576466,0.2290303356222588,0.3956834532374101,0.31654676258992803,0.2877697841726619
2019-20,2020-07-18,Norwich City,Burnley,A,2,0.9305609565440033,1.6161477492759835,0.21687581131220665,0.24860550918933494,0.5345186794984583,0.29731830547998445,0.27982899339292655,0.42285270112708895
2019-20,2020-07-19,Bournemouth,Southampton,A,2,1.2951401632092105,1.498589361204337,0.32807478743107915,0.2516568612593793,0.42026835130954154,0.39622641509433965,0.2641509433962264,0.33962264150943394
2019-20,2020-07-19,Tottenham,Leicester City,H,0,1.49599558232411,1.153011243365828,0.4510147367134715,0.256568080661519,0.2924171826250095,0.4212076583210604,0.2871870397643594,0.2916053019145803
2019-20,2020-07-20,Brighton and Hove Albion,Newcastle United,D,1,1.4035179089881213,1.3603977038571902,0.38250964501469287,0.25464555341846024,0.36284480156684695,0.5005950559352579,0.2797442959638206,0.21966064810092148
2019-20,2020-07-20,Sheffield United,Everton,A,2,1.6270040457102573,0.9201323290607143,0.5398105027156326,0.24744443561003088,0.21274506167433652,0.4337464251668255,0.29361296472831266,0.27264061010486174
2019-20,2020-07-20,Wolverhampton Wanderers,Crystal Palace,H,0,1.8704136245173748,0.7637287914743316,0.6361991583483674,0.21733017696202048,0.1464706646896121,0.6349206349206349,0.23809523809523808,0.12698412698412698
2019-20,2020-07-21,Aston Villa,Arsenal,H,0,1.0091295703290246,1.5307900475191096,0.24964224589008463,0.2566811267723355,0.49367662733757994,0.28668941979522183,0.26279863481228666,0.4505119453924914
2019-20,2020-07-21,Watford,Manchester City,A,2,0.7850827841361998,3.0138651035813733,0.06672094960243989,0.11676619113381671,0.8165128592637434,0.11190148386109836,0.17293865687624294,0.7151598592626587
2019-20,2020-07-22,Liverpool,Chelsea,H,0,2.25452013113896,0.9676066572180843,0.6639224055078452,0.18759638512405205,0.14848120936810275,0.4751131221719458,0.2533936651583711,0.2714932126696833
2019-20,2020-07-22,Manchester United,West Ham,D,1,2.2974072813345328,0.9039727645583786,0.6864949347809868,0.18080978832424674,0.13269527689476643,0.7700592353257942,0.14453419493807215,0.08540656973613354
2019-20,2020-07-26,Burnley,Brighton and Hove Albion,A,2,1.9493894391195612,0.8694408052502651,0.626577383103657,0.212703528834927,0.16071908806141608,0.40208136234626296,0.28027436140018924,0.3176442762535478
2019-20,2020-07-26,Chelsea,Wolverhampton Wanderers,H,0,1.75620320772565,1.0650040807381547,0.5356260569619165,0.2351575531370421,0.2292163899010415,0.5129935875801552,0.24974687816402294,0.2372595342558218
2019-20,2020-07-26,Arsenal,Watford,H,0,1.9730528370985958,0.8052503850784466,0.6474898440506858,0.20779649419941595,0.14471366174989825,0.5,0.25,0.25
2019-20,2020-07-26,Crystal Palace,Tottenham,D,1,1.003242367848678,1.4832631310513993,0.25577031646181564,0.2614415209045176,0.4827881626336668,0.15874177029992684,0.22677395757132407,0.6144842721287491
2019-20,2020-07-26,Everton,Bournemouth,A,2,1.7576962853575617,0.8831362538783789,0.5804805069582278,0.23312990614246706,0.18638958689930524,0.4240687679083095,0.25787965616045844,0.3180515759312321
2019-20,2020-07-26,Leicester City,Manchester United,A,2,1.3684648060472,1.4739793446907055,0.35112510162145405,0.2502425632244049,0.3986323351541409,0.2936129647283127,0.2726406101048618,0.43374642516682554
2019-20,2020-07-26,Southampton,Sheffield United,H,0,1.533311703289337,1.1187726544108554,0.46840174659249756,0.25434820032258737,0.27725005308491507,0.44134505158578524,0.2711119602598395,0.28754298815437523
2019-20,2020-07-26,Manchester City,Norwich City,H,0,4.728918859244071,0.39835908447887053,0.9683855621337251,0.02490449048084397,0.006709947385430898,0.8774082709534912,0.08614553932997915,0.03644618971652964
2019-20,2020-07-26,Newcastle United,Liverpool,A,2,0.7799554953886678,2.644381563583917,0.08629193431023244,0.1436766457411807,0.7700314199485869,0.12589262099973555,0.17984660142819361,0.6942607775720709
2019-20,2020-07-26,West Ham,Aston Villa,D,1,1.7557451211150883,0.9505521702708237,0.5632457311133208,0.2343514707369054,0.2024027981497739,0.31870669745958424,0.26558891454965355,0.4157043879907621
2020-21,2020-09-12,Crystal Palace,Southampton,H,0,1.2529090456309604,1.4663916872692546,0.3233423766929539,0.2554320120023976,0.4212256113046485,0.3065732651396048,0.2924237298254692,0.4010030050349261
2020-21,2020-09-12,Fulham,Arsenal,A,2,1.2991388695555974,1.2999321029683522,0.367827221134333,0.2639738541753812,0.36819892469028576,0.15854770503220061,0.21969658895916944,0.6217557060086298
2020-21,2020-09-12,West Ham,Newcastle United,A,2,1.5691915719783767,0.9634321269181492,0.5146027725939127,0.25336318676514036,0.232034040640947,0.44155844155844154,0.2792207792207792,0.2792207792207792
2020-21,2020-09-13,Tottenham,Everton,A,2,1.6001946707532377,0.8644110595343233,0.5471939599114628,0.25018828833625295,0.20261775175228416,0.517875474669351,0.2632533662902535,0.2188711590403955
2020-21,2020-09-13,West Bromwich Albion,Leicester City,A,2,1.2967625443962174,1.2558265532229567,0.3763133710348446,0.26670592128621856,0.35698070767893697,0.2497331910352187,0.263607257203842,0.4866595517609391
2020-21,2020-09-14,Brighton and Hove Albion,Chelsea,A,2,1.1210854396817251,1.8911643586623357,0.2230192462576577,0.22365609455183674,0.5533246591905056,0.1901023416131962,0.21951771548867918,0.5903799428981247
2020-21,2020-09-14,Sheffield United,Wolverhampton Wanderers,A,2,1.2771233124666685,1.1744725397674698,0.3882936521646444,0.2727286395890585,0.3389777082462971,0.2924237298254692,0.3065732651396048,0.4010030050349261
2020-21,2020-09-19,Arsenal,West Ham,H,0,1.833109782675293,0.9774576538210193,0.5744862817219742,0.22708029879552571,0.19843341948250007,0.6179775280898876,0.21011235955056176,0.17191011235955056
2020-21,2020-09-19,Everton,West Bromwich Albion,H,0,1.5697114778640362,0.9113661680260926,0.5276573686758729,0.2535837459541757,0.21875888536995136,0.6297577854671281,0.2249134948096886,0.14532871972318342
2020-21,2020-09-19,Leeds United,Fulham,H,0,1.3254366826286261,1.2201076735724263,0.39151268459705546,0.26675760699475043,0.3417297084081941,0.5907300817933958,0.2438654953044532,0.16540442290215085
2020-21,2020-09-19,Manchester United,Crystal Palace,A,2,1.9740891765687167,0.7696713509066372,0.65661409224438,0.2061397188003066,0.13724618895531335,0.7282229965156793,0.17212543554006968,0.09965156794425085
2020-21,2020-09-20,Leicester City,Burnley,H,0,1.6723496322323048,1.035363297985716,0.5226898013126623,0.2428936567238754,0.2344165419634623,0.5898914063547392,0.23743129105778257,0.17267730258747824
2020-21,2020-09-20,Chelsea,Liverpool,A,2,1.1830595790886185,1.5955122537736317,0.2828977240668963,0.2478338542812526,0.4692684216518512,0.30579150579150577,0.2633204633204633,0.43088803088803085
2020-21,2020-09-20,Southampton,Tottenham,A,2,1.4158136486546786,1.1374655302343106,0.43369242327315444,0.2636258185450795,0.3026817581817661,0.31496919173613624,0.286335628851033,0.39869517941283067
2020-21,2020-09-20,Newcastle United,Brighton and Hove Albion,A,2,1.5875149350175188,0.9569018721366774,0.5208347148572409,0.25152379978853406,0.22764148535422515,0.364347434374872,0.3055817191531185,0.3300708464720095
2020-21,2020-09-21,Aston Villa,Sheffield United,H,0,1.2941790232031458,1.1624121724118046,0.39555732146778466,0.27211473838538236,0.332327940146833,0.3505345394736841,0.30530427631578944,0.34416118421052627
2020-21,2020-09-21,Wolverhampton Wanderers,Manchester City,A,2,1.1820929602148331,2.0595144055963384,0.2136598778055564,0.21059995217015787,0.5757401700242857,0.14631673800405498,0.2196440639783735,0.6340391980175715
2020-21,2020-09-26,Brighton and Hove Albion,Manchester United,A,2,1.1595706233795895,1.3962403634204894,0.3121097415489961,0.2643317788555316,0.42355847959547227,0.19887458567794647,0.2519078085253989,0.5492176057966546
2020-21,2020-09-26,Burnley,Southampton,A,2,1.5371920818797438,1.2225800462569667,0.44583063117681704,0.25134008374153943,0.3028292850816436,0.29753038024304196,0.28851430811446493,0.4139553116424932
2020-21,2020-09-26,Crystal Palace,Everton,A,2,1.2981189288156871,1.2947520422126242,0.3686187892732719,0.264341768650017,0.367039442076711,0.2538354253835426,0.29288702928870297,0.4532775453277546
2020-21,2020-09-26,West Bromwich Albion,Chelsea,D,1,1.0539624108865353,1.7101992983772105,0.23330069427441932,0.23934622481637177,0.5273530809092088,0.10512611879576893,0.19918633034987795,0.6956875508543532
2020-21,2020-09-27,Manchester City,Leicester City,A,2,2.454169168594598,0.8810331608372015,0.7187589455897403,0.16585550321728054,0.11538555119297922,0.7418011452368558,0.15825091098386257,0.09994794377928162
2020-21,2020-09-27,Sheffield United,Leeds United,A,2,1.425222080098912,1.0377179004895851,0.4592480248854454,0.26616367010958664,0.274588305004968,0.3510353227771011,0.28721071863581,0.36175395858708886
2020-21,2020-09-27,Tottenham,Newcastle United,D,1,1.7028155164367735,0.8590792378911153,0.5736214164675602,0.2386860572815136,0.18769252625092628,0.6538661131292164,0.21069019200830302,0.13544369486248053
2020-21,2020-09-27,West Ham,Wolverhampton Wanderers,H,0,1.1573938561120733,1.2703191944219776,0.3356568272251505,0.2742099706639362,0.3901332021109132,0.2642238998342847,0.2717731541152642,0.46400294605045117
2020-21,2020-09-28,Fulham,Aston Villa,A,2,1.3371923534617431,1.0964307421573178,0.4219489633399366,0.2718945076403667,0.30615652901969675,0.3276209677419355,0.2923387096774194,0.3800403225806452
2020-21,2020-09-28,Liverpool,Arsenal,H,0,2.2437705884594057,0.8209448734981447,0.6961835781468014,0.18141888565340591,0.12239753619979271,0.6543046357615894,0.1997350993377483,0.14596026490066225
2020-21,2020-10-03,Everton,Brighton and Hove Albion,H,0,1.9082976747535667,0.9549507846545069,0.5967314374244967,0.219308608684251,0.18395995389125222,0.5503577325261421,0.25243074665199045,0.19721152082186755
2020-21,2020-10-03,Chelsea,Crystal Palace,H,0,1.8425934728896893,0.8617620656956388,0.6052215182373542,0.2236001756898468,0.17117830607279902,0.6803939122649956,0.20053715308863027,0.11906893464637423
2020-21,2020-10-03,Newcastle United,Burnley,H,0,1.3258048060428451,1.163872903862893,0.40380289630189153,0.2696202881188971,0.3265768155792112,0.39616613418530355,0.2971246006389776,0.30670926517571884
2020-21,2020-10-03,Leeds United,Manchester City,D,1,1.038292978183467,2.0504820253324976,0.18465962063680985,0.2082178488354851,0.607122530527705,0.12589262099973555,0.17984660142819361,0.6942607775720709
2020-21,2020-10-04,Arsenal,Sheffield United,H,0,1.7879132320387914,0.9355068464579698,0.5744360310487303,0.23088376487766565,0.19468020407360404,0.6045340050377834,0.23727959697732998,0.15818639798488665
2020-21,2020-10-04,Aston Villa,Liverpool,H,0,0.8411547458440918,2.0413566055036707,0.14515626929800532,0.2022506960155944,0.6525930346864003,0.09514304723885564,0.17298735861610115,0.7318695941450433
2020-21,2020-10-04,Leicester City,West Ham,A,2,1.8926937180352301,0.9489336549708118,0.5947692918450287,0.22069108191811707,0.18453962623685427,0.591715976331361,0.22682445759368838,0.1814595660749507
2020-21,2020-10-04,Manchester United,Tottenham,A,2,1.5944068555178594,1.0955943158583334,0.48919154025160266,0.24947948864276906,0.2613289711056283,0.5129935875801552,0.24974687816402294,0.2372595342558218
2020-21,2020-10-04,Southampton,West Bromwich Albion,H,0,1.7097047361444042,0.8817129829563503,0.5695349504383366,0.23826398693580952,0.19220106262585396,0.5510440835266821,0.24941995359628769,0.19953596287703013
2020-21,2020-10-04,Wolverhampton Wanderers,Fulham,H,0,1.679426158639105,0.8314802609026138,0.5750609479032499,0.24088139242079026,0.1840576596759599,0.6349206349206349,0.23809523809523808,0.12698412698412698
2020-21,2020-10-17,Chelsea,Southampton,D,1,1.7720421472236425,0.9320684495411043,0.5716125281528279,0.23244584570551222,0.19594162614165989,0.6543046357615894,0.1997350993377483,0.14596026490066225
2020-21,2020-10-17,Everton,Liverpool,D,1,1.2027764966711687,1.7310850280237025,0.26555115140050783,0.2368355946583005,0.4976132539411916,0.25367592455072036,0.2264963612060003,0.5198277142432793
2020-21,2020-10-17,Manchester City,Arsenal,H,0,2.0863981233027626,0.9785092406831419,0.6286133889196153,0.20315389578433535,0.16823271529604947,0.6624541377904607,0.1907867916836527,0.14675907052588671
2020-21,2020-10-17,Newcastle United,Manchester United,A,2,1.2276594208191884,1.2894852493604967,0.35090706898235235,0.26881217293934706,0.3802807580783005,0.19806114839671882,0.23519761372110362,0.5667412378821775
2020-21,2020-10-18,Sheffield United,Fulham,D,1,1.4866650037471068,0.9276610805671142,0.5021715718107377,0.2623980680289013,0.23543036016036098,0.4537346711259755,0.28874024526198444,0.25752508361204013
2020-21,2020-10-18,Tottenham,West Ham,D,1,1.920846222742762,1.0128087252850373,0.5855075130559464,0.2193965344117086,0.195095952532345,0.6067809651932196,0.2200106501970796,0.17320838460970087
2020-21,2020-10-18,Crystal Palace,Brighton and Hove Albion,D,1,1.476812465233683,1.1925578275407844,0.4371824931474871,0.25683942628380474,0.3059780805687081,0.36175395858708886,0.28721071863581,0.3510353227771011
2020-21,2020-10-18,Leicester City,Aston Villa,A,2,1.6729397532739338,1.0450032581978106,0.5205198362955407,0.24281064393994115,0.23666951976451822,0.5186936112128375,0.24979192329460334,0.23151446549255922
2020-21,2020-10-19,Leeds United,Wolverhampton Wanderers,A,2,1.4064952236044976,1.1251827064130502,0.4340140516765803,0.2648569022198001,0.30112904610361957,0.38042255784061696,0.2881989074550128,0.3313785347043701
2020-21,2020-10-19,West Bromwich Albion,Burnley,D,1,1.228106053726768,1.2720620896318753,0.35454676565769994,0.2699596112866139,0.37549362305568623,0.3865105008077544,0.28695476575121165,0.32653473344103395
2020-21,2020-10-23,Aston Villa,Leeds United,A,2,1.5620380164900134,1.054384247749674,0.4907964888748678,0.25302159824779685,0.25618191287733527,0.4612804025719877,0.2521666200726866,0.28655297735532564
2020-21,2020-10-24,Fulham,Crystal Palace,A,2,1.3435181257073998,1.1014234927187476,0.42253318586007355,0.2711316534810742,0.3063351606588523,0.34416118421052627,0.30530427631578944,0.3505345394736841
2020-21,2020-10-24,Liverpool,Sheffield United,H,0,2.827567320268922,0.641798953613671,0.8221908856887348,0.11938653144446279,0.058422582866802436,0.7755791985681615,0.14557024957740877,0.07885055185442974
2020-21,2020-10-24,Manchester United,Chelsea,D,1,1.5123959594455056,1.3119455079490916,0.4201329421731041,0.2501357778392453,0.32973127998765056,0.3992395437262357,0.2628326996197719,0.33792775665399244
2020-21,2020-10-24,West Ham,Manchester City,D,1,1.1057101469385884,1.81670177681238,0.22999532809774023,0.2299488601932984,0.5400558117089613,0.11896034655114963,0.18127290903032325,0.6997667444185273
2020-21,2020-10-25,Arsenal,Leicester City,A,2,1.5596707627633974,1.094263301488159,0.4807875750081708,0.2525649739709251,0.2666474510209041,0.4983388704318937,0.25249169435215946,0.24916943521594684
2020-21,2020-10-25,Southampton,Everton,H,0,1.337145738718484,1.4797919074826351,0.3421632793017584,0.25121429955139796,0.4066224211468437,0.34634974533106966,0.28013582342954163,0.3735144312393889
2020-21,2020-10-25,Wolverhampton Wanderers,Newcastle United,D,1,1.650421297796285,0.9501725452220466,0.5381092359545083,0.24506791998191554,0.2168228440635761,0.5454545454545455,0.27272727272727276,0.18181818181818185
2020-21,2020-10-26,Brighton and Hove Albion,West Bromwich Albion,D,1,1.5946895710053117,0.9315715925371524,0.528910517721444,0.2508652023305317,0.22022427994802418,0.5608856088560886,0.23837638376383766,0.2007380073800738
2020-21,2020-10-26,Burnley,Tottenham,A,2,1.1889553131586266,1.5829907602397033,0.28648019063804075,0.2486959370819891,0.4648238722799702,0.16580310880829016,0.2383419689119171,0.5958549222797929
2020-21,2020-10-30,Wolverhampton Wanderers,Crystal Palace,H,0,1.5632032009181975,0.9627332225927124,0.5132560962875815,0.253981897416306,0.23276200629611254,0.4791810762207774,0.2994881726379859,0.22133075114123665
2020-21,2020-10-31,Sheffield United,Manchester City,A,2,0.9611078553207472,1.694411401366931,0.21327886246842795,0.2406330768372239,0.5460880606943481,0.09994794377928162,0.15825091098386257,0.7418011452368558
2020-21,2020-10-31,Burnley,Chelsea,A,2,1.0975644982068067,1.4146460967543029,0.29234250370650167,0.2651719517922123,0.44248554450128613,0.15789473684210528,0.2105263157894737,0.6315789473684211
2020-21,2020-10-31,Liverpool,West Ham,H,0,2.680922134386363,0.7982017398915753,0.7713733503330867,0.1419940167540732,0.08663263291284004,0.6942607775720708,0.1798466014281936,0.12589262099973553
2020-21,2020-11-01,Aston Villa,Southampton,A,2,1.4309189506444475,1.1390839270892463,0.4372975317198083,0.26232955072016695,0.30037291756002465,0.3883495145631068,0.27184466019417475,0.33980582524271846
2020-21,2020-11-01,Manchester United,Arsenal,A,2,1.5695238329841077,1.0181952523548152,0.501353321764824,0.25280336191850644,0.2458433163166696,0.47368421052631576,0.2631578947368421,0.2631578947368421
2020-21,2020-11-01,Newcastle United,Everton,H,0,1.2118792496274937,1.5514079776908871,0.2976459164947767,0.25057092907892453,0.4517831544262988,0.2568638290031325,0.2795282845034089,0.4636078864934587
2020-21,2020-11-01,Tottenham,Brighton and Hove Albion,H,0,2.1361532332691713,0.9115831316670409,0.6544230936963442,0.19598613451178143,0.14959077179187438,0.5898914063547392,0.23743129105778257,0.17267730258747824
2020-21,2020-11-02,Fulham,West Bromwich Albion,H,0,1.383933779459784,1.0159830544989281,0.4533102044623413,0.27079254160702726,0.27589725393063136,0.3956834532374101,0.2877697841726619,0.31654676258992803
2020-21,2020-11-02,Leeds United,Leicester City,A,2,1.4738736369320051,1.1351851852276666,0.449376968172618,0.25891656434060023,0.29170646748678186,0.3775518373228725,0.26218877591866147,0.3602593867584661
2020-21,2020-11-06,Brighton and Hove Albion,Burnley,D,1,1.3892441518223821,0.9933277253412465,0.46014859763609856,0.2710084467042688,0.2688429556596326,0.511293669135136,0.2702552251142862,0.21845110575057775
2020-21,2020-11-06,Southampton,Newcastle United,H,0,1.537945589264147,0.9926900511824127,0.49949189661195903,0.2562116849033969,0.244296418484644,0.47707736389684813,0.26504297994269344,0.2578796561604584
2020-21,2020-11-07,Chelsea,Sheffield United,H,0,2.044740849954425,0.7525171100080792,0.6751498823507673,0.19775220650874242,0.12709791114049013,0.6983240223463686,0.18994413407821228,0.11173184357541899
2020-21,2020-11-07,Crystal Palace,Leeds United,H,0,1.3603056510393798,1.3542328146639295,0.37270467799946516,0.25738250285381686,0.36991281914671803,0.3316148808694441,0.27992197296920723,0.38846314616134875
2020-21,2020-11-07,Everton,Manchester United,A,2,1.4130452654383645,1.1743773834891373,0.4246832155905463,0.2624192010493879,0.3128975833600658,0.32763251441662067,0.2714669405166285,0.40090054506675094
2020-21,2020-11-07,West Ham,Fulham,H,0,1.6034146035133958,0.9622350102717919,0.5235050773859485,0.24987186120805177,0.2266230614059997,0.5198277142432793,0.25367592455072036,0.2264963612060003
2020-21,2020-11-08,Arsenal,Aston Villa,A,2,1.639938119290492,1.0605413893584317,0.5087502130488235,0.24577608072437462,0.24547370622680187,0.5772208925805997,0.23229621286780233,0.19048289455159792
2020-21,2020-11-08,Leicester City,Wolverhampton Wanderers,H,0,1.4920935842943996,1.0084254773582266,0.4838433440019814,0.2604717423586986,0.2556849136393201,0.41212601545472566,0.29621557360808404,0.2916584109371904
2020-21,2020-11-08,Manchester City,Liverpool,D,1,1.3454645528460318,1.5130600993723753,0.3379689194321415,0.24884385192732852,0.41318722864052987,0.4907216494845361,0.22783505154639172,0.28144329896907216
2020-21,2020-11-08,West Bromwich Albion,Tottenham,A,2,0.9924794907963443,1.7494524405419558,0.2131047997818804,0.23539672081452495,0.5514984794035946,0.13433250960129228,0.2171657199097104,0.6485017704889973
2020-21,2020-11-21,Aston Villa,Brighton and Hove Albion,A,2,1.7724718135584727,0.9340816698481677,0.5712140684372353,0.23243231584602705,0.19635361571673768,0.4407039020657995,0.2631981637337414,0.29609793420045905
2020-21,2020-11-21,Manchester United,West Bromwich Albion,H,0,1.8951668285997374,0.6872988463275566,0.6611886557389738,0.21117648452155016,0.12763485973947608,0.7282229965156793,0.17212543554006968,0.09965156794425085
2020-21,2020-11-21,Newcastle United,Chelsea,A,2,1.117383140704663,1.4967556762795864,0.28312777086438073,0.2575020178091722,0.45937021132644706,0.14596026490066225,0.1997350993377483,0.6543046357615894
2020-21,2020-11-21,Tottenham,Manchester City,H,0,1.3585951081364485,1.2663491983142203,0.39045030747294646,0.2621225766227525,0.3474271159043012,0.23684210526315788,0.23684210526315788,0.5263157894736842
2020-21,2020-11-22,Fulham,Everton,A,2,1.2812685016288634,1.259489014527932,0.3714130245344077,0.26748102582090444,0.3611059496446879,0.24342105263157898,0.24342105263157898,0.513157894736842
2020-21,2020-11-22,Leeds United,Arsenal,D,1,1.3553661857985615,1.1796202436163772,0.4082696338079704,0.26660493970105476,0.3251254264909747,0.3160919540229885,0.25287356321839083,0.4310344827586207
2020-21,2020-11-22,Liverpool,Leicester City,H,0,2.1716647428091527,0.8488166962649096,0.6762212119224901,0.189749369847252,0.134029418230258,0.5129935875801552,0.2372595342558218,0.24974687816402294
2020-21,2020-11-22,Sheffield United,West Ham,A,2,1.2876287328176266,1.2080620682924352,0.38393852405307394,0.27006195202272354,0.3459995239242025,0.3151515151515151,0.2909090909090909,0.393939393939394
2020-21,2020-11-23,Burnley,Crystal Palace,H,0,1.2732907320762115,1.1165712639098928,0.399914049409228,0.2762476722383973,0.3238382783523747,0.3463687150837989,0.30726256983240224,0.3463687150837989
2020-21,2020-11-23,Wolverhampton Wanderers,Southampton,D,1,1.3845516484633533,0.9851529393140903,0.4608368329296839,0.271735580864414,0.267427586205902,0.41401273885350315,0.2929936305732484,0.2929936305732484
2020-21,2020-11-27,Crystal Palace,Newcastle United,A,2,1.5014463475410158,0.9820247405629,0.49266742834065436,0.26002347167702045,0.24730909998232528,0.45925577013659924,0.2896844088553933,0.25105982100800756
2020-21,2020-11-28,Everton,Leeds United,A,2,1.5552054747274748,1.1622614104216886,0.46394428946153676,0.2515212636778789,0.28453444686058443,0.4866595517609391,0.2497331910352187,0.263607257203842
2020-21,2020-11-28,Brighton and Hove Albion,Liverpool,D,1,0.8151880491112014,2.266510029283498,0.11942378654477688,0.17895249642418432,0.7016237170310388,0.1720368389470114,0.22528633671632445,0.6026768243366641
2020-21,2020-11-28,West Bromwich Albion,Sheffield United,H,0,1.3601151195486338,1.0676123710036773,0.43477220121565363,0.27110735270044034,0.294120446083906,0.3648208469055374,0.29641693811074915,0.33876221498371334
2020-21,2020-11-28,Manchester City,Burnley,H,0,2.168009301073661,0.6595112295155924,0.7213278681124446,0.1793177524046563,0.09935437948289906,0.8148852369957897,0.12603558332201548,0.05907917968219475
2020-21,2020-11-29,Arsenal,Wolverhampton Wanderers,A,2,1.3742741822068125,1.0281296171137098,0.44782180487639145,0.2712970771379533,0.2808811179856552,0.4652011310772599,0.2804889172671714,0.25430995165556874
2020-21,2020-11-29,Chelsea,Tottenham,D,1,1.5271525534959018,1.0568653366893657,0.48132837219892566,0.25620004604893254,0.2624715817521418,0.46400294605045106,0.27177315411526415,0.2642238998342846
2020-21,2020-11-29,Southampton,Manchester United,A,2,1.2591313769676495,1.2415792946677435,0.3691859140430958,0.2699922648746076,0.36082182108229655,0.23842794759825325,0.2724890829694323,0.48908296943231444
2020-21,2020-11-30,Leicester City,Fulham,A,2,2.056232392829799,0.9262684581896894,0.6349523235472356,0.20414818423356146,0.16089949221920297,0.6340391980175715,0.2196440639783735,0.14631673800405498
2020-21,2020-11-30,West Ham,Aston Villa,H,0,1.48962818393287,1.1720013882861888,0.4450819409651389,0.25650695330161377,0.2984111057332473,0.42105263157894735,0.2631578947368421,0.3157894736842105
2020-21,2020-12-05,Chelsea,Leeds United,H,0,1.8489185413956797,0.9646587074822314,0.5811787326468925,0.22531399596140333,0.1935072713917042,0.631578947368421,0.21052631578947367,0.15789473684210525
2020-21,2020-12-05,Burnley,Everton,D,1,1.2720522218890271,1.1700555660185654,0.387863422339587,0.2733572365172821,0.3387793411431309,0.23539823008849559,0.26902654867256637,0.49557522123893805
2020-21,2020-12-05,West Ham,Manchester United,A,2,1.1188098443024364,1.4118603077944651,0.29847043359078274,0.26464589611105527,0.436883670298162,0.2631578947368421,0.2631578947368421,0.47368421052631576
2020-21,2020-12-05,Manchester City,Fulham,H,0,2.4259178348534434,0.7286436423411914,0.7484395491504358,0.15884819782327897,0.09271225302628523,0.8636363636363636,0.08636363636363636,0.05
2020-21,2020-12-06,Liverpool,Wolverhampton Wanderers,H,0,2.1586742303107953,0.8171705831547279,0.6813458368616968,0.18942956658768956,0.12922459655061372,0.6340391980175715,0.2196440639783735,0.14631673800405498
2020-21,2020-12-06,Sheffield United,Leicester City,A,2,1.1955568912996852,1.7254616154195663,0.2647282728940314,0.2373455993424072,0.4979261277635614,0.24786635191574355,0.2691120392228073,0.483021608861449
2020-21,2020-12-06,Tottenham,Arsenal,H,0,1.6512084915886456,0.8622266512872929,0.5603611607041753,0.24445481867670468,0.19518402061911994,0.4866595517609392,0.26360725720384204,0.24973319103521877
2020-21,2020-12-06,West Bromwich Albion,Crystal Palace,A,2,1.3017294709710716,1.2486078686302222,0.3791491825784669,0.2667975543415135,0.35405326308001966,0.33086670045615807,0.2967460719716168,0.37238722757222503
2020-21,2020-12-07,Brighton and Hove Albion,Southampton,A,2,1.2703790121227214,1.0969805306506601,0.4034715959524452,0.27755017720598046,0.31897822684157434,0.3898003558015417,0.2808855505040522,0.329314093694406
2020-21,2020-12-11,Leeds United,West Ham,A,2,1.5756861772867552,1.2563872643774254,0.4479442131269882,0.24757967509611328,0.3044761117768985,0.43963204292832503,0.2554618627826753,0.3049060942889996
2020-21,2020-12-12,Everton,Chelsea,H,0,1.201324396764596,1.8262879706706565,0.2505501930024189,0.22933431400433624,0.5201154929932449,0.21843546363997918,0.22519656132407379,0.556367975035947
2020-21,2020-12-12,Manchester United,Manchester City,D,1,1.3539815912512212,1.429927048626558,0.35601688479281013,0.253447436994063,0.39053567821312696,0.21985781067393842,0.22666293338527463,0.553479255940787
2020-21,2020-12-12,Newcastle United,West Bromwich Albion,H,0,1.6133628464488114,0.8616571620980638,0.5511786747976336,0.24869124603044065,0.20013007917192566,0.3872529245663574,0.2964905203711174,0.3162565550625252
2020-21,2020-12-12,Wolverhampton Wanderers,Aston Villa,A,2,1.7216527708785123,1.0945164248528665,0.5204596167738846,0.23825682979765261,0.24128355342846278,0.4193548387096774,0.2903225806451613,0.2903225806451613
2020-21,2020-12-13,Arsenal,Burnley,A,2,1.6071506479714004,0.8653875584301413,0.5486823190860349,0.2494105951769411,0.20190708573702396,0.621470932916652,0.22639298270535177,0.1521360843779964
2020-21,2020-12-13,Crystal Palace,Tottenham,D,1,1.066510749158771,1.338560076326081,0.29775104115741824,0.2730869323493445,0.4291620264932372,0.20963810238139882,0.2418901181323833,0.548471779486218
2020-21,2020-12-13,Fulham,Liverpool,D,1,0.8441365623789437,2.2278623899387204,0.1280313217469806,0.18415741834761667,0.6878112599054027,0.10460863204096563,0.17117776152158012,0.7242136064374544
2020-21,2020-12-13,Leicester City,Brighton and Hove Albion,H,0,1.9524207218887348,1.0014980615902564,0.5950859959372077,0.21621242031663235,0.18870158374615992,0.4767025089605735,0.27240143369175623,0.25089605734767023
2020-21,2020-12-13,Southampton,Sheffield United,H,0,1.8629825697370432,0.8748304535975818,0.6064889145232463,0.2218107389714603,0.1717003465052934,0.5576208178438662,0.2527881040892193,0.1895910780669145
2020-21,2020-12-15,Manchester City,West Bromwich Albion,D,1,2.7249609819689735,0.5700383901461802,0.8242680103387798,0.12151221905705412,0.054219770604166044,0.868812998345118,0.08609146983601625,0.04509553181886565
2020-21,2020-12-15,Wolverhampton Wanderers,Chelsea,H,0,1.2460702723402786,1.5688341138686637,0.3031219654787109,0.24835400369096952,0.4485240308303196,0.1803677122351528,0.24919223400909268,0.5704400537557545
2020-21,2020-12-16,Arsenal,Southampton,D,1,1.326591528484687,1.1881071973401234,0.39872088915469267,0.2683365695955024,0.33294254124980494,0.42217898832684825,0.2714007782101167,0.306420233463035
2020-21,2020-12-16,Fulham,Brighton and Hove Albion,D,1,1.5043767697976294,1.2911677323349255,0.4225772576166227,0.2514179671195304,0.32600477526384697,0.3313785347043702,0.28819890745501286,0.380422557840617
2020-21,2020-12-16,Leeds United,Newcastle United,H,0,1.494512917491531,1.1625776236178533,0.44846369111052276,0.25640516558342724,0.29513114330605,0.5429892624813857,0.23755780233560622,0.21945293518300807
2020-21,2020-12-16,Leicester City,Everton,A,2,1.6681236029143705,1.1045619699403153,0.5052251624815729,0.24290557101244845,0.25186926650597863,0.4427206508371961,0.2644026109166588,0.29287673824614513
2020-21,2020-12-16,Liverpool,Tottenham,H,0,1.9412591359930225,0.8421540683724521,0.6316172584509965,0.21257995905479868,0.15580278249420487,0.540711462450593,0.24901185770750991,0.21027667984189727
2020-21,2020-12-16,West Ham,Crystal Palace,D,1,1.6399728615713525,1.086170256450674,0.5026829515272605,0.2455528138481795,0.25176423462455993,0.4603234298608499,0.27754795035727714,0.26212861978187285
2020-21,2020-12-17,Aston Villa,Burnley,D,1,1.6585584739407866,0.9602215813201387,0.5376187934811956,0.24425886477610637,0.21812234174269812,0.540711462450593,0.24901185770750991,0.21027667984189727
2020-21,2020-12-17,Sheffield United,Manchester United,A,2,0.9359955566443463,1.9847545891011595,0.17086423624957586,0.2113571099702027,0.6177786537802215,0.1354490430230656,0.20611810894814334,0.6584328480287911
2020-21,2020-12-19,Crystal Palace,Liverpool,A,2,0.8957184881206818,1.934314874884095,0.1680279969717214,0.21509573117109007,0.6168762718571885,0.14631673800405498,0.2196440639783735,0.6340391980175715
2020-21,2020-12-19,Everton,Arsenal,H,0,1.6445010981326937,0.993655135839921,0.5259840763354949,0.2456664616270527,0.22834946203745238,0.3883495145631068,0.27184466019417475,0.33980582524271846
2020-21,2020-12-19,Newcastle United,Fulham,D,1,1.5228199466082069,1.0450793356845482,0.48301573897304645,0.256827048188725,0.2601572128382287,0.3800403225806452,0.2923387096774194,0.3276209677419355
2020-21,2020-12-19,Southampton,Manchester City,A,2,1.1306616743342293,1.69228162643923,0.25442315684611444,0.2406173303728289,0.5049595127810567,0.1348314606741573,0.2097378277153558,0.6554307116104868
2020-21,2020-12-20,Tottenham,Leicester City,A,2,1.5759795620585937,1.0053935971916061,0.5060768309009693,0.2523163408019554,0.2416068282970754,0.46400294605045106,0.27177315411526415,0.2642238998342846
2020-21,2020-12-20,Brighton and Hove Albion,Sheffield United,D,1,1.6660859918137445,0.9692630422154701,0.537229245016362,0.24351774061279788,0.21925301437084008,0.5747126436781609,0.2528735632183908,0.17241379310344826
2020-21,2020-12-20,Manchester United,Leeds United,H,0,2.087808163584078,1.0248391341356453,0.6179717669754111,0.20451107008101096,0.17751716294357786,0.5706913317009736,0.21878697704933397,0.21052169124969247
2020-21,2020-12-20,West Bromwich Albion,Aston Villa,A,2,1.1947317363946923,1.5312599833578895,0.2968573209813031,0.2525828247265672,0.45055985429212975,0.263607257203842,0.2497331910352187,0.4866595517609391
2020-21,2020-12-21,Burnley,Wolverhampton Wanderers,H,0,1.189601730285972,1.3087405771605463,0.3368343946832897,0.26956900871673384,0.39359659659997653,0.2726406101048618,0.2936129647283127,0.43374642516682554
2020-21,2020-12-21,Chelsea,West Ham,H,0,1.9275282617316973,0.9191577915955298,0.6096577280550136,0.21647398286760736,0.17386828907737897,0.6585879873551107,0.1896733403582719,0.15173867228661753
2020-21,2020-12-26,Arsenal,Chelsea,H,0,1.1533736285977008,1.5508613662130588,0.2830363409198094,0.25208236439214077,0.46488129468804984,0.23717059639389737,0.2635228848821082,0.49930651872399445
2020-21,2020-12-26,Aston Villa,Crystal Palace,H,0,1.6800941667744063,0.9517944942298738,0.5449314710955794,0.24203673122521016,0.2130317976792105,0.4983388704318937,0.25249169435215946,0.24916943521594684
2020-21,2020-12-26,Fulham,Southampton,D,1,1.1998171692090314,1.3351828864662967,0.3344059544684741,0.26711285646055644,0.3984811890709695,0.29753038024304196,0.28851430811446493,0.4139553116424932
2020-21,2020-12-26,Leicester City,Manchester United,D,1,1.3076345909752904,1.527685510509037,0.325834855710048,0.24929261656001533,0.4248725277299366,0.32611264277274515,0.26270185112248917,0.4111855061047657
2020-21,2020-12-26,Manchester City,Newcastle United,H,0,2.4067981668773566,0.6520528702150018,0.7628637508261733,0.1552159549849615,0.08192029418886516,0.8551239929789819,0.094918763220667,0.049957243800351055
2020-21,2020-12-26,Sheffield United,Everton,A,2,1.0862054492285382,1.6246106271599552,0.25418387555935573,0.24692236165206713,0.4988937627885772,0.2253807106598985,0.2629441624365483,0.5116751269035533
2020-21,2020-12-27,Leeds United,Burnley,H,0,1.6382890879591292,1.1710395861222307,0.48253856067271167,0.24462486386020338,0.27283657546708495,0.5472768867149485,0.2353290612874278,0.21739405199762382
2020-21,2020-12-27,Liverpool,West Bromwich Albion,D,1,2.9885486472916387,0.5071833877064263,0.8648127712737171,0.09730253046657297,0.03788469825970989,0.8551239929789819,0.094918763220667,0.049957243800351055
2020-21,2020-12-27,West Ham,Brighton and Hove Albion,D,1,1.5853263135277555,1.1496759539631074,0.47436648501437356,0.24932714327644512,0.2763063717091813,0.41349548842683415,0.2797175362887407,0.3067869752844253
2020-21,2020-12-27,Wolverhampton Wanderers,Tottenham,D,1,1.2984330075080803,1.111841199163152,0.4078893887932085,0.2744263531148593,0.3176842580919322,0.2644026109166588,0.29287673824614513,0.4427206508371961
2020-21,2020-12-28,Chelsea,Aston Villa,D,1,1.9485605364781002,1.210578232815899,0.5454254033926194,0.21973339548915988,0.2348412011182207,0.5863956215793589,0.2247849882720876,0.1888193901485536
2020-21,2020-12-28,Crystal Palace,Leicester City,D,1,1.1846442466793183,1.443203603831482,0.3100332998809115,0.2596978028130136,0.43026889730607504,0.25339366515837103,0.27149321266968324,0.4751131221719457
2020-21,2020-12-29,Brighton and Hove Albion,Arsenal,A,2,1.3061007328308711,1.247523690051774,0.38054246173062256,0.2665720239291198,0.3528855143402577,0.2936129647283127,0.2726406101048618,0.43374642516682554
2020-21,2020-12-29,West Bromwich Albion,Leeds United,A,2,1.2049310470363477,1.522606223578234,0.3009583698494105,0.25295355765351846,0.446088072497071,0.2631578947368421,0.2631578947368421,0.47368421052631576
2020-21,2020-12-29,Burnley,Sheffield United,H,0,1.6970559204618798,0.8877912241889359,0.5649818882411567,0.23970938203575387,0.19530872972308955,0.4010030050349261,0.3065732651396048,0.2924237298254692
2020-21,2020-12-29,Southampton,West Ham,D,1,1.5746011958721975,0.9728280865083299,0.5136644728982491,0.2527415942953072,0.23359393280644364,0.45434298440979953,0.2650334075723831,0.2806236080178174
2020-21,2020-12-29,Manchester United,Wolverhampton Wanderers,H,0,1.9577142214672947,0.8761874783619024,0.6266783241752447,0.21208648822442683,0.16123518760032854,0.621470932916652,0.22639298270535177,0.1521360843779964
2020-21,2020-12-30,Newcastle United,Liverpool,D,1,0.8370444122278121,2.103126833773007,0.13825087338059594,0.1958809168911111,0.665868209728293,0.07936507936507936,0.15873015873015872,0.7619047619047619
2020-21,2021-01-01,Everton,West Ham,A,2,1.6504774281657237,0.8864539172423284,0.5540425781621551,0.24474923071989185,0.20120819111795318,0.4545454545454546,0.27272727272727276,0.27272727272727276
2020-21,2021-01-01,Manchester United,Aston Villa,H,0,2.0658990511291533,1.0399938672687006,0.6099166947990463,0.20689645746927737,0.18318684773167637,0.549738219895288,0.225130890052356,0.225130890052356
2020-21,2021-01-02,Brighton and Hove Albion,Wolverhampton Wanderers,D,1,1.194144527226082,1.2156427030358512,0.35682482243702335,0.2759405685331376,0.3672346090298391,0.3624657812024739,0.2922031836155328,0.3453310351819934
2020-21,2021-01-02,Crystal Palace,Sheffield United,H,0,1.649149820412022,0.9496017570434548,0.5379388439349063,0.2451972833002752,0.21686387276481844,0.48611111111111116,0.2708333333333333,0.24305555555555558
2020-21,2021-01-02,Tottenham,Leeds United,H,0,1.6896848767853476,1.0805503978715716,0.5161025338149723,0.24114667384519756,0.2427507923398302,0.5424476295479603,0.23153252480705624,0.22601984564498345
2020-21,2021-01-02,West Bromwich Albion,Arsenal,A,2,1.0254839079976414,1.4891655161307922,0.2606066358875208,0.2604047608542313,0.4789886032582479,0.1639365659466162,0.2356588135482608,0.600404620505123
2020-21,2021-01-03,Chelsea,Manchester City,A,2,1.23814639101331,1.6041211644978195,0.2950328296180502,0.24596647407314337,0.4590006963088063,0.315015479876161,0.25541795665634676,0.4295665634674923
2020-21,2021-01-03,Newcastle United,Leicester City,A,2,1.180805416687243,1.394207732888316,0.31809344993832145,0.263602738616818,0.4183038114448605,0.1814595660749507,0.22682445759368838,0.591715976331361
2020-21,2021-01-04,Southampton,Liverpool,H,0,0.9491152219939414,1.6509514606571836,0.21648837067980614,0.24501109055354534,0.5385005387666486,0.1901023416131962,0.21951771548867918,0.5903799428981247
2020-21,2021-01-12,Burnley,Manchester United,A,2,1.038529185167683,1.9825810151549574,0.1929520580562679,0.2143009121644696,0.5927470297792625,0.13544369486248053,0.21069019200830302,0.6538661131292164
2020-21,2021-01-12,Sheffield United,Newcastle United,H,0,1.1785199614004742,1.1821633409377479,0.3594390728829432,0.2793419603450399,0.36121896677201704,0.3875,0.30625,0.30625
2020-21,2021-01-12,Wolverhampton Wanderers,Everton,A,2,1.3651375867437474,1.0378789937450188,0.44305121589724056,0.27180198252143234,0.2851468015813272,0.3875,0.30625,0.30625
2020-21,2021-01-13,Manchester City,Brighton and Hove Albion,H,0,2.7769059965375416,0.6597723686625786,0.8124930523716732,0.12457137017925089,0.06293557744907594,0.8296223998047947,0.11126700420911363,0.05911059598609162
2020-21,2021-01-13,Tottenham,Fulham,D,1,2.0047269092154503,0.7689924792173218,0.6630402230460102,0.20281821209783293,0.13414156485615683,0.6983240223463686,0.18994413407821228,0.11173184357541899
2020-21,2021-01-14,Arsenal,Crystal Palace,D,1,1.8454080200782774,0.8303700493147311,0.613752840058772,0.2223942918281162,0.1638528681131119,0.6180910495661476,0.23641982645905146,0.1454891239748009
2020-21,2021-01-16,Leicester City,Southampton,H,0,1.4835975741040417,0.8804016981240367,0.5132057846065424,0.2633191383607249,0.22347507703273256,0.5319148936170214,0.25531914893617025,0.21276595744680854
2020-21,2021-01-16,Fulham,Chelsea,A,2,1.136961716656611,1.520716074347195,0.28402585948879083,0.2549716144683359,0.4610025260428732,0.14631673800405498,0.2196440639783735,0.6340391980175715
2020-21,2021-01-16,West Ham,Burnley,H,0,1.477563802081908,0.9465010605829631,0.49512123052496054,0.2630754925317109,0.24180327694332845,0.5281969817315331,0.27164416203335984,0.20015885623510724
2020-21,2021-01-16,Wolverhampton Wanderers,West Bromwich Albion,A,2,1.8658635284281793,0.7193255352503193,0.6466404498998803,0.21604675718809616,0.13731279291202347,0.5932203389830508,0.2711864406779661,0.13559322033898305
2020-21,2021-01-16,Leeds United,Brighton and Hove Albion,A,2,1.848773844474917,1.1291411084603666,0.5418979341961145,0.22732243958148488,0.2307796262224006,0.45092838196286467,0.2705570291777188,0.27851458885941643
2020-21,2021-01-17,Liverpool,Manchester United,D,1,1.7204564522132468,1.1875294303962158,0.49857137182814193,0.23781714749101002,0.26361148068084805,0.4866595517609391,0.2497331910352187,0.263607257203842
2020-21,2021-01-17,Manchester City,Crystal Palace,H,0,2.7700085913704706,0.5585747980931876,0.8319069195146719,0.11708923576611394,0.051003844719214125,0.8325171400587659,0.11165523996082272,0.05582761998041136
2020-21,2021-01-17,Sheffield United,Tottenham,A,2,0.9410927560825815,1.7645407821431929,0.19902525578098237,0.23333963203087915,0.5676351121881384,0.15213946117274166,0.2535657686212361,0.5942947702060222
2020-21,2021-01-18,Arsenal,Newcastle United,H,0,1.850353002523948,0.8128188014041169,0.6192931332379839,0.2213040549276095,0.15940281183440663,0.6728971962616822,0.20934579439252335,0.11775700934579439
2020-21,2021-01-19,Leicester City,Chelsea,H,0,1.5026846263704041,1.1255385502938764,0.45901538955574683,0.2567811242842327,0.28420348616002056,0.3316148808694441,0.27992197296920723,0.38846314616134875
2020-21,2021-01-19,West Ham,West Bromwich Albion,H,0,1.8287902995991876,0.8069502054472971,0.615993761345655,0.2234970735340575,0.1605091651202876,0.6026768243366641,0.22528633671632445,0.1720368389470114
2020-21,2021-01-20,Fulham,Manchester United,A,2,0.8954698406143687,1.8064526419089095,0.18314544472594813,0.22822468813326396,0.5886298671407879,0.15854770503220061,0.21969658895916944,0.6217557060086298
2020-21,2021-01-20,Manchester City,Aston Villa,H,0,2.4451460038056134,0.8422850377016818,0.7259361566129147,0.16436974180344574,0.10969410158363962,0.7755791985681615,0.14557024957740877,0.07885055185442974
2020-21,2021-01-21,Liverpool,Burnley,A,2,2.451499260110403,0.6107051198558336,0.7789882907883873,0.14798576683197262,0.07302594237964015,0.8090614886731391,0.12729234088457386,0.06364617044228693
2020-21,2021-01-23,Aston Villa,Newcastle United,H,0,1.8243737479960886,0.8748147265608703,0.5978588548102385,0.2258682758212361,0.1762728693685255,0.6543046357615894,0.1997350993377483,0.14596026490066225
2020-21,2021-01-26,Crystal Palace,West Ham,A,2,1.1377334740568004,1.339071848428316,0.31699090047037987,0.2698437028826579,0.4131653966469623,0.3065732651396048,0.2924237298254692,0.4010030050349261
2020-21,2021-01-26,Newcastle United,Leeds United,A,2,1.2484473039992054,1.2788900868245372,0.3586329898052181,0.26829410960483957,0.37307290058994236,0.2418716669533804,0.24823671082057458,0.509891622226045
2020-21,2021-01-26,Southampton,Arsenal,A,2,1.2862926191287356,1.2847911313678813,0.36752906453569895,0.26564879373713285,0.3668221417271683,0.2717731541152642,0.2642238998342847,0.46400294605045117
2020-21,2021-01-26,West Bromwich Albion,Manchester City,A,2,0.761905742540593,2.940123368309726,0.06755450949762538,0.1201846363370931,0.8122608541652815,0.06364617044228693,0.12729234088457386,0.8090614886731391
2020-21,2021-01-27,Chelsea,Wolverhampton Wanderers,D,1,1.6770180975324405,0.9600514366856456,0.5421499724502301,0.24238638747188898,0.2154636400778809,0.5932203389830508,0.22598870056497172,0.18079096045197737
2020-21,2021-01-27,Burnley,Aston Villa,H,0,1.3796144907990067,1.3493372471472234,0.37866233070069805,0.2565616619122189,0.3647760073870831,0.24786635191574355,0.2691120392228073,0.483021608861449
2020-21,2021-01-27,Manchester United,Sheffield United,A,2,2.608208801329748,0.5793261712479287,0.807654611700682,0.13174841733703962,0.06059697096227833,0.7564469914040115,0.15759312320916904,0.08595988538681948
2020-21,2021-01-27,Everton,Leicester City,D,1,1.233980499997326,1.1542364732441524,0.3807996226060785,0.2771535829774115,0.34204679441651,0.33938294010889286,0.2879612825166364,0.37265577737447064
2020-21,2021-01-27,Brighton and Hove Albion,Fulham,D,1,1.4968855879563563,0.9946016043370699,0.48842819924575387,0.26026124976188264,0.2513105509923635,0.4652011310772599,0.2804889172671714,0.25430995165556874
2020-21,2021-01-28,Tottenham,Liverpool,A,2,1.2709949852295668,1.3116280021103925,0.35800957494916197,0.2648889390629141,0.3771014859879239,0.2990936555891239,0.26586102719033233,0.4350453172205438
2020-21,2021-01-30,Arsenal,Manchester United,D,1,1.3609029216196473,1.2767181617846513,0.3888695460080426,0.2614439400932264,0.34968651389873096,0.33980582524271846,0.27184466019417475,0.3883495145631068
2020-21,2021-01-30,Crystal Palace,Wolverhampton Wanderers,H,0,1.1947818615725154,1.1672694306084115,0.3671118239814309,0.27921316559609705,0.3536750104224721,0.33086670045615807,0.2967460719716168,0.37238722757222503
2020-21,2021-01-30,Everton,Newcastle United,A,2,1.7109378312550432,0.7169369674481336,0.6124027378571038,0.23453417360544154,0.15306308853745457,0.6150206978119456,0.23832052040212892,0.1466587817859255
2020-21,2021-01-30,Manchester City,Sheffield United,H,0,3.1404911408977654,0.5063348867635128,0.8788257239363734,0.08768319722780175,0.033491078835824986,0.8426966292134831,0.1048689138576779,0.05243445692883895
2020-21,2021-01-30,Southampton,Aston Villa,A,2,1.4281424551392696,1.1492250843852057,0.43427713410859065,0.2621882272553049,0.30353463863610447,0.33792775665399244,0.2628326996197719,0.3992395437262357
2020-21,2021-01-30,West Bromwich Albion,Fulham,D,1,1.3429458017883813,1.156425342863709,0.4100572863346827,0.268655175419744,0.32128753824557316,0.28851430811446493,0.29753038024304196,0.4139553116424932
2020-21,2021-01-31,Chelsea,Burnley,H,0,1.601139141377222,0.8599067480257675,0.5485777267205646,0.2500607216163217,0.20136155166311373,0.7112375533428166,0.18918918918918923,0.09957325746799432
2020-21,2021-01-31,Leicester City,Leeds United,A,2,1.769081141418827,0.806833015610766,0.6024903919822125,0.23018463962505137,0.16732496839273606,0.532319391634981,0.23954372623574144,0.22813688212927755
2020-21,2021-01-31,Brighton and Hove Albion,Tottenham,H,0,1.1087955697062857,1.534145345905914,0.27457139664481006,0.25450086105800934,0.4709277422971806,0.29731830547998445,0.27982899339292655,0.42285270112708895
2020-21,2021-01-31,West Ham,Liverpool,A,2,1.1395681178859896,1.466900953284324,0.2940720596346073,0.25935697332635116,0.44657096703904153,0.21945293518300807,0.23755780233560622,0.5429892624813857
2020-21,2021-02-02,Sheffield United,West Bromwich Albion,H,0,1.414622621872899,1.036110922598901,0.4568013796609885,0.2672110395616292,0.2759875807773822,0.47482014388489213,0.2877697841726619,0.23741007194244607
2020-21,2021-02-02,Newcastle United,Crystal Palace,A,2,1.3171542053069913,1.0574966805763677,0.4253673252195838,0.2754128921209643,0.29921978265945176,0.33876221498371334,0.29641693811074915,0.3648208469055374
2020-21,2021-02-02,Wolverhampton Wanderers,Arsenal,H,0,1.2492844105549596,1.464976423282814,0.32267874639592714,0.2556693825212935,0.4216518710827793,0.26279863481228666,0.28668941979522183,0.4505119453924914
2020-21,2021-02-02,Manchester United,Southampton,H,0,1.9061898816175813,0.7564877818781869,0.6457392199479219,0.21302396729544892,0.14123681275662914,0.6690140845070423,0.19718309859154928,0.13380281690140844
2020-21,2021-02-03,Aston Villa,West Ham,A,2,1.43879930608897,1.3891950889438338,0.3855550734381021,0.25128234642051384,0.36316258014138403,0.43029595015576316,0.27842679127725856,0.29127725856697817
2020-21,2021-02-03,Burnley,Manchester City,A,2,0.8367133396592755,2.1548080629738426,0.13329525245858892,0.1907865528864382,0.6759181946549728,0.07304347826086957,0.13565217391304346,0.7913043478260869
2020-21,2021-02-03,Fulham,Leicester City,A,2,1.0231375871665447,1.5397293535513568,0.2518058998610822,0.2556013623925473,0.4925927377463704,0.23539823008849559,0.26902654867256637,0.49557522123893805
2020-21,2021-02-03,Leeds United,Everton,A,2,1.3458032653871546,0.9921260017272285,0.4485697733399057,0.2753811272167208,0.27604909944337347,0.3787575150300601,0.2705410821643286,0.3507014028056112
2020-21,2021-02-03,Liverpool,Brighton and Hove Albion,A,2,2.558904524804343,0.6772349556057788,0.7798542556672212,0.14350219398414069,0.07664355034863794,0.7137192704203014,0.18080888183980967,0.10547184773988898
2020-21,2021-02-04,Tottenham,Chelsea,A,2,1.499571218700069,1.0428707144503073,0.4775460546140525,0.25904785276322934,0.2634060926227181,0.27055702917771884,0.2785145888594165,0.4509283819628648
2020-21,2021-02-06,Aston Villa,Arsenal,H,0,1.352715561201509,1.2675418145008763,0.3886568899628825,0.26244420076343566,0.34889890927368183,0.36280998325492386,0.27158918746511446,0.36560082927996174
2020-21,2021-02-06,Burnley,Brighton and Hove Albion,D,1,1.325762329777028,1.1664867547863864,0.4032176949384042,0.2694927612565075,0.32728954380508823,0.2633204633204633,0.30579150579150577,0.43088803088803085
2020-21,2021-02-06,Fulham,West Ham,D,1,1.0583200083146815,1.6740153544488894,0.2397403518753613,0.24266213329490413,0.5175975148297345,0.2642238998342847,0.2717731541152642,0.46400294605045117
2020-21,2021-02-06,Manchester United,Everton,D,1,1.9607753286905343,0.7769890746990479,0.6520217257309409,0.2079029423837673,0.14007533188529184,0.6175562417291575,0.22496691662990734,0.15747684164093514
2020-21,2021-02-06,Newcastle United,Southampton,H,0,1.2867925848813553,1.1980294694749836,0.3858554024846374,0.27069052224975854,0.343454075265604,0.31654676258992803,0.2877697841726619,0.3956834532374101
2020-21,2021-02-07,Liverpool,Manchester City,A,2,1.4057766056831242,1.314768341387064,0.39251860094086555,0.2567468573599859,0.3507345416991486,0.2775479503572772,0.2621286197818729,0.46032342986085
2020-21,2021-02-07,Sheffield United,Chelsea,A,2,0.9662374382326349,1.5521504369673718,0.23533502126119588,0.2550822021259424,0.5095827766128618,0.13544369486248053,0.21069019200830302,0.6538661131292164
2020-21,2021-02-07,Tottenham,West Bromwich Albion,H,0,2.018238987769563,0.8305020084741924,0.6505206036121193,0.20415188314038044,0.14532751324750023,0.6538661131292164,0.21069019200830302,0.13544369486248053
2020-21,2021-02-07,Wolverhampton Wanderers,Leicester City,D,1,1.1952655654835247,1.3097216162301495,0.33816712203282767,0.26919479754049064,0.39263808042668175,0.27055702917771884,0.2785145888594165,0.4509283819628648
2020-21,2021-02-08,Leeds United,Crystal Palace,H,0,1.4597871544307601,0.9813328995476299,0.48191816972323404,0.2642420827339403,0.2538397475428256,0.5256916996047432,0.24901185770750986,0.225296442687747
2020-21,2021-02-13,Brighton and Hove Albion,Aston Villa,D,1,1.3961061410903974,1.182313931562903,0.4184704336757179,0.26339407117382163,0.31813549515046047,0.3507014028056112,0.2705410821643286,0.3787575150300601
2020-21,2021-02-13,Crystal Palace,Burnley,A,2,1.3303005924834779,1.0780516808652738,0.42425810006875037,0.2733154367506773,0.30242646318057237,0.39917910748058427,0.305178866041608,0.29564202647780774
2020-21,2021-02-13,Leicester City,Liverpool,H,0,1.2059478534116135,1.3968035348990009,0.32421634372233255,0.26232752890441835,0.4134561273732491,0.27055702917771884,0.2785145888594165,0.4509283819628648
2020-21,2021-02-13,Manchester City,Tottenham,H,0,2.4570953346781295,0.6638329554055789,0.7678767095207326,0.15146732393657744,0.08065596654268999,0.7367320790343247,0.1640029671589453,0.09926495380673005
2020-21,2021-02-14,Arsenal,Leeds United,H,0,1.549883674964516,1.0338178664077176,0.4926203097079636,0.2544708443613087,0.25290884593072765,0.5157087602632829,0.2483544819162652,0.23593675782045195
2020-21,2021-02-14,Everton,Fulham,A,2,1.8416225610880104,0.8105050921504473,0.6179463877772852,0.22218995620738344,0.1598636560153313,0.5116751269035532,0.2629441624365482,0.22538071065989848
2020-21,2021-02-14,Southampton,Wolverhampton Wanderers,A,2,1.3863232100474303,1.2268849753378344,0.406153365607855,0.26214729926744723,0.33169933512469774,0.39917910748058427,0.29564202647780774,0.305178866041608
2020-21,2021-02-14,West Bromwich Albion,Manchester United,D,1,0.8219691464704497,2.32757684512439,0.11556247829011976,0.17366273957562112,0.7107747821342592,0.09514304723885564,0.17298735861610115,0.7318695941450433
2020-21,2021-02-15,Chelsea,Newcastle United,H,0,1.993233117602255,0.7642613730785367,0.6618907610557953,0.20382764691585728,0.13428159202834747,0.7755791985681615,0.14557024957740877,0.07885055185442974
2020-21,2021-02-15,West Ham,Sheffield United,H,0,2.1038607586264213,0.7237470875100755,0.693717694323526,0.18996635140480886,0.11631595427166513,0.5685510071474984,0.25167857916395925,0.17977041368854232
2020-21,2021-02-17,Burnley,Fulham,D,1,1.5562284438379212,1.0391988595043782,0.49294492030490455,0.2537915015857275,0.25326357810936795,0.34747637241101953,0.2986125075407199,0.3539111200482606
2020-21,2021-02-17,Everton,Manchester City,A,2,0.9254322469442378,2.1401263737305953,0.15190154455357158,0.19618895896282812,0.6519094964836003,0.11190148386109836,0.17293865687624294,0.7151598592626587
2020-21,2021-02-19,Wolverhampton Wanderers,Leeds United,H,0,1.4812579576160487,1.0359818088685366,0.47442429170942724,0.26092417128067374,0.2646515370098991,0.3986951794128308,0.28633562885103303,0.3149691917361363
2020-21,2021-02-20,Fulham,Sheffield United,H,0,1.6749022527931283,0.8521375350084085,0.5686872673035774,0.2416902847402592,0.18962244795616331,0.4407039020657996,0.2960979342004591,0.26319816373374144
2020-21,2021-02-20,Burnley,West Bromwich Albion,D,1,1.747070741001016,0.8240244303704656,0.5929921275578004,0.23308729926457641,0.17392057317762316,0.47482014388489213,0.2877697841726619,0.23741007194244607
2020-21,2021-02-20,Southampton,Chelsea,D,1,1.1053784034443488,1.6682725025222687,0.25204442267994276,0.24288590789385808,0.5050696694261991,0.19022379269729095,0.2502944640753828,0.5594817432273262
2020-21,2021-02-20,Liverpool,Everton,A,2,2.0533411795760856,0.8540510086209288,0.6518566473824616,0.2015941103260616,0.14654924229147676,0.6554307116104868,0.2097378277153558,0.1348314606741573
2020-21,2021-02-21,Arsenal,Manchester City,A,2,0.9655283921484276,1.9675365232023767,0.17914448188308513,0.213874366216546,0.6069811519003688,0.14631673800405498,0.2196440639783735,0.6340391980175715
2020-21,2021-02-21,Aston Villa,Leicester City,A,2,1.1960322599203483,1.3700172986207728,0.32668834731773877,0.26474492372133873,0.40856672896092244,0.33158331030671456,0.2718983144515059,0.3965183752417795
2020-21,2021-02-21,Manchester United,Newcastle United,H,0,2.3754127615530813,0.7161099513396336,0.7432137931355278,0.16263232223253396,0.0941538846319382,0.7349011223944414,0.17103153393907,0.0940673436664885
2020-21,2021-02-21,West Ham,Tottenham,H,0,1.591822283904193,0.9676872591172373,0.5192620693738904,0.2510279511372295,0.22970997948888025,0.364835863603847,0.2811382243064939,0.35402591208965895
2020-21,2021-02-22,Brighton and Hove Albion,Crystal Palace,A,2,1.637842060786944,0.8940507766179345,0.5490267523699247,0.24617566773284993,0.20479757989722538,0.557163531114327,0.27062228654124454,0.17221418234442837
2020-21,2021-02-23,Leeds United,Southampton,H,0,1.6206298237206405,1.0569660768169984,0.5048412263494378,0.2475811915979083,0.2475775820526538,0.42217898832684825,0.2714007782101167,0.306420233463035
2020-21,2021-02-27,Leeds United,Aston Villa,A,2,1.5948992811194822,1.016412932807198,0.5081650447498697,0.2503755044007319,0.24145945084939843,0.4407039020657995,0.2631981637337414,0.29609793420045905
2020-21,2021-02-27,Manchester City,West Ham,H,0,2.454831599349687,0.720167733118571,0.7548781979515098,0.15567074051051066,0.08945106153797953,0.7755791985681615,0.14557024957740877,0.07885055185442974
2020-21,2021-02-27,Newcastle United,Wolverhampton Wanderers,D,1,1.1779790979319538,1.2727041852421015,0.3408133881782265,0.27285451648972947,0.386332095332044,0.27139552814186585,0.2968388589051658,0.4317656129529684
2020-21,2021-02-27,West Bromwich Albion,Brighton and Hove Albion,H,0,1.2424757093507357,1.341938145734963,0.3444208772032336,0.26445523473709487,0.39112388805967147,0.22590837282780407,0.287519747235387,0.48657187993680884
2020-21,2021-02-28,Chelsea,Manchester United,D,1,1.4356462273579478,1.301037604878346,0.40305388516437063,0.2555080641431279,0.34143805069250144,0.44155844155844154,0.2792207792207792,0.2792207792207792
2020-21,2021-02-28,Crystal Palace,Fulham,D,1,1.3754947919475313,1.1520885732665729,0.41972555217243346,0.26628807235008195,0.31398637547748454,0.27139552814186585,0.2968388589051658,0.4317656129529684
2020-21,2021-02-28,Leicester City,Arsenal,A,2,1.7464280778277677,0.9100175907275847,0.5711141695685039,0.2347640375801585,0.19412179285133754,0.38049560351718625,0.2797761790567546,0.33972821742605913
2020-21,2021-02-28,Sheffield United,Liverpool,A,2,0.8372698335089095,1.9920907796674843,0.14939993059574813,0.2071188557210303,0.6434812136832215,0.11789181692094314,0.18862690707350901,0.6934812760055478
2020-21,2021-02-28,Tottenham,Burnley,H,0,1.5336243612084735,0.9854349798452284,0.5001487475379,0.2567387563943071,0.243112496067793,0.6180910495661476,0.23641982645905146,0.1454891239748009
2020-21,2021-03-01,Everton,Southampton,H,0,1.7691890233498682,0.9182167102081282,0.5743860892989083,0.23252294516585076,0.19309096553524097,0.44134505158578524,0.2711119602598395,0.28754298815437523
2020-21,2021-03-02,Manchester City,Wolverhampton Wanderers,H,0,2.55298406689774,0.6648755687567709,0.7816974056819795,0.14309376709821958,0.07520882721980078,0.8017715332926084,0.13515577275503968,0.06307269395235185
2020-21,2021-03-03,Burnley,Leicester City,D,1,1.178384844393815,1.3263000553387128,0.3303879595859537,0.2688527326228943,0.400759307791152,0.23636363636363636,0.2909090909090909,0.4727272727272727
2020-21,2021-03-03,Crystal Palace,Manchester United,D,1,0.9086708122093993,1.8744519282824628,0.17784419180602176,0.22152783438992865,0.6006279738040495,0.11906893464637423,0.20053715308863027,0.6803939122649956
2020-21,2021-03-03,Sheffield United,Aston Villa,H,0,1.076105495555179,1.4057649671034387,0.2882164490429819,0.2667037659250535,0.4450797850319645,0.25430995165556874,0.2804889172671714,0.4652011310772599
2020-21,2021-03-04,Fulham,Tottenham,A,2,1.2180096967424532,1.2243470188957817,0.3615839688169605,0.2737810765467553,0.3646349546362842,0.23717059639389737,0.2635228848821082,0.49930651872399445
2020-21,2021-03-04,Liverpool,Chelsea,A,2,1.6588477354013198,1.2043663124366986,0.4799514147440532,0.2424686896733121,0.27757989558263474,0.42105263157894735,0.2631578947368421,0.3157894736842105
2020-21,2021-03-04,West Bromwich Albion,Everton,A,2,1.0831332304114922,1.4790223785815428,0.2773090174087537,0.25996016390428217,0.46273081868696414,0.2188711590403955,0.2632533662902535,0.517875474669351
2020-21,2021-03-06,Aston Villa,Wolverhampton Wanderers,D,1,1.3756278635697718,1.0547255100916137,0.44195912677430405,0.27019922798254997,0.2878416452431459,0.4010030050349261,0.2924237298254692,0.3065732651396048
2020-21,2021-03-06,Brighton and Hove Albion,Leicester City,A,2,1.2389154473409925,1.3127552537438916,0.34925906018552133,0.2666100780310762,0.38413086178340256,0.37101212924268684,0.2911018244827235,0.33788604627458974
2020-21,2021-03-06,Burnley,Arsenal,D,1,1.2478752139918157,1.245394534222698,0.365352901621544,0.27047785983929823,0.3641692385391577,0.17267730258747824,0.23743129105778257,0.5898914063547392
2020-21,2021-03-06,Sheffield United,Southampton,A,2,1.1833037707430496,1.2660502088725876,0.3435964005114774,0.273031603764822,0.38337199572370056,0.2611940298507463,0.26865671641791045,0.4701492537313433
2020-21,2021-03-07,Tottenham,Crystal Palace,H,0,1.8237694774278679,0.7437221669197724,0.6311152330917025,0.2219114569998715,0.14697330990842591,0.6538661131292164,0.21069019200830302,0.13544369486248053
2020-21,2021-03-07,Liverpool,Fulham,A,2,2.1480819913108196,0.8163939157276515,0.6795255240529876,0.19043203685582705,0.1300424390911854,0.6983240223463686,0.18994413407821228,0.11173184357541899
2020-21,2021-03-07,Manchester City,Manchester United,A,2,2.0176428082328863,0.7637176364953114,0.6669627130916713,0.20118879255458777,0.13184849435374082,0.6538661131292164,0.21069019200830302,0.13544369486248053
2020-21,2021-03-07,West Bromwich Albion,Newcastle United,D,1,1.3341211907011366,1.1478210364843002,0.4095874079108422,0.269759311355852,0.32065328073330585,0.39917910748058427,0.29564202647780774,0.305178866041608
2020-21,2021-03-08,Chelsea,Everton,H,0,1.6882723335868388,0.8981042968580649,0.5602788760964686,0.24076982026083424,0.19895130364269709,0.6180910495661476,0.23641982645905146,0.1454891239748009
2020-21,2021-03-08,West Ham,Leeds United,H,0,1.7467376235397498,1.026431044250442,0.5426363321610526,0.23587908143213407,0.2214845864068134,0.46400294605045106,0.2642238998342846,0.27177315411526415
2020-21,2021-03-10,Manchester City,Southampton,H,0,2.64369059994871,0.6293202613901603,0.8017454868722274,0.13276289775587502,0.0654916153718976,0.8090614886731391,0.12729234088457386,0.06364617044228693
2020-21,2021-03-12,Newcastle United,Aston Villa,D,1,1.2205435330587766,1.221102512501054,0.36295055351594885,0.2738297484249578,0.3632196980590934,0.24967706218859564,0.28750692009595863,0.46281601771544567
2020-21,2021-03-13,Crystal Palace,West Bromwich Albion,H,0,1.4773952176524752,0.9772222517027559,0.4875539291189191,0.2625420946268982,0.2499039762541827,0.4407039020657996,0.2960979342004591,0.26319816373374144
2020-21,2021-03-13,Everton,Burnley,A,2,1.7090757987426795,0.8920817750817465,0.56677438134158,0.2384708736123184,0.19475474504610174,0.5182625863770978,0.27097729516288255,0.21076011846001974
2020-21,2021-03-13,Fulham,Manchester City,A,2,0.8045444856518238,2.173223534866194,0.1255397215661355,0.1873459204314882,0.6871143580023763,0.09506790564689065,0.1901358112937813,0.7147962830593281
2020-21,2021-03-13,Leeds United,Chelsea,D,1,1.0866119158528496,1.6781340888201757,0.24597288179984603,0.24214794799034078,0.5118791702098132,0.2007380073800738,0.23837638376383766,0.5608856088560886
2020-21,2021-03-14,Arsenal,Tottenham,H,0,1.4440868497634802,1.1868103429303043,0.43001596022033145,0.25954988424012754,0.3104341555395411,0.3735144312393889,0.28013582342954163,0.34634974533106966
2020-21,2021-03-14,Leicester City,Sheffield United,H,0,2.302376389893281,0.6711602182529571,0.7416947253225894,0.1665234709260669,0.09178180375134379,0.6297577854671281,0.2249134948096886,0.14532871972318342
2020-21,2021-03-14,Manchester United,West Ham,H,0,1.6849384061849426,0.9690141378655234,0.5418609214526405,0.24162391358192287,0.21651516496543652,0.517875474669351,0.2632533662902535,0.2188711590403955
2020-21,2021-03-14,Southampton,Brighton and Hove Albion,A,2,1.5325225954013315,1.2439523014699054,0.43992812862091424,0.25104435084530147,0.3090275205337844,0.323051271363068,0.30220925385577324,0.3747394747811589
2020-21,2021-03-15,Wolverhampton Wanderers,Liverpool,A,2,1.1882297022896735,1.447470507313904,0.3101839476101864,0.2592384409600765,0.4305776114297372,0.19887458567794647,0.2519078085253989,0.5492176057966546
2020-21,2021-03-19,Fulham,Leeds United,A,2,1.3487480315817713,1.162394095354539,0.41029425032257716,0.2679218631330169,0.32178388654440593,0.40208136234626296,0.28027436140018924,0.3176442762535478
2020-21,2021-03-20,Brighton and Hove Albion,Newcastle United,H,0,1.6909461662568175,0.8754612974153005,0.5666285603833886,0.24021923239525045,0.193152207221361,0.5711177590426978,0.2708729942888224,0.1580092466684797
2020-21,2021-03-21,Aston Villa,Tottenham,A,2,1.232461621994865,1.3117449946875053,0.3477385944940312,0.26703376041669385,0.38522764508927493,0.32653473344103395,0.28695476575121165,0.3865105008077544
2020-21,2021-03-21,West Ham,Arsenal,D,1,1.507698183619225,1.217356068248394,0.4395458371564854,0.2536952802143613,0.30675888262915335,0.33980582524271846,0.27184466019417475,0.3883495145631068
2020-21,2021-04-03,Arsenal,Liverpool,A,2,1.3293483763575529,1.26433816004076,0.38317926085535026,0.2641269496344902,0.35269378951015956,0.3049060942889996,0.2554618627826753,0.43963204292832503
2020-21,2021-04-03,Chelsea,West Bromwich Albion,A,2,2.3638591920823977,0.6072339221893068,0.7665164455830338,0.15593756947904105,0.07754598493792526,0.7784120394395433,0.15827711468604044,0.06331084587441618
2020-21,2021-04-03,Leeds United,Sheffield United,H,0,1.9068719319948213,0.7812957356820911,0.6395780385158255,0.21395864179317878,0.14646331969099569,0.6340391980175715,0.2196440639783735,0.14631673800405498
2020-21,2021-04-03,Leicester City,Manchester City,A,2,1.1516071869589655,1.7907005117234547,0.2443965057402368,0.23226064933616763,0.5233428449235956,0.15747684164093514,0.22496691662990734,0.6175562417291575
2020-21,2021-04-04,Aston Villa,Fulham,H,0,1.4896598913911792,0.9702937129169662,0.4924557629101684,0.2614180898133735,0.24612614727645815,0.42307692307692313,0.2884615384615385,0.2884615384615385
2020-21,2021-04-04,Manchester United,Brighton and Hove Albion,H,0,2.10638920689974,0.7714607721569714,0.6824767148921008,0.19230703266505855,0.12521625244284063,0.5898914063547392,0.23743129105778257,0.17267730258747824
2020-21,2021-04-04,Newcastle United,Tottenham,D,1,0.9832906015965536,1.6130463863644133,0.2304443282897804,0.24881516382867805,0.5207405078815416,0.17204301075268816,0.23655913978494622,0.5913978494623655
2020-21,2021-04-04,Southampton,Burnley,H,0,1.4153144700335725,1.1173021806476715,0.43814094529111264,0.2644102290302738,0.2974488256786134,0.46281601771544567,0.28750692009595863,0.24967706218859564
2020-21,2021-04-05,Everton,Crystal Palace,D,1,1.6873362681858073,0.826081558714689,0.5783470566339407,0.23989215372549252,0.18176078964056672,0.5405405405405405,0.27027027027027023,0.1891891891891892
2020-21,2021-04-05,Wolverhampton Wanderers,West Ham,A,2,1.3150951795441261,1.3928603092323368,0.35334968187918203,0.2575203917638824,0.38912992635693544,0.33086670045615807,0.2967460719716168,0.37238722757222503
2020-21,2021-04-09,Fulham,Wolverhampton Wanderers,A,2,1.2978560522480924,1.3154176249962204,0.36433333422841085,0.26312381472916974,0.3725428510424194,0.3788187372708758,0.3156822810590631,0.3054989816700611
2020-21,2021-04-10,Crystal Palace,Chelsea,A,2,1.0189800390140125,1.5326350077377326,0.25187477453831075,0.25634860705532825,0.49177661840636094,0.1348205175772192,0.2483535850106669,0.6168258974121139
2020-21,2021-04-10,Liverpool,Aston Villa,H,0,2.015423291744287,0.7486791083424124,0.6702759446926104,0.2006896383575572,0.1290344169498324,0.6340391980175715,0.2196440639783735,0.14631673800405498
2020-21,2021-04-10,Manchester City,Leeds United,A,2,2.915138915293365,0.640836543829084,0.8324508730711659,0.112986993470422,0.05456213345841203,0.7404069018799897,0.16482101467937163,0.09477208344063869
2020-21,2021-04-11,Burnley,Newcastle United,A,2,1.5959330424569402,1.0790629741775541,0.49346335489938237,0.24957733825806971,0.25695930684254786,0.41349548842683403,0.3067869752844252,0.27971753628874063
2020-21,2021-04-11,Sheffield United,Arsenal,A,2,0.9453359133416158,1.9411300223206456,0.17792894880339455,0.21586560658660434,0.606205444610001,0.14548711929326005,0.2521776734416507,0.6023352072650893
2020-21,2021-04-11,Tottenham,Manchester United,A,2,1.2786469495223516,1.3352635187700812,0.3552831293153064,0.2629732463649136,0.38174362431978,0.3316148808694441,0.27992197296920723,0.38846314616134875
2020-21,2021-04-11,West Ham,Leicester City,H,0,1.4747988360773472,1.2443934200895581,0.425225732275453,0.25515993316355967,0.31961433456098726,0.31496919173613624,0.286335628851033,0.39869517941283067
2020-21,2021-04-12,Brighton and Hove Albion,Everton,D,1,1.2697919426433188,1.2718577386140197,0.3657887287576691,0.2674450405315459,0.36676623071078507,0.42307692307692313,0.2884615384615385,0.2884615384615385
2020-21,2021-04-12,West Bromwich Albion,Southampton,H,0,1.2658278941650447,1.3991656866665894,0.3393873052111314,0.25947288089060566,0.4011398138982629,0.26279863481228666,0.28668941979522183,0.4505119453924914
2020-21,2021-04-16,Everton,Tottenham,D,1,1.393774981654217,1.2327499755751334,0.4068355214336578,0.2613553287962705,0.33180914977007175,0.2785145888594165,0.27055702917771884,0.4509283819628648
2020-21,2021-04-17,Newcastle United,West Ham,H,0,1.118803059916281,1.558273776302498,0.2730718592645368,0.25221329276252963,0.4747148479729336,0.26973684210526316,0.26973684210526316,0.46052631578947373
2020-21,2021-04-17,Wolverhampton Wanderers,Sheffield United,H,0,2.063166507567581,0.7177273004914251,0.6874125331940294,0.19394279044111834,0.11864467636485238,0.5672209695603156,0.2690248027057497,0.16375422773393458
2020-21,2021-04-18,Arsenal,Fulham,D,1,1.9617989728986827,0.8308227854478341,0.6387708177860383,0.21000872409469531,0.15122045811926652,0.5550821667681072,0.2483262325015216,0.1965916007303713
2020-21,2021-04-18,Manchester United,Burnley,H,0,2.370198533806324,0.710288731619241,0.7437084043945564,0.1627251322513603,0.0935664633540833,0.7137192704203014,0.18080888183980967,0.10547184773988898
2020-21,2021-04-19,Leeds United,Liverpool,D,1,1.097807321800835,1.4580426171297285,0.2847544010436685,0.2613930373908974,0.45385256156543413,0.21052169124969247,0.21878697704933397,0.5706913317009736
2020-21,2021-04-20,Chelsea,Brighton and Hove Albion,D,1,2.207763899144646,0.7159956315603048,0.7147219039135653,0.17883499120036497,0.10644310488606978,0.6045340050377834,0.23727959697732998,0.15818639798488665
2020-21,2021-04-21,Aston Villa,Manchester City,A,2,0.817448558192457,2.322994530720503,0.11514971177506694,0.17382299321033123,0.7110272950146018,0.10512611879576893,0.19918633034987795,0.6956875508543532
2020-21,2021-04-21,Tottenham,Southampton,H,0,1.890309562884837,1.0749987199084645,0.563955518766251,0.22320594673098748,0.2128385345027615,0.540711462450593,0.24901185770750991,0.21027667984189727
2020-21,2021-04-22,Leicester City,West Bromwich Albion,H,0,2.13268399825934,0.8058700065095391,0.6791343910330949,0.19142529740572978,0.12944031156117533,0.6032703603746626,0.24289569772979833,0.15383394189553895
2020-21,2021-04-23,Arsenal,Everton,A,2,1.5721983425533441,1.1042118534206251,0.48161564677124075,0.25128688090514245,0.2670974723236168,0.4751131221719457,0.27149321266968324,0.25339366515837103
2020-21,2021-04-24,Liverpool,Newcastle United,D,1,2.249432276725599,0.813745831910203,0.6989028101848503,0.18048689752538677,0.12061029228976292,0.7755791985681615,0.14557024957740877,0.07885055185442974
2020-21,2021-04-24,Sheffield United,Brighton and Hove Albion,H,0,1.0279155244659184,1.4616023923591286,0.265819641735058,0.2629833473621347,0.4711970109028073,0.18037135278514588,0.27851458885941643,0.5411140583554376
2020-21,2021-04-24,West Ham,Chelsea,A,2,1.3527033998119777,1.5208546409482977,0.338308010149172,0.2480927662286276,0.41359922362220036,0.19865983445013796,0.2621206148994876,0.5392195506503745
2020-21,2021-04-25,Aston Villa,West Bromwich Albion,D,1,1.5860139411740761,1.0015262830850886,0.509540671738913,0.25137026869936974,0.23908905956171728,0.5116751269035532,0.2629441624365482,0.22538071065989848
2020-21,2021-04-25,Leeds United,Manchester United,D,1,1.0632972946321846,1.8269459625052382,0.21882775124645718,0.22874549204550593,0.5524267567080369,0.23595505617977527,0.2247191011235955,0.5393258426966292
2020-21,2021-04-25,Wolverhampton Wanderers,Burnley,A,2,1.7074822332683166,0.9416851211177198,0.5540176204580409,0.23916736425388907,0.20681501528807003,0.47595118449389806,0.2799712849964106,0.24407753050969133
2020-21,2021-04-26,Leicester City,Crystal Palace,H,0,2.0899298418939902,0.7335709002250332,0.6886372597220137,0.19197763185544373,0.11938510842254264,0.6720287764529735,0.21728413095477203,0.11068709259225445
2020-21,2021-04-30,Southampton,Leicester City,D,1,1.1115561420002242,1.8222217669339822,0.23054945728142998,0.2294998243556617,0.5399507183629083,0.25,0.25,0.5
2020-21,2021-05-01,Brighton and Hove Albion,Leeds United,H,0,1.264838229968114,1.205743897212538,0.3782574375890609,0.27178972134969537,0.3499528410612438,0.4605263157894737,0.2697368421052631,0.2697368421052631
2020-21,2021-05-01,Chelsea,Fulham,H,0,2.4304280483654996,0.6667086116688863,0.7631709081076032,0.15410214664886662,0.08272694524353007,0.6582096696984203,0.215414073719483,0.1263762565820967
2020-21,2021-05-01,Crystal Palace,Manchester City,A,2,0.7464446903625668,2.6157559891622073,0.08323248829279646,0.14369929210580998,0.7730682196013936,0.09506790564689065,0.1901358112937813,0.7147962830593281
2020-21,2021-05-01,Everton,Aston Villa,A,2,1.762476304365856,0.9059613096717625,0.5758774113450401,0.2330211384109212,0.1911014502440387,0.4866595517609392,0.26360725720384204,0.24973319103521877
2020-21,2021-05-02,Newcastle United,Arsenal,A,2,1.3171144312898722,1.4212967274796118,0.3483140353685836,0.2556824314058485,0.39600353322556786,0.2631578947368421,0.2631578947368421,0.47368421052631576
2020-21,2021-05-02,Tottenham,Sheffield United,H,0,2.3897523707269293,0.6562926476859611,0.7592413400314378,0.15711541988213787,0.08364324008642429,0.7619047619047619,0.15873015873015872,0.07936507936507936
2020-21,2021-05-03,Burnley,West Ham,A,2,1.3391505347772599,1.3804233285985148,0.3619990935868787,0.25704433378380376,0.38095657262931754,0.30579150579150577,0.2633204633204633,0.43088803088803085
2020-21,2021-05-03,West Bromwich Albion,Wolverhampton Wanderers,D,1,1.235761346794194,1.3481396590914385,0.3414281919771308,0.26437750068009896,0.39419430734277033,0.32613126783530366,0.29555646147574394,0.3783122706889523
2020-21,2021-05-07,Leicester City,Newcastle United,A,2,2.09549223214793,0.8685881059161608,0.6567356499799333,0.19805110223702002,0.1452132477830467,0.6803939122649956,0.20053715308863027,0.11906893464637423
2020-21,2021-05-08,Leeds United,Tottenham,H,0,1.2958729124516484,1.413135304317063,0.3444491879266255,0.2571749482661105,0.3983758638072641,0.2781844802342606,0.24890190336749632,0.47291361639824303
2020-21,2021-05-08,Liverpool,Southampton,H,0,2.3867005536545753,0.7719714428586448,0.7322524086300028,0.16524093603486048,0.10250665533513674,0.7564469914040115,0.15759312320916904,0.08595988538681948
2020-21,2021-05-08,Manchester City,Chelsea,A,2,2.0642310760994946,0.9671633773017024,0.6267964768925764,0.20481994876682022,0.1683835743406033,0.4972144846796657,0.27785515320334264,0.22493036211699163
2020-21,2021-05-08,Sheffield United,Crystal Palace,A,2,1.1287551432932466,1.255183487254541,0.3307564018572714,0.27702656928600017,0.3922170288567285,0.3162565550625252,0.2964905203711174,0.3872529245663574
2020-21,2021-05-09,Arsenal,West Bromwich Albion,H,0,2.0026246457848442,0.8390490739855867,0.6452150970741973,0.2061075676192177,0.14867733530658503,0.6554307116104868,0.2097378277153558,0.1348314606741573
2020-21,2021-05-09,Aston Villa,Manchester United,A,2,1.0093537623664135,1.882911277254988,0.1991697648207983,0.2228716767197725,0.5779585584594291,0.225296442687747,0.24901185770750986,0.5256916996047432
2020-21,2021-05-09,West Ham,Everton,A,2,1.5729864073062136,1.1449630023031119,0.4723679001052936,0.2504424369886623,0.2771896629060441,0.4317656129529684,0.27139552814186585,0.2968388589051658
2020-21,2021-05-09,Wolverhampton Wanderers,Brighton and Hove Albion,H,0,1.4777809068209675,1.063546053470996,0.4669972490155578,0.26058036570023557,0.27242238528420654,0.28571428571428575,0.28571428571428575,0.4285714285714286
2020-21,2021-05-10,Fulham,Burnley,A,2,1.312110751459807,1.3444468036132349,0.3622012536806569,0.2605903319145361,0.37720841440480696,0.43220338983050843,0.2796610169491525,0.288135593220339
2020-21,2021-05-11,Manchester United,Leicester City,A,2,1.992915035074704,0.9779218318799808,0.609393141306898,0.21181703257378467,0.1787898261193172,0.38049560351718625,0.2797761790567546,0.33972821742605913
2020-21,2021-05-11,Southampton,Crystal Palace,H,0,1.4814246010386498,1.1439129943258526,0.44933744748979004,0.25802830740150795,0.292634245108702,0.46400294605045106,0.2642238998342846,0.27177315411526415
2020-21,2021-05-12,Chelsea,Arsenal,A,2,1.8454078353074004,0.9514640694476215,0.5836145640710039,0.22540677625077898,0.1909786596782172,0.5738880918220947,0.23672883787661403,0.18938307030129126
2020-21,2021-05-13,Aston Villa,Everton,D,1,1.2777708911491228,1.2698533426693357,0.36833374472373714,0.26707513041876346,0.3645911248574994,0.3530351437699681,0.2803514376996806,0.36661341853035145
2020-21,2021-05-13,Manchester United,Liverpool,A,2,1.6126188630872038,1.2127729879232854,0.46677045772319137,0.24588536240559739,0.28734417987121125,0.3160919540229885,0.25287356321839083,0.4310344827586207
2020-21,2021-05-14,Newcastle United,Manchester City,A,2,0.853909148084531,2.3386937064477253,0.12020433062034559,0.17445618448983827,0.7053394848898161,0.08595988538681948,0.15759312320916904,0.7564469914040115
2020-21,2021-05-15,Brighton and Hove Albion,West Ham,D,1,1.250491410797879,1.2495957084825642,0.3651911877680255,0.27004450535874625,0.36476430687322825,0.32611264277274515,0.26270185112248917,0.4111855061047657
2020-21,2021-05-15,Burnley,Leeds United,A,2,1.4457055282471742,1.202717524515097,0.42690711649520435,0.25883289006942256,0.3142599934353732,0.2961082910321489,0.25267907501410036,0.45121263395375066
2020-21,2021-05-15,Southampton,Fulham,H,0,1.615947978528605,0.9907603821078397,0.5196381287348536,0.24849310340987535,0.2318687678552709,0.47368421052631576,0.2631578947368421,0.2631578947368421
2020-21,2021-05-16,Crystal Palace,Aston Villa,H,0,1.3491548157523223,1.2216591677354733,0.39748528874627587,0.2650171964027909,0.3374975148509331,0.3157894736842105,0.2631578947368421,0.42105263157894735
2020-21,2021-05-16,Everton,Sheffield United,A,2,2.224944543984356,0.615655220899361,0.7419323496233337,0.1703970008286695,0.08767064954799696,0.6914119359534208,0.19796215429403205,0.11062590975254732
2020-21,2021-05-16,Tottenham,Wolverhampton Wanderers,H,0,1.6251122033573726,0.9284271759790761,0.5372733942048912,0.2476600316515754,0.21506657414353333,0.6340391980175715,0.2196440639783735,0.14631673800405498
2020-21,2021-05-16,West Bromwich Albion,Liverpool,A,2,0.9328325524279153,2.3589321551945663,0.13231586297122258,0.17683566773049325,0.6908484692982841,0.07885055185442974,0.14557024957740877,0.7755791985681615
2020-21,2021-05-18,Brighton and Hove Albion,Manchester City,H,0,0.8044788623263743,2.0751329826001665,0.13452725621102277,0.19715868590343225,0.668314057885545,0.13544369486248053,0.21069019200830302,0.6538661131292164
2020-21,2021-05-18,Chelsea,Leicester City,H,0,1.5748697516464527,1.1218696683215432,0.4781751031083047,0.25073513776542133,0.271089759126274,0.5576208178438662,0.2527881040892193,0.1895910780669145
2020-21,2021-05-18,Manchester United,Fulham,D,1,2.5610127782317065,0.5810959618677786,0.8009937027798346,0.13591100847399537,0.06309528874617006,0.7377049180327869,0.15737704918032788,0.10491803278688525
2020-21,2021-05-18,Southampton,Leeds United,A,2,1.3134511185841244,1.3851960314262615,0.35443498887673114,0.25806835281057217,0.3874966583126968,0.3739930955120828,0.24453394706559262,0.38147295742232445
2020-21,2021-05-19,Everton,Wolverhampton Wanderers,H,0,1.509605626191479,0.9385319883405839,0.505464432331363,0.2598087807277974,0.2347267869408396,0.5116751269035532,0.2629441624365482,0.22538071065989848
2020-21,2021-05-19,Burnley,Liverpool,A,2,1.0435539505252591,2.1182825405752195,0.17782570273878667,0.20239308543676182,0.6197812118244515,0.08629749393694422,0.13561034761519805,0.7780921584478576
2020-21,2021-05-19,Crystal Palace,Arsenal,A,2,1.1789253948032603,1.3962708272128026,0.31721201614861155,0.26352456346623704,0.41926342038515146,0.15789473684210528,0.2105263157894737,0.6315789473684211
2020-21,2021-05-19,Tottenham,Aston Villa,A,2,1.9445614409163645,0.932409917401161,0.6100906666458046,0.21516936165269065,0.17473997170150482,0.631578947368421,0.21052631578947367,0.15789473684210525
2020-21,2021-05-19,West Bromwich Albion,West Ham,A,2,1.1149408054772165,1.6306821763586967,0.2603033241542291,0.24605077020099722,0.4936459056447737,0.1894034665646017,0.2187107004210181,0.5918858330143802
2020-21,2021-05-19,Newcastle United,Sheffield United,H,0,1.8965178378156908,0.8886164720744991,0.6104410524024997,0.21872868688781827,0.1708302607096821,0.5510440835266821,0.24941995359628769,0.19953596287703013
2020-21,2021-05-23,Leicester City,Tottenham,A,2,1.6102228785395978,1.1809139526911934,0.47339224691189785,0.24670706007818768,0.2799006930099145,0.47482014388489213,0.23741007194244607,0.2877697841726619
2020-21,2021-05-23,Liverpool,Crystal Palace,H,0,2.7091460775973677,0.7261852696473922,0.7902365070530174,0.1347484505044777,0.07501504244250487,0.8263659342796034,0.11083025471514679,0.06280381100524984
2020-21,2021-05-23,Arsenal,Brighton and Hove Albion,H,0,1.7772629928108754,0.8872132194162121,0.5839959158678164,0.23112612913666444,0.1848779549955192,0.6018171661844011,0.2182108431661685,0.17997199064943042
2020-21,2021-05-23,Aston Villa,Chelsea,H,0,1.0515625153295043,1.6730783901446011,0.23824121905839046,0.24277500574088523,0.5189837752007244,0.14501576258288945,0.2049135775627786,0.650070659854332
2020-21,2021-05-23,Fulham,Newcastle United,A,2,1.2376589110120857,1.4048158765133543,0.3309836463045902,0.26036210149848577,0.40865425219692403,0.46281601771544567,0.24967706218859564,0.28750692009595863
2020-21,2021-05-23,Leeds United,West Bromwich Albion,H,0,2.0421488773906007,0.8521037647944399,0.6500738463939946,0.2026336383558587,0.1472925152501468,0.6747404844290658,0.17993079584775085,0.1453287197231834
2020-21,2021-05-23,Manchester City,Everton,H,0,2.1882354719176536,0.7168413586407228,0.7110141426507125,0.18085778363675403,0.10812807371253352,0.6624541377904607,0.1907867916836527,0.14675907052588671
2020-21,2021-05-23,Sheffield United,Burnley,H,0,1.142679654086687,1.522475063097355,0.2851807839683527,0.2546796700357845,0.4601395459958627,0.33962264150943394,0.2641509433962264,0.39622641509433965
2020-21,2021-05-23,West Ham,Southampton,H,0,1.9678061074995743,0.971595719287501,0.6055759582615129,0.21401348260986489,0.1804105591286223,0.5738880918220947,0.23672883787661403,0.18938307030129126
2020-21,2021-05-23,Wolverhampton Wanderers,Manchester United,A,2,0.9857220140450735,1.477208183385398,0.2521650415501799,0.26239555047564633,0.4854394079741739,0.3787575150300601,0.2705410821643286,0.3507014028056112
2021-22,2021-08-14,Chelsea,Crystal Palace,H,0,2.071887515708091,0.8901496486277257,0.646824666708287,0.20125516295971077,0.1519201703320022,0.7612985359643539,0.16549968173138127,0.0732017823042648
2021-22,2021-08-14,Burnley,Brighton and Hove Albion,A,2,1.3686315481346958,1.1270028362001605,0.42351764319151475,0.26791805166402544,0.3085643051444598,0.30625,0.30625,0.3875
2021-22,2021-08-14,Everton,Southampton,H,0,1.6115981251911036,1.0535911558712832,0.5034067122197184,0.24844745555654854,0.24814583222373313,0.49557522123893805,0.26902654867256637,0.23539823008849559
2021-22,2021-08-14,Leicester City,Wolverhampton Wanderers,H,0,1.7357068975504144,0.9397521271259051,0.5612012358644718,0.23625933535328583,0.20253942878224238,0.5704400537557545,0.24919223400909268,0.1803677122351528
2021-22,2021-08-14,Manchester United,Leeds United,H,0,1.7093358748455727,1.0805846241298522,0.5208129118927066,0.23938594300064614,0.23980114510664724,0.6226312939902545,0.21169463995668653,0.16567406605305904
2021-22,2021-08-14,Watford,Aston Villa,H,0,1.5488940673735276,1.1388012864352057,0.46772819468840704,0.2525786130790676,0.2796931922325253,0.305178866041608,0.29564202647780774,0.39917910748058427
2021-22,2021-08-14,Norwich City,Liverpool,A,2,0.976502284804784,2.2071844896226187,0.15493975486469944,0.1921612972962548,0.6528989478390457,0.10539302079661615,0.16496298907296442,0.7296439901304195
2021-22,2021-08-15,Newcastle United,West Ham,A,2,1.3573205907426993,1.5874965793750775,0.32716436105867785,0.24382756283494397,0.4290080761063781,0.2968388589051658,0.27139552814186585,0.4317656129529684
2021-22,2021-08-15,Tottenham,Manchester City,H,0,1.2114860096592053,1.6394004663918287,0.2825310430749106,0.24385380321137878,0.4736151537137106,0.17400310719834286,0.22786121180735372,0.5981356809943036
2021-22,2021-08-21,Crystal Palace,Brentford,D,1,1.2560688012751737,1.4482182703984878,0.3275411613309009,0.25656919391784416,0.4158896447512549,0.3723872275722251,0.29674607197161684,0.3308667004561581
2021-22,2021-08-21,Aston Villa,Newcastle United,H,0,1.4832791475302713,1.3516059842434196,0.4044667185805467,0.25040688423760826,0.34512639718184507,0.5275084060230983,0.25320403489108717,0.21928755908581452
2021-22,2021-08-21,Brighton and Hove Albion,Watford,H,0,1.357589746257117,1.3305890507103446,0.3768245046824302,0.25881713361622777,0.3643583617013421,0.5613668061366807,0.27266387726638774,0.16596931659693168
2021-22,2021-08-21,Liverpool,Burnley,H,0,2.473373414984097,0.7666587866448051,0.7473617427085253,0.1571616809400036,0.09547657635147115,0.8012162051113485,0.12605801627085214,0.07272577861779932
2021-22,2021-08-21,Manchester City,Norwich City,H,0,2.4124592190913514,0.6929403708681535,0.7544245100506352,0.15761826169546103,0.08795722825390377,0.8774082709534912,0.08614553932997915,0.03644618971652964
2021-22,2021-08-21,Leeds United,Everton,D,1,1.528923698908419,1.1201413736124743,0.4669686269526933,0.2546908892063224,0.27834048384098425,0.40208136234626296,0.28027436140018924,0.3176442762535478
2021-22,2021-08-22,Arsenal,Chelsea,A,2,1.258275018953838,1.4049231719951618,0.33632067256469356,0.2594322712163598,0.4042470562189467,0.19887458567794647,0.2519078085253989,0.5492176057966546
2021-22,2021-08-22,Southampton,Manchester United,D,1,1.0357603224873349,1.61393621816597,0.24335422659775924,0.248392905082655,0.5082528683195858,0.1720368389470114,0.22528633671632445,0.6026768243366641
2021-22,2021-08-22,Wolverhampton Wanderers,Tottenham,A,2,1.1807581143709034,1.4225331298762884,0.31281638690080327,0.2614348622813678,0.42574875081782887,0.2974683544303798,0.2974683544303798,0.40506329113924056
2021-22,2021-08-23,West Ham,Leicester City,H,0,1.7102876888897494,1.1383459799731672,0.5074873392001411,0.23903881718617506,0.2534738436136838,0.38118811881188125,0.2722772277227723,0.34653465346534656
2021-22,2021-08-28,Aston Villa,Brentford,D,1,1.383338485364935,1.1739053700296178,0.41695949753642114,0.2647314094146997,0.31830909304887933,0.4866595517609392,0.26360725720384204,0.24973319103521877
2021-22,2021-08-28,Manchester City,Arsenal,H,0,2.06689059250613,0.8154864065060161,0.6639894114558921,0.19851700065245334,0.13749358789165458,0.7619047619047619,0.15873015873015872,0.07936507936507936
2021-22,2021-08-28,Liverpool,Chelsea,D,1,1.7358505118505552,1.3410577387432625,0.4679828163686095,0.23463737880273997,0.29737980482865056,0.3865105008077544,0.28695476575121165,0.32653473344103395
2021-22,2021-08-28,West Ham,Crystal Palace,D,1,2.162145033936151,0.8258039993366605,0.6799281142872884,0.18952786854225173,0.13054401717045988,0.6150206978119456,0.23832052040212892,0.1466587817859255
2021-22,2021-08-28,Newcastle United,Southampton,D,1,1.5661864614203442,1.1148388590451141,0.47762811624010165,0.25161207978607086,0.27075980397382743,0.38049560351718625,0.2797761790567546,0.33972821742605913
2021-22,2021-08-28,Norwich City,Leicester City,A,2,1.1379524592062813,1.3808899560051162,0.3092173977101675,0.2664544416766887,0.4243281606131438,0.2119476268412439,0.27250409165302786,0.5155482815057284
2021-22,2021-08-28,Brighton and Hove Albion,Everton,A,2,1.3049295381559523,1.2326727974718157,0.38336166921887177,0.2674834270308448,0.3491549037502834,0.41395531164249316,0.2975303802430419,0.2885143081144649
2021-22,2021-08-29,Burnley,Leeds United,D,1,1.1809848393494164,1.470811914160024,0.30408112356437406,0.2576922199550631,0.4382266564805629,0.306420233463035,0.2714007782101167,0.42217898832684825
2021-22,2021-08-29,Tottenham,Watford,H,0,1.876398751312366,1.0100419338033795,0.5763411244480848,0.22349457842017012,0.20016429713174516,0.6956875508543532,0.19918633034987795,0.10512611879576893
2021-22,2021-08-29,Wolverhampton Wanderers,Manchester United,A,2,1.004673648283272,1.7153200289574493,0.22077635983967758,0.2387765624684429,0.5404470776918795,0.1891891891891892,0.27027027027027023,0.5405405405405405
2021-22,2021-09-11,Manchester United,Newcastle United,H,0,2.1560875568577953,0.8026366308056586,0.6843568330798945,0.18893477489796848,0.1267083920221371,0.8090614886731391,0.12729234088457386,0.06364617044228693
2021-22,2021-09-11,Southampton,West Ham,D,1,1.1940287285014928,1.909684653399471,0.2366960403603367,0.22269471800829407,0.5406092416313691,0.3292826342610741,0.2728341826734614,0.39788318306546455
2021-22,2021-09-11,Arsenal,Norwich City,H,0,1.63052230421867,0.9817689454215941,0.5254437383420233,0.24707732124455237,0.22747894041342434,0.6344827586206896,0.20689655172413796,0.1586206896551724
2021-22,2021-09-11,Brentford,Brighton and Hove Albion,A,2,1.4631026465592074,0.9757650339920488,0.48414645679621504,0.2640236922789703,0.25182985092481475,0.33970826580226904,0.2972447325769854,0.3630470016207455
2021-22,2021-09-11,Chelsea,Aston Villa,H,0,2.0993863293594655,0.8393559273145298,0.6645756477365207,0.19635899006543428,0.139065362198045,0.7412398921832885,0.1725067385444744,0.0862533692722372
2021-22,2021-09-11,Crystal Palace,Tottenham,H,0,1.0741843832202504,1.438534076619404,0.2819481211805667,0.26383457869542004,0.45421730012401323,0.22673031026252988,0.27207637231503584,0.5011933174224344
2021-22,2021-09-11,Leicester City,Manchester City,A,2,1.0783277618798823,2.00575320591326,0.1985646665885463,0.21311582871635468,0.588319504695099,0.15818639798488665,0.23727959697732998,0.6045340050377834
2021-22,2021-09-11,Watford,Wolverhampton Wanderers,A,2,1.4893710893818146,1.1093950519118687,0.45931100626590243,0.25834985340798367,0.28233914032611396,0.27982899339292655,0.29731830547998445,0.42285270112708895
2021-22,2021-09-12,Leeds United,Liverpool,A,2,1.1388275290818641,1.7929016559423092,0.24110328002669898,0.2320763210079201,0.5268203989653809,0.21945293518300807,0.23755780233560622,0.5429892624813857
2021-22,2021-09-13,Everton,Burnley,H,0,1.8647807703401111,0.8703834789117828,0.6079969151284946,0.22149834764445678,0.17050473722704865,0.5576208178438662,0.2527881040892193,0.1895910780669145
2021-22,2021-09-17,Newcastle United,Leeds United,D,1,1.3006192473191125,1.389263511292221,0.3503217095689746,0.25845337662949097,0.3912249138015344,0.31870669745958424,0.26558891454965355,0.4157043879907621
2021-22,2021-09-18,Burnley,Arsenal,A,2,1.2242779944371054,1.3384186531239546,0.34028936556494066,0.2656355865541774,0.39407504788088193,0.2497331910352187,0.263607257203842,0.4866595517609391
2021-22,2021-09-18,Liverpool,Crystal Palace,H,0,2.455268731491592,0.756587575857309,0.7467734599052916,0.15809102964995614,0.09513551044475232,0.7913043478260869,0.13565217391304346,0.07304347826086957
2021-22,2021-09-18,Aston Villa,Everton,H,0,1.220269999740505,1.4372869541994553,0.3203594014899923,0.25877507748079154,0.42086552102921615,0.3956834532374101,0.2877697841726619,0.31654676258992803
2021-22,2021-09-18,Norwich City,Watford,A,2,1.336765044027932,1.2925075804584614,0.37925348509100393,0.2621253907412268,0.35862112416776926,0.44134505158578524,0.28754298815437523,0.2711119602598395
2021-22,2021-09-18,Wolverhampton Wanderers,Brentford,A,2,1.3963876408156382,1.0886490013786139,0.43967933519467534,0.26708295718926056,0.293237707616064,0.5183826461440306,0.2918893053672542,0.18972804848871525
2021-22,2021-09-18,Manchester City,Southampton,D,1,2.887337293583538,0.6960733350099697,0.8186683771471884,0.11914092381546575,0.06219069903734586,0.8447536353175019,0.09959200753216865,0.05565435715032954
2021-22,2021-09-19,Brighton and Hove Albion,Leicester City,H,0,1.274700454420801,1.1338270805661816,0.3964905768024877,0.275188675366253,0.3283207478312592,0.3539111200482606,0.2986125075407199,0.34747637241101953
2021-22,2021-09-19,Tottenham,Chelsea,A,2,1.2633953943265106,1.524888353148921,0.31528024930213044,0.25097152619394647,0.43374822450392303,0.19022379269729095,0.2502944640753828,0.5594817432273262
2021-22,2021-09-19,West Ham,Manchester United,A,2,1.317380608283866,1.4847890771553136,0.33624948836613877,0.2516993997382817,0.4120511118955796,0.21945293518300807,0.23755780233560622,0.5429892624813857
2021-22,2021-09-25,Brentford,Liverpool,D,1,1.035900187345997,1.957662360820941,0.19549369394626565,0.21649510771981237,0.5880111983339219,0.13544369486248053,0.21069019200830302,0.6538661131292164
2021-22,2021-09-25,Chelsea,Manchester City,A,2,1.3593425610771224,1.5999806207109468,0.32539714878162024,0.24298699596822623,0.43161585525015345,0.3608184017384886,0.2954200664233876,0.34376153183812375
2021-22,2021-09-25,Everton,Norwich City,H,0,1.9318927088852167,0.809000360064047,0.6379161125298947,0.21232787095061434,0.149756016519491,0.5869632375656471,0.24868705591597154,0.1643497065183812
2021-22,2021-09-25,Leeds United,West Ham,A,2,1.2979143197764846,1.4849152789603586,0.33131955719204403,0.2524519224890457,0.4162285203189103,0.3157894736842105,0.2631578947368421,0.42105263157894735
2021-22,2021-09-25,Leicester City,Burnley,D,1,1.7422871450281046,0.9845750703916427,0.5517375159103238,0.23603241191150007,0.21223007217817613,0.6045340050377834,0.23727959697732998,0.15818639798488665
2021-22,2021-09-25,Manchester United,Aston Villa,A,2,2.0566097471685905,0.7700322322205423,0.6731468330702142,0.19738610144704338,0.12946706548274245,0.6997667444185273,0.18127290903032325,0.11896034655114963
2021-22,2021-09-25,Watford,Newcastle United,D,1,1.528883418160163,1.0334616601421607,0.48734242600853717,0.2564667396511441,0.25619083434031875,0.43220338983050843,0.2796610169491525,0.288135593220339
2021-22,2021-09-26,Arsenal,Tottenham,H,0,1.432009171475234,1.1544422862157566,0.43411413975700186,0.2616864140073357,0.3041994462356624,0.44134505158578524,0.28754298815437523,0.2711119602598395
2021-22,2021-09-26,Southampton,Wolverhampton Wanderers,A,2,1.412415566874847,1.243574976946765,0.4093516797296534,0.259572422204698,0.3310758980656487,0.3630470016207455,0.2972447325769854,0.33970826580226904
2021-22,2021-09-27,Crystal Palace,Brighton and Hove Albion,D,1,1.2992864384320482,1.1772918800909749,0.3937073142747597,0.27092707368674734,0.33536561203849297,0.3092092289489253,0.2995464405442714,0.39124433050680335
2021-22,2021-10-02,Brighton and Hove Albion,Arsenal,D,1,1.2930690289360445,1.1784686616724638,0.3917668498001762,0.2713244027785287,0.33690874742129506,0.3151515151515151,0.2909090909090909,0.393939393939394
2021-22,2021-10-02,Burnley,Norwich City,D,1,1.45223743407214,1.0555067807809544,0.46220158661196775,0.26313557222201994,0.2746628411660123,0.5151610291323099,0.2647355288596593,0.22010344200803078
2021-22,2021-10-02,Chelsea,Southampton,H,0,2.0820971519846867,0.813512687486143,0.6674731767681557,0.1968819328975113,0.13564489033433308,0.6956875508543532,0.19918633034987795,0.10512611879576893
2021-22,2021-10-02,Leeds United,Watford,H,0,1.5186100121890609,1.0822026539255434,0.4731673874947242,0.25645274420983954,0.27037986829543614,0.5608856088560886,0.23837638376383766,0.2007380073800738
2021-22,2021-10-02,Manchester United,Everton,D,1,1.829383199396004,1.0426631974217655,0.5579033271574443,0.22831880933583376,0.21377786350672198,0.6543619089837492,0.21912812194605918,0.12650996907019152
2021-22,2021-10-02,Wolverhampton Wanderers,Newcastle United,H,0,1.5941303266695255,1.066673419383207,0.49594495669555455,0.2499029474734827,0.2541520958309627,0.591715976331361,0.22682445759368838,0.1814595660749507
2021-22,2021-10-03,Crystal Palace,Leicester City,D,1,1.3129508952459776,1.2283649879628413,0.38641916070016924,0.26717632470620756,0.3464045145936233,0.3067869752844252,0.27971753628874063,0.41349548842683403
2021-22,2021-10-03,Liverpool,Manchester City,D,1,1.602407740482018,1.5449172835243403,0.39417131783399784,0.2363924084401546,0.3694362737258475,0.33158331030671456,0.2718983144515059,0.3965183752417795
2021-22,2021-10-03,Tottenham,Aston Villa,H,0,1.4167159206517153,1.0619827244431834,0.4512837675285922,0.26619298843708356,0.28252324403432433,0.45434298440979953,0.2650334075723831,0.2806236080178174
2021-22,2021-10-03,West Ham,Brentford,A,2,1.653845638281286,1.0668109270549613,0.510665764820027,0.24446011922022404,0.24487411595974895,0.5449330783938815,0.25430210325047803,0.20076481835564056
2021-22,2021-10-16,Aston Villa,Wolverhampton Wanderers,A,2,1.4348369741915976,1.1255953808467993,0.44139139668155564,0.26247864474726323,0.29612995857118124,0.43940125543215836,0.2906808305166586,0.269917914051183
2021-22,2021-10-16,Brentford,Chelsea,A,2,1.253576616156814,1.446166552870865,0.3272862387550423,0.256811617590705,0.4159021436542527,0.14597147121430845,0.24968804286658022,0.6043404859191114
2021-22,2021-10-16,Leicester City,Manchester United,H,0,1.2042765390685817,1.4989918109361209,0.3049928552169762,0.2547658322136924,0.4402413125693313,0.2717731541152642,0.2642238998342847,0.46400294605045117
2021-22,2021-10-16,Manchester City,Burnley,H,0,2.7624661645968165,0.604969320907572,0.8217365376444987,0.12141153986384731,0.05685192249165402,0.8450286617908678,0.10515912235619687,0.04981221585293536
2021-22,2021-10-16,Norwich City,Brighton and Hove Albion,D,1,1.1491667263533345,1.2358927060278977,0.3402564352125393,0.2773195540851873,0.3824240107022734,0.26503340757238314,0.28062360801781744,0.4543429844097996
2021-22,2021-10-16,Southampton,Leeds United,H,0,1.3195706706218837,1.3091190492657565,0.3713211462217295,0.26223099791609283,0.3664478558621777,0.41257367387033406,0.27111984282907664,0.3163064833005894
2021-22,2021-10-16,Watford,Liverpool,A,2,0.9284847949543634,2.1831767349991966,0.148140437697749,0.19232894273791404,0.6595306195643369,0.11190148386109836,0.17293865687624294,0.7151598592626587
2021-22,2021-10-17,Everton,West Ham,A,2,1.5084871708702707,1.1178339876962469,0.4622801847356979,0.25648985567452104,0.28122995958978103,0.38049560351718625,0.2797761790567546,0.33972821742605913
2021-22,2021-10-17,Newcastle United,Tottenham,A,2,1.1842759283104876,1.3452514382758116,0.32830682495212127,0.267142180272395,0.4045509947754838,0.2717731541152642,0.2642238998342847,0.46400294605045117
2021-22,2021-10-18,Arsenal,Crystal Palace,D,1,1.6852638865447067,1.0322501879053148,0.52656564334829,0.241683699087346,0.23175065756436383,0.5925155925155925,0.24948024948024947,0.15800415800415799
2021-22,2021-10-22,Arsenal,Aston Villa,H,0,1.6869472511211983,0.9199235290295578,0.5544979049680058,0.24111502222476439,0.2043870728072298,0.5198277142432793,0.25367592455072036,0.2264963612060003
2021-22,2021-10-23,Brighton and Hove Albion,Manchester City,A,2,0.9244753011358066,1.6966500354296596,0.20416461568522626,0.24013861073661924,0.5556967735781545,0.11906893464637423,0.20053715308863027,0.6803939122649956
2021-22,2021-10-23,Chelsea,Norwich City,H,0,2.2717981095764372,0.701773341294595,0.7293080623810749,0.1715717750432702,0.09912016257565491,0.8017715332926084,0.13515577275503968,0.06307269395235185
2021-22,2021-10-23,Crystal Palace,Newcastle United,D,1,1.559486580732846,1.0219614331113942,0.4979051684701125,0.253722019298232,0.24837281223165547,0.49930651872399445,0.2635228848821082,0.23717059639389737
2021-22,2021-10-23,Everton,Watford,A,2,1.7895911494590968,0.867038672419041,0.591900885962748,0.229388887716457,0.17871022632079495,0.5766312594840667,0.25037936267071315,0.17298937784522
2021-22,2021-10-23,Leeds United,Wolverhampton Wanderers,D,1,1.386253927814722,1.2722407574548622,0.39642352248400653,0.2600229415896372,0.34355353592635635,0.39337257115214064,0.2776747561073934,0.328952672740466
2021-22,2021-10-23,Southampton,Burnley,D,1,1.5093247434188026,0.9879001988246188,0.4932831521224424,0.259135886459324,0.24758096141823363,0.48611111111111116,0.2708333333333333,0.24305555555555558
2021-22,2021-10-24,Brentford,Leicester City,A,2,1.4380543612523908,1.2698631482436396,0.4103111062800081,0.2566926058567333,0.33299628786325874,0.36175395858708886,0.28721071863581,0.3510353227771011
2021-22,2021-10-24,Manchester United,Liverpool,A,2,1.376687278060084,1.8117866842432018,0.293051456412468,0.229090270540815,0.47785827304671696,0.30579150579150577,0.2633204633204633,0.43088803088803085
2021-22,2021-10-24,West Ham,Tottenham,H,0,1.5075505121339043,1.055011780497234,0.4767287770933238,0.2580462762088605,0.2652249466978158,0.41257367387033406,0.27111984282907664,0.3163064833005894
2021-22,2021-10-30,Burnley,Brentford,H,0,1.1441937266520177,1.4942120333105344,0.2904652957608094,0.25696944956147694,0.4525652546777136,0.3658536585365854,0.2882483370288249,0.34589800443458985
2021-22,2021-10-30,Leicester City,Arsenal,A,2,1.4692146298032065,1.200106692323925,0.43354951073076764,0.2571587132812342,0.3092917759879982,0.3965183752417795,0.2718983144515059,0.33158331030671456
2021-22,2021-10-30,Watford,Southampton,A,2,1.5265605673867564,1.162490274662136,0.4566568728524495,0.253830470681248,0.2895126564663025,0.29753038024304196,0.28851430811446493,0.4139553116424932
2021-22,2021-10-30,Liverpool,Brighton and Hove Albion,D,1,2.5231923640993545,0.7790706038412306,0.752318033312397,0.15367336707738188,0.09400859961022115,0.78031212484994,0.14645858343337334,0.07322929171668667
2021-22,2021-10-30,Newcastle United,Chelsea,A,2,0.9549989839966581,1.9301983820625,0.18132370956129334,0.2171827394014868,0.6014935510372199,0.11173184357541902,0.18994413407821234,0.6983240223463688
2021-22,2021-10-30,Tottenham,Manchester United,A,2,1.3582109956450517,1.2947906673059817,0.3843838691500476,0.26067926528744173,0.35493686556251064,0.33242551400886,0.2650170070015079,0.4025574789896322
2021-22,2021-10-30,Manchester City,Crystal Palace,A,2,2.4938524879370156,0.6752033641207997,0.7708352441470535,0.14901146076576335,0.08015329508718311,0.8316008316008316,0.1185031185031185,0.04989604989604989
2021-22,2021-10-31,Aston Villa,West Ham,A,2,1.1987506518989484,1.5819261703086294,0.2890968251338234,0.24855759015667067,0.46234558470950593,0.33980582524271846,0.27184466019417475,0.3883495145631068
2021-22,2021-10-31,Norwich City,Leeds United,A,2,1.150699298822067,1.3608537111217576,0.31636156041287194,0.26751027619570666,0.4161281633914213,0.2785145888594165,0.27055702917771884,0.4509283819628648
2021-22,2021-11-01,Wolverhampton Wanderers,Everton,H,0,1.375387678231297,1.2216819401194843,0.40440707405191595,0.2631630187895103,0.3324299071585736,0.4317656129529684,0.2968388589051658,0.27139552814186585
2021-22,2021-11-05,Southampton,Aston Villa,H,0,1.548666553753672,1.1208762238359962,0.47180834729337595,0.25299109828913113,0.2752005544174929,0.4850444624090542,0.2627324171382377,0.25222312045270817
2021-22,2021-11-06,Brighton and Hove Albion,Newcastle United,D,1,1.6492923838324283,0.9397445954289123,0.5404153138444363,0.24515774618364225,0.21442693997192144,0.6008782066096602,0.2418919959941453,0.15722979739619442
2021-22,2021-11-06,Brentford,Norwich City,A,2,1.732392545616491,0.8935938873629448,0.5719226761072546,0.2360012838984413,0.19207603999430423,0.5958549222797929,0.2383419689119171,0.16580310880829016
2021-22,2021-11-06,Chelsea,Burnley,D,1,2.369561664052882,0.7146539324092561,0.7425994988782996,0.1630789735125883,0.09432152760911214,0.7619047619047619,0.15873015873015872,0.07936507936507936
2021-22,2021-11-06,Manchester United,Manchester City,A,2,1.2420529989962092,1.5912005095509987,0.2982252534016087,0.2468250468170707,0.4549496997813205,0.2007380073800738,0.23837638376383766,0.5608856088560886
2021-22,2021-11-06,Crystal Palace,Wolverhampton Wanderers,H,0,1.3678690878570718,1.1473826638175422,0.41874253466363087,0.2670995186101614,0.3141579467262078,0.3872529245663574,0.2964905203711174,0.3162565550625252
2021-22,2021-11-07,Arsenal,Watford,H,0,2.006231405700191,0.849318596217897,0.6434274967192113,0.2061520829331676,0.1504204203476211,0.6914119359534208,0.19796215429403205,0.11062590975254732
2021-22,2021-11-07,Everton,Tottenham,D,1,1.405022191871773,1.2339730427261555,0.4095051711796361,0.2605102679818923,0.32998456083847166,0.3065732651396048,0.2924237298254692,0.4010030050349261
2021-22,2021-11-07,Leeds United,Leicester City,D,1,1.3072734449804233,1.3267473119423565,0.36450840322591876,0.26191125625631195,0.3735803405177694,0.33980582524271846,0.27184466019417475,0.3883495145631068
2021-22,2021-11-07,West Ham,Liverpool,H,0,1.3418897695040344,1.6639683156586922,0.3098519645845534,0.23936998105872356,0.45077805435672313,0.2007380073800738,0.23837638376383766,0.5608856088560886
2021-22,2021-11-20,Liverpool,Arsenal,H,0,1.8886236688692757,1.0450800847101394,0.570678049450979,0.22293299517057932,0.2063889553784418,0.6543046357615894,0.1997350993377483,0.14596026490066225
2021-22,2021-11-20,Aston Villa,Brighton and Hove Albion,H,0,1.2811373048264434,1.3262449168138766,0.3577457296958159,0.2634027676018798,0.3788515027023043,0.3865105008077544,0.28695476575121165,0.32653473344103395
2021-22,2021-11-20,Burnley,Crystal Palace,D,1,1.240336346554316,1.353823649941638,0.3415240600811506,0.26375776123940686,0.3947181786794426,0.3516483516483516,0.2967032967032967,0.3516483516483516
2021-22,2021-11-20,Leicester City,Chelsea,A,2,1.215509827434562,1.7451131364599453,0.2663427501448806,0.23562576694158344,0.49803148291353594,0.20076481835564056,0.25430210325047803,0.5449330783938815
2021-22,2021-11-20,Wolverhampton Wanderers,West Ham,H,0,1.1617429600657803,1.566800841209986,0.2824344746567454,0.2505929257743985,0.46697259956885606,0.3151515151515151,0.2909090909090909,0.393939393939394
2021-22,2021-11-20,Watford,Manchester United,H,0,1.084846828288601,1.549126674664983,0.2659969225858932,0.25367510372530694,0.4803279736887999,0.14596026490066225,0.1997350993377483,0.6543046357615894
2021-22,2021-11-20,Newcastle United,Brentford,D,1,1.205154447190451,1.324311501869804,0.337955776486465,0.2676218806844105,0.39442234282912453,0.364835863603847,0.2811382243064939,0.35402591208965895
2021-22,2021-11-20,Norwich City,Southampton,H,0,1.221323112107152,1.3521711750916374,0.33682168833330967,0.26482176534485413,0.39835654632183626,0.2642238998342847,0.2717731541152642,0.46400294605045117
2021-22,2021-11-21,Manchester City,Everton,H,0,2.286635508826092,0.7736630483827912,0.7149176035227763,0.17464492509334642,0.11043747138387731,0.8316008316008316,0.1185031185031185,0.04989604989604989
2021-22,2021-11-21,Tottenham,Leeds United,H,0,1.4819337829994284,1.0481706649477434,0.47170761104463294,0.2605755037466369,0.2677168852087302,0.5609973285841497,0.2270703472840606,0.21193232413178986
2021-22,2021-11-27,Arsenal,Newcastle United,H,0,2.0384187341427387,0.8009058247430285,0.6619009331761658,0.2007631865436428,0.1373358802801914,0.6627466613514053,0.20091688259916285,0.13633645604943193
2021-22,2021-11-27,Norwich City,Wolverhampton Wanderers,D,1,1.178296103708622,1.3456577872194577,0.3266306273882028,0.2674010783005901,0.40596829431120696,0.2711119602598395,0.28754298815437523,0.44134505158578524
2021-22,2021-11-27,Brighton and Hove Albion,Leeds United,D,1,1.3853665237522481,1.1836950567035087,0.41533326765278034,0.2641504537314817,0.3205162786157379,0.4652011310772599,0.2804889172671714,0.25430995165556874
2021-22,2021-11-27,Liverpool,Southampton,H,0,2.5708153575880055,0.7761061119124758,0.7601423148208518,0.14945493343767094,0.09040275174147737,0.7377049180327869,0.15737704918032788,0.10491803278688525
2021-22,2021-11-27,Crystal Palace,Aston Villa,A,2,1.6289085738358575,0.962894753368259,0.5296769544801967,0.24727307119796513,0.2230499743218382,0.43220338983050843,0.2796610169491525,0.288135593220339
2021-22,2021-11-28,Brentford,Everton,H,0,1.439828436257209,1.1588742901736,0.4351592173738634,0.26090087912555054,0.30393990350058603,0.42285270112708895,0.29731830547998445,0.27982899339292655
2021-22,2021-11-28,Chelsea,Manchester United,D,1,1.9808814741541305,0.9243257246919417,0.6197939324343292,0.21136784600846514,0.16883822155720565,0.6045340050377834,0.23727959697732998,0.15818639798488665
2021-22,2021-11-28,Leicester City,Watford,H,0,1.7480146739987965,1.0741787965970793,0.5315177951284761,0.23591729447810844,0.23256491039341554,0.5898914063547392,0.23743129105778257,0.17267730258747824
2021-22,2021-11-28,Manchester City,West Ham,H,0,2.0251873927466297,0.9337362594899795,0.6267769380620807,0.20738448225180633,0.165838579686113,0.7404069018799897,0.16482101467937163,0.09477208344063869
2021-22,2021-11-30,Leeds United,Crystal Palace,H,0,1.4683796276077166,1.202269594821244,0.4328545288180616,0.25714592526718166,0.3099995459147567,0.3956834532374101,0.2877697841726619,0.31654676258992803
2021-22,2021-11-30,Newcastle United,Norwich City,D,1,1.303923998182808,1.1111840585877673,0.4095419759848863,0.2740035574806516,0.3164544665344621,0.48611111111111116,0.2708333333333333,0.24305555555555558
2021-22,2021-12-01,Everton,Liverpool,A,2,0.9767777027004996,2.3376326162962706,0.14213430854641035,0.18078910869273707,0.6770765827608526,0.12589262099973555,0.17984660142819361,0.6942607775720709
2021-22,2021-12-01,Southampton,Leicester City,D,1,1.2568382722256615,1.277584035731652,0.3611485261274218,0.2678743854564045,0.3709770884161737,0.39953225492106803,0.27054041261798034,0.32992733246095163
2021-22,2021-12-01,Aston Villa,Manchester City,A,2,0.8557188594757282,2.214126303761476,0.1314141232146121,0.18604635436116929,0.6825395224242187,0.10547184773988898,0.18080888183980967,0.7137192704203014
2021-22,2021-12-01,West Ham,Brighton and Hove Albion,D,1,1.694492368588887,0.9765955420745861,0.5423039090989882,0.24070127842962763,0.21699481247138414,0.4866595517609392,0.26360725720384204,0.24973319103521877
2021-22,2021-12-01,Wolverhampton Wanderers,Burnley,D,1,1.5874780024848052,1.0129225769308237,0.5071481758678267,0.25112457250229575,0.24172725162987768,0.511293669135136,0.2702552251142862,0.21845110575057775
2021-22,2021-12-01,Watford,Chelsea,A,2,1.042987613240049,2.2863205192828535,0.15942109997527462,0.18797029793637013,0.6526086020883552,0.0943657103352921,0.17974421016246114,0.7258900795022469
2021-22,2021-12-02,Manchester United,Arsenal,H,0,1.45189851939308,1.431029753988301,0.38037486466595966,0.24859131216300756,0.3710338231710328,0.4901960784313726,0.2549019607843137,0.2549019607843137
2021-22,2021-12-02,Tottenham,Brentford,H,0,1.6894550598388658,1.0011955624630642,0.5350875610816344,0.241271258392783,0.2236411805255827,0.5932203389830508,0.22598870056497172,0.18079096045197737
2021-22,2021-12-04,Newcastle United,Burnley,H,0,1.2968098666309333,1.176064170366881,0.3933023930770882,0.2711778471546944,0.3355197597682174,0.41395531164249316,0.2885143081144649,0.2975303802430419
2021-22,2021-12-04,Southampton,Brighton and Hove Albion,D,1,1.3340990740077199,1.202849901319913,0.3975357381629262,0.2670373855883883,0.33542687624868545,0.3872529245663574,0.2964905203711174,0.3162565550625252
2021-22,2021-12-04,Watford,Manchester City,A,2,0.8542480869411756,2.125052603714907,0.13949403603435806,0.19452236085947056,0.6659836031061714,0.07865168539325842,0.1348314606741573,0.7865168539325843
2021-22,2021-12-04,West Ham,Chelsea,H,0,1.146459259078335,1.6510937286575027,0.26475755992169325,0.24392195235907016,0.4913204877192366,0.19865983445013796,0.2621206148994876,0.5392195506503745
2021-22,2021-12-04,Wolverhampton Wanderers,Liverpool,A,2,0.9438033653012573,2.0568120332211097,0.16442098903166155,0.20471743955058733,0.6308615714177511,0.11906893464637423,0.20053715308863027,0.6803939122649956
2021-22,2021-12-05,Leeds United,Brentford,D,1,1.6420742600336853,1.034011736116267,0.5156216531918646,0.24575055365126638,0.23862779315686905,0.4866595517609392,0.26360725720384204,0.24973319103521877
2021-22,2021-12-05,Manchester United,Crystal Palace,H,0,1.7879626494763083,0.9787151149679318,0.563837178244705,0.23149938707769127,0.20466343467760376,0.6340391980175715,0.2196440639783735,0.14631673800405498
2021-22,2021-12-05,Aston Villa,Leicester City,H,0,1.2199073689617508,1.2667230742086728,0.3534134034445901,0.27081124791192246,0.37577534864348744,0.40208136234626296,0.28027436140018924,0.3176442762535478
2021-22,2021-12-05,Tottenham,Norwich City,H,0,1.83104917891366,0.8354517110880122,0.6092654893145448,0.22410367254655522,0.16663083813889995,0.6983240223463686,0.18994413407821228,0.11173184357541899
2021-22,2021-12-06,Everton,Arsenal,H,0,1.150971252251986,1.4300386588114384,0.3036482281659374,0.26197148718692026,0.4343802846471423,0.2785145888594165,0.27055702917771884,0.4509283819628648
2021-22,2021-12-10,Brentford,Watford,H,0,1.5951977179270131,1.1363301964702452,0.4799002914160529,0.2487518616953008,0.2713478468886463,0.42307692307692313,0.2884615384615385,0.2884615384615385
2021-22,2021-12-11,Arsenal,Southampton,H,0,1.7781686033853021,0.9459279648014187,0.5696105402762066,0.23202926703817137,0.19836019268562194,0.5898914063547392,0.23743129105778257,0.17267730258747824
2021-22,2021-12-11,Chelsea,Leeds United,H,0,2.082857613213318,0.8972859546949485,0.6473031900396259,0.20047948044311023,0.15221732951726383,0.7566826593557231,0.1644962302947224,0.07882111034955448
2021-22,2021-12-11,Liverpool,Aston Villa,H,0,2.527772369927697,0.6742299409630357,0.7760282531936259,0.14596529348428902,0.07800645332208507,0.7913043478260869,0.13565217391304346,0.07304347826086957
2021-22,2021-12-11,Manchester City,Wolverhampton Wanderers,H,0,2.643018208929558,0.5776955070703687,0.8125053235894387,0.1287212387080735,0.058773437702487864,0.8316008316008316,0.1185031185031185,0.04989604989604989
2021-22,2021-12-11,Norwich City,Manchester United,A,2,1.0313709398620234,1.5114748550544608,0.25847840674331174,0.2581574400712066,0.4833641531854817,0.13544369486248053,0.21069019200830302,0.6538661131292164
2021-22,2021-12-12,Burnley,West Ham,D,1,1.0621379167940421,1.420788240459224,0.2818523166205904,0.2658171399608296,0.4523305434185799,0.2631578947368421,0.2631578947368421,0.47368421052631576
2021-22,2021-12-12,Crystal Palace,Everton,H,0,1.3861867811169881,0.9911254634444795,0.4598473820259226,0.27138305131829193,0.2687695666557855,0.41395531164249316,0.2975303802430419,0.2885143081144649
2021-22,2021-12-12,Leicester City,Newcastle United,H,0,1.7145612349744084,0.9917206140004549,0.5434164894537555,0.2387926887211881,0.2177908218250563,0.5700111221682376,0.23078499092665228,0.19920388690511034
2021-22,2021-12-14,Manchester City,Leeds United,H,0,2.7711699224898467,0.7096589171276938,0.8017215442257205,0.12874067462856742,0.06953778114571207,0.8263659342796034,0.11083025471514679,0.06280381100524984
2021-22,2021-12-14,Norwich City,Aston Villa,A,2,1.2360090528113834,1.139273374853596,0.38460025203390924,0.27791306162325524,0.33748668634283546,0.28846153846153844,0.28846153846153844,0.423076923076923
2021-22,2021-12-15,Arsenal,West Ham,H,0,1.4553214104770646,1.087165085942453,0.4556085002884328,0.26194855550130836,0.28244294421025884,0.45051194539249145,0.2627986348122867,0.2866894197952219
2021-22,2021-12-15,Brighton and Hove Albion,Wolverhampton Wanderers,A,2,1.46374959653924,0.8959403851995199,0.5040457624572606,0.2653585801643334,0.23059565737840604,0.4221789883268483,0.3064202334630351,0.27140077821011677
2021-22,2021-12-15,Crystal Palace,Southampton,D,1,1.5201788566161218,1.0251495347326531,0.48709641112533,0.25744186604479025,0.2554617228298798,0.44134505158578524,0.28754298815437523,0.2711119602598395
2021-22,2021-12-16,Chelsea,Everton,D,1,2.249799487758208,0.7391123527208274,0.7166335314489147,0.17609538285238624,0.1072710856986989,0.78031212484994,0.14645858343337334,0.07322929171668667
2021-22,2021-12-16,Liverpool,Newcastle United,H,0,3.1311296242792452,0.6076528832540734,0.8607408730214617,0.09617190357170946,0.04308722340682888,0.8450286617908678,0.10515912235619687,0.04981221585293536
2021-22,2021-12-18,Leeds United,Arsenal,A,2,1.1831243002405398,1.654795388740219,0.2730867052854383,0.24311436355720636,0.48379893115735534,0.24053128566981427,0.24686105634533564,0.51260765798485
2021-22,2021-12-19,Newcastle United,Manchester City,A,2,0.7004922989888893,3.0099798971149183,0.05726290393301382,0.11095931919536065,0.8317777768716256,0.07272577861779932,0.12605801627085214,0.8012162051113485
2021-22,2021-12-19,Tottenham,Liverpool,D,1,1.1251241340817792,1.9386948427283694,0.21742683214278624,0.21966768396047476,0.562905483896739,0.18061509785647717,0.1996272134203169,0.619757688723206
2021-22,2021-12-19,Wolverhampton Wanderers,Chelsea,D,1,0.9723243755477555,1.8096048937815428,0.20032766417706893,0.22929293343401788,0.5703794023889132,0.13636363636363638,0.2272727272727273,0.6363636363636365
2021-22,2021-12-26,Aston Villa,Chelsea,A,2,1.0460268958385017,1.6216339540298617,0.24471389550725584,0.24758492849009656,0.5077011760026475,0.1797462911201892,0.24833369167920874,0.571920017200602
2021-22,2021-12-26,Brighton and Hove Albion,Brentford,H,0,1.438680135758163,1.0666636199871997,0.4560116760936472,0.2640505442643363,0.2799377796420166,0.4972144846796657,0.27785515320334264,0.22493036211699163
2021-22,2021-12-26,Manchester City,Leicester City,H,0,2.776466920434434,0.7315863193307012,0.797969634419077,0.1299325976274208,0.07209776795350224,0.8012162051113485,0.12605801627085214,0.07272577861779932
2021-22,2021-12-26,Norwich City,Arsenal,A,2,0.9805178605316278,1.9319353544800097,0.18666131884339845,0.21764558114150004,0.5956931000151015,0.11906893464637423,0.20053715308863027,0.6803939122649956
2021-22,2021-12-26,Tottenham,Crystal Palace,H,0,1.8870291006511672,0.8837013190366857,0.6095826354233203,0.21956310960708916,0.1708542549695905,0.5510440835266821,0.24941995359628769,0.19953596287703013
2021-22,2021-12-26,West Ham,Southampton,A,2,1.760560491473358,0.9094843860374184,0.5745521456230226,0.23327886530682032,0.19216898907015706,0.5290697674418605,0.24418604651162792,0.22674418604651161
2021-22,2021-12-27,Newcastle United,Manchester United,D,1,0.9164016290622008,1.8230429087896955,0.1858516225300832,0.22694990353181635,0.5871984739381004,0.14530005310674457,0.19883165161975572,0.6558682952734998
2021-22,2021-12-28,Crystal Palace,Norwich City,H,0,1.6044661922986687,0.9316911816905742,0.5313273519281265,0.24983473940884915,0.21883790866302438,0.5747126436781609,0.2528735632183908,0.17241379310344826
2021-22,2021-12-28,Leicester City,Liverpool,H,0,1.0962261396712694,2.184422573511877,0.18080193975052022,0.19835660290355847,0.6208414573459213,0.11806956662093454,0.17173755144863206,0.7101928819304333
2021-22,2021-12-28,Southampton,Tottenham,D,1,1.1212891713318496,1.8234357221929958,0.2326088130293334,0.2294409170602601,0.5379502699104065,0.25339366515837103,0.27149321266968324,0.4751131221719457
2021-22,2021-12-28,Watford,West Ham,A,2,1.1805445408828752,1.4997864198001616,0.2987976749831502,0.25544498185539416,0.4457573431614557,0.28062360801781744,0.26503340757238314,0.4543429844097996
2021-22,2021-12-29,Brentford,Manchester City,A,2,0.8083744821150591,3.0564090770139734,0.06738044000445474,0.11555058622736049,0.8170689737681848,0.04989604989604989,0.1185031185031185,0.8316008316008316
2021-22,2021-12-29,Chelsea,Brighton and Hove Albion,D,1,2.2047084107208765,0.8288871080102265,0.6871546577199409,0.18556754458021923,0.12727779769983985,0.6676557863501484,0.20771513353115725,0.12462908011869436
2021-22,2021-12-30,Manchester United,Burnley,H,0,2.093138795421095,0.6948154986272761,0.698846265325402,0.1894308598514625,0.11172287482313555,0.7026858213616489,0.19113054341036853,0.10618363522798249
2021-22,2022-01-01,Arsenal,Manchester City,A,2,1.241465288408046,2.0181039899799336,0.23184376017824876,0.2146350285975794,0.5535212112241719,0.16545718432510886,0.20029027576197386,0.6342525399129173
2021-22,2022-01-01,Crystal Palace,West Ham,A,2,1.2250195937440707,1.3918259183020558,0.3301592085356342,0.26184213030441145,0.40799866115995437,0.3067869752844252,0.27971753628874063,0.41349548842683403
2021-22,2022-01-01,Watford,Tottenham,A,2,1.0085212453792864,2.2064166986898237,0.16119366055446757,0.19348436627185805,0.6453219731736743,0.18881939014855356,0.22478498827208754,0.5863956215793588
2021-22,2022-01-02,Brentford,Aston Villa,H,0,1.3188569035293953,1.0970891436860166,0.41680102957433557,0.2734318130383057,0.30976715738735877,0.31654676258992803,0.2877697841726619,0.3956834532374101
2021-22,2022-01-02,Chelsea,Liverpool,D,1,1.4541413838177755,1.491518400265968,0.3689579986771843,0.24551456013826087,0.3855274411845548,0.306420233463035,0.2714007782101167,0.42217898832684825
2021-22,2022-01-02,Everton,Brighton and Hove Albion,A,2,1.329555042270294,1.1906197332448418,0.3989698040935868,0.2679903036219731,0.3330398922844401,0.34376153183812375,0.2954200664233876,0.3608184017384886
2021-22,2022-01-02,Leeds United,Burnley,H,0,1.6083151083249523,0.9870499701526397,0.5186444535237925,0.24926836424594961,0.23208718223025798,0.4605263157894737,0.2697368421052631,0.2697368421052631
2021-22,2022-01-03,Manchester United,Wolverhampton Wanderers,A,2,1.9019324138481608,0.7315609650157918,0.6512081391399421,0.2124327615884044,0.1363590992716535,0.6217557060086298,0.21969658895916944,0.15854770503220061
2021-22,2022-01-11,Southampton,Brentford,H,0,1.31193279853981,1.1231601325739742,0.40905407958446555,0.2727466912264077,0.3181992291891267,0.4603234298608499,0.27754795035727714,0.26212861978187285
2021-22,2022-01-12,West Ham,Norwich City,H,0,2.2175913023775946,0.7364016188180068,0.7115754857812849,0.17910232009095142,0.1093221941277637,0.7349011223944414,0.17103153393907,0.0940673436664885
2021-22,2022-01-14,Brighton and Hove Albion,Crystal Palace,D,1,1.5623195937133878,1.1455493120185265,0.46955811005123127,0.2513142377363897,0.2791276522123789,0.46281601771544567,0.28750692009595863,0.24967706218859564
2021-22,2022-01-15,Aston Villa,Manchester United,D,1,1.0810626015772358,1.4931073554378207,0.274375726224399,0.25875751487233134,0.4668667589032697,0.33158331030671456,0.2718983144515059,0.3965183752417795
2021-22,2022-01-15,Manchester City,Chelsea,H,0,2.146793591418529,0.9714547572319076,0.6423476569308585,0.19738927059595507,0.1602630724731864,0.5738880918220947,0.23672883787661403,0.18938307030129126
2021-22,2022-01-15,Newcastle United,Watford,D,1,1.4274587534546759,1.070182451073108,0.4522226148815725,0.26495578591957203,0.2828215991988555,0.47368421052631576,0.2631578947368421,0.2631578947368421
2021-22,2022-01-15,Norwich City,Everton,H,0,1.138006693797856,1.4130618589610535,0.30332490040898985,0.26383061353679627,0.43284448605421383,0.25339366515837103,0.27149321266968324,0.4751131221719457
2021-22,2022-01-15,Wolverhampton Wanderers,Southampton,H,0,1.4185236462141262,0.9833277236873321,0.4704489930633469,0.26836256445086715,0.26118844248578593,0.42285270112708895,0.29731830547998445,0.27982899339292655
2021-22,2022-01-16,Liverpool,Brentford,H,0,2.49850647992289,0.66768207166329,0.7731911974209053,0.14804912907500753,0.07875967350408714,0.7318695941450432,0.17298735861610112,0.09514304723885562
2021-22,2022-01-16,West Ham,Leeds United,A,2,1.9841327472711459,1.0104929439821537,0.5997396899127735,0.21349527006309715,0.18676504002412933,0.5863956215793589,0.2247849882720876,0.1888193901485536
2021-22,2022-01-18,Brighton and Hove Albion,Chelsea,D,1,1.0947479180349267,1.3826626960651922,0.29734609842045906,0.2680471402295203,0.4346067613500205,0.19887458567794647,0.2519078085253989,0.5492176057966546
2021-22,2022-01-19,Brentford,Manchester United,A,2,0.9812611469040206,1.5967257290496704,0.23237909349085922,0.25045672418934545,0.5171641823197953,0.21203438395415472,0.2578796561604584,0.5300859598853869
2021-22,2022-01-19,Leicester City,Tottenham,A,2,1.3280829345789604,1.7469764705491921,0.2924835261580699,0.23410262405799828,0.4734138497839318,0.3163064833005893,0.2711198428290766,0.41257367387033395
2021-22,2022-01-21,Watford,Norwich City,A,2,1.428534092255893,1.0347414594152398,0.46083278684507045,0.2659394120518239,0.2732278011031055,0.4751131221719457,0.27149321266968324,0.25339366515837103
2021-22,2022-01-22,Brentford,Wolverhampton Wanderers,A,2,1.1380750836012545,1.2763667690322487,0.32916263707804666,0.2748226144102236,0.3960147485117297,0.29641693811074915,0.33876221498371334,0.3648208469055374
2021-22,2022-01-22,Everton,Aston Villa,A,2,1.3699878138563701,1.1665785244654618,0.4150388695466413,0.2660841764832705,0.3188769539700882,0.3453310351819934,0.2922031836155328,0.3624657812024739
2021-22,2022-01-22,Leeds United,Newcastle United,A,2,1.870825329776776,0.9490308334125224,0.5899011494746648,0.22284501848834476,0.18725383203699053,0.4751131221719457,0.27149321266968324,0.25339366515837103
2021-22,2022-01-22,Manchester United,West Ham,H,0,1.6502318738483581,1.3380682405731785,0.44830924884371565,0.24036086338927096,0.3113298877670135,0.5129935875801552,0.24974687816402294,0.2372595342558218
2021-22,2022-01-22,Southampton,Manchester City,D,1,0.7645175345874927,2.5086253764934203,0.0927497526300627,0.15395664187718305,0.7532936054927543,0.09489051094890512,0.14598540145985403,0.759124087591241
2021-22,2022-01-23,Chelsea,Tottenham,H,0,1.4915229761470974,1.4747018695792693,0.38142784387247897,0.24457831814367378,0.3739938379838472,0.5863956215793589,0.2247849882720876,0.1888193901485536
2021-22,2022-01-23,Arsenal,Burnley,D,1,2.361694657018774,0.6799626963489612,0.7493347484362296,0.16143932367940433,0.08922592788436598,0.6956875508543532,0.19918633034987795,0.10512611879576893
2021-22,2022-01-23,Leicester City,Brighton and Hove Albion,D,1,1.548689507846909,1.2263697717355468,0.44787122261396467,0.2503770305841317,0.3017517468019037,0.3800403225806452,0.2923387096774194,0.3276209677419355
2021-22,2022-01-23,Crystal Palace,Liverpool,A,2,0.9493434085159722,2.3152328645830003,0.13927213700591917,0.1814417097004673,0.6792861532936135,0.15747684164093514,0.22496691662990734,0.6175562417291575
2021-22,2022-02-05,Burnley,Watford,D,1,1.4164118374791395,1.0156755520108094,0.4621256433051493,0.26765926446707183,0.2702150922277788,0.4337464251668255,0.29361296472831266,0.27264061010486174
2021-22,2022-02-08,Newcastle United,Everton,H,0,1.316749536844296,1.2260949398065697,0.38791649013838353,0.26703936016828755,0.34504414969332886,0.37874327479443715,0.2913409806111055,0.3299157445944574
2021-22,2022-02-08,West Ham,Watford,H,0,2.186349949398726,0.8294509760453646,0.683605770194904,0.18736345569844717,0.12903077410664876,0.6102722850464338,0.2252195337671363,0.16450818118642999
2021-22,2022-02-08,Burnley,Manchester United,D,1,0.9037758519305736,1.7163884420727975,0.19657827097650896,0.2378409521189753,0.5655807769045158,0.17267730258747824,0.23743129105778257,0.5898914063547392
2021-22,2022-02-09,Aston Villa,Leeds United,D,1,1.5101813844070098,1.1470733441710177,0.4559992662754709,0.2555767163588409,0.2884240173656883,0.5256916996047432,0.24901185770750986,0.225296442687747
2021-22,2022-02-09,Manchester City,Brentford,H,0,2.9383103881966246,0.5554218597857107,0.8509852128114157,0.10462995169297826,0.04438483549560599,0.8593903638151426,0.09950835791543756,0.041101278269419866
2021-22,2022-02-09,Norwich City,Crystal Palace,D,1,1.2414262377167866,1.3628940975407062,0.34004125435544175,0.2630844360774351,0.3968743095671231,0.269917914051183,0.2906808305166586,0.43940125543215836
2021-22,2022-02-09,Tottenham,Southampton,A,2,2.1481827687856665,0.8193594342521584,0.6788301199167386,0.1905717378588159,0.13059814222444555,0.5913978494623655,0.23655913978494622,0.17204301075268816
2021-22,2022-02-10,Liverpool,Leicester City,H,0,2.3987955353300534,0.935957495789268,0.6970972652066544,0.17356654673881305,0.12933618805453254,0.759124087591241,0.14598540145985403,0.09489051094890512
2021-22,2022-02-10,Wolverhampton Wanderers,Arsenal,A,2,1.2379962543775853,1.4590017889828248,0.32089550425977753,0.256522600864556,0.42258189487566655,0.27139552814186585,0.2968388589051658,0.4317656129529684
2021-22,2022-02-12,Brentford,Crystal Palace,D,1,1.2943341987339751,1.3676973337326332,0.35293803215929587,0.26011308537351896,0.3869488824671853,0.3741701870850936,0.30778515389257693,0.3180446590223295
2021-22,2022-02-12,Watford,Brighton and Hove Albion,A,2,1.074590556771224,1.3473042558111494,0.2983500287795505,0.2719633663622156,0.42968660485823384,0.2653981953707336,0.28148293448411144,0.453118870145155
2021-22,2022-02-12,Everton,Leeds United,H,0,1.2878983844934075,1.4984873974734312,0.3262704938641183,0.2519303677651245,0.4217991383707571,0.417910447761194,0.26865671641791045,0.3134328358208955
2021-22,2022-02-12,Norwich City,Manchester City,A,2,0.6502871415858665,2.2860928174178263,0.08940920984609874,0.16667065872353315,0.7439201314303682,0.06326697572947915,0.11862557949277339,0.8181074447777476
2021-22,2022-02-12,Manchester United,Southampton,D,1,1.9317822113619199,0.8553550528404796,0.6263155108248314,0.2140339962508624,0.1596504929243063,0.5913978494623655,0.23655913978494622,0.17204301075268816
2021-22,2022-02-13,Burnley,Liverpool,A,2,0.7721163729263391,2.477548677925978,0.09604625105787874,0.15715520097654972,0.7467985479655714,0.09330741460705361,0.17772840877534019,0.7289641766176063
2021-22,2022-02-13,Leicester City,West Ham,D,1,1.3823547517565211,1.593072305148818,0.3322381362298643,0.24268827415246447,0.42507358961767133,0.3236831523924407,0.268194611982308,0.40812223562525135
2021-22,2022-02-13,Newcastle United,Aston Villa,H,0,1.333796748805602,1.2512652784774292,0.3871076601685479,0.2645385438315122,0.3483537959999399,0.3510353227771011,0.28721071863581,0.36175395858708886
2021-22,2022-02-13,Tottenham,Wolverhampton Wanderers,A,2,1.7386764267742176,0.9233298557291679,0.565975569229911,0.2357555649628001,0.1982688658072889,0.5613836121349589,0.26509781684150835,0.17351857102353274
2021-22,2022-02-15,Manchester United,Brighton and Hove Albion,H,0,1.86066615705707,0.9801431008282058,0.5800484793576507,0.22446017106011162,0.19549134958223777,0.5492176057966546,0.2519078085253989,0.19887458567794647
2021-22,2022-02-19,Brighton and Hove Albion,Burnley,A,2,1.7761131705137119,0.8455712867958672,0.594229542973103,0.23036022809780823,0.17541022892908875,0.5711177590426978,0.2708729942888224,0.1580092466684797
2021-22,2022-02-19,Liverpool,Norwich City,H,0,3.0463017984585288,0.5436325142592324,0.8638515760936495,0.09650383611161628,0.03964458779473426,0.8546655656482247,0.10445912469033856,0.040875309661436834
2021-22,2022-02-19,Arsenal,Brentford,H,0,2.2217844229530224,0.773016443695741,0.703577091677359,0.18085062824113332,0.11557228008150765,0.6566604127579737,0.225140712945591,0.11819887429643527
2021-22,2022-02-19,Crystal Palace,Chelsea,A,2,0.991169011844545,1.4766333183730362,0.25368735044505325,0.26234398221253225,0.4839686673424144,0.17298937784522,0.25037936267071315,0.5766312594840667
2021-22,2022-02-19,West Ham,Newcastle United,D,1,1.7775826123015217,0.9299549355960749,0.5734210533279982,0.23184713124641607,0.1947318154255858,0.5608856088560886,0.23837638376383766,0.2007380073800738
2021-22,2022-02-19,Southampton,Everton,H,0,1.5438232145660467,1.1264546506016908,0.46929234815753584,0.25328109066046073,0.27742656118200343,0.4545454545454546,0.27272727272727276,0.27272727272727276
2021-22,2022-02-19,Manchester City,Tottenham,A,2,2.449068413327069,0.8106300596960492,0.7336672204805547,0.16210174672323344,0.10423103279621192,0.7455268389662029,0.15904572564612326,0.09542743538767397
2021-22,2022-02-19,Aston Villa,Watford,A,2,1.6671702872314933,0.8637114256303714,0.5638696132378728,0.24269482344071433,0.19343556332141298,0.5729707286692962,0.26261158397342743,0.1644176873572763
2021-22,2022-02-20,Leeds United,Manchester United,A,2,1.1479047074093098,1.8859634521727602,0.22975185166916542,0.22432218419769395,0.5459259641331407,0.2418716669533804,0.24823671082057458,0.509891622226045
2021-22,2022-02-20,Wolverhampton Wanderers,Leicester City,H,0,1.5596794280405313,1.025524879067034,0.4970972613357072,0.2536563768301113,0.24924636183418158,0.4212076583210604,0.2871870397643594,0.2916053019145803
2021-22,2022-02-23,Burnley,Tottenham,H,0,1.0512701875732762,1.6338055367504973,0.24413531941012184,0.24641184052148532,0.5094528400683928,0.20665009322560599,0.25015537600994403,0.5431945307644499
2021-22,2022-02-23,Liverpool,Leeds United,H,0,2.833212453903853,0.7475310040787493,0.8019969149318146,0.12683019980192123,0.07117288526626414,0.8181074447777474,0.11862557949277337,0.06326697572947913
2021-22,2022-02-23,Watford,Crystal Palace,A,2,1.2586455901710725,1.0942016727797095,0.40082977314343043,0.27869248474623115,0.32047774211033836,0.30420841683366734,0.28577154308617236,0.41002004008016035
2021-22,2022-02-24,Arsenal,Wolverhampton Wanderers,H,0,1.6232392303794887,0.9322045755097974,0.5358692547252684,0.24786133317197173,0.21626941210275993,0.5766312594840667,0.25037936267071315,0.17298937784522
2021-22,2022-02-25,Southampton,Norwich City,H,0,1.8508371124267906,0.8525942134142206,0.6093596578413341,0.22246650248038177,0.16817383967828423,0.6217557060086298,0.21969658895916944,0.15854770503220061
2021-22,2022-02-26,Brentford,Newcastle United,A,2,1.3033416610473474,1.179333177025825,0.3943622581505395,0.2705159468539198,0.33512179499554073,0.38247011952191234,0.298804780876494,0.31872509960159356
2021-22,2022-02-26,Brighton and Hove Albion,Aston Villa,A,2,1.5001389358991448,1.0194066436937925,0.4832955725978792,0.2594747172386902,0.2572297101634307,0.4356846473029045,0.2904564315352697,0.2738589211618257
2021-22,2022-02-26,Crystal Palace,Burnley,D,1,1.3879700402227548,1.036086796461938,0.4496530512568131,0.2697222482509133,0.28062470049227367,0.49930651872399445,0.2635228848821082,0.23717059639389737
2021-22,2022-02-26,Everton,Manchester City,A,2,0.7606686265274406,2.4852311260905657,0.09372959940794046,0.15572874870691686,0.7505416518851427,0.09477208344063869,0.16482101467937163,0.7404069018799897
2021-22,2022-02-26,Leeds United,Tottenham,A,2,1.2019892471852418,1.4842375418093983,0.30705826714914797,0.25595766064090825,0.4369840722099438,0.2253807106598985,0.2629441624365483,0.5116751269035533
2021-22,2022-02-26,Manchester United,Watford,D,1,2.6208728649185207,0.6679083643422002,0.7905171440108233,0.1375916926306294,0.0718911633585473,0.7282229965156793,0.17212543554006968,0.09965156794425085
2021-22,2022-02-27,West Ham,Wolverhampton Wanderers,H,0,1.4149196306688316,1.0045894575827408,0.46437224706111807,0.2681283588460756,0.26749939409280643,0.46281601771544567,0.28750692009595863,0.24967706218859564
2021-22,2022-03-01,Burnley,Leicester City,A,2,1.2512490879483615,1.277600215674293,0.3596472431461632,0.2682095208370716,0.3721432360167652,0.32666132906325057,0.2786228983186549,0.39471577261809443
2021-22,2022-03-05,Aston Villa,Southampton,H,0,1.293695056402986,1.374027697363365,0.3515224167897632,0.2597498900861793,0.3887276931240574,0.41257367387033406,0.27111984282907664,0.3163064833005894
2021-22,2022-03-05,Burnley,Chelsea,A,2,0.8952330530372945,1.497575765921306,0.22526870504199228,0.2615975384610651,0.5131337564969426,0.14631673800405498,0.2196440639783735,0.6340391980175715
2021-22,2022-03-05,Leicester City,Leeds United,H,0,1.8147429182607626,0.9902648888665136,0.5671866421224829,0.22905142724810656,0.20376193062941042,0.5393258426966292,0.23595505617977527,0.2247191011235955
2021-22,2022-03-05,Liverpool,West Ham,H,0,2.3882159374647314,0.7413057270592806,0.7395121886043329,0.16312556047884325,0.09736225091682382,0.7367320790343247,0.1640029671589453,0.09926495380673005
2021-22,2022-03-05,Newcastle United,Brighton and Hove Albion,H,0,1.4679916054199358,1.019830783586498,0.4748050995868095,0.26256537086341764,0.2626295295497728,0.34376153183812375,0.2954200664233876,0.3608184017384886
2021-22,2022-03-05,Norwich City,Brentford,A,2,1.2511620270482537,1.2123121977964566,0.3731493525202037,0.27233415274494865,0.3545164947348476,0.323051271363068,0.30220925385577324,0.3747394747811589
2021-22,2022-03-05,Wolverhampton Wanderers,Crystal Palace,A,2,1.5720267023753922,0.9123709452978652,0.5279923051948315,0.25333067024097244,0.21867702456419597,0.41349548842683403,0.3067869752844252,0.27971753628874063
2021-22,2022-03-06,Manchester City,Manchester United,H,0,2.156388479941577,1.1266322626738372,0.6083049616869649,0.201541118664488,0.1901539196485472,0.6750355281856939,0.19895783988630977,0.1260066319279962
2021-22,2022-03-06,Watford,Arsenal,A,2,0.8935550206169011,1.7649392333364435,0.18789953507400034,0.2325484560111329,0.5795520089148668,0.15818639798488665,0.23727959697732998,0.6045340050377834
2021-22,2022-03-07,Tottenham,Everton,H,0,1.9720406815788385,0.9028211460121822,0.623170458826258,0.21154333739371772,0.16528620378002423,0.5930489774315686,0.24502286699146386,0.1619281555769674
2021-22,2022-03-10,Leeds United,Aston Villa,A,2,1.3212476000079618,1.4533289929421664,0.3431948820557882,0.2535158905516041,0.4032892273926077,0.3507014028056112,0.2705410821643286,0.3787575150300601
2021-22,2022-03-10,Norwich City,Chelsea,A,2,0.7347343266332453,2.096663688451026,0.11902603391387344,0.19133566241129008,0.6896383036748365,0.08490890340323134,0.1966311447232726,0.718459951873496
2021-22,2022-03-10,Southampton,Newcastle United,A,2,1.5963753365796638,1.206024722447685,0.4642864680937954,0.24727721819581439,0.2884363137103902,0.4751131221719458,0.2533936651583711,0.2714932126696833
2021-22,2022-03-10,Wolverhampton Wanderers,Watford,H,0,1.7855786372602447,0.9098361648730338,0.5802638331295011,0.23068152281825202,0.18905464405224673,0.5333333333333333,0.2592592592592593,0.2074074074074074
2021-22,2022-03-12,Manchester United,Tottenham,H,0,1.7792087428051044,1.2130518524306555,0.5065717165144591,0.23299202300625027,0.26043626047929064,0.43029595015576316,0.27842679127725856,0.29127725856697817
2021-22,2022-03-12,Brentford,Burnley,H,0,1.3898500166798011,1.0503584069041862,0.4468122801007962,0.26904969760422515,0.28413802229497864,0.4407039020657996,0.2960979342004591,0.26319816373374144
2021-22,2022-03-12,Brighton and Hove Albion,Liverpool,A,2,0.8485552072201226,2.689943591177026,0.09327387635234884,0.1446001069870455,0.7621260166606056,0.1566003616636528,0.21699819168173598,0.6264014466546112
2021-22,2022-03-13,Arsenal,Leicester City,H,0,1.767182793661228,0.8824392750313523,0.5828607725645324,0.23210492132840657,0.18503430610706104,0.631578947368421,0.21052631578947367,0.15789473684210525
2021-22,2022-03-13,Chelsea,Newcastle United,H,0,1.9958918410352076,0.7639266419339426,0.6625154112579001,0.20352613219873641,0.13395845654336339,0.7321711568938194,0.18129952456418386,0.08652931854199684
2021-22,2022-03-13,Everton,Wolverhampton Wanderers,A,2,1.1578243896043983,1.3596749063576918,0.3184889519016872,0.2672815456764423,0.4142295024218705,0.41395531164249316,0.2975303802430419,0.2885143081144649
2021-22,2022-03-13,Leeds United,Norwich City,H,0,1.7323070414566457,0.9893079084352923,0.5482239078218705,0.23704422153319452,0.214731870644935,0.6102722850464338,0.2252195337671363,0.16450818118642999
2021-22,2022-03-13,Southampton,Watford,A,2,1.9392209322751088,0.9130097902383941,0.6136841284697829,0.21513030605411113,0.17118556547610592,0.5932203389830508,0.22598870056497172,0.18079096045197737
2021-22,2022-03-13,West Ham,Aston Villa,H,0,1.5244579819514608,1.0174553412232394,0.49004445526601675,0.25716261891771813,0.2527929258162652,0.42307692307692313,0.2884615384615385,0.2884615384615385
2021-22,2022-03-14,Crystal Palace,Manchester City,D,1,0.7906281968099477,2.543424217024354,0.09441273055289112,0.15271783367912173,0.7528694357679871,0.09506790564689065,0.1901358112937813,0.7147962830593281
2021-22,2022-03-16,Arsenal,Liverpool,A,2,1.2509990211022781,1.919152747341775,0.24799906196581614,0.2222021358331687,0.5297988022010152,0.26902654867256637,0.23539823008849559,0.49557522123893805
2021-22,2022-03-16,Brighton and Hove Albion,Tottenham,A,2,1.115703497281634,1.6959869343334175,0.2502524616680858,0.2404050332836058,0.5093425050483085,0.28846153846153844,0.28846153846153844,0.423076923076923
2021-22,2022-03-17,Everton,Newcastle United,H,0,1.1614741973739657,1.3103114611160367,0.3289264759779394,0.27093133964307364,0.40014218437898696,0.3979853841595892,0.29389689907169664,0.3081177167687142
2021-22,2022-03-18,Wolverhampton Wanderers,Leeds United,A,2,1.726586940226113,1.0184333349821924,0.539797497102772,0.23775083809826555,0.22245166479896245,0.45092838196286467,0.2705570291777188,0.27851458885941643
2021-22,2022-03-19,Aston Villa,Arsenal,A,2,1.15369623659849,1.5051643106959998,0.29098980772623123,0.2558031025338662,0.4532070897399027,0.31654676258992803,0.2877697841726619,0.3956834532374101
2021-22,2022-03-20,Leicester City,Brentford,H,0,1.647255090946861,1.010089509261501,0.5226663819288253,0.24535662829223812,0.23197698977893658,0.44155844155844154,0.2792207792207792,0.2792207792207792
2021-22,2022-03-20,Tottenham,West Ham,H,0,1.6339614672342602,1.063622458764099,0.5065472436031051,0.2462985484975099,0.247154207899385,0.5510440835266821,0.24941995359628769,0.19953596287703013
2021-22,2022-04-02,Brighton and Hove Albion,Norwich City,D,1,1.7066555054197952,0.9110503455875156,0.5614418047907374,0.23895527321628174,0.19960292199298083,0.6292134831460674,0.23595505617977527,0.1348314606741573
2021-22,2022-04-02,Chelsea,Brentford,A,2,2.3620874543155193,0.687730942794235,0.7476018579769586,0.16194237731225047,0.09045576471079102,0.7147962830593281,0.1901358112937813,0.09506790564689065
2021-22,2022-04-02,Liverpool,Watford,H,0,3.4857753422297115,0.5370335827719234,0.9009259976874388,0.07146259742985538,0.02761140488270592,0.8447536353175019,0.09959200753216865,0.05565435715032954
2021-22,2022-04-02,Burnley,Manchester City,A,2,0.7016799867948431,2.893883549917957,0.06255545392497426,0.11908777210589738,0.8183567739691283,0.0632603406326034,0.14598540145985403,0.7907542579075426
2021-22,2022-04-02,Wolverhampton Wanderers,Aston Villa,H,0,1.4611685485279136,1.0973926030595245,0.4547650526110631,0.26113295701514816,0.2841019903737887,0.3180446590223295,0.30778515389257693,0.3741701870850936
2021-22,2022-04-02,Manchester United,Leicester City,D,1,1.8755293995073434,0.9451893157806192,0.5918869623416178,0.22229565495352854,0.18581738270485362,0.631578947368421,0.21052631578947367,0.15789473684210525
2021-22,2022-04-02,Leeds United,Southampton,D,1,1.5452131291836024,1.3748971491025637,0.4149545778880896,0.24580472677398457,0.33924069533792595,0.4009915427238262,0.2534266550014582,0.34558180227471574
2021-22,2022-04-03,Tottenham,Newcastle United,H,0,2.0626268384306847,0.8543627793621921,0.653645078373314,0.20068079798904767,0.1456741236376383,0.6340391980175715,0.2196440639783735,0.14631673800405498
2021-22,2022-04-03,West Ham,Everton,H,0,1.865026643034249,0.7557981624920745,0.637061158742759,0.21763177610789786,0.14530706514934308,0.540711462450593,0.24901185770750991,0.21027667984189727
2021-22,2022-04-04,Crystal Palace,Arsenal,H,0,1.0396911498713597,1.548765989897605,0.25458223033223726,0.254486308036408,0.4909314616313548,0.2365322868355333,0.2782732786300392,0.48519443453442734
2021-22,2022-04-06,Burnley,Everton,H,0,1.3054669221719606,1.0033974818734133,0.4347220181893787,0.27891460435818927,0.286363377452432,0.36257457698953477,0.30643399732663906,0.33099142568382617
2021-22,2022-04-08,Newcastle United,Wolverhampton Wanderers,H,0,1.2154549188092485,1.2772559021705172,0.35007903353580505,0.2703554677993315,0.37956549866486344,0.41883568448241604,0.3039936419630439,0.27717067355454006
2021-22,2022-04-09,Arsenal,Brighton and Hove Albion,A,2,1.999806865300116,0.8043308720073494,0.6532322334546633,0.20493998012674844,0.1418277864185882,0.5869632375656471,0.24868705591597154,0.1643497065183812
2021-22,2022-04-09,Aston Villa,Tottenham,A,2,1.1264636076370382,1.8820004352435094,0.22549602280042114,0.22448438637764426,0.5500195908219346,0.29731830547998445,0.27982899339292655,0.42285270112708895
2021-22,2022-04-09,Everton,Manchester United,H,0,0.9251301386750537,1.7602254863601656,0.1958643405311387,0.23355433832210612,0.5705813211467552,0.20596312279325227,0.2526480972930561,0.5413887799136916
2021-22,2022-04-09,Southampton,Chelsea,A,2,1.099650034289578,1.6710802080849385,0.25021834803452675,0.2426848967385454,0.5070967552269279,0.2497331910352187,0.263607257203842,0.4866595517609391
2021-22,2022-04-09,Watford,Leeds United,A,2,1.1928024224984346,1.5335744959348199,0.2959650412154476,0.2524572504886516,0.4515777082959008,0.35051546391752575,0.27835051546391754,0.3711340206185567
2021-22,2022-04-10,Brentford,West Ham,H,0,1.23986654833354,1.395744641057269,0.33329057460701267,0.2608953185953257,0.4058141067976617,0.3579175704989154,0.28416485900216926,0.3579175704989154
2021-22,2022-04-10,Leicester City,Crystal Palace,H,0,1.4811231725006482,1.0864219675250113,0.4625093174110703,0.25968633075723774,0.277804351831692,0.39441147378832836,0.28325914935707225,0.32232937685459945
2021-22,2022-04-10,Manchester City,Liverpool,D,1,1.6209198551480195,1.4183775350787746,0.4242487616839218,0.23990192741973793,0.3358493108963403,0.4751131221719458,0.2533936651583711,0.2714932126696833
2021-22,2022-04-10,Norwich City,Burnley,H,0,1.2560996206058137,1.3327567827659623,0.34983846046219147,0.26434920214523694,0.3858123373925716,0.33086670045615807,0.2967460719716168,0.37238722757222503
2021-22,2022-04-16,Southampton,Arsenal,H,0,1.1142413733605558,1.6743396791698364,0.25325051145702987,0.2422860259297429,0.5044634626132272,0.2497331910352187,0.263607257203842,0.4866595517609391
2021-22,2022-04-16,Manchester United,Norwich City,H,0,2.21473259118057,0.7198589209511075,0.7150344775110692,0.17837532181065205,0.1065902006782788,0.759124087591241,0.14598540145985403,0.09489051094890512
2021-22,2022-04-16,Watford,Brentford,A,2,1.1520693187897546,1.5481294905092218,0.2831723313879739,0.252336670358812,0.4644909982532142,0.3475836431226766,0.2843866171003718,0.36802973977695175
2021-22,2022-04-16,Tottenham,Brighton and Hove Albion,A,2,2.1921645538933063,0.8318674606427906,0.6841150483301853,0.18692691404669812,0.12895803762311658,0.6180910495661476,0.23641982645905146,0.1454891239748009
2021-22,2022-04-17,Newcastle United,Leicester City,H,0,1.214673218880335,1.1552094970556834,0.3752264652067882,0.27854378539281155,0.3462297494004002,0.43220338983050843,0.2796610169491525,0.288135593220339
2021-22,2022-04-17,West Ham,Burnley,D,1,1.8617624018906493,0.8743234069218809,0.6063449676038135,0.22192434296451397,0.17173068943167247,0.5594817432273262,0.2502944640753828,0.19022379269729095
2021-22,2022-04-19,Liverpool,Manchester United,H,0,2.0611468238489077,0.7768225739062684,0.672362624193859,0.19725101951221563,0.13038635629392545,0.6756756756756757,0.1891891891891892,0.13513513513513511
2021-22,2022-04-20,Chelsea,Arsenal,A,2,1.886768937145314,0.9382622220383044,0.5960716090256131,0.22102283411864487,0.18290555685574206,0.517875474669351,0.2632533662902535,0.2188711590403955
2021-22,2022-04-20,Everton,Leicester City,D,1,1.14638432398693,1.2155483626670356,0.3435915373236597,0.2790432503169444,0.37736521235939596,0.4247957712638154,0.2811148486304661,0.2940893801057184
2021-22,2022-04-20,Manchester City,Brighton and Hove Albion,H,0,2.6956442064037938,0.6052084953468164,0.8134614537437511,0.12666218063358217,0.059876365622666704,0.8104058839553255,0.13429583219831107,0.05529828384636338
2021-22,2022-04-20,Newcastle United,Crystal Palace,H,0,1.396507363994319,1.1270649431865358,0.43093862995489285,0.2656135482740207,0.3034478217710864,0.4247957712638154,0.2811148486304661,0.2940893801057184
2021-22,2022-04-21,Burnley,Southampton,H,0,1.3276801132949652,1.3692340988381801,0.3612749606019441,0.2582929165976515,0.3804321228004044,0.3453310351819934,0.2922031836155328,0.3624657812024739
2021-22,2022-04-23,Leicester City,Aston Villa,D,1,1.5377336682702978,1.0129106859995276,0.4945436846371439,0.25594844535938377,0.24950787000347238,0.33972821742605913,0.2797761790567546,0.38049560351718625
2021-22,2022-04-23,Manchester City,Watford,H,0,3.330657552267988,0.4786020450332849,0.898435252890672,0.07488308590058382,0.026681661208744118,0.8678237650200267,0.09546061415220294,0.036715620827770364
2021-22,2022-04-23,Arsenal,Manchester United,H,0,1.4861614211397627,0.9776312072542419,0.48975133801371823,0.26164510375120636,0.24860355823507535,0.4605263157894737,0.2697368421052631,0.2697368421052631
2021-22,2022-04-23,Brentford,Tottenham,D,1,1.2450707491342379,1.5667924185268558,0.3032323542265193,0.24852956744736912,0.4482380783261117,0.21845110575057775,0.2702552251142862,0.511293669135136
2021-22,2022-04-23,Norwich City,Newcastle United,A,2,1.1188374662926281,1.5127553014274917,0.28075749343846484,0.25610052745172823,0.463141979109807,0.2711119602598395,0.28754298815437523,0.44134505158578524
2021-22,2022-04-24,Brighton and Hove Albion,Southampton,D,1,1.4691732996315539,1.1001398493427792,0.4562156066461651,0.2603558268013944,0.28342856655244036,0.4543429844097996,0.28062360801781744,0.26503340757238314
2021-22,2022-04-24,Burnley,Wolverhampton Wanderers,H,0,1.2739856372025704,1.3431340574149766,0.35248915155980903,0.2627237971914947,0.3847870512486963,0.35201766221022934,0.3168158959892064,0.33116644180056415
2021-22,2022-04-24,Chelsea,West Ham,H,0,1.9232220975273608,0.945843996875865,0.6022053035098656,0.21762518553160803,0.18016951095852632,0.6340391980175715,0.2196440639783735,0.14631673800405498
2021-22,2022-04-24,Liverpool,Everton,H,0,2.8771436148844414,0.5708606853486983,0.8415765084675251,0.11017057733402624,0.048252914198448744,0.8017715332926084,0.13515577275503968,0.06307269395235185
2021-22,2022-04-25,Crystal Palace,Leeds United,D,1,1.4588813725849665,1.194725955098416,0.43208379541978403,0.258132554996116,0.3097836495841001,0.4605263157894737,0.2697368421052631,0.2697368421052631
2021-22,2022-04-28,Manchester United,Chelsea,D,1,1.2258311056056026,1.5113295119220473,0.3082554501532855,0.25315656805399445,0.4385879817927202,0.29731830547998445,0.27982899339292655,0.42285270112708895
2021-22,2022-04-30,Aston Villa,Norwich City,H,0,1.7421460923941088,0.9090128946637719,0.5703594486909849,0.23519783181627252,0.19444271949274264,0.6818181818181818,0.2121212121212121,0.10606060606060605
2021-22,2022-04-30,Leeds United,Manchester City,A,2,0.8418191091015806,2.299964111173963,0.12134026394177018,0.17731461240572255,0.7013451236525072,0.11166785969935578,0.15819613457408735,0.730136005726557
2021-22,2022-04-30,Newcastle United,Liverpool,A,2,0.8969514938576333,1.8802049663447458,0.17456959636822564,0.2206332729837844,0.6047971306479899,0.11173184357541902,0.18994413407821234,0.6983240223463688
2021-22,2022-04-30,Southampton,Crystal Palace,A,2,1.3772150092790922,1.2044787964965746,0.40862468648174877,0.2638277569902211,0.3275475565280301,0.3997655334114889,0.2907385697538101,0.3094958968347011
2021-22,2022-04-30,Watford,Burnley,A,2,1.218720699742708,1.574739148139671,0.2952968500320925,0.24862918200326603,0.45607396796464145,0.3658536585365854,0.2882483370288249,0.34589800443458985
2021-22,2022-04-30,Wolverhampton Wanderers,Brighton and Hove Albion,A,2,1.4222807299640456,1.0609261279313436,0.45301043339770647,0.2657198312354794,0.2812697353668141,0.3539111200482606,0.2986125075407199,0.34747637241101953
2021-22,2022-05-01,Everton,Chelsea,H,0,0.900642478984742,2.1119569779245224,0.14989611650448398,0.19782313112663497,0.6522807523688811,0.19062027231467474,0.264750378214826,0.5446293494704992
2021-22,2022-05-01,Tottenham,Leicester City,H,0,1.7069354612350895,0.8474889054123488,0.5775517099288159,0.23804285206090664,0.1844054380102775,0.6627466613514053,0.20091688259916285,0.13633645604943193
2021-22,2022-05-01,West Ham,Arsenal,A,2,1.2209503933715262,1.5278836662420494,0.3040681530077287,0.25208119030170417,0.44385065669056717,0.22002058672156458,0.2507076685537828,0.5292717447246527
2021-22,2022-05-02,Manchester United,Brentford,H,0,1.6901024222891023,1.1222982880598893,0.5063855210164705,0.24086627195759483,0.2527482070259347,0.5518087063151441,0.23727774371551194,0.21091354996934394
2021-22,2022-05-07,Brentford,Southampton,H,0,1.6270212477652821,0.9786529127288732,0.5253411271801492,0.2474348755710056,0.2272239972488453,0.44134505158578524,0.2711119602598395,0.28754298815437523
2021-22,2022-05-07,Brighton and Hove Albion,Manchester United,H,0,1.20854524361595,1.3286166492599476,0.3380188736367955,0.26713803591108637,0.3948430904521182,0.33980582524271846,0.27184466019417475,0.3883495145631068
2021-22,2022-05-07,Burnley,Aston Villa,A,2,1.4239429608165761,1.1851185824483585,0.4251486069697174,0.2611559447100372,0.3136954483202454,0.31654676258992803,0.2877697841726619,0.3956834532374101
2021-22,2022-05-07,Chelsea,Wolverhampton Wanderers,D,1,2.2517614768934178,0.7509808070627824,0.7141611148992693,0.17662846706907592,0.10921041803165485,0.7112375533428166,0.18918918918918923,0.09957325746799432
2021-22,2022-05-07,Crystal Palace,Watford,H,0,1.8827287907250354,0.7638056046936075,0.6388448522762021,0.21594844938139787,0.14520669834239996,0.5738880918220947,0.23672883787661403,0.18938307030129126
2021-22,2022-05-07,Liverpool,Tottenham,D,1,2.1380069109765008,0.8034602418464175,0.6807327643255936,0.19077210940969744,0.12849512626470896,0.6756756756756757,0.1891891891891892,0.13513513513513511
2021-22,2022-05-08,Arsenal,Leeds United,H,0,2.12298309720325,0.830765437589832,0.6712472892356143,0.1936183239806611,0.13513438678372455,0.6538661131292164,0.21069019200830302,0.13544369486248053
2021-22,2022-05-08,Leicester City,Everton,A,2,1.4964077776753757,0.9856729695966152,0.4904693803697619,0.260468063742493,0.24906255588774517,0.3658536585365854,0.2882483370288249,0.34589800443458985
2021-22,2022-05-08,Manchester City,Newcastle United,H,0,2.6552896163572024,0.658863625578864,0.797073391038643,0.13408248440210088,0.06884412455925606,0.8104058839553255,0.13429583219831107,0.05529828384636338
2021-22,2022-05-08,Norwich City,West Ham,A,2,1.020758828610673,1.5375756887133596,0.25154127197845194,0.25584492080442467,0.49261380721712333,0.2102766798418972,0.24901185770750986,0.5407114624505929
2021-22,2022-05-10,Aston Villa,Liverpool,A,2,0.8706182444985096,1.9599467899527965,0.15981004608146077,0.2116660979006294,0.6285238560179098,0.12600663192799622,0.19895783988630983,0.6750355281856941
2021-22,2022-05-11,Leeds United,Chelsea,A,2,0.9707403688080659,1.829645475617741,0.19735610935124825,0.22730672510573566,0.5753371655430161,0.19961114711600778,0.22575070209548498,0.5746381507885073
2021-22,2022-05-11,Leicester City,Norwich City,H,0,1.824942854332291,0.8394122521984034,0.6068946353677502,0.22487874694133447,0.1682266176909153,0.6627466613514053,0.20091688259916285,0.13633645604943193
2021-22,2022-05-11,Watford,Everton,D,1,1.0794607994641414,1.4091334488436011,0.28851291965986975,0.26628730338388573,0.4451997769562446,0.2241273729332517,0.2614819350887937,0.5143906919779547
2021-22,2022-05-11,Wolverhampton Wanderers,Manchester City,A,2,0.7838029964015415,2.739147427340488,0.08112771834872262,0.13646996610827944,0.782402315542998,0.08595988538681948,0.15759312320916904,0.7564469914040115
2021-22,2022-05-12,Tottenham,Arsenal,H,0,1.2901561169758324,1.2903102163779419,0.36742187795282816,0.2650838070957863,0.36749431495138557,0.4689593568557392,0.25636444841447076,0.27467619472979005
2021-22,2022-05-15,Aston Villa,Crystal Palace,D,1,1.3915864463954166,1.1255331771602093,0.4299775218124399,0.2660816529135177,0.30394082527404237,0.4751131221719457,0.27149321266968324,0.25339366515837103
2021-22,2022-05-15,Everton,Brentford,A,2,1.3280311295606395,1.3185283520719868,0.37160922858249146,0.2611992681497879,0.3671915032677206,0.46400294605045106,0.2642238998342846,0.27177315411526415
2021-22,2022-05-15,West Ham,Manchester City,D,1,0.8851765245184037,2.7475987254885035,0.09474841893116819,0.14250429904420733,0.7627472820246245,0.12727272727272726,0.19090909090909092,0.6818181818181818
2021-22,2022-05-15,Leeds United,Brighton and Hove Albion,D,1,1.1622524161509367,1.4643832267320411,0.30039708281284117,0.2588254527885861,0.44077746439857274,0.36382536382536385,0.27234927234927236,0.36382536382536385
2021-22,2022-05-15,Watford,Leicester City,A,2,0.9648320930391094,1.5540216884271687,0.23469106840163562,0.25490404977336145,0.510404881825003,0.24786635191574355,0.2691120392228073,0.483021608861449
2021-22,2022-05-15,Tottenham,Burnley,H,0,2.0448938629000657,0.835863682914703,0.6546026197666018,0.20166487042446044,0.14373250980893768,0.7137192704203014,0.18080888183980967,0.10547184773988898
2021-22,2022-05-15,Wolverhampton Wanderers,Norwich City,D,1,1.8294195052814983,0.8876152940775377,0.5957971257308781,0.22564817175429025,0.17855470251483166,0.6543046357615894,0.1997350993377483,0.14596026490066225
2021-22,2022-05-16,Newcastle United,Arsenal,H,0,1.16954231088766,1.5672616797530283,0.28430979829913366,0.2503811560724354,0.465309045628431,0.2188711590403955,0.2632533662902535,0.517875474669351
2021-22,2022-05-17,Southampton,Liverpool,A,2,0.7239609977143175,2.4568765831091275,0.0899072641021334,0.15574896811559602,0.7543437677822706,0.12495729415784079,0.17039631021523746,0.7046463956269218
2021-22,2022-05-19,Aston Villa,Burnley,D,1,1.5831951348721622,1.0234156022633667,0.5035411182919667,0.25143167582964504,0.2450272058783882,0.46400294605045106,0.27177315411526415,0.2642238998342846
2021-22,2022-05-19,Chelsea,Leicester City,D,1,1.98118225070509,0.8796265341666687,0.6307764244507738,0.20983291558196185,0.15939065996726434,0.6803939122649956,0.20053715308863027,0.11906893464637423
2021-22,2022-05-19,Everton,Crystal Palace,H,0,1.2555094749952287,1.2452317491019125,0.36744948795465215,0.2699986855724284,0.36255182647291945,0.5005950559352579,0.2797442959638206,0.21966064810092148
2021-22,2022-05-22,Manchester City,Aston Villa,H,0,3.3722412054723447,0.6470707354921146,0.8756994141479624,0.0851821785412874,0.03911840731075035,0.8242424242424243,0.11951515151515152,0.05624242424242425
2021-22,2022-05-22,Brentford,Leeds United,A,2,1.7884389381888939,0.990858898327608,0.5609890257429815,0.23159957754401117,0.20741139671300735,0.3876192330153786,0.2499124002335994,0.362468366751022
2021-22,2022-05-22,Brighton and Hove Albion,West Ham,H,0,1.5130721307557213,1.2697998492849465,0.42938482173953596,0.25157963062009747,0.3190355476403666,0.40090054506675094,0.2714669405166285,0.32763251441662067
2021-22,2022-05-22,Arsenal,Everton,H,0,1.919154352950029,0.9271817593401772,0.6058778992505434,0.21752935561553124,0.1765927451339254,0.6956875508543532,0.19918633034987795,0.10512611879576893
2021-22,2022-05-22,Liverpool,Wolverhampton Wanderers,H,0,2.732412314317319,0.5659142272073203,0.8259993996144331,0.12059242676914582,0.05340817361642101,0.8263659342796034,0.11083025471514679,0.06280381100524984
2021-22,2022-05-22,Crystal Palace,Manchester United,H,0,1.2969494017142675,1.1878845336203832,0.39078361444429094,0.2705228016876932,0.33869358386801585,0.3157894736842105,0.2631578947368421,0.42105263157894735
2021-22,2022-05-22,Leicester City,Southampton,H,0,1.7574183109374,0.902387604272546,0.5755909937153714,0.23349250674463204,0.19091649953999654,0.5129935875801552,0.2372595342558218,0.24974687816402294
2021-22,2022-05-22,Burnley,Newcastle United,A,2,1.2578287146047937,1.2317782483627073,0.3708769325227107,0.27068374716827936,0.3584393203090099,0.42285270112708895,0.27982899339292655,0.29731830547998445
2021-22,2022-05-22,Chelsea,Watford,H,0,2.791211443550542,0.5681426655721945,0.8324630334251557,0.1162630261806704,0.05127394039417391,0.8090614886731391,0.12729234088457386,0.06364617044228693
2021-22,2022-05-22,Norwich City,Tottenham,A,2,0.7928146364210734,2.250284820468082,0.11677394133808025,0.17923040384078004,0.7039956548211397,0.09938837920489296,0.1452599388379205,0.7553516819571866
2022-23,2022-08-05,Crystal Palace,Arsenal,A,2,1.2397824642519397,1.3525046829816243,0.341635915545136,0.26387559848655884,0.3944884859683052,0.2253807106598985,0.2629441624365483,0.5116751269035533
2022-23,2022-08-06,Bournemouth,Aston Villa,H,0,1.5501981475150362,1.070708281345854,0.4839290767591217,0.2538370361514999,0.2622338870893785,0.25339366515837103,0.27149321266968324,0.4751131221719457
2022-23,2022-08-06,Everton,Chelsea,A,2,1.0552126789164429,1.7383361224282385,0.22948940414522806,0.23676268210340035,0.5337479137513716,0.17267730258747824,0.23743129105778257,0.5898914063547392
2022-23,2022-08-06,Fulham,Liverpool,D,1,0.8316401738796115,2.043988207899435,0.14297140568862327,0.20157276558093765,0.6554558287304392,0.08595988538681948,0.15759312320916904,0.7564469914040115
2022-23,2022-08-06,Leeds United,Wolverhampton Wanderers,H,0,1.5203931694339146,1.173915073486711,0.45250040742188624,0.25401385599240206,0.2934857365857117,0.42285270112708895,0.27982899339292655,0.29731830547998445
2022-23,2022-08-06,Tottenham,Southampton,H,0,2.3977511522228854,0.6993250356258581,0.750645683513772,0.15941714814271035,0.08993716834351759,0.7151598592626587,0.17293865687624294,0.11190148386109836
2022-23,2022-08-07,West Ham,Manchester City,A,2,0.9200075073968814,2.5130986617233284,0.11709321391015032,0.16312068380115874,0.7197861022886909,0.11789181692094314,0.18862690707350901,0.6934812760055478
2022-23,2022-08-07,Leicester City,Brentford,D,1,1.7320203491873176,1.1825514036828029,0.5024539761169786,0.23693252881175247,0.26061349507126896,0.4751131221719458,0.2533936651583711,0.2714932126696833
2022-23,2022-08-07,Manchester United,Brighton and Hove Albion,A,2,1.4958748462401603,1.3983301535608894,0.39792302954971714,0.247723993675703,0.3543529767745799,0.5932203389830508,0.22598870056497172,0.18079096045197737
2022-23,2022-08-13,Arsenal,Leicester City,H,0,1.8019386542792744,1.1497204284481655,0.5263826912551908,0.2313254762607631,0.24229183248404615,0.6174990513369328,0.21819250543776147,0.1643084432253056
2022-23,2022-08-13,Aston Villa,Everton,H,0,1.453135983113474,1.130071303314266,0.44515698446510515,0.2608019451642044,0.29404107037069044,0.5281969817315331,0.27164416203335984,0.20015885623510724
2022-23,2022-08-13,Brentford,Manchester United,H,0,1.3776870411776394,1.2247474274447487,0.4043489384644762,0.2628567102702669,0.33279435126525686,0.25339366515837103,0.27149321266968324,0.4751131221719457
2022-23,2022-08-13,Brighton and Hove Albion,Newcastle United,D,1,1.698077994287182,1.1028527075999273,0.512859409385147,0.24029715962693587,0.24684343098791703,0.3872529245663574,0.2964905203711174,0.3162565550625252
2022-23,2022-08-13,Manchester City,Bournemouth,H,0,2.8569145978366257,0.7061001350047409,0.8130841973724855,0.12208301441873456,0.06483278820878,0.8943822357183525,0.07292655152780414,0.032691212753843235
2022-23,2022-08-13,Southampton,Leeds United,D,1,1.2375513868093226,1.3094100036312757,0.34956304749192557,0.2669100054758463,0.38352694703222817,0.42217898832684825,0.2714007782101167,0.306420233463035
2022-23,2022-08-13,Wolverhampton Wanderers,Fulham,D,1,1.3909810700136322,1.1992730760270722,0.41338864057418423,0.26304826596335545,0.3235630934624603,0.41395531164249316,0.2885143081144649,0.2975303802430419
2022-23,2022-08-14,Chelsea,Tottenham,D,1,1.4989665185033376,1.3257490629592033,0.41383568226698386,0.2504760476539639,0.3356882700790522,0.42285270112708895,0.27982899339292655,0.29731830547998445
2022-23,2022-08-14,Nottingham Forest,West Ham,H,0,1.1778031414940326,1.2218593761577852,0.3510331061680256,0.2765637228527743,0.37240317097920006,0.2253807106598985,0.2629441624365483,0.5116751269035533
2022-23,2022-08-15,Liverpool,Crystal Palace,D,1,2.2670673039514906,0.7599861069633512,0.7147187617228733,0.17569254748855057,0.10958869078857607,0.8009195743260781,0.14001260706737362,0.05906781860654825
2022-23,2022-08-20,Bournemouth,Arsenal,A,2,1.121220656621717,1.6068847948467702,0.2656846988896722,0.248009139504453,0.48630616160587486,0.11906893464637423,0.20053715308863027,0.6803939122649956
2022-23,2022-08-20,Crystal Palace,Aston Villa,H,0,1.500367740058972,1.0293495598995333,0.48097454292334413,0.2592543747047666,0.2597710823718892,0.3800403225806452,0.2923387096774194,0.3276209677419355
2022-23,2022-08-20,Everton,Nottingham Forest,D,1,1.3789478177111132,1.360180555530763,0.37628152422121275,0.2560304082739192,0.36768806750486793,0.49930651872399445,0.2635228848821082,0.23717059639389737
2022-23,2022-08-20,Fulham,Brentford,H,0,1.3619785483020976,1.3094070127259925,0.3823268800785259,0.2596833157837033,0.35798980413777076,0.3898003558015417,0.2808855505040522,0.329314093694406
2022-23,2022-08-20,Leicester City,Southampton,A,2,1.8103591985407803,0.9482579306324399,0.5764485456836081,0.22883449370026684,0.19471696061612506,0.5221932114882506,0.23890339425587467,0.23890339425587467
2022-23,2022-08-20,Tottenham,Wolverhampton Wanderers,H,0,2.330380900119192,0.7653961060356562,0.7243609731240149,0.17002001115866044,0.10561901571732467,0.6750355281856939,0.19895783988630977,0.1260066319279962
2022-23,2022-08-21,Leeds United,Chelsea,H,0,1.0786574709220256,1.6482963590553725,0.24862738236752258,0.24487397542431796,0.5064986422081595,0.16567406605305904,0.21169463995668653,0.6226312939902545
2022-23,2022-08-21,Newcastle United,Manchester City,D,1,0.918389798408585,2.2272487466264885,0.14190190803297162,0.18784458700486337,0.670253504962165,0.12477064220183487,0.1871559633027523,0.6880733944954128
2022-23,2022-08-21,West Ham,Brighton and Hove Albion,A,2,1.3484535548478924,1.4821179639699629,0.34455788194241443,0.2506070554773634,0.40483506258022206,0.41349548842683415,0.2797175362887407,0.3067869752844253
2022-23,2022-08-22,Manchester United,Liverpool,H,0,1.0020183795561628,1.869828689200631,0.19921869504405784,0.2239752927806782,0.576806012175264,0.18202598494502173,0.22070125195412565,0.5972727631008525
2022-23,2022-08-27,Arsenal,Fulham,H,0,2.0320952287834926,0.9209253861309414,0.6312955907145955,0.20627663474649136,0.16242777453891313,0.7296439901304195,0.16496298907296442,0.10539302079661615
2022-23,2022-08-27,Brentford,Everton,D,1,1.6905175571729187,1.035537156510669,0.5270428288295043,0.24118651676422734,0.23177065440626848,0.4751131221719457,0.27149321266968324,0.25339366515837103
2022-23,2022-08-27,Southampton,Manchester United,A,2,1.1627113624718255,1.354543238115556,0.3207672240593258,0.2674575746014397,0.41177520133923456,0.22813688212927755,0.23954372623574144,0.532319391634981
2022-23,2022-08-27,Brighton and Hove Albion,Leeds United,H,0,1.6583014806089846,1.121738350535972,0.49881755938303596,0.2435973907977528,0.2575850498192112,0.5,0.25,0.25
2022-23,2022-08-27,Liverpool,Bournemouth,H,0,2.398379962845975,0.6715500459934047,0.7570969002819609,0.15740691797193976,0.08549618174609942,0.8678237650200267,0.09546061415220294,0.036715620827770364
2022-23,2022-08-27,Manchester City,Crystal Palace,H,0,2.6280465483672293,0.7584279770586418,0.7722686893045562,0.14352528863732272,0.08420602205812101,0.8012162051113485,0.12605801627085214,0.07272577861779932
2022-23,2022-08-27,Chelsea,Leicester City,H,0,1.8865155817233121,0.8449151580217628,0.6191438492468123,0.2184377896168895,0.16241836113629807,0.6756756756756757,0.1891891891891892,0.13513513513513511
2022-23,2022-08-28,Aston Villa,West Ham,A,2,1.4069686338584648,1.1573270064406456,0.4268913476244206,0.2635735358910608,0.30953511648451854,0.41349548842683415,0.2797175362887407,0.3067869752844253
2022-23,2022-08-28,Nottingham Forest,Tottenham,A,2,1.0446897152165244,1.8218180397967163,0.21527461035283943,0.22903494123144613,0.5556904484157145,0.1354490430230656,0.20611810894814334,0.6584328480287911
2022-23,2022-08-28,Wolverhampton Wanderers,Newcastle United,D,1,1.2133092076224437,1.4089553284202878,0.3238515013366413,0.26112254987324734,0.41502594879011123,0.3548387096774194,0.2903225806451613,0.3548387096774194
2022-23,2022-08-30,Crystal Palace,Brentford,D,1,1.4797472111149894,1.1616870770521035,0.4448713605463963,0.25761576664211533,0.2975128728114884,0.4603234298608499,0.27754795035727714,0.26212861978187285
2022-23,2022-08-30,Fulham,Brighton and Hove Albion,H,0,1.259916105204177,1.4444576352978353,0.329234639670025,0.25667137329786366,0.4140939870321115,0.30420841683366734,0.28577154308617236,0.41002004008016035
2022-23,2022-08-30,Leeds United,Everton,D,1,1.764482550348738,1.005424939339505,0.551879248948766,0.23405201384384264,0.21406873720739128,0.44134505158578524,0.2711119602598395,0.28754298815437523
2022-23,2022-08-30,Southampton,Chelsea,H,0,1.0241275821771014,1.7634963598900464,0.21858525927406047,0.2342865637954411,0.5471281769304984,0.17942467089224767,0.23549488054607506,0.5850804485616772
2022-23,2022-08-31,Arsenal,Aston Villa,H,0,2.4285750179339947,0.7295631997744918,0.7486515005008005,0.15867027124686442,0.09267822825233515,0.6394316163410302,0.20603907637655416,0.15452930728241562
2022-23,2022-08-31,Bournemouth,Wolverhampton Wanderers,D,1,1.3436975941091507,1.1504148810907602,0.41159090280999705,0.26887987756574694,0.319529219624256,0.2711119602598395,0.28754298815437523,0.44134505158578524
2022-23,2022-08-31,Liverpool,Newcastle United,H,0,2.4252761074768245,0.919779851915293,0.7052636297152041,0.17046111151306992,0.12427525877172592,0.7137192704203014,0.18080888183980967,0.10547184773988898
2022-23,2022-08-31,Manchester City,Nottingham Forest,H,0,2.970687051624907,0.6200445574623632,0.8424075948050087,0.10753316024860325,0.05005924494638805,0.8943822357183525,0.07292655152780414,0.032691212753843235
2022-23,2022-08-31,West Ham,Tottenham,D,1,1.0082206732277348,1.7920621002157775,0.21094059431433976,0.23144325835867383,0.5576161473269864,0.263607257203842,0.2497331910352187,0.4866595517609391
2022-23,2022-09-01,Leicester City,Manchester United,A,2,1.27155202634438,1.3133289663755234,0.35781407830316986,0.264750018266753,0.3774359034300771,0.2804889172671714,0.25430995165556874,0.4652011310772599
2022-23,2022-09-03,Aston Villa,Manchester City,D,1,0.7490203891153419,2.745735973844026,0.07605725930968608,0.13353160163350392,0.79041113905681,0.11806956662093454,0.17173755144863206,0.7101928819304333
2022-23,2022-09-03,Everton,Liverpool,D,1,0.8761570915077178,2.451597625492258,0.11478164287329451,0.16579605405734923,0.7194223030693563,0.13380281690140844,0.19718309859154928,0.6690140845070423
2022-23,2022-09-03,Brentford,Leeds United,H,0,1.4694109493293384,1.1800255789517893,0.43808054499452026,0.25783357855327066,0.304085876452209,0.45092838196286467,0.2705570291777188,0.27851458885941643
2022-23,2022-09-03,Chelsea,West Ham,H,0,1.7763876129433112,0.9311820112203433,0.5728403034186633,0.2319884556587095,0.1951712409226272,0.6149068322981366,0.21180124223602484,0.17329192546583852
2022-23,2022-09-03,Nottingham Forest,Bournemouth,A,2,1.4439913738911463,1.023010662582985,0.46771917237311994,0.26479472403097054,0.26748610359590946,0.4830216088614491,0.26911203922280735,0.24786635191574358
2022-23,2022-09-03,Wolverhampton Wanderers,Southampton,H,0,1.4144194692424341,1.0622162787267717,0.4506178128307138,0.26639439122351877,0.2829877959457675,0.43029595015576316,0.27842679127725856,0.29127725856697817
2022-23,2022-09-03,Tottenham,Fulham,H,0,1.9263334237336525,0.9268769920734665,0.6075096294549845,0.21680984821705465,0.17568052232796083,0.639344262295082,0.21311475409836067,0.1475409836065574
2022-23,2022-09-03,Newcastle United,Crystal Palace,D,1,1.5895874291847407,1.1234824675686355,0.4814799792398239,0.24945033325407956,0.26906968750609656,0.4751131221719457,0.27149321266968324,0.25339366515837103
2022-23,2022-09-04,Brighton and Hove Albion,Leicester City,H,0,1.736714927490948,0.8681077480898659,0.5793594061437988,0.23512074609687228,0.18551984775932903,0.5182625863770978,0.27097729516288255,0.21076011846001974
2022-23,2022-09-04,Manchester United,Arsenal,H,0,1.2225810456392365,1.575098032614621,0.2961941525404724,0.24850555236403063,0.45530029509549697,0.3787575150300601,0.2705410821643286,0.3507014028056112
2022-23,2022-09-16,Aston Villa,Southampton,H,0,1.3498760714290814,1.213032145460629,0.39953546808565965,0.2653949415910812,0.33506959032325917,0.4545454545454546,0.27272727272727276,0.27272727272727276
2022-23,2022-09-16,Nottingham Forest,Fulham,A,2,1.3588153747655143,1.3403028645324984,0.37515475664270675,0.25822251988167383,0.3666227234756194,0.3468667255075022,0.2890556045895852,0.36407766990291257
2022-23,2022-09-17,Newcastle United,Bournemouth,D,1,1.7262326133880024,0.9097607180885324,0.5664189479015368,0.2368786974904554,0.19670235460800778,0.6582096696984203,0.215414073719483,0.1263762565820967
2022-23,2022-09-17,Tottenham,Leicester City,H,0,2.1878428592612957,0.7584081120507705,0.700911536450553,0.183358381882014,0.11573008166743295,0.6538661131292164,0.21069019200830302,0.13544369486248053
2022-23,2022-09-17,Wolverhampton Wanderers,Manchester City,A,2,0.8213703836665721,2.3864696312904274,0.11076299597765712,0.1682935239362198,0.7209434800861231,0.09957325746799431,0.1891891891891892,0.7112375533428165
2022-23,2022-09-18,Brentford,Arsenal,A,2,1.2003240394709214,1.8088842916405061,0.25294255893761436,0.2307128549667729,0.5163445860956127,0.225296442687747,0.24901185770750986,0.5256916996047432
2022-23,2022-09-18,Everton,West Ham,H,0,1.3137073623274478,1.2584321239936869,0.3802765078793876,0.26546332114376964,0.3542601709768427,0.3276209677419355,0.2923387096774194,0.3800403225806452
2022-23,2022-10-01,Crystal Palace,Chelsea,A,2,1.2129688348300869,1.47482568914644,0.3115740709952473,0.25628773459542076,0.4321381944093319,0.2253807106598985,0.2629441624365483,0.5116751269035533
2022-23,2022-10-01,Arsenal,Tottenham,H,0,1.4992840418233147,1.2299078988642649,0.4346346031283456,0.2539066822063924,0.31145871466526215,0.4612804025719877,0.2521666200726866,0.28655297735532564
2022-23,2022-10-01,Bournemouth,Brentford,D,1,1.335428113022888,1.3870690305880118,0.3597218479011183,0.2568487139226713,0.3834294381762105,0.288135593220339,0.2796610169491525,0.43220338983050843
2022-23,2022-10-01,Fulham,Newcastle United,A,2,1.4490254784721837,1.420765916122893,0.3817219338984711,0.24923096276028484,0.3690471033412441,0.3176442762535478,0.28027436140018924,0.40208136234626296
2022-23,2022-10-01,Southampton,Everton,A,2,1.3217321710381151,1.130698475540012,0.4100399662640238,0.271578966556701,0.3183810671792752,0.44155844155844154,0.2792207792207792,0.2792207792207792
2022-23,2022-10-01,West Ham,Wolverhampton Wanderers,H,0,1.3908740100068766,0.9610323377958332,0.46838266816747526,0.27181618465367774,0.25980114717884695,0.49469964664310956,0.27561837455830385,0.22968197879858654
2022-23,2022-10-01,Liverpool,Brighton and Hove Albion,D,1,2.1006556758300245,0.9924342806107044,0.6282057162207106,0.2023225821104003,0.16947170166888903,0.7093184979137691,0.17969401947148816,0.1109874826147427
2022-23,2022-10-02,Leeds United,Aston Villa,D,1,1.573611560835009,0.9765539422384666,0.5125018020850516,0.25281242330734716,0.23468577460760126,0.4041204437400951,0.2793185419968304,0.3165610142630745
2022-23,2022-10-02,Manchester City,Manchester United,H,0,2.323683203855895,0.8323480783660892,0.7076995980196606,0.1746113549390667,0.11768904704127252,0.7099057574385776,0.16420428824231448,0.12588995431910777
2022-23,2022-10-03,Leicester City,Nottingham Forest,H,0,1.5134832520454784,1.0981158003994071,0.4681343982774833,0.2565429518478937,0.2753226498746229,0.5429892624813857,0.23755780233560622,0.21945293518300807
2022-23,2022-10-08,Bournemouth,Leicester City,H,0,1.3898967574185606,1.209042441189544,0.41096722222895204,0.2626964601055079,0.32633631766554017,0.2621286197818729,0.2775479503572772,0.46032342986085
2022-23,2022-10-08,Brighton and Hove Albion,Tottenham,A,2,1.3892244046364477,1.4548237252380194,0.36003119937517586,0.2504012017542961,0.3895675988705281,0.33972821742605913,0.2797761790567546,0.38049560351718625
2022-23,2022-10-08,Chelsea,Wolverhampton Wanderers,H,0,1.8556068921588031,0.8232807350131814,0.6178043771671787,0.22106581976465425,0.161129803068167,0.6728971962616822,0.20934579439252335,0.11775700934579439
2022-23,2022-10-08,Manchester City,Southampton,H,0,3.1332978661969992,0.5883500758546677,0.8642666031283232,0.09455731668411549,0.041176080187561345,0.8501275191278691,0.09436415462319349,0.05550832624893734
2022-23,2022-10-08,Newcastle United,Brentford,H,0,1.819243544973038,1.0909974120375068,0.5441027476441722,0.2296439139732496,0.22625333838257822,0.5215686274509804,0.2511764705882353,0.22725490196078432
2022-23,2022-10-09,Arsenal,Liverpool,H,0,1.4650719146712226,1.5091173186236329,0.36820475384140305,0.24414950274322503,0.3876457434153719,0.3775518373228725,0.26218877591866147,0.3602593867584661
2022-23,2022-10-09,Crystal Palace,Leeds United,H,0,1.4598961560211892,1.1740539351022041,0.43696213701913766,0.25878053797258055,0.30425732500828184,0.46400294605045106,0.27177315411526415,0.2642238998342846
2022-23,2022-10-09,Everton,Manchester United,A,2,1.2239733897266838,1.4765018433277666,0.31408588792561387,0.25577580013913936,0.43013831193524676,0.2642238998342847,0.2717731541152642,0.46400294605045117
2022-23,2022-10-09,West Ham,Fulham,H,0,1.504405044653921,0.9473309212870021,0.5019380480101411,0.26024325583116664,0.23781869615869233,0.5510440835266821,0.24941995359628769,0.19953596287703013
2022-23,2022-10-10,Nottingham Forest,Aston Villa,D,1,1.2918059321537012,1.1639910142515446,0.39456734640433355,0.2722096586119187,0.33322299498374774,0.288135593220339,0.2796610169491525,0.43220338983050843
2022-23,2022-10-14,Brentford,Brighton and Hove Albion,H,0,1.2880295551385048,1.4556299008928217,0.33431634893930195,0.2547675043111351,0.41091614674956295,0.3067869752844252,0.27971753628874063,0.41349548842683403
2022-23,2022-10-15,Fulham,Bournemouth,D,1,1.312223641274081,1.2438310373895989,0.38295127696038117,0.266373661252304,0.35067506178731495,0.5112910097997443,0.25223689816787387,0.23647209203238176
2022-23,2022-10-15,Leicester City,Crystal Palace,D,1,1.3666839695445394,1.1290779467750671,0.42252858052526665,0.26798941168875556,0.30948200778597773,0.41349548842683415,0.2797175362887407,0.3067869752844253
2022-23,2022-10-15,Tottenham,Everton,H,0,2.058769719571196,0.8007824713984918,0.6659888257127407,0.1986577981580375,0.13535337612922194,0.639344262295082,0.21311475409836067,0.1475409836065574
2022-23,2022-10-15,Wolverhampton Wanderers,Nottingham Forest,H,0,1.4256108189606018,1.0183243995054043,0.46395200533963166,0.26669305297735346,0.26935494168301494,0.5576208178438662,0.2527881040892193,0.1895910780669145
2022-23,2022-10-16,Aston Villa,Chelsea,A,2,1.010484089587712,1.5159726616360594,0.25235912331468346,0.2581036220866119,0.4895372545987047,0.21928755908581452,0.25320403489108717,0.5275084060230983
2022-23,2022-10-16,Leeds United,Arsenal,A,2,0.9544017314513783,2.0297839999984424,0.16961252250885625,0.20763022814695908,0.6227572493441847,0.15874177029992684,0.22677395757132407,0.6144842721287491
2022-23,2022-10-16,Liverpool,Manchester City,H,0,1.3344207076422696,1.76097617275891,0.29164606676383453,0.23305594280924108,0.4752979904269244,0.2635228848821082,0.23717059639389737,0.49930651872399445
2022-23,2022-10-16,Manchester United,Newcastle United,D,1,1.5743154997073647,1.3809299600983598,0.4208121017294483,0.24385866258392316,0.33532923568662854,0.483021608861449,0.24786635191574355,0.2691120392228073
2022-23,2022-10-16,Southampton,West Ham,D,1,1.1046955605413695,1.4830695271019043,0.2822092936154996,0.25902208662727844,0.458768619757222,0.32666132906325057,0.2786228983186549,0.39471577261809443
2022-23,2022-10-18,Brighton and Hove Albion,Nottingham Forest,D,1,1.8745630269499576,0.9129509573435483,0.5995957377278753,0.22162502484645047,0.17877923742567414,0.6690140845070423,0.19718309859154928,0.13380281690140844
2022-23,2022-10-18,Crystal Palace,Wolverhampton Wanderers,H,0,1.455550260167361,0.9831688250180746,0.4803527953735846,0.2646297008089971,0.2550175038174183,0.41883568448241604,0.3039936419630439,0.27717067355454006
2022-23,2022-10-19,Liverpool,West Ham,H,0,1.9786573637982268,0.9292701025182788,0.6181225560688809,0.21174052103628,0.17013692289483917,0.6756756756756757,0.1891891891891892,0.13513513513513511
2022-23,2022-10-19,Brentford,Chelsea,D,1,1.1307363053675876,1.562242851589896,0.2754156725389479,0.25163276089446857,0.4729515665665836,0.19953596287703013,0.24941995359628769,0.5510440835266821
2022-23,2022-10-19,Newcastle United,Everton,H,0,2.0623252327778987,0.8615593202231442,0.6518334995479573,0.20101649417610387,0.14715000627593877,0.5884729329383249,0.2477780770266631,0.16374899003501214
2022-23,2022-10-19,Manchester United,Tottenham,H,0,1.3153802638803356,1.43212929238053,0.3457754869721755,0.2550914609199746,0.3991330521078499,0.38596491228070173,0.27017543859649124,0.34385964912280703
2022-23,2022-10-19,Bournemouth,Southampton,A,2,1.6661858975672235,0.8888824050556089,0.5572593863163579,0.2430605724511339,0.19968004123250827,0.3579175704989154,0.28416485900216926,0.3579175704989154
2022-23,2022-10-20,Fulham,Aston Villa,H,0,1.3712019655758434,1.29572828487251,0.3875685217939889,0.259823528551682,0.3526079496543291,0.32907857997606704,0.2891902672516953,0.3817311527722378
2022-23,2022-10-20,Leicester City,Leeds United,H,0,1.4720187986701818,1.1305793010701248,0.44994932203090404,0.25921133940320623,0.2908393385658896,0.42105263157894735,0.2631578947368421,0.3157894736842105
2022-23,2022-10-22,Chelsea,Manchester United,D,1,1.5039368700950495,1.185745615192844,0.4456469725775132,0.25496304218917915,0.29938998523330773,0.4605263157894737,0.2697368421052631,0.2697368421052631
2022-23,2022-10-22,Everton,Crystal Palace,H,0,1.1872129707030545,1.208008751007243,0.3564858497303808,0.27693231165619286,0.36658183861342647,0.36786028999439235,0.2988864856204438,0.3332532243851638
2022-23,2022-10-22,Manchester City,Brighton and Hove Albion,H,0,2.3391175150013206,0.8780535600316284,0.6998693647805417,0.17573463094166383,0.12439600427779438,0.7913043478260869,0.13565217391304346,0.07304347826086957
2022-23,2022-10-22,Nottingham Forest,Liverpool,H,0,0.8671473968799561,1.9666690967415092,0.15834384336652527,0.21085798727065183,0.630798169362823,0.08595988538681948,0.15759312320916904,0.7564469914040115
2022-23,2022-10-23,Aston Villa,Brentford,H,0,1.3525862703519735,1.1527541600868312,0.41345770537797666,0.2680702018173317,0.3184720928046916,0.4545454545454546,0.27272727272727276,0.27272727272727276
2022-23,2022-10-23,Leeds United,Fulham,A,2,1.405703958843705,1.3152094224713298,0.39240783259523576,0.25673020799677543,0.3508619594079888,0.46400294605045106,0.27177315411526415,0.2642238998342846
2022-23,2022-10-23,Southampton,Arsenal,D,1,0.8867804923370689,1.9474927166049547,0.16462462653187335,0.21347854765390248,0.6218968258142241,0.15818639798488665,0.23727959697732998,0.6045340050377834
2022-23,2022-10-23,Tottenham,Newcastle United,A,2,1.6267557724847908,1.2178826894986956,0.4690868054629515,0.24470150860879003,0.28621168592825835,0.4605263157894737,0.2697368421052631,0.2697368421052631
2022-23,2022-10-23,Wolverhampton Wanderers,Leicester City,A,2,1.2679577121691203,1.147341129438359,0.39167431871487546,0.27496203903430905,0.3333636422508154,0.4193548387096774,0.2903225806451613,0.2903225806451613
2022-23,2022-10-24,West Ham,Bournemouth,H,0,1.5972547490128817,0.9902234649453945,0.5151085480875253,0.25034792119725724,0.23454353071521747,0.6075949367088608,0.23544303797468355,0.1569620253164557
2022-23,2022-10-29,Bournemouth,Tottenham,A,2,1.0537716229145306,1.5071667733669503,0.26496844172780365,0.2581081635162775,0.4769233947559189,0.19022379269729095,0.2502944640753828,0.5594817432273262
2022-23,2022-10-29,Brentford,Wolverhampton Wanderers,D,1,1.5527987564115624,1.0612466997536734,0.48682712514648546,0.2537628223771167,0.2594100524763978,0.43220338983050843,0.2796610169491525,0.288135593220339
2022-23,2022-10-29,Brighton and Hove Albion,Chelsea,H,0,1.211751595792683,1.3912828379936517,0.32678454339223845,0.2624751801568233,0.41074027645093825,0.31654676258992803,0.2877697841726619,0.3956834532374101
2022-23,2022-10-29,Crystal Palace,Southampton,H,0,1.5513291880533564,0.9316804693919323,0.5179104736031325,0.2554518147225224,0.2266377116743451,0.49930651872399445,0.2635228848821082,0.23717059639389737
2022-23,2022-10-29,Fulham,Everton,D,1,1.6755859730176321,1.1254719780681606,0.5021417627025906,0.24208256764440841,0.255775669653001,0.40208136234626296,0.28027436140018924,0.3176442762535478
2022-23,2022-10-29,Leicester City,Manchester City,A,2,0.8237932701684558,2.017713564547808,0.14401174348958956,0.20392023487974884,0.6520680216306616,0.09489051094890512,0.14598540145985403,0.759124087591241
2022-23,2022-10-29,Liverpool,Leeds United,A,2,2.4876571110822723,0.8299736830556507,0.7355400728898329,0.15996057443339606,0.10449935267677105,0.7346938775510204,0.15918367346938778,0.10612244897959185
2022-23,2022-10-29,Newcastle United,Aston Villa,H,0,1.9430599973961626,1.002551020558947,0.5928082917515701,0.21710897883670502,0.1900827294117249,0.5319148936170214,0.25531914893617025,0.21276595744680854
2022-23,2022-10-30,Arsenal,Nottingham Forest,H,0,2.298926614026778,0.7312877948462458,0.7269782434752885,0.1708491742133548,0.10217258231135667,0.7865168539325843,0.1348314606741573,0.07865168539325842
2022-23,2022-10-30,Manchester United,West Ham,H,0,1.679460884533324,1.1558998817968975,0.4960203101106797,0.24145873055536776,0.2625209593339525,0.5679129200189305,0.2356838618078561,0.19640321817321343
2022-23,2022-11-05,Everton,Leicester City,A,2,1.2768293287311643,1.0900902603986669,0.4068062084722909,0.27736913195829854,0.31582465956941064,0.3956834532374101,0.2877697841726619,0.31654676258992803
2022-23,2022-11-05,Leeds United,Bournemouth,H,0,1.492590656091754,1.1183139752537115,0.4580826955201894,0.2578315578673157,0.2840857466124949,0.5510440835266821,0.24941995359628769,0.19953596287703013
2022-23,2022-11-05,Manchester City,Fulham,H,0,2.53050402258977,0.8113675697727011,0.7463555264457034,0.15515120314808387,0.09849327040621281,0.850873264666368,0.09941782355575458,0.04970891177787729
2022-23,2022-11-05,Nottingham Forest,Brentford,D,1,1.3140079053201403,1.303552132855676,0.3710020208786913,0.26288025739416027,0.3661177217271484,0.3458980044345898,0.28824833702882485,0.3658536585365853
2022-23,2022-11-05,Wolverhampton Wanderers,Brighton and Hove Albion,A,2,1.1503757720791503,1.4726586448207482,0.2958510228903492,0.2585444244266075,0.44560455268304333,0.28846153846153844,0.28846153846153844,0.423076923076923
2022-23,2022-11-06,Aston Villa,Manchester United,H,0,1.0616775766812963,1.6617816427257925,0.24240928739983655,0.2437672302363786,0.5138234823637848,0.2907103825136612,0.2524590163934426,0.45683060109289614
2022-23,2022-11-06,Chelsea,Arsenal,A,2,1.2772006022271964,1.5541358509471976,0.31346249932030923,0.24850035195266318,0.4380371487270275,0.3711340206185567,0.27835051546391754,0.35051546391752575
2022-23,2022-11-06,Southampton,Newcastle United,A,2,0.9699842714278796,1.7512088456634523,0.20757340915177408,0.23502054047168872,0.5574060503765372,0.23717059639389737,0.2635228848821082,0.49930651872399445
2022-23,2022-11-06,Tottenham,Liverpool,A,2,1.491836573021173,1.2939154357550726,0.4188305950328698,0.25214899921645495,0.3290204057506752,0.28668941979522183,0.26279863481228666,0.4505119453924914
2022-23,2022-11-06,West Ham,Crystal Palace,A,2,1.58523250262254,1.0412592627622683,0.4997704378835029,0.2510380588860843,0.24919150323041275,0.4972144846796657,0.27785515320334264,0.22493036211699163
2022-23,2022-11-12,Bournemouth,Everton,H,0,1.4323045505987209,1.1394395354372968,0.43758026811040107,0.2622033754625357,0.30021635642706324,0.3403141361256544,0.2931937172774869,0.3664921465968586
2022-23,2022-11-12,Newcastle United,Chelsea,H,0,1.5861186385235617,1.00039211744016,0.5098422856685949,0.25136977608054306,0.23878793825086192,0.4041204437400951,0.2793185419968304,0.3165610142630745
2022-23,2022-11-12,Manchester City,Brentford,A,2,2.6041878770820057,0.67323051440865,0.7870856110700454,0.1393777807143623,0.07353660821559219,0.8267477203647416,0.11781155015197567,0.05544072948328267
2022-23,2022-11-12,Liverpool,Southampton,H,0,2.4853119655742684,0.7537757930365807,0.7520863623616726,0.15526128605156103,0.09265235158676632,0.7657295850066934,0.14725568942436412,0.08701472556894244
2022-23,2022-11-12,Nottingham Forest,Crystal Palace,H,0,1.174730606839622,1.270466592330761,0.3403724719477046,0.27320642789181426,0.38642110016048115,0.30625,0.30625,0.3875
2022-23,2022-11-12,Wolverhampton Wanderers,Arsenal,A,2,0.8481850554883396,2.083840020083432,0.1423270080666104,0.19830168038591084,0.6593713115474787,0.15874177029992684,0.22677395757132407,0.6144842721287491
2022-23,2022-11-12,West Ham,Leicester City,A,2,1.4191703516915244,1.0921235057859204,0.44493803667928894,0.2649669171703205,0.2900950461503906,0.4652011310772599,0.2804889172671714,0.25430995165556874
2022-23,2022-11-12,Tottenham,Leeds United,H,0,2.05216423900691,0.9562255632474401,0.6269359785142192,0.20558093663448143,0.1674830848512993,0.5746381507885073,0.22575070209548498,0.19961114711600778
2022-23,2022-11-13,Brighton and Hove Albion,Aston Villa,A,2,1.8944724143547984,1.031617156809358,0.5751903218586678,0.22218220829746377,0.2026274698438684,0.5198277142432793,0.25367592455072036,0.2264963612060003
2022-23,2022-11-13,Fulham,Manchester United,A,2,1.2722306016451737,1.3464429591471316,0.35137111427018225,0.2626046803921065,0.3860242053377113,0.25,0.25,0.5
2022-23,2022-12-26,Crystal Palace,Fulham,A,2,1.4887983527968565,1.239417116071345,0.4298798579092299,0.2543401299244834,0.31578001216628676,0.46400294605045106,0.2642238998342846,0.27177315411526415
2022-23,2022-12-26,Arsenal,West Ham,H,0,2.3731805653116425,0.7290535584460963,0.7398746904372171,0.16370372769541658,0.09642158186736628,0.6340391980175715,0.2196440639783735,0.14631673800405498
2022-23,2022-12-26,Aston Villa,Liverpool,A,2,1.0471337078312422,2.031696274917828,0.18876259632106526,0.2101163575544604,0.6011210461244744,0.2007380073800738,0.23837638376383766,0.5608856088560886
2022-23,2022-12-26,Everton,Wolverhampton Wanderers,A,2,1.4575022536814992,1.0623030474020398,0.4619873899118841,0.2624643258562697,0.27554828423184624,0.41212601545472566,0.2916584109371904,0.29621557360808404
2022-23,2022-12-26,Leicester City,Newcastle United,A,2,1.1338101041410482,1.4837181831132469,0.2896248457219525,0.25813945923612114,0.45223569504192634,0.2936129647283127,0.2726406101048618,0.43374642516682554
2022-23,2022-12-26,Southampton,Brighton and Hove Albion,A,2,1.1440706733856818,1.5151198147757727,0.28680259379671796,0.2552509826850662,0.45794642351821574,0.28754298815437523,0.2711119602598395,0.44134505158578524
2022-23,2022-12-26,Brentford,Tottenham,D,1,1.20571415816963,1.58857590898185,0.2896890479619545,0.24788466267392661,0.46242628936411895,0.23779222575736617,0.2642135841748513,0.49799419006778256
2022-23,2022-12-27,Chelsea,Bournemouth,H,0,1.7117044371161223,0.9598961526018972,0.5505300047296026,0.23888163601529921,0.2105883592550982,0.7318695941450432,0.17298735861610112,0.09514304723885562
2022-23,2022-12-27,Manchester United,Nottingham Forest,H,0,2.0800850258245958,0.8050974642286658,0.6691359513114108,0.19668405220814897,0.13417999648044032,0.7397444519166108,0.17350369872225962,0.08675184936112981
2022-23,2022-12-28,Leeds United,Manchester City,A,2,0.9162159283775496,2.0506989044164494,0.1594433933332594,0.2043117426977912,0.6362448639689494,0.10052600818234952,0.1591661796220534,0.7403078121955972
2022-23,2022-12-30,Liverpool,Leicester City,H,0,2.348957184468517,0.8454963642960259,0.7090487440059459,0.1730607280008869,0.1178905279931672,0.7403078121955972,0.1591661796220534,0.10052600818234952
2022-23,2022-12-30,West Ham,Brentford,A,2,1.308981448295944,1.3651075442314633,0.3572566125075699,0.25951615297132474,0.38322723452110535,0.47368421052631576,0.2631578947368421,0.2631578947368421
2022-23,2022-12-31,Bournemouth,Crystal Palace,A,2,1.3385576343898626,1.1591368344619821,0.4082788946094346,0.2688675457310018,0.32285355965956364,0.3368721927317272,0.2858309514087382,0.3772968558595345
2022-23,2022-12-31,Brighton and Hove Albion,Arsenal,A,2,1.0350158025442309,1.833576023260792,0.21146484470250645,0.22784587120297087,0.5606892840945227,0.2785145888594165,0.27055702917771884,0.4509283819628648
2022-23,2022-12-31,Fulham,Southampton,H,0,1.9033663216280878,1.0381172871494537,0.5756093751248617,0.22147711019063257,0.20291351468450575,0.4850444624090542,0.2627324171382377,0.25222312045270817
2022-23,2022-12-31,Manchester City,Everton,D,1,2.9807523660439896,0.6476593208590394,0.8383716538406054,0.1089725852067738,0.05265576095262082,0.8438610343466245,0.10595144097907619,0.050187524674299246
2022-23,2022-12-31,Newcastle United,Leeds United,D,1,2.373142191988436,0.8596019123921674,0.7099760066994066,0.17169270139728468,0.11833129190330877,0.6538661131292164,0.21069019200830302,0.13544369486248053
2022-23,2022-12-31,Wolverhampton Wanderers,Manchester United,A,2,0.9765628540015207,1.7165824391709437,0.21389037006051165,0.23850808619075453,0.5476015437487339,0.23779222575736617,0.2642135841748513,0.49799419006778256
2022-23,2023-01-01,Nottingham Forest,Chelsea,D,1,1.0798417794741075,1.4727845546138256,0.27751934453746935,0.26060452786165983,0.46187612760087077,0.19022379269729095,0.2502944640753828,0.5594817432273262
2022-23,2023-01-01,Tottenham,Aston Villa,A,2,2.1284317051592034,0.9289383155264465,0.6487806155105243,0.19742379529140913,0.1537955891980666,0.5709391949757351,0.2383671139023694,0.19069369112189552
2022-23,2023-01-02,Brentford,Liverpool,H,0,1.1416140928694773,1.8856228246272517,0.22838879456719766,0.22430310468499384,0.5473081007478086,0.17186279656351228,0.2183014736949925,0.6098357297414951
2022-23,2023-01-03,Arsenal,Newcastle United,D,1,1.9064047838917877,1.1227257247509015,0.5563367375416098,0.2223761710807093,0.22128709137768093,0.5292717447246527,0.2507076685537828,0.22002058672156458
2022-23,2023-01-03,Everton,Brighton and Hove Albion,A,2,1.1770886055764906,1.5347337659255176,0.2917937191845757,0.2527911631860367,0.45541511762938763,0.27272727272727276,0.27272727272727276,0.4545454545454546
2022-23,2023-01-03,Leicester City,Fulham,A,2,1.3734610534331329,1.2930132023059537,0.3887232423559834,0.25981978736608324,0.3514569702779333,0.4308880308880309,0.2633204633204634,0.3057915057915058
2022-23,2023-01-03,Manchester United,Bournemouth,H,0,2.2983592888691136,0.779779395544847,0.7155220163618908,0.17390233444929473,0.1105756491888144,0.7397444519166108,0.17350369872225962,0.08675184936112981
2022-23,2023-01-04,Aston Villa,Wolverhampton Wanderers,D,1,1.6043750656471403,0.9856664073382219,0.5179997412510365,0.2496677553176452,0.23233250343131825,0.49281314168377827,0.2669404517453799,0.24024640657084187
2022-23,2023-01-04,Crystal Palace,Tottenham,A,2,1.1769915892587017,1.428754880066749,0.3106873997122078,0.2611003209687228,0.42821227931906936,0.28146624275294563,0.2734243501028614,0.44510940714419306
2022-23,2023-01-04,Leeds United,West Ham,D,1,1.4701696960450865,1.1882578998197368,0.4364345403426764,0.25749528804215294,0.3060701716151706,0.36458333333333337,0.27083333333333337,0.36458333333333337
2022-23,2023-01-04,Southampton,Nottingham Forest,A,2,1.3662234686489891,1.1459638774015892,0.4186197222009148,0.26729319705438737,0.3140870807446979,0.4767025089605735,0.27240143369175623,0.25089605734767023
2022-23,2023-01-05,Chelsea,Manchester City,A,2,1.0411267884501825,1.849967720052562,0.2106436054337463,0.2264102442414616,0.5629461503247921,0.19069369112189552,0.2383671139023694,0.5709391949757351
2022-23,2023-01-12,Fulham,Chelsea,H,0,1.3519827355036396,1.1909853450340002,0.4048809736638496,0.26631713483655095,0.32880189149959943,0.28754298815437523,0.2711119602598395,0.44134505158578524
2022-23,2023-01-13,Aston Villa,Leeds United,H,0,1.6418257640124772,1.047974273408103,0.5122130234320713,0.2456906521062386,0.2420963244616901,0.49799419006778256,0.2642135841748513,0.23779222575736617
2022-23,2023-01-14,Brighton and Hove Albion,Liverpool,H,0,1.1671043845342404,1.909818355498128,0.23068427785340231,0.2225010075606837,0.5468147145859139,0.28062360801781744,0.26503340757238314,0.4543429844097996
2022-23,2023-01-14,Everton,Southampton,A,2,1.4859874562925077,1.1594271974779515,0.44698855347356914,0.2571852503217516,0.2958261962046792,0.4212076583210604,0.2916053019145803,0.2871870397643594
2022-23,2023-01-14,Brentford,Bournemouth,H,0,1.9974039170507532,0.9547036248497578,0.6159227200476374,0.21071472836959818,0.17336255158276445,0.5791106514994829,0.2388831437435367,0.18200620475698032
2022-23,2023-01-14,Nottingham Forest,Leicester City,H,0,1.360188891784148,1.1588500464029978,0.41413932320717983,0.2671947524009475,0.31866592439187263,0.3515188335358444,0.28760631834750905,0.3608748481166464
2022-23,2023-01-14,Wolverhampton Wanderers,West Ham,H,0,1.3100935730570595,1.1334401335820536,0.40626518238521125,0.27238154051700497,0.3213532770977837,0.3608748481166464,0.28760631834750905,0.3515188335358444
2022-23,2023-01-14,Manchester United,Manchester City,H,0,1.2958253043222652,1.6914592377913324,0.29414207593210334,0.23848330977741378,0.46737461429048294,0.2253807106598985,0.2629441624365483,0.5116751269035533
2022-23,2023-01-15,Chelsea,Crystal Palace,H,0,1.658814737394439,0.9022940076937931,0.552090833123834,0.24396454256359243,0.20394462431257365,0.5835764902042518,0.236348478532722,0.18007503126302626
2022-23,2023-01-15,Newcastle United,Fulham,H,0,1.7836427640084567,0.9918464764509841,0.5596378515472896,0.23207486087049592,0.2082872875822145,0.6340391980175715,0.2196440639783735,0.14631673800405498
2022-23,2023-01-15,Tottenham,Arsenal,A,2,1.2140459168687792,1.6133553773960612,0.28753246393606474,0.2458025124562364,0.46666502360769896,0.30579150579150577,0.2633204633204633,0.43088803088803085
2022-23,2023-01-18,Crystal Palace,Manchester United,D,1,0.9880211844550424,2.081037709185009,0.17076701720970633,0.20396147872529202,0.6252715040650016,0.21052631578947367,0.2631578947368421,0.5263157894736842
2022-23,2023-01-19,Manchester City,Tottenham,H,0,2.0903112315218784,0.9423184364727322,0.6380075688074894,0.20150954494231418,0.16048288625019638,0.6983240223463686,0.18994413407821228,0.11173184357541899
2022-23,2023-01-21,Southampton,Aston Villa,A,2,1.1932017442998615,1.3930570255679697,0.3215742415680478,0.2631582282861506,0.41526753014580164,0.33161274833443366,0.29385991237020587,0.3745273392953605
2022-23,2023-01-21,West Ham,Everton,H,0,1.536082211312168,0.9828143752493731,0.5014179117645651,0.25652604871929924,0.24205603951613572,0.5379388448471122,0.2582106455266138,0.20385050962627407
2022-23,2023-01-21,Bournemouth,Nottingham Forest,D,1,1.2418794394037798,1.2457244732566892,0.3636620515215592,0.270839418560681,0.3654985299177597,0.3463687150837989,0.30726256983240224,0.3463687150837989
2022-23,2023-01-21,Crystal Palace,Newcastle United,D,1,0.9864231837205145,1.6821537863244815,0.2211203635501039,0.2419557301786229,0.5369239062712733,0.21572547059803432,0.2711977344661003,0.5130767949358653
2022-23,2023-01-21,Leicester City,Brighton and Hove Albion,D,1,1.1977642357278084,1.4479901108223026,0.312558522982893,0.25884669138471705,0.4285947856323899,0.2642238998342847,0.2717731541152642,0.46400294605045117
2022-23,2023-01-21,Liverpool,Chelsea,D,1,1.865951903545222,1.1229377228831527,0.5472328283426579,0.2258203631927514,0.2269468084645908,0.5112910097997443,0.25223689816787387,0.23647209203238176
2022-23,2023-01-22,Manchester City,Wolverhampton Wanderers,H,0,2.882242123707991,0.5768038164393808,0.8409994937584445,0.11028466138297525,0.04871584485858021,0.7942238267148014,0.1191335740072202,0.08664259927797834
2022-23,2023-01-22,Arsenal,Manchester United,H,0,1.7126897907392513,1.1935203511553472,0.49535499704962094,0.2383774293960371,0.26626757355434194,0.5256916996047432,0.24901185770750986,0.225296442687747
2022-23,2023-01-22,Leeds United,Brentford,D,1,1.1900092737420775,1.845971764830774,0.2450362099761568,0.22776744466607518,0.527196345357768,0.40201005025125636,0.2657733109994417,0.33221663874930213
2022-23,2023-01-23,Fulham,Tottenham,A,2,1.3411223544579673,1.2489830426177664,0.3895269253874321,0.2641715948238163,0.34630147978875164,0.28668941979522183,0.26279863481228666,0.4505119453924914
2022-23,2023-02-03,Chelsea,Fulham,D,1,1.7271494449621498,0.9478573089802185,0.5571728857704814,0.2372162838430973,0.20561083038642128,0.5835764902042518,0.236348478532722,0.18007503126302626
2022-23,2023-02-04,Aston Villa,Leicester City,A,2,1.6253307814204359,1.006881003361595,0.5180441025745927,0.24749505521547074,0.23446084220993663,0.4866595517609392,0.26360725720384204,0.24973319103521877
2022-23,2023-02-04,Brentford,Southampton,H,0,1.9125806672094996,0.7787702551598473,0.6414361993982403,0.2132304026167337,0.145333397985026,0.5116751269035532,0.2629441624365482,0.22538071065989848
2022-23,2023-02-04,Brighton and Hove Albion,Bournemouth,H,0,2.039545808778049,0.8620948800869148,0.6471058960985165,0.20330704208739694,0.14958706181408662,0.7093184979137691,0.17969401947148816,0.1109874826147427
2022-23,2023-02-04,Everton,Arsenal,H,0,0.721179327218911,2.5933696375067448,0.08094473706657654,0.1437733362601861,0.7752819266732374,0.11160318866253321,0.21080602302922938,0.6775907883082374
2022-23,2023-02-04,Manchester United,Crystal Palace,H,0,2.0267103191499323,0.7763269286970675,0.6656423823936127,0.20083331285391892,0.13352430475246843,0.6803939122649956,0.20053715308863027,0.11906893464637423
2022-23,2023-02-04,Newcastle United,West Ham,D,1,2.0663490672236255,0.7855842384377697,0.6712265720302162,0.19714410547188116,0.13162932249790266,0.5925155925155925,0.24948024948024947,0.15800415800415799
2022-23,2023-02-04,Wolverhampton Wanderers,Liverpool,H,0,0.9234918172220683,2.0565865527711344,0.16029459171260083,0.20401310342757878,0.6356923048598203,0.23725953425582186,0.249746878164023,0.5129935875801553
2022-23,2023-02-05,Nottingham Forest,Leeds United,H,0,1.5783337647187632,1.0207026307165712,0.5029715092944012,0.25192725321161774,0.2451012374939811,0.3608748481166464,0.28760631834750905,0.3515188335358444
2022-23,2023-02-05,Tottenham,Manchester City,H,0,1.060397779590735,1.7515234835804574,0.22880739161773261,0.23556981235512237,0.535622796027145,0.22056345980469233,0.22739042403674234,0.5520461161585652
2022-23,2023-02-08,Manchester United,Leeds United,D,1,2.2049620357164454,0.7642615077877534,0.702625348186099,0.18199753304517757,0.11537711876872343,0.6528835690968444,0.18933623503808486,0.15778019586507072
2022-23,2023-02-11,Arsenal,Brentford,D,1,2.0203983329982917,0.9013035420909562,0.6336378465874761,0.20671367810437874,0.15964847530814524,0.6627466613514053,0.20091688259916285,0.13633645604943193
2022-23,2023-02-11,Crystal Palace,Brighton and Hove Albion,D,1,1.1682499295471411,1.644953369897476,0.27106722863261284,0.24412723492376268,0.48480553644362445,0.25089605734767023,0.27240143369175623,0.4767025089605735
2022-23,2023-02-11,Leicester City,Tottenham,H,0,1.1256206794685741,1.5493096537069513,0.2762925237544978,0.2528344977733082,0.470872978472194,0.28062360801781744,0.26503340757238314,0.4543429844097996
2022-23,2023-02-11,Bournemouth,Newcastle United,D,1,0.9050786803802293,1.8899006640261709,0.17521477240480654,0.2198643170961118,0.6049209104990816,0.1454891239748009,0.23641982645905146,0.6180910495661476
2022-23,2023-02-11,West Ham,Chelsea,D,1,1.1293538161318168,1.4600345974200895,0.29263255195304616,0.26024980374476925,0.4471176443021846,0.28846153846153844,0.28846153846153844,0.423076923076923
2022-23,2023-02-11,Southampton,Wolverhampton Wanderers,A,2,1.1958676027961619,1.2486275356345653,0.3505444932580359,0.273523398664253,0.37593210807771105,0.3285685524461445,0.29776525065431847,0.37366619689953695
2022-23,2023-02-11,Fulham,Nottingham Forest,H,0,1.4363681042106826,1.0755596994708803,0.4533253580659356,0.2639862581446672,0.28268838378939715,0.5033161409882997,0.27466680836790064,0.22201705064379962
2022-23,2023-02-12,Leeds United,Manchester United,A,2,0.978545886275873,1.613863498856251,0.22914245782686937,0.2487531027887146,0.5221044393844161,0.25315219476465356,0.24982124483353968,0.49702656040180676
2022-23,2023-02-12,Manchester City,Aston Villa,H,0,2.376526405828452,0.7420346307664674,0.7374389947901565,0.16424815584453303,0.09831284936531041,0.7657295850066934,0.14725568942436412,0.08701472556894244
2022-23,2023-02-13,Liverpool,Everton,H,0,2.3507333112398823,0.7759910002117549,0.7253450889550954,0.16878717185771203,0.10586773918719249,0.6340391980175715,0.2196440639783735,0.14631673800405498
2022-23,2023-02-15,Arsenal,Manchester City,A,2,1.3532458375033805,1.5016381188189059,0.3420547638302845,0.24923671520108265,0.4087085209686328,0.3265184597062326,0.2705438666137356,0.40293767368003175
2022-23,2023-02-18,Aston Villa,Arsenal,A,2,1.011649803344442,1.8873852787773704,0.19910490209340406,0.22249347817497175,0.5784016197316242,0.1904761904761905,0.23809523809523814,0.5714285714285715
2022-23,2023-02-18,Brentford,Crystal Palace,D,1,1.7837783949915802,0.8591113590178513,0.5925659645728379,0.22983647579757555,0.1775975596295865,0.5182625863770978,0.27097729516288255,0.21076011846001974
2022-23,2023-02-18,Brighton and Hove Albion,Fulham,A,2,1.797012227377857,0.9833177427425044,0.5648044557018466,0.23067533789970604,0.2045202063984473,0.5766312594840667,0.25037936267071315,0.17298937784522
2022-23,2023-02-18,Chelsea,Southampton,A,2,2.2431607523161037,0.6806167589216076,0.7294258403896935,0.17301603798302975,0.09755812162727677,0.6851930420025457,0.20195163343232925,0.11285532456512516
2022-23,2023-02-18,Everton,Leeds United,H,0,1.3040129149477198,1.2395992091690429,0.3816536194606465,0.26715661475715774,0.35118976578219585,0.3956834532374101,0.2877697841726619,0.31654676258992803
2022-23,2023-02-18,Newcastle United,Liverpool,A,2,1.4332189175234158,1.2525802426698227,0.4127871595250405,0.2577474116175166,0.3294654288574429,0.3787575150300601,0.2705410821643286,0.3507014028056112
2022-23,2023-02-18,Nottingham Forest,Manchester City,D,1,0.8206841309718218,2.300187208478317,0.11758669340832324,0.1761143943407095,0.7062989122509673,0.11008468052347962,0.17013086989992304,0.7197844495765975
2022-23,2023-02-18,Wolverhampton Wanderers,Bournemouth,A,2,1.5918687038557782,1.0166893376051196,0.5073393970406165,0.250665213523602,0.24199538943578144,0.5739795918367347,0.26626275510204084,0.15975765306122447
2022-23,2023-02-19,Manchester United,Leicester City,H,0,1.9283083173412108,0.9408510134438152,0.6045257035933154,0.21699620889101603,0.17847808751566854,0.5942810982926428,0.22234073423419892,0.18337816747315835
2022-23,2023-02-19,Tottenham,West Ham,H,0,1.8085413997580173,0.9207551446652105,0.5828203097806494,0.2285204855283467,0.1886592046910039,0.5392195506503745,0.2621206148994876,0.19865983445013796
2022-23,2023-02-24,Fulham,Wolverhampton Wanderers,D,1,1.6396021816862458,0.9482879547766262,0.5359192147203095,0.24617734955104367,0.21790343572864684,0.38247011952191234,0.298804780876494,0.31872509960159356
2022-23,2023-02-25,Crystal Palace,Liverpool,D,1,1.0118818360556792,1.7213484341442162,0.22163831479425478,0.23822530457987892,0.5401363806258662,0.20017356089094587,0.25021695111368236,0.5496094879953717
2022-23,2023-02-25,Everton,Aston Villa,A,2,1.3660780874124723,1.180832038633729,0.410854156223666,0.2657388311159521,0.32340701266038185,0.38247011952191234,0.298804780876494,0.31872509960159356
2022-23,2023-02-25,Bournemouth,Manchester City,A,2,0.778733612471102,2.5858731935955763,0.08981802719681399,0.14837827208754756,0.7618037007156385,0.09531917627782954,0.1657724804831818,0.7389083432389886
2022-23,2023-02-25,Leicester City,Arsenal,A,2,1.0229419214797704,2.0176086182812525,0.18536931550944735,0.21075931407557189,0.6038713704149807,0.2007380073800738,0.23837638376383766,0.5608856088560886
2022-23,2023-02-25,West Ham,Nottingham Forest,H,0,1.3799079402672958,1.0792024183619533,0.43744051736399375,0.2688884560076079,0.2936710266283984,0.5446293494704992,0.264750378214826,0.19062027231467474
2022-23,2023-02-25,Leeds United,Southampton,H,0,1.4410616850077407,0.9469941419777003,0.48532933028742536,0.2669119465777859,0.2477587231347886,0.48908296943231444,0.2724890829694323,0.23842794759825325
2022-23,2023-02-26,Tottenham,Chelsea,H,0,1.5100565138743265,1.0852585449491865,0.47025579074769625,0.25714621553095024,0.2725979937213534,0.375385840884198,0.29453350592452454,0.33008065319127755
2022-23,2023-03-01,Arsenal,Everton,H,0,2.5498297228250744,0.6742154260181785,0.779213353546337,0.14405744468992315,0.07672920176373973,0.7030787448194198,0.20130254588513916,0.0956187092954411
2022-23,2023-03-01,Liverpool,Wolverhampton Wanderers,H,0,2.22822258156039,0.7950853464022493,0.699489848427477,0.18147828550587847,0.11903186606664459,0.638655462184874,0.20168067226890757,0.1596638655462185
2022-23,2023-03-04,Arsenal,Bournemouth,H,0,2.700431406108521,0.7077505038487066,0.7928893785887693,0.1340985907965111,0.0730120306147196,0.7837283075200598,0.13659264788206757,0.07967904459787274
2022-23,2023-03-04,Aston Villa,Crystal Palace,H,0,1.4294207692294791,1.1663969356726065,0.4307530228296574,0.261449450676899,0.3077975264934437,0.46281601771544567,0.28750692009595863,0.24967706218859564
2022-23,2023-03-04,Brighton and Hove Albion,West Ham,H,0,1.8819150842924932,1.0206456755144693,0.5750241577897197,0.22315897290936848,0.20181686930091172,0.5263157894736842,0.2631578947368421,0.21052631578947367
2022-23,2023-03-04,Chelsea,Leeds United,H,0,1.737305659995875,0.8132451923423072,0.5934757554098593,0.23394547184744405,0.17257877274269665,0.5883926183471516,0.23829901043059643,0.17330837122225196
2022-23,2023-03-04,Manchester City,Newcastle United,H,0,2.206749937905729,0.9138986659803272,0.6674487914043742,0.18951651695932764,0.14303469163629828,0.6538661131292164,0.21069019200830302,0.13544369486248053
2022-23,2023-03-04,Southampton,Leicester City,H,0,1.1500704356361462,1.3548977426163886,0.31731591633477985,0.2680104997736433,0.4146735838915768,0.3458980044345898,0.28824833702882485,0.3658536585365853
2022-23,2023-03-04,Wolverhampton Wanderers,Tottenham,H,0,0.9835818359838231,1.5106785719697546,0.24624721806617653,0.2590688253277335,0.49468395660609005,0.288135593220339,0.2796610169491525,0.43220338983050843
2022-23,2023-03-05,Liverpool,Manchester United,H,0,1.6566555902266606,1.2851189927700348,0.4613887416083842,0.24113719176693296,0.2974740666246828,0.40201005025125636,0.2657733109994417,0.33221663874930213
2022-23,2023-03-05,Nottingham Forest,Everton,D,1,1.5495933468291938,1.1565003856315632,0.4638468421615316,0.25211268127390496,0.2840404765645633,0.35242290748898675,0.3171806167400881,0.33039647577092507
2022-23,2023-03-06,Brentford,Fulham,H,0,1.4523969755715471,0.9578346344061481,0.4856880986545922,0.2654968978868338,0.24881500345857394,0.4850444624090542,0.2627324171382377,0.25222312045270817
2022-23,2023-03-11,Everton,Brentford,H,0,1.074565207716508,1.6325271823271525,0.25007222859974604,0.24633103568664697,0.503596735713607,0.3532608695652174,0.29347826086956524,0.3532608695652174
2022-23,2023-03-11,Bournemouth,Liverpool,H,0,0.8829292242985467,2.4212085113221815,0.11836244350316091,0.16879280719235423,0.7128447493044848,0.12727272727272726,0.19090909090909092,0.6818181818181818
2022-23,2023-03-11,Crystal Palace,Manchester City,A,2,0.7872474458089654,2.475225660458787,0.09859538152176936,0.1583408188546303,0.7430637996236004,0.10512611879576893,0.19918633034987795,0.6956875508543532
2022-23,2023-03-11,Leicester City,Chelsea,A,2,1.1700359115902557,1.3806459959354689,0.3177896758938531,0.2651070799025882,0.4171032442035587,0.2503438789546079,0.26822558459422274,0.4814305364511692
2022-23,2023-03-11,Tottenham,Nottingham Forest,H,0,1.9626241597355258,0.7099303001793769,0.6693776462184621,0.20455612664980588,0.12606622713173202,0.6627466613514053,0.20091688259916285,0.13633645604943193
2022-23,2023-03-11,Leeds United,Brighton and Hove Albion,D,1,1.0085772953986523,1.9629163204318993,0.18894137793349403,0.21540480815627322,0.5956538139102328,0.2522231204527081,0.26273241713823764,0.48504446240905413
2022-23,2023-03-12,Fulham,Arsenal,A,2,0.981409868433227,1.9342651213257729,0.1865704339882842,0.21744550001588972,0.5959840659958261,0.15818639798488665,0.23727959697732998,0.6045340050377834
2022-23,2023-03-12,Manchester United,Southampton,D,1,2.5242161431374806,0.7127237004297967,0.7670520006411922,0.1490496214782975,0.08389837788051034,0.7026858213616489,0.19113054341036853,0.10618363522798249
2022-23,2023-03-12,Newcastle United,Wolverhampton Wanderers,H,0,1.8141551949744206,0.8157308772211828,0.6104755367241456,0.22538546225663483,0.16413900101921952,0.5747126436781609,0.2528735632183908,0.17241379310344826
2022-23,2023-03-12,West Ham,Aston Villa,D,1,1.3820672723732736,1.1761841535913315,0.4161189999509565,0.26472976283165167,0.3191512372173918,0.43220338983050843,0.288135593220339,0.2796610169491525
2022-23,2023-03-15,Brighton and Hove Albion,Crystal Palace,H,0,2.0296455169002074,0.7841812241670283,0.6642808261345254,0.20089723267969745,0.13482194118577712,0.6566604127579737,0.225140712945591,0.11819887429643527
2022-23,2023-03-15,Southampton,Brentford,A,2,1.0506115951020694,1.616584239223966,0.24663100692312565,0.2480141851001373,0.505354807976737,0.32914725541827017,0.29167510633988253,0.3791776382418473
2022-23,2023-03-17,Nottingham Forest,Newcastle United,A,2,1.0506296227610898,1.6760334376123585,0.2375715841101399,0.2425049896367726,0.5199234262530874,0.171161652671968,0.24773397097258523,0.5811043763554469
2022-23,2023-03-18,Chelsea,Everton,D,1,1.9124042961719805,0.9269713070703419,0.6044606200444024,0.21819344726276751,0.17734593269283008,0.6422018348623854,0.22935779816513763,0.12844036697247707
2022-23,2023-03-18,Southampton,Tottenham,D,1,0.8454457232399597,1.6662758184633433,0.1891205331099729,0.24257166154117066,0.5683078053488564,0.19865983445013796,0.2621206148994876,0.5392195506503745
2022-23,2023-03-18,Aston Villa,Bournemouth,H,0,1.6425263928975196,1.1294921659797197,0.4931612315389791,0.24485557578075862,0.2619831926802624,0.5594817432273262,0.2502944640753828,0.19022379269729095
2022-23,2023-03-18,Brentford,Leicester City,D,1,1.9056509722217618,0.9650960260720485,0.5936845494556889,0.21980446557011865,0.1865109849741923,0.49022277901846506,0.2600904188681301,0.24968680211340488
2022-23,2023-03-18,Wolverhampton Wanderers,Leeds United,A,2,1.4239536023761132,1.018916493243431,0.4633690169437633,0.2668360075085501,0.26979497554768656,0.41929720071471116,0.2948183442525313,0.2858844550327576
2022-23,2023-03-19,Arsenal,Crystal Palace,H,0,2.603871151460218,0.61340026961173,0.799823383567742,0.13482743556296836,0.06534918086928967,0.7630057803468208,0.17341040462427745,0.06358381502890173
2022-23,2023-04-01,Arsenal,Leeds United,H,0,2.746905022792326,0.6115278814058864,0.8185271019262316,0.12313145187430559,0.05834144619946282,0.7361963190184049,0.15828220858895706,0.10552147239263804
2022-23,2023-04-01,Bournemouth,Fulham,H,0,1.2466502818674319,1.409769244438448,0.3323777155682017,0.2596206931772893,0.40800159125450886,0.37265577737447064,0.2879612825166364,0.33938294010889286
2022-23,2023-04-01,Brighton and Hove Albion,Brentford,D,1,1.655354598897756,1.0521078612337034,0.5145384149761305,0.24441146951194842,0.2410501155119211,0.5709391949757351,0.2383671139023694,0.19069369112189552
2022-23,2023-04-01,Chelsea,Aston Villa,A,2,1.616633378572182,1.1386251946040409,0.4846795432282372,0.24691411552842063,0.2684063412433422,0.5689677299756157,0.2500463444892837,0.1809859255351006
2022-23,2023-04-01,Crystal Palace,Leicester City,H,0,1.3593904463962472,1.153177831401833,0.4151853896128881,0.26751437075330314,0.31730023963380877,0.3800403225806452,0.2923387096774194,0.3276209677419355
2022-23,2023-04-01,Manchester City,Liverpool,H,0,1.964464925322822,1.1370611281890304,0.56576247818228,0.21766215750340717,0.21657536431431293,0.5848930481283423,0.22560160427807488,0.18950534759358292
2022-23,2023-04-01,Nottingham Forest,Wolverhampton Wanderers,D,1,1.4084213434973312,1.2461114079869693,0.4077677530919002,0.25973758407124065,0.33249466283685913,0.3180446590223295,0.30778515389257693,0.3741701870850936
2022-23,2023-04-02,Newcastle United,Manchester United,H,0,1.5132027898650098,1.3189132792259168,0.4188481357217657,0.24982868476882558,0.3313231795094087,0.39471577261809454,0.27862289831865494,0.3266613290632506
2022-23,2023-04-02,West Ham,Southampton,H,0,1.6290424006657842,1.0278554920067418,0.5138932596048954,0.24702046006089157,0.2390862803342131,0.5474785570898474,0.26309386215706554,0.1894275807530872
2022-23,2023-04-03,Everton,Tottenham,D,1,1.0548779016014578,1.7298548745677995,0.23064179892931252,0.2375402493233687,0.5318179517473187,0.2796610169491525,0.288135593220339,0.43220338983050843
2022-23,2023-04-04,Bournemouth,Brighton and Hove Albion,A,2,1.1483819571352634,1.9970517645187824,0.21468884592601561,0.21512299737128582,0.5701881567026986,0.15747684164093514,0.22496691662990734,0.6175562417291575
2022-23,2023-04-04,Chelsea,Liverpool,D,1,1.2420837102213498,1.5622738442519675,0.3032839669063859,0.24894049042858407,0.44777554266502995,0.43029595015576316,0.27842679127725856,0.29127725856697817
2022-23,2023-04-04,Leeds United,Nottingham Forest,H,0,1.375379499809497,1.1366576659295977,0.4231497018762825,0.2669564413469505,0.309893856776767,0.5576208178438662,0.2527881040892193,0.1895910780669145
2022-23,2023-04-04,Leicester City,Aston Villa,A,2,1.2050157882907713,1.4494636506478864,0.31416360381774594,0.25846551898951725,0.4273708771927368,0.37037037037037035,0.2861952861952861,0.34343434343434337
2022-23,2023-04-05,Manchester United,Brentford,H,0,1.7367400412024163,1.2037883210178681,0.4987199638675051,0.23638226233042473,0.26489777380207014,0.5738880918220947,0.23672883787661403,0.18938307030129126
2022-23,2023-04-05,West Ham,Newcastle United,A,2,1.06862494144313,1.8118201699707965,0.22215451997135038,0.23015207503000895,0.5476934049986406,0.2644026109166588,0.29287673824614513,0.4427206508371961
2022-23,2023-04-08,Leicester City,Bournemouth,A,2,1.5293920839164636,1.1886121852083158,0.4514640386798668,0.25289815134382404,0.2956378099763093,0.5198277142432793,0.25367592455072036,0.2264963612060003
2022-23,2023-04-08,Brentford,Newcastle United,A,2,1.1433855066660008,1.7342756457280724,0.2509841051646651,0.23699370412891455,0.5120221907064204,0.2621286197818729,0.2775479503572772,0.46032342986085
2022-23,2023-04-08,Fulham,West Ham,A,2,1.5326106200789285,1.2438056860567217,0.43998251916885345,0.2510424994376545,0.30897498139349205,0.34174279831277615,0.2944245647002379,0.36383263698698604
2022-23,2023-04-08,Aston Villa,Nottingham Forest,H,0,1.8937874661560812,0.8530824856167581,0.6186851731362629,0.21793106677111698,0.1633837600926202,0.5932203389830508,0.22598870056497172,0.18079096045197737
2022-23,2023-04-08,Wolverhampton Wanderers,Chelsea,H,0,1.1240412239057496,1.675269831015126,0.25547877481834763,0.24212230129898185,0.5023989238826705,0.2273268269459653,0.27279219233515833,0.49988098071887654
2022-23,2023-04-08,Southampton,Manchester City,A,2,0.6503068905930324,2.923396732840465,0.055289538010705255,0.11313285050654283,0.8315776114827519,0.08595988538681948,0.15759312320916904,0.7564469914040115
2022-23,2023-04-08,Tottenham,Brighton and Hove Albion,H,0,1.5120122491225878,1.3404426142860637,0.4139855590878047,0.24909942676065902,0.33691501415153624,0.37410926365795727,0.2725653206650831,0.3533254156769596
2022-23,2023-04-08,Manchester United,Everton,H,0,2.1876889773108648,0.9265014044660701,0.6608617799393697,0.19182836524689115,0.14730985481373912,0.6340391980175715,0.2196440639783735,0.14631673800405498
2022-23,2023-04-09,Leeds United,Crystal Palace,A,2,1.3203421071541686,1.1842057337521004,0.3978897729732027,0.2689989362298567,0.33311129079694046,0.4543429844097996,0.28062360801781744,0.26503340757238314
2022-23,2023-04-09,Liverpool,Arsenal,D,1,1.304718320516101,1.794250827658444,0.27933654514117967,0.23113212410298645,0.4895313307558338,0.332216638749302,0.2657733109994416,0.40201005025125625
2022-23,2023-04-15,Southampton,Crystal Palace,A,2,1.110980375051026,1.517576247066695,0.2779255950244659,0.2558806524839919,0.46619375249154216,0.34010564811052413,0.30719219829337663,0.3527021535960991
2022-23,2023-04-15,Tottenham,Bournemouth,A,2,2.054756458336181,0.9171702360885857,0.6368416442460506,0.20395627417246137,0.15920208158148802,0.6538661131292164,0.21069019200830302,0.13544369486248053
2022-23,2023-04-15,Aston Villa,Newcastle United,H,0,1.235710292015231,1.6921418827955983,0.2796643277906802,0.23943824373844702,0.4808974284708728,0.2621286197818729,0.2775479503572772,0.46032342986085
2022-23,2023-04-15,Chelsea,Brighton and Hove Albion,A,2,1.4164097902403796,1.3555311318052903,0.3867865988279604,0.2541526194134369,0.3590607817586026,0.3605514316012725,0.2788971367974549,0.3605514316012725
2022-23,2023-04-15,Everton,Fulham,A,2,1.3618723469440033,1.2622011077617454,0.3921862300304214,0.2621178312328923,0.34569593873668625,0.4636078864934587,0.2795282845034089,0.2568638290031325
2022-23,2023-04-15,Manchester City,Leicester City,H,0,3.2825569018431264,0.5309023294854127,0.8866475549671105,0.08146402067196803,0.031888424360921507,0.8263659342796034,0.11083025471514679,0.06280381100524984
2022-23,2023-04-15,Wolverhampton Wanderers,Brentford,H,0,1.2291221558471668,1.2806524642254302,0.353081236554712,0.26932283399490814,0.37759592945037984,0.3835842441740565,0.303155289750464,0.3132604660754795
2022-23,2023-04-16,Nottingham Forest,Manchester United,A,2,0.9589786882236297,1.7796680458340486,0.20119111255502592,0.2320613888644523,0.5667474985805218,0.17330837122225196,0.23829901043059643,0.5883926183471516
2022-23,2023-04-16,West Ham,Arsenal,D,1,0.9108134984964981,2.331543659722663,0.13085496210661662,0.17811820265298473,0.6910268352403987,0.15874177029992684,0.22677395757132407,0.6144842721287491
2022-23,2023-04-17,Leeds United,Liverpool,A,2,0.9867878810889462,2.2349254808436454,0.1540696558509554,0.1901290541302135,0.6558012900188311,0.2258485639686684,0.2258485639686684,0.5483028720626633
2022-23,2023-04-21,Arsenal,Southampton,D,1,3.288178124010815,0.5981252057071083,0.8764042251684264,0.08622178655211263,0.03737398827946092,0.7913043478260869,0.13565217391304346,0.07304347826086957
2022-23,2023-04-22,Brentford,Aston Villa,D,1,1.2474661098855602,1.4068453944848893,0.3331471166791254,0.25978616491180895,0.40706671840906566,0.3791776382418473,0.29167510633988253,0.32914725541827017
2022-23,2023-04-22,Crystal Palace,Everton,D,1,1.899815164753136,0.9648450138321215,0.5924626668527756,0.22036333217709014,0.1871740009701342,0.4571863987046386,0.2928850366701591,0.2499285646252024
2022-23,2023-04-22,Fulham,Leeds United,H,0,1.7689057347290882,1.1315199238670248,0.5229338659830868,0.2341062457821482,0.24295988823476508,0.41349548842683415,0.2797175362887407,0.3067869752844253
2022-23,2023-04-22,Leicester City,Wolverhampton Wanderers,H,0,1.2573099838204325,1.1967840197698683,0.3781092991434022,0.2728555680391376,0.34903513281746024,0.39768618944323936,0.28681610026512416,0.31549771029163654
2022-23,2023-04-22,Liverpool,Nottingham Forest,H,0,2.5920311190905196,0.7001796527369554,0.7796049945024532,0.1423763752469279,0.07801863025061889,0.8164441456152147,0.12736528671597347,0.05619056766881183
2022-23,2023-04-23,Bournemouth,West Ham,A,2,1.518630158022704,1.2970542978212765,0.4248847343548136,0.2502594783304851,0.32485578731470127,0.33009708737864074,0.29708737864077667,0.37281553398058254
2022-23,2023-04-23,Newcastle United,Tottenham,H,0,1.7121585753416761,1.1188481927901066,0.5124804181447189,0.23899332765245693,0.24852625420282412,0.5198277142432793,0.25367592455072036,0.2264963612060003
2022-23,2023-04-25,Aston Villa,Fulham,H,0,1.6788956381575484,0.9554589291926621,0.5437368527170581,0.2421762601553559,0.21408688712758606,0.5393258426966292,0.23595505617977527,0.2247191011235955
2022-23,2023-04-25,Leeds United,Leicester City,D,1,1.391081764726188,1.2868960353873078,0.3945784698983576,0.25900545347064174,0.3464160766310006,0.41257367387033406,0.27111984282907664,0.3163064833005894
2022-23,2023-04-25,Wolverhampton Wanderers,Crystal Palace,H,0,1.2510152579428007,1.2929463457953065,0.3564682424053827,0.26723174367365854,0.3763000139209588,0.3872529245663574,0.2964905203711174,0.3162565550625252
2022-23,2023-04-26,Chelsea,Brentford,A,2,1.5447447557592624,1.1545991408022118,0.46305829667886766,0.25255361106446156,0.28438809225667083,0.5608856088560886,0.23837638376383766,0.2007380073800738
2022-23,2023-04-26,Manchester City,Arsenal,H,0,1.9508691424805442,1.164038756304279,0.5565719615220676,0.21911945682334144,0.2243085816545911,0.6098741529525653,0.21006776379477252,0.18005808325266215
2022-23,2023-04-26,Nottingham Forest,Brighton and Hove Albion,H,0,0.950729927690966,2.0464881832355135,0.16698366058220518,0.20593045175101699,0.6270858876667779,0.15747684164093514,0.22496691662990734,0.6175562417291575
2022-23,2023-04-26,West Ham,Liverpool,A,2,1.1251761349681029,1.906193801867813,0.22186097370946573,0.22242008474025154,0.5557189415502827,0.24342105263157898,0.24342105263157898,0.513157894736842
2022-23,2023-04-27,Southampton,Bournemouth,A,2,1.2442537565644387,1.5233843350421818,0.31074099133694694,0.2516935002244105,0.4375655084386425,0.42285270112708895,0.27982899339292655,0.29731830547998445
2022-23,2023-04-27,Tottenham,Manchester United,D,1,1.3318219279606713,1.5888541615977567,0.3206941151574251,0.24452600324325738,0.4347798815993175,0.33962264150943394,0.2641509433962264,0.39622641509433965
2022-23,2023-04-27,Everton,Newcastle United,A,2,0.9312173410297458,2.2696971406471027,0.14024002118874693,0.18460900979685374,0.6751509690143994,0.19742911033269403,0.26049674280008245,0.5420741468672235
2022-23,2023-04-29,Brentford,Nottingham Forest,H,0,1.9408165796405417,0.8770097014008459,0.6228816144727748,0.21383534807817609,0.16328303744904915,0.5766312594840667,0.25037936267071315,0.17298937784522
2022-23,2023-04-29,Brighton and Hove Albion,Wolverhampton Wanderers,H,0,2.0147071185583085,0.8446627259010436,0.646312894380918,0.2051012469006551,0.14858585871842692,0.6340391980175715,0.2196440639783735,0.14631673800405498
2022-23,2023-04-29,Crystal Palace,West Ham,H,0,1.496977857708683,1.1009856541373582,0.46322262904232775,0.2579132594817727,0.27886411147589957,0.36158592090624053,0.2926064529179731,0.34580762617578636
2022-23,2023-04-30,Bournemouth,Leeds United,H,0,1.6631091275041152,1.1506748039306054,0.49326918668243463,0.24287104493854955,0.2638597683790157,0.37410926365795727,0.2725653206650831,0.3533254156769596
2022-23,2023-04-30,Fulham,Manchester City,A,2,0.7620864328988707,2.461199690270526,0.09559550664936538,0.15793017624056843,0.7464743171100662,0.07936507936507936,0.15873015873015872,0.7619047619047619
2022-23,2023-04-30,Liverpool,Tottenham,H,0,2.0700337470433214,1.0315330734578858,0.6127560136038465,0.206290534313338,0.18095345208281557,0.6226312939902545,0.21169463995668653,0.16567406605305904
2022-23,2023-04-30,Manchester United,Aston Villa,H,0,1.7628211985823607,1.0704279609759662,0.5358891794000924,0.2345751958217652,0.2295356247781423,0.5495481697043957,0.2437739316893858,0.20667789860621838
2022-23,2023-04-30,Newcastle United,Southampton,H,0,2.848011415488582,0.6054790611200515,0.8316619350219371,0.11504378763579005,0.05329427734227271,0.7258900795022467,0.1797442101624611,0.09436571033529209
2022-23,2023-05-01,Leicester City,Everton,D,1,1.669335932417347,1.049159152331166,0.5186497803412221,0.24313063035429636,0.23821958930448148,0.4751131221719457,0.27149321266968324,0.25339366515837103
2022-23,2023-05-02,Arsenal,Chelsea,H,0,2.220738668537899,0.9182447950337165,0.6690660835436442,0.18843199154009582,0.14250192491626,0.5913978494623655,0.23655913978494622,0.17204301075268816
2022-23,2023-05-03,Liverpool,Fulham,H,0,2.5720015885330807,0.7401679224351944,0.768098529818574,0.14689951435344062,0.08500195582798542,0.7512991833704529,0.1633259094283593,0.08537490720118782
2022-23,2023-05-03,Manchester City,West Ham,H,0,3.120760360358966,0.665371548121689,0.8496876967044633,0.10116676319741698,0.049145540098119625,0.7913043478260869,0.13565217391304346,0.07304347826086957
2022-23,2023-05-04,Brighton and Hove Albion,Manchester United,H,0,1.4334170360729765,1.6301929788571672,0.33775859947805514,0.23889963759449417,0.4233417629274506,0.48143053645116923,0.2682255845942228,0.25034387895460797
2022-23,2023-05-06,Wolverhampton Wanderers,Aston Villa,H,0,1.0592776184259114,1.4243345126220903,0.2804739293358189,0.2655844143989461,0.45394165626523497,0.33060831930752577,0.28853089685020433,0.38086078384226973
2022-23,2023-05-06,Manchester City,Leeds United,H,0,3.7627282920681187,0.5438507880845215,0.9176290726946233,0.05973226885689961,0.022638658448477022,0.8226071808768025,0.11322945901480692,0.06416336010839059
2022-23,2023-05-06,Bournemouth,Chelsea,A,2,1.421044868212908,1.1483370665388335,0.4326146686814755,0.2627937370583684,0.30459159426015603,0.28754298815437523,0.2711119602598395,0.44134505158578524
2022-23,2023-05-06,Liverpool,Brentford,H,0,2.1476926391771722,0.894641445930879,0.6607024758115859,0.19416783950299554,0.14512968468541856,0.6544502617801047,0.18848167539267016,0.15706806282722513
2022-23,2023-05-06,Tottenham,Crystal Palace,H,0,1.7046499254607184,1.1290807914078282,0.5082955091095454,0.2395769097505593,0.25212758113989536,0.5256916996047432,0.24901185770750986,0.225296442687747
2022-23,2023-05-07,Newcastle United,Arsenal,A,2,1.6292993459010874,1.4447343815381335,0.42078695417298867,0.23859006472459676,0.34062298110241457,0.38686331810069224,0.25275070115911896,0.3603859807401887
2022-23,2023-05-07,West Ham,Manchester United,H,0,1.0914217944176123,2.1873673056934133,0.17951366638200675,0.19796400375215584,0.6225223298658374,0.2804889172671714,0.25430995165556874,0.4652011310772599
2022-23,2023-05-08,Brighton and Hove Albion,Everton,A,2,2.5228397965443574,0.8720786487418404,0.731853224619501,0.15954271635898115,0.10860405902151786,0.7137192704203014,0.18080888183980967,0.10547184773988898
2022-23,2023-05-08,Fulham,Leicester City,H,0,1.595832386585057,1.281325471699303,0.44743017920667144,0.24548683151537531,0.30708298927795324,0.3619297617627173,0.2719643638388418,0.3661058743984409
2022-23,2023-05-08,Nottingham Forest,Southampton,H,0,1.662253723443238,1.0406901666751647,0.5189551571354076,0.24382338311608245,0.23722145974850997,0.45434298440979953,0.2650334075723831,0.2806236080178174
2022-23,2023-05-13,Aston Villa,Tottenham,H,0,1.403768170537509,1.2425884354610919,0.4073175805980671,0.26021611312866655,0.33246630627326634,0.41651705565529623,0.26032315978456017,0.32315978456014366
2022-23,2023-05-13,Chelsea,Nottingham Forest,D,1,1.802059618028596,1.0347478558673027,0.5535334086213635,0.23076387525618788,0.21570271612244865,0.631578947368421,0.21052631578947367,0.15789473684210525
2022-23,2023-05-13,Crystal Palace,Bournemouth,H,0,1.4365484353400437,1.0879674835990971,0.45049058803746433,0.2635797382872592,0.2859296736752765,0.5143906919779547,0.2614819350887937,0.2241273729332517
2022-23,2023-05-13,Leeds United,Newcastle United,D,1,0.8927829535690786,2.531326515476353,0.11126734805451512,0.16006033354720242,0.7286723183982825,0.21843546363997918,0.22519656132407379,0.556367975035947
2022-23,2023-05-13,Manchester United,Wolverhampton Wanderers,H,0,2.1230024997699286,0.8159125897290365,0.6748453635107241,0.19289245438933847,0.13226218209993731,0.6880733944954128,0.1871559633027523,0.12477064220183487
2022-23,2023-05-13,Southampton,Fulham,A,2,1.137925751976094,1.4533200534165074,0.2960556147676757,0.2605289579511949,0.44341542728112937,0.34090909090909083,0.28409090909090906,0.37499999999999994
2022-23,2023-05-14,Arsenal,Brighton and Hove Albion,A,2,2.1317633628685417,1.2295156038644754,0.5800437375395264,0.2057900325530078,0.21416622990746587,0.5483028720626633,0.2258485639686684,0.2258485639686684
2022-23,2023-05-14,Brentford,West Ham,H,0,1.6025114151338213,1.103163118109005,0.4894351466760846,0.24865697532322606,0.26190787800068926,0.4701492537313433,0.26865671641791045,0.2611940298507463
2022-23,2023-05-14,Everton,Manchester City,A,2,0.753403279681341,3.072040672407299,0.06044163350808146,0.11068559570975514,0.8288727707821634,0.10512611879576893,0.19918633034987795,0.6956875508543532
2022-23,2023-05-15,Leicester City,Liverpool,A,2,0.9982626016145988,2.383173385057123,0.1417024972575179,0.17793444398072977,0.6803630587617523,0.17997199064943042,0.2182108431661685,0.6018171661844011
2022-23,2023-05-18,Newcastle United,Brighton and Hove Albion,H,0,2.038192759147307,1.3899129705960664,0.5250939432703204,0.21410173489188702,0.26080432183779245,0.4767025089605736,0.2508960573476703,0.2724014336917563
2022-23,2023-05-20,Bournemouth,Manchester United,A,2,1.0260663492537336,1.7450621447135641,0.22163571603016471,0.236035129200143,0.5423291547696922,0.1596638655462185,0.20168067226890757,0.638655462184874
2022-23,2023-05-20,Fulham,Crystal Palace,D,1,1.3559740879762427,1.0597352967200193,0.4354702217165965,0.271797381983602,0.2927323962998015,0.3898003558015417,0.2808855505040522,0.329314093694406
2022-23,2023-05-20,Liverpool,Aston Villa,D,1,1.9708574989374987,0.8297656402950001,0.6409289428810021,0.20902176148356416,0.15004929563543384,0.6570302233902761,0.19053876478318005,0.15243101182654403
2022-23,2023-05-20,Nottingham Forest,Arsenal,H,0,0.9270909271286325,2.1433962336220587,0.15189200161034203,0.1959522343184868,0.6521557640711712,0.17997199064943042,0.2182108431661685,0.6018171661844011
2022-23,2023-05-20,Tottenham,Brentford,A,2,1.5352473563037907,1.2965800966344427,0.42913494681609726,0.2491680008892757,0.3216970522946269,0.5190138736400838,0.24353727916957785,0.23744884719033837
2022-23,2023-05-20,Wolverhampton Wanderers,Everton,D,1,1.5204773108579948,1.305732967602508,0.4234821894213038,0.24983204552302002,0.32668576505567615,0.3458980044345898,0.28824833702882485,0.3658536585365853
2022-23,2023-05-21,Brighton and Hove Albion,Southampton,H,0,2.6998421431752493,0.8221363878802417,0.7690444519312489,0.1421046871343977,0.08885086093435335,0.7780921584478578,0.13561034761519808,0.08629749393694423
2022-23,2023-05-21,Manchester City,Chelsea,H,0,2.939254395817515,0.5864321068381881,0.8453165382851767,0.10705017793044881,0.04763328378437445,0.7564469914040115,0.15759312320916904,0.08595988538681948
2022-23,2023-05-21,West Ham,Leeds United,H,0,1.6878193571784157,1.1835985028282734,0.49167070629501264,0.24046783848293574,0.26786145522205157,0.3969754253308129,0.27221172022684315,0.3308128544423441
2022-23,2023-05-22,Newcastle United,Leicester City,D,1,2.8923386142147023,0.9331323029148048,0.7729704797377116,0.13493919563829998,0.09209032462398836,0.6936936936936937,0.17153153153153156,0.13477477477477479
2022-23,2023-05-24,Brighton and Hove Albion,Manchester City,D,1,0.9923527494503616,2.2050831371892143,0.15820936809668162,0.19297816165162668,0.6488124702516916,0.23755780233560622,0.21945293518300807,0.5429892624813857
2022-23,2023-05-25,Manchester United,Chelsea,H,0,1.9805459785514956,0.8558397023687151,0.6364966605744057,0.2090258636111177,0.15447747581447668,0.5918858330143802,0.2187107004210181,0.1894034665646017
2022-23,2023-05-28,Crystal Palace,Nottingham Forest,D,1,1.5900723583723082,1.1437429859246806,0.4769141331499537,0.24904651482589088,0.27403935202415536,0.5709391949757351,0.2383671139023694,0.19069369112189552
2022-23,2023-05-28,Brentford,Manchester City,H,0,0.9163613766832951,2.0037511647734463,0.16460124586306998,0.2088717314104708,0.6265270227264593,0.2483544819162652,0.23593675782045195,0.5157087602632829
2022-23,2023-05-28,Arsenal,Wolverhampton Wanderers,H,0,2.2623104622184855,0.7187648137397101,0.7236460875263108,0.17359808923302353,0.10275582324066568,0.6997667444185273,0.18127290903032325,0.11896034655114963
2022-23,2023-05-28,Chelsea,Newcastle United,D,1,1.077647724831857,2.283141975823809,0.16629678251492988,0.18954842067504812,0.644154796810022,0.3281853281853282,0.2719249862107005,0.39988968560397137
2022-23,2023-05-28,Aston Villa,Brighton and Hove Albion,H,0,1.4756449449568143,1.3172255220624343,0.4097804264353226,0.25228486924059335,0.33793470432408407,0.4701492537313433,0.2611940298507463,0.26865671641791045
2022-23,2023-05-28,Everton,Bournemouth,H,0,1.5708139421828535,1.279800183922729,0.441602439051543,0.2472677851040349,0.31112977584442203,0.639344262295082,0.21311475409836067,0.1475409836065574
2022-23,2023-05-28,Manchester United,Fulham,H,0,2.2478226325287847,0.8837062353177914,0.6821809990414989,0.18430376531998857,0.13351523563851248,0.6264014466546112,0.21699819168173598,0.1566003616636528
2022-23,2023-05-28,Leeds United,Tottenham,A,2,1.0694025823493605,1.827954401112388,0.22008445529942827,0.22870860612532398,0.5512069385752477,0.34254360180286103,0.24789339604154412,0.4095630021555947
2022-23,2023-05-28,Southampton,Liverpool,D,1,0.6989830461524477,2.5533581065805886,0.08011006017357775,0.14556224377864024,0.774327696047782,0.14530005310674457,0.19883165161975572,0.6558682952734998
2022-23,2023-05-28,Leicester City,West Ham,H,0,1.4835954189779632,1.4303558738282804,0.3883624054825615,0.24698978182879433,0.3646478126886441,0.4918386424102969,0.24721363342201763,0.2609477241676853
2023-24,2023-08-11,Burnley,Manchester City,A,2,0.9442598132503555,1.824386906798167,0.1920106993458851,0.22736099837959783,0.5806283022745171,0.11806956662093454,0.17173755144863206,0.7101928819304333
2023-24,2023-08-12,Arsenal,Nottingham Forest,H,0,2.1254085479335854,0.8280676960239424,0.6723675436151851,0.19324840697556897,0.1343840494092458,0.8017715332926084,0.13515577275503968,0.06307269395235185
2023-24,2023-08-12,Bournemouth,West Ham,D,1,1.4187009565053113,1.1760933312291582,0.4257837560486077,0.2619134415183793,0.31230280243301306,0.35051546391752575,0.27835051546391754,0.3711340206185567
2023-24,2023-08-12,Everton,Fulham,A,2,1.5852044044794107,1.3719272214338705,0.4253586664466821,0.2435013883122574,0.3311399452410605,0.43220338983050843,0.2796610169491525,0.288135593220339
2023-24,2023-08-12,Newcastle United,Aston Villa,H,0,1.7719244734117052,1.1008081243950092,0.5308343971480511,0.23383672961144716,0.2353288732405017,0.5413887799136916,0.2526480972930561,0.20596312279325227
2023-24,2023-08-12,Sheffield United,Crystal Palace,A,2,1.2988054298334906,1.1963935270901105,0.3894530805735887,0.26992122855710216,0.3406256908693092,0.31549771029163654,0.28681610026512416,0.39768618944323936
2023-24,2023-08-13,Brentford,Tottenham,D,1,1.5456118344588254,1.1554825981243886,0.46307527946310595,0.25246164032253027,0.2844630802143638,0.3411487662537115,0.2759291491757961,0.3829220845704924
2023-24,2023-08-13,Chelsea,Liverpool,D,1,1.1154558949930546,1.876423234256474,0.223798983106506,0.22486328875352365,0.5513377281399703,0.3255813953488372,0.27770177838577287,0.39671682626538984
2023-24,2023-08-14,Manchester United,Wolverhampton Wanderers,H,0,2.6028221957394586,0.7744501534193291,0.765209921687948,0.14668908123524,0.08810099707681207,0.7196336410554626,0.17402049865523006,0.10634586028930725
2023-24,2023-08-18,Nottingham Forest,Sheffield United,H,0,1.4287371438874683,1.0318887311211622,0.46156227278790996,0.26600341751631723,0.2724343096957727,0.48519443453442745,0.27827327863003926,0.23653228683553335
2023-24,2023-08-19,Fulham,Brentford,A,2,1.4187594420705851,1.4795441153774247,0.3625687389169836,0.24772281824253636,0.38970844284047995,0.3515188335358444,0.28760631834750905,0.3608748481166464
2023-24,2023-08-19,Liverpool,Bournemouth,H,0,2.289703145348214,0.7284024260589059,0.7260821299554326,0.171551524706443,0.10236634533812437,0.7913043478260869,0.13565217391304346,0.07304347826086957
2023-24,2023-08-19,Manchester City,Newcastle United,H,0,1.827126611833274,1.3121892455056476,0.49543491261237366,0.2287479741068993,0.2758171132807271,0.5709391949757351,0.2383671139023694,0.19069369112189552
2023-24,2023-08-19,Tottenham,Manchester United,H,0,1.308334994963932,1.7826764840843865,0.2820369725695765,0.23190628882805261,0.48605673860237086,0.33849557522123896,0.26327433628318586,0.39823008849557523
2023-24,2023-08-19,Wolverhampton Wanderers,Brighton and Hove Albion,A,2,1.2211537279392046,1.834952343018759,0.2537867989450637,0.22862774195510702,0.5175854590998292,0.23725953425582186,0.249746878164023,0.5129935875801553
2023-24,2023-08-20,Aston Villa,Everton,H,0,1.9077659345813371,1.1737665043363608,0.5448259691874685,0.22271763932213984,0.2324563914903916,0.5546995377503853,0.2357473035439137,0.20955315870570107
2023-24,2023-08-20,West Ham,Chelsea,H,0,1.491189748500045,1.351900962799644,0.40638334471323456,0.24991990881095402,0.3436967464758115,0.25339366515837103,0.27149321266968324,0.4751131221719457
2023-24,2023-08-21,Crystal Palace,Arsenal,A,2,1.1142680278035466,1.351432551669516,0.30833690382626516,0.26989659765294605,0.4217664985207888,0.17204301075268816,0.23655913978494622,0.5913978494623655
2023-24,2023-08-25,Chelsea,Luton Town,H,0,1.9750852638172045,1.4016139448097245,0.5089525060862151,0.21825366733031806,0.27279382658346685,0.7397444519166108,0.17350369872225962,0.08675184936112981
2023-24,2023-08-26,Arsenal,Fulham,D,1,2.1063269088363024,0.8772436613162817,0.6567870893766065,0.1973717212142746,0.14584118940911897,0.7913043478260869,0.13565217391304346,0.07304347826086957
2023-24,2023-08-26,Bournemouth,Tottenham,A,2,1.1076372061019282,1.6373167444089793,0.2574532775846958,0.2455627521048431,0.49698397031046115,0.24982124483353968,0.25315219476465356,0.49702656040180676
2023-24,2023-08-26,Brentford,Crystal Palace,D,1,1.9175137829354914,1.007716581887736,0.5859981803501022,0.219603277656878,0.19439854199301984,0.44510940714419295,0.2814662427529456,0.27342435010286137
2023-24,2023-08-26,Brighton and Hove Albion,West Ham,A,2,2.1847462623932454,1.0874465145353966,0.6229147998057706,0.19806028215135452,0.1790249180428749,0.619757688723206,0.1996272134203169,0.18061509785647717
2023-24,2023-08-26,Everton,Wolverhampton Wanderers,A,2,1.6360217267447659,1.1883595821648822,0.4780309577485315,0.24452397010247673,0.27744507214899183,0.41395531164249316,0.2885143081144649,0.2975303802430419
2023-24,2023-08-26,Manchester United,Nottingham Forest,H,0,2.2183906166470675,0.9221788825123023,0.6677036459176239,0.1888250532119065,0.14347130087046966,0.7250755287009064,0.1570996978851964,0.1178247734138973
2023-24,2023-08-27,Sheffield United,Manchester City,A,2,0.7945002761652556,1.9113194103859468,0.14882466382553305,0.21398823710315923,0.6371870990713078,0.07280080889787664,0.11830131445904954,0.8088978766430739
2023-24,2023-08-27,Burnley,Aston Villa,A,2,1.2446616172599239,1.6440119791121641,0.28983037263988404,0.24287616991553945,0.4672934574445764,0.2792207792207792,0.2792207792207792,0.44155844155844154
2023-24,2023-08-27,Newcastle United,Liverpool,A,2,1.5961574621217307,1.4493280118165874,0.4119114363363,0.2402503754027693,0.34783818826093066,0.4310344827586207,0.25287356321839083,0.3160919540229885
2023-24,2023-09-01,Luton Town,West Ham,A,2,1.3349463124295828,1.8957375184001186,0.27024405505452886,0.22382043089663967,0.5059355140488315,0.20017356089094587,0.25021695111368236,0.5496094879953717
2023-24,2023-09-02,Brentford,Bournemouth,D,1,2.0715096190916262,0.8203183221498783,0.6637215195196653,0.1982724819631625,0.13800599851717218,0.5496094879953717,0.25021695111368236,0.20017356089094587
2023-24,2023-09-02,Brighton and Hove Albion,Newcastle United,H,0,1.5930985505250128,1.5804055209556427,0.38502770748422227,0.23538588473817346,0.3795864077776043,0.37903383532172885,0.24936436534324266,0.37160179933502835
2023-24,2023-09-02,Burnley,Tottenham,A,2,1.1247794344625,1.7332167268083378,0.2467344993819215,0.2371615651467439,0.5161039354713346,0.26001405481377377,0.23401264933239635,0.5059732958538299
2023-24,2023-09-02,Chelsea,Nottingham Forest,A,2,1.7330249034162974,1.0752558297984702,0.5277182841215609,0.23726633205330058,0.23501538382513865,0.6775907883082374,0.21080602302922938,0.11160318866253321
2023-24,2023-09-02,Manchester City,Fulham,H,0,2.782978911015221,0.7442831939355568,0.796246006687668,0.13035031566845426,0.07340367764387767,0.8168266285480907,0.11946089442515825,0.06371247702675106
2023-24,2023-09-02,Sheffield United,Everton,D,1,1.4121362893090155,1.2797010733879743,0.4015425123420234,0.2579804630313087,0.3404770246266679,0.3276209677419355,0.2923387096774194,0.3800403225806452
2023-24,2023-09-03,Arsenal,Manchester United,H,0,1.7600480777080822,1.4749545921812064,0.44516579722238897,0.23045714735280393,0.3243770554248071,0.540711462450593,0.24901185770750991,0.21027667984189727
2023-24,2023-09-03,Crystal Palace,Wolverhampton Wanderers,H,0,1.7143065369438089,1.0993691371979863,0.5175647108511086,0.23888934004587137,0.24354594910302008,0.49507489008152494,0.2865433454714281,0.2183817644470468
2023-24,2023-09-03,Liverpool,Aston Villa,H,0,1.9322562543860273,1.2623659659072297,0.5301485116464902,0.2212498445798993,0.2486016437736105,0.5769230769230769,0.2115384615384615,0.2115384615384615
2023-24,2023-09-16,Aston Villa,Crystal Palace,H,0,1.757238166222238,1.1856123581492743,0.5076970453038175,0.23488717380299398,0.2574157808931885,0.49799419006778256,0.2642135841748513,0.23779222575736617
2023-24,2023-09-16,Manchester United,Brighton and Hove Albion,A,2,1.907962882912116,1.4027693612746468,0.4939321070071841,0.2225969528591618,0.283470940133654,0.4378230465186987,0.23532988750380054,0.32684706597750074
2023-24,2023-09-16,Tottenham,Sheffield United,H,0,2.239536748956783,0.8218681882820766,0.6951988120854062,0.18187071943824984,0.12293046847634387,0.7397444519166108,0.17350369872225962,0.08675184936112981
2023-24,2023-09-16,Fulham,Luton Town,H,0,1.7633731346613344,1.3106451624365607,0.4810630393632554,0.23322672961450075,0.28571023102224374,0.5717651950932151,0.2546261002148451,0.17360870469193984
2023-24,2023-09-16,Wolverhampton Wanderers,Liverpool,A,2,1.0156356399941873,2.3673452205305385,0.14631310348534673,0.18004513240559544,0.6736417641090579,0.15778019586507072,0.18933623503808486,0.6528835690968444
2023-24,2023-09-16,West Ham,Manchester City,A,2,0.9765458774112576,2.0685025392194047,0.16982753975984863,0.20473561157387565,0.6254368486662757,0.13544369486248053,0.21069019200830302,0.6538661131292164
2023-24,2023-09-16,Newcastle United,Brentford,H,0,1.582480548200204,1.335976249897992,0.43233141320239843,0.2448101267400303,0.3228584600575713,0.6175562417291575,0.22496691662990734,0.15747684164093514
2023-24,2023-09-17,Bournemouth,Chelsea,D,1,1.2837869113939593,1.6976826000178642,0.29022933051082533,0.23826032764078056,0.4715103418483941,0.21928755908581452,0.25320403489108717,0.5275084060230983
2023-24,2023-09-17,Everton,Arsenal,A,2,0.9727804889551491,2.154378661968531,0.15972027277747072,0.1967523677792409,0.6435273594432884,0.15789473684210528,0.2105263157894737,0.6315789473684211
2023-24,2023-09-18,Nottingham Forest,Burnley,D,1,1.5118051775166483,1.0853145588611781,0.4706920711317336,0.2569893858549041,0.2723185430133622,0.43374642516682554,0.2726406101048618,0.2936129647283127
2023-24,2023-09-23,Brentford,Everton,A,2,2.1054649029334205,0.9792835442739454,0.6322792403276745,0.20143516180918308,0.16628559786314237,0.5256916996047432,0.24901185770750986,0.225296442687747
2023-24,2023-09-23,Burnley,Manchester United,A,2,1.1235258182281012,1.7211854410793765,0.24826473339575883,0.2381960428977074,0.5135392237065338,0.2258485639686684,0.2258485639686684,0.5483028720626633
2023-24,2023-09-23,Crystal Palace,Fulham,D,1,1.6238139079897556,1.140240458572567,0.48607574381205165,0.24628739071973463,0.26763686546821375,0.4959022086400889,0.2785803583831088,0.22551743297680232
2023-24,2023-09-23,Luton Town,Wolverhampton Wanderers,D,1,1.6087653596092317,1.4035152135493003,0.4244292375779748,0.2410787907637518,0.3344919716582735,0.29127725856697817,0.27842679127725856,0.43029595015576316
2023-24,2023-09-23,Manchester City,Nottingham Forest,H,0,2.9994434043181806,0.6285423643430985,0.8438806706490568,0.10624786014664934,0.04987146920429398,0.8263659342796034,0.11083025471514679,0.06280381100524984
2023-24,2023-09-24,Chelsea,Aston Villa,A,2,1.467138465434294,1.5283277534496678,0.3649898687651412,0.24310039500471792,0.3919097362301409,0.49702656040180676,0.25315219476465356,0.24982124483353968
2023-24,2023-09-24,Liverpool,West Ham,H,0,2.3635213818674945,0.9236383420630425,0.6937424947201621,0.175971786128621,0.1302857191512168,0.6756756756756757,0.1891891891891892,0.13513513513513511
2023-24,2023-09-24,Arsenal,Tottenham,D,1,1.7907210772168929,1.1418405639662026,0.5256140174729288,0.23226076504794227,0.24212521747912893,0.5645371577574968,0.21773142112125163,0.21773142112125163
2023-24,2023-09-24,Brighton and Hove Albion,Bournemouth,H,0,2.4152172211937324,0.9588447032355466,0.6947984106961799,0.17334033989551753,0.13186124940830254,0.6942607775720708,0.1798466014281936,0.12589262099973553
2023-24,2023-09-24,Sheffield United,Newcastle United,A,2,1.0168956510092537,1.8125882291414852,0.2101572321388796,0.22959414782113102,0.5602486200399893,0.13633645604943193,0.20091688259916285,0.6627466613514053
2023-24,2023-09-30,Bournemouth,Arsenal,A,2,0.9298523464669616,2.291242897563512,0.13796470234475844,0.1826258671994547,0.679409430455787,0.17191011235955056,0.21011235955056176,0.6179775280898876
2023-24,2023-09-30,Aston Villa,Brighton and Hove Albion,H,0,1.6465949671351048,1.325733325703919,0.4500998468907459,0.2409031535012463,0.3089969996080078,0.3731343283582089,0.25373134328358204,0.3731343283582089
2023-24,2023-09-30,Everton,Luton Town,A,2,1.5987143038999558,1.302437903027983,0.44353273305436547,0.24471841585668447,0.31174885108894995,0.6043404859191113,0.24968804286658017,0.14597147121430842
2023-24,2023-09-30,Manchester United,Crystal Palace,A,2,1.8270551064857075,0.9742900871581045,0.5738827736297967,0.2276179231309978,0.19849930323920545,0.6102722850464338,0.2252195337671363,0.16450818118642999
2023-24,2023-09-30,Newcastle United,Burnley,H,0,2.1480511570047365,0.7656896133596115,0.6917843557148327,0.18775929369899025,0.12045635058617703,0.7296439901304195,0.16496298907296442,0.10539302079661615
2023-24,2023-09-30,Wolverhampton Wanderers,Manchester City,H,0,0.7930302263623255,2.843195886560311,0.07646707984340084,0.12929392136528392,0.7942389987913153,0.11895780672759089,0.16550651370795255,0.7155356795644564
2023-24,2023-09-30,West Ham,Sheffield United,H,0,1.9766999693056337,1.0810811441053843,0.5814550742438339,0.21570282562480564,0.2028421001313606,0.6538661131292164,0.21069019200830302,0.13544369486248053
2023-24,2023-09-30,Tottenham,Liverpool,H,0,1.4351254271693321,1.832079646125863,0.30302813780365334,0.22698631968080304,0.46998554251554364,0.3253262719878949,0.23586154719122376,0.4388121808208814
2023-24,2023-10-01,Nottingham Forest,Brentford,D,1,1.2540315580175523,1.484357448774177,0.3203089054866265,0.2541335790587991,0.4255575154545745,0.34416118421052627,0.30530427631578944,0.3505345394736841
2023-24,2023-10-02,Fulham,Chelsea,A,2,1.4557661152508423,1.360069619124459,0.39580127030892853,0.25166808719600553,0.352530642495066,0.2642238998342847,0.2717731541152642,0.46400294605045117
2023-24,2023-10-03,Luton Town,Burnley,A,2,1.6231885644102684,1.135075819358866,0.4871175306582443,0.24641641592542796,0.26646605341632773,0.3258041871412644,0.31494404756988886,0.35925176528884667
2023-24,2023-10-07,Burnley,Chelsea,A,2,1.2667653892447426,1.481807193969688,0.32401335889805066,0.2538419269554839,0.4221447141464655,0.20897040592517244,0.24746495438507263,0.543564639689755
2023-24,2023-10-07,Crystal Palace,Nottingham Forest,D,1,1.6066842758806372,0.9529624699522814,0.5266077865369317,0.2495655251479716,0.22382668831509656,0.43088803088803085,0.30579150579150577,0.2633204633204633
2023-24,2023-10-07,Everton,Bournemouth,H,0,1.8225602645751988,1.127410737619173,0.5363197151061716,0.22954069960370438,0.23413958529012405,0.491838642410297,0.26094772416768536,0.2472136334220177
2023-24,2023-10-07,Fulham,Sheffield United,H,0,1.86690913800779,0.9872070446653997,0.5797335363219794,0.22398974034793886,0.19627672333008161,0.5895128762022959,0.25131864722308406,0.1591684765746199
2023-24,2023-10-07,Luton Town,Tottenham,A,2,1.130430615797481,1.9253563596437104,0.22040363096402116,0.22085836394429645,0.5587380050916825,0.15622341933654663,0.1973348454777431,0.6464417351857102
2023-24,2023-10-07,Manchester United,Brentford,H,0,1.6518989555675212,1.1150389549859303,0.49882122949736374,0.24421777031312714,0.2569610001895092,0.5716905706876048,0.2273150602495952,0.20099436906279997
2023-24,2023-10-08,Arsenal,Manchester City,H,0,1.4833613851501444,1.5620027458514438,0.36245619133041745,0.2407491782289564,0.3967946304406261,0.3239263803680982,0.2846625766871166,0.3914110429447853
2023-24,2023-10-08,Brighton and Hove Albion,Liverpool,D,1,1.3010746946600023,1.7081685375498534,0.29258590681326563,0.23722186628270192,0.4701922269040324,0.31714719271623676,0.2503793626707132,0.4324734446130501
2023-24,2023-10-08,West Ham,Newcastle United,D,1,1.29914027213432,1.9670733255088346,0.25159936953621903,0.21880040596958555,0.5296002244941954,0.2961082910321489,0.25267907501410036,0.45121263395375066
2023-24,2023-10-08,Wolverhampton Wanderers,Aston Villa,D,1,1.0917198148821077,1.6903832384227175,0.24533745058175618,0.24103187925100816,0.5136306701672356,0.27055702917771884,0.2785145888594165,0.4509283819628648
2023-24,2023-10-21,Bournemouth,Wolverhampton Wanderers,A,2,1.3720430416457448,1.3946743556802563,0.36756875828009977,0.2545455962376845,0.3778856454822157,0.40106951871657753,0.2807486631016043,0.3181818181818181
2023-24,2023-10-21,Brentford,Burnley,H,0,1.779186240732608,0.9468698810505285,0.5696142971629536,0.23194036599173962,0.19844533684530674,0.5198277142432793,0.25367592455072036,0.2264963612060003
2023-24,2023-10-21,Chelsea,Arsenal,D,1,1.0815631416348583,1.7001212322046295,0.2414190208378325,0.24020802515944556,0.5183729540027219,0.29731830547998445,0.27982899339292655,0.42285270112708895
2023-24,2023-10-21,Liverpool,Everton,H,0,2.728433430536444,1.0003372693666448,0.7362157801506458,0.15078973270531723,0.11299448714403698,0.7099057574385776,0.16420428824231448,0.12588995431910777
2023-24,2023-10-21,Manchester City,Brighton and Hove Albion,H,0,2.0786179870479997,0.9492807201484521,0.6339872591709912,0.20285865338501746,0.16315408744399132,0.6747404844290658,0.17993079584775085,0.1453287197231834
2023-24,2023-10-21,Newcastle United,Crystal Palace,H,0,2.0499666700980455,0.8993310064973126,0.6401741658616761,0.20374925405586933,0.15607658008245454,0.6538661131292164,0.21069019200830302,0.13544369486248053
2023-24,2023-10-21,Nottingham Forest,Luton Town,D,1,1.5271637561115061,1.1275375636378964,0.46481284049599475,0.2546643385983118,0.28052282090569347,0.5717651950932151,0.2546261002148451,0.17360870469193984
2023-24,2023-10-21,Sheffield United,Manchester United,A,2,0.9799058462358722,1.7940187664587035,0.20413139287011908,0.23092283595645138,0.5649457711734296,0.1453287197231834,0.17993079584775085,0.6747404844290658
2023-24,2023-10-22,Aston Villa,West Ham,H,0,1.9142980894314097,1.1049248140277121,0.5622443594796691,0.22149291466476004,0.21626272585557094,0.5059732958538299,0.26001405481377377,0.23401264933239635
2023-24,2023-10-23,Tottenham,Fulham,H,0,2.0517014033429306,0.9524269941060285,0.6277499310529053,0.2054962864069481,0.16675378254014667,0.631578947368421,0.21052631578947367,0.15789473684210525
2023-24,2023-10-27,Crystal Palace,Tottenham,A,2,1.0719180307495368,1.7873737855707255,0.22636634692928634,0.23237076330411635,0.5412628897665973,0.20958083832335328,0.25149700598802394,0.5389221556886227
2023-24,2023-10-28,Arsenal,Sheffield United,H,0,2.8512860822442616,0.6286800275015388,0.8275296327666851,0.11662523736611301,0.05584512986720186,0.8386342983253279,0.11148903024795534,0.04987667142671686
2023-24,2023-10-28,Bournemouth,Burnley,H,0,1.389409760018839,1.286653465915642,0.3941965241364452,0.25912408288904487,0.34667939297450995,0.44134505158578524,0.2711119602598395,0.28754298815437523
2023-24,2023-10-28,Chelsea,Brentford,A,2,1.4626150552144275,1.2257350723389633,0.42619338167479265,0.2567243399248271,0.3170822784003801,0.5791106514994829,0.2388831437435367,0.18200620475698032
2023-24,2023-10-28,Wolverhampton Wanderers,Newcastle United,D,1,1.076882933114549,2.1972408040142195,0.1755296673944331,0.1966765827789395,0.6277937498266274,0.2247191011235955,0.23595505617977527,0.5393258426966292
2023-24,2023-10-29,Aston Villa,Luton Town,H,0,2.2729245711860235,0.905734263778426,0.6816470855718813,0.18309967907871744,0.1352532353494014,0.7553516819571866,0.1452599388379205,0.09938837920489296
2023-24,2023-10-29,West Ham,Everton,A,2,1.7201069300401786,1.354133600082963,0.4614537886361837,0.23543612954891094,0.30311008181490545,0.44134505158578524,0.2711119602598395,0.28754298815437523
2023-24,2023-10-29,Brighton and Hove Albion,Fulham,D,1,1.754314495888995,1.0148786635294402,0.5472074625730745,0.2350939292851243,0.21769860814180123,0.6057427559984266,0.2235479218565622,0.17070932214501117
2023-24,2023-10-29,Manchester United,Manchester City,A,2,1.0637531285187019,1.5155324587762184,0.2661543622534028,0.257127820926548,0.47671781682004927,0.18833095916429252,0.24780389363722696,0.5638651471984806
2023-24,2023-10-29,Liverpool,Nottingham Forest,H,0,2.5109598749883686,0.820722297702634,0.7412626835909395,0.15739864916398694,0.10133866724507365,0.7453672333028902,0.16722151842795277,0.08741124826915714
2023-24,2023-11-04,Brentford,West Ham,H,0,1.8688740314633865,1.0663642651797998,0.5612010182510195,0.2250077539446901,0.21379122780429036,0.46400294605045106,0.2642238998342846,0.27177315411526415
2023-24,2023-11-04,Burnley,Crystal Palace,A,2,1.2076693454804055,1.2795790618474838,0.3475059614771871,0.2706479219280024,0.38184611659481055,0.34437086092715236,0.29139072847682124,0.3642384105960265
2023-24,2023-11-04,Everton,Brighton and Hove Albion,D,1,1.2955663935311459,1.5343378259989897,0.32161017539241527,0.24926270599083364,0.429127118616751,0.30579150579150577,0.2633204633204633,0.43088803088803085
2023-24,2023-11-04,Fulham,Manchester United,A,2,1.214949140474589,1.244196479178076,0.35665886510167233,0.272643807799214,0.3706973270991137,0.2990936555891239,0.26586102719033233,0.4350453172205438
2023-24,2023-11-04,Manchester City,Bournemouth,H,0,3.1039750058657445,0.571895877255754,0.8643621912078941,0.09509340237008741,0.040544406422018384,0.8636363636363636,0.08636363636363636,0.05
2023-24,2023-11-04,Newcastle United,Arsenal,H,0,1.6588207999256603,1.471222351267076,0.422337458536726,0.23614211952884132,0.34152042193443266,0.33876221498371334,0.29641693811074915,0.3648208469055374
2023-24,2023-11-04,Sheffield United,Wolverhampton Wanderers,H,0,1.154126987750704,1.588339192501534,0.2769130995113951,0.2489924195286034,0.4740944809600015,0.25089605734767023,0.27240143369175623,0.4767025089605735
2023-24,2023-11-05,Luton Town,Liverpool,D,1,0.9024807245290263,2.6507481198648257,0.10393013411132503,0.15103019210166388,0.7450396737870111,0.07885055185442974,0.14557024957740877,0.7755791985681615
2023-24,2023-11-05,Nottingham Forest,Aston Villa,H,0,1.1047528307625913,1.7616236802121454,0.2377646510341931,0.23474035587618933,0.5274949930896177,0.22777640975129282,0.255109578921448,0.5171140113272593
2023-24,2023-11-06,Tottenham,Chelsea,A,2,2.0624074490526976,0.9453490823269628,0.6316334418523067,0.20424312104561426,0.16412343710207902,0.4751131221719458,0.2533936651583711,0.2714932126696833
2023-24,2023-11-11,Arsenal,Burnley,H,0,2.620254876321205,0.6471374461768132,0.7948473116402665,0.13607089896211869,0.06908178939761496,0.8077654086342655,0.13616616888406188,0.05606842248167254
2023-24,2023-11-11,Bournemouth,Newcastle United,H,0,0.8734799172184207,2.444424479842218,0.11490758600749308,0.16625735304311198,0.7188350609493949,0.2027096301720981,0.2407176858293665,0.5565726839985353
2023-24,2023-11-11,Crystal Palace,Everton,A,2,1.5376953167581355,1.1676456578930516,0.45830470322475964,0.2528009075905539,0.2888943891846865,0.3872529245663574,0.2964905203711174,0.3162565550625252
2023-24,2023-11-11,Manchester United,Luton Town,H,0,2.0950660442885876,0.8861866004465193,0.6524082108773884,0.19884322758453377,0.14874856153807775,0.7177033492822967,0.18181818181818185,0.10047846889952154
2023-24,2023-11-11,Wolverhampton Wanderers,Tottenham,H,0,1.112780963052493,1.591452874753111,0.26609521188621665,0.24946982041202265,0.4844349677017608,0.3090466379471811,0.2554785540363364,0.43547480801648253
2023-24,2023-11-12,Brighton and Hove Albion,Sheffield United,D,1,2.0395027272293444,0.7802144533034923,0.6672353587316137,0.19967542615177272,0.1330892151166136,0.7612985359643539,0.16549968173138127,0.0732017823042648
2023-24,2023-11-12,Aston Villa,Fulham,H,0,1.9361041446747604,0.8884225344137259,0.6190573336831384,0.21468542480182515,0.16625724151503643,0.6026768243366641,0.22528633671632445,0.1720368389470114
2023-24,2023-11-12,Chelsea,Manchester City,D,1,1.0377350334161424,1.9181984821084377,0.200911116828454,0.22011760906890823,0.5789712741026377,0.1907841793091115,0.2578164585258263,0.5513993621650621
2023-24,2023-11-12,West Ham,Nottingham Forest,H,0,1.5047391881922616,1.170046512504246,0.4493896085505738,0.25536753125239126,0.295242860197035,0.5059732958538299,0.26001405481377377,0.23401264933239635
2023-24,2023-11-12,Liverpool,Brentford,H,0,2.087903948719444,1.0908314199455138,0.602602377411757,0.206334360540982,0.1910632620472609,0.6687242798353908,0.18724279835390945,0.14403292181069957
2023-24,2023-11-25,Brentford,Arsenal,A,2,1.2041332409804937,1.5029664270466643,0.3042458217952407,0.2544692383508293,0.44128493985393014,0.20958083832335328,0.25149700598802394,0.5389221556886227
2023-24,2023-11-25,Burnley,West Ham,A,2,1.188091164589158,1.3982465408969795,0.31925500256310496,0.26298704567328546,0.4177579517636095,0.27548473795354195,0.2676137454405836,0.4569015166058745
2023-24,2023-11-25,Luton Town,Crystal Palace,H,0,1.264390454681481,1.489350104486578,0.32201827780058534,0.25340966694967326,0.42457205524974134,0.26279863481228666,0.28668941979522183,0.4505119453924914
2023-24,2023-11-25,Manchester City,Liverpool,D,1,1.8787459266745556,1.2939767247981602,0.5111673651526276,0.22517514874303568,0.26365748610433665,0.5483028720626633,0.2258485639686684,0.2258485639686684
2023-24,2023-11-25,Newcastle United,Chelsea,H,0,1.9211036113574664,1.2795289817702185,0.5238429394784557,0.22210835358245076,0.25404870693909365,0.3706238801763534,0.2700259698427717,0.35935014998087494
2023-24,2023-11-25,Nottingham Forest,Brighton and Hove Albion,A,2,1.2216738987250466,1.3564025902471717,0.3360928515792475,0.2645064087959453,0.39940073962480727,0.29609793420045905,0.2631981637337414,0.4407039020657995
2023-24,2023-11-25,Sheffield United,Bournemouth,A,2,1.3719586657604568,1.2016748019295036,0.4078483055805216,0.26434137735870245,0.32781031706077607,0.2968388589051658,0.27139552814186585,0.4317656129529684
2023-24,2023-11-26,Everton,Manchester United,A,2,1.1247138829444339,1.4664364874719322,0.2902978869067716,0.25985836778268423,0.44984374531054416,0.35051546391752575,0.27835051546391754,0.3711340206185567
2023-24,2023-11-26,Tottenham,Aston Villa,A,2,1.4001955492056541,1.4402658952522243,0.3656341936449141,0.2506776540785109,0.38368815227657505,0.4120836560805577,0.249419054996127,0.3384972889233152
2023-24,2023-11-27,Fulham,Wolverhampton Wanderers,H,0,1.3807268181415677,1.2232168131445664,0.405478603837479,0.26271257546623833,0.33180882069628265,0.39768618944323936,0.28681610026512416,0.31549771029163654
2023-24,2023-12-02,Arsenal,Wolverhampton Wanderers,H,0,2.3239470002500515,0.806095255564824,0.7138217427005152,0.17307460909239625,0.11310364820708851,0.7510668563300142,0.17069701280227595,0.07823613086770981
2023-24,2023-12-02,Brentford,Luton Town,H,0,2.1637104213130605,0.9201806320502091,0.6577411566303678,0.1937723646488384,0.14848647872079376,0.6471238938053098,0.20851769911504422,0.144358407079646
2023-24,2023-12-02,Burnley,Sheffield United,H,0,1.4025040692362531,1.1326858976409448,0.4312569272009948,0.26489985589500165,0.3038432169040035,0.5263157894736842,0.2631578947368421,0.21052631578947367
2023-24,2023-12-02,Newcastle United,Manchester United,H,0,1.65559502486796,1.1935446829028213,0.48161903555567787,0.24289303630571096,0.2754879281386112,0.49702656040180676,0.25315219476465356,0.24982124483353968
2023-24,2023-12-02,Nottingham Forest,Everton,A,2,1.5560620579156932,1.1397788327352252,0.4693108716168562,0.2519593013946121,0.27872982698853177,0.34437086092715236,0.29139072847682124,0.3642384105960265
2023-24,2023-12-03,Bournemouth,Aston Villa,D,1,1.0773144550926963,1.9458884008518937,0.20600324255914143,0.2183334274597273,0.5756633299811312,0.2782732786300392,0.2365322868355333,0.48519443453442734
2023-24,2023-12-03,Chelsea,Brighton and Hove Albion,H,0,1.4750820541495946,1.2840689685065003,0.4167077231916583,0.2536380309104205,0.3296542458979212,0.5483028720626633,0.2258485639686684,0.2258485639686684
2023-24,2023-12-03,Liverpool,Fulham,H,0,2.3466975433937836,0.7688287155325108,0.7263199583262157,0.16871547016632124,0.10496457150746313,0.7512038523274479,0.14446227929373998,0.1043338683788122
2023-24,2023-12-03,Manchester City,Tottenham,D,1,2.3896307917815696,0.8805510277074746,0.7080331673949608,0.17140596960903381,0.12056086299600542,0.7361963190184049,0.15828220858895706,0.10552147239263804
2023-24,2023-12-03,West Ham,Crystal Palace,D,1,1.5594328883481543,1.1357671441218675,0.4710835207069671,0.2517639032211479,0.27715257607188487,0.4767025089605735,0.27240143369175623,0.25089605734767023
2023-24,2023-12-05,Luton Town,Arsenal,A,2,0.7842190796757728,2.5928893883585986,0.09017776933478805,0.1481657338361295,0.7616564968290825,0.05606842248167254,0.13616616888406188,0.8077654086342655
2023-24,2023-12-05,Wolverhampton Wanderers,Burnley,H,0,1.6398649333125017,1.1086183037625343,0.4973793386342687,0.2453299972421887,0.25729066412354273,0.5116751269035532,0.2629441624365482,0.22538071065989848
2023-24,2023-12-06,Aston Villa,Manchester City,H,0,1.2984383863225908,1.9879940130450184,0.24840406375177726,0.2172863503301489,0.5343095859180739,0.20304279823688326,0.22963173610123702,0.5673254656618798
2023-24,2023-12-06,Brighton and Hove Albion,Brentford,H,0,1.4291283484083779,1.2964326563800348,0.4023612679464308,0.25612820602681996,0.34151052602674925,0.49702656040180676,0.24982124483353968,0.25315219476465356
2023-24,2023-12-06,Crystal Palace,Bournemouth,A,2,1.529535115123992,1.239817618339745,0.44008933383486826,0.2513876546228973,0.30852301154223444,0.42217898832684825,0.2714007782101167,0.306420233463035
2023-24,2023-12-06,Fulham,Nottingham Forest,H,0,1.586343861260509,1.076763377942743,0.49160984574595173,0.2504722761947934,0.25791787805925487,0.47134935304990755,0.27726432532347506,0.2513863216266174
2023-24,2023-12-06,Manchester United,Chelsea,H,0,1.7850462027605167,1.3977994367477635,0.4671849149884055,0.23048550888177133,0.3023295761298232,0.3308443879577409,0.2802446580347923,0.38891095400746684
2023-24,2023-12-06,Sheffield United,Liverpool,A,2,0.7702840259524664,2.479740546753257,0.09560736512006564,0.156843658714391,0.7475489761655434,0.07936507936507936,0.12698412698412698,0.7936507936507936
2023-24,2023-12-07,Everton,Newcastle United,H,0,1.0469386973744477,1.6025564413593116,0.24790007921116114,0.24935478401833683,0.502745136770502,0.2903225806451613,0.2903225806451613,0.4193548387096774
2023-24,2023-12-07,Tottenham,West Ham,A,2,1.6439860845859515,1.1153567017433195,0.4968128494963419,0.24489748868317446,0.25828966182048363,0.5454545454545454,0.22727272727272724,0.22727272727272724
2023-24,2023-12-09,Aston Villa,Arsenal,H,0,1.3399363138670286,1.5753378841565238,0.3251211538131424,0.24514240879048346,0.4297364373963742,0.28668941979522183,0.26279863481228666,0.4505119453924914
2023-24,2023-12-09,Brighton and Hove Albion,Burnley,D,1,1.9127286192338748,0.8528053827171934,0.6228586900211008,0.21593413418330232,0.16120717579559693,0.638655462184874,0.20168067226890757,0.1596638655462185
2023-24,2023-12-09,Crystal Palace,Liverpool,A,2,0.9764544984521037,1.9605459353101466,0.18231860440677983,0.2148303546490621,0.602851040944158,0.15789473684210528,0.2105263157894737,0.6315789473684211
2023-24,2023-12-09,Manchester United,Bournemouth,A,2,2.117695041950322,1.1256668372126166,0.6006858098078204,0.2047028135582031,0.19461137663397643,0.6144269091716742,0.21994496748639608,0.16562812334192958
2023-24,2023-12-09,Sheffield United,Brentford,H,0,1.0417339038069933,1.7623494764187106,0.22287337069136426,0.23449920777181155,0.5426274215368242,0.2219626168224299,0.24532710280373832,0.5327102803738317
2023-24,2023-12-09,Wolverhampton Wanderers,Nottingham Forest,D,1,1.6232528146265384,1.0261491568795618,0.512873079525563,0.24758236881063983,0.23954455166379712,0.5151610291323099,0.2647355288596593,0.22010344200803078
2023-24,2023-12-10,Everton,Chelsea,H,0,1.548369535984695,1.5494387003755745,0.38045573046105957,0.23862516458412106,0.38091910495481934,0.306420233463035,0.2714007782101167,0.42217898832684825
2023-24,2023-12-10,Fulham,West Ham,H,0,1.5082934326430701,1.3039917441768096,0.42080725998288376,0.25069306326008167,0.3284996767570346,0.39988968560397137,0.2719249862107005,0.3281853281853282
2023-24,2023-12-10,Luton Town,Manchester City,A,2,0.7823723240515535,2.692685357910257,0.08368269814152778,0.13999131897333542,0.7763259828851368,0.05544072948328267,0.11781155015197567,0.8267477203647416
2023-24,2023-12-10,Tottenham,Newcastle United,H,0,1.3541965243651861,1.47283119665899,0.3477707186775801,0.25092117940341263,0.4013081019190073,0.4426075521322562,0.250422693969566,0.3069697538981777
2023-24,2023-12-15,Nottingham Forest,Tottenham,A,2,1.1256912752311206,1.7060177894733364,0.25110494625254354,0.23948160381232372,0.5094134499351327,0.2258485639686684,0.2258485639686684,0.5483028720626633
2023-24,2023-12-16,Chelsea,Sheffield United,H,0,1.9462541341249535,0.9736331583346582,0.6004560362284862,0.2161151965074848,0.18342876726402893,0.78031212484994,0.14645858343337334,0.07322929171668667
2023-24,2023-12-16,Burnley,Everton,A,2,1.2195137086081425,1.5392559725254527,0.30169433484656366,0.25127432122277166,0.4470313439306647,0.26503340757238314,0.28062360801781744,0.4543429844097996
2023-24,2023-12-16,Newcastle United,Fulham,H,0,1.8450042433301208,1.279082021469845,0.506850080893347,0.22768211263286917,0.2654678064737839,0.5198358413132695,0.24623803009575923,0.23392612859097128
2023-24,2023-12-16,Manchester City,Crystal Palace,D,1,2.723043862521813,0.7859816959915924,0.7797626243280877,0.13786471805926137,0.08237265761265099,0.8075788165864264,0.11911787544649789,0.07330330796707563
2023-24,2023-12-17,Arsenal,Brighton and Hove Albion,H,0,2.1584364761343533,0.9123645768414009,0.6585717242916391,0.19392856303267844,0.1474997126756824,0.6544502617801047,0.18848167539267016,0.15706806282722513
2023-24,2023-12-17,Brentford,Aston Villa,A,2,1.246464112375275,1.521540916160347,0.3116287947024182,0.25175553931280686,0.43661566598477486,0.2961082910321489,0.25267907501410036,0.45121263395375066
2023-24,2023-12-17,Liverpool,Manchester United,D,1,1.9444526687780526,1.1493932971598468,0.5585429988862269,0.2194824413889468,0.22197455972482621,0.7250755287009064,0.1570996978851964,0.1178247734138973
2023-24,2023-12-17,West Ham,Wolverhampton Wanderers,H,0,1.5974469271388283,1.1162968979011216,0.4851085960005972,0.24889623288084667,0.26599517111855614,0.44134505158578524,0.2711119602598395,0.28754298815437523
2023-24,2023-12-21,Crystal Palace,Brighton and Hove Albion,D,1,1.3028882209732315,1.4017204420128933,0.34847157406939683,0.2575657519123848,0.39396267401821844,0.28289473684210525,0.28289473684210525,0.43421052631578944
2023-24,2023-12-22,Aston Villa,Sheffield United,D,1,2.543003507246629,0.6820345924142628,0.7765256607961912,0.14521947869352675,0.07825486051028205,0.7755791985681615,0.14557024957740877,0.07885055185442974
2023-24,2023-12-23,Liverpool,Arsenal,D,1,1.4948819830682878,1.4476379581489343,0.38765835211261485,0.24563615162388658,0.36670549626349846,0.39823008849557523,0.26327433628318586,0.33849557522123896
2023-24,2023-12-23,Fulham,Burnley,A,2,1.9906518791341759,1.0320239561288747,0.5960116168134122,0.21342272274680016,0.19056566043978768,0.5670771224886585,0.2525383452149492,0.1803845322963923
2023-24,2023-12-23,Luton Town,Newcastle United,H,0,0.9525175228178656,2.31366173323522,0.13999572051328885,0.18172850377197008,0.6782757757147411,0.19961114711600778,0.22575070209548498,0.5746381507885073
2023-24,2023-12-23,Nottingham Forest,Bournemouth,A,2,1.2550776741174163,1.6176291614358362,0.29686331231810786,0.2445862470111434,0.45855044067074874,0.34634974533106966,0.28013582342954163,0.3735144312393889
2023-24,2023-12-23,West Ham,Manchester United,H,0,1.3188429214863076,1.4241937558674684,0.3481938265970318,0.2554243726618692,0.39638180074109897,0.3673469387755102,0.26530612244897966,0.3673469387755102
2023-24,2023-12-23,Tottenham,Everton,H,0,1.9161533514936426,1.1952739259118812,0.5417617201321644,0.2221872797840297,0.23605100008380592,0.5393258426966292,0.2247191011235955,0.23595505617977527
2023-24,2023-12-24,Wolverhampton Wanderers,Chelsea,H,0,1.3280194952322175,1.4413476383566382,0.3472140516348088,0.25395725911396444,0.3988286892512267,0.2523117569352708,0.2523117569352708,0.4953764861294584
2023-24,2023-12-26,Bournemouth,Fulham,H,0,1.7440267059562333,1.1800379483719134,0.5058671780605137,0.23598385612042466,0.25814896581906166,0.4407039020657995,0.2631981637337414,0.29609793420045905
2023-24,2023-12-26,Burnley,Liverpool,A,2,0.8149128829966198,2.1193241224879436,0.13241133625020185,0.1932096433539084,0.6743790203958898,0.1453287197231834,0.17993079584775085,0.6747404844290658
2023-24,2023-12-26,Manchester United,Aston Villa,H,0,1.3300415532376975,1.360411792201117,0.3636503189323009,0.2586828451669875,0.37766683590071165,0.36458333333333337,0.27083333333333337,0.36458333333333337
2023-24,2023-12-26,Newcastle United,Nottingham Forest,A,2,2.3801396572163664,0.8455236796617361,0.7143748785102412,0.17027086718440962,0.11535425430534921,0.6221653026800774,0.21553070531642404,0.16230399200349846
2023-24,2023-12-26,Sheffield United,Luton Town,A,2,1.3323209030349854,1.1611337319093225,0.4061607798147168,0.269253857695323,0.3245853624899601,0.41002004008016035,0.28577154308617236,0.30420841683366734
2023-24,2023-12-27,Brentford,Wolverhampton Wanderers,A,2,1.6021475943631203,1.0178157696345376,0.5096377931869328,0.24966524507566784,0.24069696173739938,0.49469964664310956,0.27561837455830385,0.22968197879858654
2023-24,2023-12-27,Chelsea,Crystal Palace,H,0,1.7299430131339417,1.162302708151968,0.5066176301714682,0.23724590158417155,0.25613646824436026,0.5709391949757351,0.2383671139023694,0.19069369112189552
2023-24,2023-12-27,Everton,Manchester City,A,2,1.019403960543678,1.8756579212916424,0.2023538689319554,0.2237205474849429,0.5739255835831016,0.1639365659466162,0.2356588135482608,0.600404620505123
2023-24,2023-12-28,Arsenal,West Ham,A,2,2.2499035911578473,0.7949084622891442,0.703432846664998,0.17938607660406625,0.11718107673093583,0.7046463956269218,0.17039631021523746,0.12495729415784079
2023-24,2023-12-28,Brighton and Hove Albion,Tottenham,H,0,1.4087820795129182,1.4874667428617143,0.35856132705907867,0.24773786534545952,0.39370080759546183,0.3765084473049075,0.2614641995172969,0.3620273531777956
2023-24,2023-12-30,Aston Villa,Burnley,H,0,2.3390832669185873,0.673772950309402,0.7471141587159013,0.1631576193904516,0.08972822189364713,0.6942607775720708,0.1798466014281936,0.12589262099973553
2023-24,2023-12-30,Crystal Palace,Brentford,H,0,1.3714033079602532,1.414031339870107,0.3635582255295893,0.25350979551521485,0.38293197895519593,0.43220338983050843,0.288135593220339,0.2796610169491525
2023-24,2023-12-30,Luton Town,Chelsea,A,2,1.2327447738252537,1.7834924400193626,0.2643538825679038,0.23253894664123836,0.5031071707908578,0.1453287197231834,0.22491349480968856,0.629757785467128
2023-24,2023-12-30,Manchester City,Sheffield United,H,0,3.0693302008094294,0.640758413236616,0.8488763607588313,0.10258963899103485,0.04853400025013381,0.8807288790723358,0.08647156267255661,0.03279955825510768
2023-24,2023-12-30,Nottingham Forest,Manchester United,H,0,1.1255551250399147,1.742603586921692,0.24549955884190547,0.23635688907817456,0.51814355207992,0.29609793420045905,0.2631981637337414,0.4407039020657995
2023-24,2023-12-30,Wolverhampton Wanderers,Everton,H,0,1.4563279943463474,1.3022844117858456,0.40805842781722534,0.25413079897700014,0.33781077320577463,0.3608748481166464,0.28760631834750905,0.3515188335358444
2023-24,2023-12-31,Fulham,Arsenal,H,0,0.978455079837845,1.9951266593517327,0.17864283424869917,0.21162440361495344,0.6097327621363474,0.18005808325266215,0.21006776379477252,0.6098741529525653
2023-24,2023-12-31,Tottenham,Bournemouth,H,0,1.9333512380184483,1.258989433723087,0.5311473519337998,0.22115773754253737,0.24769491052366285,0.5393258426966292,0.2247191011235955,0.23595505617977527
2023-24,2024-01-01,Liverpool,Newcastle United,H,0,2.0992684584670767,1.0857789809412197,0.6061059641765297,0.20523609343301735,0.18865794239045297,0.6538661131292164,0.21069019200830302,0.13544369486248053
2023-24,2024-01-02,West Ham,Brighton and Hove Albion,D,1,1.4491110977565191,1.4338346562074746,0.37912024179780957,0.24859742177728644,0.372282336424904,0.3930443068127679,0.2567889471176751,0.35016674606955694
2023-24,2024-01-12,Burnley,Luton Town,D,1,1.351009454057715,1.3504378395518966,0.3710785672688281,0.2581062144015284,0.3708152183296435,0.47368421052631576,0.2631578947368421,0.2631578947368421
2023-24,2024-01-13,Chelsea,Fulham,H,0,1.7853433368392724,1.0543882157742137,0.5449644844201205,0.23245568053003826,0.22257983504984122,0.5932203389830508,0.22598870056497172,0.18079096045197737
2023-24,2024-01-13,Newcastle United,Manchester City,A,2,1.2155248578546034,2.234040350150395,0.19858839573140621,0.1976729069869003,0.6037386972816935,0.17186279656351228,0.2183014736949925,0.6098357297414951
2023-24,2024-01-14,Everton,Aston Villa,D,1,1.076306801574039,1.6455806850135923,0.2484720176241327,0.24513774044474415,0.5063902419311233,0.33980582524271846,0.27184466019417475,0.3883495145631068
2023-24,2024-01-14,Manchester United,Tottenham,D,1,1.3846969891322058,1.5322161242820787,0.3440828580677949,0.24620376026593865,0.4097133816662664,0.4310344827586207,0.25287356321839083,0.3160919540229885
2023-24,2024-01-20,Arsenal,Crystal Palace,H,0,2.367303910489739,0.8353112920065459,0.7145247271533168,0.17082910544636623,0.11464616740031693,0.7296439901304195,0.16496298907296442,0.10539302079661615
2023-24,2024-01-20,Brentford,Nottingham Forest,H,0,1.5577964098973967,1.1481847670716105,0.46781605776057167,0.2516304031153568,0.2805535391240716,0.49799419006778256,0.2642135841748513,0.23779222575736617
2023-24,2024-01-21,Bournemouth,Liverpool,A,2,1.0258055181540673,2.0945125412112486,0.17694446785898868,0.20394417737155757,0.6191113547694538,0.22707034728406053,0.21193232413178983,0.5609973285841496
2023-24,2024-01-21,Sheffield United,West Ham,D,1,1.086360655661193,1.5030753281717684,0.2740580633772366,0.25774059098667534,0.46820134563608806,0.2796610169491525,0.288135593220339,0.43220338983050843
2023-24,2024-01-22,Brighton and Hove Albion,Wolverhampton Wanderers,D,1,1.8770839891966524,1.1302542487826805,0.5480330586600558,0.22493222140047747,0.22703471993946675,0.5844322369042638,0.22270512491732916,0.19286263817840707
2023-24,2024-01-30,Fulham,Everton,D,1,1.3924018422961488,1.2754699368280604,0.3973356838396643,0.2594667677244372,0.34319754843589845,0.3872529245663574,0.2964905203711174,0.3162565550625252
2023-24,2024-01-30,Crystal Palace,Sheffield United,H,0,1.706994276580835,1.1855212693471064,0.4958239901149889,0.23891251093342905,0.2652634989515821,0.5885015844273427,0.26482571299230423,0.14667270258035311
2023-24,2024-01-30,Nottingham Forest,Arsenal,A,2,0.9522011669956431,2.201800913796343,0.15082425931055252,0.19164113313041736,0.6575346075590301,0.12727272727272726,0.19090909090909092,0.6818181818181818
2023-24,2024-01-30,Luton Town,Brighton and Hove Albion,H,0,1.18593790566627,1.7482795116920797,0.25887989875991696,0.23560341898589018,0.5055166822541929,0.2272727272727273,0.2272727272727273,0.5454545454545455
2023-24,2024-01-30,Aston Villa,Newcastle United,A,2,2.017974109044929,1.141331646363558,0.5762863338319028,0.21328024872166737,0.21043341744642993,0.5129935875801552,0.2372595342558218,0.24974687816402294
2023-24,2024-01-31,Liverpool,Chelsea,H,0,2.4709733272100562,0.9627706722441196,0.7034204277638626,0.1689007543101693,0.1276788179259681,0.6018171661844011,0.2182108431661685,0.17997199064943042
2023-24,2024-01-31,Manchester City,Burnley,H,0,3.289195126732658,0.5728732035911349,0.8805296192356972,0.08427765120407507,0.035192729560227745,0.8760951188986232,0.0788485607008761,0.04505632040050063
2023-24,2024-01-31,Tottenham,Brentford,H,0,1.9289897192613332,1.045502266956542,0.5794916024925839,0.21927930386907185,0.2012290936383442,0.5716905706876048,0.2273150602495952,0.20099436906279997
2023-24,2024-02-01,West Ham,Bournemouth,D,1,1.6448748166167841,1.1729899407385238,0.4837003329533681,0.24406271463964438,0.27223695240698764,0.39797395079594794,0.2547033285094067,0.3473227206946455
2023-24,2024-02-01,Wolverhampton Wanderers,Manchester United,A,2,1.3223238209392474,1.1817357995941664,0.39895992089959986,0.2689789591647031,0.3320611199356971,0.36206590546056916,0.26450925871147135,0.3734248358279596
2023-24,2024-02-03,Burnley,Fulham,D,1,1.2440138408022734,1.3643720179973604,0.3404338472308234,0.2628562129356185,0.396709939833558,0.3255813953488372,0.27770177838577287,0.39671682626538984
2023-24,2024-02-03,Newcastle United,Luton Town,D,1,2.0547461040341375,1.340165423695972,0.5394414647822684,0.21276845394177013,0.24779008127596153,0.6558682952734998,0.19883165161975572,0.14530005310674457
2023-24,2024-02-03,Brighton and Hove Albion,Crystal Palace,H,0,1.9333052945239744,1.0244982972878858,0.5854360490982009,0.2184822415521686,0.1960817093496305,0.5608856088560886,0.23837638376383766,0.2007380073800738
2023-24,2024-02-03,Sheffield United,Aston Villa,A,2,0.9920612548486211,1.9001073718492885,0.19314260754524,0.22092083702831988,0.5859365554264401,0.1821247892074199,0.22765598650927488,0.5902192242833053
2023-24,2024-02-03,Everton,Tottenham,D,1,1.2249618486191123,1.8490669848270334,0.2525319791410712,0.22753029768023525,0.5199377231786936,0.3157894736842105,0.2631578947368421,0.42105263157894735
2023-24,2024-02-04,Arsenal,Liverpool,H,0,1.4189574847513682,1.6794942982896728,0.32545766297696815,0.23647155366106154,0.4380707833619704,0.4308880308880309,0.2633204633204634,0.3057915057915058
2023-24,2024-02-04,Bournemouth,Nottingham Forest,D,1,1.6975476748199119,1.0196612388495716,0.5325609517234139,0.24051928055158409,0.22691976772500203,0.5609973285841497,0.2270703472840606,0.21193232413178986
2023-24,2024-02-04,Chelsea,Wolverhampton Wanderers,A,2,1.6875833441775137,1.3451872658308426,0.45569635059638025,0.23774929415594606,0.3065543552476736,0.5883926183471516,0.23829901043059643,0.17330837122225196
2023-24,2024-02-04,Manchester United,West Ham,H,0,1.6840242364115217,1.1199767835332597,0.5054630293437401,0.24140543332678643,0.2531315373294734,0.5848930481283423,0.22560160427807488,0.18950534759358292
2023-24,2024-02-05,Brentford,Manchester City,A,2,0.932677641833367,2.3254535140201438,0.13531715907476963,0.17974532050571032,0.6849375204195199,0.13380281690140844,0.19718309859154928,0.6690140845070423
2023-24,2024-02-10,Manchester City,Everton,H,0,2.8196572001730327,0.7770502681066757,0.7943981264806684,0.1299177447730238,0.07568412874630771,0.8075788165864264,0.11911787544649789,0.07330330796707563
2023-24,2024-02-10,Fulham,Bournemouth,H,0,1.3909616718777387,1.251610856096277,0.4020441317647457,0.2606842648091223,0.33727160342613205,0.3952569169960474,0.26877470355731226,0.3359683794466403
2023-24,2024-02-10,Luton Town,Sheffield United,A,2,1.9897651745169758,1.1905529255826897,0.5589531461425651,0.21628338884679796,0.224763465010637,0.5449330783938815,0.25430210325047803,0.20076481835564056
2023-24,2024-02-10,Wolverhampton Wanderers,Brentford,A,2,1.838298820881321,1.2561855212615272,0.5104442573809138,0.22827559666157404,0.26128014595751203,0.45434298440979953,0.2650334075723831,0.2806236080178174
2023-24,2024-02-10,Nottingham Forest,Newcastle United,A,2,1.305186775420344,1.7525987933532343,0.2861978603336415,0.23405326740501928,0.47974887226133933,0.28655297735532564,0.2521666200726866,0.4612804025719877
2023-24,2024-02-10,Liverpool,Burnley,H,0,3.374486822900098,0.6434991931021591,0.8764458862518809,0.08480531354954536,0.038748800198573734,0.8229954614220878,0.12036308623298032,0.05664145234493192
2023-24,2024-02-10,Tottenham,Brighton and Hove Albion,H,0,1.798524008872113,1.3732407376964155,0.47556077069708214,0.23000032565860565,0.2944389036443122,0.5256916996047432,0.225296442687747,0.24901185770750986
2023-24,2024-02-11,Aston Villa,Manchester United,A,2,1.6995911182134584,1.1701211765019115,0.49758458023907165,0.2396634865270116,0.2627519332339168,0.44113461720899344,0.25291718053315626,0.3059482022578503
2023-24,2024-02-11,West Ham,Arsenal,A,2,1.0766464824196127,2.044358118425309,0.19341432823481403,0.20972588153180033,0.5968597902333858,0.15854770503220061,0.21969658895916944,0.6217557060086298
2023-24,2024-02-12,Crystal Palace,Chelsea,A,2,1.3130096630513828,1.504867438671254,0.3313953904267563,0.2505829906402603,0.4180216189329834,0.2285435630689207,0.2526007802340703,0.5188556566970092
2023-24,2024-02-17,Nottingham Forest,West Ham,H,0,1.191843682697336,1.2802774602061917,0.34307650490744696,0.2715090426070742,0.3854144524854789,0.39988968560397137,0.2719249862107005,0.3281853281853282
2023-24,2024-02-17,Tottenham,Wolverhampton Wanderers,A,2,2.1029556647033294,1.1098744200426625,0.6012974524212498,0.20554005187774324,0.193162495701007,0.619757688723206,0.1996272134203169,0.18061509785647717
2023-24,2024-02-17,Brentford,Liverpool,A,2,0.9743861969134602,2.637786438452223,0.11594553552323608,0.15620920790305748,0.7278452565737065,0.17320838460970087,0.2200106501970796,0.6067809651932196
2023-24,2024-02-17,Burnley,Arsenal,A,2,0.7671667835575449,2.8147785956673554,0.07466673522931609,0.12958738924206833,0.7957458755286155,0.09531917627782954,0.1657724804831818,0.7389083432389886
2023-24,2024-02-17,Fulham,Aston Villa,A,2,1.246354612848889,1.8769765903837043,0.25319766972228025,0.22538455001843788,0.5214177802592819,0.32346598706136054,0.2501470299941188,0.42638698294452065
2023-24,2024-02-17,Manchester City,Chelsea,D,1,2.618204766665202,0.7620867925850486,0.7700806389555562,0.144582013049945,0.08533734799449891,0.7101928819304333,0.17173755144863206,0.11806956662093454
2023-24,2024-02-17,Newcastle United,Bournemouth,D,1,1.8640180019900923,1.194817584757245,0.5301888633195911,0.2263355609065564,0.24347557577385243,0.5198277142432793,0.2264963612060003,0.25367592455072036
2023-24,2024-02-18,Luton Town,Manchester United,A,2,1.2394473339952505,1.7328177242245728,0.27394976487872824,0.23632362085885597,0.4897266142624157,0.23684210526315788,0.23684210526315788,0.5263157894736842
2023-24,2024-02-18,Sheffield United,Brighton and Hove Albion,A,2,1.1213498930833905,1.741552546876157,0.24466378542887177,0.23645822060471328,0.518877993966415,0.18950534759358292,0.22560160427807488,0.5848930481283423
2023-24,2024-02-19,Everton,Crystal Palace,D,1,1.6353773042382498,1.0240621851683462,0.5163694983660836,0.2464391936624339,0.23719130797148244,0.556783031374282,0.2629253203711887,0.18029164825452937
2023-24,2024-02-20,Manchester City,Brentford,H,0,2.850418259904223,0.7584897363219303,0.8019863057156066,0.1263477843597651,0.07166590992462828,0.8075788165864264,0.11911787544649789,0.07330330796707563
2023-24,2024-02-21,Liverpool,Luton Town,H,0,3.0998852007119764,0.8381389504314648,0.8165492874996004,0.1147455665382984,0.0687051459621011,0.7913043478260869,0.13565217391304346,0.07304347826086957
2023-24,2024-02-24,Arsenal,Newcastle United,H,0,2.4253290694925216,0.936115216399066,0.7016170408162947,0.17132070370677038,0.12706225547693487,0.6997667444185273,0.18127290903032325,0.11896034655114963
2023-24,2024-02-24,Aston Villa,Nottingham Forest,H,0,2.2035824300883133,0.8804566052720492,0.6747269055622329,0.1882524074771484,0.13702068696061873,0.6226312939902545,0.21169463995668653,0.16567406605305904
2023-24,2024-02-24,Bournemouth,Manchester City,A,2,0.8854461558276966,2.2088162036389796,0.13746630452994207,0.18800184452264568,0.6745318509474122,0.13636363636363635,0.1818181818181818,0.6818181818181818
2023-24,2024-02-24,Brighton and Hove Albion,Everton,D,1,1.8382703712030168,1.1639718630211904,0.5314278046301131,0.22834310671641053,0.24022908865347634,0.5215686274509804,0.2511764705882353,0.22725490196078432
2023-24,2024-02-24,Crystal Palace,Burnley,H,0,1.5396478050350577,1.0476015517152362,0.4867223591334193,0.25521051152367996,0.25806712934290066,0.48908296943231444,0.2724890829694323,0.23842794759825325
2023-24,2024-02-24,Manchester United,Fulham,A,2,2.3319555895141786,0.9691020100502044,0.6777978169345557,0.18092017511308112,0.14128200795236331,0.6067809651932196,0.2200106501970796,0.17320838460970087
2023-24,2024-02-25,Wolverhampton Wanderers,Sheffield United,H,0,2.125987827018302,1.042832714057641,0.6215024243514379,0.20169806554664071,0.17679951010192144,0.6627466613514053,0.20091688259916285,0.13633645604943193
2023-24,2024-02-26,West Ham,Brentford,H,0,1.6163014764409114,1.2129474207492073,0.46763572430247125,0.24559973357652898,0.28676454212099983,0.38118811881188125,0.2722772277227723,0.34653465346534656
2023-24,2024-03-02,Fulham,Brighton and Hove Albion,H,0,1.3462510226284612,1.5574403989916836,0.32993671150402004,0.24606437999944353,0.4239989084965363,0.3734248358279596,0.26450925871147135,0.36206590546056916
2023-24,2024-03-02,Everton,West Ham,A,2,1.5327902177560369,1.1622701652370933,0.458286124638957,0.25333360183873505,0.288380273522308,0.46400294605045106,0.2642238998342846,0.27177315411526415
2023-24,2024-03-02,Nottingham Forest,Liverpool,A,2,0.8521824244909907,2.6408797046490724,0.09708034009601221,0.14869980322803728,0.7542198566759505,0.15854770503220061,0.21969658895916944,0.6217557060086298
2023-24,2024-03-02,Brentford,Chelsea,D,1,1.3536101256755197,1.4888205702699977,0.3445736974686364,0.24999242378843795,0.4054338787429257,0.3059482022578503,0.25291718053315626,0.44113461720899344
2023-24,2024-03-02,Newcastle United,Wolverhampton Wanderers,H,0,1.7604902786913221,1.2584708306367034,0.4919626711802941,0.2340498351906666,0.2739874936290392,0.49799419006778256,0.23779222575736617,0.2642135841748513
2023-24,2024-03-02,Tottenham,Crystal Palace,H,0,2.0380834321697145,0.8962952650064376,0.6384863581451923,0.20479454249591464,0.15671909935889314,0.6340391980175715,0.2196440639783735,0.14631673800405498
2023-24,2024-03-02,Luton Town,Aston Villa,A,2,1.2148046230572815,2.352600099053268,0.18461796292218965,0.18867088903707943,0.6267111480407309,0.22056345980469233,0.22739042403674234,0.5520461161585652
2023-24,2024-03-03,Burnley,Bournemouth,A,2,1.139018833623164,1.5741798131860307,0.2755016338340427,0.25046283713300027,0.47403552903295704,0.2522231204527081,0.26273241713823764,0.48504446240905413
2023-24,2024-03-03,Manchester City,Manchester United,H,0,2.21282678930795,1.080776231488038,0.6299504698465084,0.19549681755529874,0.17455271259819283,0.7512991833704529,0.1633259094283593,0.08537490720118782
2023-24,2024-03-04,Sheffield United,Arsenal,A,2,0.6980718552776094,2.9251275364363134,0.060701546774355394,0.11660649607572952,0.8226919571499152,0.05606842248167254,0.13616616888406188,0.8077654086342655
2023-24,2024-03-09,Bournemouth,Sheffield United,D,1,2.0252774967574183,0.9069634792642415,0.6332703194148106,0.20644063564966042,0.16028904493552898,0.7044320516583504,0.17845611975344877,0.11711182858820077
2023-24,2024-03-09,Arsenal,Brentford,H,0,3.080377931725319,0.6963755167910896,0.8400624981767388,0.10602617503867735,0.05391132678458379,0.7780921584478578,0.13561034761519808,0.08629749393694423
2023-24,2024-03-09,Crystal Palace,Luton Town,D,1,1.611370949035603,1.2661749071091362,0.45456640877076626,0.24477527836127103,0.3006583128679627,0.5327102803738317,0.24532710280373832,0.2219626168224299
2023-24,2024-03-09,Wolverhampton Wanderers,Fulham,H,0,1.5154118961365102,1.2419225804533311,0.43606978144334174,0.2523421800525301,0.31158803850412814,0.37815975733063706,0.27805864509605666,0.3437815975733064
2023-24,2024-03-09,Manchester United,Everton,H,0,2.0298080522325455,1.0813234599406005,0.5927123127738991,0.211093136398224,0.19619455082787676,0.5086901229334463,0.2585841458245019,0.2327257312420517
2023-24,2024-03-10,Aston Villa,Tottenham,A,2,1.8723960707800444,1.4269326095636576,0.4808186526491915,0.22461607068838474,0.2945652766624237,0.3983453347632909,0.2370154741841581,0.3646391910525509
2023-24,2024-03-10,Brighton and Hove Albion,Nottingham Forest,H,0,1.9863607874977316,0.9129757559424968,0.6237096033408843,0.2104627297173021,0.16582766694181364,0.5263157894736842,0.23684210526315788,0.23684210526315788
2023-24,2024-03-10,Liverpool,Manchester City,D,1,1.5339985963625558,1.5053710234912627,0.38566122102490386,0.24119136894364468,0.37314741003145147,0.3160919540229885,0.25287356321839083,0.4310344827586207
2023-24,2024-03-10,West Ham,Burnley,D,1,2.0585805795322942,0.8833309482116684,0.6457943314241004,0.20228106413980848,0.15192460443609115,0.5652658981033842,0.23599851245816286,0.19873558943845293
2023-24,2024-03-11,Chelsea,Newcastle United,H,0,1.4395831585961028,1.5524512806180122,0.3536863261228395,0.24296358623000938,0.4033500876471512,0.49799419006778256,0.23779222575736617,0.2642135841748513
2023-24,2024-03-13,Bournemouth,Luton Town,H,0,2.0730544771909027,1.1739940683782837,0.5804208819601269,0.20937395082675758,0.21020516721311555,0.6342525399129173,0.20029027576197386,0.16545718432510886
2023-24,2024-03-16,Burnley,Brentford,H,0,1.2109213828677958,1.4967733742884244,0.3070832338310507,0.2547186382699124,0.4381981278990369,0.29287673824614513,0.2644026109166588,0.4427206508371961
2023-24,2024-03-16,Fulham,Tottenham,H,0,1.2355391888034541,1.6932473384088575,0.2794421937580695,0.23935747759279857,0.4812003286491319,0.2691120392228073,0.24786635191574355,0.483021608861449
2023-24,2024-03-16,Luton Town,Nottingham Forest,D,1,1.527160960002165,1.4910960999986658,0.38684024534802824,0.24213357949520029,0.37102617515677144,0.33980582524271846,0.27184466019417475,0.3883495145631068
2023-24,2024-03-17,West Ham,Aston Villa,D,1,1.3053354972603004,1.8524567860502097,0.27027987172760454,0.2270061934254489,0.5027139348469465,0.3603859807401887,0.25275070115911896,0.38686331810069224
2023-24,2024-03-30,Chelsea,Burnley,D,1,2.190344807867079,0.8868097777277085,0.6707298129138362,0.1897931289409814,0.1394770581451825,0.7403078121955972,0.1591661796220534,0.10052600818234952
2023-24,2024-03-30,Bournemouth,Everton,H,0,1.812925809195654,1.2688909100709338,0.5017900035889349,0.23009169251120132,0.2681183038998638,0.4350453172205438,0.26586102719033233,0.2990936555891239
2023-24,2024-03-30,Brentford,Manchester United,D,1,1.1149435186623817,2.030642699141114,0.20319718823167646,0.21173251368430626,0.5850702980840172,0.31714719271623676,0.2503793626707132,0.4324734446130501
2023-24,2024-03-30,Aston Villa,Wolverhampton Wanderers,H,0,1.9880396550668966,1.0104524193145008,0.6005814625869205,0.21313523953130128,0.18628329788177833,0.5918858330143802,0.2187107004210181,0.1894034665646017
2023-24,2024-03-30,Newcastle United,West Ham,H,0,1.6237928358044713,1.1729832440332475,0.4785413027385867,0.2457632270561161,0.2756954702052972,0.5215686274509804,0.22725490196078432,0.2511764705882353
2023-24,2024-03-30,Nottingham Forest,Crystal Palace,D,1,1.4652002568452123,1.2469936411664462,0.4222075705623189,0.25574086859559664,0.32205156084208447,0.43220338983050843,0.288135593220339,0.2796610169491525
2023-24,2024-03-30,Tottenham,Luton Town,H,0,2.664874644663731,0.8811574894800686,0.7516393697840801,0.14861904311608093,0.09974158709983899,0.7942238267148014,0.1191335740072202,0.08664259927797834
2023-24,2024-03-30,Sheffield United,Fulham,D,1,1.1071190979872487,1.8785811855579972,0.2216268278814718,0.22459947657208687,0.5537736955464413,0.21158844213423023,0.238036997401009,0.5503745604647607
2023-24,2024-03-31,Liverpool,Brighton and Hove Albion,H,0,2.429800978285003,0.8894058216342197,0.7128329875742299,0.16841471172993644,0.11875230069583376,0.6999830307144069,0.17308671304938064,0.12693025623621246
2023-24,2024-03-31,Manchester City,Arsenal,D,1,1.657434284858925,1.3645560846204638,0.44434977936905634,0.23923266803795568,0.3164175525929879,0.49868766404199477,0.25065616797900264,0.25065616797900264
2023-24,2024-04-02,Nottingham Forest,Fulham,H,0,1.257201769964032,1.4922268937620875,0.31966774332318,0.25346849162103735,0.4268637650557826,0.35451770209729216,0.28152876343020267,0.36395353447250534
2023-24,2024-04-02,West Ham,Tottenham,D,1,1.2567576952977508,1.795588975330351,0.2680323488621421,0.2314592824053272,0.5005083687325307,0.287519747235387,0.22590837282780407,0.48657187993680884
2023-24,2024-04-02,Bournemouth,Crystal Palace,H,0,1.7735827259984789,1.1750375871927523,0.5139500229873868,0.2336180707245563,0.25243190628805684,0.4866595517609391,0.2497331910352187,0.263607257203842
2023-24,2024-04-02,Burnley,Wolverhampton Wanderers,D,1,1.2348142104022997,1.5727094672680149,0.2996483602882941,0.2483700075891548,0.45198163212255116,0.3888834331729352,0.26465678090935874,0.346459785917706
2023-24,2024-04-02,Newcastle United,Everton,D,1,2.097814467371889,1.0474776810214035,0.6147132756311344,0.20430004447539174,0.18098667989347383,0.4751131221719458,0.2533936651583711,0.2714932126696833
2023-24,2024-04-03,Brentford,Brighton and Hove Albion,D,1,1.2963471175174512,1.4651221821998877,0.3346390700754597,0.25380652067839227,0.411554409246148,0.40132109528015675,0.251353738622835,0.34732516609700836
2023-24,2024-04-03,Manchester City,Aston Villa,H,0,2.1325614696564212,0.9543271655323581,0.6435783802073012,0.1980376887375563,0.1583839310551424,0.7250755287009064,0.1570996978851964,0.1178247734138973
2023-24,2024-04-03,Arsenal,Luton Town,H,0,3.1107007268664923,0.6300181658820003,0.8548886483190727,0.09914512149654833,0.04596623018437891,0.8562415502478594,0.09418657052726455,0.049571879224876075
2023-24,2024-04-04,Chelsea,Manchester United,H,0,1.548899673206579,1.5495677145280027,0.3805570350466179,0.23859642946994153,0.3808465354834406,0.4788732394366197,0.23943661971830985,0.28169014084507044
2023-24,2024-04-04,Liverpool,Sheffield United,H,0,3.799707105052994,0.5640704886300141,0.9172347337139066,0.05957711575226616,0.02318815053382724,0.87509115532868,0.07948744660902177,0.045421398062298154
2023-24,2024-04-06,Aston Villa,Brentford,D,1,2.0294621585697445,1.0376466775991517,0.6028865426047776,0.2100742683261166,0.1870391890691059,0.5608856088560886,0.23837638376383766,0.2007380073800738
2023-24,2024-04-06,Brighton and Hove Albion,Arsenal,A,2,0.9219553410308663,1.6420771999592385,0.21107478777920152,0.2458538132530355,0.543071398967763,0.19079766949728813,0.2203206345234274,0.5888816959792843
2023-24,2024-04-06,Crystal Palace,Manchester City,A,2,0.785463335004414,2.3282988698452516,0.10920548306965408,0.17144322839937015,0.7193512885309757,0.10047846889952154,0.18181818181818185,0.7177033492822967
2023-24,2024-04-06,Everton,Burnley,H,0,1.7843113369310488,1.2259019332826235,0.5048443356496531,0.23252024694574505,0.2626354174046018,0.5791106514994829,0.2388831437435367,0.18200620475698032
2023-24,2024-04-06,Fulham,Newcastle United,A,2,1.381213186292544,1.5940231795934034,0.33178770271280744,0.2426678485553361,0.42554444873185643,0.40382571732199785,0.2529224229543039,0.3432518597236982
2023-24,2024-04-06,Luton Town,Bournemouth,H,0,1.167058884971814,1.852695094429197,0.23883240104431455,0.22717011631448042,0.533997482641205,0.25315219476465356,0.24982124483353968,0.49702656040180676
2023-24,2024-04-06,Wolverhampton Wanderers,West Ham,A,2,1.4707443680277101,1.2962296810532243,0.4130049839961357,0.2534446775706498,0.3335503384332144,0.38162544169611307,0.26501766784452296,0.3533568904593639
2023-24,2024-04-07,Manchester United,Liverpool,D,1,1.1020980952954418,2.2111527554625767,0.17891752673451988,0.1963210377839382,0.6247614354815418,0.1990324809951624,0.21008984105044923,0.5908776779543885
2023-24,2024-04-07,Sheffield United,Chelsea,D,1,1.0526874412646723,2.337523211936719,0.1559961958430839,0.18409778933198523,0.6599060148249308,0.13636363636363635,0.1818181818181818,0.6818181818181818
2023-24,2024-04-07,Tottenham,Nottingham Forest,H,0,2.2507785544254495,0.8078723454227613,0.7005297537610553,0.18003281261862342,0.11943743362032129,0.6803044719314939,0.17316841103710753,0.1465271170313987
2023-24,2024-04-13,Brentford,Sheffield United,H,0,1.8110075483485313,1.0057662341753317,0.5625735304573269,0.22961159231765835,0.20781487722501477,0.6624541377904607,0.1907867916836527,0.14675907052588671
2023-24,2024-04-13,Bournemouth,Manchester United,D,1,1.5147618200732635,1.3721730988126877,0.40801242065191545,0.24770884585088823,0.3442787334971964,0.393939393939394,0.24242424242424246,0.3636363636363636
2023-24,2024-04-13,Burnley,Brighton and Hove Albion,D,1,1.1627261269118416,1.3915045400846622,0.31382391449480895,0.2645735031075988,0.42160258239759224,0.27149321266968324,0.25339366515837103,0.4751131221719457
2023-24,2024-04-13,Manchester City,Luton Town,H,0,3.356008712464834,0.5833136505670782,0.8843180027791339,0.08142082211292799,0.034261175107938184,0.8636363636363636,0.08636363636363636,0.05
2023-24,2024-04-13,Nottingham Forest,Wolverhampton Wanderers,D,1,1.3601339690393464,1.2149255489328228,0.4018440597625578,0.26457038676915595,0.33358555346828617,0.4509283819628648,0.2785145888594165,0.27055702917771884
2023-24,2024-04-13,Newcastle United,Tottenham,H,0,1.5741146156695558,1.3866499652616642,0.41956413429898803,0.24367558888206384,0.33676027681894816,0.3510110644792064,0.23693246852346433,0.4120564669973293
2023-24,2024-04-14,Arsenal,Aston Villa,A,2,2.1374839039561198,0.8108362875420124,0.6788491240107716,0.19119936547587704,0.12995151051335144,0.7389083432389886,0.1657724804831818,0.09531917627782954
2023-24,2024-04-14,Liverpool,Crystal Palace,A,2,3.2109854599019236,0.6328146240680175,0.8639051199446135,0.09324493861625742,0.0428499414391291,0.7837283075200598,0.13659264788206757,0.07967904459787274
2023-24,2024-04-14,West Ham,Fulham,A,2,1.630735353306512,1.1989051075811585,0.4743441205034277,0.24475439510554298,0.28090148439102935,0.39823008849557523,0.26327433628318586,0.33849557522123896
2023-24,2024-04-15,Chelsea,Everton,H,0,2.0927495833468175,1.118375608598153,0.5972419044968805,0.20659830471769913,0.19615979078542023,0.5609973285841497,0.2270703472840606,0.21193232413178986
2023-24,2024-04-20,Luton Town,Brentford,A,2,1.1959629766099864,1.4334214542668124,0.3147711009555129,0.26001386709099894,0.42521503195348814,0.3059482022578503,0.25291718053315626,0.44113461720899344
2023-24,2024-04-20,Sheffield United,Burnley,A,2,1.4561462685444992,1.3320944689824632,0.40172443484253767,0.2528742720780584,0.34540129307940387,0.346459785917706,0.26465678090935874,0.3888834331729352
2023-24,2024-04-20,Wolverhampton Wanderers,Arsenal,A,2,0.9314326863768756,1.9387202719818508,0.1752124046183392,0.21571541158516291,0.609072183796498,0.11160318866253321,0.21080602302922938,0.6775907883082374
2023-24,2024-04-21,Aston Villa,Bournemouth,H,0,1.8022953447953503,1.073461612275619,0.5443509231226722,0.23104017623894993,0.2246089006383779,0.5059732958538299,0.23401264933239635,0.26001405481377377
2023-24,2024-04-21,Crystal Palace,West Ham,H,0,1.4638439653173174,1.29929289462638,0.4106025428293697,0.25376959841004576,0.3356278587605846,0.45434298440979953,0.2650334075723831,0.2806236080178174
2023-24,2024-04-21,Everton,Nottingham Forest,H,0,1.4961598339294413,1.297061755828844,0.4192449010006303,0.25174574757864526,0.3290093514207245,0.46400294605045106,0.27177315411526415,0.2642238998342846
2023-24,2024-04-21,Fulham,Liverpool,A,2,1.0207378877165123,2.547076346727022,0.1308380104265845,0.16574203462860865,0.7034199549448069,0.18146792525524946,0.2117125794644577,0.6068194952802928
2023-24,2024-04-23,Arsenal,Chelsea,H,0,2.1918076901517893,1.0553982178214474,0.6316620050004303,0.19642628623610237,0.1719117087634673,0.6544502617801047,0.18848167539267016,0.15706806282722513
2023-24,2024-04-24,Everton,Liverpool,H,0,0.8258848095639441,2.618532288414269,0.09467651808628952,0.14881106360271415,0.7565124183109964,0.13513513513513511,0.1891891891891892,0.6756756756756757
2023-24,2024-04-24,Crystal Palace,Newcastle United,H,0,1.2118250011872702,1.8106040201452789,0.25533378499391896,0.23054593223427067,0.5141202827718103,0.3436754176610978,0.26252983293556087,0.39379474940334125
2023-24,2024-04-24,Wolverhampton Wanderers,Bournemouth,A,2,1.4295318139446382,1.1998186583590327,0.42335153875029446,0.26015539572071195,0.31649306552899353,0.3533568904593639,0.26501766784452296,0.38162544169611307
2023-24,2024-04-24,Manchester United,Sheffield United,H,0,2.3876228095936867,0.9558698084437859,0.6906738191084337,0.17552408917286424,0.133802091718702,0.7281553398058251,0.14563106796116507,0.1262135922330097
2023-24,2024-04-25,Brighton and Hove Albion,Manchester City,A,2,0.8354093302594106,2.5264042127119435,0.1025369943715197,0.15701229735097033,0.7404507082775099,0.1440329218106996,0.18724279835390947,0.668724279835391
2023-24,2024-04-27,Newcastle United,Sheffield United,H,0,2.681408261050385,0.7549039871485355,0.7804973433557858,0.13898247571231048,0.08052018093190372,0.7780921584478578,0.13561034761519808,0.08629749393694423
2023-24,2024-04-27,West Ham,Liverpool,D,1,0.977951183232487,2.5703349778041096,0.12188330036733913,0.1616806257697157,0.7164360738629452,0.17341040462427748,0.19075144508670525,0.6358381502890174
2023-24,2024-04-27,Aston Villa,Chelsea,D,1,1.8347907713772575,1.4687005880451722,0.463523189227818,0.226293898429387,0.310182912342795,0.43812451960030746,0.24788624135280551,0.31398923904688697
2023-24,2024-04-27,Everton,Brentford,H,0,1.3777555921039104,1.4047783304156929,0.3670054682274202,0.25370144508529463,0.37929308668728523,0.41257367387033406,0.27111984282907664,0.3163064833005894
2023-24,2024-04-27,Fulham,Crystal Palace,D,1,1.5430582508667035,1.2733680439309336,0.43611624431908586,0.24938643996881046,0.3144973157121037,0.4545454545454546,0.27272727272727276,0.27272727272727276
2023-24,2024-04-27,Manchester United,Burnley,D,1,2.3101530925164084,1.0416577292144293,0.6573495566361003,0.18592144315673348,0.15672900020716624,0.6295180722891567,0.19879518072289157,0.17168674698795183
2023-24,2024-04-27,Wolverhampton Wanderers,Luton Town,H,0,1.7310614783625191,0.8997277200771708,0.5700705861160347,0.2362323685994716,0.19369704528449375,0.4866595517609391,0.2497331910352187,0.263607257203842
2023-24,2024-04-28,Bournemouth,Brighton and Hove Albion,H,0,1.589456470594274,1.0268595653256853,0.5042840395784585,0.2507973652027156,0.24491859521882592,0.42230312320367885,0.2500479018969151,0.3276489748994061
2023-24,2024-04-28,Nottingham Forest,Manchester City,A,2,0.7332881060952381,2.8327170638754136,0.06939893676482262,0.12584314962497445,0.804757913610203,0.1178247734138973,0.1570996978851964,0.7250755287009064
2023-24,2024-04-28,Tottenham,Arsenal,A,2,1.1548554594382396,1.9331262494499768,0.22472842882022762,0.22047779021741495,0.5547937809623574,0.2272727272727273,0.2272727272727273,0.5454545454545455
2023-24,2024-05-02,Chelsea,Tottenham,H,0,1.5341570420180604,1.431497418914357,0.40054567284065035,0.24426418855517418,0.3551901386041754,0.43812451960030746,0.24788624135280551,0.31398923904688697
2023-24,2024-05-03,Luton Town,Everton,D,1,1.1164062132767996,1.4575331386773596,0.2897001140960107,0.2608679761890581,0.4494319097149312,0.3647199046483909,0.2634088200238379,0.3718712753277712
2023-24,2024-05-04,Arsenal,Bournemouth,H,0,2.7077843300130646,0.8699545187625168,0.760225704893162,0.14458219492808919,0.09519210017874886,0.7851908251641764,0.12772437422670602,0.08708480060911775
2023-24,2024-05-04,Sheffield United,Nottingham Forest,A,2,1.2939326403681783,1.5616371458246883,0.3162655281700865,0.24747622231993177,0.4362582495099817,0.19961114711600778,0.22575070209548498,0.5746381507885073
2023-24,2024-05-04,Brentford,Fulham,D,1,1.4436359074311769,1.1819480823794855,0.4309819400807318,0.25976394297560274,0.3092541169436654,0.4527177959791511,0.2501861504095309,0.29709605361131797
2023-24,2024-05-04,Manchester City,Wolverhampton Wanderers,H,0,3.2092530787153413,0.6390730230263707,0.862695171942335,0.09381278325038762,0.043492044807277405,0.8760951188986232,0.0788485607008761,0.04505632040050063
2023-24,2024-05-04,Burnley,Newcastle United,A,2,1.0748153339616149,1.8598937577296892,0.2169170185326989,0.22590635525237984,0.5571766262149213,0.2782732786300392,0.2365322868355333,0.48519443453442734
2023-24,2024-05-05,Brighton and Hove Albion,Aston Villa,H,0,1.161689827279828,1.5354469731195513,0.2877753848011781,0.2531338493866833,0.4590907658121386,0.35016674606955694,0.2567889471176751,0.3930443068127679
2023-24,2024-05-05,Chelsea,West Ham,H,0,1.9152159296947182,1.0618397863963875,0.5725905001661535,0.22079692935214237,0.20661257048170403,0.5769230769230769,0.2115384615384615,0.2115384615384615
2023-24,2024-05-05,Liverpool,Tottenham,H,0,2.289509267172466,0.9742338944068363,0.6688915751058903,0.18482424021249114,0.14628418468161866,0.6406685236768802,0.1671309192200557,0.1922005571030641
2023-24,2024-05-06,Crystal Palace,Manchester United,H,0,1.449960867748452,1.70442656466725,0.32833392114793664,0.23421410224590294,0.43745197660616036,0.40246847330292457,0.2554333243895895,0.3420982023074859
2023-24,2024-05-11,Bournemouth,Brentford,A,2,1.667460470314597,1.2363199805300944,0.47483193165627,0.2412837975234933,0.2838842708202367,0.48908296943231444,0.23842794759825325,0.2724890829694323
2023-24,2024-05-11,Everton,Sheffield United,H,0,2.071260991915642,0.9788210502164728,0.6254597551045114,0.20455616020575015,0.16998408468973844,0.6764374295377678,0.19729425028184894,0.1262683201803833
2023-24,2024-05-11,Fulham,Manchester City,A,2,0.8503191979183908,2.580504788228777,0.10098672739898033,0.15345603051520573,0.745557242085814,0.07304347826086957,0.13565217391304346,0.7913043478260869
2023-24,2024-05-11,Newcastle United,Brighton and Hove Albion,D,1,2.037310394548116,0.9799658827552222,0.6182016001685577,0.20773196020131987,0.17406643963012242,0.6020278833967048,0.19898605830164767,0.19898605830164767
2023-24,2024-05-11,Nottingham Forest,Chelsea,A,2,1.200171872615429,1.950428567499886,0.23229351982503224,0.2195035980581839,0.5482028821167839,0.2781844802342606,0.24890190336749632,0.47291361639824303
2023-24,2024-05-11,Tottenham,Burnley,H,0,2.224617225809075,1.0087821327527178,0.6487587444764442,0.19190770086596157,0.1593335546575942,0.698906060079875,0.16530647681889218,0.13578746310123285
2023-24,2024-05-11,West Ham,Luton Town,H,0,1.8479531964512599,1.0843659865822883,0.5522173650270521,0.2270602276010716,0.22072240737187634,0.5256916996047432,0.225296442687747,0.24901185770750986
2023-24,2024-05-11,Wolverhampton Wanderers,Crystal Palace,A,2,1.2831070193943948,1.5635567358975107,0.3132418140596172,0.24767208210286834,0.4390861038375144,0.32971295577967413,0.27130666075584614,0.39898038346447967
2023-24,2024-05-12,Manchester United,Arsenal,A,2,1.1348039259796614,2.2283763933856973,0.18336873008967697,0.19591693436042876,0.6207143355498942,0.13477477477477479,0.17153153153153156,0.6936936936936937
2023-24,2024-05-13,Aston Villa,Liverpool,D,1,1.1738965615336465,1.7779419167637271,0.25150281112816203,0.233267965016148,0.51522922385569,0.22519656132407379,0.21843546363997918,0.556367975035947
2023-24,2024-05-14,Tottenham,Manchester City,A,2,1.0025290457680336,2.6479966281625287,0.11954986312078587,0.15696854053242124,0.7234815963467929,0.14571428571428574,0.1578571428571429,0.6964285714285715
2023-24,2024-05-15,Brighton and Hove Albion,Chelsea,A,2,1.393191383636395,1.6558160902695773,0.32354335572199167,0.23857860161733363,0.4378780426606747,0.2843083652268999,0.23455440131219243,0.4811372334609076
2023-24,2024-05-15,Manchester United,Newcastle United,H,0,1.5248511536789855,1.6776893086965579,0.35066207826666973,0.23348363794058583,0.4158542837927443,0.3468426013195099,0.23845428840716304,0.41470311027332707
2023-24,2024-05-19,Brentford,Newcastle United,A,2,1.3198972848374928,1.6568030625321057,0.30582038036370557,0.24035910966569107,0.45382050997060325,0.32660829843928435,0.2428625808907499,0.43052912066996574
2023-24,2024-05-19,Chelsea,Bournemouth,H,0,2.1870793434791147,1.0350750877095414,0.6354234785425767,0.19613424373599872,0.16844227772142442,0.6528835690968444,0.18933623503808486,0.15778019586507072
2023-24,2024-05-19,Brighton and Hove Albion,Manchester United,A,2,1.3851053903389423,1.4723366592417528,0.3555998817264193,0.24961121996468533,0.39478889830889524,0.4388121808208814,0.23586154719122376,0.3253262719878949
2023-24,2024-05-19,Burnley,Nottingham Forest,A,2,1.4889262079755794,1.5833664276420196,0.35973362129060527,0.23946342753749497,0.40080295117189974,0.3163064833005893,0.2711198428290766,0.41257367387033395
2023-24,2024-05-19,Arsenal,Everton,H,0,2.7298488992512286,0.7126240102884425,0.7957712685682033,0.13214391407359025,0.0720848173582064,0.802675585284281,0.11839464882943143,0.07892976588628761
2023-24,2024-05-19,Manchester City,West Ham,H,0,3.4929907005392886,0.707317355154364,0.876340150543884,0.08306803133824547,0.04059181811787047,0.8760951188986232,0.0788485607008761,0.04505632040050063
2023-24,2024-05-19,Liverpool,Wolverhampton Wanderers,H,0,2.779040562145272,0.6745962633821656,0.8097800407770216,0.12553284748986812,0.06468711173311029,0.8168266285480907,0.11946089442515825,0.06371247702675106
2023-24,2024-05-19,Luton Town,Fulham,A,2,1.1178759318961564,1.70948721635603,0.24870213804351798,0.23922829998687456,0.5120695619696075,0.32660829843928435,0.2428625808907499,0.43052912066996574
2023-24,2024-05-19,Sheffield United,Tottenham,A,2,1.0064860374047746,2.33701370826591,0.1475851930385216,0.18218193147769923,0.6702328754837792,0.1345926800472255,0.15702479338842976,0.7083825265643447
2023-24,2024-05-19,Crystal Palace,Aston Villa,H,0,1.4260943490133886,1.318828598605911,0.3968700309720449,0.2553080819010147,0.3478218871269404,0.5151610291323099,0.22010344200803078,0.2647355288596593
2024-25,2024-08-16,Manchester United,Fulham,H,0,1.7088201857743637,1.0388314671691223,0.5306473289975054,0.23947224079722637,0.2298804302052682,0.5932203389830508,0.22598870056497172,0.18079096045197737
2024-25,2024-08-17,Arsenal,Wolverhampton Wanderers,H,0,3.4273666245302823,0.6973447209427148,0.8724625628985121,0.08578871232914294,0.041748724772345036,0.8012162051113485,0.12605801627085214,0.07272577861779932
2024-25,2024-08-17,Everton,Brighton and Hove Albion,A,2,1.4725538621046275,1.334987773267487,0.40525605595630065,0.25174724394854114,0.34299670009515815,0.35752979414951247,0.28494041170097506,0.35752979414951247
2024-25,2024-08-17,Newcastle United,Southampton,H,0,2.625651699249159,1.063240018427037,0.7071116605934532,0.16182174408021469,0.13106659532633214,0.6997667444185273,0.18127290903032325,0.11896034655114963
2024-25,2024-08-17,Nottingham Forest,Bournemouth,D,1,1.575067501747018,1.3601726174137472,0.42537021372304695,0.24450599234434758,0.33012379393260544,0.3883495145631068,0.27184466019417475,0.33980582524271846
2024-25,2024-08-17,West Ham,Aston Villa,A,2,1.4014391986948722,1.5893616043484564,0.33754466351308554,0.24227951944802856,0.42017581703888585,0.3888834331729352,0.26465678090935874,0.346459785917706
2024-25,2024-08-18,Brentford,Crystal Palace,H,0,1.3904415969717863,1.4319533800331317,0.3648241871746845,0.2515951703112766,0.38358064251403895,0.39471577261809454,0.27862289831865494,0.3266613290632506
2024-25,2024-08-18,Chelsea,Manchester City,A,2,1.2717485113850746,2.087308536712436,0.22881144114225963,0.20978409994807726,0.5614044589096631,0.23099703849950645,0.24284304047384012,0.5261599210266535
2024-25,2024-08-19,Leicester City,Tottenham,D,1,1.4931429385902966,1.67877058000919,0.3430497520512504,0.23440951934753285,0.42254072860121666,0.19079766949728813,0.2203206345234274,0.5888816959792843
2024-25,2024-08-24,Aston Villa,Arsenal,A,2,1.1530088511777947,1.987599774237325,0.2169416886612169,0.21596966377707683,0.5670886475617062,0.2167429884458061,0.24697293157114222,0.5362840799830516
2024-25,2024-08-24,Brighton and Hove Albion,Manchester United,H,0,1.510702788603493,1.1654700207942843,0.4519470489258399,0.25502334515292596,0.29302960592123417,0.3807716387541087,0.2572781342933166,0.3619502269525748
2024-25,2024-08-24,Crystal Palace,West Ham,A,2,1.8549634760326672,1.1395547966170285,0.5408781824030299,0.22685925296693266,0.2322625646300375,0.4407039020657995,0.2631981637337414,0.29609793420045905
2024-25,2024-08-24,Fulham,Leicester City,H,0,1.3844104791666847,1.244786280102536,0.4017967971346589,0.2614502605656555,0.3367529422996856,0.5239520958083832,0.25149700598802394,0.2245508982035928
2024-25,2024-08-24,Manchester City,Ipswich,H,0,3.955701193195984,0.5530173719329273,0.9270037746302753,0.0530237474891491,0.019972477880575705,0.8760951188986232,0.0788485607008761,0.04505632040050063
2024-25,2024-08-24,Southampton,Nottingham Forest,A,2,1.6977768595699,1.3399767838465575,0.4592420029413953,0.23718834620325677,0.303569650855348,0.37265577737447064,0.2879612825166364,0.33938294010889286
2024-25,2024-08-24,Tottenham,Everton,H,0,1.9589939495454036,1.0060805034884992,0.5954064763337509,0.21570915000357316,0.18888437366267585,0.6558682952734998,0.19883165161975572,0.14530005310674457
2024-25,2024-08-25,Bournemouth,Newcastle United,D,1,1.3607560301722983,1.9351173901186245,0.26993166965084653,0.22102892931478907,0.5090394010343644,0.32453416149068326,0.24767080745341613,0.4277950310559006
2024-25,2024-08-25,Liverpool,Brentford,H,0,2.968348624052707,0.8345534518929273,0.8017867674881175,0.12325552812646541,0.0749577043854172,0.7483214528675796,0.1652814339377089,0.08639711319471147
2024-25,2024-08-25,Wolverhampton Wanderers,Chelsea,A,2,1.1616936597935876,2.1036343867811973,0.2037588592403119,0.2066717437274622,0.5895693970322259,0.21945293518300807,0.23755780233560622,0.5429892624813857
2024-25,2024-08-31,Arsenal,Brighton and Hove Albion,D,1,2.396968073462871,0.8633987969459103,0.7131651813491096,0.16980364064299158,0.11703117800789893,0.7151598592626587,0.17293865687624294,0.11190148386109836
2024-25,2024-08-31,Brentford,Southampton,H,0,1.6362090683805866,1.1312789011182725,0.49119843073407005,0.2453687068496489,0.26343286241628106,0.539701816903434,0.2421738922002589,0.21812429089630705
2024-25,2024-08-31,West Ham,Manchester City,A,2,0.9698613093801973,2.525988387804973,0.12421599715763201,0.16479019784320673,0.7109938049991613,0.1361434977578475,0.17327354260089683,0.6905829596412556
2024-25,2024-08-31,Everton,Bournemouth,A,2,1.4578679764175373,1.3416886813060298,0.4001523373469549,0.25235357947578324,0.3474940831772618,0.34634974533106966,0.28013582342954163,0.3735144312393889
2024-25,2024-08-31,Leicester City,Aston Villa,A,2,1.2624119935456681,1.459741303139625,0.3270082748705117,0.2555235057196846,0.4174682194098038,0.20955315870570107,0.2357473035439137,0.5546995377503853
2024-25,2024-08-31,Nottingham Forest,Wolverhampton Wanderers,D,1,2.068351141165881,1.121373290138281,0.5914958856677506,0.2087021881514993,0.1998019261807501,0.4805194805194806,0.25974025974025977,0.25974025974025977
2024-25,2024-08-31,Ipswich,Fulham,D,1,1.270175334293912,1.5362967869220499,0.3149180194856994,0.24995697326826857,0.4351250072460319,0.3163064833005893,0.2711198428290766,0.41257367387033395
2024-25,2024-09-01,Chelsea,Crystal Palace,D,1,1.7397974275578274,1.2180234305526518,0.49620916517876357,0.2360144617846334,0.26777637303660307,0.5918858330143802,0.2187107004210181,0.1894034665646017
2024-25,2024-09-01,Manchester United,Liverpool,A,2,1.1590153513822754,2.321902747523091,0.17750326758974658,0.18925777428382323,0.6332389581264302,0.25766871165644173,0.2269938650306749,0.5153374233128835
2024-25,2024-09-01,Newcastle United,Tottenham,H,0,1.6532738311208783,1.580126155139899,0.3991599058302751,0.232766069545739,0.368074024623986,0.38095238095238093,0.23809523809523808,0.38095238095238093
2024-25,2024-09-14,Brighton and Hove Albion,Ipswich,D,1,2.0659591400679407,0.8722519133286781,0.6499659999757935,0.20110425710205632,0.1489297429221502,0.6849315068493151,0.18904109589041096,0.12602739726027395
2024-25,2024-09-14,Aston Villa,Everton,H,0,2.2379948675411985,0.9709720124816884,0.6600403720428594,0.189199611610636,0.15076001634650454,0.6297577854671281,0.2249134948096886,0.14532871972318342
2024-25,2024-09-14,Bournemouth,Chelsea,A,2,1.488956422744252,1.5598117414193782,0.36422077400507874,0.24063393004254885,0.39514529595237247,0.2781844802342606,0.24890190336749632,0.47291361639824303
2024-25,2024-09-14,Crystal Palace,Leicester City,D,1,1.658240359706404,1.0438383251544612,0.5172216462371637,0.24418496289374642,0.23859339086908982,0.5883926183471516,0.23829901043059643,0.17330837122225196
2024-25,2024-09-14,Fulham,West Ham,D,1,1.494048027098283,1.3635633641169498,0.4046612643617476,0.2492744999932476,0.3460642356450048,0.39593908629441626,0.2899492385786802,0.3141116751269035
2024-25,2024-09-14,Manchester City,Brentford,H,0,3.037503202212824,0.7887541034503623,0.8185385593888161,0.11544323143053062,0.06601820918065324,0.802675585284281,0.11839464882943143,0.07892976588628761
2024-25,2024-09-14,Southampton,Manchester United,A,2,1.2666343694513786,1.7133088434655954,0.2835609253239351,0.23741169618264713,0.47902737849341775,0.20955315870570107,0.2357473035439137,0.5546995377503853
2024-25,2024-09-14,Liverpool,Nottingham Forest,A,2,3.0199068995957763,0.8650311787292198,0.802252105715534,0.12179473486781671,0.07595315941664939,0.7755791985681615,0.14557024957740877,0.07885055185442974
2024-25,2024-09-15,Tottenham,Arsenal,A,2,1.2455480937385515,1.7180269889301005,0.2777847729166183,0.23735885947864566,0.484856367604736,0.3163064833005893,0.2711198428290766,0.41257367387033395
2024-25,2024-09-15,Wolverhampton Wanderers,Newcastle United,A,2,1.2042098339761054,1.986701760784468,0.22813906483908983,0.2166788667056854,0.5551820684552248,0.2785145888594165,0.27055702917771884,0.4509283819628648
2024-25,2024-09-21,Fulham,Newcastle United,H,0,1.3471197824993628,1.4849184748077981,0.34369124609257673,0.2504930545530226,0.4058156993544007,0.31924882629107976,0.28169014084507044,0.39906103286384975
2024-25,2024-09-21,Aston Villa,Wolverhampton Wanderers,H,0,2.4195451985239473,0.9108294946446076,0.7062974837966088,0.1704693762415887,0.12323313996180245,0.5977796754910334,0.22345573583831485,0.17876458867065187
2024-25,2024-09-21,Crystal Palace,Manchester United,D,1,1.389266279360322,1.4922627184418906,0.3527985877193922,0.2483095129841758,0.39889189929643193,0.3311067603362892,0.2542899919382701,0.4146032477254405
2024-25,2024-09-21,Leicester City,Everton,D,1,1.761762087698057,1.1294786171996425,0.5217367479579064,0.2347155882766104,0.2435476637654832,0.38891095400746684,0.2802446580347923,0.3308443879577409
2024-25,2024-09-21,Liverpool,Bournemouth,H,0,2.793952564765607,0.9397227774982254,0.7581534221366805,0.14241973320491977,0.09942684465839978,0.7394019060138022,0.15379559645087088,0.10680249753532699
2024-25,2024-09-21,Tottenham,Brentford,H,0,1.9711287884526312,1.07146913947922,0.582511989248594,0.21600798591205886,0.20148002483934704,0.6149068322981366,0.21180124223602484,0.17329192546583852
2024-25,2024-09-21,West Ham,Chelsea,A,2,1.2584321230364557,1.719959670983017,0.280525722487445,0.23704222141424705,0.482432056098308,0.26530612244897955,0.24489795918367344,0.48979591836734687
2024-25,2024-09-21,Southampton,Ipswich,D,1,1.5631625194597247,1.2925375574834794,0.43693816841818084,0.24741528894521236,0.3156465426366068,0.42626070409134154,0.27402473834443386,0.29971455756422455
2024-25,2024-09-22,Brighton and Hove Albion,Nottingham Forest,D,1,1.7154404697582792,1.0693139882956328,0.524946424245143,0.23885635772107186,0.23619721803378502,0.5449330783938815,0.25430210325047803,0.20076481835564056
2024-25,2024-09-22,Manchester City,Arsenal,D,1,1.7737748806281741,1.1272848668162982,0.5250598590918031,0.23369461736813693,0.24124552354006001,0.5263157894736842,0.2631578947368421,0.21052631578947367
2024-25,2024-09-28,Arsenal,Leicester City,H,0,2.5554359551429586,0.7419357393311462,0.7652825776829573,0.14842023246397437,0.08629718985306829,0.8168266285480907,0.11946089442515825,0.06371247702675106
2024-25,2024-09-28,Brentford,West Ham,D,1,1.7114536488479506,1.3234891302164908,0.4660627746127881,0.23659379434704667,0.29734343104016514,0.4317656129529684,0.27139552814186585,0.2968388589051658
2024-25,2024-09-28,Chelsea,Brighton and Hove Albion,H,0,1.7828455256723612,1.1303305747425318,0.5264636077413446,0.23292302525974135,0.24061336699891406,0.5483028720626633,0.2258485639686684,0.2258485639686684
2024-25,2024-09-28,Everton,Crystal Palace,H,0,1.4456870105550168,1.4930038699933639,0.36659193486950037,0.24581874140486695,0.38758932372563276,0.3515188335358444,0.28760631834750905,0.3608748481166464
2024-25,2024-09-28,Newcastle United,Manchester City,D,1,1.0258018748448727,2.161609683690374,0.16940601583094117,0.1980279094517513,0.6325660747173075,0.18202598494502173,0.22070125195412565,0.5972727631008525
2024-25,2024-09-28,Nottingham Forest,Fulham,A,2,1.3823255896302251,1.3401377268931551,0.38124258372968806,0.2568834819444458,0.361873934325866,0.39768618944323936,0.28681610026512416,0.31549771029163654
2024-25,2024-09-28,Wolverhampton Wanderers,Liverpool,A,2,0.8927507977814567,2.323650982539457,0.1283390794648301,0.17789059632292184,0.693770324212248,0.11895780672759089,0.16550651370795255,0.7155356795644564
2024-25,2024-09-29,Ipswich,Aston Villa,D,1,1.0629581078796118,2.1085640258482834,0.18289154511024844,0.2038117854555741,0.6132966694341775,0.23647209203238181,0.2522368981678739,0.5112910097997444
2024-25,2024-09-29,Manchester United,Tottenham,A,2,1.6150844987298667,1.3715420134929746,0.43268520424817575,0.2416838607655197,0.3256309349863045,0.40302882266731804,0.2525647288715193,0.3444064484611627
2024-25,2024-09-30,Bournemouth,Southampton,H,0,1.9942649476993668,1.2334234683020615,0.5502036569531961,0.21637939210487858,0.2334169509419253,0.5772208925805997,0.23229621286780233,0.19048289455159792
2024-25,2024-10-05,Everton,Newcastle United,D,1,1.2972949449939835,1.6562304824502276,0.3004810147654884,0.24090570951234952,0.4586132757221621,0.2990936555891239,0.26586102719033233,0.4350453172205438
2024-25,2024-10-05,Brentford,Wolverhampton Wanderers,H,0,1.6905829173022886,1.169503938343889,0.49556557584434885,0.2404025599648921,0.26403186419075914,0.4603234298608499,0.26212861978187285,0.27754795035727714
2024-25,2024-10-05,Crystal Palace,Liverpool,A,2,1.0143844278909233,2.065291115674059,0.17796823366765477,0.2062141925156648,0.6158175738166805,0.15789473684210528,0.2105263157894737,0.6315789473684211
2024-25,2024-10-05,West Ham,Ipswich,H,0,1.494965168313037,1.2026431020190769,0.4395790030800169,0.255123403800626,0.3052975931193571,0.5292717447246527,0.2507076685537828,0.22002058672156458
2024-25,2024-10-05,Leicester City,Bournemouth,H,0,1.3695498747954182,1.774748088519543,0.297522687847595,0.23160227796379843,0.4708750341886065,0.3059482022578503,0.25291718053315626,0.44113461720899344
2024-25,2024-10-05,Manchester City,Fulham,H,0,2.43446642421741,0.8951093647889418,0.7123371544898698,0.1683322133014705,0.11933063220865973,0.763271162123386,0.13629842180774748,0.10043041606886656
2024-25,2024-10-05,Arsenal,Southampton,H,0,3.369676305967628,0.7268415041727351,0.8628220230236656,0.0909519153495432,0.046226061626791194,0.8377135348226018,0.10611038107752954,0.05617608409986859
2024-25,2024-10-06,Aston Villa,Manchester United,D,1,2.058816036526058,1.116655337209122,0.590595244173192,0.20939788676148394,0.20000686906532414,0.4310344827586207,0.25287356321839083,0.3160919540229885
2024-25,2024-10-06,Brighton and Hove Albion,Tottenham,H,0,1.355632069117486,1.900520001468637,0.27412793631850946,0.2233924292857186,0.5024796343957719,0.3286034353995519,0.23823749066467512,0.4331590739357729
2024-25,2024-10-06,Chelsea,Nottingham Forest,D,1,2.160168195541676,0.9140243841718803,0.6585133924724614,0.19383827924263441,0.14764832828490418,0.6424335602899187,0.21128925982868438,0.14627717988139688
2024-25,2024-10-19,Newcastle United,Brighton and Hove Albion,A,2,1.7275232210359615,1.1939453269351576,0.49878267307447377,0.23719677787577959,0.2640205490497467,0.48339684267827976,0.2547632008709852,0.2618399564507349
2024-25,2024-10-19,Southampton,Leicester City,A,2,1.6991631332226702,1.4049220363774912,0.4456685717821322,0.235649515523069,0.3186819126947988,0.41257367387033406,0.27111984282907664,0.3163064833005894
2024-25,2024-10-19,Bournemouth,Arsenal,H,0,1.0449622066363438,2.4482638402914336,0.14384098491627448,0.17475424611430368,0.6814047689694218,0.1882404563405002,0.2413339183852567,0.5704256252742431
2024-25,2024-10-19,Fulham,Aston Villa,A,2,1.415513714802259,1.3839228329471307,0.3807593941426596,0.25280734519043846,0.36643326066690196,0.3883495145631068,0.27184466019417475,0.33980582524271846
2024-25,2024-10-19,Ipswich,Everton,A,2,1.5739927035938273,1.3351401997725594,0.43043079160421116,0.2453802073248992,0.32418900107088966,0.39768618944323936,0.28681610026512416,0.31549771029163654
2024-25,2024-10-19,Manchester United,Brentford,H,0,1.7970188173383317,1.3723588397685225,0.4754051866771852,0.2301108305537843,0.29448398276903054,0.5609973285841497,0.2270703472840606,0.21193232413178986
2024-25,2024-10-19,Tottenham,West Ham,H,0,2.172582955559972,1.0643134219969357,0.6258245315198083,0.19835869571157327,0.17581677276861837,0.6306306306306306,0.1891891891891892,0.18018018018018017
2024-25,2024-10-20,Liverpool,Chelsea,H,0,1.8612439000197265,1.1956128659713767,0.5293795853286174,0.22655814829693058,0.24406226637445197,0.5816922989614663,0.22983939617501845,0.18846830486351512
2024-25,2024-10-20,Wolverhampton Wanderers,Manchester City,A,2,0.7625280250529267,2.6931920897153754,0.08088855842753159,0.13858112017316282,0.7805303213993056,0.11978384869408586,0.15971179825878112,0.7205043530471329
2024-25,2024-10-21,Nottingham Forest,Crystal Palace,H,0,1.5236977448022828,1.1839097270442283,0.45108203247631645,0.25347413553968584,0.2954438319839977,0.41257367387033406,0.27111984282907664,0.3163064833005894
2024-25,2024-10-25,Leicester City,Nottingham Forest,A,2,1.5181242204502132,1.4343361651361373,0.39604690422868005,0.24500333483517767,0.35894976093614234,0.31654676258992803,0.2877697841726619,0.3956834532374101
2024-25,2024-10-26,Aston Villa,Bournemouth,D,1,1.8596646437303597,1.0256712034713493,0.568834807641682,0.22530483045559363,0.20586036190272444,0.509891622226045,0.2418716669533804,0.24823671082057458
2024-25,2024-10-26,Brentford,Ipswich,H,0,1.745445345929984,1.1787716607848129,0.5064922281203287,0.23587749460650972,0.2576302772731615,0.5785594734103152,0.22046723582610164,0.20097329076358317
2024-25,2024-10-26,Brighton and Hove Albion,Wolverhampton Wanderers,D,1,2.16564140280499,0.8851392074547522,0.6664213086744886,0.19204268029438432,0.14153601103112717,0.5813953488372093,0.20930232558139536,0.20930232558139536
2024-25,2024-10-26,Everton,Fulham,D,1,1.3231869938207794,1.6634675426531478,0.30545829199162405,0.23983653039583433,0.45470517761254153,0.34580762617578636,0.2926064529179731,0.36158592090624053
2024-25,2024-10-26,Manchester City,Southampton,H,0,3.199269423368358,0.7213125701491665,0.8477612686023518,0.10040406926261708,0.051834662135031004,0.8501275191278691,0.09436415462319349,0.05550832624893734
2024-25,2024-10-27,Arsenal,Liverpool,D,1,1.7339669233227244,1.3299681981490534,0.46995393217619785,0.23495418142195593,0.29509188640184625,0.3800403225806452,0.2923387096774194,0.3276209677419355
2024-25,2024-10-27,Chelsea,Newcastle United,H,0,1.8094148673733264,1.177297580810397,0.521741642242571,0.23070760044269586,0.24755075731473308,0.5520461161585652,0.22056345980469233,0.22739042403674234
2024-25,2024-10-27,Crystal Palace,Tottenham,H,0,1.194058826545934,1.9086473940725277,0.23685084198209663,0.22277752019393549,0.5403716378239679,0.24353727916957785,0.23744884719033837,0.5190138736400838
2024-25,2024-10-27,West Ham,Manchester United,H,0,1.4186504709908274,1.4617997590499954,0.36600750409999555,0.24866468743834427,0.38532780846166026,0.3311067603362892,0.2542899919382701,0.4146032477254405
2024-25,2024-11-02,Ipswich,Leicester City,D,1,1.7273310939936026,1.479915910651462,0.4365772086724665,0.2321596058870609,0.3312631854404726,0.42217898832684825,0.2714007782101167,0.306420233463035
2024-25,2024-11-02,Bournemouth,Manchester City,H,0,0.9411189829596506,2.0478368151227486,0.16485746640680987,0.20547461105238782,0.6296679225408023,0.1720368389470114,0.22528633671632445,0.6026768243366641
2024-25,2024-11-02,Liverpool,Brighton and Hove Albion,H,0,2.296515281883334,0.8977145905068475,0.687779651122544,0.1805752864413146,0.13164506243614138,0.6818181818181818,0.19090909090909092,0.12727272727272726
2024-25,2024-11-02,Newcastle United,Arsenal,H,0,1.2016207817175377,1.9975292515368144,0.226095204623085,0.21579698082627316,0.5581078145506418,0.2549019607843137,0.2549019607843137,0.4901960784313726
2024-25,2024-11-02,Nottingham Forest,West Ham,H,0,1.5671105808916799,1.3425355186982149,0.4271647581735757,0.24558009770866757,0.3272551441177567,0.44510940714419295,0.27342435010286137,0.2814662427529456
2024-25,2024-11-02,Wolverhampton Wanderers,Crystal Palace,D,1,1.2521389740616582,1.3719891003304472,0.3410829647315231,0.2619426130210067,0.3969744222474702,0.3841205083947906,0.2824415502902872,0.3334379413149224
2024-25,2024-11-02,Southampton,Everton,H,0,1.3555294330520664,1.4831866979507673,0.3461259760982173,0.25024964206191225,0.4036243818398704,0.3605514316012725,0.2788971367974549,0.3605514316012725
2024-25,2024-11-03,Manchester United,Chelsea,D,1,1.4190940564841326,1.76242006418078,0.31106932477686866,0.23149989615696118,0.45743077906617013,0.36458333333333337,0.27083333333333337,0.36458333333333337
2024-25,2024-11-03,Tottenham,Aston Villa,H,0,1.6157978366743686,1.2406416970424854,0.46131012332424287,0.2450463153603869,0.2936435613153702,0.49799419006778256,0.23779222575736617,0.2642135841748513
2024-25,2024-11-04,Fulham,Brentford,H,0,1.870738010345046,1.2607470759258792,0.5167778950333819,0.2258407728646802,0.2573813321019379,0.47349177330895803,0.25594149908592323,0.27056672760511885
2024-25,2024-11-09,Brentford,Bournemouth,H,0,1.5292799469682048,1.3174730785792617,0.4231626630136909,0.24884555822612753,0.32799177876018165,0.3787575150300601,0.2705410821643286,0.3507014028056112
2024-25,2024-11-09,Brighton and Hove Albion,Manchester City,H,0,1.0565993631684663,2.0163754599721897,0.19262852103362846,0.21170187826765385,0.5956696006987177,0.23008961651730578,0.22461129231451277,0.5452990911681813
2024-25,2024-11-09,Crystal Palace,Fulham,A,2,1.2889240988693857,1.4507024414769214,0.3354767116484134,0.25505378749121127,0.40946950086037526,0.3533254156769596,0.2725653206650831,0.37410926365795727
2024-25,2024-11-09,Liverpool,Aston Villa,H,0,1.9907585511734218,0.9400809471054513,0.6180550265594054,0.2109035018320285,0.17104147160856623,0.6716197598897855,0.1816571541035229,0.1467230860066916
2024-25,2024-11-09,West Ham,Everton,D,1,1.6378086755119463,1.1233255366569912,0.4934404650206126,0.2453340239282439,0.2612255110511435,0.44155844155844154,0.2792207792207792,0.2792207792207792
2024-25,2024-11-09,Wolverhampton Wanderers,Southampton,H,0,1.555665026464259,1.280938791582712,0.43760220829573565,0.24828095035390949,0.31411684135035484,0.4953764861294584,0.2523117569352708,0.2523117569352708
2024-25,2024-11-10,Chelsea,Arsenal,D,1,1.3753551543801004,1.8094891744585095,0.2931227485549492,0.22925750345242163,0.47761974799262913,0.35051546391752575,0.27835051546391754,0.3711340206185567
2024-25,2024-11-10,Manchester United,Leicester City,H,0,2.049326037130053,1.1886431385219336,0.5721045218280424,0.21151845627766688,0.21637702189429076,0.6834257312177403,0.1714777289237239,0.14509653985853563
2024-25,2024-11-10,Nottingham Forest,Newcastle United,A,2,1.3974167487556128,1.291287915946464,0.395291454241597,0.25839069431226896,0.3463178514461341,0.3548387096774194,0.2903225806451613,0.3548387096774194
2024-25,2024-11-10,Tottenham,Ipswich,A,2,2.459703817721052,0.9685388627714758,0.7002447129732864,0.17012711450710177,0.12962817251961184,0.7512038523274479,0.14446227929373998,0.1043338683788122
2024-25,2024-11-23,Aston Villa,Crystal Palace,D,1,1.999483423030248,0.9981916963512945,0.6059323663752946,0.2117618382669604,0.18230579535774494,0.5883926183471516,0.23829901043059643,0.17330837122225196
2024-25,2024-11-23,Arsenal,Nottingham Forest,H,0,2.11970561019668,0.9490860667216554,0.6422725675952231,0.19902413191753818,0.1587033004872387,0.692588092345079,0.20121506682867554,0.10619684082624542
2024-25,2024-11-23,Leicester City,Chelsea,A,2,1.2645700779985989,1.637684924437602,0.2957400694418507,0.24292562910958068,0.4613343014485687,0.14530005310674457,0.19883165161975572,0.6558682952734998
2024-25,2024-11-23,Bournemouth,Brighton and Hove Albion,A,2,1.5493737077903837,1.4067345598307204,0.40934955209115376,0.24438629561263533,0.34626415229621094,0.39622641509433965,0.2641509433962264,0.33962264150943394
2024-25,2024-11-23,Manchester City,Tottenham,A,2,2.403551107284778,0.9513145506231899,0.694468982074025,0.1739449559408502,0.13158606198512485,0.6417473541995046,0.19995496509795088,0.15829768070254446
2024-25,2024-11-23,Everton,Brentford,D,1,1.4134849824346054,1.4370909134747407,0.36958887299170023,0.2502028084841317,0.380208318524168,0.38891095400746684,0.2802446580347923,0.3308443879577409
2024-25,2024-11-23,Fulham,Wolverhampton Wanderers,A,2,2.1640267108411075,0.9058221189699952,0.6612016636109649,0.19312095793523776,0.14567737845379727,0.5835764902042518,0.236348478532722,0.18007503126302626
2024-25,2024-11-24,Ipswich,Manchester United,D,1,1.2527565948838464,1.8075438345752144,0.2652413865484198,0.23059341661693955,0.5041651968346407,0.18007503126302626,0.236348478532722,0.5835764902042518
2024-25,2024-11-24,Southampton,Liverpool,A,2,0.8122374488888845,2.5624962058899223,0.09641380305828523,0.15252648145053066,0.7510597154911841,0.08639711319471147,0.1652814339377089,0.7483214528675796
2024-25,2024-11-25,Newcastle United,West Ham,A,2,1.895092022256713,1.0898794413824235,0.5615125286014512,0.22297365728810106,0.2155138141104478,0.631578947368421,0.21052631578947367,0.15789473684210525
2024-25,2024-11-29,Brighton and Hove Albion,Southampton,D,1,2.2841657495044054,0.9248522634825916,0.6792732618480744,0.18301620158506002,0.13771053656686555,0.6849315068493151,0.18904109589041096,0.12602739726027395
2024-25,2024-11-30,Crystal Palace,Newcastle United,D,1,1.2766323763266574,1.5715004565478672,0.31022452552495916,0.24731125868564638,0.4424642157893945,0.32611264277274515,0.26270185112248917,0.4111855061047657
2024-25,2024-11-30,West Ham,Arsenal,A,2,1.0039069241339917,1.6667788875268743,0.22758857461421905,0.24347567204705634,0.5289357533387246,0.13544369486248053,0.21069019200830302,0.6538661131292164
2024-25,2024-11-30,Brentford,Leicester City,H,0,1.805477411873384,1.2000633399019862,0.5156183865913949,0.23098312503399893,0.2533984883746061,0.5746381507885073,0.22575070209548498,0.19961114711600778
2024-25,2024-11-30,Wolverhampton Wanderers,Bournemouth,A,2,1.3371248304583008,1.4161218145027303,0.3544317865465023,0.25505488956038225,0.3905133238931155,0.33962264150943394,0.2641509433962264,0.39622641509433965
2024-25,2024-11-30,Nottingham Forest,Ipswich,H,0,1.7857496197825562,1.1406423374817678,0.5247378560197994,0.2326784367359989,0.24258370724420178,0.5539358600583091,0.24781341107871718,0.19825072886297374
2024-25,2024-12-01,Chelsea,Aston Villa,H,0,1.7287126369576549,1.390656536204479,0.4556349989302527,0.23415057994952265,0.3102144211202247,0.5579074690051407,0.23132748714847295,0.21076504384638645
2024-25,2024-12-01,Liverpool,Manchester City,H,0,1.8557393564505673,1.4060372006433803,0.4815352525874911,0.22590312737366497,0.292561620038844,0.45051194539249145,0.2627986348122867,0.2866894197952219
2024-25,2024-12-01,Manchester United,Everton,H,0,1.809589866620864,1.0204126079025262,0.5587128314240328,0.22991581291509486,0.2113713556608723,0.6175562417291575,0.22496691662990734,0.15747684164093514
2024-25,2024-12-01,Tottenham,Fulham,D,1,1.7661135322090717,1.2062937376755074,0.5050533101786554,0.23405734514468704,0.2608893446766576,0.5579074690051407,0.21076504384638645,0.23132748714847295
2024-25,2024-12-03,Ipswich,Crystal Palace,A,2,1.5133573921829124,1.527918944247321,0.3762557249627719,0.2411249881000884,0.38261928693713976,0.3165610142630745,0.2793185419968304,0.4041204437400951
2024-25,2024-12-03,Leicester City,West Ham,H,0,1.4328402967395093,1.3711094737730825,0.3877494257706334,0.2524722199621694,0.3597783542671971,0.3255813953488372,0.27770177838577287,0.39671682626538984
2024-25,2024-12-04,Aston Villa,Brentford,H,0,1.9135620515057277,1.2523259647201064,0.5282587939718412,0.22262700891328943,0.24911419711486943,0.5275084060230983,0.25320403489108717,0.21928755908581452
2024-25,2024-12-04,Everton,Wolverhampton Wanderers,H,0,1.561299615645027,1.0531182310455423,0.4909107699973003,0.25310923251889494,0.2559799974838048,0.4509283819628648,0.2785145888594165,0.27055702917771884
2024-25,2024-12-04,Arsenal,Manchester United,H,0,2.0963961151683956,0.9641063955410791,0.6340488118290537,0.20173348150887432,0.164217706662072,0.6554307116104868,0.2097378277153558,0.1348314606741573
2024-25,2024-12-04,Newcastle United,Liverpool,D,1,1.0542552414532167,1.9777103939616367,0.1969359900225356,0.21507940517927096,0.5879846047981935,0.2247191011235955,0.23595505617977527,0.5393258426966292
2024-25,2024-12-04,Southampton,Chelsea,A,2,0.9568890615430908,2.020298167145934,0.1712034537109311,0.20860733443950802,0.6201892118495609,0.1109874826147427,0.17969401947148816,0.7093184979137691
2024-25,2024-12-04,Manchester City,Nottingham Forest,H,0,2.3202044285983843,1.054123508872764,0.6563938054830815,0.18558624444284574,0.1580199500740728,0.6956875508543532,0.19918633034987795,0.10512611879576893
2024-25,2024-12-05,Bournemouth,Tottenham,H,0,1.5865673634643176,1.4670554448595332,0.4059920190511588,0.24012045222150616,0.35388752872733514,0.3603859807401887,0.25275070115911896,0.38686331810069224
2024-25,2024-12-05,Fulham,Brighton and Hove Albion,H,0,1.4467212744974478,1.3078674275893982,0.4044332136156301,0.2545067904787464,0.34105999590562347,0.40506329113924044,0.2644163150492264,0.330520393811533
2024-25,2024-12-07,Aston Villa,Southampton,H,0,2.709280534239553,0.9029671780996591,0.7535789439994279,0.1465248862124195,0.09989616978815258,0.6936936936936937,0.17153153153153156,0.13477477477477479
2024-25,2024-12-07,Brentford,Newcastle United,H,0,1.3176001294717004,1.3738841283897365,0.35774487891284523,0.2585407855772198,0.38371433550993483,0.3311067603362892,0.2542899919382701,0.4146032477254405
2024-25,2024-12-07,Crystal Palace,Manchester City,D,1,1.2878131559600614,2.0618276016471078,0.23568236623066066,0.21184035473437787,0.5524772790349615,0.1720368389470114,0.22528633671632445,0.6026768243366641
2024-25,2024-12-07,Manchester United,Nottingham Forest,A,2,1.6645802133718544,1.0454567305609281,0.5183793094976336,0.2435871764457905,0.238033514056576,0.5755850727387729,0.24351676154332702,0.18089816571790004
2024-25,2024-12-08,Fulham,Arsenal,D,1,0.990223254607888,1.8964037385085082,0.19320267742539127,0.2212348847056155,0.5855624378689932,0.1894034665646017,0.2187107004210181,0.5918858330143802
2024-25,2024-12-08,Ipswich,Bournemouth,A,2,1.2568015164950994,1.8560382630290821,0.25871405993245306,0.22694683393033352,0.5143391061372135,0.27149321266968324,0.25339366515837103,0.4751131221719457
2024-25,2024-12-08,Leicester City,Brighton and Hove Albion,D,1,1.3173838367235853,1.590461742172188,0.3168738594541915,0.24484770932535568,0.4382784312204529,0.20897040592517244,0.24746495438507263,0.543564639689755
2024-25,2024-12-08,Tottenham,Chelsea,A,2,1.407844016809694,2.000128490198571,0.27034321513444376,0.21661020940452647,0.5130465754610298,0.2799712849964106,0.24407753050969133,0.47595118449389806
2024-25,2024-12-09,West Ham,Wolverhampton Wanderers,H,0,1.6773227137664115,1.1530103199295907,0.4961712055619856,0.24166641116852744,0.262162383269487,0.5015432098765432,0.24434156378600827,0.25411522633744854
2024-25,2024-12-14,Newcastle United,Leicester City,H,0,1.8914550765821292,1.0252112417509078,0.5760526943129887,0.2223518705083077,0.20159543517870362,0.730136005726557,0.15819613457408735,0.11166785969935578
2024-25,2024-12-14,Liverpool,Fulham,D,1,2.672858472075919,0.7822643938761117,0.7735778385309958,0.14155334245352347,0.08486881901548075,0.7101928819304333,0.17173755144863206,0.11806956662093454
2024-25,2024-12-14,Wolverhampton Wanderers,Ipswich,A,2,1.4773944613370016,1.1970228223596673,0.43633641103352494,0.2566441927834021,0.3070193961830729,0.5,0.25,0.25
2024-25,2024-12-14,Nottingham Forest,Aston Villa,H,0,1.227828472298311,1.6950806036498038,0.2772972115435379,0.2393294517143053,0.48337333674215677,0.3608748481166464,0.28760631834750905,0.3515188335358444
2024-25,2024-12-14,Arsenal,Everton,D,1,2.689229104942988,0.6941699956607863,0.7942167277108201,0.13399075138937058,0.07179252089980931,0.7755791985681615,0.14557024957740877,0.07885055185442974
2024-25,2024-12-15,Brighton and Hove Albion,Crystal Palace,A,2,1.7336790465006005,1.1703232529202683,0.5056547134684488,0.2368869774192502,0.25745830911230105,0.509891622226045,0.24823671082057458,0.2418716669533804
2024-25,2024-12-15,Chelsea,Brentford,H,0,2.6183505333455583,1.039167044541991,0.7110440126285141,0.16116004142907556,0.12779594594241023,0.7147962830593281,0.1584465094114844,0.1267572075291875
2024-25,2024-12-15,Manchester City,Manchester United,A,2,2.188402534289794,1.0039312584783733,0.6428977555090888,0.19489147295936987,0.16221077153154131,0.6013630896699185,0.2098089001737271,0.18882801015635442
2024-25,2024-12-15,Southampton,Tottenham,A,2,1.236172173581267,2.1035324904096777,0.21921664615122233,0.20805737992883,0.5727259739199476,0.21953720447195677,0.21124357674746064,0.5692192187805826
2024-25,2024-12-16,Bournemouth,West Ham,D,1,2.2153843791897425,1.083869361707887,0.6297426029261884,0.1953849733051119,0.17487242376869971,0.5608856088560886,0.23837638376383766,0.2007380073800738
2024-25,2024-12-21,Aston Villa,Manchester City,H,0,1.4901971389405808,1.5172041640839462,0.37274449904104306,0.2426492336507262,0.38460626730823083,0.29188580015026305,0.25638617580766343,0.4517280240420737
2024-25,2024-12-21,Brentford,Nottingham Forest,A,2,1.486156366562292,1.2913601918880067,0.41794546493897944,0.2526215058330469,0.3294330292279737,0.4111855061047657,0.26270185112248917,0.32611264277274515
2024-25,2024-12-21,Crystal Palace,Arsenal,A,2,1.0310967265053403,2.031495146182176,0.18542046155784536,0.20972187684216562,0.604857661599989,0.15336592261028328,0.22822309912244534,0.6184109782672713
2024-25,2024-12-21,Ipswich,Newcastle United,A,2,1.181091103971795,1.686793157458247,0.26742283572236303,0.24057956844564857,0.49199759583198843,0.1995079572537864,0.25271007918812943,0.5477819635580841
2024-25,2024-12-21,West Ham,Brighton and Hove Albion,D,1,1.4805696652851608,1.4227719844529372,0.3891488492584982,0.24748870345359378,0.363362447287908,0.33289942187679467,0.25912171216355906,0.4079788659596463
2024-25,2024-12-22,Everton,Chelsea,D,1,1.06256712807243,2.2452573144227363,0.1674735635354354,0.19215323138672263,0.6403732050778419,0.18950534759358292,0.22560160427807488,0.5848930481283423
2024-25,2024-12-22,Tottenham,Liverpool,A,2,1.3063021068013583,2.3546995246377453,0.20174638441908194,0.19104472514082188,0.6072088904400962,0.21158844213423023,0.238036997401009,0.5503745604647607
2024-25,2024-12-22,Fulham,Southampton,D,1,2.235843780155589,0.9134055508421194,0.6730235966353478,0.18683046231696607,0.14014594104768605,0.6658656253129068,0.1990587764093321,0.13507559827776108
2024-25,2024-12-22,Manchester United,Bournemouth,A,2,1.5301416017078404,1.4995167079462128,0.38588972094066365,0.24162668719482427,0.3724835918645121,0.5256916996047432,0.24901185770750986,0.225296442687747
2024-25,2024-12-22,Leicester City,Wolverhampton Wanderers,A,2,1.6273702988969136,1.2333052389234775,0.46577805115702664,0.2443432769190313,0.2898786719239422,0.3711340206185567,0.27835051546391754,0.35051546391752575
2024-25,2024-12-26,Bournemouth,Crystal Palace,D,1,2.011765733881284,1.229151520663898,0.5549349865005104,0.21499228168978549,0.2300727318097041,0.5,0.25,0.25
2024-25,2024-12-26,Chelsea,Fulham,A,2,2.335028098026109,0.9410042931066992,0.6847484701459235,0.17931592481483205,0.13593560503924446,0.6417473541995046,0.19995496509795088,0.15829768070254446
2024-25,2024-12-26,Liverpool,Leicester City,H,0,3.783569801537282,0.6816772266977511,0.901175025989998,0.06781573947440497,0.031009234535597174,0.8795411089866157,0.07915869980879542,0.041300191204588915
2024-25,2024-12-26,Manchester City,Everton,D,1,2.0842839447154424,0.8616563102438027,0.6561921112408471,0.19884992977616672,0.14495795898298616,0.7046463956269218,0.17039631021523746,0.12495729415784079
2024-25,2024-12-26,Newcastle United,Aston Villa,H,0,1.6419996790272102,1.3359900086696532,0.44677736216150526,0.24095164747151343,0.31227099036698125,0.49702656040180676,0.24982124483353968,0.25315219476465356
2024-25,2024-12-26,Nottingham Forest,Tottenham,H,0,1.692500397461757,1.327640506435123,0.46066643316795564,0.23779265036679462,0.3015409164652498,0.4146032477254405,0.2542899919382701,0.3311067603362892
2024-25,2024-12-26,Southampton,West Ham,A,2,1.292972884112547,1.8905296064270134,0.26163757814272925,0.2243271813262514,0.5140352405310195,0.2936129647283127,0.2726406101048618,0.43374642516682554
2024-25,2024-12-26,Wolverhampton Wanderers,Manchester United,H,0,1.1265316717570735,1.5719636184312042,0.27274023465691716,0.25089406386794383,0.47636570147513896,0.24414426863815383,0.257341256132108,0.49851447522973813
2024-25,2024-12-27,Arsenal,Ipswich,H,0,3.37808015133671,0.6185280706022047,0.8806321218904155,0.08281463387767866,0.036553244231905827,0.8314855875831485,0.10532150776053213,0.06319290465631928
2024-25,2024-12-27,Brighton and Hove Albion,Brentford,D,1,1.7048401241557007,1.1230982130078697,0.509736906133593,0.23959807174390005,0.2506650221225068,0.5830269494941478,0.21813017509942711,0.19884287540642515
2024-25,2024-12-29,Tottenham,Wolverhampton Wanderers,D,1,1.899823271065154,1.143947179917253,0.5499399771018489,0.22313589103632112,0.22692413186182994,0.5879059350503919,0.18812989921612544,0.22396416573348263
2024-25,2024-12-29,West Ham,Liverpool,A,2,1.0191645400788494,2.6565165438092073,0.12148293091743458,0.15721381574606558,0.7213032533364998,0.13513513513513511,0.1891891891891892,0.6756756756756757
2024-25,2024-12-29,Crystal Palace,Southampton,H,0,2.2752508541719845,0.9566515326933279,0.6703021865690036,0.18528508339954536,0.14441273003145114,0.5924105170128148,0.23848320813079982,0.16910627485638532
2024-25,2024-12-29,Everton,Nottingham Forest,A,2,1.2132919656225387,1.2823917104585938,0.34846139366071865,0.270126774643622,0.3814118316956592,0.3648208469055374,0.29641693811074915,0.33876221498371334
2024-25,2024-12-29,Fulham,Bournemouth,D,1,1.4096474534493677,1.4533117186655156,0.36543117371608735,0.2495336450287109,0.3850351812552018,0.41025641025641024,0.2621082621082621,0.3276353276353276
2024-25,2024-12-29,Leicester City,Manchester City,A,2,0.9322327195712113,2.1330244363347153,0.1539700881426888,0.1971275028736097,0.6489024089837016,0.12693025623621246,0.17308671304938064,0.6999830307144069
2024-25,2024-12-30,Manchester United,Newcastle United,A,2,1.2812792959666486,1.6985375952336839,0.2894893077514465,0.23824252616967787,0.4722681660788757,0.34914425427872864,0.2743276283618582,0.3765281173594133
2024-25,2024-12-30,Aston Villa,Brighton and Hove Albion,D,1,1.7058292127639838,1.0778307446196684,0.5206260589420045,0.2397075000452395,0.23966644101275605,0.49315068493150677,0.24657534246575338,0.2602739726027397
2024-25,2024-12-30,Ipswich,Chelsea,H,0,1.0335266804016938,2.57978067833229,0.1301407037617976,0.16383643428266093,0.7060228619555415,0.1439701173959445,0.19701173959445034,0.6590181430096052
2024-25,2025-01-01,Brentford,Arsenal,A,2,0.8712260820761853,2.330864142621481,0.12390270374469563,0.17610675127789485,0.6999905449774094,0.14530005310674457,0.19883165161975572,0.6558682952734998
2024-25,2025-01-04,Aston Villa,Leicester City,H,0,2.060059328694313,0.8394028386233785,0.6567794047139826,0.2002888414100631,0.14293175387595444,0.7151598592626587,0.17293865687624294,0.11190148386109836
2024-25,2025-01-04,Bournemouth,Everton,H,0,1.9291624389956774,0.9268237209666392,0.6081348532629616,0.21652845152933625,0.17533669520770218,0.5477819635580841,0.25271007918812943,0.1995079572537864
2024-25,2025-01-04,Tottenham,Newcastle United,A,2,1.4417224523514964,2.040539601963482,0.2715415036354624,0.2139829935555938,0.5144755028089438,0.32917532917532916,0.24948024948024947,0.4213444213444213
2024-25,2025-01-04,Brighton and Hove Albion,Arsenal,D,1,0.9227079351339125,2.0083437082182978,0.16541617756490593,0.2086388681429363,0.6259449542921578,0.21928755908581452,0.25320403489108717,0.5275084060230983
2024-25,2025-01-04,Manchester City,West Ham,H,0,2.210713773471752,0.8933626551222008,0.6730233123617079,0.18820078058510628,0.13877590705318588,0.7239382239382238,0.15057915057915058,0.12548262548262548
2024-25,2025-01-04,Southampton,Brentford,A,2,1.2273746071528737,1.5434152309718059,0.3029332947144823,0.25073977156043287,0.4463269337250848,0.31924882629107976,0.28169014084507044,0.39906103286384975
2024-25,2025-01-04,Crystal Palace,Chelsea,D,1,1.4045438538986506,1.66184798843742,0.3251744648570938,0.23790650240422642,0.43691903273867977,0.24982124483353968,0.25315219476465356,0.49702656040180676
2024-25,2025-01-05,Fulham,Ipswich,D,1,1.887938633314948,0.9796536197077231,0.5862462848218909,0.22182747554453433,0.1919262396335748,0.6102722850464338,0.2252195337671363,0.16450818118642999
2024-25,2025-01-05,Liverpool,Manchester United,D,1,2.7995911448276827,0.7675933514383066,0.7937014969423842,0.13075068290661754,0.0755478201509982,0.7311812232661865,0.1509158044821409,0.11790297225167258
2024-25,2025-01-06,Wolverhampton Wanderers,Nottingham Forest,A,2,1.0643828556118782,1.4320604208918588,0.280483742192572,0.2647210179664004,0.45479523984102754,0.28851430811446493,0.29753038024304196,0.4139553116424932
2024-25,2025-01-14,Brentford,Manchester City,D,1,1.184553929314223,1.6724885804033234,0.27055971681226215,0.24168148247040916,0.48775880071732863,0.1975093616650701,0.22337368283549597,0.579116955499434
2024-25,2025-01-14,Chelsea,Bournemouth,D,1,1.7203822996771496,1.1938049156967463,0.49712012645167486,0.23776456109899902,0.26511531244932623,0.6417473541995046,0.19995496509795088,0.15829768070254446
2024-25,2025-01-14,Nottingham Forest,Liverpool,D,1,1.1408216606043173,2.0745094956465833,0.20308760011281934,0.2086064532510862,0.5883059466360945,0.18111910994764396,0.2319208115183246,0.5869600785340313
2024-25,2025-01-14,West Ham,Fulham,H,0,1.3637905805497261,1.4988853155775967,0.3452020909075798,0.2489793098494783,0.4058185992429419,0.3181818181818181,0.2807486631016043,0.40106951871657753
2024-25,2025-01-15,Arsenal,Tottenham,H,0,2.608083940664776,0.8480747126121669,0.7502124494870676,0.15107246072927621,0.0987150897836562,0.6818181818181818,0.1818181818181818,0.13636363636363635
2024-25,2025-01-15,Everton,Aston Villa,A,2,1.089345092752327,1.5508681284806045,0.26685089938670026,0.25343526364200303,0.4797138369712967,0.2916584109371904,0.29621557360808404,0.41212601545472566
2024-25,2025-01-15,Leicester City,Crystal Palace,A,2,1.178226736944319,1.7083239224062494,0.2633103828251397,0.23887771816092543,0.4978118990139348,0.24241142252776307,0.2626123744050766,0.4949762030671601
2024-25,2025-01-15,Newcastle United,Wolverhampton Wanderers,H,0,2.713993949516399,0.7398022176307906,0.7880719085516349,0.13534321644653885,0.07658487500182622,0.7055805003207184,0.1744708146247595,0.11994868505452214
2024-25,2025-01-16,Ipswich,Brighton and Hove Albion,A,2,1.2798767704717167,1.5135373377745984,0.3214834561054347,0.2512008932512356,0.4273156506433297,0.24414426863815383,0.257341256132108,0.49851447522973813
2024-25,2025-01-16,Manchester United,Southampton,H,0,2.435755481334383,0.8733028406709831,0.717436877466185,0.16699306016954685,0.11557006236426812,0.7403078121955972,0.1591661796220534,0.10052600818234952
2024-25,2025-01-18,Arsenal,Aston Villa,D,1,2.171438750982598,0.906017354235816,0.6625808339298361,0.19243634104472396,0.14498282502543988,0.6328555678059536,0.23153252480705624,0.13561190738699008
2024-25,2025-01-18,Brentford,Liverpool,A,2,1.0128894585732522,2.5900089960155026,0.12591660268346605,0.16198585122149295,0.712097546095041,0.1454024165472046,0.18902314151136598,0.6655744419414295
2024-25,2025-01-18,Leicester City,Fulham,A,2,1.1160468992072157,1.72767583743972,0.245500030422797,0.23766816734535381,0.5168318022318492,0.21853978671041838,0.2557506152584085,0.5257095980311731
2024-25,2025-01-18,Newcastle United,Bournemouth,A,2,2.008479950409386,1.0646803970298735,0.5920988667265042,0.21258201308435482,0.19531912018914097,0.5848930481283423,0.22560160427807488,0.18950534759358292
2024-25,2025-01-18,West Ham,Crystal Palace,A,2,1.4763016507593971,1.4948214610496384,0.37373758791033806,0.24434615812103216,0.3819162539686298,0.3661058743984409,0.2719643638388418,0.3619297617627173
2024-25,2025-01-19,Everton,Tottenham,H,0,1.3706661861440423,1.3711715592399027,0.371935864253384,0.2558969608366729,0.3721671749099431,0.33980582524271846,0.27184466019417475,0.3883495145631068
2024-25,2025-01-19,Ipswich,Manchester City,A,2,0.925282241614499,2.2128554933200317,0.14459727804308906,0.18946964626862828,0.6659330756882827,0.12589262099973555,0.17984660142819361,0.6942607775720709
2024-25,2025-01-19,Manchester United,Brighton and Hove Albion,A,2,1.4908564269760984,1.25803787817446,0.42633442218584305,0.25353436383435285,0.320131213979804,0.45051194539249145,0.2627986348122867,0.2866894197952219
2024-25,2025-01-19,Nottingham Forest,Southampton,H,0,2.623177783374358,0.7729648230497385,0.7684765395374674,0.144920330398912,0.0866031300636206,0.6835147045597626,0.19857900890367836,0.11790628653655903
2024-25,2025-01-20,Chelsea,Wolverhampton Wanderers,H,0,2.254527247626708,0.8199178794009703,0.6983656310066384,0.18034477054445222,0.12128959844890935,0.6916813176644768,0.16359766817803278,0.14472101415749056
2024-25,2025-01-25,Liverpool,Ipswich,H,0,3.6581873360503208,0.5699359570348642,0.9078882719358284,0.06585741122871366,0.026254316835457855,0.8605851979345955,0.07745266781411361,0.061962134251290886
2024-25,2025-01-25,Bournemouth,Nottingham Forest,H,0,1.615942276943319,1.2258387071598937,0.46465261963278687,0.2453577742598548,0.28998960610735836,0.4636078864934587,0.2568638290031325,0.2795282845034089
2024-25,2025-01-25,Brighton and Hove Albion,Everton,A,2,1.8915641902437828,0.9283137828918283,0.5995675867290328,0.22030233597604926,0.180130077294918,0.5717651950932151,0.2546261002148451,0.17360870469193984
2024-25,2025-01-25,Southampton,Newcastle United,A,2,0.93040065312752,2.693456661558919,0.10506638487486068,0.14939318648824432,0.7455404286368951,0.1467230860066916,0.1816571541035229,0.6716197598897855
2024-25,2025-01-25,Wolverhampton Wanderers,Arsenal,A,2,0.7838073268325111,2.460707926038702,0.09907618058093719,0.15938762683839622,0.7415361925806666,0.13544369486248053,0.21069019200830302,0.6538661131292164
2024-25,2025-01-25,Manchester City,Chelsea,H,0,1.9694478578567876,1.2252765026672467,0.5466599035351339,0.21822115187945637,0.23511894458540974,0.468666785016865,0.24019172732114327,0.2911414876619919
2024-25,2025-01-26,Aston Villa,West Ham,D,1,2.004195113495192,0.9244407483272221,0.6246598974794415,0.2090998093286367,0.16624029319192185,0.6174990513369328,0.21819250543776147,0.1643084432253056
2024-25,2025-01-26,Crystal Palace,Brentford,A,2,1.8479617337348921,1.2355121845918688,0.5172994286553325,0.22760169391830334,0.25509887742636417,0.4612804025719877,0.2521666200726866,0.28655297735532564
2024-25,2025-01-26,Fulham,Manchester United,A,2,1.850317664149542,1.1350824304523233,0.5408645874123561,0.22722549807776316,0.2319099145098807,0.41349548842683415,0.2797175362887407,0.3067869752844253
2024-25,2025-01-26,Tottenham,Leicester City,A,2,1.8954900870424787,1.002258086689872,0.5824582999848277,0.22155896045972975,0.19598273955544254,0.6547619047619047,0.1726190476190476,0.1726190476190476
2024-25,2025-02-01,Bournemouth,Liverpool,A,2,1.2173957832512672,2.121380931047948,0.2130057182890749,0.20636707726881381,0.5806272044421112,0.21124357674746064,0.21953720447195677,0.5692192187805826
2024-25,2025-02-01,Everton,Leicester City,H,0,1.7312125621304402,1.0694346710692957,0.5286711639142184,0.23742864932534502,0.2339001867604365,0.5389221556886228,0.251497005988024,0.20958083832335334
2024-25,2025-02-01,Ipswich,Southampton,A,2,2.0005325005296735,1.059598716651146,0.5916042887370525,0.21316981292197323,0.19522589834097429,0.4866595517609392,0.26360725720384204,0.24973319103521877
2024-25,2025-02-01,Newcastle United,Fulham,A,2,1.8556787317433585,1.1421024410893452,0.5404484321942009,0.22681323149495322,0.232738336310846,0.5608856088560886,0.23837638376383766,0.2007380073800738
2024-25,2025-02-01,Nottingham Forest,Brighton and Hove Albion,H,0,1.5948513691881732,1.1968134858060842,0.4659880100074329,0.2475958181472798,0.2864161718452872,0.3952569169960474,0.26877470355731226,0.3359683794466403
2024-25,2025-02-01,Wolverhampton Wanderers,Aston Villa,H,0,1.011220936089624,1.853663135207671,0.2033930297468519,0.225650057429766,0.5709569128233821,0.28668941979522183,0.26279863481228666,0.4505119453924914
2024-25,2025-02-02,Brentford,Tottenham,A,2,1.8853707079099908,1.2395908150695598,0.5248292954585736,0.22474422623788382,0.25042647830354253,0.45564074479737127,0.2453450164293538,0.2990142387732749
2024-25,2025-02-02,Manchester United,Crystal Palace,A,2,1.546834544129289,1.3612673061540992,0.4182150368185303,0.2461977449210792,0.3355872182603905,0.4767025089605735,0.27240143369175623,0.25089605734767023
2024-25,2025-02-02,Arsenal,Manchester City,H,0,1.7096106328447322,1.2626318019598874,0.479040527491642,0.237741219230121,0.28321825327823713,0.48908296943231444,0.2724890829694323,0.23842794759825325
2024-25,2025-02-03,Chelsea,West Ham,H,0,2.1978093553437383,0.90213588530846,0.6685247112731975,0.18980625468304102,0.14166903404376152,0.6866642573183954,0.19660281893747744,0.11673292374412723
2024-25,2025-02-12,Everton,Liverpool,D,1,0.9574671215335534,2.478366696281638,0.12615520092556143,0.1680150201835091,0.7058297788909295,0.126984126984127,0.21164021164021166,0.6613756613756615
2024-25,2025-02-14,Brighton and Hove Albion,Chelsea,H,0,1.2670206101152284,1.5970421111642084,0.30335784971499985,0.24577488659637042,0.45086726368862967,0.3506261180679785,0.2629695885509839,0.38640429338103754
2024-25,2025-02-15,Aston Villa,Ipswich,D,1,2.114844663264393,0.8381891560114407,0.6678752683432218,0.19477513757021714,0.13734959408656106,0.6690140845070423,0.19718309859154928,0.13380281690140844
2024-25,2025-02-15,Crystal Palace,Everton,A,2,1.5934841670543025,1.2067880674193703,0.46339966816932693,0.2474828455318317,0.28911748629884126,0.5292652552926526,0.28019925280199254,0.19053549190535493
2024-25,2025-02-15,Fulham,Nottingham Forest,H,0,1.6435500210152383,1.3462222989310715,0.44494856241695047,0.24058955206780733,0.3144618855152421,0.43220338983050843,0.2796610169491525,0.288135593220339
2024-25,2025-02-15,Leicester City,Arsenal,A,2,0.7521442114719048,2.447983569229345,0.09493365208651228,0.15844309085398048,0.7466232570595073,0.10999917293854934,0.1869985939955339,0.7030022330659168
2024-25,2025-02-15,Manchester City,Newcastle United,H,0,2.0099465219247037,1.1668955102613356,0.5686989030496904,0.21434655145011772,0.216954545500192,0.48657187993680895,0.2259083728278041,0.2875197472353871
2024-25,2025-02-15,Southampton,Bournemouth,A,2,0.9735722503571625,2.5928506602684087,0.11936138731929472,0.15966756559678416,0.7209710470839211,0.15789473684210528,0.2105263157894737,0.6315789473684211
2024-25,2025-02-15,West Ham,Brentford,A,2,1.4921633986201508,1.588594870884668,0.35951939732597304,0.2390785700094518,0.40140203266457514,0.40506329113924044,0.2644163150492264,0.330520393811533
2024-25,2025-02-16,Liverpool,Wolverhampton Wanderers,H,0,3.3763402786885814,0.649148527861787,0.8757154170087524,0.0851103622661213,0.03917422072512624,0.8067226890756303,0.11596638655462185,0.07731092436974789
2024-25,2025-02-16,Tottenham,Manchester United,H,0,1.4264393989890123,1.4030346813824712,0.3796447227400795,0.2512743482931435,0.36908092896677713,0.38633191121247273,0.2524035153254822,0.3612645734620451
2024-25,2025-02-19,Aston Villa,Liverpool,D,1,1.0477474112470688,1.9584070789354782,0.19796563149887475,0.21667192430043783,0.5853624442006874,0.24353727916957785,0.23744884719033837,0.5190138736400838
2024-25,2025-02-21,Leicester City,Brentford,A,2,1.2255131959967684,1.7206531073085478,0.2726049548766879,0.23740810533653825,0.4899869397867738,0.2609477241676853,0.24721363342201763,0.4918386424102969
2024-25,2025-02-22,Aston Villa,Chelsea,H,0,1.4272597494926778,1.389165906768717,0.3826584333234267,0.2519116334926125,0.3654299331839609,0.3590576766856215,0.27774167343623074,0.3632006498781478
2024-25,2025-02-22,Arsenal,West Ham,A,2,2.567675993389898,0.6163522361207495,0.794277201166763,0.13813131357788755,0.06759148525534944,0.7470119521912351,0.15811752988047809,0.09487051792828687
2024-25,2025-02-22,Southampton,Brighton and Hove Albion,A,2,1.0156135145906373,1.8952294978465503,0.19897680654795386,0.2218327736186604,0.5791904198333857,0.15786858775307416,0.23102720158986464,0.6111042106570612
2024-25,2025-02-22,Bournemouth,Wolverhampton Wanderers,A,2,2.306812097106304,0.8974813169735625,0.6896817499889342,0.1796393765779878,0.13067887343307807,0.6179775280898876,0.21011235955056176,0.17191011235955056
2024-25,2025-02-22,Ipswich,Tottenham,A,2,1.2121487191939566,1.4825226575636992,0.3099671293944651,0.2557431493022186,0.4342897213033164,0.2327322218441647,0.2650561415447431,0.5022116366110921
2024-25,2025-02-22,Fulham,Crystal Palace,A,2,1.7251001035351066,1.123994436298007,0.5143608969344032,0.23785890044539298,0.2477802026202039,0.4636078864934587,0.2795282845034089,0.2568638290031325
2024-25,2025-02-22,Everton,Manchester United,D,1,1.63044997837355,1.1534374791466,0.4846606976864612,0.2455365807334518,0.26980272158008706,0.3783122706889523,0.29555646147574394,0.32613126783530366
2024-25,2025-02-23,Manchester City,Liverpool,A,2,1.477913999819827,1.435521934229116,0.38591748403757165,0.24705008287891256,0.36703243308351585,0.32917532917532916,0.24948024948024947,0.4213444213444213
2024-25,2025-02-23,Newcastle United,Nottingham Forest,H,0,1.6597265408245991,1.275037854132555,0.4643513841299199,0.24112756744699254,0.2945210484230876,0.5256916996047432,0.24901185770750986,0.225296442687747
2024-25,2025-02-25,Brighton and Hove Albion,Bournemouth,H,0,1.6945079620052592,1.3522212207949937,0.45582202785359643,0.2371446974333936,0.3070332747130099,0.4689603590127151,0.2468212415856395,0.2842183994016455
2024-25,2025-02-25,Chelsea,Southampton,H,0,2.8944760003128946,0.7529509292739021,0.8085018839091884,0.12277054186894998,0.06872757422186151,0.8088978766430739,0.11830131445904954,0.07280080889787664
2024-25,2025-02-25,Crystal Palace,Aston Villa,H,0,1.497609141733018,1.2746665367807688,0.4244334685677318,0.2524705798136842,0.32309595161858384,0.38526912181303113,0.2776203966005666,0.3371104815864023
2024-25,2025-02-25,Wolverhampton Wanderers,Fulham,A,2,1.1499991697942922,1.4040441677875501,0.3081400683953705,0.26409696299857827,0.4277629686060511,0.35752979414951247,0.28494041170097506,0.35752979414951247
2024-25,2025-02-26,Brentford,Everton,D,1,1.514468391771583,1.2539409493068039,0.43319523450505126,0.2520158018070903,0.31478896368785836,0.47349177330895803,0.25594149908592323,0.27056672760511885
2024-25,2025-02-26,Liverpool,Newcastle United,H,0,2.2227525189571944,0.9130880569412736,0.6706512657113649,0.1880112444313426,0.14133748985729247,0.6272727272727273,0.2090909090909091,0.16363636363636366
2024-25,2025-02-26,Manchester United,Ipswich,H,0,1.8484298462564508,0.9703606099678805,0.5796781968773397,0.22546708701499382,0.19485471610766658,0.6217557060086298,0.21969658895916944,0.15854770503220061
2024-25,2025-02-26,Nottingham Forest,Arsenal,D,1,1.1480810373864536,1.7359731285596978,0.2518365619282826,0.23682867698556054,0.5113347610861569,0.24489795918367344,0.26530612244897955,0.48979591836734687
2024-25,2025-02-26,Tottenham,Manchester City,A,2,1.0742140477517779,1.7254625781562942,0.2358828421944,0.23794720292321606,0.5261699548823839,0.2909090909090909,0.23636363636363636,0.4727272727272727
2024-25,2025-02-27,West Ham,Leicester City,H,0,1.807611653867142,0.8556886492783613,0.598871385418543,0.2271826311277635,0.17394598345369353,0.5848930481283423,0.22560160427807488,0.18950534759358292
2024-25,2025-03-08,Crystal Palace,Ipswich,H,0,2.3621092310287457,0.8153380091299159,0.7182161213428441,0.17012891258583723,0.1116549660713188,0.6505067104902768,0.1985757326759792,0.1509175568337442
2024-25,2025-03-08,Brighton and Hove Albion,Fulham,H,0,1.649158227540443,1.1169125541003868,0.49771415978635136,0.2444342571786709,0.2578515830349777,0.4850444624090542,0.2627324171382377,0.25222312045270817
2024-25,2025-03-08,Brentford,Aston Villa,A,2,1.5478057357919668,1.2860139256046568,0.4345466402699347,0.24866246989981214,0.3167908898302531,0.4277950310559006,0.24767080745341613,0.32453416149068326
2024-25,2025-03-08,Liverpool,Southampton,H,0,3.802349451493129,0.46754450133734643,0.929110048851977,0.05318682104563935,0.017703130102383734,0.8473736372646186,0.10356788899900893,0.04905847373637265
2024-25,2025-03-08,Wolverhampton Wanderers,Everton,D,1,1.2240734860131528,1.3943216602666813,0.3294359031681394,0.2617070917475059,0.4088570050843547,0.3647654845563001,0.3059323418859291,0.3293021735577709
2024-25,2025-03-08,Nottingham Forest,Manchester City,H,0,1.1912480558832168,1.700416738712064,0.2676805764738479,0.23937567384581843,0.4929437496803338,0.23647209203238181,0.2522368981678739,0.5112910097997444
2024-25,2025-03-09,Chelsea,Leicester City,H,0,2.4564359239541105,0.7414958136826225,0.7503413764687,0.15698014542559272,0.09267847810570713,0.802675585284281,0.11839464882943143,0.07892976588628761
2024-25,2025-03-09,Manchester United,Arsenal,D,1,0.8975400777315224,1.6906859395118055,0.19849350077782488,0.24050541948129878,0.5610010797408763,0.16596931659693168,0.27266387726638774,0.5613668061366807
2024-25,2025-03-09,Tottenham,Bournemouth,D,1,1.4566529180543273,1.4203044517402394,0.38371393934575887,0.24885648649717998,0.3674295741570611,0.3519585253456221,0.24366359447004612,0.4043778801843318
2024-25,2025-03-10,West Ham,Newcastle United,A,2,1.2858989218479684,1.3987656144440404,0.34466284920861107,0.25856022619789143,0.3967769245934975,0.29127725856697817,0.27842679127725856,0.43029595015576316
2024-25,2025-03-15,Everton,West Ham,D,1,1.5276685092871705,1.0303755234579004,0.487769135212475,0.25663555471664934,0.2555953100708756,0.46162382097281307,0.29572776031070835,0.2426484187164787
2024-25,2025-03-15,Manchester City,Brighton and Hove Albion,D,1,1.7446822614390733,1.1729697511474335,0.5076454140815708,0.2359749349827716,0.2563796509356574,0.5692192187805826,0.21953720447195677,0.21124357674746064
2024-25,2025-03-15,Bournemouth,Brentford,A,2,1.6366550724678501,1.201537842554238,0.4751944061036995,0.24424518787416463,0.28056040602213594,0.5483028720626633,0.2258485639686684,0.2258485639686684
2024-25,2025-03-15,Southampton,Wolverhampton Wanderers,A,2,1.1129604962903423,1.8414184284784407,0.22814089995706388,0.22785213544011493,0.5440069646028212,0.25392083644510827,0.2763256161314414,0.4697535474234503
2024-25,2025-03-15,Ipswich,Nottingham Forest,A,2,1.0810317007592916,1.822211425919895,0.22354863551511578,0.2293139052539854,0.5471374592308988,0.25339366515837103,0.27149321266968324,0.4751131221719457
2024-25,2025-03-16,Arsenal,Chelsea,H,0,1.8647684730967207,0.9645537502589735,0.5847596288746661,0.2237632741216734,0.1914770970036604,0.5263157894736842,0.2631578947368421,0.21052631578947367
2024-25,2025-03-16,Fulham,Tottenham,H,0,1.6014519374355174,1.0861304015474995,0.4931717759498759,0.24898831535596633,0.25783990869415785,0.47872340425531923,0.25531914893617025,0.2659574468085107
2024-25,2025-03-16,Leicester City,Manchester United,A,2,1.0173559740195595,1.6173051386112849,0.23826924952673864,0.24821028716174098,0.5135204633115203,0.21076011846001974,0.27097729516288255,0.5182625863770978
2024-25,2025-04-01,Arsenal,Fulham,H,0,1.9642629673576326,0.7503981319851184,0.6594467612795861,0.20632721178870314,0.13422602693171076,0.643819671016857,0.2200584556824361,0.1361218733007069
2024-25,2025-04-01,Nottingham Forest,Manchester United,H,0,1.5637062949552354,1.075472344275474,0.4862234423612544,0.2525333839554638,0.26124317368328187,0.41349548842683415,0.2797175362887407,0.3067869752844253
2024-25,2025-04-01,Wolverhampton Wanderers,West Ham,H,0,1.2696329690229187,1.153589140523666,0.3907725646328218,0.27447853988125587,0.3347488954859223,0.3783122706889523,0.29555646147574394,0.32613126783530366
2024-25,2025-04-02,Brighton and Hove Albion,Aston Villa,A,2,1.958643459949024,1.2042908025638204,0.5490629444432458,0.21888995563839964,0.2320470999183547,0.4607779125081615,0.24857755806361342,0.29064452942822494
2024-25,2025-04-02,Liverpool,Everton,H,0,2.6124379647031746,0.6962958362698844,0.7833047613914338,0.14039241879335088,0.07630281981521533,0.6934812760055478,0.18862690707350901,0.11789181692094314
2024-25,2025-04-02,Bournemouth,Ipswich,A,2,2.240389837461844,0.862931256551409,0.6856852653979231,0.18394844052219347,0.13036629407988345,0.6942607775720708,0.1798466014281936,0.12589262099973553
2024-25,2025-04-02,Newcastle United,Brentford,H,0,1.6895786639692303,1.09341189816262,0.5130377357815393,0.24109430668436857,0.24586795753409213,0.5503745604647607,0.21158844213423023,0.238036997401009
2024-25,2025-04-02,Southampton,Crystal Palace,D,1,0.861752885024162,2.9168603645547373,0.08121278135794763,0.12864699036509414,0.7901402282769582,0.16494734867768818,0.24959138286755447,0.5854612684547574
2024-25,2025-04-02,Manchester City,Leicester City,H,0,2.697064764819108,0.5538845210505701,0.8241847503470178,0.12239319975850366,0.053422049894478615,0.7874015748031497,0.11811023622047244,0.09448818897637795
2024-25,2025-04-03,Chelsea,Tottenham,H,0,1.8577652793328416,1.017473173675276,0.5703761801819947,0.2253601666149206,0.20426365320308476,0.5769230769230769,0.2115384615384615,0.2115384615384615
2024-25,2025-04-05,Aston Villa,Nottingham Forest,H,0,1.534465956482717,1.1588792214757297,0.45948268867976594,0.25328466252802656,0.2872326487922075,0.48339684267827987,0.26183995645073493,0.25476320087098525
2024-25,2025-04-05,Crystal Palace,Brighton and Hove Albion,H,0,1.642553813477634,1.4130894198998019,0.4305283754384183,0.23880681428896203,0.33066481027261974,0.40127388535031844,0.26194267515923564,0.3367834394904458
2024-25,2025-04-05,Everton,Arsenal,D,1,0.9487396150984301,1.6245212914618523,0.22018256202183378,0.247732545137317,0.5320848928408493,0.1780821917808219,0.28767123287671237,0.5342465753424658
2024-25,2025-04-05,Ipswich,Wolverhampton Wanderers,A,2,1.2824247377116835,1.2985042881096043,0.3636982220581136,0.2650457700955447,0.37125600784634166,0.34997031547485,0.2907445697791062,0.3592851147460438
2024-25,2025-04-05,West Ham,Bournemouth,D,1,1.398516226913079,1.290322097191026,0.39577902414428323,0.258366579492656,0.3458543963630607,0.3163064833005893,0.2711198428290766,0.41257367387033395
2024-25,2025-04-06,Brentford,Chelsea,D,1,1.2309927442222781,1.5053589555087492,0.31063675414237446,0.25342738108735874,0.43593586477026686,0.29609793420045905,0.2631981637337414,0.4407039020657995
2024-25,2025-04-06,Fulham,Liverpool,H,0,0.8501886341495806,2.0745121892989045,0.1436496080925044,0.19931692803498613,0.6570334638725095,0.21076011846001974,0.27097729516288255,0.5182625863770978
2024-25,2025-04-06,Manchester United,Manchester City,D,1,1.0645285420714026,1.5534736114243761,0.2601332713145293,0.25364580528107045,0.4862209234044002,0.28062360801781744,0.26503340757238314,0.4543429844097996
2024-25,2025-04-06,Tottenham,Southampton,H,0,2.342688510174605,0.8055605335505865,0.717161292832392,0.17131902444656513,0.11151968272104278,0.6834257312177403,0.1714777289237239,0.14509653985853563
2024-25,2025-04-07,Leicester City,Newcastle United,A,2,0.8524091266334421,1.9522661412666398,0.15679014268885536,0.2118072044490403,0.6314026528621044,0.14410237388724037,0.22301557863501484,0.6328820474777448
2024-25,2025-04-12,Brighton and Hove Albion,Leicester City,D,1,2.4022478766315154,0.6646380856415904,0.7592823103779673,0.15655190943994549,0.08416578018208723,0.744047619047619,0.15997023809523808,0.09598214285714286
2024-25,2025-04-12,Nottingham Forest,Everton,A,2,1.4564478974256319,1.0082081609604032,0.47455104812272725,0.26396175780943926,0.2614871940678336,0.4537346711259755,0.28874024526198444,0.25752508361204013
2024-25,2025-04-12,Arsenal,Brentford,D,1,2.2948368111698714,0.7531137184682826,0.7211573974630358,0.17261254306108945,0.10623005947587486,0.5918858330143802,0.2187107004210181,0.1894034665646017
2024-25,2025-04-12,Southampton,Aston Villa,A,2,0.8449665640337505,2.3482172661591205,0.11785976120460845,0.17309748399727934,0.7090427547981122,0.15874177029992684,0.22677395757132407,0.6144842721287491
2024-25,2025-04-12,Manchester City,Crystal Palace,H,0,1.762861129926535,1.0560155720442752,0.5393309782871435,0.23451937958195798,0.22614964213089853,0.6342525399129173,0.20029027576197386,0.16545718432510886
2024-25,2025-04-13,Chelsea,Ipswich,D,1,2.4230996178940285,0.7166702050865045,0.7507074737262324,0.15828923453694557,0.09100329173682206,0.751404937803877,0.13632632443013198,0.11226873776599104
2024-25,2025-04-13,Liverpool,West Ham,H,0,2.621120607519442,0.644266217437636,0.7955741013230591,0.13577944526466085,0.06864645341228012,0.7250755287009064,0.1570996978851964,0.1178247734138973
2024-25,2025-04-13,Newcastle United,Manchester United,H,0,1.9365450873481838,0.9987687368636174,0.5923016133825467,0.21763222632281481,0.19006616029463846,0.5746381507885073,0.22575070209548498,0.19961114711600778
2024-25,2025-04-13,Wolverhampton Wanderers,Tottenham,H,0,1.3898343775583955,1.2929258439164812,0.392986460899993,0.2587930085522986,0.3482205305477085,0.4308880308880309,0.2633204633204634,0.3057915057915058
2024-25,2025-04-14,Bournemouth,Fulham,H,0,1.5604614392231093,1.2602879016939166,0.44331051659551773,0.2485575467235298,0.3081319366809524,0.44134505158578524,0.2711119602598395,0.28754298815437523
2024-25,2025-04-16,Newcastle United,Crystal Palace,H,0,1.9814370361722071,1.1105325837591857,0.5755938411189412,0.2158219415889164,0.2085842172921424,0.5674708261793209,0.24299391787678612,0.18953525594389314
2024-25,2025-04-19,Crystal Palace,Bournemouth,D,1,1.5541285818370243,1.4700176621119545,0.39758154212181596,0.24167809798068648,0.36074035989749753,0.3828316115075915,0.26053818005377755,0.3566302084386309
2024-25,2025-04-19,Brentford,Brighton and Hove Albion,H,0,1.3193497254203739,1.4328083453514961,0.3466564130177416,0.2548705230674138,0.3984730639148446,0.39176547697074426,0.2507299052612763,0.35750461776797954
2024-25,2025-04-19,West Ham,Southampton,D,1,2.0895301025967834,0.7958149590060497,0.6732553147027451,0.19526998091635805,0.13147470438089676,0.6371481479804588,0.21777811986399054,0.14507373215555064
2024-25,2025-04-19,Everton,Manchester City,A,2,1.0542743878629657,1.6057345135652097,0.24923129129939212,0.24898259772849193,0.5017861109721159,0.2522099548839085,0.25921578696401715,0.48857425815207417
2024-25,2025-04-19,Aston Villa,Newcastle United,H,0,1.4991386305685346,1.5013506029165191,0.3780181716518394,0.2429911026042791,0.37899072574388154,0.40399918384003264,0.2581105896755764,0.3378902264843909
2024-25,2025-04-20,Leicester City,Liverpool,A,2,0.6299610671381591,3.117620863053324,0.04571916065376914,0.09870744442237493,0.8555733949238559,0.08491564118269392,0.14945152848154128,0.7656328303357648
2024-25,2025-04-20,Manchester United,Wolverhampton Wanderers,A,2,1.559942376725432,1.1236117644555002,0.4740206196257755,0.25197343850882,0.2740059418654044,0.47368421052631576,0.2631578947368421,0.2631578947368421
2024-25,2025-04-20,Fulham,Chelsea,A,2,1.2776895156421368,1.385104696183997,0.34519345674710916,0.25983498771863534,0.39497155553425556,0.34738314023172195,0.25349580503395924,0.39912105473431886
2024-25,2025-04-20,Ipswich,Arsenal,A,2,0.7754591373874141,2.3569674494017403,0.10530605147377259,0.16817971954262445,0.726514228983603,0.11775700934579439,0.20934579439252335,0.6728971962616822
2024-25,2025-04-21,Tottenham,Nottingham Forest,A,2,1.3590793350214152,1.1877518855009288,0.40747591182926474,0.2659433078581905,0.3265807803125447,0.3828316115075915,0.26053818005377755,0.3566302084386309
2024-25,2025-04-22,Manchester City,Aston Villa,H,0,1.7753845321745405,1.2252230717508263,0.5029210882481743,0.23321134583558195,0.2638675659162438,0.5261599210266535,0.23099703849950645,0.24284304047384012
2024-25,2025-04-23,Arsenal,Crystal Palace,D,1,2.2486035147315504,0.7379860585841325,0.7166911296819866,0.17614304195112812,0.10716582836688524,0.6750355281856939,0.19895783988630977,0.1260066319279962
2024-25,2025-04-26,Brighton and Hove Albion,West Ham,H,0,1.7713911665888489,1.0401315413334524,0.5451263980869184,0.23365172738898118,0.22122187452410036,0.5716905706876048,0.2273150602495952,0.20099436906279997
2024-25,2025-04-26,Chelsea,Everton,H,0,1.6674080193274452,0.9000733097713278,0.5547399339065194,0.24302516848062372,0.2022348976128568,0.6075949367088608,0.23544303797468355,0.1569620253164557
2024-25,2025-04-26,Newcastle United,Ipswich,H,0,2.9625110265104206,0.7460993618672301,0.8178961682831826,0.11750438833851892,0.06459944337829841,0.8012162051113485,0.12605801627085214,0.07272577861779932
2024-25,2025-04-26,Southampton,Fulham,A,2,0.944705834791654,1.6306639031865229,0.21830038630292592,0.2470970748274592,0.5346025388696148,0.17877094972067037,0.2346368715083799,0.5865921787709497
2024-25,2025-04-26,Wolverhampton Wanderers,Leicester City,H,0,2.2542802256810606,0.8182949998611752,0.698703153554986,0.18027879847364617,0.12101804797136782,0.6261180679785332,0.22361359570661898,0.15026833631484798
2024-25,2025-04-27,Bournemouth,Manchester United,D,1,1.5918768734293371,1.0264290405239225,0.5049941125800588,0.2505708879345511,0.24443499948539016,0.5590930268675262,0.23342133871719212,0.20748563441528187
2024-25,2025-04-27,Liverpool,Tottenham,H,0,3.0332461028361966,0.7557580159610273,0.824154720038936,0.1134049389667075,0.06244034099435654,0.7564469914040115,0.15759312320916904,0.08595988538681948
2024-25,2025-05-01,Nottingham Forest,Brentford,A,2,1.4844176658975317,1.1921612076794268,0.43922164617800113,0.25626935572028353,0.3045089981017154,0.43940125543215836,0.269917914051183,0.2906808305166586
2024-25,2025-05-02,Manchester City,Wolverhampton Wanderers,H,0,2.3459898087583055,0.8773110738271803,0.7012405257088339,0.17508194113115003,0.12367753316001602,0.6750355281856939,0.19895783988630977,0.1260066319279962
2024-25,2025-05-03,Arsenal,Bournemouth,A,2,2.1479370587092146,0.8440633694784482,0.6728427563374523,0.1918130079899037,0.13534423567264398,0.4636078864934587,0.2568638290031325,0.2795282845034089
2024-25,2025-05-03,Aston Villa,Fulham,H,0,1.9968954089342645,0.9524486532213354,0.6163593241506552,0.2106947909605362,0.17294588488880852,0.536097212294496,0.2530378842030021,0.21086490350250175
2024-25,2025-05-03,Everton,Ipswich,D,1,2.0710403109615916,0.8183785087616007,0.664103125740122,0.1982301012941593,0.13766677296571864,0.6418691631412705,0.2149446389272153,0.1431861979315142
2024-25,2025-05-03,Leicester City,Southampton,H,0,1.4939380470119763,1.2854848116863875,0.4211720681214553,0.252323794772288,0.3265041371062567,0.41025641025641024,0.2621082621082621,0.3276353276353276
2024-25,2025-05-04,Brighton and Hove Albion,Newcastle United,D,1,1.3325057875342519,1.8460961933853057,0.2774481471673991,0.22726312171454296,0.49528873111805793,0.32997285769678164,0.25684373788290027,0.4131834044203179
2024-25,2025-05-04,Brentford,Manchester United,H,0,1.5511127414686299,1.0877957505028613,0.48013919303761354,0.25344280920960693,0.2664179977527795,0.5714914533049666,0.22999046291541345,0.19851808377962
2024-25,2025-05-04,West Ham,Tottenham,D,1,1.443730596011965,1.2705254466161642,0.41162449767465675,0.2562830677527716,0.33209243457257165,0.45172802404207363,0.2563861758076634,0.291885800150263
2024-25,2025-05-04,Chelsea,Liverpool,H,0,1.0808436587379466,1.7529878492264117,0.23341023218703338,0.23548115163408065,0.5311086161788859,0.43963204292832503,0.2554618627826753,0.3049060942889996
2024-25,2025-05-05,Crystal Palace,Nottingham Forest,D,1,1.5404910258830828,1.1472788877904956,0.463658260955313,0.25307817797388954,0.2832635610707975,0.42285270112708895,0.27982899339292655,0.29731830547998445
2024-25,2025-05-10,Bournemouth,Aston Villa,A,2,1.2117417069517595,1.61442669573301,0.2867850294986697,0.24576816553496794,0.46744680496636243,0.39379474940334136,0.2625298329355609,0.3436754176610979
2024-25,2025-05-10,Fulham,Everton,A,2,1.468650837695805,1.0011333818808976,0.47946628986882633,0.26292562495351984,0.25760808517765393,0.5155333917379877,0.2759619920479817,0.20850461621403063
2024-25,2025-05-10,Ipswich,Brentford,A,2,0.967157346064785,2.137169375658669,0.16043660555445963,0.19810277180540325,0.6414606226401371,0.18938307030129126,0.23672883787661403,0.5738880918220947
2024-25,2025-05-10,Southampton,Manchester City,D,1,0.6457276012272313,2.771909392806457,0.061425320440988446,0.12387612725565571,0.8146985523033559,0.08595988538681948,0.12607449856733524,0.7879656160458453
2024-25,2025-05-10,Wolverhampton Wanderers,Brighton and Hove Albion,A,2,1.4600335132974775,1.3010967183904543,0.4092518024918928,0.253941697526388,0.33680649998171913,0.3507014028056112,0.2705410821643286,0.3787575150300601
2024-25,2025-05-11,Liverpool,Arsenal,D,1,1.8579389540201006,1.1812836306992422,0.5319138954540292,0.22678812229119052,0.24129798225478022,0.47368421052631576,0.2631578947368421,0.2631578947368421
2024-25,2025-05-11,Manchester United,West Ham,A,2,1.522978329174593,1.0752174271302788,0.47592703054611807,0.25621098286837635,0.26786198658550553,0.49930651872399445,0.2635228848821082,0.23717059639389737
2024-25,2025-05-11,Newcastle United,Chelsea,H,0,1.6951589955639823,1.317232759087331,0.46356539790429385,0.2378202395734004,0.2986143625223057,0.4469434832756632,0.2502883506343714,0.3027681660899654
2024-25,2025-05-11,Nottingham Forest,Leicester City,D,1,2.246915176669326,0.8556204462535648,0.6885954869970057,0.18296477465598587,0.12843973834700848,0.7044320516583504,0.17845611975344877,0.11711182858820077
2024-25,2025-05-11,Tottenham,Crystal Palace,A,2,1.4575409470876908,1.4538630329943625,0.3772147846581198,0.24720951538274613,0.37557569995913404,0.35938186319530413,0.26254841672323603,0.37806972008145995
2024-25,2025-05-16,Aston Villa,Tottenham,H,0,2.4691396232152547,0.791162522572278,0.7412295976798599,0.1591222384767422,0.09964816384339796,0.730136005726557,0.15819613457408735,0.11166785969935578
2024-25,2025-05-16,Chelsea,Manchester United,H,0,2.102579671914373,0.9195678235827209,0.6458942667409302,0.19948283604032402,0.1546228972187457,0.6585879873551107,0.1896733403582719,0.15173867228661753
2024-25,2025-05-18,Arsenal,Newcastle United,H,0,1.8230956452370946,1.276692553570077,0.5023823750026892,0.2292954610859372,0.2683221639113736,0.48684210526315796,0.256578947368421,0.256578947368421
2024-25,2025-05-18,West Ham,Nottingham Forest,A,2,1.3428886967785314,1.182241709742766,0.4043642384882014,0.26741795256096396,0.3282178089508347,0.34343434343434337,0.2861952861952861,0.37037037037037035
2024-25,2025-05-18,Brentford,Fulham,A,2,1.727191502893384,0.9535203647578399,0.5557854930096454,0.23726590387723667,0.2069486031131179,0.4949762030671601,0.24241142252776307,0.2626123744050766
2024-25,2025-05-18,Leicester City,Ipswich,H,0,1.5818330544060766,1.2606080093431178,0.44853355355803237,0.2470261957377186,0.30444025070424907,0.4111855061047657,0.26270185112248917,0.32611264277274515
2024-25,2025-05-18,Everton,Southampton,H,0,2.0962941699919067,0.6752278336030451,0.7043080950520223,0.18792083776441135,0.10777106718356635,0.6750355281856939,0.19895783988630977,0.1260066319279962
2024-25,2025-05-19,Brighton and Hove Albion,Liverpool,H,0,1.1344678115063118,2.1646502653846467,0.1907481000643358,0.20107364397044683,0.6081782559652175,0.3630346735157562,0.25170404030425764,0.3852612861799862
2024-25,2025-05-20,Crystal Palace,Wolverhampton Wanderers,H,0,1.9429805537522287,0.9904477559355934,0.5956973461865156,0.21683615239584658,0.1874665014176378,0.41929720071471116,0.2858844550327576,0.2948183442525313
2024-25,2025-05-20,Manchester City,Bournemouth,H,0,2.1597818200681016,0.8010474058959727,0.685435426825898,0.1884862890096533,0.12607828416444872,0.6144269091716742,0.21994496748639608,0.16562812334192958
2024-25,2025-05-25,Bournemouth,Leicester City,H,0,1.9723771215713086,0.8332276979678216,0.6403865451810673,0.20899950138667148,0.1506139534322612,0.7093184979137691,0.17969401947148816,0.1109874826147427
2024-25,2025-05-25,Fulham,Manchester City,A,2,1.0104512007810555,1.5530299352558308,0.24646415941894032,0.2544959764991208,0.4990398640819388,0.18812989921612544,0.22396416573348263,0.5879059350503919
2024-25,2025-05-25,Ipswich,West Ham,A,2,1.1325442640477374,1.4661952425383642,0.2923741630315626,0.2596360215788518,0.4479898153895856,0.31714719271623676,0.2503793626707132,0.4324734446130501
2024-25,2025-05-25,Newcastle United,Everton,A,2,1.993955390853035,0.9358858157237632,0.6197428577937806,0.21046330411668937,0.16979383808953008,0.7151598592626587,0.17293865687624294,0.11190148386109836
2024-25,2025-05-25,Nottingham Forest,Chelsea,A,2,1.2226611702107537,1.3491519682172999,0.3377635681359398,0.2649673130742696,0.3972691187897907,0.3160919540229885,0.25287356321839083,0.4310344827586207
2024-25,2025-05-25,Southampton,Arsenal,A,2,0.6897124873173459,2.769051861342391,0.06709023488707207,0.12742761779951195,0.805482147313416,0.11166785969935578,0.15819613457408735,0.730136005726557
2024-25,2025-05-25,Tottenham,Brighton and Hove Albion,A,2,1.1953355497280984,1.5630962687518524,0.2914767473831892,0.2501004711879779,0.4584227814288329,0.22519656132407379,0.21843546363997918,0.556367975035947
2024-25,2025-05-25,Wolverhampton Wanderers,Brentford,D,1,1.1980806857319286,1.5981927855021032,0.28616348314986134,0.2473084322893992,0.4665280845607394,0.3531359563693027,0.2576938059992208,0.3891702376314764
2024-25,2025-05-25,Liverpool,Crystal Palace,D,1,2.4765807754909264,1.1009811319154046,0.6740581247828453,0.17499608021819577,0.1509457949989589,0.6771344455348381,0.15799803729146222,0.1648675171736997
2024-25,2025-05-25,Manchester United,Aston Villa,H,0,1.041676985804666,1.753740935841392,0.2240822654077781,0.23529725726454076,0.5406204773276811,0.21843546363997918,0.22519656132407379,0.556367975035947
2025-26,2025-08-15,Liverpool,Bournemouth,H,0,2.1942930481217524,1.0193552504108818,0.640466196975762,0.19494590600979902,0.16458789701443904,0.730136005726557,0.15819613457408735,0.11166785969935578
2025-26,2025-08-16,Aston Villa,Newcastle United,D,1,1.3878750267154099,1.3326940785000412,0.3842001253969027,0.25694003973663276,0.3588598348664646,0.4134419551934827,0.26578411405295316,0.3207739307535642
2025-26,2025-08-16,Brighton and Hove Albion,Fulham,D,1,1.7321307764875093,1.1963135691576094,0.49933345049717187,0.23681080938660087,0.26385574011622726,0.49799419006778256,0.2642135841748513,0.23779222575736617
2025-26,2025-08-16,Sunderland,West Ham,H,0,1.460611892076506,1.2376440156740776,0.4230716431941381,0.25642125323533466,0.3205071035705273,0.2940893801057184,0.2811148486304661,0.4247957712638154
2025-26,2025-08-16,Tottenham,Burnley,H,0,1.468878588529745,1.5459830852067749,0.3620209695556882,0.24213752715396408,0.39584150329034784,0.6882884418683941,0.19996590521650184,0.11174565291510398
2025-26,2025-08-16,Wolverhampton Wanderers,Manchester City,A,2,1.03446401620859,1.6443167173063848,0.238399824750096,0.24553664561680655,0.5160635296330974,0.1509175568337442,0.1985757326759792,0.6505067104902768
2025-26,2025-08-17,Chelsea,Crystal Palace,D,1,1.6297125104489991,1.288035772512059,0.45423032151253945,0.2429581872327331,0.30281149125472734,0.5766567227786064,0.21574685702109522,0.2075964202002983
2025-26,2025-08-17,Manchester United,Arsenal,A,2,1.2140148735242733,1.8015207278548466,0.2572253098864403,0.23124755048463677,0.5115271396289229,0.25999999999999995,0.25999999999999995,0.48
2025-26,2025-08-17,Nottingham Forest,Brentford,H,0,1.4352493457134725,1.3792751919074266,0.38668562330371176,0.2519497501837736,0.36136462651251466,0.4356846473029045,0.2904564315352697,0.2738589211618257
2025-26,2025-08-18,Leeds United,Everton,H,0,1.2698412753790418,1.484145994461182,0.3243607602042237,0.2535670784460243,0.422072161349752,0.39768618944323936,0.28681610026512416,0.31549771029163654
2025-26,2025-08-22,West Ham,Chelsea,A,2,1.1075293752282227,1.5301668501204992,0.2749175114392028,0.25487341287905746,0.4702090756817398,0.20017356089094587,0.25021695111368236,0.5496094879953717
2025-26,2025-08-23,Bournemouth,Wolverhampton Wanderers,H,0,1.6959192759075947,0.9916430017410849,0.5389696073790973,0.24061670339559935,0.22041368922530344,0.5256916996047432,0.24901185770750986,0.225296442687747
2025-26,2025-08-23,Arsenal,Leeds United,H,0,2.257272632011231,0.9262838458374436,0.6740024349605703,0.18549198576807743,0.14050557927135224,0.7480079367578973,0.15199521274920477,0.09999685049289786
2025-26,2025-08-23,Brentford,Aston Villa,H,0,1.4486417549055708,1.1925981994787278,0.4299097708007674,0.2589884807711222,0.3111017484281104,0.30579150579150577,0.2633204633204633,0.43088803088803085
2025-26,2025-08-23,Manchester City,Tottenham,A,2,2.384513254558934,0.7598730322928408,0.7346593628556712,0.16466963166461868,0.10067100547971015,0.6386964914272737,0.2100601794027478,0.15124332916997843
2025-26,2025-08-23,Burnley,Sunderland,H,0,1.4232324746304974,1.4031916897447667,0.3788071811389839,0.25143550118134966,0.3697573176796665,0.4317656129529684,0.2968388589051658,0.27139552814186585
2025-26,2025-08-24,Crystal Palace,Nottingham Forest,D,1,1.6633456708888055,1.1864030062912767,0.4851251789657573,0.24238497175960952,0.2724898492746331,0.4048278591214879,0.2882865057380293,0.3068856351404828
2025-26,2025-08-24,Everton,Brighton and Hove Albion,H,0,1.3835269013918106,1.3670089054186063,0.3760655132309828,0.25541864094292366,0.3685158458260934,0.30420841683366734,0.28577154308617236,0.41002004008016035
2025-26,2025-08-24,Fulham,Manchester United,D,1,1.626512984889459,1.236275756194917,0.46490472643394487,0.24434546767656487,0.29074980588949023,0.2906808305166586,0.269917914051183,0.43940125543215836
2025-26,2025-08-25,Newcastle United,Liverpool,A,2,1.399869223979732,1.4952983399831141,0.35484483848424964,0.24769085950872693,0.3974643020070235,0.290644529428225,0.24857755806361348,0.46077791250816164
2025-26,2025-08-30,Leeds United,Newcastle United,D,1,1.1928405667639168,1.5812427709342025,0.28774404842081536,0.24874566429212927,0.4635102872870554,0.27055702917771884,0.2785145888594165,0.4509283819628648
2025-26,2025-08-30,Chelsea,Fulham,H,0,1.8985778118164767,1.003398335920806,0.5828667221190565,0.22129060478208143,0.19584267309886208,0.6048853824355068,0.21652940941686735,0.17858520814762582
2025-26,2025-08-30,Manchester United,Burnley,H,0,1.6841784805114617,1.1053810175384438,0.5089190813966543,0.24149721797779738,0.24958370062554833,0.7044320516583504,0.17845611975344877,0.11711182858820077
2025-26,2025-08-30,Sunderland,Brentford,H,0,1.2185543195215156,1.4030760613568345,0.3263310073717798,0.2613231795854367,0.41234581304278356,0.31654676258992803,0.2877697841726619,0.3956834532374101
2025-26,2025-08-30,Wolverhampton Wanderers,Everton,A,2,1.2146413894467405,1.460756924944514,0.31457279112410136,0.257270011838295,0.4281571970376036,0.3539111200482606,0.2986125075407199,0.34747637241101953
2025-26,2025-08-30,Tottenham,Bournemouth,A,2,1.3071531382473347,1.5042381073847793,0.33004429214799236,0.25084146305046756,0.41911424480154,0.5483028720626633,0.2258485639686684,0.2258485639686684
2025-26,2025-08-31,Aston Villa,Crystal Palace,A,2,1.4269897590774578,1.242037691577764,0.4134594339482203,0.25862183232682,0.32791873372495967,0.5095541401273885,0.25477707006369427,0.2356687898089172
2025-26,2025-08-31,Brighton and Hove Albion,Manchester City,H,0,1.3250897649560172,1.5884069398015948,0.3191277270446275,0.24475616160603106,0.4361161113493414,0.25161290322580643,0.2451612903225807,0.5032258064516129
2025-26,2025-08-31,Liverpool,Arsenal,H,0,1.7050775038306853,1.4008186552654454,0.447929444949442,0.23538669459895356,0.3166838604516045,0.4317656129529684,0.27139552814186585,0.2968388589051658
2025-26,2025-08-31,Nottingham Forest,West Ham,A,2,1.9423648787328518,0.9244894415396773,0.6115513363917104,0.21515707235189407,0.17329159125639548,0.5670771224886585,0.2525383452149492,0.1803845322963923
2025-26,2025-09-13,Arsenal,Nottingham Forest,H,0,1.9140481586038074,0.9158270161096871,0.6075517390959052,0.2177252740461967,0.17472298685789817,0.6903693476009666,0.19054193993786675,0.11908871246116672
2025-26,2025-09-13,Bournemouth,Brighton and Hove Albion,H,0,1.6126384177588047,1.332616690509656,0.4404035561120821,0.2429588472856339,0.316637596602284,0.40293767368003175,0.2705438666137356,0.3265184597062326
2025-26,2025-09-13,Brentford,Chelsea,D,1,1.2443180655153627,1.5842386504308332,0.299994107757193,0.2472779916455848,0.4527279005972223,0.21030484383766596,0.24265943519730693,0.5470357209650272
2025-26,2025-09-13,Crystal Palace,Sunderland,D,1,1.791156791230671,0.9688310762867615,0.5669906599163685,0.23105626811640698,0.20195307196722442,0.5790533736153071,0.2547834843907351,0.16616314199395768
2025-26,2025-09-13,Everton,Aston Villa,D,1,1.5197347231383922,1.1418714914242627,0.4596266422799929,0.2549272174416857,0.2854461402783213,0.3865105008077544,0.28695476575121165,0.32653473344103395
2025-26,2025-09-13,Fulham,Leeds United,H,0,1.5562341284745829,1.1968299926783441,0.4563689004613917,0.2505951228943904,0.29303597664421793,0.4942630185348632,0.26972639011473964,0.23601059135039718
2025-26,2025-09-13,Newcastle United,Wolverhampton Wanderers,H,0,1.9497545514386243,0.787072471132862,0.6471885460598048,0.20952419601520952,0.14328725792498578,0.6658656253129068,0.1990587764093321,0.13507559827776108
2025-26,2025-09-13,West Ham,Tottenham,A,2,1.4740925423106213,1.181225213361315,0.4390175279296472,0.2574289589018908,0.303553513168462,0.28062360801781744,0.26503340757238314,0.4543429844097996
2025-26,2025-09-14,Burnley,Liverpool,A,2,0.9593482952486616,2.092503312640735,0.1636811710958716,0.20192418793589867,0.6343946409682297,0.11806956662093454,0.17173755144863206,0.7101928819304333
2025-26,2025-09-14,Manchester City,Manchester United,H,0,2.012115055766121,1.0846975621072934,0.588181845438381,0.21269735988479938,0.19912079467681967,0.5393258426966292,0.23595505617977527,0.2247191011235955
2025-26,2025-09-20,Liverpool,Everton,H,0,2.0521635466434742,0.8810761702663399,0.6450437097299784,0.20282136240072646,0.15213492786929522,0.6543046357615894,0.1997350993377483,0.14596026490066225
2025-26,2025-09-20,Burnley,Nottingham Forest,D,1,1.2769938564066814,1.4281096661292108,0.3367183639962828,0.25705017689105597,0.4062314591126613,0.2796610169491525,0.288135593220339,0.43220338983050843
2025-26,2025-09-20,Fulham,Brentford,H,0,1.4292192031136461,1.263964319583803,0.40930588342774415,0.2575389677985143,0.3331551487737415,0.47291361639824303,0.2781844802342606,0.24890190336749632
2025-26,2025-09-20,Wolverhampton Wanderers,Leeds United,A,2,1.2062352116627677,1.2896513237733367,0.3451021865105846,0.27002357335769467,0.3848742401317208,0.3539111200482606,0.2986125075407199,0.34747637241101953
2025-26,2025-09-20,Manchester United,Chelsea,H,0,1.3110389140563896,1.6215862165663324,0.30981603955466386,0.24294492476119567,0.4472390356841404,0.3642410015649452,0.2492175273865415,0.3865414710485133
2025-26,2025-09-20,West Ham,Crystal Palace,A,2,1.155621960088844,1.4966090683693667,0.292979255123714,0.2564420498066294,0.4505786950696567,0.32971295577967413,0.27130666075584614,0.39898038346447967
2025-26,2025-09-20,Brighton and Hove Albion,Tottenham,D,1,1.82034826024756,1.1021744937219171,0.5417238158592846,0.22961307523633412,0.2286631089043812,0.4240687679083095,0.25787965616045844,0.3180515759312321
2025-26,2025-09-21,Arsenal,Manchester City,D,1,1.7319301438080117,1.1184084898478868,0.5172884872205442,0.23729365598045343,0.24541785679900233,0.509891622226045,0.2418716669533804,0.24823671082057458
2025-26,2025-09-21,Bournemouth,Newcastle United,D,1,1.4181980130553324,1.0674210218095934,0.45040892291260637,0.265880849320285,0.28371022776710864,0.3787575150300601,0.2705410821643286,0.3507014028056112
2025-26,2025-09-21,Sunderland,Aston Villa,D,1,1.299947295118237,1.1447139862959812,0.40100782575469485,0.27260882136179765,0.3263833528835076,0.2785145888594165,0.27055702917771884,0.4509283819628648
2025-26,2025-09-27,Manchester City,Burnley,H,0,2.2720931396822706,0.7901073656532173,0.70850667407223,0.1769960948743081,0.11449723105346192,0.8103727714748785,0.12641815235008103,0.06320907617504051
2025-26,2025-09-27,Nottingham Forest,Sunderland,A,2,1.402971399111162,1.103711663806525,0.43797482899477913,0.2659570362633397,0.29606813474188115,0.5389221556886228,0.251497005988024,0.20958083832335334
2025-26,2025-09-27,Brentford,Manchester United,H,0,1.4507528443358872,1.2852242938129717,0.4102720914295128,0.25520454245431884,0.33452336611616834,0.2781844802342606,0.24890190336749632,0.47291361639824303
2025-26,2025-09-27,Chelsea,Brighton and Hove Albion,A,2,1.7477806805333316,1.057195136677285,0.5355050571870552,0.235902553363923,0.2285923894490218,0.5066666666666666,0.24666666666666667,0.24666666666666667
2025-26,2025-09-27,Crystal Palace,Liverpool,H,0,1.1774708136735963,1.3963378774083774,0.316816157462165,0.2635806248291769,0.4196032177086581,0.25,0.25,0.5
2025-26,2025-09-27,Leeds United,Bournemouth,D,1,1.1670257740147347,1.290990791028122,0.33420900753192806,0.2721060574884771,0.3936849349795949,0.30709067810068286,0.2929172621883437,0.39999205971097346
2025-26,2025-09-27,Tottenham,Wolverhampton Wanderers,D,1,1.6352942517918465,0.9181696308609315,0.5423476473653354,0.2465588272578692,0.2110935253767954,0.631578947368421,0.21052631578947367,0.15789473684210525
2025-26,2025-09-28,Aston Villa,Fulham,H,0,1.4253945866384652,1.1079605432846358,0.44294008732508966,0.263884710963517,0.29317520171139333,0.41349548842683403,0.3067869752844252,0.27971753628874063
2025-26,2025-09-28,Newcastle United,Arsenal,A,2,1.1058162709131967,1.2428121283337255,0.3268138278903669,0.2793558260094666,0.39383034610016643,0.26503340757238314,0.28062360801781744,0.4543429844097996
2025-26,2025-09-29,Everton,West Ham,D,1,1.7989462119477944,0.9507947393761272,0.5732087058521541,0.23001710669372977,0.19677418745411615,0.5576208178438662,0.2527881040892193,0.1895910780669145
2025-26,2025-10-03,Bournemouth,Fulham,H,0,1.5551063969198875,0.9648070492833883,0.5106873754014982,0.2547932686074471,0.2345193559910546,0.48611111111111116,0.2708333333333333,0.24305555555555558
2025-26,2025-10-04,Arsenal,West Ham,H,0,2.45072073286775,0.6669884674149907,0.7662032874712773,0.15227432315003112,0.08152238937869154,0.7993923171525718,0.1451204514215438,0.05548723142588439
2025-26,2025-10-04,Chelsea,Liverpool,H,0,1.3112090144754618,1.4763194242834539,0.33628914897567624,0.25248462611167977,0.411226224912644,0.3373753178173283,0.2519069039702718,0.41071777821239974
2025-26,2025-10-04,Leeds United,Tottenham,A,2,1.3736438746714632,1.0663342344834983,0.43872712022778143,0.2699406920552113,0.2913321877170072,0.3507014028056112,0.2705410821643286,0.3787575150300601
2025-26,2025-10-04,Manchester United,Sunderland,H,0,1.557398079246112,1.2437887774172096,0.44618436577379084,0.2492478260272469,0.30456780819896223,0.6342525399129173,0.20029027576197386,0.16545718432510886
2025-26,2025-10-05,Aston Villa,Burnley,H,0,1.851307618733468,0.8997688512338277,0.5976855772659215,0.22367229354474671,0.17864212918933176,0.5958549222797929,0.2383419689119171,0.16580310880829016
2025-26,2025-10-05,Brentford,Manchester City,A,2,1.1790136627954422,1.6282133797797909,0.27644612848666467,0.24530491153309641,0.4782489599802389,0.2004950495049505,0.21163366336633663,0.5878712871287128
2025-26,2025-10-05,Everton,Crystal Palace,H,0,1.3277311881405445,1.4702569247048165,0.34160557927506113,0.2521909632660495,0.40620345745888947,0.38902743142144636,0.2932668329177058,0.31770573566084787
2025-26,2025-10-05,Newcastle United,Nottingham Forest,H,0,1.5658662643571577,0.9040108452007161,0.528526717144691,0.2540229252800059,0.21745035757530307,0.6026768243366641,0.22528633671632445,0.1720368389470114
2025-26,2025-10-05,Wolverhampton Wanderers,Brighton and Hove Albion,D,1,1.1120628928122211,1.5484443910379158,0.2730072328024533,0.2531958306012391,0.47379693659630756,0.26504297994269344,0.2578796561604584,0.47707736389684813
2025-26,2025-10-18,Brighton and Hove Albion,Newcastle United,H,0,1.4009346279151917,1.186563571723953,0.4188017144691631,0.2628481479197808,0.3183501376110562,0.3590576766856215,0.27774167343623074,0.3632006498781478
2025-26,2025-10-18,Crystal Palace,Bournemouth,D,1,1.6900759291467988,1.1436907335660276,0.5014017052119648,0.2406953546912937,0.25790294009674153,0.43029595015576316,0.27842679127725856,0.29127725856697817
2025-26,2025-10-18,Manchester City,Everton,H,0,1.9044464276839965,0.9643822139307314,0.5935934065665578,0.21990452687931444,0.1865020665541278,0.6756756756756757,0.1891891891891892,0.13513513513513511
2025-26,2025-10-18,Burnley,Leeds United,H,0,1.213876789641846,1.401560144227458,0.32539468691356144,0.26163588555219974,0.41296942753423876,0.2903225806451613,0.2903225806451613,0.4193548387096774
2025-26,2025-10-18,Sunderland,Wolverhampton Wanderers,H,0,1.5871022070034313,0.9581038452033652,0.5204346156112005,0.25156019917803973,0.2280051852107596,0.3788187372708758,0.3156822810590631,0.3054989816700611
2025-26,2025-10-18,Nottingham Forest,Chelsea,A,2,1.1399996181987286,1.6289851839329572,0.266739165185113,0.2458574936518203,0.4874033411630667,0.25832316541746553,0.25152518738016383,0.49015164720237064
2025-26,2025-10-18,Fulham,Arsenal,A,2,0.9599216919312858,1.7079301607959958,0.21111587325995373,0.23926217639264474,0.5496219503474015,0.16360944841346464,0.2294522752140053,0.6069382763725301
2025-26,2025-10-19,Liverpool,Manchester United,A,2,2.221629391229832,1.0075795756070693,0.6484642994648121,0.19212103815687187,0.15941466237831597,0.5968169761273209,0.21220159151193632,0.19098143236074272
2025-26,2025-10-19,Tottenham,Aston Villa,A,2,1.1740834741134045,1.2821128203727343,0.3378821576430265,0.27238034429046104,0.3897374980665124,0.4605263157894737,0.2697368421052631,0.2697368421052631
2025-26,2025-10-20,West Ham,Brentford,A,2,1.249528917454612,1.3810911423063499,0.33863397829701375,0.2614527124892771,0.3999133092137092,0.3791776382418473,0.29167510633988253,0.32914725541827017
2025-26,2025-10-24,Leeds United,West Ham,H,0,1.7259237567365668,0.8960357067057162,0.5697819758847545,0.2367253222215881,0.19349270189365725,0.5281969817315331,0.27164416203335984,0.20015885623510724
2025-26,2025-10-25,Brentford,Liverpool,H,0,1.2519759636146128,1.735022557841349,0.2765529977085825,0.2360113581395912,0.48743564415182633,0.23153252480705624,0.22601984564498345,0.5424476295479603
2025-26,2025-10-25,Chelsea,Sunderland,A,2,1.733390441856132,1.0114128545288439,0.5431097677419349,0.2370701970187261,0.219820035239339,0.6956875508543532,0.19918633034987795,0.10512611879576893
2025-26,2025-10-25,Manchester United,Brighton and Hove Albion,H,0,1.4430243559885512,1.3489529533756688,0.394891433423351,0.2529143595364509,0.35219420704019816,0.483021608861449,0.24786635191574355,0.2691120392228073
2025-26,2025-10-25,Newcastle United,Fulham,H,0,1.6410841621605803,0.9009601593443076,0.5480855435672575,0.2458634610378402,0.20605099539490226,0.5848192376901684,0.24292491411745462,0.17225584819237688
2025-26,2025-10-26,Arsenal,Crystal Palace,H,0,2.097696820185393,1.1719644203394706,0.5860060134967888,0.20736002563781036,0.2066339608654008,0.6750355281856939,0.19895783988630977,0.1260066319279962
2025-26,2025-10-26,Wolverhampton Wanderers,Burnley,A,2,1.345188262722113,1.0113569662184565,0.4438388444605649,0.2747141062233131,0.281447049316122,0.48657187993680884,0.287519747235387,0.22590837282780407
2025-26,2025-10-26,Aston Villa,Manchester City,H,0,1.1500208278323725,1.4396394832842518,0.3016628642478183,0.26123138686403424,0.43710574888814746,0.22002058672156458,0.2507076685537828,0.5292717447246527
2025-26,2025-10-26,Everton,Tottenham,A,2,1.5144085978589097,1.0444888185279328,0.4809932603892165,0.25762515880853376,0.26138158080224966,0.4041204437400951,0.2793185419968304,0.3165610142630745
2025-26,2025-10-26,Bournemouth,Nottingham Forest,H,0,1.828370089724906,1.0137012522349116,0.5646268293462801,0.22806745980608897,0.20730571084763091,0.5292717447246527,0.2507076685537828,0.22002058672156458
2025-26,2025-11-01,Burnley,Arsenal,A,2,0.8590378148488373,2.0572055291650893,0.14716221101905008,0.20141906039571691,0.6514187285852331,0.09487051792828687,0.15811752988047809,0.7470119521912351
2025-26,2025-11-01,Brighton and Hove Albion,Leeds United,H,0,1.6071305070762179,1.1078534134799698,0.4894847447515963,0.24818649688977715,0.2623287583586266,0.5112910097997443,0.25223689816787387,0.23647209203238176
2025-26,2025-11-01,Crystal Palace,Brentford,H,0,1.88160446453485,1.4034983292920524,0.48789427371918365,0.22428229582573384,0.28782343045508246,0.4949762030671602,0.2626123744050767,0.24241142252776313
2025-26,2025-11-01,Fulham,Wolverhampton Wanderers,H,0,1.5690654575603387,1.0556326613924483,0.49227474276087474,0.2523535620817022,0.25537169515742303,0.5182625863770978,0.27097729516288255,0.21076011846001974
2025-26,2025-11-01,Nottingham Forest,Manchester United,D,1,1.2870701954307442,1.6045094614526128,0.30696786210870447,0.2447329143554891,0.44829922353580637,0.28655297735532564,0.2521666200726866,0.4612804025719877
2025-26,2025-11-01,Liverpool,Aston Villa,H,0,1.7437145891680261,1.1859980362636449,0.5044274107963267,0.23596880389798686,0.25960378530568645,0.5721710787120646,0.2180328590935119,0.20979606219442365
2025-26,2025-11-01,Tottenham,Chelsea,A,2,1.2970526761333914,1.3474721489209969,0.3576666551739336,0.26122180221301955,0.38111154261304686,0.3507014028056112,0.2705410821643286,0.3787575150300601
2025-26,2025-11-02,Manchester City,Bournemouth,H,0,1.8653451390313203,0.879994511137997,0.605725118491143,0.2217063276234626,0.1725685538853945,0.6342525399129173,0.20029027576197386,0.16545718432510886
2025-26,2025-11-02,West Ham,Newcastle United,H,0,0.966993696450045,1.9090227055786408,0.18651367435470786,0.21952266322303446,0.5939636624222577,0.18007503126302626,0.236348478532722,0.5835764902042518
2025-26,2025-11-03,Sunderland,Everton,D,1,1.5322534226056421,1.0802538593978814,0.4771144639062087,0.255273311422572,0.2676122246712192,0.3516483516483516,0.2967032967032967,0.3516483516483516
2025-26,2025-11-08,Everton,Fulham,H,0,1.5133554726082694,1.1575475456581665,0.454422306650237,0.2550310139429447,0.29054667940681844,0.43220338983050843,0.288135593220339,0.2796610169491525
2025-26,2025-11-08,Tottenham,Manchester United,D,1,1.3473132311141076,1.4398923617042687,0.35238703619148803,0.2531736672085625,0.3944392965999495,0.35938186319530413,0.26254841672323603,0.37806972008145995
2025-26,2025-11-08,Chelsea,Wolverhampton Wanderers,H,0,2.3368533397814826,0.8197554488467707,0.7128868370874188,0.17268583456785525,0.11442732834472595,0.6914119359534208,0.19796215429403205,0.11062590975254732
2025-26,2025-11-08,West Ham,Burnley,H,0,1.4022592223983965,1.221353002755299,0.41152314395630124,0.261259994104433,0.3272168619392658,0.4942630185348632,0.26972639011473964,0.23601059135039718
2025-26,2025-11-08,Sunderland,Arsenal,D,1,0.9840138784424717,1.7867547358430265,0.20605217610011226,0.2316823248569669,0.5622654990429209,0.12602739726027393,0.18904109589041093,0.684931506849315
2025-26,2025-11-09,Aston Villa,Bournemouth,H,0,1.5596075590676906,1.036817823287929,0.49437115525101294,0.25350749201090783,0.2521213527380792,0.43029595015576316,0.27842679127725856,0.29127725856697817
2025-26,2025-11-09,Brentford,Newcastle United,H,0,1.5626646051455337,1.3347653949607854,0.4277281922530143,0.2461161907857675,0.32615561696121825,0.33980582524271846,0.27184466019417475,0.3883495145631068
2025-26,2025-11-09,Crystal Palace,Brighton and Hove Albion,D,1,1.686609415094871,1.3143500392353265,0.46216009093757227,0.23846018548507372,0.29937972357735393,0.42217898832684825,0.2714007782101167,0.306420233463035
2025-26,2025-11-09,Manchester City,Liverpool,H,0,1.796247468165385,1.2686307715274292,0.49800414499088397,0.2313201013577359,0.27067575365138014,0.49982680983720124,0.24350536889504681,0.25666782126775195
2025-26,2025-11-09,Nottingham Forest,Leeds United,H,0,1.3933045564506576,1.362772067577366,0.37942235773007743,0.25509758002971333,0.36548006224020924,0.4212076583210604,0.2916053019145803,0.2871870397643594
2025-26,2025-11-22,Brighton and Hove Albion,Brentford,H,0,1.4604330849781164,1.2354607863022127,0.4235028274002599,0.2565168679954386,0.31998030460430155,0.49799419006778256,0.2642135841748513,0.23779222575736617
2025-26,2025-11-22,Fulham,Sunderland,H,0,1.2980473889780408,1.281380352286705,0.3713503793264211,0.26513514492857027,0.3635144757450086,0.4532775453277545,0.2928870292887029,0.25383542538354253
2025-26,2025-11-22,Burnley,Chelsea,A,2,1.0483698872739111,2.215041101679093,0.1679952347606033,0.19420216407865848,0.6378026011607383,0.15124332916997843,0.2100601794027478,0.6386964914272737
2025-26,2025-11-22,Newcastle United,Manchester City,H,0,1.1904639221159115,1.5688123357730763,0.2892767626658336,0.249772889831163,0.4609503475030034,0.263607257203842,0.2497331910352187,0.4866595517609391
2025-26,2025-11-22,Liverpool,Nottingham Forest,A,2,2.1492405219474473,0.973502651586912,0.642347960005463,0.19724478278191104,0.1604072572126259,0.6585879873551107,0.1896733403582719,0.15173867228661753
2025-26,2025-11-22,Wolverhampton Wanderers,Crystal Palace,A,2,0.9700695939586726,1.8641308753764203,0.19279228883129484,0.2239342025877505,0.5832735085809546,0.2497331910352187,0.263607257203842,0.4866595517609391
2025-26,2025-11-22,Bournemouth,West Ham,D,1,1.9176220869705265,1.0678675525494326,0.5716950891538396,0.220677792933686,0.2076271179124744,0.579116955499434,0.22337368283549597,0.1975093616650701
2025-26,2025-11-23,Arsenal,Tottenham,H,0,2.4497905981856563,0.7137571372630469,0.7555375569517015,0.15567939290242086,0.08878305014587748,0.6719162580158431,0.20086759713315727,0.1272161448509996
2025-26,2025-11-23,Leeds United,Aston Villa,A,2,1.136050170764689,1.3919920207236933,0.3066622348289186,0.2656283561743768,0.42770940899670473,0.31654676258992803,0.2877697841726619,0.3956834532374101
2025-26,2025-11-24,Manchester United,Everton,A,2,1.5827223678050222,1.2224788178732977,0.4572148350567224,0.2479351721080812,0.2948499928351965,0.5429892624813857,0.23755780233560622,0.21945293518300807
2025-26,2025-11-29,Brentford,Burnley,H,0,2.22831385107682,0.8995417449406087,0.6748637274023532,0.18686709707095525,0.13826917552669166,0.6538661131292164,0.21069019200830302,0.13544369486248053
2025-26,2025-11-29,Everton,Newcastle United,A,2,1.4284699807809456,1.3023892956544996,0.4009337087251819,0.2559044361304821,0.34316185514433595,0.34174279831277615,0.2944245647002379,0.36383263698698604
2025-26,2025-11-29,Manchester City,Leeds United,H,0,2.3765147297194584,0.8290027596858963,0.7175278139353191,0.16963573495351822,0.11283645111116265,0.7755791985681615,0.14557024957740877,0.07885055185442974
2025-26,2025-11-29,Sunderland,Bournemouth,H,0,1.4025449480839682,1.3961564663731625,0.37500881925401863,0.25287992161047657,0.37211125913550486,0.29753038024304196,0.28851430811446493,0.4139553116424932
2025-26,2025-11-29,Tottenham,Fulham,A,2,1.3681612384586386,1.2790592524439435,0.39027231207921925,0.2608595592330459,0.3488681286877348,0.4285714285714286,0.28571428571428575,0.28571428571428575
2025-26,2025-11-30,Aston Villa,Wolverhampton Wanderers,H,0,2.200055361621961,0.7899063360690678,0.6955911564770696,0.1839260783872267,0.12048276513570375,0.6340391980175715,0.2196440639783735,0.14631673800405498
2025-26,2025-11-30,West Ham,Liverpool,A,2,1.0777677602221707,1.9893741937916736,0.20051343057067858,0.21453229269811758,0.5849542767312038,0.21773142112125163,0.21773142112125163,0.5645371577574968
2025-26,2025-11-30,Chelsea,Arsenal,D,1,1.3885856589410774,1.434471644942396,0.363860980129741,0.2515476516799769,0.38459136819028217,0.2796610169491525,0.288135593220339,0.43220338983050843
2025-26,2025-11-30,Nottingham Forest,Brighton and Hove Albion,A,2,1.3250339451974495,1.2505718430600339,0.3849336053673271,0.2651554557711203,0.34991093886155256,0.34734756768655073,0.28945630640545894,0.36319612590799033
2025-26,2025-11-30,Crystal Palace,Manchester United,A,2,1.6910231798909063,1.099322016034442,0.5119934530018263,0.24093485260894965,0.24707169438922413,0.41349548842683415,0.2797175362887407,0.3067869752844253
2025-26,2025-12-02,Bournemouth,Everton,A,2,1.6311576111429622,1.093880565728032,0.49869941254367617,0.24625653030837952,0.25504405714794426,0.42669584245076586,0.2888402625820569,0.2844638949671772
2025-26,2025-12-02,Fulham,Manchester City,A,2,1.1463001645871098,1.726310885644192,0.25289785769714135,0.2376450450538033,0.5094570972490553,0.21934693801817737,0.2316517662484654,0.5490012957333573
2025-26,2025-12-02,Newcastle United,Tottenham,D,1,1.9116067369973617,0.980401089615628,0.5912828198443475,0.21957868470628716,0.18913849544936542,0.5186936112128375,0.24979192329460334,0.23151446549255922
2025-26,2025-12-03,Arsenal,Brentford,H,0,2.0654485274317795,0.9921542577866999,0.6211070164484704,0.20551915706751636,0.17337382648401312,0.6983240223463686,0.18994413407821228,0.11173184357541899
2025-26,2025-12-03,Brighton and Hove Albion,Aston Villa,A,2,1.4196788326174121,1.1590819139968036,0.4298406253250309,0.26249648008656573,0.30766289458840335,0.44510940714419295,0.27342435010286137,0.2814662427529456
2025-26,2025-12-03,Burnley,Crystal Palace,A,2,1.102985537810965,1.6934108480359298,0.24758863455111454,0.2407049270441819,0.5117064384047035,0.2102766798418972,0.24901185770750986,0.5407114624505929
2025-26,2025-12-03,Leeds United,Chelsea,H,0,1.0058211922376796,2.0332234329059693,0.1799257637723751,0.20887337525893035,0.6112008609686945,0.2337662337662338,0.2337662337662338,0.5324675324675325
2025-26,2025-12-03,Liverpool,Sunderland,D,1,1.9195475397394053,0.9286771847341571,0.605597378360785,0.21753105411182286,0.17687156752739214,0.6880733944954128,0.1782437745740498,0.13368283093053734
2025-26,2025-12-03,Wolverhampton Wanderers,Nottingham Forest,A,2,1.111724266710417,1.5561433073639033,0.271639796974375,0.252538449916007,0.475821753109618,0.2940893801057184,0.2811148486304661,0.4247957712638154
2025-26,2025-12-04,Manchester United,West Ham,D,1,1.8450299687335974,0.9466669966217086,0.5847054154049153,0.22534945120747177,0.18994513338761304,0.6528835690968444,0.18933623503808486,0.15778019586507072
2025-26,2025-12-06,Everton,Nottingham Forest,H,0,1.4837763293818014,1.1346235496500343,0.45206461229117517,0.2581107503805479,0.28982463732827696,0.4317656129529684,0.2968388589051658,0.27139552814186585
2025-26,2025-12-06,Bournemouth,Chelsea,D,1,1.2816032991375397,1.5891037263523453,0.308335600554226,0.2459475777419532,0.4457168217038208,0.3059482022578503,0.25291718053315626,0.44113461720899344
2025-26,2025-12-06,Newcastle United,Burnley,H,0,2.1219421365137894,0.9342521482241382,0.6462369254438846,0.1982415191519387,0.15552155540417673,0.7433005150942166,0.1573319423616092,0.09936754254417422
2025-26,2025-12-06,Aston Villa,Arsenal,H,0,1.2274629709748763,1.6400566682208209,0.2863141384893588,0.2435061719726194,0.47017968953802186,0.22673031026252988,0.27207637231503584,0.5011933174224344
2025-26,2025-12-06,Manchester City,Sunderland,H,0,2.2470695246732153,0.864249616731475,0.6865992109500337,0.18339420733136994,0.13000658171859628,0.759124087591241,0.14598540145985403,0.09489051094890512
2025-26,2025-12-06,Tottenham,Brentford,H,0,1.1728992055331098,1.5596905512434338,0.28644121336923173,0.2509104269803116,0.46264835965045675,0.41257367387033406,0.27111984282907664,0.3163064833005894
2025-26,2025-12-06,Leeds United,Liverpool,D,1,1.018456165571143,1.7704144239138688,0.21629465986283808,0.233592075170573,0.550113264966589,0.249746878164023,0.23725953425582186,0.5129935875801553
2025-26,2025-12-07,Brighton and Hove Albion,West Ham,D,1,2.0279573093263754,0.9629509345176696,0.6203279794702949,0.2080758558026636,0.17159616472704142,0.6144269091716742,0.21994496748639608,0.16562812334192958
2025-26,2025-12-07,Fulham,Crystal Palace,A,2,1.2551379642887406,1.2384312135515134,0.36876184889852553,0.27044746348038945,0.360790687621085,0.37265577737447064,0.2879612825166364,0.33938294010889286
2025-26,2025-12-08,Wolverhampton Wanderers,Manchester United,A,2,0.9953208776557488,1.7321884297160048,0.21617386495122193,0.23709494893277316,0.5467311861160049,0.2247191011235955,0.23595505617977527,0.5393258426966292
2025-26,2025-12-13,Arsenal,Wolverhampton Wanderers,H,0,3.2990710063831723,0.5642274104313109,0.8827141425336782,0.08308292207013276,0.034202935396189085,0.8426369580097717,0.1120211485354167,0.04534189345481152
2025-26,2025-12-13,Burnley,Fulham,A,2,1.2815705322907913,1.433742814294517,0.3368190682691669,0.25647977401910727,0.406701157711726,0.23601059135039718,0.26972639011473964,0.4942630185348632
2025-26,2025-12-13,Chelsea,Everton,H,0,1.645461870735656,0.9998332012799717,0.5247160962797051,0.24555872605884513,0.22972517766144976,0.5689677299756157,0.2500463444892837,0.1809859255351006
2025-26,2025-12-13,Liverpool,Brighton and Hove Albion,H,0,1.7484828710161764,1.060579950955286,0.5348632035129942,0.2358474443947541,0.22928935209225168,0.5652658981033842,0.23599851245816286,0.19873558943845293
2025-26,2025-12-14,Brentford,Leeds United,D,1,1.867804854212542,1.1441545550953127,0.5427133053389238,0.2258107002016765,0.23147599445939976,0.49799419006778256,0.2642135841748513,0.23779222575736617
2025-26,2025-12-14,Crystal Palace,Manchester City,A,2,1.2607132271331496,1.5633793335785715,0.3077202930404611,0.24833800199441833,0.4439417049651205,0.24342105263157898,0.24342105263157898,0.513157894736842
2025-26,2025-12-14,Nottingham Forest,Tottenham,H,0,1.4333865037302378,1.099352113525801,0.4470264945083586,0.26348688205762466,0.28948662343401677,0.37265577737447064,0.2879612825166364,0.33938294010889286
2025-26,2025-12-14,Sunderland,Newcastle United,H,0,1.2835761849066782,1.5661729015769412,0.3128906568625145,0.24747802324474072,0.43963131989274484,0.28846153846153844,0.28846153846153844,0.423076923076923
2025-26,2025-12-14,West Ham,Aston Villa,A,2,1.0739699777733531,2.132251773910642,0.18236480045242262,0.20209459718395845,0.615540602363619,0.25339366515837103,0.27149321266968324,0.4751131221719457
2025-26,2025-12-15,Manchester United,Bournemouth,D,1,1.66116257699511,1.1993689103899496,0.481645708569106,0.24236571747574168,0.27598857395515236,0.5157087602632829,0.23593675782045195,0.2483544819162652
2025-26,2025-12-20,Everton,Arsenal,A,2,0.9956035554238506,1.7926538764509046,0.2079416417175896,0.23124759706868475,0.5608107612137256,0.1648842838663405,0.23124015420279465,0.6038755619308649
2025-26,2025-12-20,Bournemouth,Burnley,D,1,2.0739873842034227,0.9513973087435,0.6325434732138521,0.20336758907385452,0.16408893771229327,0.6371481479804588,0.21777811986399054,0.14507373215555064
2025-26,2025-12-20,Brighton and Hove Albion,Sunderland,D,1,1.6705030207968747,1.1112246237905774,0.5042400891461499,0.24264337919479467,0.2531165316590554,0.5761712051581042,0.24055147815350847,0.1832773166883874
2025-26,2025-12-20,Leeds United,Crystal Palace,H,0,1.2908913999286717,1.4973904421743527,0.32722743565996876,0.2518934541650511,0.4208791101749802,0.3658536585365854,0.2882483370288249,0.34589800443458985
2025-26,2025-12-20,Manchester City,West Ham,H,0,2.737420338605971,0.7403647013238813,0.791081373899423,0.13355812321000723,0.0753605028905697,0.7846214201647704,0.11965476657512748,0.095723813260102
2025-26,2025-12-20,Tottenham,Liverpool,A,2,1.0131254006655621,1.7162794799168113,0.22265743617853329,0.23871527050582897,0.5386272933156377,0.27149321266968324,0.25339366515837103,0.4751131221719457
2025-26,2025-12-20,Wolverhampton Wanderers,Brentford,A,2,1.0546594652475356,1.7115260048749148,0.2332722497455997,0.2392239487665848,0.5275038014878155,0.2717731541152642,0.2642238998342847,0.46400294605045117
2025-26,2025-12-20,Newcastle United,Chelsea,D,1,1.4255680158296675,1.2644386373055416,0.40826358723043826,0.2577652203367273,0.33397119243283446,0.346459785917706,0.26465678090935874,0.3888834331729352
2025-26,2025-12-21,Aston Villa,Manchester United,H,0,1.9124308729773478,1.2827991525122797,0.5211876798415984,0.2227454933778152,0.2560668267805864,0.45051194539249145,0.2627986348122867,0.2866894197952219
2025-26,2025-12-22,Fulham,Nottingham Forest,H,0,1.4398790068805591,1.1439336211788813,0.4385449141606126,0.26142603017770527,0.3000290556616822,0.393939393939394,0.2909090909090909,0.3151515151515151
2025-26,2025-12-26,Manchester United,Newcastle United,H,0,1.5866478207618422,1.4166457432894466,0.4163564516798387,0.24191761110607077,0.34172593721409045,0.3718712753277712,0.2634088200238379,0.3647199046483909
2025-26,2025-12-27,Chelsea,Aston Villa,A,2,1.317815161084751,1.522295138034047,0.32936520108161854,0.24928423810571188,0.42135056081266953,0.5190138736400838,0.24353727916957785,0.23744884719033837
2025-26,2025-12-27,Arsenal,Brighton and Hove Albion,H,0,2.1885082345122844,0.9226649196177376,0.6619210995647853,0.19158578593941497,0.14649311449579971,0.6658656253129068,0.1990587764093321,0.13507559827776108
2025-26,2025-12-27,Brentford,Bournemouth,H,0,1.4849832044786409,1.3012243919155344,0.4155383218122352,0.2523195290489439,0.33214214913882095,0.42105263157894735,0.2631578947368421,0.3157894736842105
2025-26,2025-12-27,Liverpool,Wolverhampton Wanderers,H,0,2.7906232427471793,0.6159721140494855,0.8229111185696862,0.1201364510168402,0.05695243041347356,0.759124087591241,0.14598540145985403,0.09489051094890512
2025-26,2025-12-27,Nottingham Forest,Manchester City,A,2,0.9613136275609659,1.974334546826012,0.17744383672785313,0.21310881651454242,0.6094473467576044,0.1894034665646017,0.2187107004210181,0.5918858330143802
2025-26,2025-12-27,West Ham,Fulham,A,2,1.2512849691706016,1.4030873538910122,0.3348576937924561,0.25987287497022366,0.40526943123732034,0.3590576766856215,0.27774167343623074,0.3632006498781478
2025-26,2025-12-27,Burnley,Everton,D,1,1.1910475685905653,1.4635689026925829,0.3079830243761442,0.2579053084048342,0.4341116672190216,0.23210222300017505,0.27988797479432875,0.4880098022054963
2025-26,2025-12-28,Crystal Palace,Tottenham,A,2,1.765337597320608,1.0069791280095222,0.551702595105322,0.23398302178152963,0.21431438311314832,0.41746111389864526,0.28901154039136984,0.29352734570998495
2025-26,2025-12-28,Sunderland,Leeds United,D,1,1.5566855495453058,1.2093188008435583,0.4536773161840657,0.25023792146778623,0.29608476234814807,0.3739006616969595,0.30153279169109637,0.324566546611944
2025-26,2025-12-30,Burnley,Newcastle United,A,2,1.1088999962718251,1.556498223921217,0.27086765315737066,0.252563738428504,0.4765686084141253,0.18079096045197737,0.22598870056497172,0.5932203389830508
2025-26,2025-12-30,Chelsea,Bournemouth,D,1,1.7986907188478845,1.208755207030476,0.5120692612870629,0.23148935572434573,0.2564413829885914,0.6342525399129173,0.20029027576197386,0.16545718432510886
2025-26,2025-12-30,Arsenal,Aston Villa,H,0,1.833821695551563,1.1779562095405032,0.5271913110814307,0.22873096685199484,0.2440777220665744,0.6658656253129068,0.1990587764093321,0.13507559827776108
2025-26,2025-12-30,Nottingham Forest,Everton,A,2,1.2706329834375292,1.1440279091313368,0.3931337746780833,0.27494112482613264,0.33192510049578405,0.45172802404207363,0.291885800150263,0.2563861758076634
2025-26,2025-12-30,West Ham,Brighton and Hove Albion,D,1,1.2672030832840033,1.6119044518635959,0.300817479114939,0.24471234058302493,0.454470180302036,0.27726432532347506,0.2513863216266174,0.47134935304990755
2025-26,2025-12-30,Manchester United,Wolverhampton Wanderers,D,1,2.5760290724211075,0.7607846424206293,0.7642286348690789,0.14798240896374235,0.08778895616717863,0.6997667444185273,0.18127290903032325,0.11896034655114963
2025-26,2026-01-01,Brentford,Tottenham,D,1,1.5683112266558703,1.1819804407876913,0.46274527805234905,0.2500119904494251,0.28724273149822593,0.44651162790697674,0.26046511627906976,0.2930232558139535
2025-26,2026-01-01,Crystal Palace,Fulham,D,1,1.5114192047047288,1.1180452910879746,0.4629828065643257,0.2562343851375023,0.2807828082981721,0.43785365853658537,0.28526829268292686,0.27687804878048783
2025-26,2026-01-01,Liverpool,Leeds United,D,1,2.0513043408294314,1.0421263230983104,0.6063923390460298,0.20824774255339706,0.1853599184005731,0.6149068322981366,0.21180124223602484,0.17329192546583852
2025-26,2026-01-01,Sunderland,Manchester City,D,1,0.9620298246272634,1.831535019637675,0.19513417615924203,0.22697223577422468,0.5778935880665332,0.12478583666476298,0.1970302684180468,0.6781838949171902
2025-26,2026-01-03,Aston Villa,Nottingham Forest,H,0,2.2618856061717985,0.927366492450798,0.6746034374179085,0.18512821991899125,0.14026834266310026,0.5441860465116279,0.24418604651162798,0.21162790697674422
2025-26,2026-01-03,Bournemouth,Arsenal,A,2,1.169842471277171,2.2705736673090917,0.18535276943393383,0.19360764222341725,0.6210395883426489,0.14530005310674457,0.19883165161975572,0.6558682952734998
2025-26,2026-01-03,Brighton and Hove Albion,Burnley,H,0,2.077319308147693,1.0313103171174143,0.6143058891253369,0.2056362878304046,0.18005782304425852,0.643819671016857,0.2200584556824361,0.1361218733007069
2025-26,2026-01-03,Wolverhampton Wanderers,West Ham,H,0,1.254094010707472,1.51679507615649,0.31440625550783313,0.25184604663530746,0.43374769785685946,0.38086078384226973,0.28853089685020433,0.33060831930752577
2025-26,2026-01-04,Leeds United,Manchester United,D,1,1.4590649071251103,1.4596686283441362,0.3764384273833983,0.24685439531516049,0.3767071773014413,0.3515188335358444,0.28760631834750905,0.3608748481166464
2025-26,2026-01-04,Fulham,Liverpool,D,1,1.172207227334069,1.5907359605317353,0.2810084774820885,0.24843757615702436,0.47055394636088715,0.24982124483353968,0.25315219476465356,0.49702656040180676
2025-26,2026-01-04,Everton,Brentford,A,2,1.4992480805098294,1.151424610885014,0.4522095900692549,0.2563493073500954,0.29144110258064987,0.4030403040304031,0.29142914291429145,0.3055305530553056
2025-26,2026-01-04,Manchester City,Chelsea,D,1,2.206007515389822,0.9853743502718435,0.6506106837968186,0.1926213551248715,0.1567679610783099,0.5908776779543885,0.1990324809951624,0.21008984105044923
2025-26,2026-01-04,Tottenham,Sunderland,D,1,1.3234824981594078,1.1126726104865592,0.41454979878963893,0.27230306195687515,0.3131471392534859,0.5263157894736842,0.2631578947368421,0.21052631578947367
2025-26,2026-01-04,Newcastle United,Crystal Palace,H,0,1.6190798473879477,1.13373442986293,0.48641570480823954,0.24678287679088587,0.2668014184008747,0.5574781823653325,0.24300331026181163,0.1995185073728558
2025-26,2026-01-06,West Ham,Nottingham Forest,A,2,1.2928877899866327,1.4037562190484618,0.3454983070151254,0.25791122656249704,0.39659046642237755,0.312965070471855,0.2773352009104439,0.40969972861770115
2025-26,2026-01-07,Bournemouth,Tottenham,H,0,1.6862201745864671,1.1626014671406448,0.49610437927389156,0.24083164931285425,0.2630639714132542,0.45051194539249145,0.2627986348122867,0.2866894197952219
2025-26,2026-01-07,Brentford,Sunderland,H,0,1.583540595871916,1.0582869233737509,0.49528519158352063,0.2509820585961938,0.25373274982028554,0.511293669135136,0.2702552251142862,0.21845110575057775
2025-26,2026-01-07,Burnley,Manchester United,D,1,1.1205372644343643,1.6588841775705323,0.2572006413984067,0.24355969447745074,0.4992396641241426,0.2007380073800738,0.23837638376383766,0.5608856088560886
2025-26,2026-01-07,Crystal Palace,Aston Villa,D,1,1.2393411148331663,1.7490162056846963,0.27133203966785047,0.23510227969336453,0.49356568063878514,0.30420841683366734,0.28577154308617236,0.41002004008016035
2025-26,2026-01-07,Everton,Wolverhampton Wanderers,D,1,1.8653916255113039,0.9772606049522997,0.5818069365870882,0.22395038410720916,0.19424267930570263,0.5405405405405405,0.27027027027027023,0.1891891891891892
2025-26,2026-01-07,Fulham,Chelsea,H,0,1.401141350422278,1.5377502030453205,0.34708127226670027,0.24525695365250078,0.4076617740807989,0.2775479503572772,0.2621286197818729,0.46032342986085
2025-26,2026-01-07,Manchester City,Brighton and Hove Albion,D,1,2.134795647703455,0.9483365875509826,0.6454359324161937,0.19760027314839085,0.15696379443541542,0.6747404844290658,0.17993079584775085,0.1453287197231834
2025-26,2026-01-07,Newcastle United,Leeds United,H,0,1.8269582018499904,1.0307616692556336,0.5602011309942595,0.22840960920503114,0.21138925980070947,0.5638651471984806,0.24780389363722696,0.18833095916429252
2025-26,2026-01-08,Arsenal,Liverpool,D,1,1.9212704660068838,1.0336996610358073,0.5806075790972429,0.21976331234239418,0.19962910856036292,0.5847119224187108,0.2281802624073018,0.18710781517398747
2025-26,2026-01-17,Liverpool,Burnley,D,1,2.367711679321331,0.6199564133032032,0.7641703071852712,0.15652671347066593,0.07930297934406276,0.7700592353257942,0.14453419493807215,0.08540656973613354
2025-26,2026-01-17,Chelsea,Brentford,H,0,1.7040927903595617,1.5378112366644225,0.419379215355027,0.23176409737118034,0.3488566872737926,0.5565726839985353,0.2407176858293665,0.2027096301720981
2025-26,2026-01-17,Nottingham Forest,Arsenal,D,1,0.8584689426887889,2.1522245959487982,0.1377032822871944,0.19208533975951775,0.6702113779532879,0.15854770503220061,0.21969658895916944,0.6217557060086298
2025-26,2026-01-17,Leeds United,Fulham,H,0,1.4427313240787962,1.3331699701039061,0.39810285663237827,0.2536430545504854,0.3482540888171364,0.44134505158578524,0.28754298815437523,0.2711119602598395
2025-26,2026-01-17,Sunderland,Crystal Palace,H,0,1.476649706162849,1.3937672686506555,0.3940860523660792,0.24898922315742705,0.35692472447649365,0.3463687150837989,0.30726256983240224,0.3463687150837989
2025-26,2026-01-17,Tottenham,West Ham,A,2,1.7646296371751293,0.945132393456312,0.5666585215530099,0.2333852595989899,0.19995621884800022,0.5503745604647607,0.238036997401009,0.21158844213423023
2025-26,2026-01-17,Manchester United,Manchester City,H,0,1.1237547994692478,1.7507957130485683,0.24384314419582542,0.235660782661316,0.5204960731428586,0.25569843227056543,0.24896952615818213,0.49533204157125243
2025-26,2026-01-18,Aston Villa,Everton,A,2,2.1922779305126796,0.9808817276134041,0.6490115076655492,0.19366328224002569,0.15732521009442516,0.5726391743927508,0.24520703108612663,0.1821537945211226
2025-26,2026-01-18,Wolverhampton Wanderers,Newcastle United,D,1,0.9887343875581707,1.9676396747275233,0.18410228260375797,0.2144782947865348,0.6014194226097073,0.2007380073800738,0.23837638376383766,0.5608856088560886
2025-26,2026-01-19,Brighton and Hove Albion,Bournemouth,D,1,1.6866353279116295,1.3360405420967159,0.457449177729716,0.23800899720880414,0.30454182506147986,0.509891622226045,0.2418716669533804,0.24823671082057458
2025-26,2026-01-24,Burnley,Tottenham,D,1,1.1910945956936896,1.433521861632537,0.3134864041053707,0.26019417075958023,0.4263194251350491,0.2589317935763262,0.273727896066402,0.4673403103572718
2025-26,2026-01-24,Bournemouth,Liverpool,H,0,1.1948085946065363,1.670498750087624,0.2733606674218072,0.24169881643769398,0.4849405161404989,0.25249169435215946,0.24916943521594684,0.4983388704318937
2025-26,2026-01-24,Fulham,Brighton and Hove Albion,H,0,1.3826994739017429,1.3983633592271296,0.369539605547976,0.25379638945365574,0.3766640049983683,0.36661341853035134,0.28035143769968046,0.353035143769968
2025-26,2026-01-24,West Ham,Sunderland,H,0,1.34762227544355,1.4810806571291202,0.34454699732539446,0.2507039451456664,0.4047490575289392,0.3774574049803408,0.2948885976408912,0.327653997378768
2025-26,2026-01-24,Manchester City,Wolverhampton Wanderers,H,0,2.5428390351308603,0.699655041703393,0.7726532127739824,0.1465119706859683,0.08083481654004936,0.7809330628803246,0.13387423935091278,0.08519269776876268
2025-26,2026-01-25,Arsenal,Manchester United,A,2,2.23009346348627,0.9248762511639587,0.6692712308401143,0.18788245799426775,0.14284631116561788,0.6144842721287491,0.22677395757132407,0.15874177029992684
2025-26,2026-01-25,Brentford,Nottingham Forest,A,2,1.988515375616921,0.9990540581297046,0.6034018365267961,0.21279954632981177,0.18379861714339207,0.4971246449109679,0.27128802050855677,0.2315873345804753
2025-26,2026-01-25,Crystal Palace,Chelsea,A,2,1.3569762610704847,1.649848135824385,0.31593679256564877,0.23990852681376676,0.44415468062058444,0.27240143369175623,0.25089605734767023,0.4767025089605735
2025-26,2026-01-25,Newcastle United,Aston Villa,A,2,1.4677111075757727,1.4460546357408974,0.3812841970569228,0.24707927171865343,0.37163653122442386,0.48684210526315796,0.256578947368421,0.256578947368421
2025-26,2026-01-26,Everton,Leeds United,D,1,1.5785279372518521,1.1797771635488663,0.4657945883904353,0.24925208762820608,0.2849533239813586,0.3800403225806452,0.2923387096774194,0.3276209677419355
2025-26,2026-01-31,Brighton and Hove Albion,Everton,D,1,1.6264326546174164,1.1707732579919814,0.47969494049546973,0.2455876896505671,0.2747173698539632,0.5088777796931563,0.26150663678676095,0.2296155835200828
2025-26,2026-01-31,Wolverhampton Wanderers,Bournemouth,A,2,1.044947320754525,1.675619257723398,0.23625544921084815,0.24256140328952347,0.5211831474996284,0.3236831523924407,0.268194611982308,0.40812223562525135
2025-26,2026-01-31,Chelsea,West Ham,H,0,2.4108968800718156,1.056162776559777,0.6723657489300654,0.1782595110900223,0.14937473997991238,0.631578947368421,0.21052631578947367,0.15789473684210525
2025-26,2026-01-31,Liverpool,Newcastle United,H,0,1.7023899318110716,1.161318502348882,0.5002810677620089,0.23951720161108772,0.26020173062690344,0.5261599210266535,0.24284304047384012,0.23099703849950645
2025-26,2026-01-31,Leeds United,Arsenal,A,2,0.9881311459955657,1.9607048894974788,0.18480955870083812,0.21511362420950425,0.6000768170896575,0.16450818118642996,0.22521953376713624,0.6102722850464337
2025-26,2026-02-01,Aston Villa,Brentford,A,2,1.9350263214883432,1.2073015321539495,0.5431939366876273,0.2207726831313111,0.2360333801810616,0.45092838196286467,0.2705570291777188,0.27851458885941643
2025-26,2026-02-01,Manchester United,Fulham,H,0,1.7784678766269923,0.9595058260672754,0.5663396980764298,0.2321880421272332,0.20147225979633693,0.6013630896699185,0.2098089001737271,0.18882801015635442
2025-26,2026-02-01,Nottingham Forest,Crystal Palace,D,1,1.5213048682886974,1.4009092125019391,0.40367023121421813,0.2461949813001027,0.35013478748567906,0.48611111111111116,0.2708333333333333,0.24305555555555558
2025-26,2026-02-01,Tottenham,Manchester City,D,1,1.0540259834855068,1.7279686497783167,0.23071404703029413,0.23771238951155857,0.5315735634581473,0.2128240518482957,0.23358737397983678,0.5535885741718676
2025-26,2026-02-02,Sunderland,Burnley,H,0,1.944344019328011,0.9885697089809226,0.5964441732890815,0.21666314551494695,0.1868926811959715,0.5281969817315331,0.27164416203335984,0.20015885623510724
2025-26,2026-02-06,Leeds United,Nottingham Forest,H,0,1.5377491002080745,1.192229225884027,0.45275953369903466,0.25214909236414845,0.2950913739368169,0.43220338983050843,0.288135593220339,0.2796610169491525
2025-26,2026-02-07,Fulham,Everton,A,2,1.3773483692563726,1.2593219250427599,0.3968463047070883,0.26123452964013577,0.34191916565277575,0.4532775453277545,0.2928870292887029,0.25383542538354253
2025-26,2026-02-07,Arsenal,Sunderland,H,0,2.300337166812809,0.7421283965465316,0.7246762372355002,0.1714017848422702,0.10392197792222953,0.7710892921400297,0.1505166298257338,0.07839407803423636
2025-26,2026-02-07,Bournemouth,Aston Villa,D,1,1.2512614986247155,1.456901873927106,0.3246856949296523,0.256157783408749,0.4191565216615986,0.3507014028056112,0.2705410821643286,0.3787575150300601
2025-26,2026-02-07,Manchester United,Tottenham,H,0,2.010490094248298,0.9927616107394281,0.6095487078339268,0.21059449351972392,0.1798567986463493,0.6013630896699185,0.2098089001737271,0.18882801015635442
2025-26,2026-02-07,Newcastle United,Brentford,A,2,1.5726763257088763,1.4283642324133001,0.4105548034496045,0.2422843718488124,0.3471608247015832,0.4545454545454546,0.27272727272727276,0.27272727272727276
2025-26,2026-02-07,Wolverhampton Wanderers,Chelsea,A,2,0.9204984166091877,2.080803601265599,0.15709895405674337,0.2015877174307122,0.6413133285125445,0.19069369112189552,0.2383671139023694,0.5709391949757351
2025-26,2026-02-07,Burnley,West Ham,A,2,1.2736141481985095,1.5579451321962232,0.3118903145310833,0.24834379778634808,0.4397658876825687,0.28754298815437523,0.2711119602598395,0.44134505158578524
2025-26,2026-02-08,Brighton and Hove Albion,Crystal Palace,A,2,1.6899589817715128,1.1778922633211768,0.49349088129753665,0.24036164724739179,0.26614747145507156,0.48611111111111116,0.2708333333333333,0.24305555555555558
2025-26,2026-02-08,Liverpool,Manchester City,A,2,1.5401138819962539,1.2250588865055465,0.44601335912779505,0.2510511547632558,0.3029354861089491,0.3986131787197368,0.256405233879182,0.3449815874010813
2025-26,2026-02-10,Everton,Bournemouth,A,2,1.4634193225088077,1.2883909489213627,0.4128208069265703,0.25424001356373427,0.3329391795096955,0.40106951871657753,0.2807486631016043,0.3181818181818181
2025-26,2026-02-10,Chelsea,Leeds United,D,1,2.3386350608292186,1.1122018864210432,0.6467846707513814,0.18631127026593028,0.16690405898268834,0.6098357297414951,0.2183014736949925,0.17186279656351228
2025-26,2026-02-10,West Ham,Manchester United,D,1,1.1857813009085227,1.7655516580109643,0.2561738931530636,0.2342194269421093,0.5096066799048271,0.21193232413178983,0.22707034728406053,0.5609973285841496
2025-26,2026-02-10,Tottenham,Newcastle United,A,2,1.3627638010416636,1.596852150506522,0.326793867392165,0.24307655404906356,0.4301295785587714,0.2990936555891239,0.26586102719033233,0.4350453172205438
2025-26,2026-02-11,Aston Villa,Brighton and Hove Albion,H,0,1.848257697801782,0.9376096085576251,0.587655371713973,0.22484229642864084,0.18750233185738616,0.49533204157125243,0.25569843227056543,0.24896952615818213
2025-26,2026-02-11,Crystal Palace,Burnley,A,2,2.1078459649920127,0.8985387613433126,0.6519725335473222,0.19812864546201808,0.14989882099065968,0.6083835249741437,0.2387905335523514,0.1528259414735049
2025-26,2026-02-11,Manchester City,Fulham,H,0,2.2542337356149926,0.8986041144327375,0.6798810044665666,0.1844481282004531,0.1356708673329802,0.6936936936936937,0.17153153153153156,0.13477477477477479
2025-26,2026-02-11,Nottingham Forest,Wolverhampton Wanderers,D,1,1.8804651381378108,1.0085475241910307,0.5776077227399811,0.22308697663285587,0.19930530062716306,0.5594817432273262,0.2502944640753828,0.19022379269729095
2025-26,2026-02-11,Sunderland,Liverpool,A,2,1.2362029760176911,1.579596029644957,0.29879332171390605,0.24782592057579403,0.4533807577103,0.20017356089094587,0.25021695111368236,0.5496094879953717
2025-26,2026-02-12,Brentford,Arsenal,D,1,1.0791741909456811,1.899324616275623,0.2125601949333969,0.2224636653332834,0.5649761397333197,0.1995185073728558,0.24300331026181163,0.5574781823653325
2025-26,2026-02-18,Wolverhampton Wanderers,Arsenal,D,1,0.6679151624113583,2.7425931106267947,0.06562029190604617,0.12782848002726344,0.8065512280666903,0.08604097189137686,0.1802763220581229,0.7336827060505002
2025-26,2026-02-21,Manchester City,Newcastle United,H,0,1.9735895977899645,1.0296592968274372,0.5929241335658483,0.21491375555841688,0.19216211087573484,0.6436512580456407,0.18665886483323582,0.16968987712112346
2025-26,2026-02-21,West Ham,Bournemouth,D,1,1.2915771097296411,1.63327959958483,0.303053539302175,0.24262641042889274,0.4543200502689322,0.3807716387541087,0.2572781342933166,0.3619502269525748
2025-26,2026-02-21,Aston Villa,Leeds United,D,1,1.9308990348337194,0.9448596275388383,0.6041106125512203,0.2168497733403806,0.1790396141083992,0.5151610291323099,0.2647355288596593,0.22010344200803078
2025-26,2026-02-21,Brentford,Brighton and Hove Albion,A,2,1.5587870241211494,1.1291080187740337,0.47245799231338487,0.25195824865864913,0.275583759027966,0.47349177330895803,0.25594149908592323,0.27056672760511885
2025-26,2026-02-21,Chelsea,Burnley,D,1,2.932934205519262,0.795381917732929,0.8049787121292433,0.12303385022975312,0.0719874376410036,0.7755791985681615,0.14557024957740877,0.07885055185442974
2025-26,2026-02-22,Tottenham,Arsenal,A,2,0.8805777190484783,2.268137299738931,0.13109400425671275,0.18228247645557807,0.6866235192877091,0.15818639798488665,0.23727959697732998,0.6045340050377834
2025-26,2026-02-22,Crystal Palace,Wolverhampton Wanderers,H,0,2.2092672589661557,0.8479518923873954,0.6834757044474843,0.18611355865585963,0.13041073689665614,0.5738880918220947,0.23672883787661403,0.18938307030129126
2025-26,2026-02-22,Sunderland,Fulham,A,2,1.5011966116550408,1.1736905364592105,0.44766185007598713,0.255540708531818,0.29679744139219494,0.3532608695652174,0.29347826086956524,0.3532608695652174
2025-26,2026-02-22,Nottingham Forest,Liverpool,A,2,1.1776777177763247,2.0524696847760566,0.2136481058111348,0.21108871256858278,0.5752631816202824,0.23099703849950645,0.24284304047384012,0.5261599210266535
2025-26,2026-02-23,Everton,Manchester United,A,2,1.338764857567278,1.371964832669289,0.3635879807345742,0.2575522682071826,0.37885975105824327,0.2548524257681154,0.25145439342454057,0.49369318080734403
2025-26,2026-02-27,Wolverhampton Wanderers,Aston Villa,H,0,0.8251158316334476,2.230091428436716,0.12434330201952826,0.18294336370170533,0.6927133342787664,0.23125000000000004,0.25625,0.5125
2025-26,2026-02-28,Bournemouth,Sunderland,D,1,1.765037802767993,1.0736619538923018,0.535640417958426,0.234385457045879,0.22997412499569503,0.5275084060230983,0.25320403489108717,0.21928755908581452
2025-26,2026-02-28,Burnley,Brentford,A,2,1.1425412186515993,1.6812956901892708,0.2590056127424611,0.24144150868594094,0.4995528785715979,0.21030484383766596,0.24265943519730693,0.5470357209650272
2025-26,2026-02-28,Leeds United,Manchester City,A,2,1.037267184720605,2.0052428553888486,0.18989537144047106,0.21223371720294826,0.5978709113565808,0.19884287540642515,0.21813017509942711,0.5830269494941478
2025-26,2026-02-28,Liverpool,West Ham,H,0,2.3408533497192194,0.9360991180387442,0.6869051417215046,0.17856839323769078,0.1345264650408046,0.6590181430096052,0.19701173959445034,0.1439701173959445
2025-26,2026-02-28,Newcastle United,Everton,A,2,1.6393227090729312,1.2672491100410932,0.4611391899582644,0.24275006141179173,0.2961107486299438,0.5608856088560886,0.23837638376383766,0.2007380073800738
2025-26,2026-03-01,Brighton and Hove Albion,Nottingham Forest,H,0,1.6928194093084457,1.0925919438130918,0.5140114953041498,0.2408118285889509,0.24517667610689928,0.4701492537313433,0.2611940298507463,0.26865671641791045
2025-26,2026-03-01,Arsenal,Chelsea,H,0,2.047766252870928,1.208065596449915,0.5673696236963978,0.2119349039117211,0.22069547239188114,0.5841252096143097,0.24594745667970933,0.169927333705981
2025-26,2026-03-01,Manchester United,Crystal Palace,H,0,1.684501666114884,1.0934527577596447,0.511803673238932,0.24154300617881336,0.24665332058225456,0.6179775280898876,0.21011235955056176,0.17191011235955056
2025-26,2026-03-01,Fulham,Tottenham,H,0,1.9644908351900512,1.0911947003380735,0.576447648963555,0.21694729186935516,0.20660505916708974,0.45051194539249145,0.2627986348122867,0.2866894197952219
2025-26,2026-03-03,Bournemouth,Brentford,D,1,1.5064506409200278,1.3109644955941233,0.4188545649690601,0.2505567351223507,0.33058869990858913,0.37806972008145995,0.26254841672323603,0.35938186319530413
2025-26,2026-03-03,Everton,Burnley,H,0,2.1009639714120993,0.8738084460955147,0.6565570157667352,0.1977438172453241,0.1456991669879407,0.6045340050377834,0.23727959697732998,0.15818639798488665
2025-26,2026-03-03,Leeds United,Sunderland,A,2,1.5245781891436643,1.3557472756747402,0.41388190568929745,0.24775190271991504,0.33836619159078746,0.5072616073735894,0.2760099922473943,0.21672840037901628
2025-26,2026-03-03,Wolverhampton Wanderers,Liverpool,H,0,0.8277039672614382,2.7435584085171705,0.08691253435567477,0.1390971795540038,0.7739902860903215,0.16981132075471697,0.20754716981132074,0.6226415094339622
2025-26,2026-03-04,Fulham,West Ham,A,2,1.9184253457328808,1.0914906106904532,0.5663063849336012,0.2209567548241266,0.21273686024227217,0.473491773308958,0.2705667276051188,0.2559414990859232
2025-26,2026-03-04,Brighton and Hove Albion,Arsenal,A,2,0.9587737801770895,1.6367690687408674,0.22089345785210107,0.24647464337427408,0.5326318987736248,0.19851808377962,0.22999046291541345,0.5714914533049666
2025-26,2026-03-04,Newcastle United,Manchester United,H,0,1.2683827924965851,1.6208684992559348,0.29955559871821336,0.24404489714694716,0.4563995041348395,0.3619297617627173,0.2719643638388418,0.3661058743984409
2025-26,2026-03-04,Manchester City,Nottingham Forest,D,1,2.6598245116388175,0.8003056000568451,0.7679382499170931,0.14381049587766903,0.08825125420523781,0.6849315068493151,0.18904109589041096,0.12602739726027395
2025-26,2026-03-04,Aston Villa,Chelsea,A,2,1.489764832996339,1.4027798147412536,0.3954970592075377,0.24787224450121484,0.35663069629124755,0.35051546391752575,0.27835051546391754,0.3711340206185567
2025-26,2026-03-05,Tottenham,Crystal Palace,A,2,1.1963249371074243,1.6162382816048704,0.2826902689773092,0.24593610491761753,0.4713736261050733,0.4030403040304031,0.29142914291429145,0.3055305530553056
2025-26,2026-03-14,Arsenal,Everton,H,0,2.147478542869536,0.8520382042197386,0.6708417856491287,0.19223926609827016,0.13691894825260126,0.6882884418683941,0.19996590521650184,0.11174565291510398
2025-26,2026-03-14,Burnley,Bournemouth,D,1,1.0620071808898703,1.71185147823001,0.23498180753837863,0.23918975930764025,0.5258284331539811,0.23151446549255922,0.24979192329460334,0.5186936112128375
2025-26,2026-03-14,Chelsea,Newcastle United,A,2,2.2329830370784913,1.126310743736264,0.623531112925202,0.19528736151113232,0.1811815255636657,0.5256916996047432,0.225296442687747,0.24901185770750986
2025-26,2026-03-14,Sunderland,Brighton and Hove Albion,A,2,1.2746728202573088,1.1946630746311535,0.3832887716812658,0.2717484478726628,0.3449627804460714,0.28846153846153844,0.28846153846153844,0.423076923076923
2025-26,2026-03-14,West Ham,Manchester City,D,1,0.9465661625811395,2.0437316482881074,0.16643213536183335,0.20605039961454494,0.6275174650236217,0.21992238033635186,0.21992238033635186,0.5601552393272963
2025-26,2026-03-15,Crystal Palace,Leeds United,D,1,1.6691328110523787,1.1676175333308838,0.490826559358937,0.24216994266453942,0.2670034979765236,0.37620235126469537,0.2907018168863555,0.333095831848949
2025-26,2026-03-15,Liverpool,Tottenham,D,1,2.7081752148908227,0.746209650152056,0.7859625136062502,0.1362548399820216,0.07778264641172815,0.7296607077708864,0.1517694272163444,0.11856986501276906
2025-26,2026-03-15,Manchester United,Aston Villa,H,0,1.5285551285265162,1.0549801535834495,0.4821343879080166,0.25610662461963685,0.2617589874723466,0.5503745604647607,0.238036997401009,0.21158844213423023
2025-26,2026-03-15,Nottingham Forest,Fulham,D,1,1.4488849992792703,1.4906887474113806,0.3678290850400544,0.24579308003242561,0.38637783492752,0.43220338983050843,0.2796610169491525,0.288135593220339
2025-26,2026-03-16,Brentford,Wolverhampton Wanderers,D,1,2.2530885928567557,0.8557763552807887,0.6896833846385719,0.18239777824545086,0.1279188371159772,0.6102722850464338,0.2252195337671363,0.16450818118642999
2025-26,2026-03-20,Bournemouth,Manchester United,D,1,1.3650620748048836,1.3970606821885876,0.3653154928230224,0.2547714502886102,0.3799130568883674,0.29709605361131797,0.2501861504095309,0.4527177959791511
2025-26,2026-03-21,Brighton and Hove Albion,Liverpool,H,0,1.1697959352154628,1.4391682618999126,0.30690715747899516,0.2605574319811619,0.43253541053984296,0.303508080409933,0.26882144264879776,0.4276704769412692
2025-26,2026-03-21,Everton,Chelsea,H,0,1.3343180427589683,1.5907906659292663,0.32095610464596874,0.24432601727953415,0.4347178780744971,0.27055702917771884,0.2785145888594165,0.4509283819628648
2025-26,2026-03-21,Fulham,Burnley,H,0,1.9666586164008328,0.8914922736025663,0.6248078476253842,0.211703523378248,0.1634886289963677,0.6180581517347837,0.23064121272054125,0.15130063554467504
2025-26,2026-03-21,Leeds United,Brentford,D,1,1.2746218798391278,1.5205805528580385,0.3188786942110015,0.2508985230659614,0.4302227827230372,0.39205009528995366,0.2744350667029676,0.33351483800707865
2025-26,2026-03-22,Aston Villa,West Ham,H,0,1.7651804913113036,0.9847045981206644,0.5570799252003616,0.23379383590438932,0.20912623889524906,0.4866595517609392,0.26360725720384204,0.24973319103521877
2025-26,2026-03-22,Newcastle United,Sunderland,A,2,1.6910907574912672,1.107596090697139,0.510065233007545,0.2408802529784283,0.24905451401402665,0.5709391949757351,0.2383671139023694,0.19069369112189552
2025-26,2026-03-22,Tottenham,Nottingham Forest,A,2,1.3105804055921089,1.5099229214637986,0.32984810443092083,0.2503459589062703,0.41980593666280885,0.42285270112708895,0.27982899339292655,0.29731830547998445
2025-26,2026-04-10,West Ham,Wolverhampton Wanderers,H,0,1.7089638563970961,1.0574182722789955,0.5262322316018242,0.2394576740501975,0.2343100943479783,0.5292717447246527,0.2507076685537828,0.22002058672156458
2025-26,2026-04-11,Arsenal,Bournemouth,A,2,2.276115703809694,0.8408302066999236,0.6973347885646592,0.17946407859668592,0.12320113283865482,0.6613756613756613,0.21164021164021163,0.12698412698412698
2025-26,2026-04-11,Brentford,Everton,D,1,1.5099026320685995,1.1632493268730384,0.45224657832335824,0.2551503865461511,0.29260303513049063,0.44134505158578524,0.28754298815437523,0.2711119602598395
2025-26,2026-04-11,Burnley,Brighton and Hove Albion,A,2,1.0120833198736319,1.9337437415735224,0.19331605542196117,0.21818448585493308,0.5884994587231057,0.21158844213423023,0.238036997401009,0.5503745604647607
2025-26,2026-04-11,Liverpool,Fulham,H,0,1.8276468350673785,1.158793079767528,0.5301961596218955,0.22920581344939794,0.24059802692870658,0.5746381507885073,0.22575070209548498,0.19961114711600778
2025-26,2026-04-12,Chelsea,Manchester City,A,2,1.2942713305257898,1.6253433663785752,0.3050851558689351,0.2431106465686394,0.4518041975624255,0.3069697538981777,0.250422693969566,0.4426075521322562
2025-26,2026-04-12,Crystal Palace,Newcastle United,H,0,1.5242470028220847,1.1887689096740341,0.45012701837519875,0.2532942668868315,0.29657871473796965,0.31279620853080564,0.2606635071090047,0.42654028436018954
2025-26,2026-04-12,Nottingham Forest,Aston Villa,D,1,1.16668700440949,1.563031591815371,0.2843134435447601,0.2507865539359261,0.4649000025193138,0.3608748481166464,0.28760631834750905,0.3515188335358444
2025-26,2026-04-12,Sunderland,Tottenham,H,0,1.9220573581869318,0.9378237764480507,0.6039076041640682,0.21752889432767417,0.17856350150825764,0.3516483516483516,0.2967032967032967,0.3516483516483516
2025-26,2026-04-13,Manchester United,Leeds United,A,2,1.8548760538913902,0.8848480937999587,0.6021911496189644,0.22292534553341112,0.17488350484762452,0.5816922989614663,0.22983939617501845,0.18846830486351512
2025-26,2026-04-18,Brentford,Fulham,D,1,1.6553749733597776,1.199566635325003,0.48019762103020863,0.24281601110098508,0.2769863678688063,0.4532775453277545,0.25383542538354253,0.2928870292887029
2025-26,2026-04-18,Chelsea,Manchester United,A,2,1.598445905843564,1.323869016580786,0.4388316188953064,0.24413434415215698,0.31703403695253646,0.4317656129529684,0.27139552814186585,0.2968388589051658
2025-26,2026-04-18,Leeds United,Wolverhampton Wanderers,H,0,1.944369391143734,0.9051603679075556,0.6167126328968637,0.21437774192318723,0.16890962517994904,0.5892322244994482,0.24475800094592468,0.16600977455462715
2025-26,2026-04-18,Newcastle United,Bournemouth,A,2,1.4123555571666107,1.6316403062935794,0.33245951961634357,0.23946681629955083,0.4280736640841055,0.4751131221719458,0.2533936651583711,0.2714932126696833
2025-26,2026-04-18,Tottenham,Brighton and Hove Albion,D,1,0.9970617782458109,1.7135101591312356,0.21921497713584912,0.23892010811825948,0.5418649147458914,0.35149384885764495,0.25307557117750434,0.3954305799648506
2025-26,2026-04-19,Aston Villa,Sunderland,H,0,1.6839004063279286,1.0904565237384516,0.512365260759052,0.24161329368568982,0.24602144555525826,0.5717651950932151,0.2546261002148451,0.17360870469193984
2025-26,2026-04-19,Everton,Liverpool,A,2,1.3775152796437018,1.4208304486693726,0.36376083431015604,0.25283266317488234,0.38340650251496156,0.3067869752844252,0.27971753628874063,0.41349548842683403
2025-26,2026-04-19,Manchester City,Arsenal,H,0,1.6101941826820343,1.3120577150075519,0.44424765184017695,0.24368343366094394,0.312068914498879,0.5180518051805181,0.25622562256225623,0.22572257225722572
2025-26,2026-04-19,Nottingham Forest,Burnley,H,0,1.8095388129487386,0.9864596250754364,0.5669194109427701,0.22950169585822805,0.20357889319900188,0.6363636363636365,0.2272727272727273,0.13636363636363638
2025-26,2026-04-20,Crystal Palace,West Ham,D,1,1.7385666177518857,1.07531439190227,0.5290169263965031,0.23676805416299218,0.2342150194405047,0.3981697037810067,0.2961387171871237,0.3056915790318696
2025-26,2026-04-21,Brighton and Hove Albion,Chelsea,H,0,1.5097040011473766,1.1699783912747301,0.4506714920102185,0.25497450198528226,0.2943540060044991,0.3787575150300601,0.2705410821643286,0.3507014028056112
2025-26,2026-04-22,Bournemouth,Leeds United,D,1,1.7692618378272897,1.225550907339846,0.5014188429674216,0.2336797904176764,0.2649013666149021,0.4701492537313433,0.26865671641791045,0.2611940298507463
2025-26,2026-04-22,Burnley,Manchester City,A,2,0.7672501506921605,2.7854244411067604,0.07628101504049327,0.13179148698528806,0.7919274979742187,0.050187524674299246,0.10595144097907619,0.8438610343466245
2025-26,2026-04-24,Sunderland,Nottingham Forest,A,2,1.5816717908622988,1.1301284818228021,0.4779633138462677,0.25000370506700126,0.272032981086731,0.3516483516483516,0.2967032967032967,0.3516483516483516
2025-26,2026-04-25,Arsenal,Newcastle United,H,0,2.525783094860321,0.8835156996221919,0.7298163923048337,0.15997547419709354,0.11020813349807264,0.6505067104902768,0.1985757326759792,0.1509175568337442
2025-26,2026-04-25,Wolverhampton Wanderers,Tottenham,A,2,1.3488179863484233,1.453934829939788,0.3500498123699833,0.25227552885362425,0.39767465877639246,0.21124357674746064,0.21953720447195677,0.5692192187805826
2025-26,2026-04-25,Fulham,Aston Villa,H,0,1.289674352453866,1.6493698718656788,0.2998198988410885,0.24154981275163212,0.4586302884072794,0.346459785917706,0.26465678090935874,0.3888834331729352
2025-26,2026-04-25,West Ham,Everton,H,0,1.2614922098989247,1.3110796307808217,0.3556004206401245,0.26546101600448135,0.3789385633553941,0.39471577261809454,0.27862289831865494,0.3266613290632506
2025-26,2026-04-25,Liverpool,Crystal Palace,H,0,1.819571743156577,1.0212841843652003,0.5607912385405007,0.2289886498162302,0.21022011164326906,0.6585879873551107,0.1896733403582719,0.15173867228661753
2025-26,2026-04-27,Manchester United,Brentford,H,0,1.6025962688701634,1.2472741939703038,0.45659649543855313,0.24586357253786578,0.29753993202358103,0.5129935875801552,0.24974687816402294,0.2372595342558218
2025-26,2026-05-01,Leeds United,Burnley,H,0,2.268365737666228,0.8285921253347623,0.6988113059304113,0.17951979876915194,0.12166889530043672,0.7112375533428166,0.18918918918918923,0.09957325746799432
2025-26,2026-05-02,Arsenal,Fulham,H,0,2.189464435749016,0.9082168222261519,0.6655070741105032,0.19085655538149943,0.14363637050799724,0.6500776404176282,0.2161921021250311,0.13373025745734066
2025-26,2026-05-02,Brentford,West Ham,H,0,1.7494645507333293,1.02181332101496,0.544392073422476,0.23559684377358317,0.2200110828039409,0.4953764861294584,0.2523117569352708,0.2523117569352708
2025-26,2026-05-02,Newcastle United,Brighton and Hove Albion,H,0,1.2049785703659033,1.685711448424554,0.27334098391095696,0.24036503816672566,0.48629397792231743,0.3804878048780488,0.25365853658536586,0.3658536585365853
2025-26,2026-05-02,Wolverhampton Wanderers,Sunderland,D,1,1.1041712732648459,1.779838477313832,0.234958968342275,0.23315151882918733,0.5318895128285377,0.290280777537797,0.28120950323974087,0.4285097192224623
2025-26,2026-05-03,Aston Villa,Tottenham,A,2,2.20245509345936,0.8377760299228555,0.6846245759420316,0.18624308821945162,0.12913233583851677,0.4407039020657995,0.2631981637337414,0.29609793420045905
2025-26,2026-05-03,Bournemouth,Crystal Palace,H,0,1.7977237770581764,1.242419802095574,0.504223453070659,0.23139533722544448,0.2643812097038965,0.6018171661844011,0.2182108431661685,0.17997199064943042
2025-26,2026-05-03,Manchester United,Liverpool,H,0,1.4699294499358184,1.3246202699606195,0.4067763475003513,0.2523404838263345,0.34088316867331414,0.4095630021555947,0.24789339604154412,0.34254360180286103
2025-26,2026-05-04,Chelsea,Nottingham Forest,A,2,1.4824283829003035,1.1014983011823232,0.4593431449034133,0.2591654444368148,0.2814914106597719,0.5608856088560886,0.23837638376383766,0.2007380073800738
2025-26,2026-05-04,Everton,Manchester City,D,1,1.0275214781247284,2.198903023337014,0.16568382999721853,0.19484233044782628,0.6394738395549552,0.14530005310674457,0.19883165161975572,0.6558682952734998
2025-26,2026-05-09,Brighton and Hove Albion,Wolverhampton Wanderers,H,0,2.486815503613355,0.8084137461428631,0.7401869834547944,0.15868749650160752,0.10112552004359802,0.7480079367578973,0.15199521274920477,0.09999685049289786
2025-26,2026-05-09,Fulham,Bournemouth,A,2,1.4003816280704287,1.7407328080636542,0.3104271093034381,0.23320338751246505,0.45636950318409686,0.3436754176610978,0.26252983293556087,0.39379474940334125
2025-26,2026-05-09,Liverpool,Chelsea,D,1,1.7997018051569267,1.1379233767980514,0.5286055226049868,0.2315026853785209,0.23989179201649227,0.5190138736400838,0.23744884719033837,0.24353727916957785
2025-26,2026-05-09,Manchester City,Brentford,H,0,2.2457132311504937,0.9429825265828686,0.6679780381379842,0.18729282394134447,0.14472913792067132,0.698906060079875,0.16530647681889218,0.13578746310123285
2025-26,2026-05-09,Sunderland,Manchester United,D,1,1.2640229200522906,1.6186978002464232,0.2988656505576983,0.2443021317667287,0.4568322176755731,0.24107375553818092,0.2507167057597081,0.5082095387021109
2025-26,2026-05-10,Burnley,Aston Villa,D,1,0.9038336768861261,2.1628802988343776,0.14540680205706932,0.1931409887476825,0.6614522091952482,0.1894034665646017,0.2187107004210181,0.5918858330143802
2025-26,2026-05-10,Crystal Palace,Everton,D,1,1.4595663401776189,1.2434938043617334,0.42152779273072716,0.2562719539691714,0.3222002533001015,0.3515188335358444,0.28760631834750905,0.3608748481166464
2025-26,2026-05-10,Nottingham Forest,Newcastle United,D,1,1.6561621151798116,1.217707641745727,0.47628510247074435,0.2424571866647905,0.2812577108644651,0.3673469387755102,0.26530612244897966,0.3673469387755102
2025-26,2026-05-10,West Ham,Arsenal,A,2,0.9248505675142941,2.2155355148210627,0.1442540050121043,0.18920582559633517,0.6665401693915606,0.1720368389470114,0.22528633671632445,0.6026768243366641
2025-26,2026-05-11,Tottenham,Leeds United,D,1,1.1897391422352677,1.4925686478669884,0.3024305121907353,0.255720083143758,0.44184940466550665,0.5169718061229637,0.23074595248903015,0.25228224138800626
2025-26,2026-05-13,Manchester City,Crystal Palace,H,0,2.7631185886195997,0.9336790863649235,0.7550056543655201,0.14433218784584653,0.10066215778863324,0.7936507936507936,0.12698412698412698,0.07936507936507936
2025-26,2026-05-15,Aston Villa,Liverpool,H,0,1.4656880042901177,1.2327834810876732,0.42543555500554103,0.2562402845171849,0.3183241604772742,0.3411167512690355,0.2680203045685279,0.39086294416243655
2025-26,2026-05-17,Brentford,Crystal Palace,D,1,1.7297509653186058,1.2148817354547197,0.4945477815880856,0.23682289453665237,0.268629323875262,0.5520461161585652,0.22739042403674234,0.22056345980469233
2025-26,2026-05-17,Everton,Sunderland,A,2,1.6665464161287666,1.2116657451187607,0.48016198387314235,0.2417566213847341,0.27808139474212357,0.5275084060230983,0.25320403489108717,0.21928755908581452
2025-26,2026-05-17,Leeds United,Brighton and Hove Albion,H,0,1.5430250006121653,1.3325542556504553,0.4233548650929998,0.24744044416588215,0.32920469074111797,0.29609793420045905,0.2631981637337414,0.4407039020657995
2025-26,2026-05-17,Manchester United,Nottingham Forest,H,0,1.705020040232525,1.073363093778607,0.5214921496130931,0.2397914541919748,0.23871639619493198,0.5932203389830508,0.22598870056497172,0.18079096045197737
2025-26,2026-05-17,Newcastle United,West Ham,H,0,1.7054376891075242,1.20151899268587,0.4918035674306215,0.23886337388352988,0.26933305868584856,0.4527177959791511,0.2501861504095309,0.29709605361131797
2025-26,2026-05-17,Wolverhampton Wanderers,Fulham,D,1,1.11641373847733,1.5840449169267152,0.2682133911822243,0.25004720442800776,0.4817394043897679,0.25,0.25,0.5
2025-26,2026-05-18,Arsenal,Burnley,H,0,3.435222114938303,0.5905135750947238,0.8893936685839661,0.07781955208488596,0.03278677933114787,0.8722333310349583,0.08643039371164588,0.04133627525339585
2025-26,2026-05-19,Bournemouth,Manchester City,D,1,1.2541259305221484,1.997821155904141,0.23739734046289013,0.21628623590492316,0.5463164236321867,0.21124357674746064,0.21953720447195677,0.5692192187805826
2025-26,2026-05-19,Chelsea,Tottenham,H,0,1.6617635128880297,1.0180977190210523,0.5242758435022756,0.2439393715156056,0.2317847849821188,0.49851447522973813,0.257341256132108,0.24414426863815383
2025-26,2026-05-24,Burnley,Wolverhampton Wanderers,D,1,1.3912514194234562,1.2298417156306118,0.4068043723017448,0.26166463577189086,0.3315309919263643,0.40293767368003175,0.2705438666137356,0.3265184597062326
2025-26,2026-05-24,Crystal Palace,Arsenal,A,2,1.0052609839183755,2.0718342465435753,0.1753380056033299,0.20534681196017246,0.6193151824364976,0.2247191011235955,0.23595505617977527,0.5393258426966292
2025-26,2026-05-24,Brighton and Hove Albion,Manchester United,A,2,1.444320261551747,1.4261580622098844,0.3794661524380364,0.24921299367271638,0.37132085388924724,0.5116751269035533,0.2253807106598985,0.2629441624365483
2025-26,2026-05-24,Tottenham,Everton,H,0,1.336381617904324,1.3418390735378825,0.36903711400908223,0.25940188719031454,0.37156099880060317,0.49702656040180676,0.25315219476465356,0.24982124483353968
2025-26,2026-05-24,Fulham,Newcastle United,H,0,1.3845938080681623,1.4897284540405231,0.3521238143160911,0.24865045777912492,0.399225727904784,0.32917532917532916,0.24948024948024947,0.4213444213444213
2025-26,2026-05-24,Sunderland,Chelsea,H,0,1.3729116615581731,1.2583415440374421,0.395895260944665,0.26157800476301163,0.34252673429232344,0.2631578947368421,0.2631578947368421,0.47368421052631576
2025-26,2026-05-24,Manchester City,Aston Villa,A,2,2.244747547457686,1.0029012647722213,0.6539456746073331,0.18992644952047288,0.15612787587219396,0.7361963190184049,0.15828220858895706,0.10552147239263804
2025-26,2026-05-24,Nottingham Forest,Bournemouth,D,1,1.3140792850137357,1.6745255634201504,0.3013762713491079,0.2392891687038696,0.45933455994702255,0.28655297735532564,0.2521666200726866,0.4612804025719877
2025-26,2026-05-24,Liverpool,Brentford,D,1,1.7133482594408935,1.1924562624210429,0.49575465923547835,0.23833596987295372,0.2659093708915679,0.5256916996047432,0.225296442687747,0.24901185770750986
2025-26,2026-05-24,West Ham,Leeds United,H,0,1.2119873009516688,1.530974627856553,0.3012615534678763,0.2521132990186835,0.4466251475134403,0.5112910097997443,0.23647209203238176,0.25223689816787387
