Date,Season,HomeTeam,AwayTeam,Actual,ActualNumeric,HomeProb,DrawProb,AwayProb,ExpectedHomeGoals,ExpectedAwayGoals
2014-08-23,2014-15,Southampton,West Bromwich Albion,D,1,0.4128576977910606,0.2576899929416495,0.32945230926728986,1.433816923493871,1.2529671670974691
2014-08-23,2014-15,Swansea,Burnley,H,0,0.4836455898164945,0.273123063119101,0.24323134706440455,1.3933181535590455,0.9016997526701167
2014-08-23,2014-15,Aston Villa,Newcastle United,D,1,0.4985125944487273,0.26707992763719296,0.2344074779140798,1.4476188399969605,0.9008861806131624
2014-08-23,2014-15,Chelsea,Leicester City,H,0,0.5167907460188306,0.25212792358601166,0.23108133039515782,1.5810657954613605,0.9667359641246787
2014-08-23,2014-15,Crystal Palace,West Ham,A,2,0.33464670015033393,0.2699193656462888,0.39543393420337725,1.1820151876149543,1.3094615380010932
2014-08-23,2014-15,Everton,Arsenal,D,1,0.34416415425239766,0.2791529124867799,0.37668293326082236,1.1470055055782675,1.213582380469462
2014-08-24,2014-15,Sunderland,Manchester United,D,1,0.3951223839358272,0.27346176191932015,0.3314158541448526,1.2841143012845206,1.1518348521770232
2014-08-24,2014-15,Tottenham,QPR,H,0,0.3946996580023645,0.2551444818769247,0.35015586012071087,1.4234098616184243,1.3259336421931718
2014-08-24,2014-15,Hull,Stoke,D,1,0.46257601205596605,0.2674656425104574,0.2699583454335765,1.418331181796207,1.0159403627657422
2014-08-25,2014-15,Manchester City,Liverpool,H,0,0.47337176674450215,0.25567506512727584,0.27095316812822184,1.5256712643972303,1.0890474340565932
2014-08-30,2014-15,Burnley,Manchester United,D,1,0.3633105362729973,0.28175962701697843,0.3549298367100243,1.1717554776558792,1.1547071187648772
2014-08-30,2014-15,Everton,Chelsea,A,2,0.32766854706934884,0.2625383513877668,0.40979310154288423,1.2136441465794627,1.3892448720977868
2014-08-30,2014-15,Manchester City,Stoke,A,2,0.4945960646306945,0.2606448960633243,0.24475903930598125,1.4973151778192182,0.9697103436796902
2014-08-30,2014-15,Newcastle United,Crystal Palace,D,1,0.4813369314897917,0.27369097632024897,0.24497209218995927,1.3875815784516858,0.9046749972638123
2014-08-30,2014-15,QPR,Sunderland,H,0,0.4288406459168562,0.26180456707654076,0.3093547870066031,1.423892523284157,1.168481592821831
2014-08-30,2014-15,Swansea,West Bromwich Albion,H,0,0.4235595917025585,0.27946858240412914,0.2969718258933122,1.287311628956135,1.0294843867841361
2014-08-30,2014-15,West Ham,Southampton,A,2,0.4849577722253089,0.26002588608670724,0.2550163416879839,1.4966069333033536,1.0086740300238954
2014-08-31,2014-15,Aston Villa,Hull,H,0,0.46014833658261745,0.2738559081237767,0.2659957552936058,1.3685219154946566,0.9698564177180876
2014-08-31,2014-15,Leicester City,Arsenal,D,1,0.3628672963476063,0.27166674246292105,0.3654659611894726,1.234649011720411,1.2400776175485013
2014-08-31,2014-15,Tottenham,Liverpool,A,2,0.49552808896749845,0.2476184312159775,0.25685347981652407,1.616079538599233,1.0915421041574622
2014-09-13,2014-15,Arsenal,Manchester City,D,1,0.47298368000843966,0.2613411175004786,0.26567520249108173,1.4766076507324803,1.0369346114406908
2014-09-13,2014-15,Chelsea,Swansea,H,0,0.5041748226726682,0.25249726791933913,0.24332790940799265,1.5735542978628152,1.0107242992989407
2014-09-13,2014-15,Crystal Palace,Burnley,D,1,0.43356798251112993,0.2757988200881702,0.2906331974006998,1.3252267239642495,1.0317071247718423
2014-09-13,2014-15,Liverpool,Aston Villa,A,2,0.4580773689246107,0.27023194618833934,0.27169068488704995,1.3929768599299468,1.006219900558625
2014-09-13,2014-15,Southampton,Newcastle United,H,0,0.47484635807828174,0.26336966447034543,0.2617839774513729,1.4614701064120976,1.012496890551831
2014-09-13,2014-15,Stoke,Leicester City,A,2,0.4718298685280485,0.2694990728074953,0.2586710586644562,1.411058217599952,0.969330334068097
2014-09-13,2014-15,Sunderland,Tottenham,D,1,0.41196356747846213,0.2650559157668359,0.3229805167547019,1.3730731708333213,1.184228423370347
2014-09-13,2014-15,West Bromwich Albion,Everton,A,2,0.4455248253284455,0.26475219676967643,0.28972297790187806,1.421552957606403,1.0923147738356183
2014-09-14,2014-15,Manchester United,QPR,H,0,0.44675851262637,0.2711992685294934,0.28204221884413666,1.3738010153038809,1.0321025883087178
2014-09-15,2014-15,Hull,West Ham,D,1,0.4138644011510471,0.2710904725514989,0.31504512629745396,1.3311106635215995,1.1249669580192605
2014-09-20,2014-15,Burnley,Sunderland,D,1,0.43502396906935237,0.2771670575225573,0.28780897340809036,1.317646152287732,1.0165222935734515
2014-09-20,2014-15,West Ham,Liverpool,H,0,0.41270599217069226,0.2706990457296017,0.31659496209970617,1.3321635296121364,1.131424533796116
2014-09-20,2014-15,QPR,Stoke,D,1,0.4032505066585921,0.2693247307999218,0.3274247625414861,1.327035537396724,1.1679008380472604
2014-09-20,2014-15,Swansea,Southampton,A,2,0.4045655808348766,0.2642892617259408,0.3311451574391826,1.3669120668654828,1.2106344447634623
2014-09-20,2014-15,Newcastle United,Hull,D,1,0.42429760563406776,0.27269791995517073,0.30300447441076145,1.3347381338514277,1.0831805111249584
2014-09-20,2014-15,Aston Villa,Arsenal,A,2,0.42740798979172,0.2715433184081983,0.3010486918000817,1.3472856422807442,1.0845089171697535
2014-09-21,2014-15,Everton,Crystal Palace,A,2,0.47786752251435693,0.2628119838203173,0.2593204936653258,1.4683728678917742,1.0074738631567381
2014-09-21,2014-15,Leicester City,Manchester United,H,0,0.3772687968934499,0.274929551119302,0.34780165198724805,1.2418653750533648,1.1808607847122137
2014-09-21,2014-15,Manchester City,Chelsea,D,1,0.34711224996089896,0.2530650012869732,0.3998227487521279,1.3349354496610442,1.450978347088451
2014-09-21,2014-15,Tottenham,West Bromwich Albion,A,2,0.4907375442489693,0.25473446411150924,0.2545279916395215,1.5464132395224037,1.037996423115476
2014-09-27,2014-15,Hull,Manchester City,A,2,0.37909598615526957,0.27253114501187464,0.34837286883285573,1.2613955051302386,1.1973828255021408
2014-09-27,2014-15,Crystal Palace,Leicester City,H,0,0.4004163754759771,0.2640637747634974,0.3355198497605256,1.361564674251052,1.2232910424106997
2014-09-27,2014-15,Arsenal,Tottenham,D,1,0.5145877085953842,0.24527368722511433,0.2401386041795015,1.6466257481842321,1.0429743978243207
2014-09-27,2014-15,Chelsea,Aston Villa,H,0,0.5419548530052002,0.24681516714561363,0.2112299798491862,1.6328557619212378,0.9173355820096495
2014-09-27,2014-15,Manchester United,West Ham,H,0,0.433117264040062,0.27170088313874413,0.29518185282119386,1.353681082853958,1.0672181207400204
2014-09-27,2014-15,Sunderland,Swansea,D,1,0.40287739061804073,0.2755494942657998,0.3215731151161595,1.2828079623525932,1.1150503763047959
2014-09-27,2014-15,Liverpool,Everton,D,1,0.4475745232265677,0.26228797608328586,0.2901375006901465,1.4437277878175407,1.1087778251810307
2014-09-27,2014-15,Southampton,QPR,H,0,0.5306519023535036,0.2469920008214798,0.22235609682501672,1.6316819534647293,0.9617175992509305
2014-09-28,2014-15,West Bromwich Albion,Burnley,H,0,0.4606369533231056,0.2749970658822345,0.2643659807946599,1.3608733409352445,0.9591553372445154
2014-09-29,2014-15,Stoke,Newcastle United,H,0,0.46038546169384764,0.2651472823170885,0.2744672559890639,1.4343443658715878,1.0431618210850129
2014-10-04,2014-15,Leicester City,Burnley,D,1,0.4457733057154825,0.26629282968941453,0.28793386459510295,1.4097554275172297,1.0777003253116804
2014-10-04,2014-15,Aston Villa,Manchester City,A,2,0.36910796745186586,0.2749157717408866,0.35597626080724754,1.2260179952215837,1.1988253348352038
2014-10-04,2014-15,Hull,Crystal Palace,H,0,0.38993496477627737,0.2701727421809031,0.33989229304281965,1.297895761920362,1.1930108453006585
2014-10-04,2014-15,Sunderland,Stoke,H,0,0.3925808072872983,0.27710610000923724,0.3303130927034646,1.2552866362559396,1.1272285093766246
2014-10-04,2014-15,Swansea,Newcastle United,D,1,0.45949713529254893,0.2601587372140486,0.2803441274934025,1.4741807940858038,1.091611412638918
2014-10-04,2014-15,Liverpool,West Bromwich Albion,H,0,0.4394015512177049,0.27405470738757487,0.28654374139472016,1.3446300863977974,1.029569282958234
2014-10-05,2014-15,Chelsea,Arsenal,H,0,0.5354667246959557,0.2332176458350037,0.2313156294690407,1.7786100023176774,1.0877816949357972
2014-10-05,2014-15,Manchester United,Everton,H,0,0.4543689537218529,0.2612924626056366,0.2843385836725105,1.459425905328097,1.0971378398653147
2014-10-05,2014-15,Tottenham,Southampton,H,0,0.36278001380096425,0.2688951904668706,0.36832479573216514,1.2532787113806656,1.2649497004833543
2014-10-05,2014-15,West Ham,QPR,H,0,0.506365068525094,0.25962737781917017,0.23400755365573583,1.5115051587171906,0.9368868724848141
2014-10-18,2014-15,Arsenal,Hull,D,1,0.4903948048419512,0.260342777503914,0.24926241765413487,1.49741487864916,0.9870593812723931
2014-10-18,2014-15,Everton,Aston Villa,H,0,0.4642072596212701,0.2614663820556662,0.2743263583230636,1.4678301316055622,1.0643683147907963
2014-10-18,2014-15,Crystal Palace,Chelsea,A,2,0.29466082299588353,0.24891915104376408,0.45642002596035247,1.2144715526713212,1.5723061093858992
2014-10-18,2014-15,Southampton,Sunderland,H,0,0.5075652432553369,0.2583374111164165,0.2340973456282466,1.5229522236652864,0.9440126899901818
2014-10-18,2014-15,Manchester City,Tottenham,H,0,0.5205833386978288,0.24955347546397372,0.22986318583819745,1.6059667032841953,0.9767265252540416
2014-10-18,2014-15,Newcastle United,Leicester City,H,0,0.4230709236165628,0.25762127217351344,0.31930780420992383,1.4503336985668416,1.2255748339415247
2014-10-18,2014-15,Burnley,West Ham,A,2,0.37785051040820716,0.28253039467727964,0.3396190949145132,1.1948959225752884,1.1173076192501172
2014-10-19,2014-15,QPR,Liverpool,A,2,0.33290367155480266,0.2679085714007444,0.3991877570444529,1.1908183358030062,1.330529540836454
2014-10-19,2014-15,Stoke,Swansea,H,0,0.43716271229418013,0.26888411307172744,0.2939531746340924,1.3795936257255408,1.0800409334639545
2014-10-20,2014-15,West Bromwich Albion,Manchester United,D,1,0.41880921248150577,0.267387841434144,0.3138029460843502,1.36579065235537,1.1445977731056205
2014-10-25,2014-15,Liverpool,Hull,D,1,0.46955388749089577,0.26399873450553585,0.2664473780035683,1.4519745015301264,1.024166977631559
2014-10-25,2014-15,Southampton,Stoke,H,0,0.5339255789129531,0.23998188918126467,0.2260925319057823,1.7031865986208539,1.0196169286419328
2014-10-25,2014-15,Sunderland,Arsenal,A,2,0.37577998189542783,0.2682081619734675,0.35601185613110475,1.2849357651284166,1.243252267972252
2014-10-25,2014-15,Swansea,Leicester City,H,0,0.44089493197960744,0.25761275277121004,0.30149231524918246,1.47488970420073,1.1737754318236677
2014-10-25,2014-15,West Bromwich Albion,Crystal Palace,D,1,0.4555191519691146,0.26663226760672815,0.27784858042415717,1.4177911221435522,1.045138827976835
2014-10-25,2014-15,West Ham,Manchester City,H,0,0.3913532372193958,0.25488479313712614,0.3537619696434781,1.4192008612127904,1.336859457316545
2014-10-26,2014-15,Burnley,Everton,A,2,0.36074131920466357,0.26438888441175007,0.37486979638358636,1.2806862832341992,1.3107997940855372
2014-10-26,2014-15,Manchester United,Chelsea,D,1,0.31293778842362824,0.2539137791906655,0.4331484323857063,1.2342365462688178,1.4971851844439774
2014-10-26,2014-15,Tottenham,Newcastle United,A,2,0.44115062598816807,0.2557822938508757,0.3030670801609562,1.4911434651931332,1.1912331237686047
2014-10-27,2014-15,QPR,Aston Villa,H,0,0.4133985346601825,0.26773127408961506,0.3188701912502025,1.3550227163350674,1.155961307733481
2014-11-01,2014-15,Arsenal,Burnley,H,0,0.5727940894972374,0.23678714049310728,0.1904187700096553,1.7233766083575635,0.8816586563842899
2014-11-01,2014-15,Hull,Southampton,A,2,0.31548913661559375,0.2644334343881399,0.42007742899626643,1.1682076465980917,1.3903487148643614
2014-11-01,2014-15,Everton,Swansea,D,1,0.4564481965775678,0.2581714856371068,0.2853803177853255,1.4879658894854568,1.1202313494919403
2014-11-01,2014-15,Newcastle United,Liverpool,H,0,0.4326062105603338,0.26317730832752323,0.30421648111214294,1.4179554531056917,1.144771543844183
2014-11-01,2014-15,Leicester City,West Bromwich Albion,A,2,0.4017803241902284,0.26462758569558426,0.3335920901141873,1.3595866484944648,1.2145506871508027
2014-11-01,2014-15,Chelsea,QPR,H,0,0.6218004855800809,0.21648992098116054,0.16170959343875863,1.9072703509493938,0.8523217634449783
2014-11-01,2014-15,Stoke,West Ham,D,1,0.3545908342486073,0.2579255323957674,0.38748363335562525,1.314925053077976,1.3863337950192918
2014-11-02,2014-15,Aston Villa,Tottenham,A,2,0.3787841523797308,0.2656680692240828,0.3555477783961864,1.3092506020901793,1.2599080611284632
2014-11-02,2014-15,Manchester City,Manchester United,H,0,0.5147010732517974,0.235657934870685,0.2496409918775175,1.7500147814257558,1.147858509306644
2014-11-03,2014-15,Crystal Palace,Sunderland,A,2,0.46976105167945786,0.2592130618365999,0.2710258864839423,1.4917859314322084,1.0672662782792217
2014-11-08,2014-15,Southampton,Leicester City,H,0,0.6297793864365715,0.21355929214486388,0.15666132141856462,1.9316013097483589,0.8412812311510011
2014-11-08,2014-15,West Ham,Aston Villa,D,1,0.5856011851303591,0.22394757858614447,0.19045123628349636,1.8615718321303902,0.9581746644469585
2014-11-08,2014-15,Burnley,Hull,H,0,0.36068187314578903,0.26476948386904275,0.3745486429851682,1.2778050969771189,1.3073290766200234
2014-11-08,2014-15,Liverpool,Chelsea,A,2,0.3009502791024368,0.2616761325948395,0.43737358830272366,1.1450175019211133,1.4363377057626685
2014-11-08,2014-15,Manchester United,Crystal Palace,H,0,0.4463294538105001,0.2622383346640571,0.2914322115254429,1.442693698016403,1.1130176464507122
2014-11-08,2014-15,QPR,Manchester City,D,1,0.2505344086332833,0.2317499876649763,0.5177156037017404,1.1817709194995736,1.796435295100815
2014-11-09,2014-15,Swansea,Arsenal,H,0,0.35635946536406804,0.26348024240690493,0.38016029222902714,1.2774233533071235,1.3282777171284232
2014-11-09,2014-15,Sunderland,Everton,D,1,0.3996074120945975,0.2688566428886166,0.3315359450167858,1.3243173599650409,1.181223853780329
2014-11-09,2014-15,West Bromwich Albion,Newcastle United,A,2,0.42226291491912854,0.265024585522087,0.31271249955878444,1.3889534989971608,1.1567365000103536
2014-11-09,2014-15,Tottenham,Stoke,A,2,0.45027290005666215,0.24951059261970257,0.30021650732363525,1.5597511055597655,1.227997496175006
2014-11-22,2014-15,Arsenal,Manchester United,A,2,0.5206108639764357,0.24558101717823072,0.23380811884533356,1.6447198329620223,1.016011184186927
2014-11-22,2014-15,Chelsea,West Bromwich Albion,H,0,0.6034370469992165,0.2266123920408414,0.1699505609599421,1.8088338256627785,0.8387170173574808
2014-11-22,2014-15,Everton,West Ham,H,0,0.4293361132798616,0.25500660536975106,0.31565728135038734,1.482119771209247,1.2341452124225651
2014-11-22,2014-15,Leicester City,Sunderland,D,1,0.4226736489245596,0.2736718492775242,0.30365450179791625,1.3255843353275407,1.079341828050873
2014-11-22,2014-15,Manchester City,Swansea,H,0,0.5294304384094093,0.23122482294480146,0.23934473864578926,1.8029944140725154,1.1376490646431394
2014-11-22,2014-15,Newcastle United,QPR,H,0,0.5363774749996622,0.2426042666671704,0.22101825833316754,1.6755015984964805,0.9820687402155461
2014-11-22,2014-15,Stoke,Burnley,A,2,0.5475541396150801,0.23347608679793416,0.21896977358698574,1.7726509222927214,1.0312453723458832
2014-11-23,2014-15,Crystal Palace,Liverpool,H,0,0.422415287182968,0.2738356783364929,0.303749034480539,1.3240714640996896,1.078659651204423
2014-11-23,2014-15,Hull,Tottenham,A,2,0.3700766684660431,0.2660993408200855,0.36382399071387145,1.2883972762147373,1.2751336708995156
2014-11-24,2014-15,Aston Villa,Southampton,D,1,0.24888927536703412,0.24978667726629086,0.501324047366675,1.047927653856221,1.597806799437448
2014-11-29,2014-15,QPR,Leicester City,H,0,0.42511536270689915,0.2677682590462949,0.3071163782468058,1.3720155327225636,1.1239371250178023
2014-11-29,2014-15,Burnley,Aston Villa,D,1,0.4251998698884003,0.25874283068243287,0.31605729942916677,1.4439948698845642,1.2084454985071127
2014-11-29,2014-15,Manchester United,Hull,H,0,0.543634640132205,0.24882980825945925,0.20753555160833576,1.6133839887960713,0.8914378995476498
2014-11-29,2014-15,Liverpool,Stoke,H,0,0.3629047006616868,0.261782747325961,0.3753125520123522,1.3046882199664933,1.3313322165241954
2014-11-29,2014-15,Sunderland,Chelsea,D,1,0.22819714721953854,0.24102034410617315,0.5307825086742883,1.0218001556341985,1.6923036684071626
2014-11-29,2014-15,West Bromwich Albion,Arsenal,A,2,0.2843462065486588,0.24915030144992867,0.46650349200141256,1.1784596555709368,1.5801721768433765
2014-11-29,2014-15,West Ham,Newcastle United,H,0,0.40336126215749385,0.2570914804909388,0.3395472573515674,1.4227670902933183,1.2840232503117313
2014-11-29,2014-15,Swansea,Crystal Palace,D,1,0.4603371276640073,0.2619136418525075,0.27774923048348515,1.4604135397288485,1.0726014850852568
2014-11-30,2014-15,Southampton,Manchester City,A,2,0.45606855701853294,0.24302079644673502,0.3009106465347321,1.6311085509984384,1.2812052854805547
2014-11-30,2014-15,Tottenham,Everton,H,0,0.43531164678557926,0.2520635767738961,0.3126247764405246,1.516940856009795,1.2471271346839639
2014-12-02,2014-15,Leicester City,Liverpool,A,2,0.40045932944116286,0.27472545430653666,0.32481521625230053,1.284456643368395,1.1279958662892338
2014-12-02,2014-15,Burnley,Newcastle United,D,1,0.36428393103619205,0.2667629898185861,0.3689530791452217,1.2714040966421674,1.2812903005984364
2014-12-02,2014-15,Crystal Palace,Aston Villa,A,2,0.4683675722536704,0.262541688270157,0.2690907394761727,1.462761031490244,1.0411058598969716
2014-12-02,2014-15,Swansea,QPR,H,0,0.48436450802357134,0.2528245002233649,0.26281099175306377,1.559780091971895,1.0791512585230145
2014-12-02,2014-15,West Bromwich Albion,West Ham,A,2,0.32637411014482565,0.26349409185644734,0.41013179799872684,1.203678914372587,1.3822700202193905
2014-12-02,2014-15,Manchester United,Stoke,H,0,0.486426362867074,0.25069156538601983,0.26288207174690614,1.5810955381700282,1.093197720429372
2014-12-03,2014-15,Arsenal,Southampton,H,0,0.4756749443955334,0.2571623245224229,0.2671627310820437,1.5144101629187379,1.0669507535884324
2014-12-03,2014-15,Chelsea,Tottenham,H,0,0.5734931243752541,0.2254697483338027,0.20103712729094303,1.8538535783612502,1.0008863946829205
2014-12-03,2014-15,Everton,Hull,D,1,0.5477389127593018,0.2501939366532707,0.20206715058742764,1.6000535926396011,0.8621328573583463
2014-12-03,2014-15,Sunderland,Manchester City,A,2,0.3005390639173913,0.26007016324609544,0.4393907728365133,1.1543607966468579,1.4521698742570255
2014-12-06,2014-15,Newcastle United,Chelsea,H,0,0.282790592579031,0.26351958141476295,0.45368982600620605,1.0786833371071662,1.4405080772909067
2014-12-06,2014-15,Liverpool,Sunderland,D,1,0.4497416587006986,0.27273925162890217,0.27751908967039923,1.3658830132395645,1.0103472697970732
2014-12-06,2014-15,Manchester City,Everton,H,0,0.561252150933424,0.23540136572946552,0.20334648333711047,1.7451162960720834,0.9485200292891453
2014-12-06,2014-15,Stoke,Arsenal,H,0,0.31930223906903576,0.24882663051588097,0.4318711304150832,1.2922254524529293,1.542459973728242
2014-12-06,2014-15,QPR,Burnley,H,0,0.42119766245149626,0.255737491239971,0.3230648463085327,1.4636903027601793,1.2498612668351996
2014-12-06,2014-15,Hull,West Bromwich Albion,D,1,0.4279629791112416,0.2746311793989859,0.2974058414897726,1.3260775175010704,1.0568810326064488
2014-12-06,2014-15,Tottenham,Crystal Palace,D,1,0.501491313125341,0.2566090809212874,0.24189960595337148,1.5353867616206767,0.9817819337952299
2014-12-07,2014-15,Aston Villa,Leicester City,H,0,0.45817398206331,0.26209095212755057,0.2797350658091395,1.4567933274037743,1.077802264660502
2014-12-07,2014-15,West Ham,Swansea,H,0,0.4596773633203139,0.26143739045620257,0.27888524622348354,1.463692109608746,1.0790966817991792
2014-12-08,2014-15,Southampton,Manchester United,A,2,0.41563232282117885,0.2666390720072912,0.3177286051715299,1.3666755274597029,1.1599231931376626
2014-12-13,2014-15,Arsenal,Newcastle United,H,0,0.47442631351237374,0.25872442733267,0.26684925915495633,1.4998795589362521,1.0563686269277568
2014-12-13,2014-15,Burnley,Southampton,H,0,0.3780357291999351,0.27001336375325036,0.3519509070468145,1.2766771689428946,1.2219514372071358
2014-12-13,2014-15,Chelsea,Hull,H,0,0.7076337960455201,0.18317092900397786,0.10919527495050203,2.162319490702533,0.7113791213621088
2014-12-13,2014-15,Crystal Palace,Stoke,D,1,0.4155569648898477,0.26479638860586724,0.31964664650428504,1.3806872024303782,1.1770743623124256
2014-12-13,2014-15,Leicester City,Manchester City,A,2,0.2123318086884467,0.23323701579800207,0.5544311755135513,1.0028551666378271,1.772744816653293
2014-12-13,2014-15,Sunderland,West Ham,D,1,0.3383350184648964,0.2796146076288241,0.38205037390627944,1.13119729390391,1.2205682397469675
2014-12-13,2014-15,West Bromwich Albion,Aston Villa,H,0,0.3713476199923191,0.27421837817637895,0.354434001831302,1.2350391188187015,1.1999511114004064
2014-12-14,2014-15,Manchester United,Liverpool,H,0,0.5194519976491263,0.25128600814211105,0.2292619942087627,1.5894553481133238,0.9644970057193463
2014-12-14,2014-15,Swansea,Tottenham,A,2,0.42163096318572446,0.26367214916671894,0.3146968876475566,1.3986244446989242,1.1710484460210624
2014-12-15,2014-15,Everton,QPR,H,0,0.4796827276877467,0.2539529097725671,0.26636436253968615,1.5461187788691386,1.0843446442115041
2014-12-20,2014-15,Aston Villa,Manchester United,D,1,0.3231485094252895,0.26512338205804004,0.41172810851667047,1.184223917147006,1.3721810531998997
2014-12-20,2014-15,Hull,Swansea,A,2,0.3470010481282873,0.27159059675919417,0.38140835511251847,1.200356645340299,1.2722226161071832
2014-12-20,2014-15,Manchester City,Crystal Palace,H,0,0.6379027632220169,0.21454508436835057,0.1475521524096325,1.9026132293599995,0.7843086761398169
2014-12-20,2014-15,QPR,West Bromwich Albion,H,0,0.4399969343313472,0.26375585999435913,0.2962472056742937,1.4228351921812998,1.1178704010438503
2014-12-20,2014-15,Southampton,Everton,H,0,0.4463456918767198,0.26566376601495406,0.2879905421083262,1.4153248597156431,1.0816217388676752
2014-12-20,2014-15,Tottenham,Burnley,H,0,0.49250043867911913,0.2552938500943272,0.25220571122655366,1.5424204401314148,1.026384304316033
2014-12-20,2014-15,West Ham,Leicester City,H,0,0.6091831412389208,0.22126598269650186,0.16955087606457742,1.866002422299173,0.8667160202647065
2014-12-21,2014-15,Liverpool,Arsenal,D,1,0.36031601678493336,0.2597423181667003,0.3799416650483663,1.314300986137322,1.3566907023539374
2014-12-21,2014-15,Newcastle United,Sunderland,A,2,0.46879904112574783,0.26906007788466946,0.2621408809895827,1.4117945473007227,0.9826736720679445
2014-12-22,2014-15,Stoke,Chelsea,A,2,0.25927911086082855,0.24341271562057387,0.4973081735185976,1.129480710228827,1.6595110261878185
2014-12-26,2014-15,Burnley,Liverpool,A,2,0.36680428208196764,0.26852788795919186,0.3646678299588405,1.2643403173863055,1.25983879115745
2014-12-26,2014-15,Everton,Stoke,A,2,0.4372111951689414,0.2663124318811436,0.29647637294991497,1.3992549827986722,1.1027280217482156
2014-12-26,2014-15,Chelsea,West Ham,H,0,0.5265019611860103,0.24983780671351372,0.22366023210047598,1.6040996936359335,0.9507798994076997
2014-12-26,2014-15,Crystal Palace,Southampton,A,2,0.3511067643802726,0.2726029767638066,0.3762902588559209,1.2030403713513511,1.2555058078140175
2014-12-26,2014-15,Arsenal,QPR,H,0,0.5330269884629136,0.23389763082999696,0.23307538070708939,1.7710106695103178,1.0906023531167364
2014-12-26,2014-15,Leicester City,Tottenham,A,2,0.3015155528204685,0.2648892883650551,0.43359515881447647,1.126090910400769,1.4056918367751485
2014-12-26,2014-15,Manchester United,Newcastle United,H,0,0.5531731829709933,0.23934308444545946,0.20748373258354733,1.7059212001654733,0.9435885259656297
2014-12-26,2014-15,West Bromwich Albion,Manchester City,A,2,0.24670620017634942,0.25633236516017655,0.4969614346634741,1.0006667192657488,1.5356208593685023
2014-12-26,2014-15,Sunderland,Hull,A,2,0.5413084886543421,0.2565703936106514,0.20212111773500638,1.5439764826503788,0.831799498175839
2014-12-26,2014-15,Swansea,Aston Villa,H,0,0.49839122475513287,0.2567101416180016,0.2448986336268655,1.5330216614850825,0.992024401077659
2014-12-28,2014-15,Newcastle United,Everton,H,0,0.45319433561355926,0.2616115470928739,0.285194117293567,1.4555313149657698,1.0978145630861809
2014-12-28,2014-15,Aston Villa,Sunderland,D,1,0.4104526700780621,0.278470648005957,0.3110766819159809,1.2751197267849372,1.0718294921512568
2014-12-28,2014-15,Hull,Leicester City,A,2,0.48064611901026877,0.2658538143104552,0.2535000666792761,1.4460546684432949,0.9715917792076793
2014-12-28,2014-15,Manchester City,Burnley,D,1,0.689046921125813,0.1926187736572389,0.11833430521694813,2.0782510397565725,0.7228607224879146
2014-12-28,2014-15,QPR,Crystal Palace,D,1,0.46849109446621706,0.26333628154037114,0.26817262399341185,1.4563965655115247,1.0335332690374202
2014-12-28,2014-15,Stoke,West Bromwich Albion,H,0,0.4724429057215787,0.2511834784989459,0.27637361577947545,1.5660366512199115,1.1370711700920788
2014-12-28,2014-15,Tottenham,Manchester United,D,1,0.3680053903565291,0.2661598624223539,0.36583474722111703,1.283620214861536,1.2790164303493858
2014-12-28,2014-15,West Ham,Arsenal,A,2,0.39206710034818676,0.2540682437044155,0.35386465594739774,1.4275685900899466,1.3436837627057474
2014-12-28,2014-15,Southampton,Chelsea,D,1,0.31242905107898766,0.25966083754525865,0.42791011137575363,1.19175868700418,1.4402098908056542
2014-12-29,2014-15,Liverpool,Swansea,H,0,0.4328384200629084,0.26817361928658656,0.298987960650505,1.3794151977231641,1.0986706976862843
2015-01-01,2014-15,Newcastle United,Burnley,D,1,0.5077307982202902,0.24878603678598174,0.243483164993728,1.609949043150829,1.0338080475268567
2015-01-01,2014-15,Aston Villa,Crystal Palace,D,1,0.4779866578805789,0.2725316409962428,0.24948170112317833,1.3934849934183087,0.9247086810370236
2015-01-01,2014-15,Hull,Everton,H,0,0.4300595237764405,0.27459382353512124,0.2953466526884382,1.3291060380350068,1.0514050401553958
2015-01-01,2014-15,Liverpool,Leicester City,D,1,0.6173702298685637,0.22161154197047692,0.1610182281609594,1.8495614999534165,0.8197138726823037
2015-01-01,2014-15,Manchester City,Sunderland,H,0,0.5960463885801035,0.22697192047406037,0.17698169094583618,1.8133274711287497,0.8720762833608313
2015-01-01,2014-15,Southampton,Arsenal,H,0,0.4218468444905615,0.2571460405480141,0.32100711496142437,1.4525446098379415,1.2337699250747531
2015-01-01,2014-15,Stoke,Manchester United,D,1,0.3406983304732516,0.2628199362420716,0.39648173328467673,1.2449259416627791,1.3642448369539117
2015-01-01,2014-15,Tottenham,Chelsea,H,0,0.28498582394093924,0.25729027452164666,0.45772390153741416,1.1247103718863423,1.4969171027552477
2015-01-01,2014-15,West Ham,West Bromwich Albion,D,1,0.4984981518869518,0.24156959164296912,0.25993225647007906,1.6794575349728729,1.1451782871683431
2015-01-01,2014-15,QPR,Swansea,D,1,0.40779737917043957,0.26430358099718554,0.32789903983237495,1.3721675287999227,1.2021614419930922
2015-01-10,2014-15,Everton,Manchester City,D,1,0.21128549957037826,0.23278516781732597,0.5559293326122958,1.0010212136158214,1.7772690737207506
2015-01-10,2014-15,Burnley,QPR,H,0,0.3888465722928943,0.2633220284526932,0.3478313992544124,1.3463196614277435,1.2586754162459513
2015-01-10,2014-15,Chelsea,Newcastle United,H,0,0.6469946387391824,0.20395227673587343,0.1490530845249442,2.0301025220264215,0.8546967362889805
2015-01-10,2014-15,Crystal Palace,Tottenham,H,0,0.31758705857333813,0.27273948873340936,0.4096734526932524,1.1216265944377424,1.312948773365526
2015-01-10,2014-15,Sunderland,Liverpool,A,2,0.3599698669663737,0.2566126534137649,0.38341747961986156,1.3378757579879832,1.388986395819058
2015-01-10,2014-15,Swansea,West Ham,D,1,0.432281336264512,0.25538277381515145,0.3123358899203365,1.4829409043388766,1.2217153521366402
2015-01-10,2014-15,West Bromwich Albion,Hull,H,0,0.43525449804813476,0.25984176139973614,0.30490374055212915,1.4487387492035197,1.1687724136480546
2015-01-10,2014-15,Leicester City,Aston Villa,H,0,0.3509897040554277,0.27861713472306393,0.3703931612215084,1.1651385130997383,1.2049271146244394
2015-01-11,2014-15,Arsenal,Stoke,H,0,0.5244164704367879,0.2426231458403554,0.2329603837228567,1.675320079702686,1.0311807368825983
2015-01-11,2014-15,Manchester United,Southampton,A,2,0.45049876652233045,0.2585769370085683,0.2909242964691012,1.4780365500995347,1.1349884240339922
2015-01-17,2014-15,Burnley,Crystal Palace,A,2,0.4359764154082897,0.2668891970788155,0.29713438751289484,1.393243817978364,1.1011227633120542
2015-01-17,2014-15,Newcastle United,Southampton,A,2,0.316255901074919,0.26459782203620585,0.419146276888875,1.1692199962021934,1.387677918678496
2015-01-17,2014-15,Aston Villa,Liverpool,A,2,0.30452710528798127,0.2626409002963579,0.43283199441566084,1.1491453352043455,1.4225656424324957
2015-01-17,2014-15,Tottenham,Sunderland,H,0,0.5110481352657693,0.24080083116661027,0.24815103356762036,1.6922108440889234,1.1045582443746418
2015-01-17,2014-15,Swansea,Chelsea,A,2,0.24550933213307263,0.23934100804964473,0.5151496598172827,1.104182774449106,1.7089387003101981
2015-01-17,2014-15,Leicester City,Stoke,A,2,0.375980478633946,0.26946056144284614,0.3545589599232079,1.2765063594544015,1.231493021333976
2015-01-17,2014-15,QPR,Manchester United,A,2,0.3101662409869469,0.2532466189424595,0.4365871400705936,1.2309198888116213,1.5078671051541652
2015-01-18,2014-15,Manchester City,Arsenal,A,2,0.5242962070840314,0.2325898016648677,0.24311399125110097,1.7867974141218006,1.1435908260099477
2015-01-18,2014-15,West Ham,Hull,H,0,0.48023932017724874,0.25437626593742835,0.26538441388532286,1.5426863058414324,1.0782667213670212
2015-01-19,2014-15,Everton,West Bromwich Albion,D,1,0.40650982086131177,0.2600093168556827,0.33348086228300555,1.4040868710316685,1.246723274207785
2015-01-31,2014-15,Liverpool,West Ham,H,0,0.5371858889758104,0.2367050163201266,0.22610909470406296,1.738558243509188,1.0410685577644767
2015-01-31,2014-15,Manchester United,Leicester City,H,0,0.6445704248873088,0.20774088844901265,0.14768868666367863,1.9806668334161641,0.8233230116562996
2015-01-31,2014-15,Chelsea,Manchester City,D,1,0.5369477028427068,0.23212949227618454,0.23092280488110867,1.7911711726011115,1.0938777935282986
2015-01-31,2014-15,Crystal Palace,Everton,A,2,0.4569804536428991,0.26806636327735045,0.2749531830797504,1.4082310298105316,1.0281181772678376
2015-01-31,2014-15,Hull,Newcastle United,A,2,0.3819566667851282,0.2741936488931816,0.34384968432169016,1.2555863675034935,1.176554225236437
2015-01-31,2014-15,Stoke,QPR,H,0,0.5124008933852189,0.24781133752072498,0.23978776909405614,1.6208836734109084,1.0256743581377226
2015-01-31,2014-15,Sunderland,Burnley,H,0,0.4082334573214394,0.26552349782104434,0.3262430448575162,1.3635067126606897,1.1896651493613977
2015-01-31,2014-15,West Bromwich Albion,Tottenham,A,2,0.3760692614778547,0.26302863698147366,0.36090210154067165,1.3234259451319654,1.2909736263468838
2015-02-01,2014-15,Arsenal,Aston Villa,H,0,0.6382902725737326,0.20827971902659514,0.15343000839967216,1.987249326705676,0.8542301709376717
2015-02-01,2014-15,Southampton,Swansea,A,2,0.5906874615164999,0.22922322075625098,0.18008931772724907,1.7927367327063226,0.8747293086496968
2015-02-07,2014-15,Manchester City,Hull,D,1,0.6658631857529991,0.20059448351369946,0.13354233073330152,2.029648831042111,0.7778084847220469
2015-02-07,2014-15,Everton,Liverpool,D,1,0.2851444156442886,0.25000606876963344,0.464849515586078,1.1750107999329025,1.5703998619346322
2015-02-07,2014-15,Leicester City,Crystal Palace,A,2,0.3577927554093566,0.27461956805452004,0.3675876765361234,1.2045940767068923,1.2248934909474545
2015-02-07,2014-15,Tottenham,Arsenal,H,0,0.3288344111988612,0.24846909763328126,0.4226964911678576,1.3229736624974848,1.5321302610910685
2015-02-07,2014-15,QPR,Southampton,A,2,0.28804511742611283,0.26359076153131006,0.4483641210425771,1.0943456831360914,1.434078699019362
2015-02-07,2014-15,Swansea,Sunderland,D,1,0.4512578530148554,0.2524631358703862,0.29627901111475835,1.5331578763510991,1.193757496438734
2015-02-07,2014-15,Aston Villa,Chelsea,A,2,0.19211395343342974,0.2328751063164828,0.5750109402500875,0.9115653782019574,1.764757382388049
2015-02-08,2014-15,Burnley,West Bromwich Albion,D,1,0.4516569381796676,0.2644943304665553,0.28384873135377714,1.4305093120750727,1.076077905846516
2015-02-08,2014-15,Newcastle United,Stoke,D,1,0.4274964494059249,0.27559591495526503,0.2969076356388099,1.318753176234561,1.0501741545895733
2015-02-08,2014-15,West Ham,Manchester United,D,1,0.33389200151481196,0.26005442510529503,0.40605357337989306,1.2474665364978152,1.402947019489703
2015-02-10,2014-15,Arsenal,Leicester City,H,0,0.6598238017537967,0.20276205943911527,0.13741413880708803,2.014329307105826,0.7897010513504821
2015-02-10,2014-15,Hull,Aston Villa,H,0,0.4505249382352146,0.268588585502387,0.28088647626239843,1.3974628010004428,1.0432465376893905
2015-02-10,2014-15,Liverpool,Tottenham,H,0,0.49732340921237567,0.25082791601807697,0.2518486747695473,1.586037628823503,1.0523543945857894
2015-02-10,2014-15,Sunderland,QPR,A,2,0.44546844075981806,0.2527917829231828,0.3017397763169992,1.5233365668007088,1.2085324466319045
2015-02-11,2014-15,Chelsea,Everton,H,0,0.6766342029756097,0.19607853406875655,0.1272872629556337,2.065843033569144,0.7632623720636277
2015-02-11,2014-15,Manchester United,Burnley,H,0,0.6149976097093782,0.2171269636706351,0.16787542661998656,1.9103149886354143,0.8823449169447316
2015-02-11,2014-15,Crystal Palace,Newcastle United,D,1,0.4279580814267512,0.27596944036508425,0.2960724782081646,1.3167909510558182,1.0458374506400583
2015-02-11,2014-15,West Bromwich Albion,Swansea,H,0,0.3937611421975159,0.2696184357052887,0.33662042209719534,1.308677609429693,1.1887621019062644
2015-02-11,2014-15,Stoke,Manchester City,A,2,0.30976102678349526,0.2718191639431091,0.4184198092733956,1.1065745104825073,1.3326589151290404
2015-02-11,2014-15,Southampton,West Ham,D,1,0.5126786626278228,0.2538135230339497,0.23350781433822748,1.5645516035884977,0.9664755258639306
2015-02-21,2014-15,Aston Villa,Stoke,A,2,0.3396682187250637,0.2800216568186746,0.3803101244562616,1.1318406082851928,1.2148473198904843
2015-02-21,2014-15,Chelsea,Burnley,D,1,0.7066703151022974,0.1810140947647878,0.11231559013291478,2.20495649325649,0.7473917037868065
2015-02-21,2014-15,Crystal Palace,Arsenal,A,2,0.3095590112347329,0.26522115129841617,0.42521983746685094,1.1467401317768373,1.3916690178611215
2015-02-21,2014-15,Hull,QPR,H,0,0.43895180462105915,0.2696064829714752,0.2914417124074657,1.3764052564155604,1.0685803080668423
2015-02-21,2014-15,Manchester City,Newcastle United,H,0,0.5731854004969089,0.2451767727827651,0.18163782672032602,1.63833225189272,0.8000705477547922
2015-02-21,2014-15,Sunderland,West Bromwich Albion,D,1,0.4125012197347371,0.2709033374744725,0.31659544279079044,1.3303771748725899,1.1301753212243812
2015-02-21,2014-15,Swansea,Manchester United,H,0,0.30568232377001836,0.2680532384051546,0.42626443782482704,1.1182084528990122,1.3714707446977656
2015-02-22,2014-15,Everton,Leicester City,D,1,0.5212141802111285,0.25752327352060483,0.22126254626826672,1.5340225003449823,0.9007092464254899
2015-02-22,2014-15,Southampton,Liverpool,A,2,0.41153552445059044,0.2674030993565696,0.3210613761928401,1.3545750527832907,1.163833942320529
2015-02-22,2014-15,Tottenham,West Ham,D,1,0.46982465035801924,0.25682277419768734,0.27335257544429337,1.51251537469696,1.0898044849878636
2015-02-28,2014-15,Newcastle United,Aston Villa,H,0,0.5244300888108547,0.2617098575853598,0.21386005360378546,1.4996198541052685,0.8527877836184764
2015-02-28,2014-15,Manchester United,Sunderland,H,0,0.5960625756638506,0.2271196099942883,0.17681781434186106,1.8115645547953239,0.8704183435439725
2015-02-28,2014-15,Burnley,Swansea,A,2,0.3720513629880553,0.27074822123447406,0.3572004157774707,1.2597550149697674,1.228655927601699
2015-02-28,2014-15,Stoke,Hull,H,0,0.49357122048752033,0.26870021035861275,0.23772856915386692,1.43247285094563,0.9044252540817919
2015-02-28,2014-15,West Ham,Crystal Palace,A,2,0.5018611965427378,0.25053630502941054,0.24760249842785173,1.5909093470145848,1.0384701722526248
2015-02-28,2014-15,West Bromwich Albion,Southampton,H,0,0.31947716149752037,0.28175090613101256,0.39877193237146713,1.074737832986404,1.2357568819731983
2015-03-01,2014-15,Arsenal,Everton,H,0,0.6018433619316319,0.22276352138712388,0.17539311668124427,1.8573379109525512,0.8884474427281387
2015-03-01,2014-15,Liverpool,Manchester City,H,0,0.4021621832425174,0.26598330518847285,0.33185451156900975,1.3499357820737252,1.2009737636067737
2015-03-03,2014-15,Aston Villa,West Bromwich Albion,H,0,0.32045726062685403,0.2811845492913374,0.39835819008180856,1.0802293728431962,1.2386565718631852
2015-03-03,2014-15,Hull,Sunderland,D,1,0.4563092964548226,0.2737871194701576,0.26990358407501985,1.365227528192928,0.9820609432930263
2015-03-03,2014-15,Southampton,Crystal Palace,H,0,0.5179343988585821,0.25575759238171747,0.22630800875970064,1.548637407957247,0.9288189152895385
2015-03-04,2014-15,QPR,Arsenal,A,2,0.223338355913824,0.24593829824636285,0.5307233458398131,0.9718035259918232,1.6420388568242414
2015-03-04,2014-15,Liverpool,Burnley,H,0,0.6655850217456504,0.19891435240884792,0.13550062584550174,2.0560047319784807,0.8001935667505075
2015-03-04,2014-15,Newcastle United,Manchester United,A,2,0.28250211819584575,0.2649918417072715,0.4525060400968827,1.068990006243929,1.42747894014576
2015-03-04,2014-15,Tottenham,Swansea,H,0,0.475781362645812,0.2567720240560784,0.2674466132981096,1.5179159463171172,1.0703210407140509
2015-03-04,2014-15,Stoke,Everton,H,0,0.5057753042145229,0.2630800295996543,0.23114466618582274,1.4827135810953136,0.9090319194497336
2015-03-04,2014-15,West Ham,Chelsea,A,2,0.2548323553489707,0.25575715989763287,0.48941048475339644,1.0329273472995486,1.5364617016372693
2015-03-04,2014-15,Manchester City,Leicester City,H,0,0.7254222507693531,0.17514765183413658,0.09943009739651025,2.2236332324116144,0.6831719231732734
2015-03-07,2014-15,QPR,Tottenham,A,2,0.2388473408291816,0.2473126070207337,0.5138400521500847,1.0251142697785212,1.62615434601439
2015-03-14,2014-15,Burnley,Manchester City,H,0,0.17230029102989589,0.2164189075894312,0.6112808013806729,0.910933620842652,1.9257058913058887
2015-03-14,2014-15,Arsenal,West Ham,H,0,0.5973925075776976,0.22267642698286347,0.17993106543943885,1.8640780574554414,0.9124503642576031
2015-03-14,2014-15,Crystal Palace,QPR,H,0,0.5392418771938905,0.24528565428722734,0.21547246851888216,1.6481523556973037,0.943350235619271
2015-03-14,2014-15,Leicester City,Hull,D,1,0.33995080897015656,0.27285643057669084,0.38719276045315265,1.1759509466445026,1.2742568877399847
2015-03-14,2014-15,West Bromwich Albion,Stoke,H,0,0.3724941195725778,0.2845910052109848,0.34291487521643743,1.1726765058986661,1.1129487785418113
2015-03-14,2014-15,Sunderland,Aston Villa,A,2,0.4519628275546897,0.2704923817608163,0.277544790684494,1.3847312001287664,1.022584387941201
2015-03-15,2014-15,Chelsea,Southampton,D,1,0.5450706271590645,0.2472753102613132,0.20765406257962235,1.6279741977865527,0.9001004039590889
2015-03-15,2014-15,Everton,Newcastle United,H,0,0.39639928779615974,0.28044817564209973,0.32315253656174053,1.2401198130008841,1.0908464130323547
2015-03-15,2014-15,Manchester United,Tottenham,H,0,0.48013904758390163,0.24212504269062612,0.2777359097254723,1.662617667551113,1.2075685401004508
2015-03-16,2014-15,Swansea,Liverpool,A,2,0.33942657206226606,0.274197102706933,0.38637632523080095,1.1663316900211365,1.2636805095627075
2015-03-21,2014-15,Aston Villa,Swansea,A,2,0.3846139895017531,0.2815889505259103,0.33379705997233666,1.21283109376371,1.1094871653281588
2015-03-21,2014-15,Manchester City,West Bromwich Albion,H,0,0.6527587240142383,0.21063808328789377,0.1366031926978679,1.9219387386836004,0.7420277183696172
2015-03-21,2014-15,Newcastle United,Arsenal,A,2,0.2089722029049071,0.23196971760044283,0.5590580794946501,0.9956882855182008,1.785169100078552
2015-03-21,2014-15,Southampton,Burnley,H,0,0.6113395742617851,0.22393720567611725,0.16472322006209775,1.830182510564772,0.8264920466770154
2015-03-21,2014-15,Stoke,Crystal Palace,A,2,0.46778696778064993,0.26725929394171727,0.2649537382776327,1.4246981928557154,1.0012598408458078
2015-03-21,2014-15,Tottenham,Leicester City,H,0,0.6809824550768332,0.18825788538502264,0.13075965953814425,2.180424524979343,0.8357907491136152
2015-03-21,2014-15,West Ham,Sunderland,H,0,0.49384545362436955,0.2504114709337771,0.2557430754418533,1.588172516029378,1.0692462411229302
2015-03-22,2014-15,Hull,Chelsea,A,2,0.21538988714956303,0.2479037198996551,0.5367063929507818,0.9284025150059559,1.6227980817744099
2015-03-22,2014-15,Liverpool,Manchester United,A,2,0.42444308280006965,0.26197817551268615,0.3135787416872441,1.4162507007804217,1.1792365716888833
2015-03-22,2014-15,QPR,Everton,A,2,0.30973015697342815,0.2649678398605542,0.4253020031660177,1.1488419567907422,1.3937575706833165
2015-04-04,2014-15,Leicester City,West Ham,H,0,0.2938797454927914,0.2483734433287955,0.45774681117841304,1.2159875245320604,1.5790106988603945
2015-04-04,2014-15,Arsenal,Liverpool,H,0,0.5218250309502942,0.2501515491415912,0.22802341990811464,1.6005173418832896,0.9661208781086805
2015-04-04,2014-15,Everton,Southampton,H,0,0.3286141375370123,0.26344209479407676,0.407943767668911,1.2098947674803395,1.379107749020038
2015-04-04,2014-15,Swansea,Hull,H,0,0.5046485813564422,0.2573481620505752,0.23800325659298258,1.530316047735709,0.9635562284151062
2015-04-04,2014-15,Manchester United,Aston Villa,H,0,0.7031725568625656,0.18600922027502792,0.11081822286240646,2.1324466109731066,0.707121384733516
2015-04-04,2014-15,West Bromwich Albion,QPR,A,2,0.5358292906707982,0.24761289240229498,0.21655781692690693,1.625632745268823,0.9347488543276531
2015-04-04,2014-15,Chelsea,Stoke,H,0,0.6286287097096386,0.21447338814266415,0.15689790214769725,1.9215602607532392,0.8372911654159874
2015-04-05,2014-15,Burnley,Tottenham,D,1,0.23202174660337657,0.24065730579240602,0.5273209476042174,1.0400098971144136,1.6961344940801675
2015-04-05,2014-15,Sunderland,Newcastle United,H,0,0.3889428877274881,0.2762406831107998,0.33481642916171217,1.2546504137346144,1.1430509277275065
2015-04-06,2014-15,Crystal Palace,Manchester City,H,0,0.23420596741641608,0.2273935502786218,0.5384004823049622,1.1442768509729548,1.8488763915355289
2015-04-07,2014-15,Aston Villa,QPR,D,1,0.48645489638761163,0.2570745915657194,0.25647051204666893,1.5229700768982781,1.0308260216937777
2015-04-11,2014-15,West Bromwich Albion,Leicester City,A,2,0.47638338342345327,0.24115004350045446,0.2824665730760922,1.670142524671019,1.2322864934954438
2015-04-11,2014-15,West Ham,Stoke,D,1,0.4214314677085477,0.2600676642111047,0.3185008680803476,1.427404673140256,1.2060205554180259
2015-04-11,2014-15,Burnley,Arsenal,A,2,0.18891956240567684,0.23482077590761835,0.5762596616867048,0.8855795346322268,1.7422708065938934
2015-04-11,2014-15,Southampton,Hull,H,0,0.5842427458384148,0.2312104939419149,0.1845467602196703,1.7760851152974388,0.8851436434956096
2015-04-11,2014-15,Sunderland,Crystal Palace,A,2,0.31905558415226876,0.26707944102827896,0.41386497481945234,1.1606236644058345,1.3606339442846995
2015-04-11,2014-15,Swansea,Everton,D,1,0.4760205691398998,0.26259046473325526,0.2613889661268449,1.4687519376494327,1.0155863717639955
2015-04-11,2014-15,Tottenham,Aston Villa,A,2,0.6317595585996661,0.20772089744647623,0.16051954395385776,2.0096311154783617,0.8998671296011538
2015-04-12,2014-15,Manchester United,Manchester City,H,0,0.46651393409374253,0.25185743016318823,0.2816286357430692,1.5544833913236782,1.1502276971816343
2015-04-12,2014-15,QPR,Chelsea,A,2,0.1232995430651371,0.17598857347588756,0.7007118834589753,0.8672906901107618,2.3298161464238074
2015-04-13,2014-15,Liverpool,Newcastle United,H,0,0.5889173972483016,0.2350828776755614,0.17599972507613704,1.7292949160175408,0.8236975906830077
2015-04-18,2014-15,Chelsea,Manchester United,H,0,0.49393920240102346,0.24360768430199983,0.26245311329697674,1.6557865619562797,1.1400853121205043
2015-04-18,2014-15,Crystal Palace,West Bromwich Albion,A,2,0.5900202252409394,0.22165715641936118,0.18832261833969938,1.8858905495715874,0.962248525107995
2015-04-18,2014-15,Everton,Burnley,H,0,0.530020572897353,0.25579178079185677,0.21418764631079015,1.5503845419748348,0.882435970694434
2015-04-18,2014-15,Leicester City,Swansea,H,0,0.33337284968064046,0.25548843008328015,0.4111387202360794,1.279976339819905,1.4497515202802647
2015-04-18,2014-15,Stoke,Southampton,H,0,0.32309664470808624,0.2609877762904683,0.41591557900144543,1.212208959221555,1.4114418813987222
2015-04-19,2014-15,Manchester City,West Ham,H,0,0.653810343699892,0.19613485418329396,0.1500548021168141,2.1354693586534705,0.9135959513152488
2015-04-19,2014-15,Newcastle United,Tottenham,A,2,0.3118013588292255,0.26651365261423665,0.42168498855653797,1.144689255195423,1.3766418386447303
2015-04-25,2014-15,West Bromwich Albion,Liverpool,D,1,0.25407779114619455,0.25254172034416,0.49338048850964544,1.0497973313852278,1.56794360702131
2015-04-25,2014-15,Crystal Palace,Hull,A,2,0.6018720837286433,0.2214844664786415,0.17664344979271515,1.8733588389178426,0.9026607205150664
2015-04-25,2014-15,Manchester City,Aston Villa,H,0,0.688704927850719,0.18552603521695157,0.1257690369323295,2.1992939136965806,0.8181635996797012
2015-04-25,2014-15,Stoke,Sunderland,D,1,0.5369159473369847,0.24633232514317244,0.21675172751984295,1.6380267666391934,0.9426972472842255
2015-04-25,2014-15,QPR,West Ham,D,1,0.3497062188725979,0.26646903767408725,0.38382474345331485,1.2409282662268786,1.3132026649041928
2015-04-25,2014-15,Southampton,Tottenham,D,1,0.4311994168416146,0.2556763559401586,0.3131242272182268,1.478860444829368,1.2218946104410164
2015-04-25,2014-15,Newcastle United,Swansea,A,2,0.34210892780491536,0.2723255910825492,0.38556548111253536,1.1843557742983397,1.2749233350037588
2015-04-25,2014-15,Burnley,Leicester City,A,2,0.3571469972671708,0.25485180894930565,0.38800119378352355,1.3452945009884545,1.41289570761058
2015-04-26,2014-15,Arsenal,Chelsea,D,1,0.4071254154376019,0.2600364959639603,0.3328380885984377,1.4049047995670658,1.244851803224283
2015-04-26,2014-15,Everton,Manchester United,H,0,0.3015270232477057,0.26457694636679147,0.43389603038550284,1.128091578441094,1.4085434526343172
2015-04-28,2014-15,Hull,Liverpool,H,0,0.27434317681260206,0.2642917414610164,0.4613650817263815,1.0477229588378436,1.442110913091675
2015-04-29,2014-15,Leicester City,Chelsea,A,2,0.21884247913943228,0.22768775707642466,0.553469763784143,1.0709598927010806,1.83950085207287
2015-05-02,2014-15,Aston Villa,Everton,H,0,0.313779574845174,0.27030818854543676,0.4159122366093893,1.1263894081903016,1.3398538819397756
2015-05-02,2014-15,Leicester City,Newcastle United,H,0,0.4967493104304727,0.24859697217768717,0.25465371739184006,1.6071270726744935,1.0769514165596676
2015-05-02,2014-15,Liverpool,QPR,H,0,0.6275567914329975,0.21736894410526272,0.15507426446173975,1.885780360785591,0.8108404696722985
2015-05-02,2014-15,Manchester United,West Bromwich Albion,A,2,0.6793621172971636,0.19195582594851107,0.1286820567543254,2.1230389656585915,0.7973247186585612
2015-05-02,2014-15,Sunderland,Southampton,H,0,0.2765746158522066,0.25787400123274967,0.4655513829150437,1.093780159694104,1.4995104015183573
2015-05-02,2014-15,Swansea,Stoke,H,0,0.46710725924194796,0.2499590611816062,0.2829336795764459,1.5729594519687777,1.1679038835404811
2015-05-02,2014-15,West Ham,Burnley,H,0,0.5007528733072477,0.2485186427029615,0.25072848398979075,1.6097775667903942,1.0628396470676575
2015-05-03,2014-15,Chelsea,Crystal Palace,H,0,0.6766921933564883,0.1918440520938597,0.13146375454965198,2.134174812609539,0.8171435166142268
2015-05-03,2014-15,Tottenham,Manchester City,A,2,0.3474088081371471,0.2512124201913378,0.4013787716715152,1.350848823581973,1.4703331530841903
2015-05-04,2014-15,Hull,Arsenal,A,2,0.225386361158202,0.2471993214291244,0.5274143174126736,0.9726927953220508,1.6294977651367877
2015-05-09,2014-15,Aston Villa,West Ham,H,0,0.3737095423010253,0.2621318683136216,0.36415858938535306,1.325338978881637,1.30484990383151
2015-05-09,2014-15,Crystal Palace,Manchester United,A,2,0.30083312659341266,0.25867947136549,0.4404874020410974,1.1645434610430527,1.4652586461475743
2015-05-09,2014-15,Everton,Sunderland,A,2,0.5223510543771072,0.24813461106875326,0.22951433455413955,1.6198589227628395,0.9836238144368953
2015-05-09,2014-15,Hull,Burnley,A,2,0.4783004917628278,0.2531076548317266,0.26859185340544556,1.5528150307246382,1.0974871113334557
2015-05-09,2014-15,Leicester City,Southampton,H,0,0.3925396674028027,0.25863246681201807,0.3488278657851792,1.3902985395122536,1.2956245906957347
2015-05-09,2014-15,Newcastle United,West Bromwich Albion,D,1,0.3565451238661404,0.26693694128354917,0.3765179348503103,1.2532398239415634,1.2955037251514763
2015-05-09,2014-15,Stoke,Tottenham,H,0,0.3579675760340375,0.26384190274722835,0.3781905212187341,1.2784468781956504,1.3216142410207783
2015-05-10,2014-15,Chelsea,Liverpool,D,1,0.5543379621737531,0.24596196642051768,0.19970007140572923,1.6385545956773295,0.8737297394060695
2015-05-10,2014-15,Manchester City,QPR,H,0,0.708687080932534,0.17595458467710492,0.11535833439036099,2.2917044185244047,0.8040601351295864
2015-05-11,2014-15,Arsenal,Swansea,A,2,0.5908661131748163,0.2270744246815769,0.18205946214360685,1.8177687388403438,0.8968241809720967
2015-05-16,2014-15,Burnley,Stoke,D,1,0.29274666631547797,0.253715688246883,0.453537645437639,1.173648546145915,1.5242427182957718
2015-05-16,2014-15,Liverpool,Crystal Palace,A,2,0.5973053007164121,0.22804926528704675,0.1746454339965411,1.7992821121587177,0.8543872764051222
2015-05-16,2014-15,QPR,Newcastle United,H,0,0.3962666670735254,0.25685106325146445,0.3468822696750102,1.4119576219909937,1.3044528703678977
2015-05-16,2014-15,Southampton,Aston Villa,H,0,0.49752712804817223,0.2523389837625417,0.2501338881892861,1.5720025130378403,1.0367252030088359
2015-05-16,2014-15,Sunderland,Leicester City,D,1,0.3903968268021318,0.25477003209805976,0.35483314109980846,1.418312861045556,1.3403820895822562
2015-05-16,2014-15,Tottenham,Hull,H,0,0.5691806232998445,0.23405883811526712,0.19676053858488832,1.7554935389644717,0.9263190762481782
2015-05-16,2014-15,West Ham,Everton,A,2,0.4103450234617347,0.26560784821294625,0.3240471283253191,1.3662661251458266,1.1833762034741688
2015-05-17,2014-15,Manchester United,Arsenal,D,1,0.4012118241236884,0.2610738173030754,0.33771435857323623,1.3863888629395134,1.249927634273449
2015-05-17,2014-15,Swansea,Manchester City,A,2,0.30175058466976734,0.24430687381328758,0.45394254151694513,1.2735365152788796,1.6154537156469282
2015-05-18,2014-15,West Bromwich Albion,Chelsea,H,0,0.19275689109845806,0.24111163361018356,0.5661314752913583,0.8689879726572761,1.6820649284687232
2015-05-20,2014-15,Arsenal,Sunderland,D,1,0.6767209567772656,0.19450063950759736,0.12877840371513707,2.0905110017955497,0.7824443651913299
2015-05-24,2014-15,Arsenal,West Bromwich Albion,H,0,0.6626654787196896,0.20299984742669414,0.1343346738536162,2.0031089637869206,0.7691802115167982
2015-05-24,2014-15,Everton,Tottenham,A,2,0.41770915994292507,0.2612183679828954,0.32107247207417955,1.4123523831385425,1.2051101760822198
2015-05-24,2014-15,Chelsea,Sunderland,H,0,0.6562498964232926,0.20346936595006782,0.14028073762663956,2.0134763222057654,0.8034024140560516
2015-05-24,2014-15,Crystal Palace,Swansea,H,0,0.3954412462503587,0.2607075362593212,0.3438512174903201,1.3789832461587241,1.2679460872879218
2015-05-24,2014-15,Newcastle United,West Ham,H,0,0.367607323097016,0.25959752434637007,0.3727951525566139,1.3317355371695236,1.3429468254398649
2015-05-24,2014-15,Aston Villa,Burnley,A,2,0.4860424701298498,0.2517676803228459,0.2621898495473044,1.570714140159658,1.0837369596646604
2015-05-24,2014-15,Leicester City,QPR,H,0,0.5974217294276855,0.22167524609178924,0.18090302448052528,1.8767043903901535,0.9236974278215483
2015-05-24,2014-15,Manchester City,Southampton,H,0,0.6352091080381707,0.19985024199521423,0.16494064996661512,2.12425341892741,0.9828090633310704
2015-05-24,2014-15,Stoke,Liverpool,H,0,0.3820790677979602,0.26298932344029724,0.3549316087617425,1.3358036813871432,1.2777205827187506
2015-05-24,2014-15,Hull,Manchester United,D,1,0.23019839299894068,0.248963348650329,0.5208382583507303,0.9814623730558666,1.6116424694928253
2015-08-08,2015-16,Manchester United,Tottenham,H,0,0.49299831337127203,0.2572818618332942,0.24971982479543375,1.5251499024848212,1.0059378593815687
2015-08-08,2015-16,Chelsea,Swansea,D,1,0.6010760481729959,0.22574074544635206,0.17318320638065213,1.8220410563080047,0.8598991467396909
2015-08-08,2015-16,Leicester City,Sunderland,H,0,0.4919418772386917,0.2493772338426082,0.2586808889187001,1.597008447498153,1.086653254883797
2015-08-09,2015-16,Arsenal,West Ham,A,2,0.6794167376153166,0.19112714945825984,0.12945611292642356,2.136697807516678,0.8078688597904167
2015-08-09,2015-16,Newcastle United,Southampton,D,1,0.35520504656059537,0.2588017608156656,0.38599319262373905,1.3096371071197341,1.3763077845069993
2015-08-09,2015-16,Stoke,Liverpool,A,2,0.4325426054652206,0.25920514316522597,0.30825225136955353,1.4504418369631842,1.182866876495457
2015-08-10,2015-16,West Bromwich Albion,Manchester City,A,2,0.2100701786039247,0.2220715511271558,0.5678582702689194,1.0697362353730078,1.902266429532408
2015-08-14,2015-16,Aston Villa,Manchester United,A,2,0.2865077836273852,0.26716826231381446,0.44632395405880027,1.0682785634548544,1.4036174858968886
2015-08-15,2015-16,Southampton,Everton,A,2,0.45268061941691745,0.256635097455034,0.2906842831280485,1.4972611947871926,1.1471203477940581
2015-08-15,2015-16,Sunderland,Norwich City,A,2,0.42214828097489115,0.25568306402649815,0.3221686549986107,1.4656129452274056,1.2477506475710456
2015-08-15,2015-16,Swansea,Newcastle United,H,0,0.5316320763845437,0.24222869333776922,0.22613923027768712,1.6796365718558848,1.0056551408962398
2015-08-15,2015-16,Tottenham,Stoke,D,1,0.45454319277892574,0.26187637941024267,0.28358042781083154,1.4547927908488576,1.0911575727497065
2015-08-15,2015-16,Watford,West Bromwich Albion,D,1,0.49677093050041876,0.26944454436689436,0.23378452513268688,1.4286359586762345,0.8875304112658264
2015-08-15,2015-16,West Ham,Leicester City,A,2,0.35540585062584534,0.25739418463755254,0.38719996473660206,1.3209878122820982,1.3901212701595769
2015-08-16,2015-16,Crystal Palace,Arsenal,A,2,0.32668767140241833,0.26138271985627487,0.4119296087413069,1.2190873150531625,1.4019275088696774
2015-08-16,2015-16,Manchester City,Chelsea,H,0,0.5252216460858863,0.23380283117836334,0.24097552273575046,1.7725110596467493,1.125328116949006
2015-08-17,2015-16,Liverpool,Bournemouth,H,0,0.5113924053884372,0.25926849009900077,0.229339104512562,1.5164129236110402,0.9217776495022144
2015-08-22,2015-16,Crystal Palace,Aston Villa,H,0,0.5222088406018488,0.2502106784824819,0.22758048091566926,1.600022541363985,0.9640571148186885
2015-08-22,2015-16,Leicester City,Tottenham,D,1,0.4602090273508601,0.2582792127227991,0.2815117599263408,1.4908781591335376,1.107195653940263
2015-08-22,2015-16,Manchester United,Newcastle United,D,1,0.6038272343874609,0.229142985553406,0.16702978005913316,1.7792278379077855,0.8107044391281314
2015-08-22,2015-16,Norwich City,Stoke,D,1,0.4044498268586227,0.2595778831588851,0.33597228998249223,1.4040841438296285,1.256312326716771
2015-08-22,2015-16,Sunderland,Swansea,D,1,0.3192736552486111,0.2618687110242085,0.4188576337271804,1.1957297739229624,1.4088554870581316
2015-08-22,2015-16,West Ham,Bournemouth,A,2,0.402132986205944,0.27865622500419274,0.31921078878986325,1.260975348538165,1.0912764056814497
2015-08-23,2015-16,Everton,Manchester City,A,2,0.2298845487521383,0.2329553316287382,0.5371601196191235,1.083364455458611,1.781395985582729
2015-08-23,2015-16,Watford,Southampton,D,1,0.437683807478212,0.2721212591420635,0.2901949333797246,1.3563819729472373,1.050675508247745
2015-08-23,2015-16,West Bromwich Albion,Chelsea,A,2,0.28586322018347904,0.26241855415486315,0.45171822566165776,1.0948840122592858,1.447307951350121
2015-08-24,2015-16,Arsenal,Liverpool,D,1,0.5220499828527072,0.24696714288376131,0.2309828742635315,1.6311931339652046,0.9963556837227091
2015-08-29,2015-16,Liverpool,West Ham,A,2,0.597473789488694,0.22643977305756227,0.17608643745374375,1.8180045897213966,0.8706096781344962
2015-08-29,2015-16,Aston Villa,Sunderland,D,1,0.42958169359998577,0.2663950779181734,0.3040232284818408,1.3886350967941636,1.123811865080894
2015-08-29,2015-16,Bournemouth,Leicester City,D,1,0.4123305857410318,0.25733803134390276,0.3303313829150654,1.4359246152606528,1.2579260997945851
2015-08-29,2015-16,Chelsea,Crystal Palace,A,2,0.5354314007089811,0.2370267861269432,0.22754181316407562,1.7352157502131744,1.0450868162979772
2015-08-29,2015-16,Newcastle United,Arsenal,A,2,0.24081660286669615,0.2459017913704719,0.513281605762832,1.0416319483228969,1.6399940990971884
2015-08-29,2015-16,Stoke,West Bromwich Albion,A,2,0.529674768045725,0.24249909154241303,0.22782614041186194,1.6768457059261919,1.010938437977826
2015-08-29,2015-16,Tottenham,Everton,D,1,0.5008074449412372,0.2540232292714119,0.24516932578735096,1.55813564529034,1.0085069188051368
2015-08-29,2015-16,Manchester City,Watford,H,0,0.647864578369496,0.2109504080392723,0.1411850135912317,1.9289109362993493,0.7670552819738857
2015-08-30,2015-16,Southampton,Norwich City,H,0,0.392770083115554,0.2527102977197645,0.3545196191646814,1.4407136850032287,1.3563770567857196
2015-08-30,2015-16,Swansea,Manchester United,H,0,0.4032703576400438,0.2798537167822821,0.31687592557767413,1.255014445131269,1.0787853548176256
2015-09-12,2015-16,Crystal Palace,Manchester City,A,2,0.28793205861275545,0.2566037751145597,0.4554641662726849,1.1386249381074962,1.5005478835362986
2015-09-12,2015-16,Arsenal,Stoke,H,0,0.6326401047434739,0.20766409716104942,0.15969579809547668,2.0085629875345616,0.8953420232191509
2015-09-12,2015-16,Manchester United,Liverpool,H,0,0.4712947426195696,0.27196267280133113,0.2567425845790993,1.39229051028758,0.9506541272223559
2015-09-12,2015-16,Norwich City,Bournemouth,H,0,0.45998796754044635,0.25446913906459206,0.28554289339496153,1.5242184654493829,1.145279484351075
2015-09-12,2015-16,Everton,Chelsea,H,0,0.3065753731562407,0.2629376609349425,0.43048696590881674,1.1530885204355534,1.4170172852400174
2015-09-12,2015-16,West Bromwich Albion,Southampton,D,1,0.3644303391526266,0.264647433012479,0.3709222278348943,1.2868994690281168,1.3007268806700774
2015-09-12,2015-16,Watford,Swansea,H,0,0.34873374219993536,0.28050471680243366,0.3707615409976311,1.1489946291350135,1.193943372089489
2015-09-13,2015-16,Leicester City,Aston Villa,H,0,0.5350657287949859,0.2481266547854106,0.21680761641960336,1.6207155493558043,0.9329199544699374
2015-09-13,2015-16,Sunderland,Tottenham,A,2,0.2784670059383091,0.2521708338570027,0.4693621602046883,1.137449621883203,1.554137707272262
2015-09-14,2015-16,West Ham,Newcastle United,H,0,0.4754960533541185,0.2635560673132676,0.2609478793326138,1.4604779272161375,1.0086985816139293
2015-09-19,2015-16,Aston Villa,West Bromwich Albion,A,2,0.4059847866061449,0.2799936364699981,0.314021576923857,1.25835426110718,1.0708875206494695
2015-09-19,2015-16,Bournemouth,Sunderland,H,0,0.5157976110505806,0.25293904215900775,0.2312633467904117,1.5733747137804117,0.9628780787856058
2015-09-19,2015-16,Chelsea,Arsenal,H,0,0.3071678365996453,0.24771628370382281,0.44511587969653194,1.2638449345921692,1.570890924332851
2015-09-19,2015-16,Manchester City,West Ham,A,2,0.7118503053980972,0.17923173366875403,0.10891796093314876,2.2139246541134217,0.7325224463674467
2015-09-19,2015-16,Newcastle United,Watford,A,2,0.29813540223276785,0.276526144804759,0.42533845296247325,1.0484203217943087,1.3094679098821111
2015-09-19,2015-16,Stoke,Leicester City,D,1,0.346709745666265,0.2583724909408688,0.39491776339286616,1.292394551787149,1.396872411709569
2015-09-19,2015-16,Swansea,Everton,D,1,0.5060584290126398,0.2576281929085252,0.23631337807883496,1.5284668541398228,0.9558854553613897
2015-09-20,2015-16,Liverpool,Norwich City,D,1,0.46013811438553853,0.25988590419673485,0.2799759814177266,1.4771178302273937,1.092138372530186
2015-09-20,2015-16,Southampton,Manchester United,A,2,0.3648663604546747,0.27686212603616034,0.3582715135091649,1.2049967495458171,1.1914099041851922
2015-09-20,2015-16,Tottenham,Crystal Palace,H,0,0.48987717773778766,0.24747690317583165,0.2626459190863806,1.6143393611287495,1.1138180060796412
2015-09-26,2015-16,Newcastle United,Chelsea,D,1,0.19919435701419524,0.2385124456157287,0.562293197370076,0.9117246507567683,1.7109302632654937
2015-09-26,2015-16,Liverpool,Aston Villa,H,0,0.5786450879303666,0.23632927040156432,0.18502564166806895,1.724249126711054,0.8593311071428305
2015-09-26,2015-16,Manchester United,Sunderland,H,0,0.6703033442967122,0.2035379944478449,0.1261586612554429,1.9743006600677646,0.7156472162199145
2015-09-26,2015-16,Leicester City,Arsenal,A,2,0.2963010710756522,0.25452811982754464,0.4491708090968032,1.17919242918254,1.5119827782356872
2015-09-26,2015-16,West Ham,Norwich City,D,1,0.3924249895154654,0.2597018112509425,0.34787319923359217,1.3814390006728687,1.285249062354206
2015-09-26,2015-16,Stoke,Bournemouth,H,0,0.4049641148539329,0.25945458172428226,0.33558130342178494,1.4059753248416635,1.2562022252996563
2015-09-26,2015-16,Tottenham,Manchester City,H,0,0.30373395744543896,0.2505123743461037,0.44575366820845724,1.2315867620688798,1.5448581340000773
2015-09-26,2015-16,Southampton,Swansea,H,0,0.42655208103283704,0.2667066020920389,0.3067413168751241,1.3820859051617895,1.12949273643063
2015-09-27,2015-16,Watford,Crystal Palace,A,2,0.46816443449005807,0.26376691176748257,0.2680686537424593,1.4526257355963037,1.0307265836509076
2015-09-28,2015-16,West Bromwich Albion,Everton,A,2,0.40447880768889605,0.2748581408277077,0.32066305148339624,1.2900776107392726,1.116843147249926
2015-10-03,2015-16,Norwich City,Leicester City,A,2,0.45702465742046056,0.2534287608646695,0.2895465817148699,1.5306050889826883,1.165383663515667
2015-10-03,2015-16,Sunderland,West Ham,D,1,0.30856363445350005,0.25764557183390585,0.43379079371259405,1.194559289341159,1.465358440787151
2015-10-03,2015-16,Aston Villa,Stoke,A,2,0.38716009512935357,0.2682768845844992,0.34456302028614716,1.3063543080148794,1.2165896640613878
2015-10-03,2015-16,Bournemouth,Watford,D,1,0.40801911011723235,0.27190499575925353,0.32007589412351406,1.3162440280543672,1.1330784680372712
2015-10-03,2015-16,Chelsea,Southampton,A,2,0.5302320759158932,0.24054464895238997,0.2292232751317168,1.697351489985395,1.0291195756010474
2015-10-03,2015-16,Crystal Palace,West Bromwich Albion,H,0,0.5104955627068698,0.25016703088204884,0.23933740641108134,1.5976488259038246,1.0096189601791377
2015-10-03,2015-16,Manchester City,Newcastle United,H,0,0.7629442495302245,0.15360470171181928,0.08345104875795628,2.4439249537154524,0.6768607012540064
2015-10-04,2015-16,Arsenal,Manchester United,H,0,0.5088297638409308,0.23579294842368417,0.25537728773538493,1.7471075496748683,1.1703068212903311
2015-10-04,2015-16,Everton,Liverpool,D,1,0.41377245988003175,0.26507992554577103,0.32114761457419716,1.3757300328096915,1.1792104446633191
2015-10-04,2015-16,Swansea,Tottenham,D,1,0.33956067687531594,0.264015800149084,0.3964235229756,1.2336977710438681,1.35490799024886
2015-10-17,2015-16,Chelsea,Aston Villa,H,0,0.633393594179031,0.2142301100044926,0.15237629581647652,1.915645242938572,0.8132251160658774
2015-10-17,2015-16,Crystal Palace,West Ham,A,2,0.47734685166846924,0.24845562716027972,0.27419752117125107,1.596151395199429,1.1484270182614411
2015-10-17,2015-16,Everton,Manchester United,A,2,0.35572884055389753,0.25977460469440994,0.3844965547516924,1.3034555468418758,1.3655766669722826
2015-10-17,2015-16,Manchester City,Bournemouth,H,0,0.7000815833863997,0.18192583965237896,0.11799257696122134,2.21736554314276,0.7843269328688675
2015-10-17,2015-16,Southampton,Leicester City,D,1,0.48935169474032625,0.24750189866102676,0.2631464065986471,1.613777993974716,1.1154749974077376
2015-10-17,2015-16,Tottenham,Liverpool,D,1,0.481020329300503,0.25697598753185913,0.26200368316763784,1.5200960124377283,1.0505319892850233
2015-10-17,2015-16,Watford,Arsenal,A,2,0.22198430022570867,0.2281918423815051,0.5498238573927862,1.0819671073525718,1.8349346801998556
2015-10-17,2015-16,West Bromwich Albion,Sunderland,H,0,0.4921700450605168,0.2593146182260581,0.2485153367134251,1.5071632147936733,0.9901771789427545
2015-10-18,2015-16,Newcastle United,Norwich City,H,0,0.3258932829652214,0.26146343435806113,0.41264328267671757,1.2164080167709939,1.4024244118848386
2015-10-19,2015-16,Swansea,Stoke,A,2,0.4401726011430237,0.2638839511726413,0.2959434476843351,1.4220300669470924,1.1161715953209286
2015-10-24,2015-16,Arsenal,Everton,H,0,0.6661248761729739,0.1900546337735722,0.14382049005345376,2.201650643234771,0.9154256756831967
2015-10-24,2015-16,Aston Villa,Swansea,A,2,0.3362038956081624,0.27783919875296587,0.38595690563887175,1.1367486741668837,1.2389157749761726
2015-10-24,2015-16,Leicester City,Crystal Palace,H,0,0.4679468117779185,0.24404083198575424,0.28801235623632726,1.6325081612736596,1.2292189160716478
2015-10-24,2015-16,Norwich City,West Bromwich Albion,A,2,0.4192260369663128,0.26160474808940165,0.3191692149442857,1.4115422682645682,1.1972491542261146
2015-10-24,2015-16,Stoke,Watford,A,2,0.47849048899485186,0.2557754552056125,0.2657340557995356,1.52882607756456,1.070685860648288
2015-10-24,2015-16,West Ham,Chelsea,H,0,0.38313544651017445,0.2601768056480875,0.3566877478417381,1.3596933408488563,1.3026465058075392
2015-10-25,2015-16,Liverpool,Southampton,D,1,0.4709499254484543,0.2569119989305982,0.2721380756209475,1.512704616775943,1.0851999838629944
2015-10-25,2015-16,Bournemouth,Tottenham,A,2,0.2801517709801881,0.26087065340652305,0.45897757561328884,1.0865887214556227,1.4676998186543713
2015-10-25,2015-16,Sunderland,Newcastle United,H,0,0.41427339999945706,0.2614562367603166,0.3242703632402263,1.405075021984996,1.2121145978628267
2015-10-25,2015-16,Manchester United,Manchester City,D,1,0.3283611335409131,0.23607177328699852,0.43556709317208847,1.431929340870501,1.6803978578594454
2015-10-31,2015-16,Chelsea,Liverpool,A,2,0.476559468398192,0.2621914460111178,0.2612490855906901,1.472448844037356,1.0173854218384701
2015-10-31,2015-16,Crystal Palace,Manchester United,D,1,0.3202472163199421,0.2643736095734581,0.4153791741065998,1.1814871322520015,1.3836974268839908
2015-10-31,2015-16,Manchester City,Norwich City,H,0,0.7562543827661221,0.15063182357723973,0.09311379365663822,2.571269754050043,0.7943737359899214
2015-10-31,2015-16,Newcastle United,Stoke,D,1,0.2955116009561431,0.2562964381271851,0.4481919609166718,1.1645007339670004,1.4951514475412357
2015-10-31,2015-16,Swansea,Arsenal,A,2,0.23026959981614753,0.23319245662843402,0.5365379435554184,1.0833705291893438,1.7787304818017198
2015-10-31,2015-16,Watford,West Ham,H,0,0.3607995641306009,0.2576840201267074,0.3815164157426918,1.3313477710864043,1.3763646664212925
2015-10-31,2015-16,West Bromwich Albion,Leicester City,A,2,0.36968633537269846,0.256007449198857,0.3743062154284445,1.3648166552659573,1.3749068821932768
2015-11-01,2015-16,Everton,Sunderland,H,0,0.5430993589374572,0.2377438270620066,0.2191568140005361,1.7260028095624034,1.0042259318726072
2015-11-01,2015-16,Southampton,Bournemouth,H,0,0.5923409015087916,0.22261366460169751,0.18504543388951092,1.8709557226925917,0.9391877743459842
2015-11-02,2015-16,Tottenham,Aston Villa,H,0,0.7034233568238268,0.18509345950023207,0.11148318367594114,2.146963315859271,0.7170715952292174
2015-11-07,2015-16,Leicester City,Watford,H,0,0.5293600705402731,0.23580317062242231,0.23483675883730457,1.7494244894743276,1.0846854042558396
2015-11-07,2015-16,Manchester United,West Bromwich Albion,H,0,0.5927641428434637,0.226536261457422,0.18069959569911437,1.8221558714943697,0.8931974681494568
2015-11-07,2015-16,Bournemouth,Newcastle United,A,2,0.4330292233945682,0.25134571824019547,0.3156250583652363,1.5204139774756382,1.2615434139366042
2015-11-07,2015-16,Norwich City,Swansea,H,0,0.36871129446847195,0.2576302095823558,0.3736584959491723,1.349615090549767,1.360368283060665
2015-11-07,2015-16,West Ham,Everton,D,1,0.4746067244899929,0.24923862450910356,0.27615465100090353,1.5863763694238795,1.149769094615139
2015-11-07,2015-16,Stoke,Chelsea,H,0,0.3961823347420999,0.2762742704907954,0.3275433947671047,1.2669094225674207,1.125474919078365
2015-11-07,2015-16,Sunderland,Southampton,A,2,0.26526512437340194,0.24480650414825292,0.4899283714783452,1.1420254561963912,1.6411947188207818
2015-11-08,2015-16,Arsenal,Tottenham,D,1,0.5882155071741523,0.218896131975744,0.19288836085010372,1.9244372108108827,1.0047948625914316
2015-11-08,2015-16,Aston Villa,Manchester City,D,1,0.11829833170459908,0.17787555967827076,0.7038261086171301,0.813904352564032,2.277199443389389
2015-11-08,2015-16,Liverpool,Crystal Palace,A,2,0.48428266412695886,0.26055646894079326,0.2551608669322478,1.4916835852267238,1.0061579645782512
2015-11-21,2015-16,Watford,Manchester United,A,2,0.31686703774089175,0.27529109438095223,0.407841867878156,1.104689554394738,1.292435558284598
2015-11-21,2015-16,West Bromwich Albion,Arsenal,H,0,0.193761365748107,0.2230793814022229,0.5831592528496701,0.980623127090289,1.875103764235736
2015-11-21,2015-16,Chelsea,Norwich City,H,0,0.54750080966421,0.24301661483061623,0.20948257550517366,1.6695222578106634,0.9310891247598888
2015-11-21,2015-16,Everton,Aston Villa,H,0,0.5991390298856996,0.22971151452342148,0.171149455590879,1.778177986663138,0.8281227907572252
2015-11-21,2015-16,Manchester City,Liverpool,A,2,0.6370481279927167,0.2084643282649881,0.1544875437422953,1.9873507247240776,0.8593570886492256
2015-11-21,2015-16,Newcastle United,Leicester City,A,2,0.23331735158522707,0.22947069899948314,0.5372119494152898,1.1242510112550415,1.8232342242464636
2015-11-21,2015-16,Southampton,Stoke,A,2,0.4895905878958664,0.25795025590668064,0.2524591561974529,1.5173315208772724,1.0117175318099123
2015-11-21,2015-16,Swansea,Bournemouth,D,1,0.5098577891043039,0.2539792502885854,0.23616296060711056,1.5621464541296641,0.9754911647359731
2015-11-22,2015-16,Tottenham,West Ham,H,0,0.5358433348230824,0.2449806079392709,0.21917605723764666,1.6514560416703432,0.9603796217916025
2015-11-23,2015-16,Crystal Palace,Sunderland,A,2,0.5797826443926661,0.22984020862166876,0.19037714698566505,1.7957327662349698,0.921177287374867
2015-11-28,2015-16,Aston Villa,Watford,A,2,0.2721580517720156,0.2649689366253372,0.4628730116026473,1.0369100126230408,1.4381554229073985
2015-11-28,2015-16,Bournemouth,Everton,D,1,0.2779093286010227,0.25021660775360716,0.47187406364537016,1.1489967143100703,1.5747182114280478
2015-11-28,2015-16,Crystal Palace,Newcastle United,H,0,0.5246368972900707,0.2457630369474659,0.22960006576246342,1.6434166270340194,0.9980941697641423
2015-11-28,2015-16,Leicester City,Manchester United,D,1,0.43735785840533986,0.26325607641242393,0.29938606518223626,1.4235213998802476,1.1302513547685697
2015-11-28,2015-16,Manchester City,Southampton,H,0,0.5890112923143672,0.22365241515733927,0.18733629252829342,1.8616258762574047,0.9442861646684925
2015-11-28,2015-16,Sunderland,Stoke,H,0,0.2967054084717145,0.2635680691845309,0.4397265223437547,1.120401962345019,1.4240013259389273
2015-11-29,2015-16,Liverpool,Swansea,H,0,0.5618171792238159,0.23948285848796008,0.1986999622882241,1.7009433129673062,0.9040937781760556
2015-11-29,2015-16,Norwich City,Arsenal,D,1,0.17397751186261196,0.21280410820982487,0.6132183799275632,0.9439100908138003,1.9722778221805024
2015-11-29,2015-16,Tottenham,Chelsea,D,1,0.5015359644152932,0.2532475197731885,0.2452165158115183,1.5655298641442168,1.0132509386219142
2015-11-29,2015-16,West Ham,West Bromwich Albion,D,1,0.4394894803931878,0.2601466927267088,0.3003638268801034,1.4516560376604473,1.1533324051633653
2015-12-05,2015-16,Southampton,Aston Villa,D,1,0.665101375745497,0.20364497992550387,0.13125364432899908,1.9871499764568077,0.7465554283886549
2015-12-05,2015-16,Arsenal,Sunderland,H,0,0.7278436860451454,0.17020046564584096,0.10195584830901354,2.30729875557564,0.7336671340305659
2015-12-05,2015-16,Chelsea,Bournemouth,A,2,0.5992486055958948,0.23147270087587052,0.1692786935282346,1.758385604627827,0.8098532135464531
2015-12-05,2015-16,Manchester United,West Ham,D,1,0.5908875111912035,0.23639825596720726,0.17271423284158927,1.7136577803072606,0.8017112000077599
2015-12-05,2015-16,Swansea,Leicester City,A,2,0.28704345323335406,0.2578629494405269,0.4550935973261191,1.1275049017281151,1.4891961119503823
2015-12-05,2015-16,Watford,Norwich City,H,0,0.5240133352523424,0.24852529281765628,0.22746137193000127,1.6163181974600287,0.9732460554719249
2015-12-05,2015-16,West Bromwich Albion,Tottenham,D,1,0.27013567374646946,0.25365459406906515,0.47620973218446533,1.0992467974520812,1.5461837898788346
2015-12-05,2015-16,Stoke,Manchester City,H,0,0.30583924292359504,0.267606927823164,0.42655382925324103,1.1213904232476601,1.3752398827114023
2015-12-06,2015-16,Newcastle United,Liverpool,H,0,0.21234697100662492,0.2378788781263873,0.5497741508669878,0.9736645400000201,1.7227269095977205
2015-12-07,2015-16,Everton,Crystal Palace,D,1,0.47346272701056347,0.2605020348850254,0.26603523810441115,1.4840097559968892,1.0430474214320666
2015-12-12,2015-16,Bournemouth,Manchester United,H,0,0.2762295652353782,0.2650182485742547,0.458752186190367,1.0494261240140708,1.433752217457107
2015-12-12,2015-16,Crystal Palace,Southampton,H,0,0.4027573884840692,0.26573595925896304,0.3315066522569676,1.352812182525687,1.2017538376249008
2015-12-12,2015-16,Manchester City,Swansea,H,0,0.6509018468518568,0.20415784372544335,0.1449403094226999,2.0171817237664684,0.8280813219055354
2015-12-12,2015-16,Norwich City,Everton,D,1,0.2948538409974353,0.25686531280170893,0.44828084620085573,1.1585898121296716,1.4902783118177148
2015-12-12,2015-16,Sunderland,Watford,A,2,0.3016493904701387,0.26043843109319165,0.43791217843666963,1.1552105330880296,1.4472243954126467
2015-12-12,2015-16,West Ham,Stoke,D,1,0.3626865796177335,0.2699539652085053,0.3673594551737613,1.2458227595054576,1.2556299796258903
2015-12-13,2015-16,Aston Villa,Arsenal,A,2,0.11483293796931013,0.17805671534335948,0.7071103466873304,0.7856163027951241,2.258228442680341
2015-12-13,2015-16,Liverpool,West Bromwich Albion,D,1,0.5677870016749811,0.2377882186606758,0.19442477966434324,1.7157365891312768,0.8943604497654482
2015-12-13,2015-16,Tottenham,Newcastle United,A,2,0.6725025096490683,0.2002237034915455,0.12727378685938617,2.0157347759708326,0.7400395686906646
2015-12-14,2015-16,Leicester City,Chelsea,H,0,0.5085073248808201,0.2502807573940906,0.24121191772508938,1.5959150587656248,1.016048095551669
2015-12-19,2015-16,Chelsea,Sunderland,H,0,0.624261974043097,0.21963220422060448,0.15610582173629858,1.8629536632845551,0.8041746819075235
2015-12-19,2015-16,Everton,Leicester City,A,2,0.3768345212910711,0.2589354211385275,0.36423005757040144,1.356671775467599,1.3293809784822974
2015-12-19,2015-16,Manchester United,Norwich City,A,2,0.6556168212516249,0.20496418208341358,0.1394189966649615,1.993366870908583,0.7894592079865667
2015-12-19,2015-16,Newcastle United,Aston Villa,D,1,0.5284698412539174,0.24760064708879737,0.22392951165728517,1.6256637225416761,0.9645385580877485
2015-12-19,2015-16,Southampton,Tottenham,A,2,0.3834695657307494,0.2648866863642325,0.351643747905018,1.324219208830674,1.2564981466550724
2015-12-19,2015-16,Stoke,Crystal Palace,A,2,0.4752152051992945,0.26159937300252895,0.26318542179817644,1.4762762209147993,1.027201098303312
2015-12-19,2015-16,West Bromwich Albion,Bournemouth,A,2,0.4252262158192445,0.26417394564882074,0.31059983853193474,1.3998693423725792,1.1563985535342136
2015-12-20,2015-16,Swansea,West Ham,D,1,0.38652676824413806,0.26926381348017325,0.34420941827568874,1.2981079439046836,1.209174182545893
2015-12-20,2015-16,Watford,Liverpool,H,0,0.3975303441191065,0.26021547026756797,0.3422541856133255,1.386714788874599,1.2675893004337146
2015-12-21,2015-16,Arsenal,Manchester City,H,0,0.5173275124163916,0.24323919325984575,0.23943329432376267,1.66797764407215,1.0533093606709385
2015-12-26,2015-16,Bournemouth,Crystal Palace,D,1,0.39025619942162487,0.26060711479952337,0.3491366857788519,1.3701275376481497,1.2815728310237058
2015-12-26,2015-16,Chelsea,Watford,D,1,0.45702507502881723,0.25451307862696376,0.28846184634421895,1.5207755963735299,1.1544166292795983
2015-12-26,2015-16,Aston Villa,West Ham,D,1,0.2728744939738191,0.2560840274838798,0.4710414785423012,1.0928981566268068,1.5200801504468162
2015-12-26,2015-16,Swansea,West Bromwich Albion,H,0,0.42951515389340783,0.26878493236091977,0.3016999137456724,1.3704185350392297,1.1026502397994213
2015-12-26,2015-16,Liverpool,Leicester City,H,0,0.3709957086356579,0.26120057621372866,0.3678037151506135,1.3267158848542517,1.319849731496709
2015-12-26,2015-16,Stoke,Manchester United,H,0,0.3809669776708334,0.26525047143364483,0.35378255089552185,1.316637532589651,1.25884705020424
2015-12-26,2015-16,Newcastle United,Everton,A,2,0.30970929166341105,0.25726759993323445,0.4330231084033546,1.2005635421829746,1.4675621664245722
2015-12-26,2015-16,Southampton,Arsenal,H,0,0.2409404397496424,0.2427542437640991,0.5163053164862584,1.0625151409075617,1.6728102148475332
2015-12-26,2015-16,Manchester City,Sunderland,H,0,0.6596644426525168,0.1982722214330273,0.142063335914456,2.0834533515146942,0.8466629768578111
2015-12-26,2015-16,Tottenham,Norwich City,H,0,0.6216338881721397,0.21938081263484976,0.1589852991930105,1.8704606778192046,0.821058637696016
2015-12-28,2015-16,Arsenal,Bournemouth,H,0,0.608050043374181,0.21784591415528481,0.17410404247053413,1.9117008440110226,0.9117210502325911
2015-12-28,2015-16,Crystal Palace,Swansea,D,1,0.5287825870522395,0.2496550617548584,0.2215623511929021,1.6060210439622387,0.9435029037504306
2015-12-28,2015-16,Everton,Stoke,A,2,0.4093456036184963,0.25431331497595594,0.3363410814055477,1.45693702724159,1.296956783395376
2015-12-28,2015-16,Manchester United,Chelsea,D,1,0.4570698210420376,0.2553735656620511,0.28755661329591126,1.513115346704021,1.145667089182453
2015-12-28,2015-16,Norwich City,Aston Villa,H,0,0.512229668177486,0.2475910935007183,0.2401792383217956,1.6229892516119055,1.028550557362927
2015-12-28,2015-16,Watford,Tottenham,A,2,0.41786838139167604,0.26341263775867463,0.3187189808496494,1.395046604734957,1.1837758501746036
2015-12-28,2015-16,West Bromwich Albion,Newcastle United,H,0,0.4621848872321298,0.2627143321656633,0.2751007806022068,1.4556495630128272,1.059391822146672
2015-12-28,2015-16,West Ham,Southampton,H,0,0.39391384680398084,0.2623598633573056,0.34372628983871356,1.3631703543088385,1.2556592988205755
2015-12-29,2015-16,Leicester City,Manchester City,D,1,0.38276178450102494,0.25984306369724264,0.35739515180173237,1.361584526305447,1.3068153955080253
2015-12-30,2015-16,Sunderland,Liverpool,A,2,0.2341026976175835,0.24200694510247595,0.5238903572799405,1.0397964269670792,1.6816983458483414
2016-01-02,2015-16,Arsenal,Newcastle United,H,0,0.7327810897340435,0.16711639845333057,0.10010251181262594,2.3430280279963407,0.738254000827973
2016-01-02,2015-16,Leicester City,Bournemouth,D,1,0.5580049767661066,0.2355070849725355,0.2064879382613579,1.7455190103433196,0.9620927485917293
2016-01-02,2015-16,Manchester United,Swansea,H,0,0.5783047716680995,0.23762545563140908,0.1840697727004915,1.7107796584978836,0.8481196260755092
2016-01-02,2015-16,Norwich City,Southampton,H,0,0.35083154703371844,0.26272151686684636,0.3864469360994352,1.2701122168656929,1.346358296368
2016-01-02,2015-16,Sunderland,Aston Villa,H,0,0.4417710142531785,0.25462657942236905,0.30360240632445246,1.5021726272349214,1.2010486387735826
2016-01-02,2015-16,Watford,Manchester City,A,2,0.3777992493498247,0.26234167025331656,0.35985908039685877,1.3321662012210427,1.2937062294298622
2016-01-02,2015-16,West Bromwich Albion,Stoke,H,0,0.33665620393768503,0.2582825455363999,0.40506125052591513,1.267615552505294,1.4157911676224957
2016-01-02,2015-16,West Ham,Liverpool,H,0,0.35158764425977507,0.26880381497329314,0.37960854076693173,1.2292607871091414,1.2882420197203437
2016-01-03,2015-16,Crystal Palace,Chelsea,A,2,0.3867552699259658,0.25943882157032566,0.3538059085037086,1.3726909097799513,1.301476147846667
2016-01-03,2015-16,Everton,Tottenham,D,1,0.3498549530532066,0.2574000712020298,0.39274497574476375,1.3075564955404582,1.4007902779176917
2016-01-12,2015-16,Newcastle United,Manchester United,D,1,0.23609364872759675,0.24948576120721733,0.5144205900651859,1.0012724977731051,1.6052621600275288
2016-01-12,2015-16,Aston Villa,Crystal Palace,H,0,0.2612667374119539,0.2698686440525264,0.46886461853551975,0.9756643954567294,1.4057521302867668
2016-01-12,2015-16,Bournemouth,West Ham,A,2,0.3771236958595448,0.26309828697319987,0.3597780171672553,1.3250512756090687,1.2879459115102199
2016-01-13,2015-16,Chelsea,West Bromwich Albion,D,1,0.5770597974912595,0.22619118327437335,0.19674901923436725,1.8418352608678388,0.9750020533890343
2016-01-13,2015-16,Liverpool,Arsenal,D,1,0.3218308085578549,0.25692084164835327,0.42124834979379183,1.2377100962949716,1.4535626050908013
2016-01-13,2015-16,Manchester City,Everton,D,1,0.5882719357862922,0.22133154857647774,0.19039651563723003,1.8921141866373143,0.9751100857233169
2016-01-13,2015-16,Southampton,Watford,H,0,0.37645302861514857,0.2640347775057016,0.35951219387914984,1.3166600506222321,1.2805170010643274
2016-01-13,2015-16,Stoke,Norwich City,H,0,0.5107618592911629,0.2447481005660131,0.24449004014282402,1.6509397652830662,1.0634199853989228
2016-01-13,2015-16,Swansea,Sunderland,A,2,0.5353975131535723,0.2505754318242107,0.21402705502221706,1.597604209042404,0.9085273675405553
2016-01-13,2015-16,Tottenham,Leicester City,A,2,0.4878190776266716,0.2560927720801418,0.25608815029318654,1.5324918767857731,1.0353350418065776
2016-01-16,2015-16,Aston Villa,Leicester City,D,1,0.21217651238898003,0.2548035540192222,0.5330199335917978,0.8795549328158504,1.5592787686848186
2016-01-16,2015-16,Bournemouth,Norwich City,H,0,0.42904555374510167,0.27128908813927566,0.29966535811562267,1.3513313240564573,1.082151544808107
2016-01-16,2015-16,Chelsea,Everton,D,1,0.5399153965186372,0.23625553626346976,0.22382906721789309,1.7431074337569752,1.0341787216559166
2016-01-16,2015-16,Manchester City,Crystal Palace,H,0,0.6150237759250453,0.22233348919829377,0.16264273487666095,1.8442745446041868,0.8243500549894374
2016-01-16,2015-16,Newcastle United,West Ham,H,0,0.286832603177511,0.2569882114159195,0.45617918540656954,1.132581650186492,1.4979404721605405
2016-01-16,2015-16,Southampton,West Bromwich Albion,H,0,0.45903572082273336,0.2611004859430639,0.27986379323420285,1.465845309042365,1.0842609759310906
2016-01-16,2015-16,Tottenham,Sunderland,H,0,0.6655083573269951,0.2001632961434045,0.13432834652960043,2.037162375339945,0.7853005664797055
2016-01-17,2015-16,Liverpool,Manchester United,A,2,0.3833400308925476,0.26233652856221834,0.3543234405452342,1.3432810361567538,1.2810848796607865
2016-01-17,2015-16,Stoke,Arsenal,D,1,0.2950502900446486,0.24885525032921071,0.4560944596261407,1.2162220688109453,1.5725729680218394
2016-01-18,2015-16,Swansea,Watford,H,0,0.35377656228899235,0.27722366774228385,0.3689997699687238,1.1796425937885728,1.2109742914390282
2016-01-23,2015-16,Crystal Palace,Tottenham,A,2,0.2906836757265109,0.2754781063618187,0.4338382179116704,1.0335795206179093,1.3277916318088134
2016-01-23,2015-16,Leicester City,Stoke,H,0,0.49487078618391267,0.2557385508025405,0.24939066301354684,1.5397740153858628,1.0137184208545473
2016-01-23,2015-16,Manchester United,Southampton,A,2,0.5194439506458329,0.24542796096780856,0.23512808838635857,1.6460638146808455,1.02220673603069
2016-01-23,2015-16,Norwich City,Liverpool,A,2,0.31989785485045763,0.2675072609419759,0.4125948842075664,1.1601051250706302,1.3554516642596643
2016-01-23,2015-16,Sunderland,Bournemouth,D,1,0.34977282367069934,0.2640753017029235,0.3861518746263772,1.2578929997202917,1.335473006305609
2016-01-23,2015-16,Watford,Newcastle United,H,0,0.5165918569448874,0.24954053563790482,0.23386760741720772,1.6052732344916594,0.9923574353446915
2016-01-23,2015-16,West Bromwich Albion,Aston Villa,D,1,0.5790125022055035,0.24096794272703742,0.18001955506745906,1.6760335258363932,0.812944746809386
2016-01-23,2015-16,West Ham,Manchester City,D,1,0.28642708230789343,0.2528135076193935,0.4607594100727131,1.1595084811372578,1.5400801434334972
2016-01-24,2015-16,Arsenal,Chelsea,A,2,0.5461698025576964,0.23180366932705843,0.2220265281152451,1.792631629175758,1.0564212403872182
2016-01-24,2015-16,Everton,Swansea,A,2,0.5122690863182107,0.2534835873398557,0.23424732634193351,1.5674178288764578,0.9711061383873357
2016-02-02,2015-16,Manchester United,Stoke,H,0,0.5104614137617701,0.25550658014458394,0.234032006093646,1.5486787349748377,0.9590584010291135
2016-02-02,2015-16,Crystal Palace,Bournemouth,A,2,0.41925075294885716,0.2696464557262254,0.31110279132491736,1.3496310542845296,1.1232745264385422
2016-02-02,2015-16,Leicester City,Liverpool,H,0,0.5139358565325227,0.24526207919269924,0.2408020642747779,1.646585037052681,1.0456543383666894
2016-02-02,2015-16,Arsenal,Southampton,D,1,0.5775016433971253,0.2319658995087412,0.19053245709413344,1.7731418558146361,0.9093843245052116
2016-02-02,2015-16,Norwich City,Tottenham,A,2,0.25653280080512914,0.2643561726362702,0.4791110265586006,0.9896848478587152,1.45681951395314
2016-02-02,2015-16,Sunderland,Manchester City,A,2,0.19867728666548087,0.24100805633272582,0.5603146570017934,0.8956006432968221,1.685807831322731
2016-02-02,2015-16,West Ham,Aston Villa,H,0,0.6273309592118002,0.21979477427346497,0.15287426651473487,1.8557530043663908,0.7859033710493786
2016-02-02,2015-16,West Bromwich Albion,Swansea,D,1,0.47393572591432315,0.2695509970339016,0.2565132770517752,1.412397016442485,0.962150079776632
2016-02-03,2015-16,Everton,Newcastle United,H,0,0.5537581177851925,0.23140974037121495,0.21483214184359267,1.7943076435006022,1.0263638336598633
2016-02-03,2015-16,Watford,Chelsea,D,1,0.3431265966166546,0.2684237660685952,0.3884496373147502,1.212216595969509,1.3076798808314947
2016-02-06,2015-16,Manchester City,Leicester City,A,2,0.45139332338329896,0.26301256077311,0.28559411584359096,1.4421218323718066,1.090403613275174
2016-02-06,2015-16,Aston Villa,Norwich City,H,0,0.35241214695936046,0.28118616023850024,0.36640169280213936,1.152817108692025,1.1813159401689575
2016-02-06,2015-16,Liverpool,Sunderland,D,1,0.5752219265132822,0.23378778495287514,0.1909902885338426,1.7544020046800246,0.9010469251984831
2016-02-06,2015-16,Newcastle United,West Bromwich Albion,H,0,0.33795905883873684,0.26040513254045977,0.40163580862080334,1.2553819749943183,1.3924922104747262
2016-02-06,2015-16,Southampton,West Ham,H,0,0.4220271272760671,0.26366852453758843,0.3143043481863445,1.3992347469494,1.169990137589757
2016-02-06,2015-16,Swansea,Crystal Palace,D,1,0.42874069445904456,0.2664635509180008,0.30479575462295466,1.3869647890843733,1.1255615992584158
2016-02-06,2015-16,Tottenham,Watford,H,0,0.6100673815522404,0.22491662433362036,0.16501599411413914,1.8202484232119014,0.8227264248118267
2016-02-06,2015-16,Stoke,Everton,A,2,0.4097844845976421,0.2682176624767829,0.32199785292557503,1.3457459733186512,1.1610592087284615
2016-02-07,2015-16,Bournemouth,Arsenal,A,2,0.28066484383625917,0.2519897799268332,0.46734537623690764,1.146085059298744,1.5540124374079778
2016-02-07,2015-16,Chelsea,Manchester United,D,1,0.44311044530493815,0.2600966278530998,0.2967929268419622,1.4565556716656634,1.1429725495928196
2016-02-13,2015-16,Chelsea,Newcastle United,H,0,0.6393132754262137,0.2042129654572023,0.15647375911658382,2.0449516533380403,0.8986688153359996
2016-02-13,2015-16,Crystal Palace,Watford,A,2,0.42119580824577874,0.2743996177151534,0.3044045740390678,1.3184126072007274,1.0772071957130638
2016-02-13,2015-16,Swansea,Southampton,A,2,0.33810634276051743,0.268280854432288,0.39361280280719446,1.2011402826868525,1.3180618833909972
2016-02-13,2015-16,Bournemouth,Stoke,A,2,0.4662335755589934,0.26674956919795473,0.26701685524305185,1.4272652087353506,1.0106104761150636
2016-02-13,2015-16,Sunderland,Manchester United,H,0,0.24740752952913234,0.25671033568086477,0.49588213479000287,1.0010060030398262,1.531732434549839
2016-02-13,2015-16,Everton,West Bromwich Albion,A,2,0.5606806667650485,0.23518573879318025,0.20413359444177132,1.7477945883487602,0.9533925252021864
2016-02-13,2015-16,Norwich City,West Ham,D,1,0.2913254022991853,0.2627024295100716,0.44597216819074315,1.1097818872156902,1.4385012535064245
2016-02-14,2015-16,Arsenal,Leicester City,H,0,0.4519632263288116,0.2553400517815443,0.2926967218896441,1.507897746112766,1.1622433641034977
2016-02-14,2015-16,Aston Villa,Liverpool,A,2,0.25381815989958434,0.2667567438272474,0.4794250962731683,0.9678866499373883,1.4380815784617944
2016-02-14,2015-16,Manchester City,Tottenham,A,2,0.40100202599518797,0.26103364165621556,0.33796433234859646,1.3863419845273828,1.2508506256840994
2016-02-27,2015-16,Leicester City,Norwich City,H,0,0.7070037567711991,0.17872974844426193,0.11426649478453894,2.2458807839954593,0.776777589646428
2016-02-27,2015-16,Southampton,Chelsea,A,2,0.3761216695523772,0.26678341257160587,0.357094917876017,1.2958186037807928,1.255538930169599
2016-02-27,2015-16,Stoke,Aston Villa,H,0,0.583297393903016,0.23630902246948737,0.18039358362749655,1.7209358156706818,0.8379734573345685
2016-02-27,2015-16,Watford,Bournemouth,D,1,0.46027547975079147,0.2623681650084005,0.277356355240808,1.4566205660068359,1.06861737431892
2016-02-27,2015-16,West Bromwich Albion,Crystal Palace,H,0,0.45340131118114274,0.2630364922748818,0.2835621965439754,1.444104548020867,1.0839953717350221
2016-02-27,2015-16,West Ham,Sunderland,H,0,0.5648635132147727,0.24119933964542783,0.19393714713979954,1.6817930939515517,0.8737343112541013
2016-02-28,2015-16,Manchester United,Arsenal,H,0,0.32308686436155976,0.26737216152353144,0.4095409741149088,1.1693278858594447,1.351649570972049
2016-02-28,2015-16,Tottenham,Swansea,H,0,0.695797737039657,0.18576659473554638,0.11843566822479663,2.1665682798931463,0.7633669396522249
2016-03-01,2015-16,Bournemouth,Southampton,H,0,0.3748284947583141,0.27744832694992044,0.34772317829176547,1.220869553701599,1.1651237355355006
2016-03-01,2015-16,Norwich City,Chelsea,A,2,0.23662546642542892,0.25247846339818936,0.5108960701763817,0.9857789526005448,1.576179901305901
2016-03-01,2015-16,Aston Villa,Everton,A,2,0.20653282985869842,0.23327369170468218,0.5601934784366194,0.9761373067045422,1.7695591940654734
2016-03-01,2015-16,Sunderland,Crystal Palace,D,1,0.40983802066822966,0.2720546627030614,0.31810731662870895,1.3180376362030515,1.1270999285411523
2016-03-01,2015-16,Leicester City,West Bromwich Albion,D,1,0.6222579269222559,0.21182246581378708,0.16591960726395696,1.9698356757820952,0.9046468223460815
2016-03-02,2015-16,Arsenal,Swansea,A,2,0.7069344047169379,0.17694288094740163,0.11612271433566046,2.2806954374304036,0.8032745664534172
2016-03-02,2015-16,Liverpool,Manchester City,H,0,0.3789455469002428,0.26889936095009415,0.35215509214966306,1.2862757641823395,1.2298981607367283
2016-03-02,2015-16,Manchester United,Watford,H,0,0.5120412340715933,0.2521516700626883,0.23580709586571838,1.5795514607389056,0.9845710251842281
2016-03-02,2015-16,Stoke,Newcastle United,H,0,0.533870847142206,0.2387190696248617,0.22741008323293238,1.7167910644650872,1.0333430987403875
2016-03-02,2015-16,West Ham,Tottenham,H,0,0.2705258779021692,0.25029344968143263,0.47918067241639817,1.1228851447828032,1.5798264783267613
2016-03-05,2015-16,Chelsea,Stoke,D,1,0.5470309323661912,0.24781459342548803,0.20515447420832075,1.6224832886966163,0.8869305438113184
2016-03-05,2015-16,Everton,West Ham,A,2,0.48649782137587505,0.2524762355279127,0.26102594309621224,1.56441398299082,1.0750665310844407
2016-03-05,2015-16,Manchester City,Aston Villa,H,0,0.7483663108837222,0.16332751885840666,0.08830617025787114,2.3275255223331874,0.6603507810102021
2016-03-05,2015-16,Newcastle United,Bournemouth,A,2,0.33143754913053186,0.2702028377717653,0.39835961309770285,1.1723173587779054,1.312483892558701
2016-03-05,2015-16,Southampton,Sunderland,D,1,0.5386096212343731,0.2486967764562068,0.21269360230942017,1.615123983801423,0.9131549303679867
2016-03-05,2015-16,Swansea,Norwich City,H,0,0.49536623871145036,0.24887395371588,0.25575980757266964,1.6037340930177006,1.0792344376827387
2016-03-05,2015-16,Tottenham,Arsenal,D,1,0.4788344146762418,0.2419305076539522,0.27923507766980593,1.6637089664720959,1.2145055535084708
2016-03-05,2015-16,Watford,Leicester City,A,2,0.28672112747596884,0.2524581013839328,0.46082077114009845,1.1629421230220252,1.5434214220004097
2016-03-06,2015-16,Crystal Palace,Liverpool,A,2,0.2938577500192562,0.2647807438733792,0.44136150610736463,1.104445904198006,1.4163704356373246
2016-03-06,2015-16,West Bromwich Albion,Manchester United,H,0,0.33328637281538404,0.2562378975191234,0.4104757296654927,1.2740594942279437,1.4422054266363342
2016-03-12,2015-16,Bournemouth,Swansea,H,0,0.4710520530546566,0.2630208884718707,0.26592705847347264,1.4611737514628174,1.028050926690369
2016-03-12,2015-16,Norwich City,Manchester City,D,1,0.23467915630285674,0.25483450372576266,0.5104863399713806,0.9651734966002713,1.554670546373428
2016-03-12,2015-16,Stoke,Southampton,A,2,0.4459279120350226,0.26737482728319073,0.2866972606817866,1.4015750741880355,1.067634640175525
2016-03-13,2015-16,Aston Villa,Tottenham,A,2,0.10292183107785709,0.16871082423849568,0.7283673446836473,0.7515702737035718,2.3351065108036004
2016-03-14,2015-16,Leicester City,Newcastle United,H,0,0.7420319251185791,0.16175034827707707,0.09621772660434393,2.4027068869162087,0.7405389498310783
2016-03-19,2015-16,Chelsea,West Ham,D,1,0.4936355066115335,0.2571461033252685,0.24921839006319793,1.526693857664271,1.004943735777042
2016-03-19,2015-16,Crystal Palace,Leicester City,A,2,0.2096605680500608,0.2320856720385876,0.5582537599113516,0.9981100242260833,1.7842359505968208
2016-03-19,2015-16,Everton,Arsenal,A,2,0.3775274650254551,0.25314456605937485,0.36932796891517006,1.4057478624994144,1.3876846759754295
2016-03-19,2015-16,Swansea,Aston Villa,H,0,0.628698543671103,0.21455896936748,0.156742486961417,1.9202906751117657,0.8359231499210538
2016-03-19,2015-16,Watford,Stoke,A,2,0.3831732030657281,0.2728629918258198,0.343963805108452,1.2668268190430818,1.1852202051190974
2016-03-19,2015-16,West Bromwich Albion,Norwich City,A,2,0.5281764786801901,0.2496911485694232,0.22213237275038675,1.605635054297201,0.9455608332773463
2016-03-20,2015-16,Manchester City,Manchester United,A,2,0.5085775021685407,0.2551111035349065,0.2363113942965528,1.5515364960963607,0.9696967683455864
2016-03-20,2015-16,Newcastle United,Sunderland,D,1,0.3960268248567975,0.27868729224427197,0.3252858828989305,1.250802931598019,1.1059649670413851
2016-03-20,2015-16,Southampton,Liverpool,H,0,0.37630164351318013,0.2723437318385768,0.3513546246482431,1.2572818139484556,1.2052725188737214
2016-03-20,2015-16,Tottenham,Bournemouth,H,0,0.6138135732335759,0.21632062111548878,0.16986580565093545,1.9229442302848132,0.898207906750813
2016-04-02,2015-16,Bournemouth,Manchester City,A,2,0.31287207058220523,0.27183174053353293,0.4152961888842619,1.1147657337841497,1.3279556056022395
2016-04-02,2015-16,Arsenal,Watford,H,0,0.6146826498420228,0.21546332457872613,0.1698540255792511,1.9330406114167153,0.9035241841718553
2016-04-02,2015-16,Aston Villa,Chelsea,A,2,0.14905613737317483,0.2087704968203991,0.642173365806426,0.8253822900294427,1.9716011959552673
2016-04-02,2015-16,Liverpool,Tottenham,D,1,0.3362179461854332,0.2578275648202107,0.4059544889943561,1.2698611773527864,1.421114046112586
2016-04-02,2015-16,Norwich City,Newcastle United,H,0,0.48493538038853445,0.2755160428325982,0.2395485767788674,1.3771294412856256,0.8787896943989725
2016-04-02,2015-16,Sunderland,West Bromwich Albion,D,1,0.38179712127261817,0.2740351217133549,0.3441677570140269,1.2563504070039992,1.1782749634583025
2016-04-02,2015-16,West Ham,Crystal Palace,D,1,0.5846484958895193,0.22805580740637094,0.18729569670410975,1.8123381257580446,0.9168726752063295
2016-04-02,2015-16,Stoke,Swansea,D,1,0.5381460624297588,0.24960561211882534,0.21224832545141578,1.6065758342458845,0.906511562050989
2016-04-03,2015-16,Leicester City,Southampton,H,0,0.5725317719795568,0.2344007195498618,0.1930675084705814,1.7494950157162836,0.9072187519318233
2016-04-03,2015-16,Manchester United,Everton,H,0,0.48081752482660584,0.24721995796310328,0.27196251721029086,1.6109045712041388,1.1492262928556232
2016-04-09,2015-16,Aston Villa,Bournemouth,A,2,0.23567132089345239,0.2511783575932276,0.5131503215133201,0.9896907185508806,1.5889244559192115
2016-04-09,2015-16,Crystal Palace,Norwich City,H,0,0.42214627185891734,0.26987895527266753,0.3079747728684152,1.3521045032559666,1.1133896544791588
2016-04-09,2015-16,Manchester City,West Bromwich Albion,H,0,0.5875207434868336,0.23597243344802823,0.17650682306513815,1.7210458574836467,0.8215714266131763
2016-04-09,2015-16,Southampton,Newcastle United,H,0,0.6120668689865311,0.22631159706880183,0.16162153394466705,1.801193651799068,0.7980462054136613
2016-04-09,2015-16,Swansea,Chelsea,H,0,0.3016131252970826,0.2717516449905197,0.4266352297123977,1.0848542771181386,1.3447312415796628
2016-04-09,2015-16,Watford,Everton,D,1,0.38850155974222306,0.2604930689196905,0.35100537133808635,1.3676842090978845,1.2868986193789071
2016-04-09,2015-16,West Ham,Arsenal,D,1,0.3169086750513848,0.255097655026266,0.4279936699223491,1.2370949842481642,1.4793921857072574
2016-04-10,2015-16,Liverpool,Stoke,H,0,0.48158579688255376,0.2607165719594925,0.2576976311579537,1.4884541855936462,1.0138712647611645
2016-04-10,2015-16,Sunderland,Leicester City,A,2,0.2112480104315098,0.2480612930382691,0.5406906965302212,0.910676767056261,1.6210059401439048
2016-04-10,2015-16,Tottenham,Manchester United,H,0,0.5431291966884284,0.24497018310858387,0.21190062020298775,1.6507823405440358,0.9302913796454524
2016-04-13,2015-16,Crystal Palace,Everton,D,1,0.3832190309491137,0.2623077835389053,0.354473185511981,1.3432642412177023,1.2816430347266898
2016-04-16,2015-16,Chelsea,Manchester City,A,2,0.4007209890361575,0.26120030654941845,0.338078704414424,1.384519500790881,1.2499405738084415
2016-04-16,2015-16,Everton,Southampton,D,1,0.34846704277466345,0.2669742934875801,0.38455866373775643,1.234566558103306,1.310909664693909
2016-04-16,2015-16,Manchester United,Aston Villa,H,0,0.7230051548430564,0.17757525538928354,0.09941958976766016,2.191049317161528,0.6694564174213231
2016-04-16,2015-16,Newcastle United,Swansea,H,0,0.29180359276664464,0.27775393993428227,0.4304424672990731,1.0245122162297975,1.307868245387945
2016-04-16,2015-16,Norwich City,Sunderland,A,2,0.442435192440785,0.2749820707514113,0.2825827368078037,1.3416798292824497,1.0132190227509474
2016-04-16,2015-16,West Bromwich Albion,Watford,A,2,0.4433742311634754,0.26726456588004854,0.28936120295647594,1.399444345257372,1.0761847662355317
2016-04-17,2015-16,Arsenal,Crystal Palace,D,1,0.6695677048525328,0.19439652100381827,0.13603577414364895,2.115624428875327,0.8318192610405235
2016-04-17,2015-16,Bournemouth,Liverpool,A,2,0.33228678306716847,0.27020648403593167,0.3975067328969,1.1743880392931103,1.310997565171993
2016-04-17,2015-16,Leicester City,West Ham,D,1,0.5885056597152226,0.22621681070140026,0.18527752958337718,1.8305443970510218,0.9179807315723716
2016-04-18,2015-16,Stoke,Tottenham,A,2,0.28032928828399145,0.25810537194645045,0.46156533976955816,1.104501154731679,1.4937147170011797
2016-04-19,2015-16,Newcastle United,Manchester City,D,1,0.18521743367418206,0.23494529049912002,0.5798372758266979,0.8676475073177855,1.738254139968802
2016-04-20,2015-16,Liverpool,Everton,H,0,0.5967595710861131,0.2259571699002016,0.17728325901368538,1.8245922964564028,0.8794035886774141
2016-04-20,2015-16,Manchester United,Crystal Palace,H,0,0.5680627970461155,0.24205091501242895,0.1898862879414555,1.6716024559369072,0.8514581234987275
2016-04-20,2015-16,West Ham,Watford,H,0,0.5822939401042099,0.22586920534193392,0.19183685455385632,1.8409956629020936,0.9527949563024701
2016-04-21,2015-16,Arsenal,West Bromwich Albion,H,0,0.6579838580660194,0.206110785584433,0.13590535634954756,1.971018804585713,0.7617134840854719
2016-04-23,2015-16,Aston Villa,Southampton,A,2,0.18391670000320784,0.23826416349134344,0.5778191365054487,0.8441148884457869,1.7044445924335612
2016-04-23,2015-16,Bournemouth,Chelsea,A,2,0.3276264993371949,0.26747766058461914,0.4048958400781859,1.1803440073214635,1.343324358023251
2016-04-23,2015-16,Liverpool,Newcastle United,D,1,0.7136007117997237,0.17870330993171704,0.1076959782685592,2.2154631603531674,0.7263724424565091
2016-04-23,2015-16,Manchester City,Stoke,H,0,0.5957302333299261,0.2274929942812181,0.17677677238885572,1.807540882648822,0.8681032933983275
2016-04-24,2015-16,Leicester City,Swansea,H,0,0.653234391582152,0.207867512660261,0.13889809575758702,1.9583395686277434,0.7701629646756977
2016-04-24,2015-16,Sunderland,Arsenal,D,1,0.19851920262323156,0.2317067920920472,0.5697740052847212,0.9486457303817766,1.7817641441281413
2016-04-25,2015-16,Tottenham,West Bromwich Albion,D,1,0.7193044859606954,0.17598035623746605,0.10471515780183857,2.238731444703982,0.7197379074534687
2016-04-30,2015-16,Newcastle United,Crystal Palace,H,0,0.37604263160440127,0.27939330927507566,0.3445640591205231,1.2108735138575555,1.1464651339793699
2016-04-30,2015-16,Arsenal,Norwich City,H,0,0.7266745826322171,0.1755685741951315,0.09775684317265157,2.2094783228757016,0.6677109147831815
2016-04-30,2015-16,Everton,Bournemouth,H,0,0.4244841992390667,0.2738305040659672,0.3016852966949661,1.3269798305776819,1.0730939292401342
2016-04-30,2015-16,Watford,Aston Villa,H,0,0.5811463057186393,0.2288100187451336,0.19004367553622709,1.8066320085099712,0.9257546044274909
2016-04-30,2015-16,West Bromwich Albion,West Ham,A,2,0.30766556795525146,0.2550542297187004,0.4372802023260482,1.210253383208506,1.4925887433217029
2016-04-30,2015-16,Stoke,Sunderland,D,1,0.48693754681956475,0.2545151325812825,0.25854732059915275,1.5460415704962793,1.0535470160448668
2016-05-01,2015-16,Manchester United,Leicester City,D,1,0.3248377131101237,0.2639858938499102,0.411176393039966,1.1962962966639656,1.3801090290798195
2016-05-01,2015-16,Southampton,Manchester City,H,0,0.38191751709881006,0.2619411155323446,0.3561413673688452,1.343514952915853,1.2881987241512143
2016-05-01,2015-16,Swansea,Liverpool,H,0,0.255364151988419,0.25171121391700835,0.4929246340945726,1.059628028784171,1.5754135565110028
2016-05-02,2015-16,Chelsea,Tottenham,D,1,0.3344510856562359,0.25682748267591327,0.40872143166785085,1.2727108056956693,1.4342388685666323
2016-05-07,2015-16,Aston Villa,Newcastle United,D,1,0.29407243336611993,0.2759057736896957,0.43002179294418436,1.0406822814027483,1.319940784748596
2016-05-07,2015-16,Crystal Palace,Stoke,H,0,0.3937651734447498,0.2760132059674443,0.33022162058780596,1.264542870250937,1.1334915321169008
2016-05-07,2015-16,Norwich City,Manchester United,A,2,0.2382770434801095,0.26331916430394586,0.49840379221594466,0.9329653422997402,1.4773327901745903
2016-05-07,2015-16,Bournemouth,West Bromwich Albion,D,1,0.43110883660836863,0.26618844358905525,0.30270271980257607,1.3922833762297089,1.1213597637135886
2016-05-07,2015-16,West Ham,Swansea,A,2,0.579329446937216,0.22176074193670664,0.19890981112607722,1.8960353423974112,1.015778122535751
2016-05-07,2015-16,Sunderland,Chelsea,H,0,0.2980099467827394,0.26087047771513533,0.4411195755021254,1.141560931583208,1.4476802604796561
2016-05-07,2015-16,Leicester City,Everton,H,0,0.7130371162902446,0.17760808469958614,0.10935479901016935,2.2385811389331747,0.7459142864454431
2016-05-08,2015-16,Liverpool,Watford,H,0,0.6393706506817172,0.20931737524284671,0.1513119740754361,1.9701528980958805,0.8354493364375289
2016-05-08,2015-16,Manchester City,Arsenal,D,1,0.4170726881682274,0.26482185652115836,0.3181054553106143,1.3828086596957303,1.1727604410665555
2016-05-08,2015-16,Tottenham,Southampton,A,2,0.5340968346857468,0.2362048536975027,0.22969831161675056,1.7445456310682468,1.059899507737927
2016-05-10,2015-16,West Ham,Manchester United,H,0,0.41117309508056876,0.25595099940847704,0.33287590551095414,1.4458266037176672,1.2751315290923713
2016-05-11,2015-16,Liverpool,Chelsea,D,1,0.5006205137279541,0.24852991937690377,0.2508495668951421,1.609609104745395,1.0632205279367908
2016-05-11,2015-16,Norwich City,Watford,H,0,0.39154236247952656,0.2671424263463124,0.3413152111741611,1.3226576438092494,1.2165041082301669
2016-05-11,2015-16,Sunderland,Everton,H,0,0.4594024977627048,0.25976764986845124,0.280829852368844,1.4773820357236738,1.0955997604247196
2016-05-15,2015-16,Chelsea,Leicester City,D,1,0.2519533287335649,0.23198304851015258,0.5160636227562825,1.185919586451679,1.7934122858822172
2016-05-15,2015-16,Newcastle United,Tottenham,H,0,0.17888152396158638,0.23330009680244546,0.5878183792359681,0.8466024031321527,1.749568891968961
2016-05-15,2015-16,Arsenal,Aston Villa,H,0,0.8225059051361396,0.12579092002362283,0.051703174840237516,2.6121554689738478,0.5116226455867611
2016-05-15,2015-16,Stoke,West Ham,H,0,0.2601142361757942,0.23530487463397856,0.5045808891902273,1.1932469063099043,1.7514090208813535
2016-05-15,2015-16,Everton,Norwich City,H,0,0.43143234948501785,0.2536354866664128,0.31493216384856937,1.4972935225943385,1.2421737758947762
2016-05-15,2015-16,Watford,Sunderland,D,1,0.3702845999741141,0.25540180030617077,0.3743135997197151,1.3710835147163283,1.3798991677462578
2016-05-15,2015-16,West Bromwich Albion,Liverpool,D,1,0.3015131966210647,0.26043063504483044,0.43805616833410493,1.154859667652805,1.4474733447140438
2016-05-15,2015-16,Swansea,Manchester City,D,1,0.3201858837993853,0.2525276114716279,0.4272865047289867,1.2658566329098857,1.5013429980843829
2016-05-15,2015-16,Southampton,Crystal Palace,H,0,0.6625177146623465,0.19866206764138386,0.13882021769626965,2.0689610336649444,0.8231762532863749
2016-05-17,2015-16,Manchester United,Bournemouth,H,0,0.6004931224486789,0.22966350006409963,0.1698433774872214,1.777202992249129,0.8219344076703305
2016-08-13,2016-17,Burnley,Swansea,A,2,0.4369009845830721,0.25650483632172644,0.3065941790952015,1.4793497829451685,1.1967399209216478
2016-08-13,2016-17,Crystal Palace,West Bromwich Albion,A,2,0.377611065158785,0.2718995716554663,0.3504893631857487,1.2628402452984047,1.2062312601825649
2016-08-13,2016-17,Everton,Tottenham,D,1,0.24535939613492744,0.23140140568244513,0.5232391981826275,1.1623960279920833,1.8010280723460879
2016-08-13,2016-17,Hull,Leicester City,H,0,0.2415751621664254,0.2374342815809475,0.520990556252627,1.1015214230348205,1.7308297217209718
2016-08-13,2016-17,Manchester City,Sunderland,H,0,0.5656480564294069,0.23572660316844804,0.1986253404021451,1.739178996256898,0.9251235598948944
2016-08-13,2016-17,Southampton,Watford,D,1,0.6346606242293023,0.19867536133720876,0.16666401443348908,2.1452701528458284,1.0029492001406488
2016-08-14,2016-17,Arsenal,Liverpool,A,2,0.5325263204143518,0.24869682431064477,0.2187768552750036,1.6152743191006997,0.9377017724427528
2016-08-14,2016-17,Bournemouth,Manchester United,A,2,0.28402506883335493,0.26393502128762925,0.45203990987901577,1.0799791854379073,1.4353936061254844
2016-08-15,2016-17,Chelsea,West Ham,H,0,0.39120863906086717,0.24745265391347815,0.36133870702565474,1.485116688894644,1.4181637602431836
2016-08-19,2016-17,Manchester United,Southampton,H,0,0.4331957001486056,0.2505597268602034,0.3162445729911911,1.5279587937422598,1.269457121672182
2016-08-20,2016-17,Leicester City,Arsenal,D,1,0.5125627512939563,0.23876905118707042,0.24866819751897318,1.7146407149348597,1.1210299670063975
2016-08-20,2016-17,Burnley,Liverpool,H,0,0.3162334185744203,0.2611309687353921,0.4226356126901876,1.1923844194999669,1.4204820133035791
2016-08-20,2016-17,West Bromwich Albion,Everton,A,2,0.4731800742011873,0.25551905031599076,0.2713008754828219,1.5269035640992938,1.0912131644649121
2016-08-20,2016-17,Stoke,Manchester City,A,2,0.2834936287550155,0.2538205743348151,0.4626857969101694,1.1429810172669796,1.5327649268113404
2016-08-20,2016-17,Watford,Chelsea,A,2,0.3302860065254218,0.26410417728276825,0.40560981619180997,1.2096921082613823,1.3700907556512893
2016-08-20,2016-17,Tottenham,Crystal Palace,H,0,0.6296356334273328,0.21423103520358527,0.15613333136908195,1.9228804039731362,0.8343928219117548
2016-08-20,2016-17,Swansea,Hull,A,2,0.4629809726184547,0.2524955663846822,0.28452346099686304,1.545206380538855,1.15544747857957
2016-08-21,2016-17,Sunderland,Middlesbrough,A,2,0.3420951242053075,0.26120447075091807,0.3967004050437744,1.2599768242233866,1.377323153969309
2016-08-21,2016-17,West Ham,Bournemouth,H,0,0.5951514643530044,0.2241983676480783,0.1806501679989173,1.847848190302334,0.906866349713161
2016-08-27,2016-17,Chelsea,Burnley,H,0,0.5617589095331905,0.24107003663024168,0.1971710538365678,1.6845467006930228,0.8886548502703485
2016-08-27,2016-17,Crystal Palace,Bournemouth,D,1,0.43625478044154836,0.2701033639472712,0.29364185561118045,1.3693687719534675,1.0720339481309906
2016-08-27,2016-17,Everton,Stoke,H,0,0.47259324645201073,0.24832860338004087,0.27907815016794846,1.5935478445158466,1.1663328064843952
2016-08-27,2016-17,Hull,Manchester United,A,2,0.3456842554106504,0.2658428065945192,0.3884729379948305,1.2358284562994697,1.3266092889692507
2016-08-27,2016-17,Leicester City,Swansea,H,0,0.5984350376639906,0.2151740237147373,0.186390938621272,1.9622346727700366,0.996343759181666
2016-08-27,2016-17,Southampton,Sunderland,D,1,0.5768796081603239,0.2263007215391814,0.19681967030049474,1.8406431579706424,0.9746355213749462
2016-08-27,2016-17,Tottenham,Liverpool,D,1,0.4949802547816301,0.24900994939421167,0.25600979582415817,1.6022159014404864,1.0792691962454748
2016-08-27,2016-17,Watford,Arsenal,A,2,0.2626063569294055,0.25559101877471335,0.4818026242958812,1.0610739629349693,1.5329023367526717
2016-08-28,2016-17,Manchester City,West Ham,H,0,0.477685704881227,0.24598583683165348,0.2763284582871195,1.620893754342859,1.1736095946933804
2016-08-28,2016-17,West Bromwich Albion,Middlesbrough,D,1,0.39872957451660285,0.26743588135859947,0.3338345441247976,1.3332228085378806,1.196252545725965
2016-09-10,2016-17,Liverpool,Leicester City,H,0,0.34261145954459354,0.2580621166620917,0.3993264237933148,1.2845047075021816,1.4074956612779435
2016-09-10,2016-17,Arsenal,Southampton,H,0,0.5409950785140771,0.24311068340954856,0.2158942380763743,1.6697894832356313,0.957621578065738
2016-09-10,2016-17,Bournemouth,West Bromwich Albion,H,0,0.3437092808341951,0.2695746931440058,0.38671602602179905,1.2059447430859247,1.2962486511971123
2016-09-10,2016-17,Burnley,Hull,D,1,0.3842436352828666,0.2723131633460322,0.3434432013711011,1.272569055125828,1.1875284972760263
2016-09-10,2016-17,Middlesbrough,Crystal Palace,A,2,0.532495612872071,0.24828626583792782,0.21921812129000112,1.6191989729874432,0.9417540964792366
2016-09-10,2016-17,Stoke,Tottenham,A,2,0.25827727053268407,0.2486345765929349,0.493088152874381,1.090061730069286,1.6048371622430813
2016-09-10,2016-17,West Ham,Watford,A,2,0.5769050064320691,0.2281669135381622,0.19492808002976866,1.8179479319961669,0.953453865399592
2016-09-10,2016-17,Manchester United,Manchester City,A,2,0.4326053341622935,0.2564905501696865,0.31090411566802,1.473705699728897,1.2095612309692902
2016-09-11,2016-17,Swansea,Chelsea,D,1,0.2825642096003639,0.2490601570477499,0.46837563335188626,1.1730606919684199,1.5827573864613231
2016-09-12,2016-17,Sunderland,Everton,A,2,0.3682910600979709,0.2588206885426044,0.37288825135942455,1.3392914419103918,1.3492489281220559
2016-09-16,2016-17,Chelsea,Liverpool,A,2,0.4891500969156017,0.2501155347126598,0.2607343683717385,1.5882853159486967,1.0892633763157882
2016-09-17,2016-17,Manchester City,Bournemouth,H,0,0.7308493522972386,0.16814932953030812,0.10100131817245339,2.3325866745335166,0.7390615011429216
2016-09-17,2016-17,Everton,Middlesbrough,H,0,0.5258122299544387,0.24749001758816894,0.22669775245739243,1.62653084594625,0.9762346975101066
2016-09-17,2016-17,Hull,Arsenal,A,2,0.2919116081016578,0.25839047326371745,0.4496979186346249,1.1392776294213538,1.4787273917196808
2016-09-17,2016-17,West Bromwich Albion,West Ham,H,0,0.38767131985341835,0.26566120024388884,0.3466674799026928,1.3264592924135055,1.239416802319255
2016-09-17,2016-17,Leicester City,Burnley,H,0,0.6124884281077893,0.22391991168311814,0.1635916602090925,1.8287759130103824,0.8207220204153178
2016-09-18,2016-17,Crystal Palace,Stoke,H,0,0.4802871796404516,0.25576308819643323,0.2639497321631153,1.5302742920266392,1.0646418710482575
2016-09-18,2016-17,Southampton,Swansea,H,0,0.5176008072880405,0.249935972162483,0.2324632205494764,1.601742816142598,0.9846086590763963
2016-09-18,2016-17,Tottenham,Sunderland,H,0,0.6453308748579893,0.20428665456042294,0.1503824705815878,2.0292259569944107,0.8607661239702532
2016-09-18,2016-17,Watford,Manchester United,H,0,0.26146524813561606,0.2536520764845971,0.4848826753797869,1.0691764521864409,1.5525311363143723
2016-09-24,2016-17,Manchester United,Leicester City,H,0,0.4088046452345142,0.26008573083344955,0.33110962393203625,1.40731270670827,1.2399695085037745
2016-09-24,2016-17,Liverpool,Hull,H,0,0.6067723600704997,0.21979274538789473,0.1734348945416055,1.8881837770490435,0.8960624399087057
2016-09-24,2016-17,Arsenal,Chelsea,H,0,0.4957491153717593,0.2445638562112176,0.2596870284170231,1.6468660235804669,1.1229339918913832
2016-09-24,2016-17,Bournemouth,Everton,H,0,0.2541226228048066,0.24541345367632605,0.5004639235188674,1.0960772129876457,1.6404418889662997
2016-09-24,2016-17,Stoke,West Bromwich Albion,D,1,0.3664211876858348,0.26142977861299355,0.3721490337011715,1.315098871998856,1.3274115476793655
2016-09-24,2016-17,Sunderland,Crystal Palace,A,2,0.3841288588475354,0.2630237909168675,0.3528473502355972,1.339558784039501,1.2726424137378707
2016-09-24,2016-17,Swansea,Manchester City,A,2,0.19212942235802233,0.2124809051500634,0.5953896724919143,1.0478078266225581,2.0052774033608767
2016-09-24,2016-17,Middlesbrough,Tottenham,A,2,0.26753911472228514,0.2608246831022727,0.4716362021754422,1.0461100081985781,1.479787239506045
2016-09-25,2016-17,West Ham,Southampton,A,2,0.3801422027139551,0.2640610776017019,0.355796719684343,1.323871368606475,1.2719394692598711
2016-09-26,2016-17,Burnley,Watford,H,0,0.39689082501103695,0.2719822649926717,0.3311269099962913,1.2973934582659163,1.1603093604222001
2016-09-30,2016-17,Everton,Crystal Palace,D,1,0.5336607791444468,0.24020456352780775,0.2261346573277454,1.7008304029060761,1.0183731829401714
2016-10-01,2016-17,Sunderland,West Bromwich Albion,D,1,0.36808849808717353,0.2616962086580409,0.3702152932547856,1.316705086764334,1.3212734147064646
2016-10-01,2016-17,Hull,Chelsea,A,2,0.28250600185950336,0.24625087051031652,0.4712431276301801,1.1933440577501433,1.612961741754133
2016-10-01,2016-17,Swansea,Liverpool,A,2,0.19640135490434996,0.2167960306604652,0.5868026144351849,1.038509776462802,1.9549403102244935
2016-10-01,2016-17,West Ham,Middlesbrough,D,1,0.46650566587785736,0.2590958728104713,0.2743984613116712,1.4898862201488092,1.0790425939101338
2016-10-01,2016-17,Watford,Bournemouth,D,1,0.4902590427158712,0.2551227810412925,0.25461817624283634,1.5426393500285147,1.0359748444063106
2016-10-02,2016-17,Burnley,Arsenal,A,2,0.21482007344340256,0.2444161658605038,0.5407637606960937,0.945591255049216,1.6566392224965698
2016-10-02,2016-17,Leicester City,Southampton,D,1,0.46038185922344843,0.2562130104563402,0.2834051303202112,1.50905625572027,1.1267002221711537
2016-10-02,2016-17,Manchester United,Stoke,D,1,0.6583033241449153,0.20153227642516536,0.14016439942991937,2.0368252964022124,0.8141944292620423
2016-10-02,2016-17,Tottenham,Manchester City,H,0,0.3898888611425168,0.2465865468936319,0.36352459196385134,1.490535573846302,1.4312745735088155
2016-10-15,2016-17,Crystal Palace,West Ham,A,2,0.4743656498573044,0.2513474114188992,0.2742869387237963,1.5660866847275854,1.128799250287064
2016-10-15,2016-17,Arsenal,Swansea,H,0,0.7386310313298539,0.1606265516801691,0.10074241698997699,2.4510354575590982,0.7898999285816088
2016-10-15,2016-17,Chelsea,Leicester City,H,0,0.4565800713276531,0.2576862693091482,0.28573365936319867,1.4922920324750575,1.1245071945246996
2016-10-15,2016-17,Stoke,Sunderland,H,0,0.4554435716471837,0.25507502028776446,0.2894814080650518,1.5140604723793147,1.1538509453131345
2016-10-15,2016-17,Manchester City,Everton,D,1,0.5906182897697572,0.21863039287868002,0.1907513173515627,1.925114034542732,0.9954117492440376
2016-10-15,2016-17,West Bromwich Albion,Tottenham,D,1,0.24271133094175446,0.24931641919370637,0.5079722498645393,1.027601287448466,1.6049260460091646
2016-10-15,2016-17,Bournemouth,Hull,H,0,0.4505960042103547,0.25880537139946497,0.2905986243901804,1.476196438781954,1.1324814359762725
2016-10-16,2016-17,Middlesbrough,Watford,A,2,0.4135712840266929,0.27539218688376155,0.31103652908954565,1.3004856025697988,1.0890805468108231
2016-10-16,2016-17,Southampton,Burnley,H,0,0.6029426897267542,0.22895614620399365,0.16810116406925213,1.7823872108973484,0.8169926683300957
2016-10-17,2016-17,Liverpool,Manchester United,D,1,0.4960619269258811,0.23362428274791222,0.2703137903262067,1.7676089155118058,1.247603398487471
2016-10-22,2016-17,Swansea,Watford,D,1,0.37651617724620035,0.25483556480282615,0.3686482579509735,1.3893305878822746,1.3720861723468147
2016-10-22,2016-17,West Ham,Sunderland,H,0,0.5507230447346029,0.2319962956518834,0.2172806596135136,1.7886993965345235,1.0335886925968794
2016-10-22,2016-17,Arsenal,Middlesbrough,D,1,0.7339530782023839,0.168813394540526,0.09723352725709017,2.301039039088705,0.703115094883024
2016-10-22,2016-17,Bournemouth,Tottenham,D,1,0.2355062326987666,0.239063834750487,0.5254299325507463,1.0650361388667204,1.7132031179298008
2016-10-22,2016-17,Burnley,Everton,H,0,0.3209319480921901,0.26692884600649935,0.4121392059013106,1.1665524814292105,1.3590841051642308
2016-10-22,2016-17,Hull,Stoke,A,2,0.34851178784322445,0.25577164739878444,0.39571656475799105,1.3169067894426356,1.4200042574361922
2016-10-22,2016-17,Leicester City,Crystal Palace,H,0,0.5053770850806292,0.24885420050949777,0.2457687144098732,1.6084323534097789,1.0420515162209136
2016-10-22,2016-17,Liverpool,West Bromwich Albion,H,0,0.6501835569551038,0.19984225895305668,0.1499741840918396,2.085235967876698,0.8873028710358036
2016-10-23,2016-17,Chelsea,Manchester United,H,0,0.44862360415455405,0.2550943549687526,0.29628204087669335,1.506284623059074,1.175183498765423
2016-10-23,2016-17,Manchester City,Southampton,D,1,0.5078827885777003,0.2344421353819927,0.25767507604030687,1.7624764061110585,1.1901654951989664
2016-10-29,2016-17,Crystal Palace,Liverpool,A,2,0.24224804267030878,0.23826109814147736,0.5194908591882139,1.0984618775069594,1.7214894648497225
2016-10-29,2016-17,Manchester United,Burnley,D,1,0.6114919378883837,0.22051659097942775,0.16799147113218849,1.8720555508948258,0.8628223209229497
2016-10-29,2016-17,Middlesbrough,Bournemouth,H,0,0.41875932852583353,0.2767500393312319,0.30449063214293454,1.2988075145640836,1.0642241047099845
2016-10-29,2016-17,Sunderland,Arsenal,A,2,0.14452339934215455,0.19306726506944405,0.6624093355884014,0.8983390123673999,2.161080724928534
2016-10-29,2016-17,Tottenham,Leicester City,D,1,0.5438067894107944,0.2443171056773171,0.21187610491188852,1.657175145501595,0.9338521781915715
2016-10-29,2016-17,Watford,Hull,H,0,0.5367141830614869,0.24913532655771173,0.2141504903808013,1.6110664820799219,0.9166950793626043
2016-10-29,2016-17,West Bromwich Albion,Manchester City,A,2,0.21010506818899968,0.23032095533489216,0.5595739764761082,1.0117834019190495,1.8042824336571452
2016-10-30,2016-17,Everton,West Ham,H,0,0.44026770899031403,0.2678489966897501,0.2918832943199358,1.3912503573197808,1.080139461206086
2016-10-30,2016-17,Southampton,Chelsea,A,2,0.45092085146071337,0.2521516549031587,0.29692749363612786,1.5356510891597954,1.1980575751583795
2016-10-31,2016-17,Stoke,Swansea,H,0,0.4979139193919204,0.24545699283502492,0.2566290877730547,1.6388350803260967,1.105258462353392
2016-11-05,2016-17,Bournemouth,Sunderland,A,2,0.565304104831124,0.23674532922221192,0.19795056594666413,1.728287126444215,0.9161756409293121
2016-11-05,2016-17,Burnley,Crystal Palace,H,0,0.4300311506251745,0.2597330594180127,0.3102357899568127,1.4425804088953742,1.1849852592910537
2016-11-05,2016-17,Chelsea,Everton,H,0,0.5940555630100998,0.22913745245478537,0.17680698453511492,1.7902417364962566,0.8590817157841615
2016-11-05,2016-17,Manchester City,Middlesbrough,D,1,0.6552887962691658,0.2055118013609989,0.13919940236983544,1.9863537860783413,0.7850171607355002
2016-11-05,2016-17,West Ham,Stoke,D,1,0.3867913956126962,0.2633284402827034,0.3498801641046004,1.3423693826495013,1.2634882167567936
2016-11-06,2016-17,Hull,Southampton,H,0,0.2087410090605425,0.23310456315818773,0.5581544277812698,0.9873282066712529,1.7725280936103414
2016-11-06,2016-17,Liverpool,Watford,H,0,0.6569332713839573,0.2041810991817259,0.1388856294343169,2.0012753335179156,0.7906590853811829
2016-11-06,2016-17,Arsenal,Tottenham,D,1,0.4957551656076845,0.24875766517033696,0.25548716922197856,1.6050625733811175,1.0789866605875105
2016-11-06,2016-17,Swansea,Manchester United,A,2,0.2511011121074564,0.23400158842707008,0.5148972994654735,1.1665232280853306,1.7692449704385886
2016-11-06,2016-17,Leicester City,West Bromwich Albion,A,2,0.5587808657529478,0.2396180659127285,0.20160106833432365,1.700869720700823,0.91616344520435
2016-11-19,2016-17,Southampton,Liverpool,D,1,0.33690307640760053,0.25534177861969,0.40775514497270954,1.2904876796293283,1.4452889088770244
2016-11-19,2016-17,Everton,Swansea,D,1,0.4939382239517676,0.2506939704535977,0.25536780559463473,1.585543252895402,1.0660757985595686
2016-11-19,2016-17,Manchester United,Arsenal,D,1,0.373995165661999,0.2604873323382617,0.3655175019997393,1.3385577160202198,1.3202844714432822
2016-11-19,2016-17,Crystal Palace,Manchester City,A,2,0.1975595384274587,0.22539047234602935,0.577049989226512,0.9842633070576063,1.851773157916076
2016-11-19,2016-17,Stoke,Bournemouth,A,2,0.4706346075460791,0.25181175264881756,0.27755363980510345,1.5585981381690985,1.1368032914653978
2016-11-19,2016-17,Sunderland,Hull,H,0,0.3973481194506821,0.2715340879105823,0.33111779263873553,1.3013177175589339,1.163096727139842
2016-11-19,2016-17,Watford,Leicester City,H,0,0.34485522530322565,0.27604234168848507,0.3791024330082893,1.1673510371236295,1.238036655077177
2016-11-19,2016-17,Tottenham,West Ham,H,0,0.6115424960282899,0.2265256658750876,0.16193183809662245,1.79942191273479,0.7985284279900088
2016-11-20,2016-17,Middlesbrough,Chelsea,A,2,0.23564030903450045,0.2502739033259591,0.5140857876395405,0.9948660301872472,1.5976862432520755
2016-11-21,2016-17,West Bromwich Albion,Burnley,H,0,0.4229896642956848,0.26202739365237804,0.3149829420519371,1.4137389526811797,1.1828205469297548
2016-11-26,2016-17,Leicester City,Middlesbrough,D,1,0.5139460781897393,0.2539910637996008,0.23206285801065993,1.5633216887639556,0.9600510353560726
2016-11-26,2016-17,Liverpool,Sunderland,H,0,0.7679360667389555,0.15077085485740266,0.08129307840364182,2.473641722699745,0.6746813999733801
2016-11-26,2016-17,Burnley,Manchester City,A,2,0.19069945995410206,0.21961301648616535,0.5896875235597325,0.9883412565564438,1.9130770126435377
2016-11-26,2016-17,Chelsea,Tottenham,H,0,0.48795024985600755,0.25448334342240797,0.25756640672158443,1.5469737004019444,1.0502847122404093
2016-11-26,2016-17,Hull,West Bromwich Albion,D,1,0.3745381166476632,0.27428428076315836,0.3511776025891785,1.2408657216495922,1.192415643166712
2016-11-26,2016-17,Swansea,Crystal Palace,H,0,0.4433077860773376,0.2548463951602575,0.3018458187624049,1.502125852811672,1.1941196263978886
2016-11-27,2016-17,Manchester United,West Ham,D,1,0.568520344815501,0.24024986065601708,0.1912297945284819,1.6896314220019752,0.8667450040995562
2016-11-27,2016-17,Arsenal,Bournemouth,H,0,0.6251541694585235,0.20940539043179043,0.16544044010968603,1.9987567834509703,0.9177201573926539
2016-11-27,2016-17,Watford,Stoke,A,2,0.3798310862258887,0.2706984789294536,0.3494704348446578,1.2753821485101315,1.2118094470704888
2016-11-27,2016-17,Southampton,Everton,H,0,0.5264277877926469,0.248367405984699,0.22520480622265407,1.6181010289957238,0.9652192544568985
2016-12-03,2016-17,Crystal Palace,Southampton,H,0,0.26205528217207397,0.24705454076368807,0.490890177064238,1.114535247899198,1.6191154535943073
2016-12-03,2016-17,Manchester City,Chelsea,A,2,0.4684751154539121,0.2596446407260107,0.2718802438200773,1.4869891379218871,1.0674442706450151
2016-12-03,2016-17,Stoke,Burnley,H,0,0.5118473639502253,0.2549954958278501,0.23315714022192452,1.5536779819212654,0.9586102371676822
2016-12-03,2016-17,Sunderland,Leicester City,H,0,0.24848228659933283,0.2529423930760526,0.4985753203246146,1.027033788060239,1.566948616159061
2016-12-03,2016-17,Tottenham,Swansea,H,0,0.6337500064053333,0.21030923065030063,0.15594076294436612,1.9682790642931465,0.856561612880739
2016-12-03,2016-17,West Bromwich Albion,Watford,H,0,0.4588199982451768,0.26825155113256327,0.2729284506222599,1.4086599180120247,1.0208432250627402
2016-12-03,2016-17,West Ham,Arsenal,A,2,0.2514546972684342,0.2517433188761378,0.4968019838554281,1.0452118834433053,1.5771790990394714
2016-12-04,2016-17,Bournemouth,Liverpool,H,0,0.19642020990479458,0.216271834462535,0.5873079556326705,1.0425050002219567,1.9616610908834733
2016-12-04,2016-17,Everton,Manchester United,D,1,0.3148245580467986,0.2681886370339435,0.4169868049192579,1.1423036284333312,1.3570701622552401
2016-12-05,2016-17,Middlesbrough,Hull,H,0,0.4584394342277634,0.2679146018491935,0.2736459639230431,1.4108592088611158,1.0249318617731735
2016-12-10,2016-17,Arsenal,Stoke,H,0,0.6351415081938651,0.20944317864283568,0.15541531316329935,1.9775439935443015,0.8587905817073712
2016-12-10,2016-17,Burnley,Bournemouth,H,0,0.35562809811186175,0.25127118267230414,0.39310071921583406,1.3710810482765279,1.4540687774534105
2016-12-10,2016-17,Hull,Crystal Palace,D,1,0.4132190370916232,0.26287982846162355,0.3239011344467531,1.3920441412522206,1.2013227406077356
2016-12-10,2016-17,Leicester City,Manchester City,H,0,0.29041108053868353,0.2579809168613684,0.45160800259994804,1.137311014929796,1.484387931730293
2016-12-10,2016-17,Swansea,Sunderland,H,0,0.45252050929850085,0.2518596314058793,0.29561985929561985,1.5401672258830286,1.1960007301831146
2016-12-10,2016-17,Watford,Everton,H,0,0.39442479889947785,0.2680947454264459,0.3374804556740763,1.3208588591602586,1.2008527414480854
2016-12-11,2016-17,Chelsea,West Bromwich Albion,H,0,0.6347490094786287,0.21611316954673115,0.14913782097464026,1.8885581837958683,0.784822831106999
2016-12-11,2016-17,Liverpool,West Ham,D,1,0.6970934227902843,0.18181358496555194,0.12109299224416376,2.2324197025998567,0.8083974604647832
2016-12-11,2016-17,Manchester United,Tottenham,H,0,0.3594078238259482,0.2663341023108666,0.37425807386318516,1.2638271548191913,1.2953060380359327
2016-12-11,2016-17,Southampton,Middlesbrough,H,0,0.521143322607928,0.2500194880758969,0.2288371893161752,1.6016484645688798,0.9700465938510224
2016-12-13,2016-17,Bournemouth,Leicester City,H,0,0.3318595924182557,0.25202287524169104,0.4161175323400534,1.3027929901642792,1.4886095502223546
2016-12-13,2016-17,Everton,Arsenal,H,0,0.2135306839364755,0.23595480953902498,0.5505145065244994,0.9908463547110435,1.743585614621709
2016-12-14,2016-17,Tottenham,Hull,H,0,0.6949061776285653,0.18663722812770578,0.11845659424372897,2.15505553489835,0.7582167528439562
2016-12-14,2016-17,West Bromwich Albion,Swansea,H,0,0.49287804609309505,0.255750398835565,0.25137155507134,1.5385655685273025,1.0207125996928617
2016-12-14,2016-17,Crystal Palace,Manchester United,A,2,0.275784912517173,0.2542087083508776,0.4700063791319494,1.1147870432605058,1.5359917550875335
2016-12-14,2016-17,Manchester City,Watford,H,0,0.6538913763522216,0.20204926606252058,0.14405935758525779,2.040960053012087,0.8355312523843498
2016-12-14,2016-17,Middlesbrough,Liverpool,A,2,0.21597234033727164,0.2345503437601984,0.5494773159025299,1.0107294805817322,1.7597107513616819
2016-12-14,2016-17,Stoke,Southampton,D,1,0.37289195746140835,0.2717228001462164,0.3553852423923751,1.254787548786125,1.2182249292884455
2016-12-14,2016-17,Sunderland,Chelsea,A,2,0.16919786101627504,0.22338114042685045,0.6074209985568745,0.852753843675853,1.842312623264698
2016-12-14,2016-17,West Ham,Burnley,H,0,0.4155350754475673,0.26055917098434106,0.32390575356809154,1.4143310480348015,1.217394633751657
2016-12-17,2016-17,Stoke,Leicester City,D,1,0.3543047589904794,0.27042506194610494,0.3752701790634157,1.2244539208916012,1.2683929758670318
2016-12-17,2016-17,Crystal Palace,Chelsea,A,2,0.18918713626139905,0.2289180062682061,0.5818948574703948,0.9209386613909472,1.804690707831448
2016-12-17,2016-17,Middlesbrough,Swansea,H,0,0.43218553262270903,0.25732240566552717,0.31049206171176386,1.465945951930642,1.202464008460167
2016-12-17,2016-17,West Ham,Hull,H,0,0.5115936417159984,0.2456238489789995,0.2427825093050021,1.6423250334062598,1.0510780662138324
2016-12-17,2016-17,Sunderland,Watford,H,0,0.34728841433289176,0.2757752655948503,0.37693632007225786,1.1744451021410272,1.235686354191465
2016-12-17,2016-17,West Bromwich Albion,Manchester United,A,2,0.3490651123448076,0.28162411691772044,0.36931077073747204,1.143135664592473,1.1843304198244466
2016-12-18,2016-17,Bournemouth,Southampton,A,2,0.34378182478035835,0.25903653220439704,0.3971816430152446,1.2801311446714936,1.3956162547778583
2016-12-18,2016-17,Manchester City,Arsenal,H,0,0.4067083077338719,0.2554234868364021,0.337868205429726,1.442781668409351,1.2923991206343761
2016-12-18,2016-17,Tottenham,Burnley,H,0,0.6875720721716233,0.1878971257331706,0.1245308020952061,2.161872333492261,0.7938105607439466
2016-12-19,2016-17,Everton,Liverpool,A,2,0.2694391441417321,0.25214911886423763,0.47841173699403033,1.1066958802336069,1.5617688814973771
2016-12-26,2016-17,Arsenal,West Bromwich Albion,H,0,0.6322518343535489,0.21017099465253555,0.1575771709939155,1.9733403913325829,0.8669397285063617
2016-12-26,2016-17,Burnley,Middlesbrough,H,0,0.4174818190986419,0.2681281428720625,0.31439003802929566,1.3582620729874444,1.1415181543917121
2016-12-26,2016-17,Chelsea,Bournemouth,H,0,0.6810734788175059,0.19409088223800605,0.12483563894448814,2.08248696362225,0.7584090281070494
2016-12-26,2016-17,Hull,Manchester City,A,2,0.1770347111274333,0.21796351404165115,0.6050017748309156,0.9267736732987534,1.9146664948615206
2016-12-26,2016-17,Leicester City,Everton,A,2,0.549306984314961,0.2365767869808164,0.21411622870422256,1.7371079421078701,0.9895255223043409
2016-12-26,2016-17,Manchester United,Sunderland,H,0,0.6640883657497003,0.2063114002012122,0.1296002340490875,1.9525089614738533,0.7225494713352653
2016-12-26,2016-17,Swansea,West Ham,A,2,0.35611553776309585,0.25458832382034663,0.38929613841655747,1.3449443684938147,1.4176967449276139
2016-12-26,2016-17,Watford,Crystal Palace,D,1,0.4886307994404277,0.2538534240419007,0.2575157765176716,1.5531135476423534,1.0539834211445875
2016-12-27,2016-17,Liverpool,Stoke,H,0,0.6255678296030291,0.21585533597487452,0.15857683442209636,1.9089362583407643,0.8386821176617801
2016-12-28,2016-17,Southampton,Tottenham,A,2,0.357849532590931,0.26366134950642556,0.37848911790264345,1.2794908159326854,1.3235699047264282
2016-12-30,2016-17,Hull,Everton,D,1,0.29358902000237147,0.25971127866429167,0.4466997013333369,1.1357734297851148,1.4640642988932495
2016-12-31,2016-17,Burnley,Sunderland,H,0,0.5140962590739386,0.2547740474657406,0.2311296934603208,1.5563369527760729,0.9522352883339226
2016-12-31,2016-17,Chelsea,Stoke,H,0,0.6466036309269542,0.21249649609625545,0.14089987297679035,1.9112192740053364,0.7572903587366488
2016-12-31,2016-17,Leicester City,West Ham,H,0,0.4361030640832882,0.2528053878568121,0.31109154805989964,1.5112260723337485,1.2369694271204843
2016-12-31,2016-17,Liverpool,Manchester City,H,0,0.45222384437809365,0.2556297066342963,0.2921464489876101,1.505615292865275,1.1585276094957477
2016-12-31,2016-17,Manchester United,Middlesbrough,H,0,0.6120823825729143,0.22703455433484293,0.16088306309224285,1.7928454777418954,0.7906147844799091
2016-12-31,2016-17,Southampton,West Bromwich Albion,A,2,0.523753580125823,0.25550122090834765,0.22074519896582942,1.552102001774755,0.9090634306585519
2016-12-31,2016-17,Swansea,Bournemouth,A,2,0.3644910398234882,0.25891084028006783,0.37659811989644404,1.3301575276725888,1.3563733962795617
2017-01-01,2016-17,Arsenal,Crystal Palace,H,0,0.7106924310050134,0.17753820640080234,0.11176936259418424,2.2511434085477555,0.7651533852411698
2017-01-01,2016-17,Watford,Tottenham,A,2,0.1986366891173033,0.22980159249674323,0.5715617183859535,0.9610281081292682,1.8027110322222504
2017-01-02,2016-17,Everton,Southampton,H,0,0.39551201154241317,0.2775257312847768,0.3269622571728101,1.2575130231318572,1.1167240967939893
2017-01-02,2016-17,Manchester City,Burnley,H,0,0.602452129397946,0.2247455142511448,0.17280235635090907,1.8322735411266287,0.8635875478907384
2017-01-02,2016-17,Middlesbrough,Leicester City,D,1,0.323134203788056,0.26729740810396874,0.40956838810797525,1.1699348221987433,1.3522524256774304
2017-01-02,2016-17,Sunderland,Liverpool,D,1,0.14537554194473895,0.2106046265935254,0.6440198314617357,0.7933098793360803,1.9421272243694938
2017-01-02,2016-17,West Bromwich Albion,Hull,H,0,0.5430499656094007,0.24745421573044096,0.2094958186601583,1.6265502621030055,0.9067435621659901
2017-01-02,2016-17,West Ham,Manchester United,A,2,0.31644612104729325,0.2586579121544282,0.4248959667982784,1.2101414009462574,1.4442650999285487
2017-01-03,2016-17,Bournemouth,Arsenal,D,1,0.23009392717495306,0.2467664436565623,0.5231396291684846,0.9940293857547994,1.633313386148045
2017-01-03,2016-17,Crystal Palace,Swansea,A,2,0.44719507388699636,0.2626931964052815,0.29011172970772214,1.439993478385732,1.106166696343164
2017-01-03,2016-17,Stoke,Watford,H,0,0.4819484633133956,0.2560113920844857,0.26204014460211866,1.5292674537669246,1.0565335329094176
2017-01-04,2016-17,Tottenham,Chelsea,H,0,0.4312548279640241,0.2654906211933138,0.303254550842662,1.3978873218599748,1.1272865185467609
2017-01-14,2016-17,Burnley,Southampton,H,0,0.4036235969095152,0.2783194602411934,0.31805694284929137,1.2655521857939125,1.0903113922081005
2017-01-14,2016-17,Hull,Bournemouth,H,0,0.32544753502691776,0.2665972640893288,0.40795520088375353,1.1805052474126003,1.354915144779509
2017-01-14,2016-17,Leicester City,Chelsea,A,2,0.2668890780627823,0.26460123668379426,0.4685096852534235,1.02218317805932,1.4462334037243383
2017-01-14,2016-17,Sunderland,Stoke,A,2,0.3134629530934238,0.2631687208181389,0.4233683260884373,1.1709674214899977,1.4051527414381886
2017-01-14,2016-17,Swansea,Arsenal,A,2,0.17976312444637801,0.225147226294551,0.595089649259071,0.8966764837157922,1.8363017652655775
2017-01-14,2016-17,Tottenham,West Bromwich Albion,H,0,0.6719043688337014,0.19760002514529684,0.1304956060210018,2.0571665444499474,0.7755017453843466
2017-01-14,2016-17,Watford,Middlesbrough,D,1,0.3920022931146038,0.27242712033251015,0.3355705865528861,1.2858119546035507,1.1682811490930172
2017-01-14,2016-17,West Ham,Crystal Palace,H,0,0.6138304849285292,0.2216265260855884,0.1645429889858824,1.8547236182436289,0.8382501572910568
2017-01-15,2016-17,Everton,Manchester City,H,0,0.3034799349804907,0.27126323854268364,0.42525682647682567,1.0928458498672435,1.346371490540099
2017-01-15,2016-17,Manchester United,Liverpool,D,1,0.4405593722754928,0.2626566415462596,0.2967839861782474,1.4323699681273425,1.1264044357559924
2017-01-21,2016-17,Liverpool,Swansea,A,2,0.7550395999235063,0.15932120796272878,0.08563919211376493,2.3698612415434037,0.6609235709471657
2017-01-21,2016-17,Bournemouth,Watford,D,1,0.4956399444682312,0.2549963789091684,0.24936367662260042,1.5468102140996611,1.0179813512777736
2017-01-21,2016-17,Middlesbrough,West Ham,A,2,0.3470152476808456,0.2681490636610853,0.38483568865806916,1.223187548164517,1.3029240149785957
2017-01-21,2016-17,Crystal Palace,Everton,A,2,0.2668253979891489,0.2693283113963214,0.4638462906145297,0.9960058412226351,1.4053098222806224
2017-01-21,2016-17,Stoke,Manchester United,D,1,0.2776065659982097,0.25521852663012623,0.46717490737166417,1.1142408183821166,1.524374499045349
2017-01-21,2016-17,West Bromwich Albion,Sunderland,H,0,0.5309540256682062,0.24871094022296653,0.2203350341088273,1.6151001032454548,0.9438659060095796
2017-01-21,2016-17,Manchester City,Tottenham,D,1,0.3601160032701782,0.2726887429801633,0.36719525374965856,1.2220608223758367,1.2368084038544391
2017-01-22,2016-17,Arsenal,Burnley,H,0,0.6440071410159953,0.21194474576390698,0.14404811322009778,1.9241284607680855,0.7783011357505377
2017-01-22,2016-17,Chelsea,Hull,H,0,0.7507046072883939,0.16447992580466092,0.08481546690694516,2.289041423812971,0.6237162244576478
2017-01-22,2016-17,Southampton,Leicester City,H,0,0.4371730635299331,0.27641481729289136,0.2864121191771754,1.3254450764478414,1.0165619476288854
2017-01-31,2016-17,Bournemouth,Crystal Palace,A,2,0.5677831368426078,0.23961827698561866,0.1925985861717735,1.696542349046477,0.8762020853357091
2017-01-31,2016-17,Burnley,Leicester City,H,0,0.436058624381335,0.27756636323470874,0.2863750123839562,1.316203286753843,1.01041221355092
2017-01-31,2016-17,Arsenal,Watford,A,2,0.7409567339709212,0.16524007170021232,0.09380319432886641,2.3334727397646424,0.6962624677381967
2017-01-31,2016-17,Liverpool,Chelsea,D,1,0.36410742706585486,0.2722053175444537,0.36368725538969143,1.2336536077777396,1.2327771459627301
2017-01-31,2016-17,Middlesbrough,West Bromwich Albion,D,1,0.367144262827772,0.2817836410198139,0.35107209615241414,1.1791659078593868,1.1464750330064977
2017-01-31,2016-17,Sunderland,Tottenham,D,1,0.1249197743881892,0.1837871492466581,0.6912930763651527,0.8236426328313508,2.2204174688974456
2017-01-31,2016-17,Swansea,Southampton,H,0,0.3149725966817552,0.2647759683034976,0.4202514350147472,1.1645530516703864,1.387935446159915
2017-02-01,2016-17,West Ham,Manchester City,A,2,0.3567165773901967,0.264982553912471,0.37830086869733226,1.2674171832050578,1.313341103644585
2017-02-01,2016-17,Manchester United,Hull,D,1,0.7452465335066158,0.16481573927242,0.08993772722096414,2.315955660925632,0.6655908791172414
2017-02-01,2016-17,Stoke,Everton,D,1,0.35988240974145846,0.27433043738469864,0.3657871528738429,1.210875568809393,1.2231224651728518
2017-02-04,2016-17,Chelsea,Arsenal,H,0,0.47376847220872764,0.26126567437634657,0.26496585341492584,1.4778791243027092,1.0350312546754987
2017-02-04,2016-17,Everton,Bournemouth,H,0,0.5392986807021307,0.2457361949558426,0.2149651243420266,1.6436943215524753,0.9387100036741702
2017-02-04,2016-17,Hull,Liverpool,H,0,0.21599609826455496,0.24987403061585764,0.5341298711195874,0.9201378818595227,1.6041547693793399
2017-02-04,2016-17,Crystal Palace,Sunderland,A,2,0.43913737443957473,0.2729739193925398,0.2878887061678854,1.352014180189564,1.0393314917812209
2017-02-04,2016-17,Tottenham,Middlesbrough,H,0,0.7293719464798593,0.1716875750385835,0.09894047848155726,2.2691760559231535,0.6996112811758763
2017-02-04,2016-17,West Bromwich Albion,Stoke,H,0,0.42215364445159637,0.2718381662079484,0.3060081893404552,1.337886514047346,1.0963603291307475
2017-02-04,2016-17,Watford,Burnley,H,0,0.3624885031548717,0.2696326535066233,0.367878843338505,1.2475935599134553,1.2589165013055412
2017-02-04,2016-17,Southampton,West Ham,A,2,0.43959456799697355,0.2624632600345416,0.2979421719684848,1.4327380883644196,1.1310672638598969
2017-02-05,2016-17,Leicester City,Manchester United,A,2,0.24710633862504855,0.2554874404828528,0.4974062208920986,1.006985822052559,1.543336074616499
2017-02-05,2016-17,Manchester City,Swansea,H,0,0.6801532835972867,0.19848281248514263,0.12136390391757067,2.018112150931008,0.7114719844227807
2017-02-11,2016-17,Arsenal,Hull,H,0,0.6740425722939831,0.19667056309216904,0.12928686461384778,2.0648942162946433,0.7730017826235299
2017-02-11,2016-17,Liverpool,Tottenham,H,0,0.3533255024025107,0.2616208504181654,0.38505364717932383,1.2840230129293637,1.3521676948918098
2017-02-11,2016-17,Manchester United,Watford,H,0,0.6580415240213328,0.20635427114924448,0.13560420482942273,1.9674627892203946,0.7585779323981751
2017-02-11,2016-17,Middlesbrough,Everton,D,1,0.28324492259503015,0.2624475119406507,0.4543075654643191,1.0866056588372535,1.4498628137264233
2017-02-11,2016-17,Stoke,Crystal Palace,H,0,0.556570918294355,0.24036209645107984,0.20306698525456515,1.6939913932053348,0.9184078325534851
2017-02-11,2016-17,Sunderland,Southampton,A,2,0.3170784723453348,0.26689801992698514,0.41602350772768004,1.1565218483621755,1.3653097855648253
2017-02-11,2016-17,West Ham,West Bromwich Albion,D,1,0.44671556374319077,0.26101798561233175,0.2922664506444775,1.4531750518952506,1.123295798712218
2017-02-12,2016-17,Burnley,Chelsea,D,1,0.2183095414130921,0.2520333824463635,0.5296570761405444,0.9177705739467279,1.5839662447720366
2017-02-12,2016-17,Swansea,Leicester City,H,0,0.3942148939672092,0.27703753823929256,0.3287475677934983,1.2585287821607358,1.1238825027634889
2017-02-13,2016-17,Bournemouth,Manchester City,A,2,0.19270071117528348,0.2262772852459252,0.5810220035787914,0.9544812251286029,1.8371929099779436
2017-02-25,2016-17,Chelsea,Swansea,H,0,0.7306280409521556,0.17533459202664806,0.09403736702119624,2.193735482875043,0.6400591176384758
2017-02-25,2016-17,Crystal Palace,Middlesbrough,H,0,0.40577725003304244,0.27754956384898566,0.31667318611797174,1.2740243684379955,1.091206582821453
2017-02-25,2016-17,Everton,Sunderland,H,0,0.6314502681378485,0.2195651076190286,0.14898462424312284,1.8514252660683457,0.7660891504865667
2017-02-25,2016-17,Hull,Burnley,D,1,0.3457096437459451,0.2683946005509477,0.38589575570310714,1.2184882134469237,1.303149926933383
2017-02-25,2016-17,Watford,West Ham,D,1,0.36057761654530684,0.2676925479079206,0.37172983554677264,1.256863932420575,1.2804152930301391
2017-02-25,2016-17,West Bromwich Albion,Bournemouth,H,0,0.5574249158915897,0.2377101241025611,0.2048649600058492,1.7217064414286978,0.9416131955307412
2017-02-26,2016-17,Tottenham,Stoke,H,0,0.6229293057698404,0.2178652867528003,0.15920540747735928,1.8875063226608735,0.8306926727747469
2017-02-27,2016-17,Leicester City,Liverpool,H,0,0.24570216282773297,0.25457317129775203,0.49972466587451503,1.0072306598486402,1.5526622423199952
2017-03-04,2016-17,Leicester City,Hull,H,0,0.49622248450512874,0.25629474287942705,0.24748277261544424,1.535568916104359,1.0036645695315403
2017-03-04,2016-17,Liverpool,Arsenal,H,0,0.36756086425660894,0.25885406081934875,0.3735850749240423,1.3374241017693682,1.3504711626762487
2017-03-04,2016-17,Manchester United,Bournemouth,D,1,0.7577584306490414,0.15615136542621502,0.08609020392474365,2.422486654703895,0.6851666484460972
2017-03-04,2016-17,Stoke,Middlesbrough,H,0,0.5147161851144553,0.2552977544824223,0.22998606040312242,1.551852533754941,0.9450994495949798
2017-03-04,2016-17,Swansea,Burnley,H,0,0.3711824853814881,0.27371125868905305,0.35510625592945877,1.2380591068771856,1.2046627992723737
2017-03-04,2016-17,Watford,Southampton,A,2,0.3467381294362063,0.26780700030884386,0.3854548702549499,1.2248565447952529,1.306558264173943
2017-03-04,2016-17,West Bromwich Albion,Crystal Palace,A,2,0.5910083048781204,0.23225393171940495,0.17673776340247474,1.7581374195508446,0.8418941398507351
2017-03-05,2016-17,Sunderland,Manchester City,A,2,0.11572231106365236,0.18365546113963496,0.7006222277967127,0.7565210767185933,2.183779559549667
2017-03-05,2016-17,Tottenham,Everton,H,0,0.5421871791955208,0.24053549125105872,0.21727732955342047,1.6962569603363606,0.9788049515336047
2017-03-06,2016-17,West Ham,Chelsea,A,2,0.25031593783110134,0.25590950790437456,0.49377455426452416,1.01601976592682,1.5376557280231113
2017-03-08,2016-17,Manchester City,Stoke,D,1,0.6985778506997212,0.18015081676756958,0.12127133253270919,2.2572835911862366,0.821121647954811
2017-03-11,2016-17,Bournemouth,West Ham,H,0,0.3193785992801891,0.26088880053402896,0.41973260018578196,1.2027496611390864,1.4181174683912927
2017-03-11,2016-17,Everton,West Bromwich Albion,H,0,0.48571792513085543,0.2543632336746857,0.25991884119445885,1.5466203775859044,1.0593063477747588
2017-03-11,2016-17,Hull,Swansea,H,0,0.4052973155278431,0.27261062997465607,0.3220920544975009,1.3069345868098774,1.133923170480806
2017-03-12,2016-17,Liverpool,Burnley,H,0,0.6281173721034982,0.2130606011814902,0.15882202671501158,1.941552040783649,0.8564904051957002
2017-03-18,2016-17,Bournemouth,Swansea,H,0,0.44210529089349493,0.2529845582367023,0.30491015086980283,1.517412986073143,1.2169097282293637
2017-03-18,2016-17,Crystal Palace,Watford,H,0,0.429111987762429,0.2700606462375014,0.3008273660000697,1.3604070935693056,1.0925967352267716
2017-03-18,2016-17,Everton,Hull,H,0,0.6098716402879911,0.216393479627923,0.1737348800840859,1.9282761793052745,0.9189445634894976
2017-03-18,2016-17,Stoke,Chelsea,A,2,0.23169153595868167,0.2538160364141536,0.5144924276271647,0.959620573339598,1.5650567449629655
2017-03-18,2016-17,Sunderland,Burnley,D,1,0.31452602482882114,0.2733965357860252,0.4120774393851538,1.109784013331527,1.312041672935471
2017-03-18,2016-17,West Bromwich Albion,Arsenal,H,0,0.2793811838645273,0.2568577798768378,0.4637610362586348,1.1094285622082516,1.5066809784033968
2017-03-18,2016-17,West Ham,Leicester City,A,2,0.41281027201550824,0.26524771753639503,0.3219420104480968,1.372932097010615,1.1802106776282677
2017-03-19,2016-17,Manchester City,Liverpool,D,1,0.5511249860542653,0.23383369109323995,0.21504132285249472,1.7672653226390769,1.011226219060092
2017-03-19,2016-17,Middlesbrough,Manchester United,A,2,0.15530429950202868,0.2112482840254136,0.6334474164725578,0.8472000798621884,1.9558304461168403
2017-03-19,2016-17,Tottenham,Southampton,H,0,0.5934324127039073,0.22730312501736444,0.17926446227872825,1.812305338673341,0.8815814622384507
2017-04-01,2016-17,Hull,West Ham,H,0,0.3645512606805788,0.25606385079878835,0.3793848885206328,1.3528225156924112,1.385212916385537
2017-04-01,2016-17,Burnley,Tottenham,A,2,0.2047886850549598,0.2422886886404387,0.5529226263046015,0.9150993616300667,1.6754394844298905
2017-04-01,2016-17,Chelsea,Crystal Palace,A,2,0.7646270077701554,0.15674938909317387,0.07862360313667081,2.3595309151543633,0.6124737233878674
2017-04-01,2016-17,Leicester City,Stoke,H,0,0.454484343247866,0.26097870914255417,0.28453694760957987,1.4621515745656626,1.0997138186844229
2017-04-01,2016-17,Liverpool,Everton,H,0,0.5001311298133493,0.24618081201129274,0.25368805817535806,1.6325691643974398,1.0892757401997595
2017-04-01,2016-17,Southampton,Bournemouth,D,1,0.523010984376606,0.24621771979911294,0.2307712958242811,1.6387156439156076,1.0000269514798568
2017-04-01,2016-17,Watford,Sunderland,H,0,0.5229655363838461,0.25066061798779826,0.2263738456283555,1.5959163133856358,0.9568121052772764
2017-04-01,2016-17,Manchester United,West Bromwich Albion,D,1,0.6728514514892057,0.19515271539704138,0.13199583311375293,2.0927153209913865,0.8000045889582651
2017-04-02,2016-17,Arsenal,Manchester City,D,1,0.31570825291833177,0.24698746617454315,0.43730428090712503,1.2961855380160154,1.5678467228594772
2017-04-02,2016-17,Swansea,Middlesbrough,D,1,0.4897552720529474,0.263623573748769,0.24662115419828365,1.4699864596755075,0.9602247629368315
2017-04-04,2016-17,Burnley,Stoke,H,0,0.3721134491212102,0.2693636500324804,0.3585229008463094,1.2694473031366054,1.2408792922519662
2017-04-04,2016-17,Leicester City,Sunderland,H,0,0.6697220908996822,0.1984367103828357,0.13184119871748215,2.0509667826993545,0.7793721269753052
2017-04-04,2016-17,Manchester United,Everton,D,1,0.5608499463761253,0.23203115778576794,0.2071188958381068,1.7834968972266194,0.98672652100295
2017-04-04,2016-17,Watford,West Bromwich Albion,H,0,0.37687513062327854,0.275245014618985,0.3478798547577365,1.2390396055597115,1.179061638022882
2017-04-05,2016-17,Arsenal,West Ham,H,0,0.6002990357793606,0.2157345884134672,0.18396637580717223,1.9517373338887676,0.9791874658018515
2017-04-05,2016-17,Chelsea,Manchester City,H,0,0.47946797114298073,0.24692712851135087,0.27360490034566837,1.6128212883292958,1.1571505483137265
2017-04-05,2016-17,Hull,Middlesbrough,H,0,0.48278613701126494,0.25890628656728676,0.25830757642144836,1.5046323560251063,1.0263927712560665
2017-04-05,2016-17,Liverpool,Bournemouth,D,1,0.6216247524422073,0.20907165713028003,0.16930359042751264,2.0106232576667957,0.9425441384738329
2017-04-05,2016-17,Southampton,Crystal Palace,H,0,0.5222591443482618,0.253657146461809,0.22408370918992931,1.5682701542813882,0.9315286075998305
2017-04-05,2016-17,Swansea,Tottenham,A,2,0.17327425150453493,0.2272939926746943,0.5994317558207708,0.8517066281009279,1.805654913137673
2017-04-08,2016-17,Bournemouth,Chelsea,A,2,0.18682211970529952,0.21456632137501772,0.5986115589196829,1.0030477925146615,1.9705372327805757
2017-04-08,2016-17,Stoke,Liverpool,A,2,0.27917653584515967,0.25340316188393636,0.4674203022709039,1.1314991898516524,1.5410278038340874
2017-04-08,2016-17,Middlesbrough,Burnley,D,1,0.3588745403735864,0.2728511972494882,0.36827426237692534,1.218352173216245,1.23792500413378
2017-04-08,2016-17,West Bromwich Albion,Southampton,A,2,0.3895743887378962,0.26555267509722935,0.34487293616487447,1.330818185385487,1.235906919891506
2017-04-08,2016-17,Tottenham,Watford,H,0,0.7377246814055191,0.16725457326682588,0.09502074532765505,2.310977976009312,0.6941427919819456
2017-04-08,2016-17,Manchester City,Hull,H,0,0.7099761035070828,0.1749023106489361,0.11512158584398101,2.3063738058192196,0.8095335587490031
2017-04-08,2016-17,West Ham,Swansea,H,0,0.4527471683035805,0.2562449858488983,0.29100784584752115,1.5007592811871695,1.1507641257408348
2017-04-09,2016-17,Everton,Leicester City,H,0,0.47343322328867093,0.2527836549666033,0.2737831217447257,1.5519403264861076,1.117436845175713
2017-04-09,2016-17,Sunderland,Manchester United,A,2,0.1252353550679483,0.19019126361885294,0.6845733813131987,0.7844236724640747,2.133933852684102
2017-04-10,2016-17,Crystal Palace,Arsenal,H,0,0.22622636772276739,0.23916403785006457,0.534609594427168,1.0254367354668124,1.7119107806500922
2017-04-15,2016-17,Crystal Palace,Leicester City,D,1,0.3521479029926404,0.25615916783158466,0.39169292917577486,1.3228154076443817,1.4091026516266858
2017-04-15,2016-17,Everton,Burnley,H,0,0.6241652679877366,0.21945913733900618,0.1563755946732571,1.8652709173040019,0.8065593768329565
2017-04-15,2016-17,Southampton,Manchester City,A,2,0.269873423608372,0.24164468985212026,0.4884818865395078,1.1822725327251742,1.6733242595184954
2017-04-15,2016-17,Stoke,Hull,H,0,0.48361145210179557,0.2535694378210362,0.2628191100771683,1.5524231057076032,1.0744456175084691
2017-04-15,2016-17,Sunderland,West Ham,D,1,0.3018637356509919,0.26150128178614285,0.4366349825628653,1.148841196536449,1.4368182923555088
2017-04-15,2016-17,Tottenham,Bournemouth,H,0,0.7344453386010438,0.1653990259649383,0.10015563543401786,2.3698662104302084,0.7503058635787476
2017-04-15,2016-17,Watford,Swansea,H,0,0.49868370835997267,0.26480151786086525,0.2365147737791621,1.4655830995790176,0.9193409509594225
2017-04-16,2016-17,Manchester United,Chelsea,H,0,0.3771162513254692,0.25716618180787215,0.36571756686665857,1.371448543196662,1.346639291420744
2017-04-16,2016-17,West Bromwich Albion,Liverpool,A,2,0.2972969688915127,0.261761134879567,0.44094189622892027,1.133662362018882,1.4401317214533305
2017-04-17,2016-17,Middlesbrough,Arsenal,A,2,0.23084977978993876,0.24773726467854987,0.5214129555315115,0.9912348549155408,1.6235708890310139
2017-04-22,2016-17,West Ham,Everton,D,1,0.2974029064593922,0.2565948020897532,0.44600229145085457,1.1683019510746286,1.4899621551452142
2017-04-22,2016-17,Swansea,Stoke,H,0,0.3170471515772304,0.2699391732665302,0.4130136751562395,1.1372902841422137,1.3381434807621908
2017-04-22,2016-17,Hull,Watford,H,0,0.3679816628336726,0.27199593520896176,0.3600224019573656,1.243045578769842,1.2264337905161888
2017-04-22,2016-17,Bournemouth,Middlesbrough,H,0,0.47411927093674067,0.2567087538968443,0.26917197516641506,1.5171367634934096,1.0765366855628162
2017-04-23,2016-17,Burnley,Manchester United,A,2,0.2020577226742547,0.2438813983251386,0.5540608790006066,0.8946944667761829,1.6590588208347716
2017-04-23,2016-17,Liverpool,Crystal Palace,A,2,0.6588207024902233,0.19553636414196496,0.14564293336781173,2.130482143204958,0.8885060230656702
2017-04-25,2016-17,Chelsea,Southampton,H,0,0.6815501674525264,0.18697557334935622,0.13147425919811737,2.201108428370819,0.8496709311976743
2017-04-26,2016-17,Arsenal,Leicester City,H,0,0.5295363932993014,0.2414699497196587,0.22899365698103982,1.6875798628342404,1.0222441646914515
2017-04-26,2016-17,Crystal Palace,Tottenham,A,2,0.1607326671295142,0.2015552825220161,0.6377120503484697,0.9435581335748462,2.090311715742292
2017-04-26,2016-17,Middlesbrough,Sunderland,H,0,0.45570517358147794,0.2648000612071535,0.2794947652113687,1.432381553168468,1.0608579329032164
2017-04-27,2016-17,Manchester City,Manchester United,D,1,0.46034994046830235,0.25424959150502596,0.2854004680266717,1.5265651801854312,1.1463052080597793
2017-04-29,2016-17,Crystal Palace,Burnley,A,2,0.4952084671093595,0.2578004709271957,0.2469910619634448,1.5218664791683767,0.9933173101253678
2017-04-29,2016-17,Southampton,Hull,D,1,0.5134405785831507,0.23932945713495746,0.24722996428189192,1.7087034896534499,1.1112229007567265
2017-04-29,2016-17,Stoke,West Ham,D,1,0.4654188637931506,0.2634230923503668,0.2711580438564826,1.4529288691227704,1.0426417159512806
2017-04-29,2016-17,Sunderland,Bournemouth,A,2,0.3052137057027855,0.2643945032730805,0.4303917910241341,1.139801424394901,1.4053081154267661
2017-04-29,2016-17,West Bromwich Albion,Leicester City,A,2,0.4312373142961746,0.27036134858094063,0.29840133712288475,1.3610165881781306,1.0840310168886929
2017-04-30,2016-17,Manchester United,Swansea,D,1,0.7426477231760275,0.16990132258718116,0.08745095423679136,2.2303200014038898,0.6164705909757064
2017-04-30,2016-17,Everton,Chelsea,A,2,0.30648501725625654,0.26370808677682106,0.4298068959669224,1.14782808275908,1.4099414627286357
2017-04-30,2016-17,Tottenham,Arsenal,H,0,0.6210665274310783,0.21992866871365271,0.15900480385526908,1.8645339148316067,0.8181572527903538
2017-04-30,2016-17,Middlesbrough,Manchester City,D,1,0.13966100659293418,0.1983284024642411,0.6620105909428247,0.8307101541216336,2.0756882597317308
2017-05-01,2016-17,Watford,Liverpool,A,2,0.2700192936047226,0.26490744320842496,0.4650732631868524,1.030472182148022,1.4407003648061334
2017-05-05,2016-17,West Ham,Tottenham,H,0,0.1510798385450867,0.21177793028278355,0.6371422311721296,0.8197310602840396,1.9409330995829945
2017-05-06,2016-17,Manchester City,Crystal Palace,H,0,0.7296143021409311,0.16867424652964463,0.10171145132942427,2.3287387611474917,0.7415954670633529
2017-05-06,2016-17,Swansea,Everton,H,0,0.2624787421923387,0.2627320430135708,0.4747892147940906,1.0183863296966364,1.4666153771200698
2017-05-06,2016-17,Bournemouth,Stoke,D,1,0.38754198571658427,0.2583520125300631,0.35410600175335255,1.3829801427091408,1.3104840387907064
2017-05-06,2016-17,Burnley,West Bromwich Albion,D,1,0.40774774786579104,0.27726819409512493,0.3149840580390841,1.2789620167715927,1.0885333879472974
2017-05-06,2016-17,Hull,Sunderland,A,2,0.5426192750946399,0.24267068269882025,0.2147100422065398,1.6740255493362763,0.9552060222891596
2017-05-06,2016-17,Leicester City,Watford,H,0,0.5069383559282923,0.2638261063030262,0.22923553776868155,1.47718471906341,0.8985754306106908
2017-05-07,2016-17,Arsenal,Manchester United,H,0,0.33443352717259534,0.2677589873674918,0.3978074854599129,1.195599055885969,1.3292472651932905
2017-05-07,2016-17,Liverpool,Southampton,D,1,0.5837577506202926,0.22662799497293715,0.18961425440677018,1.8303227153090844,0.9370117546549952
2017-05-08,2016-17,Chelsea,Middlesbrough,H,0,0.790258467804457,0.14035677427298118,0.06938475792256191,2.5462189956189243,0.6211754022158851
2017-05-10,2016-17,Southampton,Arsenal,A,2,0.3331113298262628,0.27315261219786485,0.39373605797587247,1.157843779512283,1.2838429626541843
2017-05-12,2016-17,Everton,Watford,H,0,0.557728836384966,0.2459883709462217,0.19628279266881235,1.637241139874549,0.8591191502433417
2017-05-12,2016-17,West Bromwich Albion,Chelsea,A,2,0.19301598786815644,0.24252079568328952,0.564463216448554,0.8627791246106086,1.6686411345838161
2017-05-13,2016-17,Middlesbrough,Southampton,A,2,0.3001318888235657,0.2637548133620511,0.4361132978143832,1.1292565427208539,1.4179396815818257
2017-05-13,2016-17,Manchester City,Leicester City,H,0,0.6824011468544696,0.19340795010382494,0.12419090304170548,2.0888593181968638,0.7580223107093562
2017-05-13,2016-17,Sunderland,Swansea,A,2,0.3677266086492714,0.2732784709607607,0.3589949203899679,1.2339785528537812,1.2158175466583
2017-05-13,2016-17,Stoke,Arsenal,A,2,0.3386138460673353,0.2674794944039335,0.3939066595287312,1.207706883906991,1.3244378689699805
2017-05-13,2016-17,Bournemouth,Burnley,H,0,0.43706345821177056,0.2608987695730462,0.3020377722151833,1.4423240911365736,1.1533121425469577
2017-05-14,2016-17,Crystal Palace,Hull,H,0,0.447698244884893,0.26759318394910286,0.28470857116600407,1.401916458509758,1.0604251780684872
2017-05-14,2016-17,Tottenham,Manchester United,H,0,0.5384973426864631,0.2454217484513044,0.21608090886223255,1.6468751647948257,0.9450913216265519
2017-05-14,2016-17,West Ham,Liverpool,A,2,0.31695167959695575,0.280280894305154,0.4027674260978903,1.0766109328888118,1.2514727803659544
2017-05-15,2016-17,Chelsea,Watford,H,0,0.7714800999697058,0.1530419925700593,0.07547790746023493,2.3920872894692433,0.6045543102274054
2017-05-16,2016-17,Arsenal,Sunderland,H,0,0.7332489324330226,0.16855142243123425,0.09819964513574315,2.3104239729188256,0.7128407069998766
2017-05-16,2016-17,Manchester City,West Bromwich Albion,H,0,0.7396060095976492,0.16432075218611397,0.09607323821623674,2.3614417181524505,0.7218926485575802
2017-05-17,2016-17,Southampton,Manchester United,D,1,0.30803273425725364,0.2688840742021228,0.42308319154062357,1.1195987739001065,1.3607899848991645
2017-05-18,2016-17,Leicester City,Tottenham,A,2,0.20711040174868564,0.23847273379392797,0.5544168644573865,0.9470626961542368,1.7147286389531788
2017-05-21,2016-17,Leicester City,Bournemouth,D,1,0.4642340685830349,0.2558067178624506,0.2799592135545144,1.5164014536807546,1.1181486968879568
2017-05-21,2016-17,Burnley,West Ham,A,2,0.3923641443215935,0.2693791027205592,0.3382567529578473,1.3079106082481429,1.1942746010983922
2017-05-21,2016-17,Chelsea,Sunderland,H,0,0.8776044738161067,0.08752762627249724,0.03486789991139597,3.180641838522039,0.5344608533255687
2017-05-21,2016-17,Hull,Tottenham,A,2,0.11477178985737195,0.17694756314456123,0.7082806469980668,0.7925969928260754,2.2741278507580716
2017-05-21,2016-17,Arsenal,Everton,H,0,0.6014414494277445,0.22153831901100188,0.17702023156125365,1.8732475012659004,0.9043017842752213
2017-05-21,2016-17,Liverpool,Middlesbrough,H,0,0.7826964006594005,0.14531106341873415,0.07199253592186544,2.486180385756909,0.6167634501209047
2017-05-21,2016-17,Swansea,West Bromwich Albion,H,0,0.4499350873757117,0.2732647084470511,0.2768002041772373,1.3623070210972246,1.0054178852352516
2017-05-21,2016-17,Southampton,Stoke,A,2,0.4843416334194976,0.2531689891306279,0.2624893774498745,1.5565921740655562,1.0758270783048294
2017-05-21,2016-17,Manchester United,Crystal Palace,H,0,0.6236994340262687,0.21919178804539394,0.15710877792833736,1.8693952689200586,0.8119652700944928
2017-05-21,2016-17,Watford,Manchester City,A,2,0.1425267463898077,0.19806770181069525,0.659405551799497,0.8509976828190773,2.087463828620864
2017-08-11,2017-18,Arsenal,Leicester City,H,0,0.6380575141355026,0.20267988333222098,0.15926260253227642,2.0716690110625566,0.9263892267085977
2017-08-12,2017-18,Chelsea,Burnley,A,2,0.760284451676595,0.15403036167599274,0.0856851866474123,2.4538947500718065,0.6954583460627871
2017-08-12,2017-18,Everton,Stoke,H,0,0.43571791592415915,0.2575190873781621,0.30676299669767887,1.469019574019345,1.1901419589702475
2017-08-12,2017-18,Southampton,Swansea,D,1,0.4779485055760729,0.26096122355578427,0.26109027086814285,1.4837166921957945,1.0238947813110695
2017-08-12,2017-18,Watford,Liverpool,D,1,0.20378381403352286,0.2364719470709585,0.5597442388955186,0.9440986738956668,1.7340898105917357
2017-08-12,2017-18,West Bromwich Albion,Bournemouth,H,0,0.3636090744938533,0.2610655915494986,0.3753253339566481,1.3116560623419988,1.336867188069372
2017-08-13,2017-18,Manchester United,West Ham,H,0,0.5471499654558931,0.2428900773143831,0.20995995722972374,1.6708867305824997,0.9338332279559091
2017-08-13,2017-18,Newcastle United,Tottenham,A,2,0.21869545195416,0.2386223966949141,0.5426821513509259,0.9966879124678584,1.7165537888174254
2017-08-19,2017-18,Bournemouth,Watford,A,2,0.4811048457165464,0.24821717999621631,0.2706779742872374,1.6012907760151025,1.13766595949253
2017-08-19,2017-18,Leicester City,Brighton and Hove Albion,H,0,0.51757739752932,0.25029362986954484,0.23212897260113513,1.5983559089545338,0.9812397744358667
2017-08-19,2017-18,Southampton,West Ham,H,0,0.5042111238119641,0.2480775226290751,0.24771135355896068,1.6155239463774358,1.0543031792420372
2017-08-19,2017-18,Burnley,West Bromwich Albion,A,2,0.46409620118102846,0.2636922882907821,0.2722115105281895,1.4495272152954297,1.044444963343502
2017-08-19,2017-18,Swansea,Manchester United,A,2,0.2886348123518946,0.26536373778286626,0.44600144986523915,1.0853535810750985,1.4172821150717363
2017-08-19,2017-18,Stoke,Arsenal,H,0,0.20950179948136075,0.2192719652982897,0.5712262352203495,1.08808801400681,1.9371715846448276
2017-08-19,2017-18,Liverpool,Crystal Palace,H,0,0.6938373283426331,0.18572661520131173,0.12043605645605518,2.175171765264129,0.7780972311158048
2017-08-20,2017-18,Huddersfield Town,Newcastle United,H,0,0.5043448473444028,0.2541397286775703,0.24151542397802694,1.5586216846976186,0.994423702798063
2017-08-20,2017-18,Tottenham,Chelsea,A,2,0.4630328169620565,0.24366223115230787,0.29330495188563566,1.6317299407581571,1.250384407313039
2017-08-21,2017-18,Manchester City,Everton,D,1,0.6734001146965207,0.192288324252935,0.13431156105054426,2.1379942432808168,0.8338216311613813
2017-08-26,2017-18,Bournemouth,Manchester City,A,2,0.17786161130390243,0.21433639952313385,0.6078019891729638,0.9552435868730799,1.9597511031773909
2017-08-26,2017-18,Crystal Palace,Swansea,A,2,0.3985308380824785,0.26502966277474627,0.3364394991427753,1.3508959605444486,1.2189447242808458
2017-08-26,2017-18,Huddersfield Town,Southampton,D,1,0.4127762495289003,0.2667090564831619,0.32051469398793786,1.361738632017197,1.1668742673751484
2017-08-26,2017-18,Manchester United,Leicester City,H,0,0.5914488590741364,0.21990586537694046,0.1886452755489232,1.90706970933389,0.9755997794863998
2017-08-26,2017-18,Newcastle United,West Ham,H,0,0.4638770146870895,0.25732149462771114,0.27880149068519944,1.502739062875498,1.104558668432345
2017-08-26,2017-18,Watford,Brighton and Hove Albion,D,1,0.46950999535119814,0.2568765570295688,0.273613447619233,1.5117687053956286,1.0903307680224015
2017-08-27,2017-18,Liverpool,Arsenal,H,0,0.4439236515209636,0.2346097860628286,0.32146656241620786,1.7088377357306765,1.4239715313224492
2017-08-27,2017-18,Tottenham,Burnley,D,1,0.737630573777482,0.16392909703556272,0.09844032918695546,2.3823394677238388,0.7453426936313384
2017-08-27,2017-18,Chelsea,Everton,H,0,0.6542321141726566,0.20474604650263728,0.14102183932470608,2.000068947918528,0.8005238217923392
2017-08-27,2017-18,West Bromwich Albion,Stoke,D,1,0.4174052751029468,0.26684795739857975,0.3157467674984734,1.3677764474036576,1.1532691851755565
2017-09-09,2017-18,Brighton and Hove Albion,West Bromwich Albion,H,0,0.4048645175327176,0.2785214805364784,0.3166140019308039,1.2661849303549373,1.0855669275817816
2017-09-09,2017-18,Arsenal,Bournemouth,H,0,0.6971356737212413,0.17922837983379203,0.12363594644496666,2.2816155294036626,0.8458964480766672
2017-09-09,2017-18,Everton,Tottenham,A,2,0.23073778999150138,0.23666432225259132,0.5325978877559073,1.0612224957702583,1.7395362508472418
2017-09-09,2017-18,Leicester City,Chelsea,A,2,0.2198190002689125,0.23381127152141745,0.54636972820967,1.0327981962119788,1.769176541837416
2017-09-09,2017-18,Manchester City,Liverpool,H,0,0.45522437077574784,0.2402966581690168,0.3044789710552353,1.6590701118011761,1.3159448060463985
2017-09-09,2017-18,Stoke,Manchester United,D,1,0.22181259508575055,0.24119512738231214,0.5369922775319373,0.9939865383216225,1.690078841091283
2017-09-09,2017-18,Southampton,Watford,A,2,0.5607817191437647,0.23164617003472301,0.20757211082151222,1.7880104546766369,0.9913036230047808
2017-09-10,2017-18,Burnley,Crystal Palace,H,0,0.47930433863550265,0.25644873113370165,0.2642469302307957,1.5234723659836729,1.0614324748224213
2017-09-10,2017-18,Swansea,Newcastle United,A,2,0.34774972050242076,0.26562137824022036,0.3866289012573589,1.2422462910175143,1.3247921805302023
2017-09-11,2017-18,West Ham,Huddersfield Town,H,0,0.3195315461839406,0.2569281626554428,0.4235402911606166,1.2312053328163273,1.4569524729082846
2017-09-15,2017-18,Bournemouth,Brighton and Hove Albion,H,0,0.3610460466581671,0.27968951808041853,0.3592644352614145,1.1796896520075544,1.1760460338094938
2017-09-16,2017-18,Newcastle United,Stoke,H,0,0.49430360517595984,0.2566355537285564,0.24906084109548365,1.5315376850919609,1.007327225143463
2017-09-16,2017-18,Crystal Palace,Southampton,A,2,0.31714697786268115,0.2687728203195699,0.41408020181774896,1.144819641514158,1.348332228032291
2017-09-16,2017-18,Huddersfield Town,Leicester City,D,1,0.4269436822893894,0.26308105321602554,0.3099752644945851,1.4109625515233637,1.1617918328726424
2017-09-16,2017-18,Tottenham,Swansea,D,1,0.7604429328687012,0.15233603511001687,0.08722103202128195,2.4941158663117173,0.7222151652500501
2017-09-16,2017-18,Watford,Manchester City,A,2,0.18315193868182134,0.21754122972695283,0.5993068315912259,0.9624325983076556,1.9284343856988344
2017-09-16,2017-18,West Bromwich Albion,West Ham,D,1,0.44938632219507285,0.2626989493714959,0.2879147284334313,1.4424387033767163,1.099444051915425
2017-09-16,2017-18,Liverpool,Burnley,D,1,0.6756011438590782,0.18797300945279824,0.13642584668812358,2.2054142973878603,0.8782095126532745
2017-09-17,2017-18,Chelsea,Arsenal,D,1,0.5314319283976555,0.23710993926810683,0.23145813233423773,1.7346490939451649,1.0612605993427273
2017-09-17,2017-18,Manchester United,Everton,H,0,0.6590697584497583,0.1996124861226632,0.14131775542757843,2.0641044626823115,0.8333323448261263
2017-09-23,2017-18,Leicester City,Liverpool,A,2,0.27030218427713343,0.23917502282538086,0.49052279289748574,1.2027825372081253,1.701278412438859
2017-09-23,2017-18,Manchester City,Crystal Palace,H,0,0.8053536576322236,0.12904194505562094,0.06560439731215548,2.717632307304905,0.6582079854122858
2017-09-23,2017-18,Everton,Bournemouth,H,0,0.5112207032054044,0.255249252189593,0.23353004460500268,1.55121615678746,0.9586053918560629
2017-09-23,2017-18,Burnley,Huddersfield Town,D,1,0.37935632503532785,0.2757510925982707,0.3448925823664015,1.2404171212823045,1.1692301730599441
2017-09-23,2017-18,Stoke,Chelsea,A,2,0.21724797549521552,0.2532933547470269,0.5294586697577576,0.9070018128734892,1.5725026079265736
2017-09-23,2017-18,Swansea,Watford,A,2,0.4159178192904598,0.26456450106532653,0.3195176796442137,1.3830420544335849,1.1782618970001846
2017-09-23,2017-18,West Ham,Tottenham,A,2,0.1996381832038872,0.23183018673185768,0.5685316300642551,0.9531407786684936,1.7811761198502005
2017-09-23,2017-18,Southampton,Manchester United,A,2,0.2251471597694479,0.22701411744408947,0.5478387227864626,1.1054182944303745,1.8504997305003292
2017-09-24,2017-18,Brighton and Hove Albion,Newcastle United,H,0,0.3383084596743518,0.2726045044282942,0.3890870358973539,1.1736772121599817,1.2794030653065467
2017-09-25,2017-18,Arsenal,West Bromwich Albion,H,0,0.6045984367327377,0.22469458985553276,0.17070697341172944,1.8301462106078001,0.8531484776050747
2017-09-30,2017-18,West Bromwich Albion,Watford,D,1,0.42404353206438133,0.2738008992287765,0.3021555687068421,1.3265804190510646,1.0745412219169523
2017-09-30,2017-18,West Ham,Swansea,H,0,0.4565618712359108,0.26395882614260446,0.27947930262148485,1.4399837077823388,1.065782353524751
2017-09-30,2017-18,Bournemouth,Leicester City,D,1,0.32240832893930804,0.2597619583766237,0.4178297126840682,1.2189301511157662,1.4244435013969166
2017-09-30,2017-18,Chelsea,Manchester City,A,2,0.3494403766945708,0.2513313114432754,0.3992283118621537,1.3550667916854475,1.4652682850949843
2017-09-30,2017-18,Huddersfield Town,Tottenham,A,2,0.22920377984968499,0.2585320464051051,0.5122641737452099,0.9250829990525263,1.5229621594134404
2017-09-30,2017-18,Manchester United,Crystal Palace,H,0,0.8209009796160368,0.117780709555587,0.06131831082837619,2.9064370197017535,0.6961070853534864
2017-09-30,2017-18,Stoke,Southampton,H,0,0.38751705577627515,0.26930641894371415,0.34317652528001064,1.2996358711573173,1.20646612236153
2017-10-01,2017-18,Everton,Burnley,A,2,0.5035087077845217,0.2562792709991462,0.24021202121633206,1.539180438970502,0.9775019683992608
2017-10-01,2017-18,Newcastle United,Liverpool,D,1,0.32381685402423094,0.2513536500795768,0.42482949589619246,1.2854201719069036,1.508410316507953
2017-10-01,2017-18,Arsenal,Brighton and Hove Albion,H,0,0.6240669823184645,0.2195322959888554,0.15640072169268016,1.864523736285775,0.8063008551866481
2017-10-14,2017-18,Manchester City,Stoke,H,0,0.8019761103342065,0.12684461061046662,0.07117927905532684,2.8329695637727244,0.7474820375598079
2017-10-14,2017-18,Burnley,West Ham,D,1,0.4102081084908617,0.2801261961061976,0.3096656954029407,1.2639337924667668,1.059146510281833
2017-10-14,2017-18,Liverpool,Manchester United,D,1,0.35962885764686553,0.24318642947460906,0.39718471287852547,1.4528867674199815,1.5382076546009944
2017-10-14,2017-18,Tottenham,Bournemouth,H,0,0.7605178577485203,0.15738977394988796,0.08209236830159174,2.37455247194793,0.6403957744182944
2017-10-14,2017-18,Swansea,Huddersfield Town,H,0,0.4014626020440924,0.2847313048498053,0.31380609310610225,1.2215766060917508,1.0449813072833596
2017-10-14,2017-18,Watford,Arsenal,H,0,0.22811584156337544,0.23792902835801666,0.5339551300786078,1.0415386801103788,1.7254106200320625
2017-10-14,2017-18,Crystal Palace,Chelsea,H,0,0.14087229784461455,0.2000010688747885,0.659126633280597,0.8280555676991382,2.0579189800361557
2017-10-15,2017-18,Brighton and Hove Albion,Everton,D,1,0.37962473791407064,0.27545739582893614,0.3449178662569932,1.2428478059938335,1.1711033109257682
2017-10-15,2017-18,Southampton,Newcastle United,D,1,0.3576438580096865,0.2652972293194194,0.3770589126708941,1.2672582451483672,1.3085313141867654
2017-10-16,2017-18,Leicester City,West Bromwich Albion,D,1,0.4659087744074127,0.2584085702930354,0.27568265529955194,1.4952271418924787,1.0875069944977447
2017-10-20,2017-18,West Ham,Brighton and Hove Albion,A,2,0.4763091836832206,0.27363453645962715,0.25005627985715223,1.384206659665459,0.9212408135073524
2017-10-21,2017-18,Chelsea,Watford,H,0,0.6223274975328441,0.21690486923149735,0.16076763323565854,1.900938750194444,0.84472532564933
2017-10-21,2017-18,Huddersfield Town,Manchester United,H,0,0.19911420606937472,0.23620827068074265,0.5646775232498826,0.9245471524203941,1.7344556376646363
2017-10-21,2017-18,Swansea,Leicester City,A,2,0.3922623809640069,0.27335792118244656,0.33437969785354654,1.2798642742840955,1.1596183922521328
2017-10-21,2017-18,Manchester City,Burnley,H,0,0.8297260130278956,0.11425938250067905,0.05601460447142535,2.908250931731483,0.651083358932727
2017-10-21,2017-18,Southampton,West Bromwich Albion,H,0,0.4501790032133637,0.2668472042124815,0.2829737925741548,1.4104240151059246,1.0595350326526016
2017-10-21,2017-18,Stoke,Bournemouth,A,2,0.4664575844047995,0.25100081204608876,0.2825416035491118,1.5624679875087826,1.1592429153334833
2017-10-21,2017-18,Newcastle United,Crystal Palace,H,0,0.5838284255811989,0.22527279050206964,0.19089878391673157,1.8468519530487197,0.9519182023352696
2017-10-22,2017-18,Everton,Arsenal,A,2,0.2928341399037799,0.25203611107285717,0.45512974902336295,1.1857954984303614,1.5414010989024027
2017-10-22,2017-18,Tottenham,Liverpool,H,0,0.5488372454793163,0.23833302647774354,0.21282972804294012,1.7181097573769566,0.9730045558568505
2017-10-28,2017-18,Crystal Palace,West Ham,D,1,0.3375858966560987,0.2702826768921231,0.3921314264517782,1.1867843517900976,1.3010561288412728
2017-10-28,2017-18,Arsenal,Swansea,H,0,0.7105596190847472,0.17972867768507925,0.10971170323017349,2.2107736427832045,0.7355499874389985
2017-10-28,2017-18,Bournemouth,Chelsea,A,2,0.22209403929724236,0.2499606645088933,0.5279452961938643,0.9439132803883392,1.6030751342981497
2017-10-28,2017-18,Liverpool,Huddersfield Town,H,0,0.6042248141788595,0.22620432648281757,0.1695708593383228,1.8126506025851663,0.8390159116325646
2017-10-28,2017-18,Watford,Stoke,A,2,0.4805335529368453,0.2412100108600248,0.2782564362031299,1.672657449020163,1.216547898156785
2017-10-28,2017-18,West Bromwich Albion,Manchester City,A,2,0.08533614034088,0.1368004381330793,0.7778634215260407,0.8308863612516701,2.776633857008961
2017-10-28,2017-18,Manchester United,Tottenham,H,0,0.36225730505597625,0.26331955444184385,0.3744231405021799,1.291844639411328,1.31785427427447
2017-10-29,2017-18,Brighton and Hove Albion,Southampton,D,1,0.4155238251598394,0.26330496068663894,0.3211712141535217,1.392296707653451,1.1911267247451318
2017-10-29,2017-18,Leicester City,Everton,H,0,0.47526837182862675,0.25432157600412264,0.2704100521672507,1.5393692554874419,1.0958695869564012
2017-10-30,2017-18,Burnley,Newcastle United,H,0,0.35096126189267357,0.2786471773882773,0.3703915607190491,1.164895462012465,1.2047359813375578
2017-11-04,2017-18,Southampton,Burnley,A,2,0.46629738919424707,0.2672030185272982,0.26649959227845466,1.4238027387518923,1.006478938605385
2017-11-04,2017-18,Newcastle United,Bournemouth,A,2,0.5057841862597567,0.2631659038270584,0.2310499099131849,1.4820222581872164,0.9082691404666581
2017-11-04,2017-18,Huddersfield Town,West Bromwich Albion,H,0,0.4791942013855436,0.2644794909541783,0.25632630766027825,1.455893878369463,0.9883290689615273
2017-11-04,2017-18,Stoke,Leicester City,D,1,0.35042232217377345,0.2581488554050659,0.3914288224211607,1.3031883591533098,1.3921357884548953
2017-11-04,2017-18,West Ham,Liverpool,A,2,0.24004271147061426,0.25050614852616276,0.509451140003223,1.0102663755879597,1.5941012553097424
2017-11-04,2017-18,Swansea,Brighton and Hove Albion,A,2,0.3695509333841758,0.2731537923435376,0.3572952742722867,1.2384930993440677,1.2129946346126494
2017-11-05,2017-18,Chelsea,Manchester United,H,0,0.4636756897066521,0.2604824611522343,0.27584184914111354,1.4755302431484347,1.075203784764833
2017-11-05,2017-18,Everton,Watford,H,0,0.44760416375751827,0.25691002980887445,0.29548580643360733,1.4891013757188458,1.1602421092964994
2017-11-05,2017-18,Manchester City,Arsenal,H,0,0.6242176552750299,0.19431307291441108,0.18146927181055902,2.249262669086165,1.1372823842827038
2017-11-05,2017-18,Tottenham,Crystal Palace,H,0,0.8092754336707734,0.12802979850110754,0.06269476782811902,2.702991749011573,0.6300423754654071
2017-11-18,2017-18,Arsenal,Tottenham,H,0,0.3732766874068048,0.25931633569856805,0.3674069768946272,1.3461744796212978,1.3334792083790195
2017-11-18,2017-18,Bournemouth,Huddersfield Town,H,0,0.41114742478250416,0.28062827749361363,0.3082242977238823,1.2620939049409046,1.0527561560559957
2017-11-18,2017-18,Burnley,Swansea,H,0,0.4962775542457104,0.264529409033841,0.23919303672044862,1.466485459334993,0.9299943095677092
2017-11-18,2017-18,Crystal Palace,Everton,D,1,0.34323059039020826,0.26437790834429875,0.39239150126549305,1.240143296508029,1.3448554152183922
2017-11-18,2017-18,Leicester City,Manchester City,A,2,0.17532358635339393,0.21329285536444875,0.6113835582821574,0.948171287355321,1.9685055730146888
2017-11-18,2017-18,Liverpool,Southampton,H,0,0.6425842427154488,0.2071178429419331,0.150297914342618,1.994191614636811,0.8426601032017009
2017-11-18,2017-18,Manchester United,Newcastle United,H,0,0.630025731731428,0.21989316007556067,0.15008110819301138,1.8499057587225909,0.7703438249576647
2017-11-18,2017-18,West Bromwich Albion,Chelsea,A,2,0.1767630778125094,0.22801467916226809,0.5952222430252225,0.865104740615558,1.8019950436227052
2017-11-19,2017-18,Watford,West Ham,H,0,0.48729335846316885,0.25051243758221764,0.26219420395461346,1.5833511301502796,1.0919112823147186
2017-11-20,2017-18,Brighton and Hove Albion,Stoke,D,1,0.48292979659127844,0.2512649099929344,0.2658052934157872,1.5733316082926285,1.0998076384740985
2017-11-24,2017-18,West Ham,Leicester City,D,1,0.33670869232504275,0.26693903908216504,0.3963522685927923,1.2066690364870007,1.3327547604327596
2017-11-25,2017-18,Crystal Palace,Stoke,H,0,0.41220236306580693,0.26537274129369026,0.3224248956405028,1.3710150499434899,1.1806620638722052
2017-11-25,2017-18,Liverpool,Chelsea,D,1,0.4078143050997621,0.25993587454255856,0.3322498203576793,1.4068812593158195,1.2440390858343988
2017-11-25,2017-18,Manchester United,Brighton and Hove Albion,H,0,0.5666509415182326,0.23705989430657964,0.19628916417518774,1.7241539182448464,0.9068631845524334
2017-11-25,2017-18,Newcastle United,Watford,A,2,0.4008033379033618,0.2649869262347682,0.3342097358618701,1.3551646924501808,1.2136542940730835
2017-11-25,2017-18,Swansea,Bournemouth,D,1,0.3792306173858993,0.27374317575888596,0.3470262068552147,1.2534788910517407,1.1865996966801091
2017-11-25,2017-18,Tottenham,West Bromwich Albion,D,1,0.746082212505367,0.16591481496332658,0.08800297253130633,2.288339859413831,0.6427333263506665
2017-11-26,2017-18,Burnley,Arsenal,A,2,0.26503619694346425,0.25444547793314143,0.4805183251233942,1.0766251471895396,1.5422640994272203
2017-11-26,2017-18,Huddersfield Town,Manchester City,A,2,0.11411321434064305,0.17331711098858557,0.7125696746707714,0.8126235669627767,2.3254531729802257
2017-11-26,2017-18,Southampton,Everton,H,0,0.42696383206109917,0.2608654061090182,0.3121707618298826,1.4289169317614168,1.182789902451869
2017-11-28,2017-18,Brighton and Hove Albion,Crystal Palace,D,1,0.49844411346959755,0.2547105412678258,0.24684534526257657,1.5508077265968532,1.0105760991123653
2017-11-28,2017-18,Leicester City,Tottenham,H,0,0.2606709177834657,0.2601643228130859,0.47916475940344844,1.0270941322517788,1.4913215386571583
2017-11-28,2017-18,Watford,Manchester United,A,2,0.275993890195859,0.2523070313138713,0.47169907849026976,1.1281515888664806,1.5548988914875486
2017-11-28,2017-18,West Bromwich Albion,Newcastle United,D,1,0.39323919725854567,0.27538748897566967,0.3313733137657847,1.267817478444074,1.1400072595004436
2017-11-29,2017-18,Chelsea,Swansea,H,0,0.7684702572787855,0.15262124270974783,0.07890850001146667,2.4249068570892174,0.6396220711136642
2017-11-29,2017-18,Bournemouth,Burnley,A,2,0.4178131747446327,0.27695639314911547,0.3052304321062518,1.296058699832818,1.0650346460821254
2017-11-29,2017-18,Arsenal,Huddersfield Town,H,0,0.7051819471322792,0.18221240598457109,0.11260564688314964,2.189908266713104,0.7422460450172196
2017-11-29,2017-18,Everton,West Ham,H,0,0.47836920608271055,0.24794843580598958,0.27368235811129993,1.6018998885710718,1.150181529198717
2017-11-29,2017-18,Stoke,Liverpool,A,2,0.23577855004574055,0.24698721346835303,0.5172342364859064,1.0151397437586729,1.6301467283476303
2017-11-29,2017-18,Manchester City,Southampton,H,0,0.7936264508379782,0.1360703982008259,0.07030315096119583,2.633032137964559,0.6610447388340225
2017-12-02,2017-18,Brighton and Hove Albion,Liverpool,A,2,0.21732809685636167,0.24280332664688262,0.5398685764967557,0.9654424782075091,1.673081942626708
2017-12-02,2017-18,Chelsea,Newcastle United,H,0,0.7465630360335509,0.16441017429417348,0.08902678967227552,2.316217864099868,0.6601637410287181
2017-12-02,2017-18,Everton,Huddersfield Town,H,0,0.5245688408268452,0.2451930861853018,0.230238072987853,1.649107254313479,1.0041185194161384
2017-12-02,2017-18,Arsenal,Manchester United,A,2,0.4820143578529128,0.24761587875505128,0.27036976339203594,1.6078473449639448,1.1407608492567263
2017-12-02,2017-18,West Bromwich Albion,Crystal Palace,D,1,0.38925144349293084,0.2672744955995309,0.34347406090753824,1.3175002819587616,1.2207739026713578
2017-12-02,2017-18,Watford,Tottenham,D,1,0.26181447523858775,0.24933844162663976,0.48884708313477254,1.0982837747060885,1.5955555170025164
2017-12-02,2017-18,Leicester City,Burnley,H,0,0.40644167533168657,0.27708895726781413,0.3164693674004993,1.2781274022307723,1.0933147705051411
2017-12-02,2017-18,Stoke,Swansea,H,0,0.49192812808020187,0.2613944300666359,0.24667744185316223,1.4895477233907237,0.9723344026641348
2017-12-03,2017-18,Bournemouth,Southampton,D,1,0.4035558403691482,0.27564355810200053,0.32080060152885126,1.283263708737016,1.1125667411075915
2017-12-03,2017-18,Manchester City,West Ham,H,0,0.8393542212819255,0.10946407929007144,0.051181699428003116,2.9431474644225637,0.620574007468776
2017-12-09,2017-18,Burnley,Watford,H,0,0.4524760483940142,0.26467124614535364,0.2828527054606323,1.4299895545285337,1.0719697724452038
2017-12-09,2017-18,Crystal Palace,Bournemouth,D,1,0.3983324050124357,0.27506353179671456,0.3266040631908497,1.2786369058525167,1.1303827424763253
2017-12-09,2017-18,Huddersfield Town,Brighton and Hove Albion,H,0,0.3750529337899305,0.2750533500592622,0.3498937161508073,1.2367988906715697,1.1847262835151222
2017-12-09,2017-18,Newcastle United,Leicester City,A,2,0.3445897661171185,0.26751504965291845,0.38789518422996305,1.2217893043525034,1.3132376172802587
2017-12-09,2017-18,Swansea,West Bromwich Albion,H,0,0.38530524307252406,0.2824589506728938,0.33223580625458227,1.2086888842113082,1.101010142749713
2017-12-09,2017-18,Tottenham,Stoke,H,0,0.6552750086055557,0.20592694672225367,0.1387980446721906,1.9804800127729338,0.7802500764202828
2017-12-09,2017-18,West Ham,Chelsea,H,0,0.13264445199043914,0.1926171561814864,0.6747383918280745,0.820279031996487,2.1279414348483856
2017-12-10,2017-18,Liverpool,Everton,D,1,0.6614659771692779,0.1947592053026686,0.1437748175280534,2.1353331235666633,0.881395367345564
2017-12-10,2017-18,Manchester United,Manchester City,A,2,0.305258130846214,0.24259170129226482,0.45215016786152107,1.299148158294049,1.631157797077222
2017-12-10,2017-18,Southampton,Arsenal,D,1,0.22447767859247758,0.2310456908909685,0.5444766305165539,1.0728292165817275,1.8021899363001332
2017-12-12,2017-18,Huddersfield Town,Chelsea,A,2,0.17045724230178588,0.21539352421223318,0.6141492334859809,0.9073010508822329,1.9348725308974857
2017-12-12,2017-18,Burnley,Stoke,H,0,0.5205017671588641,0.25373987918657565,0.2257583536545603,1.5671895697618141,0.9374990011851901
2017-12-12,2017-18,Crystal Palace,Watford,H,0,0.42271926303036694,0.26265049082983744,0.3146302461397957,1.4083400210674701,1.1776569237428745
2017-12-13,2017-18,Liverpool,West Bromwich Albion,D,1,0.7474507142425515,0.16228418794908803,0.09026509780836038,2.3556540148937266,0.6838929103026486
2017-12-13,2017-18,Manchester United,Bournemouth,H,0,0.7058704403069083,0.17534150429705295,0.11878805539603873,2.3178753924983617,0.8358775709385498
2017-12-13,2017-18,Newcastle United,Everton,A,2,0.3426383171420083,0.2672873197276102,0.39007436313038146,1.2186953380138006,1.3189180568054042
2017-12-13,2017-18,Southampton,Leicester City,A,2,0.41816921956983233,0.27292603864859566,0.30890474178157196,1.3244190205320014,1.097756860853843
2017-12-13,2017-18,Swansea,Manchester City,A,2,0.09410277658286825,0.16680856396946234,0.7390886594476694,0.689107377593073,2.3120766980710843
2017-12-13,2017-18,Tottenham,Brighton and Hove Albion,H,0,0.7164791522746418,0.1770851505492533,0.10643569717610493,2.2317998187704493,0.7264570728138078
2017-12-13,2017-18,West Ham,Arsenal,D,1,0.17052748473754206,0.2088746617638673,0.6205978534985906,0.951061839430029,2.0155369631737377
2017-12-16,2017-18,Stoke,West Ham,A,2,0.42389299447814127,0.27164014071286247,0.30446686480899615,1.341754616075263,1.093332259964299
2017-12-16,2017-18,Watford,Huddersfield Town,A,2,0.4775040164420719,0.260809592475876,0.26168639108205216,1.4846434711326995,1.0267662342670034
2017-12-16,2017-18,Arsenal,Newcastle United,H,0,0.7545611775544628,0.15595265401578015,0.08948616842975703,2.450424508691719,0.7185360614849491
2017-12-16,2017-18,Brighton and Hove Albion,Burnley,D,1,0.3502193787386509,0.2803708822385655,0.36940973902278357,1.1529783385802213,1.1921519699329375
2017-12-16,2017-18,Chelsea,Southampton,H,0,0.7186768425351044,0.17542740902951234,0.10589574843538321,2.2524102134629196,0.7324380573021901
2017-12-16,2017-18,Leicester City,Crystal Palace,A,2,0.5380306025541874,0.24047918500871185,0.22149021243710068,1.6974953283054321,0.9970533291168825
2017-12-16,2017-18,Manchester City,Tottenham,H,0,0.5633358607050297,0.22145075313935167,0.21521338615561858,1.9140633305573225,1.1000436106510814
2017-12-17,2017-18,Bournemouth,Liverpool,A,2,0.18291383889553928,0.22071984468777497,0.5963663164166858,0.9402507544464455,1.8903112657147723
2017-12-17,2017-18,West Bromwich Albion,Manchester United,A,2,0.1882918487905965,0.22800644877398182,0.5837017024354217,0.9220566927477291,1.8138192338977963
2017-12-18,2017-18,Everton,Swansea,H,0,0.5933027268312937,0.23508011446807853,0.1716171587006278,1.7253452275719787,0.8030227410880928
2017-12-22,2017-18,Arsenal,Liverpool,D,1,0.4413868891658596,0.24239676437665159,0.3162163464574887,1.6197933106161408,1.3361142466679043
2017-12-23,2017-18,Brighton and Hove Albion,Watford,H,0,0.44732765517658346,0.26554076578051794,0.28713157904289854,1.4174138722907215,1.0797782232469857
2017-12-23,2017-18,Burnley,Tottenham,A,2,0.2709238642432198,0.2564876015583922,0.47258853419838814,1.083809960219273,1.5178215664770949
2017-12-23,2017-18,Everton,Chelsea,D,1,0.24389406964459254,0.2518137191545898,0.5042922112008177,1.0169000829123869,1.57993778069617
2017-12-23,2017-18,Leicester City,Manchester United,D,1,0.290302923872887,0.2526459124312337,0.45705116369587934,1.173300015745482,1.5378131195915699
2017-12-23,2017-18,Manchester City,Bournemouth,H,0,0.8877718207394087,0.07894214351763315,0.033286035742958214,3.4113740120159255,0.5891425908622339
2017-12-23,2017-18,Southampton,Huddersfield Town,D,1,0.40924113640568616,0.261019350470768,0.32973951312354594,1.4004720551348595,1.2297146428880301
2017-12-23,2017-18,Stoke,West Bromwich Albion,H,0,0.4191589342429708,0.2654189501961831,0.3154221155608461,1.3813289251677825,1.161592503264843
2017-12-23,2017-18,Swansea,Crystal Palace,D,1,0.29465695101243905,0.2566511573973552,0.44869189159020567,1.1594316843863879,1.4926232280283893
2017-12-23,2017-18,West Ham,Newcastle United,A,2,0.4989567079965369,0.257293498407547,0.243749793595916,1.528202453513541,0.9846095325611519
2017-12-26,2017-18,Liverpool,Swansea,H,0,0.7997103688546278,0.13356107651624188,0.0667285546291303,2.642194150348732,0.6380450179920476
2017-12-26,2017-18,Bournemouth,West Ham,D,1,0.3567585572337312,0.25841116061080294,0.3848302821554659,1.3162944177985105,1.3771556217645662
2017-12-26,2017-18,Chelsea,Brighton and Hove Albion,H,0,0.7556295203951291,0.15821229878821544,0.08615818081665547,2.3904909214276397,0.672541582013339
2017-12-26,2017-18,Huddersfield Town,Stoke,D,1,0.5385379380791191,0.23925541290435193,0.22220664901652895,1.710469034903782,1.0077666648464867
2017-12-26,2017-18,Tottenham,Southampton,H,0,0.7082810978888451,0.17753676676638594,0.11418213534476898,2.262689113423453,0.7840054456599156
2017-12-26,2017-18,Watford,Leicester City,H,0,0.3076458979881232,0.26473730752035063,0.4276167944915261,1.1444867915900103,1.3988062909076202
2017-12-26,2017-18,West Bromwich Albion,Everton,D,1,0.30225149991278677,0.2697697218797766,0.4279787782074366,1.0982932809319121,1.361024393738607
2017-12-26,2017-18,Manchester United,Burnley,D,1,0.6423793255467731,0.20555708397610584,0.15206359047712098,2.017465276527839,0.8629944937933575
2017-12-27,2017-18,Newcastle United,Manchester City,A,2,0.07197464873048613,0.13071267041786308,0.7973126808516507,0.7233179507419819,2.7584182900820338
2017-12-28,2017-18,Crystal Palace,Arsenal,A,2,0.26720771344855704,0.24392071196140488,0.48887157459003805,1.1555651099363824,1.64966930117791
2017-12-30,2017-18,Chelsea,Stoke,H,0,0.786828376212441,0.14084533199383734,0.07232629179372164,2.565818030871995,0.649587505474883
2017-12-30,2017-18,Huddersfield Town,Burnley,D,1,0.4772376593765748,0.2570356653561678,0.26572667526725735,1.5167428581016678,1.0628689975266594
2017-12-30,2017-18,Bournemouth,Everton,H,0,0.29315552930355687,0.2538606752064439,0.45298379548999934,1.173936475403467,1.5223164516197192
2017-12-30,2017-18,Liverpool,Leicester City,H,0,0.6879325860255926,0.18429223305946918,0.1277751809149381,2.224878364869218,0.8413015111247534
2017-12-30,2017-18,Manchester United,Southampton,D,1,0.7020871096870439,0.18193472449655942,0.11597816581639674,2.2084571413354768,0.7691590621601672
2017-12-30,2017-18,Newcastle United,Brighton and Hove Albion,D,1,0.4075835229862576,0.27020110210885034,0.32221537490489194,1.3277386972655356,1.1490898349616328
2017-12-30,2017-18,Watford,Swansea,A,2,0.5258607011401872,0.24732280107966353,0.22681649778014912,1.6281643330033315,0.9776855268668384
2017-12-31,2017-18,Crystal Palace,Manchester City,D,1,0.10861448741771877,0.16221275439392197,0.7291727581883591,0.8498532517766947,2.475450720122133
2017-12-31,2017-18,West Bromwich Albion,Arsenal,D,1,0.20353762194213929,0.2432791912463491,0.5531831868115116,0.9042798155516725,1.6653477207038856
2018-01-01,2017-18,Brighton and Hove Albion,Bournemouth,D,1,0.44550990821164704,0.26264808273017676,0.29184200905817625,1.4384015378607584,1.1116814127851204
2018-01-01,2017-18,Burnley,Liverpool,A,2,0.19351017415327532,0.22199399690994154,0.5844958289367831,0.9866414949331841,1.8876743529545839
2018-01-01,2017-18,Everton,Manchester United,A,2,0.26710984261070553,0.2603709843642008,0.47251917302509366,1.047379548221891,1.484330822827936
2018-01-01,2017-18,Leicester City,Huddersfield Town,H,0,0.45638838410252097,0.2503196785508747,0.29329193734660436,1.5588640481484353,1.1996695123183079
2018-01-01,2017-18,Stoke,Newcastle United,A,2,0.4396425158065247,0.2613768370538669,0.2989806471396085,1.4416663904433815,1.1411512751929196
2018-01-02,2017-18,Manchester City,Watford,H,0,0.8718800118744804,0.08973507856060091,0.03838490956491864,3.2059947327424103,0.5823170098779527
2018-01-02,2017-18,Southampton,Crystal Palace,A,2,0.4019733485553992,0.2599641254851247,0.3380625259594761,1.3966440673768237,1.2588550326191719
2018-01-02,2017-18,Swansea,Tottenham,A,2,0.10533882366308035,0.16013186785313988,0.7345293084837798,0.8364396233582889,2.4903033178865264
2018-01-02,2017-18,West Ham,West Bromwich Albion,H,0,0.4887936085252637,0.24812712680909055,0.2630792646656458,1.6072925553571324,1.110983203289117
2018-01-03,2017-18,Arsenal,Chelsea,D,1,0.32055139540391103,0.2611993947736972,0.4182492098223918,1.2038192125467053,1.4133346818057977
2018-01-04,2017-18,Tottenham,West Ham,D,1,0.7046443922507469,0.17442230886751134,0.12093329888174163,2.342872141084901,0.860096509587302
2018-01-13,2017-18,Chelsea,Leicester City,D,1,0.731771277637318,0.16629403571792742,0.10193468664475455,2.366616652511693,0.7596014971303725
2018-01-13,2017-18,Crystal Palace,Burnley,H,0,0.43815632237965024,0.2661760559592809,0.2956676216610689,1.4014982859819927,1.101209050616034
2018-01-13,2017-18,Huddersfield Town,West Ham,A,2,0.4263274542282078,0.2543948966560368,0.3192776491157555,1.483173975677744,1.249119442661208
2018-01-13,2017-18,Newcastle United,Swansea,D,1,0.5040855895491951,0.2540273817108173,0.2418870287399875,1.5595307443319673,0.9964411375141622
2018-01-13,2017-18,Tottenham,Everton,H,0,0.6671214433783171,0.19699255952611078,0.135885997095572,2.081424827060173,0.8144113369901607
2018-01-13,2017-18,Watford,Southampton,D,1,0.40700637126409134,0.261297642021317,0.3316959867145917,1.3945232183278897,1.2328640256933765
2018-01-13,2017-18,West Bromwich Albion,Brighton and Hove Albion,H,0,0.3859709781918729,0.26983399565434174,0.3441950261537852,1.2930311804751613,1.2053711170053745
2018-01-14,2017-18,Bournemouth,Arsenal,H,0,0.23414446513688517,0.23658888089612914,0.5292666539669857,1.0762558820785761,1.7405670622088647
2018-01-14,2017-18,Liverpool,Manchester City,H,0,0.35504793003402374,0.24883906072821235,0.3961130092377639,1.390376345321812,1.4819989264582627
2018-01-15,2017-18,Manchester United,Stoke,H,0,0.7666631872054919,0.14849287178738627,0.08484394100712181,2.5419238954276677,0.7264560229410373
2018-01-20,2017-18,Everton,West Bromwich Albion,D,1,0.4479901485515096,0.2623758449947102,0.28963400645378024,1.4434870245815028,1.1066964464013218
2018-01-20,2017-18,Brighton and Hove Albion,Chelsea,A,2,0.15539119348021313,0.20731118427654963,0.6372976222432372,0.8719477431733702,2.0034520770543076
2018-01-20,2017-18,Burnley,Manchester United,A,2,0.20497154640257526,0.2321126952794141,0.5629157583180107,0.9762559221452959,1.7813920330285626
2018-01-20,2017-18,Arsenal,Crystal Palace,H,0,0.5644524862382058,0.23140162461320773,0.20414588914858642,1.788729456681494,0.9769208680274152
2018-01-20,2017-18,Leicester City,Watford,H,0,0.5643133846175906,0.23146574874572867,0.20422086663668068,1.7880674017430505,0.9768635500127121
2018-01-20,2017-18,Manchester City,Newcastle United,H,0,0.7924977622743268,0.13762007087626843,0.06988216684940488,2.599922400264045,0.6451847013563453
2018-01-20,2017-18,West Ham,Bournemouth,D,1,0.45517315959859683,0.2540993317838443,0.29072750861755875,1.5225431713910957,1.164531259517801
2018-01-20,2017-18,Stoke,Huddersfield Town,H,0,0.3921799069174704,0.26296453992379093,0.3448555531587387,1.3552899461503798,1.2540785114581223
2018-01-21,2017-18,Southampton,Tottenham,D,1,0.1188657789517407,0.173758547514709,0.7073756735335502,0.8482491827279439,2.3429324539210863
2018-01-22,2017-18,Swansea,Liverpool,H,0,0.11358503879738482,0.17879437918289506,0.7076205820197201,0.7710952162299674,2.2417830550980304
2018-01-30,2017-18,Huddersfield Town,Liverpool,A,2,0.15917852648701994,0.21853450302990504,0.6222869704830751,0.8267950596892044,1.8800601811037039
2018-01-30,2017-18,Swansea,Arsenal,H,0,0.1782750594820491,0.21866790177665915,0.6030570387412918,0.9289059165256446,1.9081430230820464
2018-01-30,2017-18,West Ham,Crystal Palace,D,1,0.4585022317338854,0.2592283760869136,0.28226939217920094,1.4810432944792336,1.1035789489936083
2018-01-31,2017-18,Newcastle United,Burnley,D,1,0.3861714415226564,0.2724243834037286,0.3414041750736149,1.2753563803481969,1.1820852650962685
2018-01-31,2017-18,Chelsea,Bournemouth,A,2,0.747449760217822,0.15857898381997138,0.09397125596220664,2.4390420504194714,0.7422042947934308
2018-01-31,2017-18,Everton,Leicester City,H,0,0.33473831288546135,0.2665451948288631,0.39871649228567557,1.2044366471731554,1.3398115749560424
2018-01-31,2017-18,Southampton,Brighton and Hove Albion,D,1,0.4124583120594219,0.2678045193964438,0.31973716854413425,1.3530176047729143,1.1577809143042415
2018-01-31,2017-18,Stoke,Watford,D,1,0.43854195131971313,0.25727601293167146,0.3041820357486154,1.4748006906549933,1.184161988834563
2018-01-31,2017-18,Tottenham,Manchester United,H,0,0.48794900342902264,0.24828708353735102,0.2637639130336264,1.6052063990452492,1.1123840405790324
2018-01-31,2017-18,Manchester City,West Bromwich Albion,H,0,0.8041425584967361,0.13193016346726905,0.06392727803599493,2.6419899550485595,0.616866272430116
2018-02-03,2017-18,Arsenal,Everton,H,0,0.6018777599842858,0.21709760785342913,0.18102463216228512,1.9307992378818863,0.9539535435361314
2018-02-03,2017-18,Bournemouth,Stoke,H,0,0.5181329083491756,0.251321791927349,0.23054529972347554,1.588843817304809,0.9692399982076298
2018-02-03,2017-18,Brighton and Hove Albion,West Ham,H,0,0.4010644600986946,0.27623177506386754,0.32270376483743796,1.2752781935011843,1.1138618274043952
2018-02-03,2017-18,Burnley,Manchester City,D,1,0.14424700345984534,0.2025003895012835,0.6532526070388712,0.8339157395252713,2.0358337897068832
2018-02-03,2017-18,Leicester City,Swansea,D,1,0.5744495350227393,0.23100919777739656,0.19454126719986417,1.7864521386062109,0.9340879264293525
2018-02-03,2017-18,Manchester United,Huddersfield Town,H,0,0.7327521265142277,0.17443382736796256,0.09281404611780972,2.1992593951671116,0.6352910896784494
2018-02-03,2017-18,West Bromwich Albion,Southampton,A,2,0.4118488391164797,0.2731659846787108,0.31498517620480965,1.3133072229839018,1.1123437903761089
2018-02-04,2017-18,Crystal Palace,Newcastle United,D,1,0.4465295714952179,0.2548921537768582,0.29857827472792403,1.5056252553464502,1.183733105312415
2018-02-04,2017-18,Liverpool,Tottenham,D,1,0.429357009915881,0.2558013776011929,0.3148416124829261,1.4751729855606655,1.2259790109967785
2018-02-05,2017-18,Watford,Chelsea,H,0,0.15194251974125977,0.20600588692173016,0.6420515933370101,0.859435215145233,2.011623719298666
2018-02-10,2017-18,Manchester City,Leicester City,H,0,0.7239262431330954,0.16944262946786592,0.10663112739903875,2.344896360492414,0.7778765179112741
2018-02-10,2017-18,Everton,Crystal Palace,H,0,0.41243076857050776,0.24847562072286666,0.3390936107066256,1.515236756012648,1.3516293700837325
2018-02-10,2017-18,Stoke,Brighton and Hove Albion,D,1,0.3793013053107848,0.2685567886509655,0.3521419060382497,1.2893979947576917,1.2321903409903763
2018-02-10,2017-18,Swansea,Burnley,H,0,0.3854956245051788,0.2682820144305557,0.3462223610642654,1.3032093772318938,1.2204432182711011
2018-02-10,2017-18,West Ham,Watford,H,0,0.4531047100716703,0.26703643510415437,0.2798588548241753,1.4121248811626392,1.0489802435530828
2018-02-10,2017-18,Tottenham,Arsenal,H,0,0.5695934785754823,0.2186422619522768,0.21176425947224092,1.9473557779172148,1.104564852475889
2018-02-11,2017-18,Huddersfield Town,Bournemouth,H,0,0.31345644796320227,0.27690006020034075,0.40964349183645693,1.0867285974455627,1.2843369161889782
2018-02-11,2017-18,Newcastle United,Manchester United,H,0,0.20635057944205976,0.22863814502503715,0.5650112755329031,1.005316531715006,1.8211815461709444
2018-02-11,2017-18,Southampton,Liverpool,A,2,0.20339150015791294,0.23940304106738777,0.5572054587746993,0.9252740770135404,1.7037758366462028
2018-02-12,2017-18,Chelsea,West Bromwich Albion,H,0,0.7279679919991534,0.17224906127052625,0.09978294673032026,2.2657484484245645,0.7030509944874141
2018-02-24,2017-18,Bournemouth,Newcastle United,D,1,0.463095312145655,0.2555678849194311,0.28133680293491387,1.5174367163466669,1.1242275721009922
2018-02-24,2017-18,Brighton and Hove Albion,Swansea,H,0,0.4450221616171979,0.26753395988468504,0.28744387849811703,1.3993084970383787,1.0689239059383875
2018-02-24,2017-18,Burnley,Southampton,D,1,0.44442535481484724,0.2649160575297948,0.29065858765535796,1.418969780047526,1.094116165950568
2018-02-24,2017-18,Leicester City,Stoke,D,1,0.5590353161328523,0.23884638288084792,0.20211830098629976,1.7088861527560897,0.9228297463806806
2018-02-24,2017-18,Liverpool,West Ham,H,0,0.6922369943638853,0.18866756806786594,0.11909543756824872,2.13093695666729,0.7506278614671769
2018-02-24,2017-18,Watford,Everton,H,0,0.40111641220770516,0.2615725804095346,0.33731100738276015,1.3822523818484904,1.245327871184564
2018-02-24,2017-18,West Bromwich Albion,Huddersfield Town,A,2,0.38578215581804676,0.2766757010789948,0.3375421431029585,1.2461644123600273,1.1467977439282206
2018-02-25,2017-18,Crystal Palace,Tottenham,A,2,0.1493358690454838,0.18892770102835962,0.6617364299261566,0.9630459597505725,2.237250599760229
2018-02-25,2017-18,Manchester United,Chelsea,H,0,0.4498134944561599,0.2631007102967466,0.2870857952470936,1.4396599566308266,1.0944326517313412
2018-03-01,2017-18,Arsenal,Manchester City,A,2,0.24150938083096032,0.23222004743049365,0.5262705717385461,1.1394925572647934,1.791198013997493
2018-03-03,2017-18,Southampton,Stoke,D,1,0.4638170176319645,0.26879164871375716,0.2673913336542784,1.409346479501842,1.0006594110315168
2018-03-03,2017-18,Burnley,Everton,H,0,0.41335515352939883,0.26472034679903894,0.32192449967156217,1.377855674689891,1.183660297142064
2018-03-03,2017-18,Liverpool,Newcastle United,H,0,0.7560863550428961,0.14825474233638838,0.09565890262071544,2.637643826691374,0.8411345038456981
2018-03-03,2017-18,Watford,West Bromwich Albion,H,0,0.5148717893326878,0.25555209839571025,0.22957611227160182,1.5496439198423029,0.9421923982743734
2018-03-03,2017-18,Swansea,West Ham,H,0,0.40114175256050194,0.2673247043325017,0.3315335431069964,1.3381746147744438,1.1912400533513756
2018-03-03,2017-18,Leicester City,Bournemouth,D,1,0.5125382090190639,0.2478087397638757,0.23965305121706043,1.6209473492778967,1.0251698563457636
2018-03-03,2017-18,Tottenham,Huddersfield Town,H,0,0.768003859742556,0.15165160111863843,0.08034453913880564,2.4516368721449457,0.6596033259672023
2018-03-04,2017-18,Brighton and Hove Albion,Arsenal,H,0,0.3128817831431165,0.25105450733772394,0.4360637095191595,1.2555690837969962,1.5272941226954593
2018-03-04,2017-18,Manchester City,Chelsea,H,0,0.6450471835710209,0.20189365465421727,0.15305916177476186,2.0665061167989864,0.8930257180365342
2018-03-05,2017-18,Crystal Palace,Manchester United,A,2,0.19883617946624751,0.23198445946694418,0.5691793610668083,0.9484336346519026,1.778971831472872
2018-03-10,2017-18,Chelsea,Crystal Palace,H,0,0.6609174462129758,0.20035454921984236,0.13872800456718193,2.047415903405888,0.8122060777895553
2018-03-10,2017-18,Everton,Brighton and Hove Albion,H,0,0.382816454361618,0.25342511810914037,0.3637584275292416,1.4145162819643984,1.3725720078702945
2018-03-10,2017-18,Huddersfield Town,Swansea,D,1,0.4011895491977993,0.2676450967374116,0.3311653540647891,1.335884559150116,1.1882057345903803
2018-03-10,2017-18,Manchester United,Liverpool,H,0,0.3767198568036141,0.25808507242904394,0.3651950707673419,1.363210695421452,1.3381949813465595
2018-03-10,2017-18,Newcastle United,Southampton,H,0,0.4656272564299367,0.2530355932761952,0.2813371502938682,1.542747828469225,1.1411839672482489
2018-03-10,2017-18,West Bromwich Albion,Leicester City,A,2,0.24997095331020588,0.24794932726719787,0.5020797194225963,1.0636541502401207,1.6159052814540247
2018-03-10,2017-18,West Ham,Burnley,A,2,0.3667208987992972,0.2627936161030099,0.3704854850976929,1.3055045969321961,1.313565431842493
2018-03-11,2017-18,Arsenal,Watford,H,0,0.5649459835029805,0.23114577001010814,0.20390824648691142,1.7914105112492782,0.977437208650283
2018-03-11,2017-18,Bournemouth,Tottenham,A,2,0.14601709458456535,0.19052870968285526,0.6634541957325794,0.9272663113849842,2.202227311843412
2018-03-12,2017-18,Stoke,Manchester City,A,2,0.0912677094325568,0.1670182513163894,0.7417140392510538,0.6639071351512011,2.292202863994421
2018-03-17,2017-18,Bournemouth,West Bromwich Albion,H,0,0.5337692738683653,0.23489623123427536,0.23133449489735933,1.7594196805770455,1.075996199196178
2018-03-17,2017-18,Huddersfield Town,Crystal Palace,A,2,0.47091432738473277,0.25723494145636144,0.2718507311589058,1.5098480866106554,1.0822167812573729
2018-03-17,2017-18,Liverpool,Watford,H,0,0.7465493329992503,0.1597747462329431,0.09367592076780662,2.4175173086111745,0.7311025222721939
2018-03-17,2017-18,Stoke,Everton,A,2,0.3240337233278788,0.26934044891188325,0.40662582776023803,1.1591718721776947,1.3324426136941225
2018-03-31,2017-18,Brighton and Hove Albion,Leicester City,A,2,0.39514917192688875,0.26561475063703693,0.33923607743607426,1.340500027569259,1.2218464178210948
2018-03-31,2017-18,Crystal Palace,Liverpool,A,2,0.15011348469576655,0.20003622220957398,0.6498502930946595,0.8868843785547231,2.0830602018674482
2018-03-31,2017-18,Everton,Manchester City,A,2,0.16589191407474907,0.21347497635354487,0.620633109571706,0.8939497134670463,1.9498366801072593
2018-03-31,2017-18,Manchester United,Swansea,H,0,0.722372852810789,0.17811122168335314,0.0995159255058578,2.184466401835509,0.6672534150270304
2018-03-31,2017-18,Newcastle United,Huddersfield Town,H,0,0.48892263900878236,0.25045277968461865,0.26062458130659905,1.584933970235545,1.0866656653275693
2018-03-31,2017-18,Watford,Bournemouth,D,1,0.419507964339253,0.25944769133774875,0.3210443443229982,1.4296209359444496,1.2174021787488971
2018-03-31,2017-18,West Bromwich Albion,Burnley,A,2,0.27368983113606,0.25983436959420064,0.4664757992697393,1.0721964602381568,1.4835870005735654
2018-03-31,2017-18,West Ham,Southampton,H,0,0.40436822409288764,0.2700885882780548,0.3255431876290576,1.3233503429415738,1.1582894256156675
2018-04-01,2017-18,Arsenal,Stoke,H,0,0.6751783858661166,0.19336210831024844,0.131459505823635,2.1141289724734538,0.8074920385982947
2018-04-01,2017-18,Chelsea,Tottenham,A,2,0.3404105062073771,0.25289184549064403,0.4066976483019789,1.3189508558326122,1.4648813290894993
2018-04-07,2017-18,Bournemouth,Crystal Palace,D,1,0.45965783757348844,0.24318358533622234,0.29715857709028914,1.6332626683701945,1.2672933313774783
2018-04-07,2017-18,Brighton and Hove Albion,Huddersfield Town,D,1,0.5421512182484689,0.24553985571231082,0.21230892603922027,1.6452937115738298,0.9288151513372832
2018-04-07,2017-18,Everton,Liverpool,D,1,0.22368484010671408,0.23623747952337482,0.5400776803699111,1.033670987859525,1.7432778193164162
2018-04-07,2017-18,Leicester City,Newcastle United,A,2,0.4771901792747515,0.24942787576488673,0.27338194496036183,1.586603855304296,1.1387994382933266
2018-04-07,2017-18,Manchester City,Manchester United,A,2,0.5755373445734162,0.23409480030843502,0.19036785511814872,1.7507724405124687,0.8963961966944877
2018-04-07,2017-18,Stoke,Tottenham,A,2,0.08320799072033014,0.15300501329337224,0.7637869959862976,0.678481334325422,2.451836931846021
2018-04-07,2017-18,Watford,Burnley,A,2,0.30500517109155034,0.2657853535355049,0.4292094753729448,1.1303962215788972,1.3928351521861149
2018-04-07,2017-18,West Bromwich Albion,Swansea,D,1,0.3505624641365087,0.2764549889090947,0.3729825469543966,1.177450524287071,1.2236840610493993
2018-04-08,2017-18,Arsenal,Southampton,H,0,0.6580117205168747,0.20137088750924564,0.14061739197387957,2.0400691526914,0.8180283170134354
2018-04-08,2017-18,Chelsea,West Ham,D,1,0.7099308895356992,0.17759809007334618,0.11247102039095454,2.253638955737747,0.7702362841900172
2018-04-14,2017-18,Liverpool,Bournemouth,H,0,0.6924900755402472,0.1857847579262464,0.12172516653350632,2.1795571609332716,0.7870746071897368
2018-04-14,2017-18,Burnley,Leicester City,H,0,0.4420828521667532,0.2599131102946572,0.29800403753858956,1.45683614485746,1.1478232889160036
2018-04-14,2017-18,Crystal Palace,Brighton and Hove Albion,H,0,0.38988275458417576,0.25320886511768875,0.3569083802981355,1.4307026504022806,1.3581000748216818
2018-04-14,2017-18,Southampton,Chelsea,A,2,0.1988155393893265,0.23520247398149288,0.5659819866291805,0.9290560844368149,1.7447486314599767
2018-04-14,2017-18,Swansea,Everton,D,1,0.31801381574674215,0.261799832615129,0.4201863516381288,1.1927442259374041,1.4114165935591505
2018-04-14,2017-18,Tottenham,Manchester City,A,2,0.38616546393223466,0.2598394941570609,0.3539950419107045,1.368343371006002,1.298892179726752
2018-04-14,2017-18,Huddersfield Town,Watford,H,0,0.41895344200059237,0.26620929770228485,0.3148372602971227,1.3749521539238498,1.1549034289872715
2018-04-15,2017-18,Manchester United,West Bromwich Albion,A,2,0.8118267459330507,0.1280079478812486,0.06016530618570066,2.673021605605573,0.5992799909658301
2018-04-15,2017-18,Newcastle United,Arsenal,H,0,0.3372650357350136,0.2542760676090637,0.4084588966559227,1.2997029076586808,1.4557462446670553
2018-04-16,2017-18,West Ham,Stoke,D,1,0.5059321622002101,0.25127822427812335,0.24278961352166664,1.5855837104214205,1.015987336031645
2018-04-17,2017-18,Brighton and Hove Albion,Tottenham,D,1,0.17296101762678995,0.2151840825356139,0.6118548998375961,0.9224867707945864,1.9415004565967746
2018-04-18,2017-18,Bournemouth,Manchester United,A,2,0.21729717093508316,0.2386806157935281,0.5440222132713888,0.9902849243933747,1.715633139274667
2018-04-19,2017-18,Burnley,Chelsea,A,2,0.319321454894854,0.25971221059502086,0.42096633451012516,1.2107791327924669,1.4296415203682715
2018-04-19,2017-18,Leicester City,Southampton,D,1,0.5818760626817611,0.23063029741133684,0.18749363990690218,1.7847897566788304,0.902636043874379
2018-04-21,2017-18,Watford,Crystal Palace,D,1,0.3449975827041311,0.25331832700351625,0.4016840902923526,1.3274813646375418,1.4521636639322297
2018-04-21,2017-18,West Bromwich Albion,Liverpool,D,1,0.13222578080657085,0.20477698864310334,0.6629972305503259,0.7464835581007976,1.9767435377984452
2018-04-22,2017-18,Arsenal,West Ham,H,0,0.6526615747779246,0.20264417401815274,0.1446942512039226,2.035224306438148,0.8358210534331644
2018-04-22,2017-18,Manchester City,Swansea,H,0,0.860176471699581,0.09885649916364811,0.04096702913677083,3.0136893957057427,0.5466014449712937
2018-04-22,2017-18,Stoke,Burnley,D,1,0.26405009493708353,0.2543649539108505,0.48158495115206595,1.0737161006796365,1.5437633828753334
2018-04-23,2017-18,Everton,Newcastle United,H,0,0.4622624915247879,0.2627923164589594,0.2749451920162527,1.4550881224930392,1.0584342494033332
2018-04-28,2017-18,Liverpool,Stoke,D,1,0.8118240718816281,0.12626572009727202,0.061910208021099825,2.728739728893414,0.6334646292532818
2018-04-28,2017-18,Crystal Palace,Leicester City,H,0,0.3907576213470256,0.2645830800768172,0.34465929857615724,1.3402937439314155,1.242152833898775
2018-04-28,2017-18,Huddersfield Town,Everton,A,2,0.3136976989795642,0.2673233421370192,0.41897895888341674,1.1447208239876983,1.3665285335622281
2018-04-28,2017-18,Swansea,Chelsea,A,2,0.15141728519152678,0.2071805929189019,0.6414021218895714,0.84898472609462,1.9960181284987109
2018-04-28,2017-18,Newcastle United,West Bromwich Albion,A,2,0.5676383821147579,0.24227229900102862,0.19008931888421346,1.6696006407580317,0.851222485903372
2018-04-28,2017-18,Southampton,Bournemouth,H,0,0.38971401669356004,0.26887407838941885,0.34141190491702106,1.3067546853176768,1.2051515144012834
2018-04-28,2017-18,Burnley,Brighton and Hove Albion,D,1,0.5312131577100807,0.24521433844351315,0.22357250384640606,1.6492410666543447,0.9770144635032527
2018-04-29,2017-18,Manchester United,Arsenal,H,0,0.5001406016228556,0.24132714552158036,0.258532252855564,1.682772264357583,1.141542794116219
2018-04-29,2017-18,West Ham,Manchester City,A,2,0.07123255817829842,0.13279364812488226,0.7959737936968193,0.6970390521494028,2.706986426108555
2018-04-30,2017-18,Tottenham,Watford,H,0,0.7716238507340409,0.14933221079007908,0.07904393847588005,2.479334415090077,0.6619685181996477
2018-05-04,2017-18,Brighton and Hove Albion,Manchester United,H,0,0.18119836583813237,0.22299248471403577,0.5958091494478318,0.9170367586404885,1.8620532004669994
2018-05-05,2017-18,Bournemouth,Swansea,H,0,0.510149199986536,0.25002053357152704,0.239830266441937,1.598929094348688,1.0123730382153528
2018-05-05,2017-18,Everton,Southampton,D,1,0.5256098890699331,0.25205754405094455,0.22233256687912237,1.5833363859968375,0.9333682159865201
2018-05-05,2017-18,Leicester City,West Ham,A,2,0.5187702271304994,0.2532948049386299,0.22793496793087073,1.5708492634034938,0.9482331278328587
2018-05-05,2017-18,Stoke,Crystal Palace,A,2,0.31397462000108217,0.2542897609124897,0.431735619086428,1.2345127780009315,1.4918625864589408
2018-05-05,2017-18,Watford,Newcastle United,H,0,0.3362877012467102,0.27634441716622243,0.38736788158706736,1.1458743248485472,1.2511741607127929
2018-05-05,2017-18,West Bromwich Albion,Tottenham,H,0,0.1522993622973592,0.21402235796100616,0.6336782797416347,0.8139556919078136,1.9178347871839532
2018-05-06,2017-18,Arsenal,Burnley,H,0,0.5541067524256077,0.23606346145781817,0.20982978611657405,1.7410371095399375,0.9736786854669186
2018-05-06,2017-18,Chelsea,Liverpool,H,0,0.4186680939121088,0.2626263580692285,0.31870554801866263,1.402498664047076,1.189029951675583
2018-05-06,2017-18,Manchester City,Huddersfield Town,D,1,0.9142258211412421,0.06305038642020715,0.022723792438550845,3.6167026769923556,0.5028477090008848
2018-05-08,2017-18,Swansea,Southampton,A,2,0.35844399804039906,0.2693556968959805,0.37220030506362056,1.2407613781408824,1.2696784137166324
2018-05-09,2017-18,Chelsea,Huddersfield Town,D,1,0.7333766512498265,0.17495423500968008,0.09166911374049343,2.1865959603771716,0.6236746572581442
2018-05-09,2017-18,Leicester City,Arsenal,H,0,0.2743828492336973,0.25756863037356564,0.4680485203927371,1.0885109925134857,1.504432420714667
2018-05-09,2017-18,Manchester City,Brighton and Hove Albion,H,0,0.8636956800960066,0.09494334718790437,0.041360972716089,3.126671438527748,0.5880714739154577
2018-05-09,2017-18,Tottenham,Newcastle United,H,0,0.6907014659129491,0.18867447661929274,0.12062405746775813,2.1366666587567273,0.7613490035634585
2018-05-10,2017-18,West Ham,Manchester United,D,1,0.1965445390136698,0.23962265363616309,0.563832807350167,0.8937573335896792,1.6985263534210437
2018-05-13,2017-18,Manchester United,Watford,H,0,0.7007293907612476,0.18832589272896275,0.11094471650978954,2.103789564063736,0.6953193036245973
2018-05-13,2017-18,Burnley,Bournemouth,A,2,0.47027552798608796,0.2563553451317519,0.27336912688216014,1.5170214430829227,1.0928231956483574
2018-05-13,2017-18,Huddersfield Town,Arsenal,A,2,0.2537407084587748,0.25608498889554177,0.49017430264568357,1.0271265019678124,1.5340164049991478
2018-05-13,2017-18,Liverpool,Brighton and Hove Albion,H,0,0.7033937669173623,0.18442894922880826,0.11217728385382943,2.1585280098860644,0.7259353473851505
2018-05-13,2017-18,Crystal Palace,West Bromwich Albion,H,0,0.5310481660833439,0.2455804378059585,0.22337139611069756,1.6455925610878523,0.9740372744590196
2018-05-13,2017-18,Tottenham,Leicester City,H,0,0.6529011042053058,0.2026682547285869,0.14443064106610734,2.0342311462903924,0.8340271642968463
2018-05-13,2017-18,Southampton,Manchester City,A,2,0.11274838482526277,0.18355759515346348,0.7036940200212738,0.7352335495599773,2.172463983234065
2018-05-13,2017-18,Swansea,Stoke,A,2,0.4208406768769654,0.26664630745630474,0.3125130156667299,1.374400132923098,1.1457920688236691
2018-05-13,2017-18,West Ham,Everton,H,0,0.34792199766337023,0.2815481062646936,0.37052989607193615,1.1411262081091469,1.1871351094373326
2018-05-13,2017-18,Newcastle United,Chelsea,H,0,0.20298115507921685,0.24572116627847962,0.5512976786423035,0.8888268869282758,1.641722477556451
2018-08-10,2018-19,Manchester United,Leicester City,H,0,0.621616313888908,0.2217854259216168,0.15659826018947526,1.840828239373775,0.7953983021843148
2018-08-11,2018-19,Watford,Brighton and Hove Albion,H,0,0.45438094069247986,0.27204472639481997,0.27357433291270006,1.375849170976842,1.0022474476674874
2018-08-11,2018-19,Huddersfield Town,Chelsea,A,2,0.2337895992664145,0.2559508382037456,0.51025956252984,0.9557288223190673,1.5446820125022396
2018-08-11,2018-19,Newcastle United,Tottenham,A,2,0.2585705225681339,0.2579130733633517,0.48351640406851454,1.0331301377666502,1.5136943885202203
2018-08-12,2018-19,Arsenal,Manchester City,A,2,0.274432728938152,0.2504931871264227,0.4750740839354253,1.135120725324056,1.5747355375212924
2018-08-12,2018-19,Liverpool,West Ham,H,0,0.6854668151287905,0.19165524767484013,0.1228779371963694,2.106467999315901,0.759317320701817
2018-08-12,2018-19,Southampton,Burnley,D,1,0.4257710848791409,0.2784887600107682,0.2957401551100909,1.2967962011304868,1.0313567578480234
2018-08-18,2018-19,Cardiff City,Newcastle United,D,1,0.4208686348002023,0.24623803791089346,0.3328933272889043,1.5507664093636915,1.3532767593650588
2018-08-18,2018-19,Chelsea,Arsenal,H,0,0.5310384057804867,0.24147696308925995,0.2274846311302533,1.6874936552568376,1.0159426437245862
2018-08-18,2018-19,Everton,Southampton,H,0,0.4835986432215526,0.2695543122560003,0.2468470445224472,1.4196444692856942,0.9306942782763958
2018-08-18,2018-19,Leicester City,Wolverhampton Wanderers,H,0,0.40412065813920817,0.2684809014980408,0.32739844036275095,1.3346349511902502,1.1732520883908828
2018-08-18,2018-19,Tottenham,Fulham,H,0,0.6752877584151298,0.19931559894791429,0.12539664263695594,2.020798805096157,0.7329593050037437
2018-08-18,2018-19,West Ham,Bournemouth,A,2,0.3569095790406334,0.2606124865502499,0.38247793440911676,1.299876666889049,1.3549579219621737
2018-08-19,2018-19,Brighton and Hove Albion,Manchester United,H,0,0.21696063294842907,0.25434697580645754,0.5286923912451134,0.9004461865278004,1.5629927809693047
2018-08-19,2018-19,Burnley,Watford,A,2,0.46447578166393527,0.26248251886194046,0.27304169947412416,1.459712660434281,1.0541898145935218
2018-08-19,2018-19,Manchester City,Huddersfield Town,H,0,0.8039078882016357,0.13494994256522075,0.06114216923314353,2.5574224450269925,0.5653952341215538
2018-08-20,2018-19,Crystal Palace,Liverpool,A,2,0.2701375835794464,0.2500394449500681,0.4798229714704855,1.1232446029498795,1.5827286324224636
2018-08-25,2018-19,Arsenal,West Ham,H,0,0.598877971890749,0.21775254959242651,0.18336947851682459,1.926176969869362,0.9621775888639246
2018-08-25,2018-19,Bournemouth,Everton,D,1,0.4468312879438065,0.25995148429820164,0.2932172277579919,1.4621998043193278,1.133073410988417
2018-08-25,2018-19,Huddersfield Town,Cardiff City,D,1,0.3311590553087944,0.2525496108016913,0.4162913338895144,1.2967031061497007,1.484137855942514
2018-08-25,2018-19,Liverpool,Brighton and Hove Albion,H,0,0.7639762161766095,0.15161998844280264,0.08440379538058777,2.484159047347111,0.6995375846582765
2018-08-25,2018-19,Southampton,Leicester City,A,2,0.4067762606562181,0.27117449947469674,0.3220492398690852,1.319461152580609,1.1426159587456413
2018-08-25,2018-19,Wolverhampton Wanderers,Manchester City,D,1,0.1788587339469466,0.23525127813896443,0.585889987914089,0.836272699255282,1.7300958782731768
2018-08-26,2018-19,Fulham,Burnley,H,0,0.40511564570196906,0.2612400607485716,0.3336442935494593,1.3917946298405388,1.2383231737377602
2018-08-26,2018-19,Newcastle United,Chelsea,A,2,0.2509354025947973,0.24536667477136265,0.5036979226338401,1.0842473093199696,1.6422593895992268
2018-08-26,2018-19,Watford,Crystal Palace,H,0,0.42604364306213705,0.26295643350475423,0.3109999234331087,1.4106859569792207,1.165494045691552
2018-08-27,2018-19,Manchester United,Tottenham,A,2,0.35201075124218295,0.2642600709373702,0.38372917782044696,1.2618032863499267,1.3294156381287565
2018-09-01,2018-19,Everton,Huddersfield Town,D,1,0.5908776873523948,0.22756586473396517,0.18155644791364006,1.8119219728331524,0.8914531414277569
2018-09-01,2018-19,Brighton and Hove Albion,Fulham,D,1,0.3832289128983122,0.2593375931738523,0.35743349392783563,1.3665320122523823,1.3107553268433039
2018-09-01,2018-19,Chelsea,Bournemouth,H,0,0.5741928866146127,0.22266992142257533,0.20313719196281196,1.8890065971799819,1.0307098644669497
2018-09-01,2018-19,Leicester City,Liverpool,A,2,0.20263926990171321,0.2252940937416174,0.5720666363566694,1.0099564095099691,1.857237361059631
2018-09-01,2018-19,Manchester City,Newcastle United,H,0,0.7893861564403885,0.13815847118134617,0.07245537237826541,2.6160156307100957,0.6700954704325551
2018-09-01,2018-19,West Ham,Wolverhampton Wanderers,A,2,0.35359631354590787,0.2678306714199133,0.37857301503417895,1.2404351927570432,1.2931528877491685
2018-09-01,2018-19,Crystal Palace,Southampton,A,2,0.4915645626565949,0.25933465593037774,0.24910078141302744,1.5066382786588028,0.9921118360181058
2018-09-02,2018-19,Burnley,Manchester United,A,2,0.26434231173883466,0.25650896237534354,0.4791487258858218,1.061388511179177,1.5228249030758902
2018-09-02,2018-19,Cardiff City,Arsenal,A,2,0.34056189547346516,0.2558472116593856,0.4035908928671492,1.2961523688606085,1.43370103775939
2018-09-02,2018-19,Watford,Tottenham,H,0,0.2348990284217294,0.24222543401821733,0.5228755375600532,1.0416252766915666,1.6793179037733375
2018-09-15,2018-19,Chelsea,Cardiff City,H,0,0.6577869016564328,0.20111781771940004,0.14109528062416718,2.044533725588041,0.8225908871746235
2018-09-15,2018-19,Huddersfield Town,Crystal Palace,A,2,0.33722786790058146,0.25807742258986166,0.4046947095095569,1.2706224664134802,1.4168598599432565
2018-09-15,2018-19,Bournemouth,Leicester City,H,0,0.5011167000854109,0.2518726562358867,0.24701064367870235,1.578032942261413,1.0280964133177235
2018-09-15,2018-19,Manchester City,Fulham,H,0,0.8055581374903388,0.12653765374710607,0.06790420876255515,2.798319934996939,0.7076657425215568
2018-09-15,2018-19,Tottenham,Liverpool,A,2,0.3869829098834326,0.24558382450981847,0.3674332656067489,1.4939544373209017,1.449866121534307
2018-09-15,2018-19,Watford,Manchester United,A,2,0.3053316184397652,0.2688649287302598,0.42580345282997506,1.1122818230044653,1.364752408989438
2018-09-15,2018-19,Newcastle United,Arsenal,A,2,0.2833895249438429,0.2504524562198598,0.4661580188362973,1.1659473280997898,1.5673800660989827
2018-09-16,2018-19,Everton,West Ham,A,2,0.551842963521572,0.23780692100938872,0.21035011546903923,1.7228186537050554,0.9653218981665915
2018-09-16,2018-19,Wolverhampton Wanderers,Burnley,H,0,0.51101596287406,0.25284545588879054,0.23613858123714954,1.572847484280484,0.9818404270560351
2018-09-17,2018-19,Southampton,Brighton and Hove Albion,D,1,0.4567071298411537,0.25547052709685114,0.28782234306199517,1.5118720616714825,1.145865020601957
2018-09-22,2018-19,Crystal Palace,Newcastle United,D,1,0.48644069159944625,0.25525254695931876,0.258306761441235,1.5390886193692328,1.0481856245919687
2018-09-22,2018-19,Brighton and Hove Albion,Tottenham,A,2,0.22994474808098084,0.2314083786191178,0.5386468732999014,1.0947652525736256,1.7994126604014762
2018-09-22,2018-19,Burnley,Bournemouth,H,0,0.2810079153376514,0.24232274263607526,0.4766693420262733,1.2178543299699298,1.6578847795083593
2018-09-22,2018-19,Cardiff City,Manchester City,A,2,0.08847134849214731,0.1423671648089668,0.7691614866988858,0.8154984660058773,2.6908679538832865
2018-09-22,2018-19,Leicester City,Huddersfield Town,H,0,0.5415029468192404,0.24805938335159589,0.21043766982916373,1.6209417121113467,0.907373618808016
2018-09-22,2018-19,Liverpool,Southampton,H,0,0.7807651002765823,0.1379766757455635,0.0812582239778541,2.709259435530048,0.7720130229789067
2018-09-22,2018-19,Manchester United,Wolverhampton Wanderers,D,1,0.5720919439706195,0.22579191858015307,0.20211613744922746,1.8509781329215962,1.0040044186372918
2018-09-22,2018-19,Fulham,Watford,D,1,0.36556648112176476,0.2555727761656476,0.37886074271258763,1.359102521739963,1.388174617503936
2018-09-23,2018-19,Arsenal,Everton,H,0,0.5551477311350508,0.23865623925851306,0.2061960296064362,1.712492905221962,0.9419527750527253
2018-09-23,2018-19,West Ham,Chelsea,D,1,0.1759849991458399,0.21318994784089282,0.6108250530132673,0.9525789192919235,1.9708927207011906
2018-09-29,2018-19,Chelsea,Liverpool,D,1,0.37371697632700523,0.2559037937139484,0.3703792299590464,1.3744836756501897,1.3671914621926156
2018-09-29,2018-19,Huddersfield Town,Tottenham,A,2,0.1540510647950793,0.2084471117405418,0.6375018234643789,0.8568797898646006,1.9865985934938162
2018-09-29,2018-19,Arsenal,Watford,H,0,0.5718293385308993,0.2335452074023165,0.1946254540667841,1.7594888932016777,0.9194150361624066
2018-09-29,2018-19,Everton,Fulham,H,0,0.48230178511902383,0.24411143460491272,0.2735867802760634,1.643403819919724,1.1775354471630122
2018-09-29,2018-19,West Ham,Manchester United,H,0,0.23627472475383737,0.2418471561008549,0.5218781191453077,1.0496805417639923,1.6831715914290424
2018-09-29,2018-19,Wolverhampton Wanderers,Southampton,H,0,0.5563702923510347,0.23314964117934323,0.21048006646962208,1.7728693332532308,0.9949871344320055
2018-09-29,2018-19,Newcastle United,Leicester City,A,2,0.360314263610306,0.27828579170293877,0.36139994468675524,1.186803268492531,1.1890317247563138
2018-09-29,2018-19,Manchester City,Brighton and Hove Albion,H,0,0.8751186827873073,0.08479206429203955,0.04008925292065319,3.414337690015335,0.6732344112002505
2018-09-30,2018-19,Cardiff City,Burnley,A,2,0.4224148854282785,0.2600541407344208,0.3175309738373008,1.4289824320382878,1.203417703801855
2018-10-01,2018-19,Bournemouth,Crystal Palace,H,0,0.5042178771393894,0.2454577747011612,0.25032434815944943,1.641540876570593,1.0813011717237
2018-10-05,2018-19,Brighton and Hove Albion,West Ham,H,0,0.390721278337936,0.2579234265700928,0.3513552950919711,1.392627192181304,1.307177895088096
2018-10-06,2018-19,Burnley,Huddersfield Town,D,1,0.5037110118512057,0.25297434229586846,0.24331464585292578,1.5689725126066214,1.007856030406502
2018-10-06,2018-19,Crystal Palace,Wolverhampton Wanderers,A,2,0.32895606879367456,0.26254372952567273,0.4085002016806528,1.216982549848012,1.3870856504685654
2018-10-06,2018-19,Leicester City,Everton,A,2,0.4568787957701755,0.26402832628680606,0.27909287794301857,1.4397515360071762,1.0641663161987176
2018-10-06,2018-19,Manchester United,Newcastle United,H,0,0.6830702700285277,0.19633578552581132,0.12059394444566089,2.0409571454304887,0.7177889384568906
2018-10-06,2018-19,Tottenham,Cardiff City,H,0,0.7190885680348242,0.1760892020350239,0.1048222299301518,2.237744928963037,0.7199168358287801
2018-10-06,2018-19,Watford,Bournemouth,A,2,0.38166785020185695,0.25786828724116523,0.36046386255697777,1.3751806823981807,1.3291306025745744
2018-10-07,2018-19,Fulham,Arsenal,A,2,0.24730134676736282,0.23683361469238368,0.5158650385402535,1.1295030565386954,1.736863129118476
2018-10-07,2018-19,Liverpool,Manchester City,D,1,0.3052648303720897,0.24075400224766602,0.45398116738024424,1.3146642710582117,1.6527391579573483
2018-10-07,2018-19,Southampton,Chelsea,A,2,0.19474437780928222,0.22417700965191723,0.5810786125388006,0.9782790645938594,1.86324298205601
2018-10-20,2018-19,Bournemouth,Southampton,D,1,0.5999904693810911,0.21129744326750108,0.1887120873514077,2.015819131273695,1.037759777324474
2018-10-20,2018-19,Cardiff City,Fulham,H,0,0.41698225459381094,0.2553274394404466,0.32769030596574245,1.4606737085380592,1.2657649158231488
2018-10-20,2018-19,Chelsea,Manchester United,D,1,0.5141219688059773,0.23578831158398034,0.25008971961004234,1.7484118040162686,1.1487277647854026
2018-10-20,2018-19,Huddersfield Town,Liverpool,A,2,0.15329756121654753,0.21807371778333445,0.628628721000118,0.7972916796322549,1.8749361540833143
2018-10-20,2018-19,Manchester City,Burnley,H,0,0.8676485248283745,0.09273031724589986,0.03962115792572557,3.1487843571739123,0.5769171452816618
2018-10-20,2018-19,Newcastle United,Brighton and Hove Albion,A,2,0.37418273806035074,0.264570904916451,0.3612463570231982,1.3080450595970439,1.280486307810364
2018-10-20,2018-19,West Ham,Tottenham,A,2,0.21425688766768192,0.23792070946792995,0.5478224028643881,0.9817738101810278,1.7228654358444322
2018-10-20,2018-19,Wolverhampton Wanderers,Watford,A,2,0.5731589843495494,0.2307580925467685,0.1960829231036821,1.790329810966556,0.942939633914569
2018-10-21,2018-19,Everton,Crystal Palace,H,0,0.5306129295741564,0.24889032626945634,0.2204967441563873,1.6133766101447942,0.9435126912937845
2018-10-22,2018-19,Arsenal,Leicester City,H,0,0.5503134489142263,0.2394012671621743,0.2102852839235994,1.7062430453933144,0.9554772336218498
2018-10-27,2018-19,Brighton and Hove Albion,Wolverhampton Wanderers,H,0,0.3223259662193274,0.26162180375215627,0.4160522300285163,1.2057273673271263,1.4065309213670167
2018-10-27,2018-19,Fulham,Bournemouth,A,2,0.27486949445565956,0.2410851660044482,0.4840453395398922,1.2050829233709048,1.6764628666516619
2018-10-27,2018-19,Leicester City,West Ham,D,1,0.470812510378576,0.2557533068862047,0.2734341827352193,1.5228194113333382,1.0968824415117886
2018-10-27,2018-19,Liverpool,Cardiff City,H,0,0.7497912945181373,0.16002870151551427,0.09018000396634848,2.389805250629132,0.6975341332759591
2018-10-27,2018-19,Southampton,Newcastle United,D,1,0.4339309792018786,0.26417624547615,0.30189277532197145,1.4117548158610205,1.1316815224665273
2018-10-27,2018-19,Watford,Huddersfield Town,H,0,0.5387571877239845,0.24242349223491028,0.2188193200411052,1.6771200952243122,0.9739545790610594
2018-10-28,2018-19,Burnley,Chelsea,A,2,0.14800184114529857,0.19026815271678685,0.6617300061379146,0.9431417683105771,2.212717000435034
2018-10-28,2018-19,Crystal Palace,Arsenal,D,1,0.24799515769214628,0.25598050550999635,0.49602433679785735,1.0073158159491076,1.5382426362711543
2018-10-28,2018-19,Manchester United,Everton,H,0,0.5263100545027012,0.24089664628309249,0.23279329921420638,1.6935561262668575,1.0416371451832922
2018-10-29,2018-19,Tottenham,Manchester City,A,2,0.262195850953538,0.22905418356925294,0.5087499654772091,1.2533108552901606,1.8280556246730533
2018-11-03,2018-19,Everton,Brighton and Hove Albion,H,0,0.5324723074774902,0.24285108212249595,0.2246766104000138,1.6731826124286797,0.9957642293067732
2018-11-03,2018-19,Arsenal,Liverpool,D,1,0.3301669168846029,0.26030149073357584,0.4095315923818212,1.2359426290654625,1.4067608397586726
2018-11-03,2018-19,Bournemouth,Manchester United,A,2,0.3710438499197882,0.2593259251649287,0.3696302249152831,1.3413213884898192,1.338263991115115
2018-11-03,2018-19,Newcastle United,Watford,H,0,0.3304973714414453,0.2621287273279625,0.4073739012305922,1.2238942481164305,1.3885096738034812
2018-11-03,2018-19,West Ham,Burnley,H,0,0.48766609252886955,0.25622631662122536,0.25610759084990514,1.5312128712818216,1.0346048000877817
2018-11-03,2018-19,Wolverhampton Wanderers,Tottenham,A,2,0.252688274151961,0.2577647601863092,0.48954696566172984,1.013590579119917,1.5189121186015166
2018-11-03,2018-19,Cardiff City,Leicester City,A,2,0.3586586417390758,0.2609811809104596,0.3803601773504646,1.3011278298440272,1.3478317593720808
2018-11-04,2018-19,Chelsea,Crystal Palace,H,0,0.7457837268895428,0.1575357855151276,0.0966804875953297,2.4755493547994805,0.7752666008806472
2018-11-04,2018-19,Manchester City,Southampton,H,0,0.8862598510611693,0.08191238399028875,0.03182776494854204,3.266537940116225,0.5252303025852406
2018-11-05,2018-19,Huddersfield Town,Fulham,H,0,0.383057176171301,0.27241422666502424,0.34452859716367473,1.2696709122913106,1.1893830963830525
2018-11-10,2018-19,Cardiff City,Brighton and Hove Albion,H,0,0.41521625290382463,0.264470306592481,0.3203134405036945,1.3826931241923484,1.1810220792631907
2018-11-10,2018-19,Huddersfield Town,West Ham,D,1,0.32697452414487466,0.2730737647407485,0.39995171111437694,1.1433315752359967,1.2949601266254718
2018-11-10,2018-19,Crystal Palace,Tottenham,A,2,0.18655744530792345,0.22483510353443656,0.58860745115764,0.932896427445872,1.847334920204201
2018-11-10,2018-19,Southampton,Watford,D,1,0.3310278795505483,0.2522194479114426,0.41675267253800913,1.298940665379169,1.4878632035972015
2018-11-10,2018-19,Newcastle United,Bournemouth,H,0,0.2780629056467028,0.249263637108188,0.47267345724510923,1.1561934140666195,1.5845363951185825
2018-11-10,2018-19,Leicester City,Burnley,D,1,0.5815891323996877,0.22971713079346848,0.18869373680684381,1.7956045780456822,0.9137802452766282
2018-11-11,2018-19,Arsenal,Wolverhampton Wanderers,D,1,0.561908755315969,0.2300653989451685,0.2080258457388625,1.8059886146652526,1.0037505164927973
2018-11-11,2018-19,Chelsea,Everton,D,1,0.6516776984621474,0.19263837644497178,0.15568392509288081,2.2024207513428715,0.9778227375302833
2018-11-11,2018-19,Liverpool,Fulham,H,0,0.7548498567977057,0.16064514528764687,0.08450499791464734,2.342345485058524,0.6428289031076854
2018-11-11,2018-19,Manchester City,Manchester United,H,0,0.6662982728459941,0.1859549105842751,0.14774681656973077,2.2772446539068008,0.9756598033150845
2018-11-24,2018-19,Brighton and Hove Albion,Leicester City,D,1,0.3609894162893381,0.2616496045407579,0.37736097916990397,1.3014022725587087,1.3365699430666456
2018-11-24,2018-19,Everton,Cardiff City,H,0,0.5657170225959346,0.2290770701412636,0.20520590726280183,1.8154236892397975,0.996963387323591
2018-11-24,2018-19,Fulham,Southampton,H,0,0.4027807499630817,0.2665790721971189,0.33064017783979943,1.3465032429786754,1.1939241937578706
2018-11-24,2018-19,Manchester United,Crystal Palace,D,1,0.6967783206773782,0.17725609043285837,0.1259655888897634,2.3226096617301772,0.8788716105727996
2018-11-24,2018-19,Tottenham,Chelsea,H,0,0.3985770291275775,0.25190086554925656,0.3495221053231659,1.45895710763387,1.3505648000114714
2018-11-24,2018-19,Watford,Liverpool,A,2,0.22465949798979098,0.24410345491347188,0.5312370470967371,0.9880872150828675,1.6604141481736274
2018-11-24,2018-19,West Ham,Manchester City,A,2,0.11860670963843527,0.1748944243739171,0.7064988659876477,0.837694461242444,2.3238839343341824
2018-11-25,2018-19,Bournemouth,Arsenal,A,2,0.35538445242431194,0.2502560465811848,0.3943595009945033,1.3790605575941195,1.465642821855868
2018-11-25,2018-19,Wolverhampton Wanderers,Huddersfield Town,A,2,0.5665768428600414,0.24142521726936764,0.19199793987059088,1.6786587783812084,0.8639958047265133
2018-11-26,2018-19,Burnley,Newcastle United,A,2,0.3600966147046464,0.25780552067195084,0.38209786462340284,1.3287734220632166,1.3765632785112776
2018-11-30,2018-19,Cardiff City,Wolverhampton Wanderers,H,0,0.35050864375890456,0.2624518279647095,0.38703952827638594,1.2713078202310635,1.3495725416643982
2018-12-01,2018-19,Crystal Palace,Burnley,H,0,0.505722364167539,0.24803557713444965,0.24624205869801136,1.6165134414589504,1.048999093415039
2018-12-01,2018-19,Huddersfield Town,Brighton and Hove Albion,A,2,0.40173875085541905,0.2787264555683086,0.31953479357627235,1.2598860799644813,1.0916817476921625
2018-12-01,2018-19,Leicester City,Watford,H,0,0.4531595313960701,0.2562401501824456,0.2906003184214843,1.5012547871186064,1.1495111102353022
2018-12-01,2018-19,Manchester City,Bournemouth,H,0,0.8437494981353993,0.10378864254740305,0.05246185931719765,3.1141640039571987,0.695288951364839
2018-12-01,2018-19,Newcastle United,West Ham,A,2,0.43728318170625335,0.2545314882445452,0.30818533004920146,1.497240511192836,1.2155800388327824
2018-12-01,2018-19,Southampton,Manchester United,D,1,0.21625581609822958,0.23095220233959304,0.5527919815621773,1.0360059815028175,1.8001538264449297
2018-12-02,2018-19,Arsenal,Tottenham,H,0,0.3539920444347653,0.2565988103192181,0.38940914524601655,1.3238269683522235,1.4010138887237724
2018-12-02,2018-19,Chelsea,Fulham,H,0,0.749747599938153,0.1604974730032662,0.08975492705858083,2.3796538465327046,0.6906634259183095
2018-12-02,2018-19,Liverpool,Everton,H,0,0.6345790214298381,0.2074226664762471,0.1579983120939147,2.00786560161953,0.8867997820778916
2018-12-04,2018-19,Bournemouth,Huddersfield Town,H,0,0.5328839161863436,0.24076624210119862,0.22634984171245778,1.694915288283102,1.0157067872164693
2018-12-04,2018-19,Brighton and Hove Albion,Crystal Palace,H,0,0.43945172250066955,0.2625143403909987,0.29803393710833176,1.4321454449653765,1.1310114978106809
2018-12-04,2018-19,Watford,Manchester City,A,2,0.11192151035463653,0.16959624281611346,0.71848224682925,0.8215307359738862,2.372061479998673
2018-12-04,2018-19,West Ham,Cardiff City,H,0,0.5176296416167213,0.23899675014612287,0.24337360823715573,1.7131413751669815,1.0979119775880926
2018-12-05,2018-19,Fulham,Leicester City,D,1,0.2807415831721436,0.2596513875352147,0.4596070292926417,1.0960470909384477,1.4785698141490096
2018-12-05,2018-19,Everton,Newcastle United,D,1,0.5679618999391919,0.22429623146465658,0.20774186859615154,1.873174984763603,1.0419996422132278
2018-12-05,2018-19,Burnley,Liverpool,A,2,0.1019635518276954,0.16465678646229864,0.733379661710006,0.7713513285962057,2.392699668984492
2018-12-05,2018-19,Manchester United,Arsenal,D,1,0.44777802442899783,0.2487867923160829,0.30343518325491925,1.5637572915364917,1.2437401711494234
2018-12-05,2018-19,Wolverhampton Wanderers,Chelsea,H,0,0.2377584096509969,0.24459097839482644,0.5176506119541767,1.0379235209683586,1.654188726039952
2018-12-05,2018-19,Tottenham,Southampton,H,0,0.7259694693250183,0.16734903819029823,0.10668149248468352,2.3780401081547784,0.7931779887371185
2018-12-08,2018-19,Arsenal,Huddersfield Town,H,0,0.7220376890656294,0.1746412094354534,0.10332110149891734,2.250471814068126,0.7168830543519558
2018-12-08,2018-19,Bournemouth,Liverpool,A,2,0.14403790910566014,0.18561358879766818,0.6703485020966716,0.9512548873248229,2.268768792022388
2018-12-08,2018-19,Burnley,Brighton and Hove Albion,H,0,0.3278505513198497,0.2630320155165055,0.40911743316364474,1.210717045929144,1.3842473193930616
2018-12-08,2018-19,Cardiff City,Southampton,H,0,0.45528006742339083,0.25198803576972406,0.29273189680688505,1.5420100264225756,1.185809155812398
2018-12-08,2018-19,Chelsea,Manchester City,H,0,0.2400059942228899,0.2326389341995774,0.5273550715775328,1.1298399974520899,1.7861864846390427
2018-12-08,2018-19,Leicester City,Tottenham,A,2,0.25835374986056975,0.24466951586593694,0.4969767342734934,1.1171769982196347,1.646393885325079
2018-12-08,2018-19,Manchester United,Fulham,H,0,0.6945590535614544,0.1857330680223278,0.11970787841621776,2.172152148664756,0.772781365213149
2018-12-08,2018-19,West Ham,Crystal Palace,H,0,0.5119147308745909,0.24223435316544595,0.2458509159599631,1.6772352606910446,1.0855407734400748
2018-12-09,2018-19,Newcastle United,Wolverhampton Wanderers,A,2,0.3661675814924154,0.25508524107392416,0.3787471774336605,1.3644380292672076,1.3919876645754552
2018-12-10,2018-19,Everton,Watford,D,1,0.5452914792445729,0.23220167374726972,0.2225068470081574,1.7882240648168224,1.0558202035900188
2018-12-15,2018-19,Huddersfield Town,Newcastle United,A,2,0.37879722430714446,0.26340145686301236,0.3578013188298432,1.326145771899596,1.2812727376044837
2018-12-15,2018-19,Fulham,West Ham,A,2,0.3047970723220631,0.2501959499717867,0.4450069777061503,1.237297003217957,1.5469292983063516
2018-12-15,2018-19,Watford,Cardiff City,H,0,0.41956496826795087,0.25777494365868464,0.3226600880733646,1.4437177088856779,1.2338151569633005
2018-12-15,2018-19,Crystal Palace,Leicester City,H,0,0.3740350484334504,0.2729486299005644,0.3530163216659851,1.2487760378709394,1.2050253381041167
2018-12-15,2018-19,Tottenham,Burnley,H,0,0.7702922566549872,0.14761819643238888,0.08208954691262384,2.5341161749790184,0.7046143480931666
2018-12-15,2018-19,Wolverhampton Wanderers,Bournemouth,H,0,0.5062721829483506,0.25506058306589763,0.2386672339857517,1.551121288990992,0.9786822941232995
2018-12-15,2018-19,Manchester City,Everton,H,0,0.775834508995727,0.14178881755430592,0.08237667344996712,2.644358981272182,0.7525156664154633
2018-12-16,2018-19,Brighton and Hove Albion,Chelsea,A,2,0.2490869828379218,0.25736849801594536,0.4935445191461329,1.0032019959759577,1.5247029271536443
2018-12-16,2018-19,Liverpool,Manchester United,H,0,0.6158859602333593,0.21174118800937344,0.17237285175726738,1.982692153996483,0.9420104254229754
2018-12-16,2018-19,Southampton,Arsenal,H,0,0.18190629695870908,0.2229524443822748,0.5951412586590161,0.9209251016801173,1.8633610773470868
2018-12-21,2018-19,Wolverhampton Wanderers,Liverpool,A,2,0.18316118581222163,0.22441056603484114,0.5924282481529373,0.9183460915370598,1.8483716137748474
2018-12-22,2018-19,Chelsea,Leicester City,A,2,0.6442717944820333,0.21248205270656126,0.1432461528114054,1.9164388484706567,0.7708226718758507
2018-12-22,2018-19,Arsenal,Burnley,H,0,0.7315495127971757,0.1670710661371694,0.10137942106565492,2.3512571429000846,0.7494970330964283
2018-12-22,2018-19,Bournemouth,Brighton and Hove Albion,H,0,0.40045478924597877,0.2686428497908779,0.3309023609631433,1.327314415519723,1.181030953041219
2018-12-22,2018-19,Cardiff City,Manchester United,A,2,0.23904208584099818,0.2453697306198797,0.5155881835391221,1.0380495969397177,1.645889226288365
2018-12-22,2018-19,Manchester City,Crystal Palace,A,2,0.8316571515480251,0.11420697365524739,0.05413587479672743,2.879950074778841,0.6242792453223487
2018-12-22,2018-19,Newcastle United,Fulham,D,1,0.4892234625464141,0.2503912527745084,0.2603852846790775,1.585702556514396,1.0862048647211577
2018-12-22,2018-19,West Ham,Watford,A,2,0.4892407265777591,0.246362354352561,0.26439691906968,1.625042092616037,1.1278933138915774
2018-12-22,2018-19,Huddersfield Town,Southampton,A,2,0.37914206321590255,0.27345925753841616,0.34739867924568124,1.2552152846772642,1.1892428077661001
2018-12-23,2018-19,Everton,Tottenham,A,2,0.23955071815363596,0.23089797230562187,0.5295513095407421,1.141046349911043,1.8069407377348388
2018-12-26,2018-19,Crystal Palace,Cardiff City,D,1,0.49321880316714284,0.254867839830753,0.2519133570021041,1.5466450175520803,1.0278800741471483
2018-12-26,2018-19,Brighton and Hove Albion,Arsenal,D,1,0.22125735848792089,0.2400949642056142,0.5386476773064649,0.9984552294345879,1.7014853843104578
2018-12-26,2018-19,Burnley,Everton,A,2,0.32073857310273757,0.25366171676007004,0.42559971013719233,1.2588181600894222,1.4886280493204718
2018-12-26,2018-19,Fulham,Wolverhampton Wanderers,D,1,0.3071935127827271,0.26912162289498026,0.42368486432229263,1.1158495425728838,1.3598779203104816
2018-12-26,2018-19,Leicester City,Manchester City,H,0,0.15735314725402338,0.21343564143426577,0.6292112113117109,0.8459263190073549,1.9343626986186582
2018-12-26,2018-19,Manchester United,Huddersfield Town,H,0,0.7677141699041826,0.14934287553916292,0.08294295455665444,2.5112238768470245,0.7009593385239218
2018-12-26,2018-19,Tottenham,Bournemouth,H,0,0.7349153184892576,0.1678099037512723,0.09727477775947012,2.3160202870851516,0.7097303891694825
2018-12-26,2018-19,Liverpool,Newcastle United,H,0,0.8405544924396273,0.10947222448965345,0.049973283070719236,2.9222883254429366,0.6021474521285345
2018-12-26,2018-19,Watford,Chelsea,A,2,0.24206829623185203,0.24324920442574907,0.5146824993423988,1.063737726463538,1.667326873306982
2018-12-27,2018-19,Southampton,West Ham,A,2,0.36114098883731977,0.25718313987858027,0.38167587128409997,1.336076585827856,1.3807642988172224
2018-12-29,2018-19,Brighton and Hove Albion,Everton,H,0,0.35266454281295834,0.2606260321880537,0.3867094249989881,1.2898485328955176,1.3631758193253922
2018-12-29,2018-19,Fulham,Huddersfield Town,H,0,0.4979516439167931,0.2546615089450846,0.24738684713812242,1.551005211436315,1.0128243949822329
2018-12-29,2018-19,Leicester City,Cardiff City,A,2,0.5268304187825548,0.24598661951766582,0.22718296169977936,1.6413838664349438,0.9870458355363219
2018-12-29,2018-19,Liverpool,Arsenal,H,0,0.6521792201364525,0.19850761500097977,0.14931316486256785,2.1011162762777698,0.8921270683775622
2018-12-29,2018-19,Tottenham,Wolverhampton Wanderers,A,2,0.7033763246233444,0.18134932919493213,0.1152743461817234,2.213493187663325,0.7675835043549775
2018-12-29,2018-19,Watford,Newcastle United,D,1,0.5091712750712172,0.24530573161983982,0.24552299330894303,1.6448088261284088,1.063794538655377
2018-12-30,2018-19,Burnley,West Ham,H,0,0.3184197847749821,0.25579003771587405,0.42579017750914383,1.236345389692398,1.4701207289143514
2018-12-30,2018-19,Crystal Palace,Chelsea,A,2,0.22429057835926622,0.24684357302243817,0.5288658486182956,0.9703665768711518,1.6330638619417615
2018-12-30,2018-19,Manchester United,Bournemouth,H,0,0.6676546447691294,0.19343565760169004,0.13890969762918057,2.1378198366451273,0.85757716842496
2018-12-30,2018-19,Southampton,Manchester City,A,2,0.1438073796656713,0.19887551480866042,0.6573171055256682,0.8540575662690668,2.0806690353701334
2019-01-01,2018-19,Arsenal,Fulham,H,0,0.6569744799812884,0.20128963304110115,0.14173588697761036,2.044154312120326,0.8255883444607717
2019-01-01,2018-19,Cardiff City,Tottenham,A,2,0.15822931779769045,0.21318709730514224,0.6285835848971673,0.8523686734834134,1.9389355949172005
2019-01-01,2018-19,Everton,Leicester City,A,2,0.44160698577166835,0.25948234475350196,0.2989106694748297,1.4598657910522392,1.15339862882069
2019-01-02,2018-19,Bournemouth,Watford,D,1,0.37701198183853085,0.25899556355682746,0.3639924546046417,1.3565646390049688,1.328380220090008
2019-01-02,2018-19,Chelsea,Southampton,D,1,0.7543593702123614,0.15938942226599573,0.08625120752164277,2.3730022003399522,0.6660327480216381
2019-01-02,2018-19,Huddersfield Town,Burnley,A,2,0.30316493604995776,0.2580899128645282,0.438745151085514,1.1755220443688024,1.4680721107275612
2019-01-02,2018-19,Newcastle United,Manchester United,A,2,0.17385300714784246,0.21540586865224934,0.6107411241999082,0.9259707592799162,1.9402793377573182
2019-01-02,2018-19,West Ham,Brighton and Hove Albion,D,1,0.448545700690285,0.26107610664752373,0.29037819266219134,1.4548014118946313,1.1171619124120316
2019-01-02,2018-19,Wolverhampton Wanderers,Crystal Palace,A,2,0.5368153363627655,0.24876245054728813,0.2144222130899464,1.6145945656922558,0.9198027616878927
2019-01-03,2018-19,Manchester City,Liverpool,H,0,0.36726617898768804,0.2502743178816177,0.38245950313069427,1.4074949349002894,1.4412593096684017
2019-01-12,2018-19,Chelsea,Newcastle United,H,0,0.7453279949981452,0.16810003939809254,0.08657196560376232,2.249559565379804,0.6188092433031182
2019-01-12,2018-19,Burnley,Fulham,H,0,0.502519230492767,0.246280332882116,0.2512004366251169,1.632597814285417,1.0791906990911695
2019-01-12,2018-19,Cardiff City,Huddersfield Town,D,1,0.5385405191716517,0.2416868890036649,0.21977259182468345,1.684768391045913,0.9823942248378764
2019-01-12,2018-19,West Ham,Arsenal,H,0,0.2617230516946819,0.24081544433061935,0.49746150397469885,1.1575772349342521,1.6870472060129293
2019-01-12,2018-19,Crystal Palace,Watford,A,2,0.4535096011663646,0.25987599083250107,0.2866144080011344,1.4703327497088858,1.1131631852220287
2019-01-12,2018-19,Leicester City,Southampton,A,2,0.5448730687228349,0.24488945522749897,0.21023747604966608,1.6512911896362394,0.9237914866067812
2019-01-12,2018-19,Brighton and Hove Albion,Liverpool,A,2,0.1306469135576553,0.19063979704298065,0.678713289399364,0.8192575578159392,2.1474394125345233
2019-01-13,2018-19,Everton,Bournemouth,H,0,0.4631419629945628,0.2517584563379567,0.2850995806674804,1.5522126611690523,1.1624784557529309
2019-01-13,2018-19,Tottenham,Manchester United,A,2,0.4823907198667325,0.24213792225421352,0.275471357879054,1.664097744616556,1.1992174995679346
2019-01-14,2018-19,Manchester City,Wolverhampton Wanderers,H,0,0.7337312583541798,0.1670015321028419,0.09926720954297828,2.3398410746541702,0.7318691139969277
2019-01-19,2018-19,Arsenal,Chelsea,H,0,0.3495503109403328,0.2593791930758689,0.39107049598379845,1.2917400117060758,1.381476415571963
2019-01-19,2018-19,Bournemouth,West Ham,H,0,0.4047941379715717,0.25854326177262243,0.3366626002558059,1.4131720240971648,1.2656998378847402
2019-01-19,2018-19,Liverpool,Crystal Palace,H,0,0.8216769651425806,0.11901962112644085,0.05930341373097847,2.8483446209950567,0.6569421890076813
2019-01-19,2018-19,Manchester United,Brighton and Hove Albion,H,0,0.7223629787687751,0.17117105789607986,0.10646596333514509,2.3175990202467607,0.7646425001773228
2019-01-19,2018-19,Newcastle United,Cardiff City,H,0,0.41116505102134837,0.2730745945499304,0.31576035442872125,1.3129009890534324,1.1148994083802133
2019-01-19,2018-19,Southampton,Everton,H,0,0.3642044156911457,0.26347002808564046,0.37232555622321384,1.2950192032985561,1.3123745950123658
2019-01-19,2018-19,Watford,Burnley,D,1,0.4329181431343057,0.24926310330122162,0.31781875356447276,1.539790143498568,1.2843261888544832
2019-01-19,2018-19,Wolverhampton Wanderers,Leicester City,H,0,0.40342341195799825,0.2666565774939957,0.32992001054800607,1.3470019759686154,1.1915836551208878
2019-01-20,2018-19,Fulham,Tottenham,A,2,0.15213445917242102,0.20793944565479983,0.6399260951727792,0.8486196907824054,1.9884621060601901
2019-01-20,2018-19,Huddersfield Town,Manchester City,A,2,0.0595177104928886,0.12399748143198631,0.816484808075125,0.6201790904015246,2.7445252317362505
2019-01-29,2018-19,Arsenal,Cardiff City,H,0,0.7121489952954329,0.17661579219751045,0.11123521250705666,2.26182684515076,0.7669704388223223
2019-01-29,2018-19,Fulham,Brighton and Hove Albion,H,0,0.3710121325406783,0.26522588400391756,0.36376198345540417,1.2966808703973054,1.2812636385327003
2019-01-29,2018-19,Huddersfield Town,Everton,A,2,0.24803970305956943,0.2547790261652186,0.4971812707752121,1.0144933214165175,1.5495607987618565
2019-01-29,2018-19,Manchester United,Burnley,D,1,0.7120740468054528,0.16952178669527318,0.118404166499274,2.40920748264165,0.8773756756201117
2019-01-29,2018-19,Newcastle United,Manchester City,H,0,0.09632666911852994,0.16156914883688084,0.7421041820445893,0.7427792344340498,2.4063242228824895
2019-01-29,2018-19,Wolverhampton Wanderers,West Ham,H,0,0.4610051218486426,0.2627015382791403,0.2762933398722171,1.45461148315564,1.063254783386292
2019-01-30,2018-19,Liverpool,Leicester City,D,1,0.8135047109969592,0.1227903334205327,0.06370495558250817,2.8256638943919907,0.6846988100541563
2019-01-30,2018-19,Bournemouth,Chelsea,H,0,0.24622963867238137,0.24732641899760122,0.5064439423300174,1.0534626356701444,1.6237325337056885
2019-01-30,2018-19,Tottenham,Watford,H,0,0.7105769352446786,0.17769834870723228,0.11172471604808913,2.248640374593274,0.7637699827043936
2019-01-30,2018-19,Southampton,Crystal Palace,D,1,0.40261683618778826,0.2661653525165137,0.331217811295698,1.3493338977416096,1.1981438476108706
2019-02-02,2018-19,Brighton and Hove Albion,Watford,D,1,0.4010103773141639,0.26146765376933423,0.33752196891650177,1.382899992477346,1.246612874278649
2019-02-02,2018-19,Burnley,Southampton,D,1,0.5136453183963288,0.24575736456502556,0.24059731703864565,1.6415333160108538,1.0416923726104672
2019-02-02,2018-19,Cardiff City,Bournemouth,H,0,0.2936269616995584,0.25800680502196244,0.44836623327847913,1.1471267517458763,1.4804954876673364
2019-02-02,2018-19,Chelsea,Huddersfield Town,H,0,0.7651814531375901,0.158599424312791,0.07621912254961895,2.315856163357923,0.5807426470779505
2019-02-02,2018-19,Crystal Palace,Fulham,H,0,0.47202835318547537,0.2473299478669205,0.28064169894760405,1.6028863034375946,1.178948453302152
2019-02-02,2018-19,Everton,Wolverhampton Wanderers,A,2,0.42068885172733517,0.26767949911213385,0.31163164916053104,1.3663556870162505,1.13687611229229
2019-02-02,2018-19,Tottenham,Newcastle United,H,0,0.7158952920001693,0.1793373348733811,0.1047673731264495,2.193131633906364,0.700304550962208
2019-02-03,2018-19,Leicester City,Manchester United,A,2,0.2065773490056377,0.22442285761732772,0.5689997933770347,1.0353748385258823,1.8707452120760668
2019-02-03,2018-19,Manchester City,Arsenal,H,0,0.6121361179882697,0.2081011462872259,0.17976273572450432,2.0432231886690406,1.0106551455248907
2019-02-04,2018-19,West Ham,Liverpool,D,1,0.1250765520756463,0.18970248039519325,0.6852209675291604,0.7863376136286861,2.1398007678538686
2019-02-06,2018-19,Everton,Manchester City,A,2,0.1527493880752954,0.2058676497598038,0.6413829621649008,0.8651911066323431,2.015233536037683
2019-02-09,2018-19,Crystal Palace,West Ham,D,1,0.4462290532811553,0.26697153240982396,0.28679941430902084,1.40502449950808,1.0703029977096368
2019-02-09,2018-19,Fulham,Manchester United,A,2,0.11707714482982552,0.1644488633716274,0.718473991798547,0.9081648832275836,2.489057625966813
2019-02-09,2018-19,Southampton,Cardiff City,A,2,0.45858526867877386,0.26416579493248604,0.27724893638874015,1.440379832027363,1.0575948258162056
2019-02-09,2018-19,Brighton and Hove Albion,Burnley,A,2,0.3857343140913418,0.25534495767974863,0.35892072822890947,1.4042055887145295,1.345539662223754
2019-02-09,2018-19,Watford,Everton,H,0,0.40369470727264106,0.26426992737245825,0.33203536535490064,1.3655926913559557,1.213042997280753
2019-02-09,2018-19,Liverpool,Bournemouth,H,0,0.7433542246406941,0.16138834000363578,0.09525743535567016,2.402190640597848,0.7343726252984163
2019-02-09,2018-19,Huddersfield Town,Arsenal,A,2,0.11079660391609361,0.17386951057978073,0.7153338855041256,0.7817899158598851,2.299984643178261
2019-02-10,2018-19,Manchester City,Chelsea,H,0,0.6576798741967614,0.19996986008638942,0.1423502657168491,2.062484079200959,0.8376992725794156
2019-02-10,2018-19,Tottenham,Leicester City,H,0,0.7287628921608241,0.16972786673572363,0.10150924110345222,2.311813249584612,0.7330074605304817
2019-02-11,2018-19,Wolverhampton Wanderers,Newcastle United,D,1,0.549430287267664,0.2363809766530087,0.21418873607932737,1.7392299719377478,0.991077362517389
2019-02-22,2018-19,Cardiff City,Watford,A,2,0.38035758065598124,0.27194571212987023,0.34769670721414847,1.2677911186637727,1.1996359968129444
2019-02-22,2018-19,West Ham,Fulham,H,0,0.5130624411550242,0.24258976618048858,0.24434779266448728,1.673802706266236,1.0771777097363684
2019-02-23,2018-19,Bournemouth,Wolverhampton Wanderers,D,1,0.3324568524110648,0.2565917878743876,0.41095135971454766,1.2691806559440921,1.4399789256664046
2019-02-23,2018-19,Burnley,Tottenham,H,0,0.18304261994943224,0.216429396239733,0.6005279838108347,0.9693838768570494,1.9418351236674676
2019-02-23,2018-19,Leicester City,Crystal Palace,A,2,0.4750276467128211,0.24437255989871715,0.28059979338846175,1.635209271174665,1.2007153201801104
2019-02-23,2018-19,Newcastle United,Huddersfield Town,H,0,0.5818690324415752,0.23248158791618026,0.18564937964224462,1.7637937925131553,0.8832556689200444
2019-02-24,2018-19,Arsenal,Southampton,H,0,0.662456897909903,0.19666916618189065,0.1408739359082063,2.1008390588480625,0.8492780937695283
2019-02-24,2018-19,Manchester United,Liverpool,D,1,0.36097666018449054,0.2522241027042224,0.38679923711128694,1.376045863541635,1.4330804407616142
2019-02-26,2018-19,Cardiff City,Everton,A,2,0.3929570999913062,0.261901446382417,0.34514145362627685,1.3649905878366313,1.262418290593117
2019-02-26,2018-19,Huddersfield Town,Wolverhampton Wanderers,H,0,0.15265441079919914,0.20143995582327318,0.6459056333775277,0.8935367010922777,2.0713838055096128
2019-02-26,2018-19,Leicester City,Brighton and Hove Albion,H,0,0.511198048027375,0.2401105845462505,0.24869136742637446,1.6996765727067586,1.1115641535189738
2019-02-26,2018-19,Newcastle United,Burnley,H,0,0.41505387474180233,0.2559416703890381,0.32900445486915963,1.452266426869154,1.2647438486806009
2019-02-27,2018-19,Crystal Palace,Manchester United,A,2,0.2114120237651892,0.22410362909891635,0.5644843471358945,1.0613869364004098,1.878248101934211
2019-02-27,2018-19,Arsenal,Bournemouth,H,0,0.6541861998787873,0.19756685757069378,0.14824694255051882,2.1106938234660957,0.8916515345710907
2019-02-27,2018-19,Chelsea,Tottenham,H,0,0.33320680999876234,0.2542484859229533,0.4125447040782845,1.289049373735972,1.4628869164682203
2019-02-27,2018-19,Southampton,Fulham,H,0,0.48091156140773794,0.24293560566780512,0.2761528329244569,1.6546408545383273,1.1956378459337156
2019-02-27,2018-19,Liverpool,Watford,H,0,0.7393423388379481,0.16664043286240146,0.09401722829965037,2.314032230194312,0.6894115814897862
2019-02-27,2018-19,Manchester City,West Ham,H,0,0.8283024007113253,0.11454437172590418,0.05715322756277053,2.9194430674394685,0.6652068936469775
2019-03-02,2018-19,Bournemouth,Manchester City,A,2,0.07438433587133492,0.12741844139116315,0.7981972227375019,0.7840683483232909,2.8604020828824903
2019-03-02,2018-19,Brighton and Hove Albion,Huddersfield Town,H,0,0.56172847464048,0.2288016499485663,0.20946987541095374,1.8212762656301882,1.0190104867896541
2019-03-02,2018-19,Burnley,Crystal Palace,A,2,0.41298050646995893,0.2505169745194389,0.33650251901060213,1.497151848578801,1.3276414112777688
2019-03-02,2018-19,Manchester United,Southampton,H,0,0.7475484914317696,0.15879895078029896,0.09365255778793144,2.4332211048054244,0.7376909697578806
2019-03-02,2018-19,Tottenham,Arsenal,D,1,0.4667583830335984,0.24688105218135606,0.2863605647850456,1.6026444818094125,1.2019288833070172
2019-03-02,2018-19,West Ham,Newcastle United,H,0,0.4251575581870533,0.25229821684689197,0.3225442249660547,1.5002648807175072,1.2744168919589098
2019-03-02,2018-19,Wolverhampton Wanderers,Cardiff City,H,0,0.5889754595749508,0.22417797784684193,0.18684656257820728,1.8550905716463617,0.9384742005274922
2019-03-03,2018-19,Everton,Liverpool,D,1,0.15666656800915843,0.22040594494957713,0.6229274870412644,0.8030480013236081,1.8555809066000934
2019-03-03,2018-19,Fulham,Chelsea,A,2,0.18766362890733018,0.21465142139572524,0.5976849496969446,1.0070448227877868,1.970670782496323
2019-03-03,2018-19,Watford,Leicester City,H,0,0.4137080489478041,0.2567284622577927,0.32956348879440334,1.4433447479437915,1.2603813460345776
2019-03-09,2018-19,Leicester City,Fulham,H,0,0.5925676418349646,0.22077445809125723,0.18665790007377814,1.8943172574263687,0.9594331836145877
2019-03-09,2018-19,Crystal Palace,Brighton and Hove Albion,A,2,0.5120264182338606,0.23814745194910128,0.24982612981703806,1.721378893628915,1.1302060308154773
2019-03-09,2018-19,Cardiff City,West Ham,H,0,0.3293114342661238,0.25130406605867595,0.41938449967520036,1.3014077349391624,1.500417789820248
2019-03-09,2018-19,Newcastle United,Everton,H,0,0.4286416346876487,0.26357904956537,0.3077793157469813,1.4093643410884722,1.152336330073808
2019-03-09,2018-19,Manchester City,Watford,H,0,0.8499249484317168,0.10187041450585217,0.04820463706243096,3.0821653685636616,0.6421395597887102
2019-03-09,2018-19,Southampton,Tottenham,H,0,0.1821478575289212,0.2203270366824897,0.5975251057885891,0.9387639734336811,1.8939201636215788
2019-03-09,2018-19,Huddersfield Town,Bournemouth,A,2,0.30368512276474197,0.2633269218917877,0.4329879553434703,1.1422768695760552,1.417266888614647
2019-03-10,2018-19,Arsenal,Manchester United,H,0,0.39891498434500466,0.24676873583266568,0.35431627982232977,1.5068043239181026,1.4066585494443493
2019-03-10,2018-19,Chelsea,Wolverhampton Wanderers,D,1,0.5416849952813955,0.2319992420911483,0.2263157626274562,1.7916508127308033,1.074320189979812
2019-03-10,2018-19,Liverpool,Burnley,H,0,0.7513477324969385,0.1597968580073938,0.08885540949566763,2.3844509688077946,0.6870306462414758
2019-03-16,2018-19,Bournemouth,Newcastle United,D,1,0.38409390285875644,0.25531720371860406,0.36058889342263944,1.401120191066464,1.3496860722421498
2019-03-16,2018-19,Burnley,Leicester City,A,2,0.37857545016916483,0.25457433857773043,0.36685021125310474,1.3958963287733313,1.3701781173120218
2019-03-16,2018-19,West Ham,Huddersfield Town,H,0,0.6343499114947172,0.20387915092241699,0.16177093758286573,2.061797127588835,0.933494430255244
2019-03-17,2018-19,Everton,Chelsea,H,0,0.23296327130863284,0.25146332413185873,0.5155734045595084,0.9777086505704193,1.5869198821470336
2019-03-17,2018-19,Fulham,Liverpool,A,2,0.06218624859913161,0.12402837986967115,0.8137853715311972,0.654406575043826,2.778653468732417
2019-03-30,2018-19,Brighton and Hove Albion,Southampton,A,2,0.4458731632466597,0.2626256932039158,0.2915011435494246,1.439008513951554,1.1107931729198806
2019-03-30,2018-19,Burnley,Wolverhampton Wanderers,H,0,0.3159850524544511,0.2575155374825315,0.42649941006301745,1.2169300078531657,1.456274276852092
2019-03-30,2018-19,West Ham,Everton,A,2,0.41726207061269405,0.2550703241402052,0.3276676052471008,1.4633590664675002,1.2676431983493586
2019-03-30,2018-19,Crystal Palace,Huddersfield Town,H,0,0.6727824359639991,0.195693525523841,0.13152403851215996,2.0842935419248176,0.7935733935589547
2019-03-30,2018-19,Leicester City,Bournemouth,H,0,0.4650200450973915,0.2579823993936328,0.2769975555089757,1.498078581728852,1.09447636526746
2019-03-30,2018-19,Manchester United,Watford,H,0,0.6927950913244871,0.18100083469159634,0.12620407398391656,2.266474355056266,0.8528426263588494
2019-03-30,2018-19,Fulham,Manchester City,A,2,0.027501877318657164,0.06748410423251976,0.9050140184488231,0.5838255545904306,3.642665894994487
2019-03-31,2018-19,Cardiff City,Chelsea,A,2,0.24334314041948596,0.2429814173274297,0.5136754422530843,1.070571951000181,1.6698701069291055
2019-03-31,2018-19,Liverpool,Tottenham,H,0,0.6561086265984382,0.1994340231068439,0.1444573502947179,2.0752839889205945,0.8546259602781695
2019-04-01,2018-19,Arsenal,Newcastle United,H,0,0.6656828490742612,0.1851807479760097,0.14913640294972907,2.294555462936808,0.9923216714260262
2019-04-02,2018-19,Watford,Fulham,H,0,0.61471988792043,0.21334643999952352,0.17193367208004648,1.9620704964425189,0.9287858860413924
2019-04-02,2018-19,Wolverhampton Wanderers,Manchester United,H,0,0.23923827374484427,0.24635510054129178,0.514406625713864,1.0326033461140751,1.6357571784170497
2019-04-03,2018-19,Tottenham,Crystal Palace,H,0,0.5868666937428485,0.22301266858826505,0.19012063766888643,1.872049441084258,0.962575000268153
2019-04-03,2018-19,Chelsea,Brighton and Hove Albion,H,0,0.6802440910670665,0.1970201441027145,0.12273576483021893,2.0397377627114137,0.7281301382238883
2019-04-03,2018-19,Manchester City,Cardiff City,H,0,0.9194237222813089,0.058280823928134703,0.022295453790556467,3.8155020961841077,0.553634213891098
2019-04-05,2018-19,Southampton,Liverpool,A,2,0.1110821200454784,0.17353647233918806,0.7153814076153335,0.7863831586737985,2.3064506139272005
2019-04-06,2018-19,Bournemouth,Burnley,A,2,0.43343327566924605,0.2612512456656825,0.3053154786650715,1.4346633547632308,1.160554482082571
2019-04-06,2018-19,Huddersfield Town,Leicester City,A,2,0.19975013110587225,0.23472540916097104,0.5655244597331567,0.936152803950137,1.7502917804998375
2019-04-06,2018-19,Newcastle United,Crystal Palace,A,2,0.4340715996193576,0.2574326053144856,0.30849579506615676,1.467563765413556,1.1958489161802186
2019-04-07,2018-19,Everton,Arsenal,H,0,0.2560749097356856,0.24194337917274328,0.5019817110915711,1.1276187521453342,1.6769928911379917
2019-04-08,2018-19,Chelsea,West Ham,H,0,0.7209102189473279,0.17161839039496654,0.1074713906577057,2.316294236942878,0.7699231866396617
2019-04-12,2018-19,Leicester City,Newcastle United,A,2,0.5385202718236548,0.2413742024293724,0.22010552574697267,1.6880294149411748,0.9856975824888717
2019-04-13,2018-19,Burnley,Cardiff City,H,0,0.5256886106286585,0.2449365366510722,0.2293748527202694,1.6517846513984085,1.0022084140094738
2019-04-13,2018-19,Fulham,Everton,H,0,0.18840305135813207,0.22155201105969477,0.5900449375821732,0.9633561770249809,1.887220176719928
2019-04-13,2018-19,Brighton and Hove Albion,Bournemouth,A,2,0.38634797234420515,0.27225561684118826,0.34139641081460653,1.2768391216677957,1.1831418891045538
2019-04-13,2018-19,Southampton,Wolverhampton Wanderers,H,0,0.34388397179123137,0.26809108077420685,0.3880249474345618,1.2162364617632409,1.309298499365459
2019-04-13,2018-19,Tottenham,Huddersfield Town,H,0,0.8538582172624679,0.1004525762876171,0.04568920644991493,3.0692563890267763,0.612711275646195
2019-04-13,2018-19,Manchester United,West Ham,H,0,0.7500787437760137,0.15502343969961338,0.09489781652437297,2.50608233011722,0.7773093409468516
2019-04-14,2018-19,Crystal Palace,Manchester City,A,2,0.08779193026890347,0.14681071815730984,0.7653973515737867,0.7701933449148382,2.5978438944959463
2019-04-14,2018-19,Liverpool,Chelsea,H,0,0.5976690892458477,0.21764907708738046,0.18468183366677188,1.9292280990156447,0.9699058427535185
2019-04-15,2018-19,Watford,Arsenal,A,2,0.22655298706836016,0.22685273809478715,0.5465942748368526,1.1131872434952672,1.853044528140204
2019-04-16,2018-19,Brighton and Hove Albion,Cardiff City,A,2,0.43839448898906275,0.26066182796565646,0.30094368304528074,1.445987864186858,1.1516475690843413
2019-04-20,2018-19,Bournemouth,Fulham,A,2,0.621171990451782,0.21384431723146488,0.1649836923167532,1.9437978474540827,0.8865222563183142
2019-04-20,2018-19,Huddersfield Town,Watford,A,2,0.20768101083741144,0.22116404465900433,0.5711549445035843,1.0645105316048933,1.9115757045401962
2019-04-20,2018-19,Manchester City,Tottenham,H,0,0.7058286952819346,0.1725629572627091,0.12160834745535626,2.3761584827331492,0.8800965194565796
2019-04-20,2018-19,Newcastle United,Southampton,H,0,0.4224670979439342,0.2628303378885183,0.31470256416754744,1.4065338462504806,1.1766556985333936
2019-04-20,2018-19,West Ham,Leicester City,D,1,0.3026234395021781,0.24794494120028016,0.44943161929754166,1.2476349302913912,1.573888227233639
2019-04-20,2018-19,Wolverhampton Wanderers,Brighton and Hove Albion,D,1,0.613090031718621,0.22212918053365505,0.16478078774772398,1.8496263730064726,0.8367052915665526
2019-04-21,2018-19,Arsenal,Crystal Palace,A,2,0.6592570934962092,0.1960186692693784,0.14472423723441247,2.121156323843591,0.879078204725382
2019-04-21,2018-19,Cardiff City,Liverpool,A,2,0.07635008412532027,0.1368425155887604,0.7868074002859193,0.7246227538879505,2.6813003873756296
2019-04-21,2018-19,Everton,Manchester United,H,0,0.2560940264530404,0.2328082634299811,0.5110977101169785,1.1966479752402028,1.7825984601248834
2019-04-22,2018-19,Chelsea,Burnley,D,1,0.6730311887090321,0.19270340444182946,0.13426540684913854,2.132274157050881,0.8307943690797982
2019-04-23,2018-19,Tottenham,Brighton and Hove Albion,H,0,0.7838199800936066,0.1427420281236872,0.07343799178270606,2.542832470265858,0.6485135249118997
2019-04-23,2018-19,Watford,Southampton,D,1,0.40323555740061207,0.25182255705961415,0.3449418855397738,1.4682451862361616,1.3394506383653506
2019-04-24,2018-19,Manchester United,Manchester City,A,2,0.21506797864095414,0.21496686064208925,0.5699651607169566,1.1516884488452694,1.9995593977204775
2019-04-24,2018-19,Wolverhampton Wanderers,Arsenal,H,0,0.3115884854086666,0.2588188310444676,0.4295926835468657,1.1951740179483616,1.4496263770283497
2019-04-26,2018-19,Liverpool,Huddersfield Town,H,0,0.9452552429969662,0.04134204489760652,0.013402712105427275,4.172138286136989,0.4726205439507257
2019-04-27,2018-19,Brighton and Hove Albion,Newcastle United,D,1,0.28943256127241934,0.2722293906453596,0.4383380480822211,1.0478878331205645,1.35640231116872
2019-04-27,2018-19,Crystal Palace,Everton,D,1,0.33658787903030407,0.25113864134243263,0.41227347962726324,1.3228214901823423,1.4902620637577328
2019-04-27,2018-19,Fulham,Cardiff City,H,0,0.44654788560940895,0.250563722626705,0.302888391763886,1.545339419696413,1.2285507206140498
2019-04-27,2018-19,Southampton,Bournemouth,D,1,0.47529078560796517,0.24517197300129043,0.27953724139074443,1.6272447330955109,1.190964779849438
2019-04-27,2018-19,Tottenham,West Ham,A,2,0.716723991479535,0.1745652547601067,0.1087107537603582,2.2790408630630155,0.7603487646700398
2019-04-27,2018-19,Watford,Wolverhampton Wanderers,A,2,0.39056926497361166,0.25854089432039556,0.35088984070599283,1.3873001174273234,1.3013273364727524
2019-04-28,2018-19,Burnley,Manchester City,A,2,0.11544850023291868,0.1816068391498578,0.7029446606172235,0.7672615210678019,2.2106832014336115
2019-04-28,2018-19,Leicester City,Arsenal,H,0,0.33263077742269503,0.2638703858783224,0.4034988366989825,1.2173055743555732,1.3683467752410245
2019-04-28,2018-19,Manchester United,Chelsea,D,1,0.4153056913533145,0.25723541078277123,0.3274588978639142,1.4416083585305017,1.2509202206083
2019-05-03,2018-19,Everton,Burnley,H,0,0.5558492767364732,0.24097593078002488,0.20317479248350198,1.6879019654666554,0.9154316928549349
2019-05-04,2018-19,Cardiff City,Crystal Palace,A,2,0.3251680153086509,0.2644093233595359,0.4104226613318132,1.1943119254042711,1.375610510369651
2019-05-04,2018-19,West Ham,Southampton,H,0,0.3784769635454578,0.2502834902804179,0.3712395461741243,1.4326342305439206,1.4165498898799866
2019-05-04,2018-19,Bournemouth,Tottenham,H,0,0.22908160378660344,0.22742228245716237,0.5434961137562342,1.1205590809821122,1.8469906684377977
2019-05-04,2018-19,Wolverhampton Wanderers,Fulham,H,0,0.6318430446765517,0.20318968762609016,0.16496726769735806,2.078415074279434,0.9581026454585234
2019-05-04,2018-19,Newcastle United,Liverpool,A,2,0.12328909286663985,0.19356569501904256,0.6831452121143176,0.7510286235648389,2.083787443235682
2019-05-05,2018-19,Arsenal,Brighton and Hove Albion,D,1,0.6615588287974501,0.2010610742005582,0.1373800970019917,2.034884940056405,0.7994212070035548
2019-05-05,2018-19,Chelsea,Watford,H,0,0.6861015238124717,0.18748263339096083,0.12641584279656745,2.1747163090502832,0.8099277116585062
2019-05-05,2018-19,Huddersfield Town,Manchester United,D,1,0.07763850219662301,0.13906481934881346,0.7832966784545635,0.7214870499015361,2.6508732290918973
2019-05-06,2018-19,Manchester City,Leicester City,H,0,0.807931994138784,0.12512742034080482,0.06694058552041104,2.81685476635388,0.707353147625096
2019-05-12,2018-19,Crystal Palace,Bournemouth,H,0,0.4217950383371359,0.2461955017606103,0.3320094599022537,1.5526685586106326,1.3511103000574856
2019-05-12,2018-19,Fulham,Newcastle United,A,2,0.337451092019745,0.26401178917481755,0.39853711880543746,1.228489261033899,1.3586827773743757
2019-05-12,2018-19,Brighton and Hove Albion,Manchester City,A,2,0.06780571354919908,0.14024539652185886,0.7919488899289421,0.6049738661148748,2.532990907539908
2019-05-12,2018-19,Burnley,Arsenal,A,2,0.29741609521784607,0.25262742428202184,0.44995648050013215,1.1961781833563148,1.5301567629017907
2019-05-12,2018-19,Leicester City,Chelsea,D,1,0.2938517010747357,0.2509019361560961,0.45524636276916824,1.1972470043183139,1.5521300440207093
2019-05-12,2018-19,Liverpool,Wolverhampton Wanderers,H,0,0.7457974100645212,0.15716528059370402,0.0970373093417748,2.484446064010557,0.7814665155636933
2019-05-12,2018-19,Manchester United,Cardiff City,A,2,0.7315277617770507,0.16964216961842443,0.09883006860452481,2.2980122928843287,0.7112596992268532
2019-05-12,2018-19,Southampton,Huddersfield Town,D,1,0.7257502470272081,0.16450742249385403,0.10974233047893792,2.4431056047161865,0.841624228996567
2019-05-12,2018-19,Tottenham,Everton,D,1,0.49876995904009436,0.24962024824910947,0.2516097927107962,1.5982330927615556,1.0590911960268992
2019-05-12,2018-19,Watford,West Ham,A,2,0.3819183806297475,0.2571914678886859,0.3608901514815666,1.3811915392096605,1.335431645864133
2019-08-09,2019-20,Liverpool,Norwich City,H,0,0.7597565384400844,0.1526007419470967,0.08764271961281889,2.492871658330699,0.724457854223196
2019-08-10,2019-20,Burnley,Southampton,H,0,0.4192293984732194,0.2543149563375532,0.3264556451892275,1.4730953223768644,1.2700141734145343
2019-08-10,2019-20,Crystal Palace,Everton,D,1,0.38107452509924755,0.25761148388243965,0.36131399101831285,1.376050045095434,1.3331014540273065
2019-08-10,2019-20,Watford,Brighton and Hove Albion,A,2,0.48586321453936,0.24666035685131718,0.2674764286093228,1.6199439352085785,1.137039174466126
2019-08-10,2019-20,West Ham,Manchester City,A,2,0.19281362555083112,0.22476532712987668,0.5824210473192922,0.9647529206478144,1.8545467450314936
2019-08-10,2019-20,Tottenham,Aston Villa,H,0,0.5820244595340923,0.2335854041095782,0.1843901363563295,1.7514003969943708,0.8711736354294142
2019-08-11,2019-20,Leicester City,Wolverhampton Wanderers,D,1,0.3735368851013517,0.265597586731171,0.3608655281674773,1.299185396797486,1.272269198633489
2019-08-11,2019-20,Manchester United,Chelsea,H,0,0.3889684968157823,0.26624657388778156,0.3447849292964363,1.3245378988893952,1.2309071295631622
2019-08-11,2019-20,Newcastle United,Arsenal,A,2,0.3552198099099239,0.2588637682879162,0.3859164218021598,1.3091971469959234,1.3756576572427275
2019-08-17,2019-20,Manchester City,Tottenham,D,1,0.6645252804360795,0.19975848178520486,0.1357162377787156,2.0461617014020166,0.7965453455917204
2019-08-17,2019-20,Norwich City,Newcastle United,H,0,0.4256333697600465,0.26432501461154306,0.3100416156284103,1.3992590775256422,1.1538592943520691
2019-08-17,2019-20,Arsenal,Burnley,H,0,0.611186498929512,0.21564930516477118,0.1731641959057168,1.9362478278648667,0.9205988908609857
2019-08-17,2019-20,Aston Villa,Bournemouth,A,2,0.3577931154617585,0.2438511237385045,0.398355760799737,1.442005912252738,1.5339524481035793
2019-08-17,2019-20,Brighton and Hove Albion,West Ham,D,1,0.34466126445442175,0.26110330523676567,0.3942354303088126,1.2670463028505485,1.373629728337667
2019-08-17,2019-20,Everton,Watford,H,0,0.6009139263692956,0.2223074386397929,0.1767786349909114,1.8642414085138075,0.8983696686889515
2019-08-17,2019-20,Southampton,Liverpool,A,2,0.13422734596273272,0.18519006824318526,0.680582585794082,0.8824396013945985,2.2375355066075113
2019-08-18,2019-20,Chelsea,Leicester City,D,1,0.5635893801679848,0.23511799571325745,0.2012926241187578,1.747022673134269,0.9408720050815904
2019-08-18,2019-20,Sheffield United,Crystal Palace,H,0,0.42695200529093946,0.25300830741677444,0.32003968729228605,1.496498471852217,1.2617648269652675
2019-08-19,2019-20,Wolverhampton Wanderers,Manchester United,D,1,0.36997871178857533,0.26638033501410413,0.3636409531973206,1.2861707595608616,1.2727372514158712
2019-08-23,2019-20,Aston Villa,Everton,H,0,0.28435057177327755,0.2621192465941203,0.4535301816326022,1.0920540248982418,1.4517189351476236
2019-08-24,2019-20,Brighton and Hove Albion,Southampton,A,2,0.4430193401778812,0.25532614446878543,0.3016545153533334,1.4975051064800553,1.1901457059544223
2019-08-24,2019-20,Liverpool,Arsenal,H,0,0.6462238848359759,0.19715695610403502,0.15661915905998905,2.1400465408020137,0.9493774557239544
2019-08-24,2019-20,Manchester United,Crystal Palace,A,2,0.5965594079884012,0.22241060314377814,0.18102998886782062,1.8684551008326358,0.9197691872171462
2019-08-24,2019-20,Norwich City,Chelsea,A,2,0.3099654787696695,0.2518432719667644,0.4381912492635661,1.240778381031651,1.5228308290442676
2019-08-24,2019-20,Sheffield United,Leicester City,A,2,0.4762190617860024,0.25940112625907935,0.2643798119549182,1.4955275337049658,1.0440454068394927
2019-08-24,2019-20,Watford,West Ham,A,2,0.34682968382682483,0.24861462746946836,0.40455568870370684,1.3711807014883646,1.499994794507241
2019-08-25,2019-20,Bournemouth,Manchester City,A,2,0.1276220437304558,0.1728855307306689,0.6994924255388754,0.9274865372398957,2.401631282089108
2019-08-25,2019-20,Tottenham,Newcastle United,A,2,0.5646522827787251,0.23435564358237895,0.2009920736388959,1.7549110207293495,0.9440588174352473
2019-08-25,2019-20,Wolverhampton Wanderers,Burnley,D,1,0.5547873630383121,0.2412672163884796,0.20394542057320825,1.6852783540388867,0.9171519492506746
2019-08-31,2019-20,Leicester City,Bournemouth,H,0,0.4627732376427369,0.25727279739888265,0.2799539649583805,1.5021073468994255,1.1086188845232148
2019-08-31,2019-20,Chelsea,Sheffield United,D,1,0.5657098287145953,0.23330417465046438,0.20098599663494032,1.766121092380882,0.9503910897089431
2019-08-31,2019-20,Crystal Palace,Aston Villa,H,0,0.5089903609019586,0.2480743026642074,0.24293533643383397,1.617281545297946,1.0361459814941971
2019-08-31,2019-20,Burnley,Liverpool,A,2,0.14827811693185977,0.19852329911225156,0.6531985839558887,0.8853147466142607,2.0979937021010415
2019-08-31,2019-20,Manchester City,Brighton and Hove Albion,H,0,0.8609038952156328,0.09514912136891518,0.04394698341545188,3.1801537215122573,0.6336685676782672
2019-08-31,2019-20,Newcastle United,Watford,D,1,0.504760609373095,0.24456643385422325,0.25067295677268175,1.6508009250167692,1.0886048980216367
2019-08-31,2019-20,West Ham,Norwich City,H,0,0.5051889561632744,0.23035828927397822,0.2644527545627473,1.8107794253595888,1.251515266214269
2019-08-31,2019-20,Southampton,Manchester United,D,1,0.2711711052534177,0.2510935606579612,0.4777353340886211,1.1197388486295836,1.5711443888316792
2019-09-01,2019-20,Arsenal,Tottenham,D,1,0.4857123719792432,0.24628522478391535,0.2680024032368415,1.6235990893910441,1.1415830610005273
2019-09-01,2019-20,Everton,Wolverhampton Wanderers,H,0,0.4591387959315235,0.26643771109933284,0.2744234929691437,1.4229729506865307,1.0356461838316176
2019-09-14,2019-20,Manchester United,Leicester City,H,0,0.5496887725790979,0.24240410385519176,0.2079071235657104,1.675201159972021,0.9278323383991796
2019-09-14,2019-20,Brighton and Hove Albion,Burnley,D,1,0.3832197181822118,0.26378883361272226,0.3529914482050659,1.3319767463307632,1.2674528151804392
2019-09-14,2019-20,Liverpool,Newcastle United,H,0,0.7645904193373135,0.15246619945027268,0.08294338121241385,2.4586265288558837,0.6795008375347313
2019-09-14,2019-20,Norwich City,Manchester City,H,0,0.0944780276532261,0.14764732473232187,0.757874647614452,0.8339953870800598,2.6395055265733953
2019-09-14,2019-20,Tottenham,Crystal Palace,H,0,0.5064272936998657,0.2452155947314104,0.24835711156872384,1.644805196879048,1.0753482684827482
2019-09-14,2019-20,Wolverhampton Wanderers,Chelsea,A,2,0.3283623611211423,0.2659785756956702,0.4056590631831876,1.1921089828727502,1.3558282633088197
2019-09-14,2019-20,Sheffield United,Southampton,A,2,0.47619964667003534,0.2562667032607707,0.26753365006919394,1.5227005324186829,1.073756085004115
2019-09-15,2019-20,Bournemouth,Everton,H,0,0.31960649353047527,0.25046743948539535,0.4299260669841294,1.280131191955052,1.5241677660943287
2019-09-15,2019-20,Watford,Arsenal,D,1,0.26089846796305216,0.2390437473525382,0.5000577846844095,1.1675818747227662,1.7074894165662196
2019-09-16,2019-20,Aston Villa,West Ham,D,1,0.3077366353663422,0.24111893519312905,0.4511444294405287,1.3197383653709824,1.6455369059262595
2019-09-20,2019-20,Southampton,Bournemouth,A,2,0.4694064692737017,0.2477403402300093,0.28285319049628904,1.5965545641138772,1.1835882385695387
2019-09-21,2019-20,Everton,Sheffield United,A,2,0.47583626903044735,0.25539914547219256,0.26876458549736015,1.5301260349061483,1.0833855342619312
2019-09-21,2019-20,Manchester City,Watford,H,0,0.8366604431957636,0.10699325037238076,0.05634630643185568,3.099459376063045,0.7265361471412525
2019-09-21,2019-20,Burnley,Norwich City,H,0,0.4030850155715152,0.26411788374772444,0.3327971006807604,1.3657309650059966,1.2160272870945477
2019-09-21,2019-20,Newcastle United,Brighton and Hove Albion,D,1,0.44017121408499654,0.2632858445707199,0.29654294134428355,1.426815870367217,1.1217019995397808
2019-09-21,2019-20,Leicester City,Tottenham,H,0,0.35732431272038406,0.27359239665438106,0.36908329062523476,1.2102099023232695,1.2346463286176348
2019-09-22,2019-20,Arsenal,Aston Villa,H,0,0.5633953557208794,0.2326532010807949,0.20395144319832567,1.7748966126348111,0.9681298673391235
2019-09-22,2019-20,Chelsea,Liverpool,A,2,0.27127310248695546,0.23887403106071348,0.4898528664523311,1.2088172364686,1.7042109976510131
2019-09-22,2019-20,Crystal Palace,Wolverhampton Wanderers,D,1,0.4269086752992629,0.2686728052816461,0.30441851941909104,1.367713499010415,1.110917017857955
2019-09-22,2019-20,West Ham,Manchester United,H,0,0.31030144984378777,0.24730847445267193,0.44239007570354033,1.276894637372583,1.571432463656175
2019-09-28,2019-20,Chelsea,Brighton and Hove Albion,H,0,0.6707748158873735,0.1916845941524291,0.1375405899601973,2.1571785716569356,0.8600786601294633
2019-09-28,2019-20,Crystal Palace,Norwich City,H,0,0.4518336769311106,0.2584567894759348,0.2897095335929547,1.4805520291545182,1.1319941328590961
2019-09-28,2019-20,Aston Villa,Burnley,D,1,0.41262388074460354,0.2653452576413148,0.3220308616140816,1.3718897321897452,1.1798015980185763
2019-09-28,2019-20,Bournemouth,West Ham,D,1,0.3576823075092255,0.2495905602325077,0.3927271322582668,1.3904469486256346,1.4684667208324789
2019-09-28,2019-20,Everton,Manchester City,A,2,0.11863378018734508,0.1640191754330448,0.71734704437961,0.9260948547553797,2.506312463596373
2019-09-28,2019-20,Sheffield United,Liverpool,A,2,0.16174612275061648,0.21262855079306436,0.6256253264563192,0.8757475569746371,1.9522376298296318
2019-09-28,2019-20,Tottenham,Southampton,H,0,0.542473723484626,0.2339543116711918,0.22357196484418218,1.7686346463314526,1.0485184225115878
2019-09-28,2019-20,Wolverhampton Wanderers,Watford,H,0,0.5479604924691018,0.22641840404849756,0.2256211034824006,1.8579985969831243,1.1121424597194465
2019-09-29,2019-20,Leicester City,Newcastle United,H,0,0.538105266783349,0.2499542542393315,0.21194047897731946,1.6033141202101822,0.9034307629314503
2019-09-30,2019-20,Manchester United,Arsenal,D,1,0.4809223043994764,0.2521395221824317,0.26693817341809184,1.5637188478896846,1.0980503415483307
2019-10-05,2019-20,Brighton and Hove Albion,Tottenham,H,0,0.22627899079423455,0.24016334962059516,0.5335576595851703,1.0192426782718849,1.7012762191703792
2019-10-05,2019-20,Liverpool,Leicester City,H,0,0.7161377943350674,0.17636024328023844,0.10750196238469412,2.2471886749203507,0.7392676394239233
2019-10-05,2019-20,Burnley,Everton,H,0,0.41559970126370904,0.26006633357505643,0.3243339651612346,1.4184618277952934,1.222022997053672
2019-10-05,2019-20,West Ham,Crystal Palace,A,2,0.4618713323180482,0.25400170819652,0.28412695948543176,1.5303224869952052,1.143829621154442
2019-10-05,2019-20,Watford,Sheffield United,D,1,0.35106184627264564,0.24947116804700753,0.3994669856803469,1.3748440644200772,1.4826071201458628
2019-10-05,2019-20,Norwich City,Aston Villa,A,2,0.42435563668086546,0.25845109786365955,0.31719326545547505,1.4452137295901242,1.213709014846901
2019-10-06,2019-20,Arsenal,Bournemouth,H,0,0.57299196988246,0.2167235410975666,0.2102844890199733,1.9711733159717975,1.112188846449299
2019-10-06,2019-20,Manchester City,Wolverhampton Wanderers,A,2,0.8188922711896753,0.11358432296759552,0.06752340584272917,3.1128476319840437,0.8332607998581045
2019-10-06,2019-20,Newcastle United,Manchester United,H,0,0.25515229623374996,0.2580259235855248,0.48682178018072525,1.0206575261666737,1.5149310908464415
2019-10-06,2019-20,Southampton,Chelsea,A,2,0.22143743884174077,0.22255827776354395,0.5560042833947152,1.1220262986179896,1.9041746639147532
2019-10-19,2019-20,Bournemouth,Norwich City,D,1,0.48666345108477677,0.24374398708596995,0.2695925618292533,1.6501272590545275,1.1656503247167216
2019-10-19,2019-20,Aston Villa,Brighton and Hove Albion,H,0,0.5010343065772954,0.2413382735211581,0.2576274199015465,1.6830333461448213,1.1379631904669494
2019-10-19,2019-20,Chelsea,Newcastle United,H,0,0.7127957928882673,0.1750165481337771,0.11218765897795563,2.2899580311900976,0.7851869671988155
2019-10-19,2019-20,Crystal Palace,Manchester City,A,2,0.17414224306420617,0.1998587286259461,0.6259990283098477,1.0411574767222826,2.146492617588587
2019-10-19,2019-20,Everton,West Ham,H,0,0.43001018592788615,0.2566196344581878,0.3133701796139261,1.4689824860811913,1.2158196279640359
2019-10-19,2019-20,Tottenham,Watford,D,1,0.6107267334720097,0.21435449564803705,0.17491877087995328,1.954764441926709,0.9387863394232713
2019-10-19,2019-20,Leicester City,Burnley,H,0,0.4806943424432759,0.2583355871262956,0.26097007043042847,1.5080405226235547,1.0388445861487747
2019-10-19,2019-20,Wolverhampton Wanderers,Southampton,D,1,0.5528188526056251,0.22965987027046167,0.21752127712391323,1.815631427649003,1.0507761902021582
2019-10-20,2019-20,Manchester United,Liverpool,D,1,0.19963455464265348,0.2331221648756189,0.5672432804817277,0.9452331631941265,1.7672451356081595
2019-10-21,2019-20,Sheffield United,Arsenal,H,0,0.27877950249036737,0.24916742208728873,0.47205307542234387,1.1593409938751142,1.5849413404016282
2019-10-25,2019-20,Southampton,Leicester City,A,2,0.36876010699866957,0.26530773086199466,0.3659321621393358,1.291364745798645,1.2853525052405075
2019-10-26,2019-20,Brighton and Hove Albion,Everton,H,0,0.3251977205900109,0.2505582143761025,0.4242440650338866,1.2956612381896484,1.5148734174111427
2019-10-26,2019-20,Burnley,Chelsea,A,2,0.2328038107683168,0.23258642100941074,0.5346097682222725,1.098857125071165,1.7861553533014394
2019-10-26,2019-20,Manchester City,Aston Villa,H,0,0.8246071668862663,0.10883841568841271,0.06655441742532102,3.235713494717529,0.8766432935450013
2019-10-26,2019-20,Watford,Bournemouth,D,1,0.36516909956430615,0.258043038577726,0.3767878618579678,1.3384673581874675,1.3636901615600707
2019-10-26,2019-20,West Ham,Sheffield United,D,1,0.415747006547367,0.2668319325403963,0.3174210609122367,1.3653892186549401,1.1578617322494398
2019-10-27,2019-20,Arsenal,Crystal Palace,D,1,0.535032547541614,0.2378900086930457,0.22707744376534034,1.7257335509850011,1.037370012056807
2019-10-27,2019-20,Liverpool,Tottenham,H,0,0.7342761710714736,0.16794587063874886,0.0977779582897776,2.3169375730924444,0.7131191339334199
2019-10-27,2019-20,Newcastle United,Wolverhampton Wanderers,D,1,0.3221386912296521,0.2658250050754155,0.4120363036949323,1.1769270306241508,1.367292395302291
2019-10-27,2019-20,Norwich City,Manchester United,A,2,0.2847559671793105,0.2583957194412539,0.45684831337943566,1.1168013602905307,1.4864559385537375
2019-11-02,2019-20,Brighton and Hove Albion,Norwich City,H,0,0.46845202427212307,0.24600771617084724,0.28554025955702966,1.6129324674616543,1.2056530673644346
2019-11-02,2019-20,Aston Villa,Liverpool,A,2,0.1329599678702978,0.17598618663153326,0.691053845498169,0.9451112571213791,2.3759303602557074
2019-11-02,2019-20,Bournemouth,Manchester United,H,0,0.3010408511300054,0.26142977794358097,0.43752937092641353,1.1468918414735776,1.438554530945735
2019-11-02,2019-20,Arsenal,Wolverhampton Wanderers,D,1,0.5088762427677221,0.2465016553585076,0.24462210187377026,1.6327278470028297,1.0525730994600295
2019-11-02,2019-20,Manchester City,Southampton,H,0,0.9043469466606203,0.0660603021444031,0.0295927511949766,3.803225707711817,0.6671257373160383
2019-11-02,2019-20,Sheffield United,Burnley,H,0,0.40184278455124595,0.2632248932968485,0.33493232215190566,1.370525444486307,1.2276329173965534
2019-11-02,2019-20,West Ham,Newcastle United,A,2,0.49544941529832737,0.25552440668594706,0.24902617801572555,1.541989775821727,1.0136669873973194
2019-11-02,2019-20,Watford,Chelsea,A,2,0.15894776384823775,0.2016726182583878,0.6393796178933745,0.9315143564748393,2.0843051182166703
2019-11-03,2019-20,Crystal Palace,Leicester City,A,2,0.383772511679567,0.25138371262133785,0.36484377569909515,1.434209440282706,1.3922892484233491
2019-11-03,2019-20,Everton,Tottenham,D,1,0.40510093733403285,0.2638761822326706,0.33102288043329653,1.3710052828267394,1.2131483440358044
2019-11-08,2019-20,Norwich City,Watford,A,2,0.37941358343909315,0.25951174655205234,0.3610746700088544,1.3574343048221165,1.3177965630676267
2019-11-09,2019-20,Chelsea,Crystal Palace,H,0,0.6620445690950267,0.19160652215231666,0.1463489087526566,2.187735813992737,0.9215132182812028
2019-11-09,2019-20,Burnley,West Ham,H,0,0.4296432525242453,0.25601510656341525,0.31434164091233957,1.4737139971520192,1.222982939642939
2019-11-09,2019-20,Leicester City,Arsenal,H,0,0.43835145230257516,0.2586522106119323,0.3029963370854926,1.4627791099171112,1.1711865680654117
2019-11-09,2019-20,Newcastle United,Bournemouth,H,0,0.37128626385817026,0.27188248598459025,0.3568312501572395,1.2504984702159492,1.220321455812219
2019-11-09,2019-20,Tottenham,Sheffield United,D,1,0.46071024113889825,0.25974912249671184,0.27954063636438986,1.478839116841501,1.0916007549425872
2019-11-09,2019-20,Southampton,Everton,A,2,0.2990976032148203,0.24869561351772665,0.45220678326745306,1.2305630238364595,1.5698102487576517
2019-11-10,2019-20,Liverpool,Manchester City,H,0,0.45943558529132716,0.23230265031268194,0.3082617643959909,1.7549177476843312,1.4014741594708535
2019-11-10,2019-20,Manchester United,Brighton and Hove Albion,H,0,0.5923051896568213,0.2173356976965738,0.1903591126466049,1.940597698940647,1.0024215699998005
2019-11-10,2019-20,Wolverhampton Wanderers,Aston Villa,H,0,0.514190054918949,0.23792716575813722,0.24788277932291383,1.724306226924519,1.1239178828971608
2019-11-23,2019-20,Bournemouth,Wolverhampton Wanderers,A,2,0.3554945996977809,0.2688564000246549,0.3756490002775641,1.2376694351264832,1.2800912631067034
2019-11-23,2019-20,Crystal Palace,Liverpool,A,2,0.10826900633789541,0.16478807310221552,0.7269429205598891,0.8262688390046675,2.4293358985394926
2019-11-23,2019-20,Brighton and Hove Albion,Leicester City,A,2,0.2959895210399865,0.24621668639333333,0.45779379256668007,1.239390481218613,1.600340582049663
2019-11-23,2019-20,Arsenal,Southampton,D,1,0.6615448530865137,0.19903170606529985,0.13942344084818648,2.0660300505975706,0.8247752595109453
2019-11-23,2019-20,Everton,Norwich City,A,2,0.627345371622782,0.21467686096392974,0.1579777674132882,1.9212553095322942,0.8421688407887267
2019-11-23,2019-20,West Ham,Tottenham,A,2,0.3515605629810142,0.26357638315692533,0.38486305386206054,1.2656515366283232,1.3367761246763872
2019-11-23,2019-20,Manchester City,Chelsea,H,0,0.5921040299410668,0.2089116358287349,0.19898433423019826,2.0641693023110115,1.1149607103747483
2019-11-23,2019-20,Watford,Burnley,A,2,0.3907180137274806,0.2677303817966262,0.34155160447589317,1.3168573566433464,1.2131117191004563
2019-11-24,2019-20,Sheffield United,Manchester United,D,1,0.3229415477987065,0.2541334233719173,0.42292502882937627,1.261525377342588,1.4804073649140723
2019-11-25,2019-20,Aston Villa,Newcastle United,H,0,0.41798389012181814,0.24852442931094618,0.33349168056723555,1.5240678821099056,1.3357161190493259
2019-11-30,2019-20,Liverpool,Brighton and Hove Albion,H,0,0.8622206778662598,0.09476468402921157,0.043014638104528616,3.169815711171809,0.6202446450543199
2019-11-30,2019-20,Chelsea,West Ham,A,2,0.7051377210124269,0.17759495908951933,0.11726731989805382,2.276494120956136,0.8077731917202541
2019-11-30,2019-20,Burnley,Crystal Palace,A,2,0.5222670772425979,0.24032616228527348,0.2374067604721286,1.6993486010766699,1.0643815166096602
2019-11-30,2019-20,Newcastle United,Manchester City,D,1,0.10770301085582863,0.15876951710570264,0.7335274720384687,0.8701511023304831,2.5307521676802205
2019-11-30,2019-20,Tottenham,Bournemouth,H,0,0.5461416592010435,0.24315557280989245,0.21070276798906398,1.668416642114375,0.9354769317269934
2019-11-30,2019-20,Southampton,Watford,H,0,0.40334252220580574,0.255209330692562,0.3414481471016323,1.438721041091417,1.3033846084989873
2019-12-01,2019-20,Leicester City,Everton,H,0,0.605996146737834,0.21721639505555665,0.17678745820660946,1.9231627669566747,0.9302559976873224
2019-12-01,2019-20,Manchester United,Aston Villa,D,1,0.6121593036553811,0.20667821436244732,0.1811624819821717,2.0651107571382803,1.0297558137334695
2019-12-01,2019-20,Norwich City,Arsenal,D,1,0.2732773260696453,0.2536949797285112,0.47302769420184354,1.10969801199153,1.5432383917905519
2019-12-01,2019-20,Wolverhampton Wanderers,Sheffield United,D,1,0.5090813623696563,0.2487434892970213,0.24217514833332246,1.610817845340956,1.029087255935946
2019-12-03,2019-20,Burnley,Manchester City,A,2,0.16154095278373795,0.199382494215153,0.6390765530011091,0.9646389873500527,2.1221490035418578
2019-12-03,2019-20,Crystal Palace,Bournemouth,H,0,0.4657917859645982,0.2534771830724226,0.28073103096297913,1.5388529190420686,1.1361784230141871
2019-12-04,2019-20,Liverpool,Everton,H,0,0.8047347070466212,0.1299121058514569,0.0653531871019219,2.69726153659142,0.6484983372698941
2019-12-04,2019-20,Chelsea,Aston Villa,H,0,0.6662321135777648,0.19092136411477165,0.1428465223074635,2.185868310532766,0.9022432280655887
2019-12-04,2019-20,Leicester City,Watford,H,0,0.7527684448739281,0.15582899731825828,0.09140255780781359,2.4664844393644203,0.7376446973989887
2019-12-04,2019-20,Southampton,Norwich City,H,0,0.4397858800668737,0.24836212002056357,0.31185199991256274,1.5577945903628958,1.273351598595544
2019-12-04,2019-20,Wolverhampton Wanderers,West Ham,H,0,0.5793067855401672,0.22731166883636458,0.19338154562346824,1.8261696059573895,0.9512892892536633
2019-12-04,2019-20,Manchester United,Tottenham,H,0,0.4698516943252722,0.24148547909104218,0.2886628265836857,1.6610471882562747,1.251681464263177
2019-12-05,2019-20,Arsenal,Brighton and Hove Albion,A,2,0.6111892029972231,0.2123070320914294,0.17650376491134742,1.982819015789743,0.9615632013327661
2019-12-05,2019-20,Sheffield United,Newcastle United,A,2,0.5136106976120308,0.2413745397335427,0.24501476265442654,1.6867327197153748,1.0880767500561384
2019-12-07,2019-20,Bournemouth,Liverpool,A,2,0.10538743546253948,0.17006820884865584,0.7245443556888046,0.7631315879892444,2.328360329650723
2019-12-07,2019-20,Watford,Crystal Palace,D,1,0.3121568329339648,0.26838015353139777,0.4194630135346374,1.13392802720483,1.3593145565174565
2019-12-07,2019-20,Everton,Chelsea,H,0,0.22854671418456005,0.23113387597080898,0.5403194098446309,1.0905098070159411,1.8023067996344464
2019-12-07,2019-20,Tottenham,Burnley,H,0,0.5638776146285576,0.2304524494724251,0.2056699358990174,1.8002130785717843,0.9901566523376486
2019-12-07,2019-20,Manchester City,Manchester United,A,2,0.6779484350696047,0.1869686894747964,0.13508287545559888,2.2148805950697428,0.8757620730324954
2019-12-08,2019-20,Aston Villa,Leicester City,A,2,0.23154430283131955,0.2346348720002956,0.5338208251683849,1.0787365873834418,1.762409546976927
2019-12-08,2019-20,Brighton and Hove Albion,Wolverhampton Wanderers,D,1,0.26995790097383987,0.24622396243023778,0.4838181365959223,1.1490951406793208,1.622949787075
2019-12-08,2019-20,Newcastle United,Southampton,H,0,0.4698720044447663,0.2451495732284004,0.2849784223268334,1.6228858132633508,1.210188947521224
2019-12-08,2019-20,Norwich City,Sheffield United,A,2,0.3065938877726518,0.2602553034389593,0.4331508087883889,1.1709188499791974,1.4424980262273592
2019-12-09,2019-20,West Ham,Arsenal,A,2,0.3131030004351219,0.25590214455106347,0.4309948550138146,1.2202010169665487,1.4765997651476657
2019-12-14,2019-20,Chelsea,Bournemouth,A,2,0.7138663903382015,0.17461376215138633,0.11151984751041215,2.2925775743463697,0.7825637642339873
2019-12-14,2019-20,Leicester City,Norwich City,D,1,0.7625203669189495,0.15064036020890822,0.08683927287214228,2.520436405668759,0.7307696915956342
2019-12-14,2019-20,Burnley,Newcastle United,H,0,0.4318769921871373,0.2560024365844371,0.3121205712284257,1.47695094872598,1.2166122158995911
2019-12-14,2019-20,Sheffield United,Aston Villa,H,0,0.5245229864968778,0.24406304935433584,0.23141396414878643,1.6605257491816239,1.015827266186209
2019-12-14,2019-20,Southampton,West Ham,A,2,0.5035653265574943,0.24796653513458666,0.248468138307919,1.6163509640844793,1.0578737135248368
2019-12-14,2019-20,Liverpool,Watford,H,0,0.8834380660009838,0.08358886654772914,0.032973067451287016,3.2474486453703775,0.5331752442994049
2019-12-15,2019-20,Arsenal,Manchester City,A,2,0.2325915998367213,0.23782233429940716,0.5295860658638715,1.0612286507678461,1.7268383973833736
2019-12-15,2019-20,Manchester United,Everton,D,1,0.6057654093467593,0.21091475697675435,0.18331983367648635,2.0121831930547716,1.0101449218020238
2019-12-15,2019-20,Wolverhampton Wanderers,Tottenham,A,2,0.42162600735809536,0.2574894329630958,0.32088455967880886,1.4492836282253339,1.230941524963624
2019-12-16,2019-20,Crystal Palace,Brighton and Hove Albion,D,1,0.5097309139048966,0.24840334748891973,0.24186573860618374,1.614321726392357,1.0300062811153186
2019-12-21,2019-20,Brighton and Hove Albion,Sheffield United,A,2,0.3347819778000787,0.2629496159157147,0.40226840628420657,1.2291739236824846,1.3734059534901502
2019-12-21,2019-20,Aston Villa,Southampton,A,2,0.4114382302579141,0.24878068649174384,0.339781083250342,1.510658672037229,1.3509380821278802
2019-12-21,2019-20,Manchester City,Leicester City,H,0,0.57442816160521,0.21873154485068774,0.20684029354410213,1.9416009498755926,1.0785873916580095
2019-12-21,2019-20,Bournemouth,Burnley,A,2,0.3734161123104576,0.2607077200035084,0.36587616768603404,1.3356336378998257,1.319391908127837
2019-12-21,2019-20,Newcastle United,Crystal Palace,H,0,0.40680325888362967,0.2720949135550276,0.32110182756134276,1.312971710930209,1.1345455010842345
2019-12-21,2019-20,Norwich City,Wolverhampton Wanderers,A,2,0.28847658273586274,0.2646663773133308,0.4468570399508065,1.0890913732463028,1.4237734803670372
2019-12-21,2019-20,Everton,Arsenal,D,1,0.3537126877062325,0.25935536544667176,0.38693194684709575,1.301888340839435,1.3737035230199282
2019-12-22,2019-20,Tottenham,Chelsea,A,2,0.4515508829132727,0.25146244535396456,0.29698667173276266,1.5427738472967236,1.2032415437789192
2019-12-22,2019-20,Watford,Manchester United,H,0,0.20568650156233872,0.23570986443022665,0.5586036340074345,0.9572435170961682,1.7429968386520502
2019-12-26,2019-20,Aston Villa,Norwich City,H,0,0.42856820422749403,0.2560005608408971,0.3154312349316089,1.472311924068567,1.2262375433051376
2019-12-26,2019-20,Bournemouth,Arsenal,D,1,0.28154890406315486,0.2676060981464124,0.4508449977904328,1.0508440546601934,1.4053055922725184
2019-12-26,2019-20,Everton,Burnley,H,0,0.44263476645978483,0.26166101283917315,0.295704220701042,1.4430246211284212,1.1295514718368591
2019-12-26,2019-20,Crystal Palace,West Ham,H,0,0.4717517700898118,0.26640068054010785,0.26184754937008037,1.4347923937485112,0.995965458964397
2019-12-26,2019-20,Sheffield United,Watford,D,1,0.6079172588255461,0.2259842178311472,0.16609852334330663,1.8105162779286301,0.82256044754386
2019-12-26,2019-20,Leicester City,Liverpool,A,2,0.2188891294290249,0.2230693468715676,0.5580415236994075,1.1056437577781526,1.8961247335042297
2019-12-26,2019-20,Manchester United,Newcastle United,H,0,0.5645165207584081,0.23760826203074556,0.19787521721084625,1.719433317437445,0.9109228897965422
2019-12-26,2019-20,Chelsea,Southampton,A,2,0.6305954372907268,0.20588479588018224,0.16351976682909092,2.039550219030186,0.9301860590596176
2019-12-26,2019-20,Tottenham,Brighton and Hove Albion,H,0,0.5998963156060049,0.22354792935479934,0.17655575503919582,1.850106509376056,0.8897934250416101
2019-12-27,2019-20,Wolverhampton Wanderers,Manchester City,H,0,0.20210403985227832,0.22458000024851058,0.5733159598992111,1.0122135754985588,1.8652163751964834
2019-12-28,2019-20,Watford,Aston Villa,H,0,0.44242889079230546,0.25962500725322823,0.29794610195446636,1.4596776272871586,1.1495526760049268
2019-12-28,2019-20,West Ham,Leicester City,A,2,0.26459959970055746,0.2445390944941106,0.49086130580533205,1.1414623701255229,1.644476762165665
2019-12-28,2019-20,Brighton and Hove Albion,Bournemouth,H,0,0.4546601120113894,0.26784905402199444,0.2774908339666163,1.4075090612776344,1.0371220118757802
2019-12-28,2019-20,Burnley,Manchester United,A,2,0.26716783788891024,0.2570508336665533,0.4757813284445364,1.0676552227076486,1.5154701768950964
2019-12-28,2019-20,Newcastle United,Everton,A,2,0.41807296725086046,0.2672387485902961,0.3146882841588435,1.36582067951982,1.1479310084007202
2019-12-28,2019-20,Norwich City,Tottenham,D,1,0.26441963135376534,0.2650433882931015,0.47053698035313324,1.011736965785845,1.4444666439430935
2019-12-28,2019-20,Southampton,Crystal Palace,D,1,0.4236866593448464,0.2702850785337878,0.3060282621213658,1.3513074692682556,1.1056338984567584
2019-12-29,2019-20,Arsenal,Chelsea,A,2,0.36964731387447836,0.2689643299841174,0.3613883561414042,1.267198657389316,1.2498182185566993
2019-12-29,2019-20,Liverpool,Wolverhampton Wanderers,H,0,0.7621124433505553,0.1491674759693054,0.08872008068013933,2.5621378684664013,0.7610808953858998
2019-12-29,2019-20,Manchester City,Sheffield United,H,0,0.6863553053688248,0.1852465939647519,0.12839810066642326,2.21371120481348,0.8392706351866521
2020-01-01,2019-20,Arsenal,Manchester United,H,0,0.3368359161625382,0.26544224134871663,0.39772184248874515,1.2171087724782534,1.3463543820405488
2020-01-01,2019-20,Brighton and Hove Albion,Chelsea,D,1,0.26767759025684873,0.26023756921967467,0.4720848405234766,1.050048732790371,1.4850904712739443
2020-01-01,2019-20,Burnley,Aston Villa,A,2,0.4908860876928569,0.25422707278604917,0.2548868395210939,1.5510844865561293,1.0423502202921102
2020-01-01,2019-20,Manchester City,Everton,H,0,0.7087595811075411,0.17498507618158426,0.11625534271087457,2.3107797987937198,0.8180722224678548
2020-01-01,2019-20,Newcastle United,Leicester City,A,2,0.29224069374178024,0.2442198487088066,0.4635394575494132,1.2423536447196746,1.6264757054000212
2020-01-01,2019-20,Norwich City,Crystal Palace,D,1,0.3373673602366473,0.2785664998784996,0.38406613988485305,1.1351342509098574,1.2308564314206443
2020-01-01,2019-20,Southampton,Tottenham,H,0,0.3334511161083318,0.2712346872454857,0.39531419664618256,1.1706901393069518,1.2999234596962286
2020-01-01,2019-20,Watford,Wolverhampton Wanderers,H,0,0.3171981899661845,0.26063876554424853,0.42216304448956704,1.1984460524594722,1.4238030581345884
2020-01-01,2019-20,West Ham,Bournemouth,H,0,0.438285814784164,0.2685302691227989,0.29318391609303707,1.3836542196508173,1.0799013635884482
2020-01-02,2019-20,Liverpool,Sheffield United,H,0,0.8045435124587145,0.12909963829661816,0.0663568492446673,2.725437235083351,0.6670366172544864
2020-01-10,2019-20,Sheffield United,West Ham,H,0,0.5354947480930444,0.24214906815738826,0.2223561837495673,1.6802733878682146,0.9904145172934665
2020-01-11,2019-20,Everton,Brighton and Hove Albion,H,0,0.4922592821604654,0.2550094878973189,0.2527312299422158,1.5448290663736493,1.029951605953523
2020-01-11,2019-20,Chelsea,Burnley,H,0,0.6419535508472545,0.2114085434440799,0.14663790570866564,1.9357451892964876,0.7961776364411971
2020-01-11,2019-20,Crystal Palace,Arsenal,D,1,0.39259064170595737,0.27167567634961154,0.33573368194443104,1.2920702653197755,1.1734151649942137
2020-01-11,2019-20,Leicester City,Southampton,A,2,0.5527541310323233,0.23069059376346637,0.21655527520421028,1.80328369090796,1.03917441816946
2020-01-11,2019-20,Tottenham,Liverpool,A,2,0.1295488649069816,0.19050383449226346,0.679947300600755,0.8124939611815815,2.1453527456397588
2020-01-11,2019-20,Wolverhampton Wanderers,Newcastle United,D,1,0.5530742818511453,0.2373982703563495,0.20952744779250526,1.7268080014573814,0.9641658349614175
2020-01-11,2019-20,Manchester United,Norwich City,H,0,0.6595767154516238,0.20165282096447726,0.13877046358389905,2.031502746911356,0.8046911417537631
2020-01-12,2019-20,Aston Villa,Manchester City,A,2,0.1099430729012153,0.1669702996237123,0.7230866274750724,0.8242708917996217,2.403255068779881
2020-01-12,2019-20,Bournemouth,Watford,A,2,0.3768758292792002,0.26687244998732523,0.3562517207334745,1.2966835342173686,1.2530339519185916
2020-01-18,2019-20,Arsenal,Sheffield United,D,1,0.45692849020628573,0.26064352204758645,0.2824279877461277,1.4675062639899359,1.0951901828907828
2020-01-18,2019-20,Brighton and Hove Albion,Aston Villa,D,1,0.47748960976740257,0.2516525971047239,0.2708577931278735,1.5657001358091547,1.1149084445690214
2020-01-18,2019-20,Manchester City,Crystal Palace,D,1,0.7572218696921036,0.153057286458837,0.08972084384905936,2.5011041543761765,0.7415450783934693
2020-01-18,2019-20,Newcastle United,Chelsea,H,0,0.2354893216145413,0.2420708232805477,0.5224398551049111,1.0450284391918845,1.6808887268231247
2020-01-18,2019-20,Norwich City,Bournemouth,H,0,0.4264783952992218,0.2697447909213519,0.3037768137794264,1.3591592590611623,1.1026744933835273
2020-01-18,2019-20,Southampton,Wolverhampton Wanderers,A,2,0.403222414200857,0.2633050018896892,0.33347258390945383,1.3722672385164074,1.2233632114482371
2020-01-18,2019-20,Watford,Tottenham,D,1,0.38186546007979194,0.26635527297447203,0.351779266945736,1.3102590036352249,1.2465010222253474
2020-01-18,2019-20,West Ham,Everton,D,1,0.33947973525639025,0.25988180947076467,0.400638455272845,1.2630591640486857,1.394960895469536
2020-01-19,2019-20,Burnley,Leicester City,H,0,0.26692876267459253,0.24925145345044017,0.4838197838749674,1.1172281873093681,1.5931412891902128
2020-01-19,2019-20,Liverpool,Manchester United,H,0,0.7504405424087087,0.15481490778139417,0.09474454980989716,2.5085964110774945,0.7774257531125884
2020-01-21,2019-20,Bournemouth,Brighton and Hove Albion,H,0,0.35363261007342495,0.26761666792359995,0.3787507220029751,1.241988563307458,1.2950360904863893
2020-01-21,2019-20,Aston Villa,Watford,H,0,0.3238426279523983,0.24631680071247453,0.4298405713351271,1.3262404963106909,1.5638431916850797
2020-01-21,2019-20,Chelsea,Arsenal,D,1,0.5177556288100922,0.24592896888830348,0.2363154023016044,1.6407410462500642,1.0237872069764138
2020-01-21,2019-20,Crystal Palace,Southampton,A,2,0.44009414763062477,0.2626634513259101,0.297242401043465,1.4317385073036872,1.1277188631012176
2020-01-21,2019-20,Sheffield United,Manchester City,A,2,0.20156245099927333,0.2224341193754611,0.5760034296252655,1.0244639965981832,1.8904278012753293
2020-01-21,2019-20,Everton,Newcastle United,D,1,0.5429904693352958,0.23355912795859063,0.22345040270611347,1.7730596984131235,1.0506797551931135
2020-01-22,2019-20,Leicester City,West Ham,H,0,0.5992676695102873,0.213300718365515,0.18743161212419757,1.987635728239785,1.015608645284724
2020-01-22,2019-20,Manchester United,Burnley,A,2,0.6627694140190327,0.1951142865887857,0.14211629939218165,2.1253524692404895,0.8678579185947498
2020-01-22,2019-20,Tottenham,Norwich City,H,0,0.6112141917462437,0.21887119684676978,0.16991461140698652,1.8934948779121663,0.8828322122232924
2020-01-23,2019-20,Wolverhampton Wanderers,Liverpool,A,2,0.14719582505496281,0.1962996362157959,0.6565045387292413,0.8935109611426854,2.1247573623921205
2020-01-29,2019-20,West Ham,Liverpool,A,2,0.07045663383041037,0.12878422552965552,0.8007591406399341,0.7208906056402182,2.7813869030993454
2020-02-01,2019-20,Bournemouth,Aston Villa,H,0,0.3889271562866341,0.2592115347482062,0.35186130896515977,1.378726501522545,1.2985688672432056
2020-02-01,2019-20,Crystal Palace,Sheffield United,A,2,0.39057972238775934,0.2679633200473043,0.34145695756493644,1.3149105387719198,1.211323687579887
2020-02-01,2019-20,Leicester City,Chelsea,D,1,0.42568580815487433,0.24251663474408733,0.3317975571010383,1.5958021629006225,1.3825910725172308
2020-02-01,2019-20,Liverpool,Southampton,H,0,0.8400494523564528,0.10816306833143718,0.05178747931211008,2.9857309059621855,0.6414749569733407
2020-02-01,2019-20,Manchester United,Wolverhampton Wanderers,D,1,0.46684069062244365,0.2536097066108304,0.279549602766726,1.5386108671299483,1.1313565314385328
2020-02-01,2019-20,Newcastle United,Norwich City,D,1,0.5020100900853094,0.24524784968472538,0.2527420602299652,1.6427799464997719,1.0919440231073245
2020-02-01,2019-20,Watford,Everton,A,2,0.4060059411291991,0.2488435323285606,0.34515052654224027,1.5004886404789388,1.3648053893682
2020-02-01,2019-20,West Ham,Brighton and Hove Albion,D,1,0.4331021231888452,0.24994273839763287,0.3169551384135219,1.5336184776761508,1.2763906951699935
2020-02-02,2019-20,Burnley,Arsenal,D,1,0.3261179076864828,0.25811293378846034,0.4157691585250569,1.2408559363433551,1.4349393819391136
2020-02-02,2019-20,Tottenham,Manchester City,H,0,0.2011183111940759,0.21757405448545078,0.5813076343204733,1.0576202932415832,1.9504795963098611
2020-02-08,2019-20,Brighton and Hove Albion,Watford,D,1,0.4156375582943187,0.25061758907222953,0.33374485263345177,1.5006575274035827,1.3192541137948872
2020-02-08,2019-20,Everton,Crystal Palace,H,0,0.5466565982368663,0.23853578669307696,0.21480761507005677,1.7165423364295527,0.9803850461660721
2020-02-09,2019-20,Sheffield United,Bournemouth,H,0,0.5567573169084332,0.23099425314416747,0.2122484299473993,1.7977835841218863,1.0172476590425585
2020-02-14,2019-20,Wolverhampton Wanderers,Leicester City,D,1,0.41296473006379003,0.2525527039630425,0.33448256597316744,1.4786331248842282,1.3057788586265495
2020-02-15,2019-20,Norwich City,Liverpool,A,2,0.05532283406344047,0.10936574801634155,0.835311417920218,0.6857336173745266,3.0174828797718645
2020-02-15,2019-20,Southampton,Burnley,A,2,0.45291815507295374,0.2484546942483114,0.29862715067873485,1.5729490545931009,1.230870936392812
2020-02-16,2019-20,Arsenal,Newcastle United,H,0,0.5502725214994582,0.23784239161101514,0.2118850868895266,1.722962130098074,0.9718594626481075
2020-02-16,2019-20,Aston Villa,Tottenham,A,2,0.27992252575366033,0.2406720606357139,0.4794054136106258,1.2268444175812834,1.6776130319421734
2020-02-17,2019-20,Chelsea,Manchester United,A,2,0.5134639832776307,0.23879205355442343,0.2477439631679459,1.714593101060274,1.117128652091589
2020-02-19,2019-20,Manchester City,West Ham,H,0,0.8698504100551686,0.0890793861352037,0.04107020380962757,3.29618595860693,0.6430245080315675
2020-02-22,2019-20,Burnley,Bournemouth,H,0,0.5105181240093183,0.24125964943930184,0.2482222265513799,1.6871673309024773,1.1016442478119974
2020-02-22,2019-20,Chelsea,Tottenham,H,0,0.4829639653949063,0.23948117632788193,0.27755485827721177,1.6931328102297365,1.2275770776407877
2020-02-22,2019-20,Crystal Palace,Newcastle United,H,0,0.4438578823954657,0.26343536055626976,0.29270675704826454,1.4300916164073316,1.1093569811582231
2020-02-22,2019-20,Leicester City,Manchester City,A,2,0.20422624817022397,0.21419107996868592,0.5815826718610901,1.100468728925169,1.9984166157798486
2020-02-22,2019-20,Sheffield United,Brighton and Hove Albion,D,1,0.5636900049505719,0.230387626658125,0.20592236839130315,1.8010941720418427,0.9917633065533784
2020-02-22,2019-20,Southampton,Aston Villa,H,0,0.5061194087911347,0.24010321848416447,0.2537773727247008,1.6982349526559501,1.1318217803770205
2020-02-23,2019-20,Wolverhampton Wanderers,Norwich City,H,0,0.6645919839873224,0.19700264486155927,0.13840537115111826,2.088995501101204,0.830891113494675
2020-02-23,2019-20,Arsenal,Everton,H,0,0.40198186710054956,0.24584895303193038,0.3521691798675201,1.5214683226579537,1.4093066948333577
2020-02-23,2019-20,Manchester United,Watford,H,0,0.6020675296908189,0.21918224060601602,0.17875022970316512,1.9027677698610683,0.9281472839248652
2020-02-24,2019-20,Liverpool,West Ham,H,0,0.924826402951253,0.055030432966667875,0.020143164082079165,3.8571819975006782,0.52777355533322
2020-02-28,2019-20,Norwich City,Leicester City,H,0,0.22929190559772228,0.2350376033721957,0.535670491030082,1.0661602065695477,1.7575636749695271
2020-02-29,2019-20,Bournemouth,Chelsea,D,1,0.2121192499630703,0.22412880406138316,0.5637519459755466,1.0646609308732258,1.8784456283880504
2020-02-29,2019-20,Brighton and Hove Albion,Crystal Palace,A,2,0.40025576145439073,0.2677778092205256,0.3319664293250836,1.3333184967433205,1.189340647534922
2020-02-29,2019-20,Newcastle United,Burnley,D,1,0.3358699636549138,0.2532709513391918,0.41085908500589435,1.3038562347752456,1.468687090448473
2020-02-29,2019-20,Watford,Liverpool,H,0,0.0497799887484499,0.10358009520258243,0.8466399160489677,0.6520986703032499,3.0672603647158794
2020-02-29,2019-20,West Ham,Southampton,H,0,0.32987930250760644,0.25574941367985027,0.4143712838125433,1.268570310434432,1.4528202409280886
2020-03-01,2019-20,Everton,Manchester United,D,1,0.4353131383517623,0.2515212800389466,0.31316558160929114,1.5219421176624284,1.252859249605135
2020-03-01,2019-20,Tottenham,Wolverhampton Wanderers,A,2,0.3958979194283146,0.24512802847917486,0.35897405209251054,1.5166211864029955,1.433257395065371
2020-03-07,2019-20,Arsenal,West Ham,H,0,0.5885332788100955,0.2164021274305193,0.19506459375938512,1.958313796260137,1.0342952009218824
2020-03-07,2019-20,Burnley,Tottenham,D,1,0.38895502976974256,0.2523382168653699,0.35870675336488766,1.436434643702149,1.3696537817042083
2020-03-07,2019-20,Crystal Palace,Watford,H,0,0.49915639684724944,0.2509255038468508,0.24991809930589967,1.5860053250081116,1.0446384923492296
2020-03-07,2019-20,Liverpool,Bournemouth,H,0,0.9070205971504287,0.06564296692324013,0.02733643592633114,3.7174061184004077,0.6049161709620122
2020-03-07,2019-20,Sheffield United,Norwich City,H,0,0.6079077870196926,0.2184165767016115,0.17367563627869595,1.9044004396719973,0.905837013643311
2020-03-07,2019-20,Southampton,Newcastle United,A,2,0.4643307303520737,0.2558902871996239,0.2797789824483025,1.5157513769110216,1.117011300288009
2020-03-07,2019-20,Wolverhampton Wanderers,Brighton and Hove Albion,D,1,0.6693293539170968,0.19069848010049945,0.1399721659824038,2.1792308144492876,0.8838176717988414
2020-03-08,2019-20,Chelsea,Everton,H,0,0.47012480335834966,0.24205847154449872,0.28781672509715167,1.6551980917678932,1.2441211199845053
2020-03-08,2019-20,Manchester United,Manchester City,H,0,0.20566274286779773,0.2243824501717586,0.5699548069604436,1.0311572575465835,1.8705044159812303
2020-03-09,2019-20,Leicester City,Aston Villa,H,0,0.6509735994115661,0.19987173591429677,0.1491546646741371,2.082614626870751,0.8818611257400226
2020-06-17,2019-20,Aston Villa,Sheffield United,D,1,0.24960351795568364,0.23466588003815633,0.51573060200616,1.1552030915817941,1.7616365511134044
2020-06-17,2019-20,Manchester City,Arsenal,H,0,0.7102200207368639,0.17141834388038601,0.11836163538275017,2.3777495802780777,0.8619876278160575
2020-06-19,2019-20,Norwich City,Southampton,A,2,0.40470456800035537,0.25641151903373466,0.3388839129659099,1.4308599658645502,1.287476839712202
2020-06-19,2019-20,Tottenham,Manchester United,D,1,0.34264044504976365,0.248374454743503,0.40898510020673334,1.362094337779688,1.5101981076978093
2020-06-20,2019-20,Bournemouth,Crystal Palace,A,2,0.31326800758597967,0.2500228592881695,0.43670913312585086,1.2646831000850847,1.53783640138208
2020-06-20,2019-20,Brighton and Hove Albion,Arsenal,H,0,0.2945096123503288,0.2533352890473263,0.45215509860234504,1.1819303833325148,1.526171781705623
2020-06-20,2019-20,Watford,Leicester City,D,1,0.2867335125424317,0.26407547228599776,0.44919101517157056,1.0874031838191136,1.4311259394123512
2020-06-20,2019-20,West Ham,Wolverhampton Wanderers,A,2,0.2430739065760387,0.2391863867358077,0.5177397066881536,1.095362535079697,1.7110876895917178
2020-06-21,2019-20,Aston Villa,Chelsea,A,2,0.1974325192555927,0.2234948764932976,0.5790726042511097,0.9963434910885592,1.873840679540559
2020-06-21,2019-20,Everton,Liverpool,D,1,0.14520116228481128,0.18844918970350977,0.6663496480116791,0.9373688937724722,2.230050133546264
2020-06-21,2019-20,Newcastle United,Sheffield United,H,0,0.36930927370065814,0.26378435145046786,0.3669063748488741,1.303692227029144,1.2985615724658703
2020-06-22,2019-20,Manchester City,Burnley,H,0,0.7428282793997592,0.15728688346275693,0.09988483713748389,2.5026102513358977,0.8076977265448527
2020-06-23,2019-20,Leicester City,Brighton and Hove Albion,D,1,0.58901342727766,0.2328200002841804,0.1781665724381596,1.7537598799519045,0.8457406587904974
2020-06-23,2019-20,Tottenham,West Ham,H,0,0.5815406699038469,0.22002391648072311,0.19843541361543005,1.9167827533814679,1.0256601197562054
2020-06-24,2019-20,Liverpool,Crystal Palace,H,0,0.7662527415951226,0.1518581103412436,0.08188914806363383,2.4603951078534916,0.6732870471861054
2020-06-24,2019-20,Newcastle United,Aston Villa,D,1,0.5918391541789523,0.22214172533235427,0.1860191204886935,1.8775498819117913,0.9472178989596459
2020-06-24,2019-20,Norwich City,Everton,A,2,0.23698842036897524,0.23899407294591937,0.5240175066851054,1.071660572934135,1.7138857600807338
2020-06-24,2019-20,Manchester United,Sheffield United,H,0,0.5589580864263199,0.2368912751773778,0.20415063839630226,1.7298873271563873,0.943257998269308
2020-06-24,2019-20,Wolverhampton Wanderers,Bournemouth,H,0,0.7143765555112197,0.17597060852853832,0.10965283596024199,2.263368752989639,0.758689584526293
2020-06-25,2019-20,Burnley,Watford,H,0,0.5032450484150158,0.2509571532107179,0.24579779837426619,1.587525339848698,1.0291668837975687
2020-06-25,2019-20,Chelsea,Manchester City,H,0,0.26593886287008184,0.25021057312871586,0.4838505640012023,1.1072623416976621,1.583957019790689
2020-06-25,2019-20,Southampton,Arsenal,A,2,0.3491421607021311,0.257022142728003,0.39383569656986595,1.308726460524537,1.405984369864918
2020-06-27,2019-20,Aston Villa,Wolverhampton Wanderers,A,2,0.2121198569059091,0.24122966734951393,0.546650475744577,0.9526187758606162,1.6880551592265114
2020-06-28,2019-20,Watford,Southampton,A,2,0.4249145221991902,0.26389764545931205,0.31118783234149777,1.4016031093663548,1.159839510346044
2020-06-29,2019-20,Crystal Palace,Burnley,A,2,0.4512125361122322,0.25895642469242214,0.28983103919534575,1.4755988100953108,1.1291115221909627
2020-06-30,2019-20,Brighton and Hove Albion,Manchester United,A,2,0.21703632505154155,0.24084240511193808,0.5421212698365204,0.9759192450463426,1.6930447482353586
2020-07-01,2019-20,Arsenal,Norwich City,H,0,0.6501921551212425,0.2038000512308933,0.14600779364786418,2.0242988453058066,0.8368496166674027
2020-07-01,2019-20,Bournemouth,Newcastle United,A,2,0.2856181058827823,0.25959372859441804,0.4547881655227997,1.1118420899586627,1.4740841489483933
2020-07-01,2019-20,Everton,Leicester City,H,0,0.4206222035904209,0.2668874649266693,0.3124903314829098,1.372246326676106,1.144200980879893
2020-07-01,2019-20,West Ham,Chelsea,H,0,0.18394314578074938,0.21437908293359897,0.6016777712856517,0.9885599304522943,1.9686507326863818
2020-07-02,2019-20,Manchester City,Liverpool,H,0,0.3255230164585275,0.2546204724967554,0.4198565110447171,1.2650971895510936,1.4713836214141318
2020-07-02,2019-20,Sheffield United,Tottenham,H,0,0.368792397147678,0.26202646467200913,0.369181138180313,1.3157256391714027,1.3165598581668576
2020-07-04,2019-20,Manchester United,Bournemouth,H,0,0.7543721156107284,0.1592915428221046,0.0863363415671671,2.3750810922098786,0.6674091362255565
2020-07-04,2019-20,Chelsea,Watford,H,0,0.6803877822457768,0.19030659762784782,0.12930562012637534,2.147127980591481,0.8120661480920693
2020-07-04,2019-20,Norwich City,Brighton and Hove Albion,A,2,0.3699121906737351,0.27895349535145453,0.3511343139748104,1.201889580726776,1.163417143563197
2020-07-04,2019-20,Wolverhampton Wanderers,Arsenal,A,2,0.4804402219981532,0.2635097023853654,0.2560500756164814,1.4646232870123401,0.9927048343977792
2020-07-04,2019-20,Leicester City,Crystal Palace,H,0,0.5126371765897817,0.25525990798614695,0.23210291542407138,1.551572555406263,0.9532262312372256
2020-07-05,2019-20,Burnley,Sheffield United,D,1,0.4487617694383163,0.2661268103037555,0.2851114202579282,1.4144481680633265,1.07021124851022
2020-07-05,2019-20,Liverpool,Aston Villa,H,0,0.8414255480304215,0.11088526032282525,0.04768919164675331,2.8518380755557575,0.5571903387753129
2020-07-05,2019-20,Newcastle United,West Ham,D,1,0.5596885906449772,0.23155581088561775,0.20875559846940497,1.789660568309522,0.9973752947067543
2020-07-05,2019-20,Southampton,Manchester City,H,0,0.1417492703673556,0.1933249618521138,0.6649257677805306,0.8776324010618903,2.1485583295092834
2020-07-06,2019-20,Tottenham,Everton,H,0,0.4293135542356068,0.25820067566708654,0.3124857700973067,1.4544590901617076,1.2020664885443473
2020-07-07,2019-20,Arsenal,Leicester City,D,1,0.4478060028938668,0.2615172911391489,0.2906767059669843,1.450311421358139,1.1152741932348713
2020-07-07,2019-20,Crystal Palace,Chelsea,A,2,0.24652189305046193,0.24643855139703988,0.5070395555524981,1.0602882183807423,1.632738741479513
2020-07-07,2019-20,Watford,Norwich City,H,0,0.4695960552164414,0.2691624034585957,0.2612415413249629,1.4117093459301087,0.9792785868701791
2020-07-08,2019-20,Sheffield United,Wolverhampton Wanderers,H,0,0.34829813524239067,0.27972937581805085,0.3719724889395585,1.1526475484634018,1.2010517154539235
2020-07-08,2019-20,West Ham,Burnley,A,2,0.36478783984308455,0.26233742572648566,0.37287473443042973,1.3046968561790109,1.3220350891569266
2020-07-08,2019-20,Brighton and Hove Albion,Liverpool,A,2,0.11116239590628149,0.19541284719725016,0.6934247568964683,0.6605733714798324,2.020164289546046
2020-07-08,2019-20,Manchester City,Newcastle United,H,0,0.7185787522622117,0.16560695860030727,0.11581428913748108,2.4610335504415173,0.8869250999909916
2020-07-09,2019-20,Bournemouth,Tottenham,D,1,0.2382960839131363,0.2510970995512526,0.5106068165356111,1.0001382310031146,1.588917487927559
2020-07-09,2019-20,Everton,Southampton,D,1,0.49720753657549444,0.26017426223860196,0.2426182011859036,1.5026646057150734,0.9647305223551196
2020-07-09,2019-20,Aston Villa,Manchester United,A,2,0.1861478722413618,0.23415038108724226,0.5797017466713958,0.8763408490651295,1.7470365940498618
2020-07-11,2019-20,Brighton and Hove Albion,Manchester City,A,2,0.12413634212738435,0.1812037460858608,0.6946599117867549,0.8356419547824908,2.254477982714149
2020-07-11,2019-20,Liverpool,Burnley,D,1,0.7957667656282588,0.1366985465737991,0.06753468779794211,2.5927216450514154,0.6253330749861283
2020-07-11,2019-20,Norwich City,West Ham,A,2,0.3250105118890681,0.271089322557298,0.40390016555363384,1.1506693730186663,1.315416436279948
2020-07-11,2019-20,Sheffield United,Chelsea,H,0,0.2768199260908926,0.24354042048433858,0.4796396534247688,1.193484108919648,1.6473954474933636
2020-07-11,2019-20,Watford,Newcastle United,H,0,0.333984198947697,0.2680371557101249,0.3979786453421782,1.1926529373869827,1.3275026150819613
2020-07-12,2019-20,Aston Villa,Crystal Palace,H,0,0.3584940090805476,0.2772955501908307,0.3642104407286217,1.1891708130916174,1.200934581295207
2020-07-12,2019-20,Bournemouth,Leicester City,H,0,0.2299603047851971,0.25380818483070133,0.5162315103841015,0.9531181817444462,1.565593921383305
2020-07-12,2019-20,Tottenham,Arsenal,H,0,0.37858886460526986,0.27437898179702935,0.3470321535977009,1.2480200155201824,1.1825962252463647
2020-07-12,2019-20,Wolverhampton Wanderers,Everton,H,0,0.4923458154478068,0.2746530655485311,0.23300111900366205,1.3879988446242255,0.8612572668900762
2020-07-13,2019-20,Manchester United,Southampton,D,1,0.6804316683040103,0.1890142559797934,0.13055407571619643,2.169215691936806,0.8292727460010938
2020-07-14,2019-20,Chelsea,Norwich City,H,0,0.8146697935650297,0.12349763766430558,0.06183256877066481,2.785285361030704,0.6540549285114119
2020-07-15,2019-20,Burnley,Wolverhampton Wanderers,D,1,0.3435226326539119,0.27818209648412834,0.3782952708619598,1.1513679624963278,1.2227358416147882
2020-07-15,2019-20,Arsenal,Liverpool,H,0,0.19538795843295506,0.22870960354288788,0.5759024380241571,0.9522793620548301,1.81229226929691
2020-07-15,2019-20,Newcastle United,Tottenham,A,2,0.29850001488958566,0.25631249019060337,0.44518749491981097,1.1736132814163014,1.491457380653479
2020-07-15,2019-20,Manchester City,Bournemouth,H,0,0.8865141371645181,0.07827272693091313,0.03521313590456866,3.5004575170063847,0.6432635015701385
2020-07-16,2019-20,Crystal Palace,Manchester United,A,2,0.1889113684854139,0.2197386817434881,0.591349949771098,0.9781240256661485,1.9094022969372486
2020-07-16,2019-20,Everton,Aston Villa,D,1,0.5273181234771603,0.252694936534025,0.2199869399888146,1.5777131391261663,0.9208184162584967
2020-07-16,2019-20,Leicester City,Sheffield United,H,0,0.4352899104232533,0.2616392022571705,0.3030708873195762,1.4339416146809945,1.151467825775081
2020-07-16,2019-20,Southampton,Brighton and Hove Albion,D,1,0.5430455125533621,0.2363999790422999,0.22055450840433796,1.7408256613396544,1.0189519807944651
2020-07-17,2019-20,West Ham,Watford,H,0,0.5080062924230907,0.24139307275291666,0.25060063482399253,1.6850042209291594,1.110120579696641
2020-07-18,2019-20,Norwich City,Burnley,A,2,0.2123770815728658,0.2444761000125994,0.5431468184145347,0.935053840373897,1.65569583991489
2020-07-19,2019-20,Bournemouth,Southampton,A,2,0.31921413508877644,0.2518324033569076,0.428953461554316,1.2683718695709827,1.5101240783107315
2020-07-19,2019-20,Tottenham,Leicester City,H,0,0.43956790410817764,0.25882881070509794,0.30160328518672436,1.4628325599608372,1.1658393196030155
2020-07-20,2019-20,Brighton and Hove Albion,Newcastle United,D,1,0.36188562561645954,0.25112953677372685,0.3869848376098136,1.3874622848695644,1.443086213162542
2020-07-20,2019-20,Sheffield United,Everton,A,2,0.5147617958551187,0.2512971693650994,0.23394103477978193,1.5882574164799288,0.9824014197532982
2020-07-20,2019-20,Wolverhampton Wanderers,Crystal Palace,H,0,0.6117075367922982,0.22507715224123453,0.16321531096646727,1.8161094063439602,0.8126202882729612
2020-07-21,2019-20,Aston Villa,Arsenal,H,0,0.24888019550466542,0.2571553536629601,0.49396445083237456,1.0036918815620666,1.5267963153000323
2020-07-21,2019-20,Watford,Manchester City,A,2,0.08020298043305517,0.13513663948816065,0.7846603800787841,0.7848015600282491,2.757431023612583
2020-07-22,2019-20,Liverpool,Chelsea,H,0,0.632329322068584,0.1984912942749286,0.16917938365648721,2.154285637420027,1.020592608481092
2020-07-22,2019-20,Manchester United,West Ham,D,1,0.6575540551012939,0.19243100608093963,0.1500149388177663,2.187698895896423,0.9405862941914249
2020-07-26,2019-20,Burnley,Brighton and Hove Albion,A,2,0.5980523342515339,0.22008565635003202,0.181862009398434,1.896374601136647,0.938815639171609
2020-07-26,2019-20,Chelsea,Wolverhampton Wanderers,H,0,0.5097705926518161,0.2418654484967137,0.24836395885147008,1.680530096210626,1.0980106835954382
2020-07-26,2019-20,Arsenal,Watford,H,0,0.6198780610177337,0.21597008759415992,0.16415185138810645,1.917448619472895,0.8688825566566846
2020-07-26,2019-20,Crystal Palace,Tottenham,D,1,0.2469270539447385,0.2569097291614374,0.4961632168938241,0.9981500837890076,1.5301327508719784
2020-07-26,2019-20,Everton,Bournemouth,A,2,0.5552641251281769,0.237959147998543,0.20677672687328008,1.7199108468720539,0.9486269008203047
2020-07-26,2019-20,Leicester City,Manchester United,A,2,0.3449639539940636,0.25263097344469077,0.40240507256124547,1.3329335202275292,1.4595359490635935
2020-07-26,2019-20,Southampton,Sheffield United,H,0,0.44652105191352004,0.25695713430811734,0.2965218137783627,1.4874185790131922,1.1631174873776875
2020-07-26,2019-20,Manchester City,Norwich City,H,0,0.9530741515504617,0.03583523194927083,0.011090616500267545,4.34090687095367,0.4548308501777943
2020-07-26,2019-20,Newcastle United,Liverpool,A,2,0.09282032147744516,0.15151580538814385,0.755663873134411,0.7842519628519072,2.5527067073321277
2020-07-26,2019-20,West Ham,Aston Villa,D,1,0.5374315493518741,0.24100304170452436,0.2215654089436015,1.692046380533888,0.9941294690194726
2020-09-12,2020-21,Crystal Palace,Southampton,H,0,0.30879840189946617,0.2557335046071805,0.43546809349335336,1.2087596762056565,1.4841926288408356
2020-09-12,2020-21,Fulham,Arsenal,A,2,0.36152668543745564,0.2584355504905297,0.38003776407201467,1.3271453442187566,1.3672813907481174
2020-09-12,2020-21,West Ham,Newcastle United,A,2,0.5132169611294745,0.249467693106039,0.2373153457644864,1.6051118099278783,1.006078261632647
2020-09-13,2020-21,Tottenham,Everton,A,2,0.5317468460487608,0.2516792469368731,0.2165739070143663,1.5873404487211509,0.9128134796067426
2020-09-13,2020-21,West Bromwich Albion,Leicester City,A,2,0.3627433211742381,0.2659574389295998,0.37129923989616226,1.273805866986669,1.2919622916296172
2020-09-14,2020-21,Brighton and Hove Albion,Chelsea,A,2,0.2098276499379495,0.21813576975374196,0.5720365803083086,1.098604679697702,1.9521686650148296
2020-09-14,2020-21,Sheffield United,Wolverhampton Wanderers,A,2,0.36397093040530915,0.27387063307200243,0.3621584365226884,1.2223914242512142,1.2186275170709944
2020-09-19,2020-21,Arsenal,West Ham,H,0,0.5396357743306022,0.23554784596929712,0.22481637970010068,1.751109420531421,1.0432022326194887
2020-09-19,2020-21,Everton,West Bromwich Albion,H,0,0.5116895881613462,0.25289174159817346,0.23541867024048033,1.5726364171784446,0.9788662398933264
2020-09-19,2020-21,Leeds United,Fulham,H,0,0.36019106093113507,0.25770723226904746,0.3821017067998175,1.329761079971747,1.3773679951393154
2020-09-19,2020-21,Manchester United,Crystal Palace,A,2,0.6325587419350053,0.21385908886767313,0.15358216919732154,1.9221942632661404,0.8221286148789216
2020-09-20,2020-21,Leicester City,Burnley,H,0,0.5126270719829085,0.24291903579845012,0.24445389221864142,1.6702604304796003,1.0753889578589773
2020-09-20,2020-21,Chelsea,Liverpool,A,2,0.2858273720765343,0.25048656332932473,0.4636860645941409,1.1738688487508624,1.5647109429138715
2020-09-20,2020-21,Southampton,Tottenham,A,2,0.4202066773874567,0.2638702370852239,0.31592308552731935,1.3949566060618135,1.1731063360937668
2020-09-20,2020-21,Newcastle United,Brighton and Hove Albion,A,2,0.5155658235609739,0.2470465735676605,0.23738760287136554,1.6291935295423423,1.0210716731479323
2020-09-21,2020-21,Aston Villa,Sheffield United,H,0,0.38767413757244984,0.26949997937571774,0.3428258830518324,1.2985471306337972,1.204361871339868
2020-09-21,2020-21,Wolverhampton Wanderers,Manchester City,A,2,0.22519484694153807,0.2225465485351242,0.5522586045233377,1.1403443602118897,1.906487826105997
2020-09-26,2020-21,Brighton and Hove Albion,Manchester United,A,2,0.3070702544187435,0.26280608958354884,0.4301236559977076,1.155360573491085,1.4175767925141283
2020-09-26,2020-21,Burnley,Southampton,A,2,0.4332874876527871,0.25312149367335024,0.31359101867386263,1.50451552203876,1.2420561051664625
2020-09-26,2020-21,Crystal Palace,Everton,A,2,0.35353545432976574,0.2660750535858864,0.3803894920843478,1.2524756651798596,1.3094320498432341
2020-09-26,2020-21,West Bromwich Albion,Chelsea,D,1,0.21725952365630624,0.23279273749597418,0.5499477388477196,1.0281259217475618,1.779705300183746
2020-09-27,2020-21,Manchester City,Leicester City,A,2,0.7030828721761659,0.17268569012228085,0.1242314377015531,2.387659676663574,0.9009219799345595
2020-09-27,2020-21,Sheffield United,Leeds United,A,2,0.45518407756454343,0.2601171316548464,0.28469879078061017,1.4700930924551534,1.1056345204143834
2020-09-27,2020-21,Tottenham,Newcastle United,D,1,0.5421623277100216,0.24617144790135692,0.21166622438862154,1.6390944394861724,0.9226590661999362
2020-09-27,2020-21,West Ham,Wolverhampton Wanderers,H,0,0.3269461524334864,0.27217105563242794,0.40088279193408555,1.1488125197418753,1.3028009403293033
2020-09-28,2020-21,Fulham,Aston Villa,A,2,0.3877028343043424,0.27366852795946944,0.33862863773618823,1.2696477508000095,1.1677565188205958
2020-09-28,2020-21,Liverpool,Arsenal,H,0,0.6836304063926162,0.18497731034530723,0.13139228326207658,2.229480815541793,0.8631364160889577
2020-10-03,2020-21,Everton,Brighton and Hove Albion,H,0,0.58148633160867,0.22460106068277902,0.19391260770855093,1.8575140461940705,0.9713215616802867
2020-10-03,2020-21,Chelsea,Crystal Palace,H,0,0.5799426224100029,0.2300452953225846,0.19001208226741256,1.7932095752705939,0.9181954258536319
2020-10-03,2020-21,Newcastle United,Burnley,H,0,0.3799108719832045,0.2706618423302705,0.3494272856865249,1.275789605696344,1.2119532637573773
2020-10-03,2020-21,Leeds United,Manchester City,D,1,0.18484146647777686,0.20860593967572727,0.6065525938464958,1.0363394986959804,2.045532673459951
2020-10-04,2020-21,Arsenal,Sheffield United,H,0,0.5411434561427142,0.23722185379495608,0.22163469006232966,1.7321437119717118,1.0183207617990262
2020-10-04,2020-21,Aston Villa,Liverpool,H,0,0.15762482413508563,0.21384214222067938,0.628533033644235,0.845068948180006,1.9301839264195704
2020-10-04,2020-21,Leicester City,West Ham,A,2,0.5703463794243236,0.22817679931629795,0.2014768212593784,1.8230234114349415,0.9850452417363134
2020-10-04,2020-21,Manchester United,Tottenham,A,2,0.4698040969276608,0.25119870692009183,0.2789971961522474,1.5636230149593822,1.1459035329305904
2020-10-04,2020-21,Southampton,West Bromwich Albion,H,0,0.5741329516798921,0.23030029129811844,0.19556675702198942,1.7949282020514084,0.943285444683123
2020-10-04,2020-21,Wolverhampton Wanderers,Fulham,H,0,0.554434566821723,0.24244700252920512,0.20311843064907184,1.6733461979595767,0.907032181641289
2020-10-17,2020-21,Chelsea,Southampton,D,1,0.5493132392369492,0.23861365498793116,0.2120731057751196,1.7149493814695889,0.9679943360938503
2020-10-17,2020-21,Everton,Liverpool,D,1,0.2807880744677869,0.24161917707803118,0.47759274845418187,1.2225428677374899,1.6660725624393724
2020-10-17,2020-21,Manchester City,Arsenal,H,0,0.622073226547973,0.20232126970287112,0.17560550374915584,2.114465847285873,1.03042912676498
2020-10-17,2020-21,Newcastle United,Manchester United,A,2,0.3532662709434105,0.26407575232286234,0.3826579767337272,1.266028548568161,1.3287167019137536
2020-10-18,2020-21,Sheffield United,Fulham,D,1,0.48568209284028185,0.262193091638845,0.25212481552087324,1.4790333047155315,0.986694595206489
2020-10-18,2020-21,Tottenham,West Ham,D,1,0.5603910526214603,0.22667296649142613,0.21293598088711357,1.8483103104330474,1.0502593543155598
2020-10-18,2020-21,Crystal Palace,Brighton and Hove Albion,D,1,0.4214348176504513,0.2576025284987679,0.32096265385078065,1.448033101573587,1.2303431583987363
2020-10-18,2020-21,Leicester City,Aston Villa,A,2,0.49340746660249196,0.24853009718445077,0.2580624362130572,1.6060288809285603,1.089963102648625
2020-10-19,2020-21,Leeds United,Wolverhampton Wanderers,A,2,0.417476908921519,0.26055223790922627,0.32197085316925467,1.4174128337262941,1.212187855531083
2020-10-19,2020-21,West Bromwich Albion,Burnley,D,1,0.3200096817792597,0.2641653945842656,0.41582492363647466,1.182234922389166,1.3860088308994054
2020-10-23,2020-21,Aston Villa,Leeds United,A,2,0.48643684246120167,0.2521077623227523,0.261455395216046,1.5677973892327206,1.078943272632783
2020-10-24,2020-21,Fulham,Crystal Palace,A,2,0.406241717992673,0.26817057856856813,0.32558770343875887,1.340399159552561,1.1706331635359175
2020-10-24,2020-21,Liverpool,Sheffield United,H,0,0.7943926851908727,0.1332733702609074,0.07233394454821997,2.70959074525805,0.7063589864320552
2020-10-24,2020-21,Manchester United,Chelsea,D,1,0.4003054559592874,0.24974416995616774,0.3499503740845449,1.4816796468935909,1.3696777412800072
2020-10-24,2020-21,West Ham,Manchester City,D,1,0.24603863181333993,0.23435764134211057,0.5196037268445495,1.1426367355744924,1.7657315894413497
2020-10-25,2020-21,Arsenal,Leicester City,A,2,0.46155177260007096,0.2553062494992583,0.28314197790067086,1.518265642296541,1.1318502314019814
2020-10-25,2020-21,Southampton,Everton,H,0,0.3368980100102149,0.25343210083056844,0.40966988915921676,1.3053417891080288,1.4652384027898477
2020-10-25,2020-21,Wolverhampton Wanderers,Newcastle United,D,1,0.5153413367826022,0.24743665041382068,0.23722201280357705,1.6253095611187138,1.0180261693618824
2020-10-26,2020-21,Brighton and Hove Albion,West Bromwich Albion,D,1,0.5294365648152732,0.243885163354608,0.22667827183011882,1.6626126826969871,0.9976732801999291
2020-10-26,2020-21,Burnley,Tottenham,A,2,0.2897441859906175,0.2513300284041294,0.4589257856052531,1.1807992864460768,1.5520002190721478
2020-10-30,2020-21,Wolverhampton Wanderers,Crystal Palace,H,0,0.48990149112747317,0.25657958962505534,0.2535189192474716,1.5294846911676006,1.0234230391655808
2020-10-31,2020-21,Sheffield United,Manchester City,A,2,0.21779907873652973,0.24108334101902523,0.5411175802444451,0.9777056499151651,1.690694221840883
2020-10-31,2020-21,Burnley,Chelsea,A,2,0.2870237417241413,0.2661893448839028,0.446786913391956,1.075591894207076,1.4117260180647697
2020-10-31,2020-21,Liverpool,West Ham,H,0,0.7375572158326253,0.15731981964081054,0.10512296452656407,2.5392186686849207,0.8577957257665656
2020-11-01,2020-21,Aston Villa,Southampton,A,2,0.4203656289903927,0.2633576317201009,0.31627673928950645,1.3992384693264825,1.1774782819643994
2020-11-01,2020-21,Manchester United,Arsenal,A,2,0.47541683964888987,0.25383441568612586,0.27074874466498433,1.5439140591571185,1.1001771145478245
2020-11-01,2020-21,Newcastle United,Everton,H,0,0.28633905173712465,0.25016659629205207,0.4634943519708232,1.1778591053113803,1.5675675056622478
2020-11-01,2020-21,Tottenham,Brighton and Hove Albion,H,0,0.6296486745025884,0.20403805439080422,0.16631327110660743,2.0701013802130404,0.9602213497654191
2020-11-02,2020-21,Fulham,West Bromwich Albion,H,0,0.43662183407743244,0.2664412427872297,0.29693692313533787,1.3975138633493918,1.1032769509702292
2020-11-02,2020-21,Leeds United,Leicester City,A,2,0.4374051438540658,0.25792113712957393,0.30467371901636026,1.4677863079098106,1.1811710470380832
2020-11-06,2020-21,Brighton and Hove Albion,Burnley,D,1,0.4343804997955417,0.272229412358161,0.2933900878462974,1.3514731539347316,1.0591548363444168
2020-11-06,2020-21,Southampton,Newcastle United,H,0,0.48467585368867155,0.25792370992104563,0.2574004363902829,1.5143948205708018,1.0290353628257463
2020-11-07,2020-21,Chelsea,Sheffield United,H,0,0.6579086682327967,0.20362415129290817,0.13846718047429504,2.0068180109194693,0.791274211112257
2020-11-07,2020-21,Crystal Palace,Leeds United,H,0,0.3648723564657272,0.2556188588802072,0.3795087846540656,1.357148124187387,1.3891504857196082
2020-11-07,2020-21,Everton,Manchester United,A,2,0.41684411057287435,0.25914746869953026,0.3240084207275954,1.42799485406452,1.2276616983369075
2020-11-07,2020-21,West Ham,Fulham,H,0,0.5111652091718886,0.2505801730217894,0.23825461780632198,1.5939515909805915,1.003037923809007
2020-11-08,2020-21,Arsenal,Aston Villa,A,2,0.4879715234656002,0.2512980862208549,0.26073039031354495,1.5763523936555335,1.0815649974539352
2020-11-08,2020-21,Leicester City,Wolverhampton Wanderers,H,0,0.463167600253749,0.26125567564759794,0.275576724098653,1.4685962236611503,1.0696523212035927
2020-11-08,2020-21,Manchester City,Liverpool,D,1,0.3381409464166808,0.2488648358451721,0.4129942177381471,1.345760273651252,1.5125346683461252
2020-11-08,2020-21,West Bromwich Albion,Tottenham,A,2,0.21099169120856234,0.23865388395665382,0.5503544248347838,0.9630256512993884,1.7141955926286552
2020-11-21,2020-21,Aston Villa,Brighton and Hove Albion,A,2,0.5462114084724868,0.23710417427836303,0.2166844172491501,1.732232043306689,0.9974999927366152
2020-11-21,2020-21,Manchester United,West Bromwich Albion,H,0,0.6261478723289298,0.22367044018808435,0.15018168748298588,1.8112395681839406,0.7521355131580548
2020-11-21,2020-21,Newcastle United,Chelsea,A,2,0.27465242272697515,0.2593546783019817,0.4659928989710433,1.0782732731393394,1.4872127365311987
2020-11-21,2020-21,Tottenham,Manchester City,H,0,0.3872063425158438,0.2623555810379021,0.3504380764462541,1.35063542670548,1.2718408475394583
2020-11-22,2020-21,Fulham,Everton,A,2,0.36772080393689294,0.26331615297627436,0.3689630430868327,1.3037730575689894,1.3064290193665538
2020-11-22,2020-21,Leeds United,Arsenal,D,1,0.38731393774001904,0.2654226868050306,0.3472633754549503,1.327563096229572,1.2424851763763727
2020-11-22,2020-21,Liverpool,Leicester City,H,0,0.6454510144357615,0.2002854962605194,0.15426348930371914,2.09084510701661,0.9116420350995084
2020-11-22,2020-21,Sheffield United,West Ham,A,2,0.3628653238961952,0.26717122670038124,0.3699634494034235,1.2654704767504317,1.280482442969022
2020-11-23,2020-21,Burnley,Crystal Palace,H,0,0.3833137007937427,0.2757822429907633,0.340904056215494,1.2475495641475698,1.1599729807962105
2020-11-23,2020-21,Wolverhampton Wanderers,Southampton,D,1,0.43557547840234734,0.27566178210348313,0.2887627394941694,1.3286881674473412,1.027197882215304
2020-11-27,2020-21,Crystal Palace,Newcastle United,A,2,0.4751582781969517,0.26065117725864617,0.26419054454440216,1.484131461812799,1.036045648061167
2020-11-28,2020-21,Everton,Leeds United,A,2,0.4419812433594048,0.2521212430159982,0.305897513624597,1.5251708759870533,1.226293609549456
2020-11-28,2020-21,Brighton and Hove Albion,Liverpool,D,1,0.13383606805949547,0.19222400881742763,0.6739399231230768,0.8309811669109922,2.137240457966746
2020-11-28,2020-21,West Bromwich Albion,Sheffield United,H,0,0.4258895798529143,0.2669783204189352,0.30713209972815053,1.3790882756490392,1.1288843925302154
2020-11-28,2020-21,Manchester City,Burnley,H,0,0.6897764179579862,0.1936122471633953,0.11661133487861852,2.0601049286486757,0.7058754418768713
2020-11-29,2020-21,Arsenal,Wolverhampton Wanderers,A,2,0.42220180718600664,0.2735302517070963,0.30426794110689714,1.3259199906558459,1.0818121610962412
2020-11-29,2020-21,Chelsea,Tottenham,D,1,0.46784299092182263,0.2594784741502857,0.27267853492789174,1.487836749955202,1.0710713304049049
2020-11-29,2020-21,Southampton,Manchester United,A,2,0.34550017652017284,0.2719267819796296,0.38257304150019755,1.194746847559682,1.272105450830437
2020-11-30,2020-21,Leicester City,Fulham,A,2,0.6173577758793315,0.20777823795056116,0.17486398617010737,2.038250869897145,0.9843242107316497
2020-11-30,2020-21,West Ham,Aston Villa,H,0,0.4306316612305237,0.2575486312521082,0.311819707517368,1.4618582618974159,1.204727850224785
2020-12-05,2020-21,Chelsea,Leeds United,H,0,0.5742925125959952,0.22827674541876286,0.19743074198524183,1.8187716204652329,0.9648860203129408
2020-12-05,2020-21,Burnley,Everton,D,1,0.38276927347779627,0.26887817947868115,0.3483525470435225,1.2937907250636194,1.2213706258218948
2020-12-05,2020-21,West Ham,Manchester United,A,2,0.27881259774506556,0.2640213150389548,0.4571660872159796,1.0633340696993503,1.4401016564096916
2020-12-05,2020-21,Manchester City,Fulham,H,0,0.7313342354250089,0.16659307514482324,0.10207268943016799,2.3627717097870775,0.7587297230201855
2020-12-06,2020-21,Liverpool,Wolverhampton Wanderers,H,0,0.6470421406171966,0.20178201497385692,0.15117584440894652,2.0631002079219627,0.8819427752199289
2020-12-06,2020-21,Sheffield United,Leicester City,A,2,0.2641848549337243,0.2332313266771305,0.5025838183891452,1.2263421183833838,1.7750237377829006
2020-12-06,2020-21,Tottenham,Arsenal,H,0,0.5391840498954502,0.2491158729999521,0.2117000771045977,1.6111211490940671,0.9068900038299613
2020-12-06,2020-21,West Bromwich Albion,Crystal Palace,A,2,0.3555382138803345,0.26441974161580767,0.3800420445038577,1.2687726306764302,1.3209890886837736
2020-12-07,2020-21,Brighton and Hove Albion,Southampton,A,2,0.3948925811343597,0.2760455329488284,0.32906188591681196,1.266251098467549,1.130506271935278
2020-12-11,2020-21,Leeds United,West Ham,A,2,0.43179097075878575,0.2441642519545008,0.3240447772867134,1.5882138894789737,1.3450650503382542
2020-12-12,2020-21,Everton,Chelsea,H,0,0.2390503405020752,0.22877634376713765,0.5321733157307871,1.155286919153375,1.832744890377105
2020-12-12,2020-21,Manchester United,Manchester City,D,1,0.34854581997442086,0.2570204766563305,0.39443370336924866,1.3072697943452958,1.40712370642104
2020-12-12,2020-21,Newcastle United,West Bromwich Albion,H,0,0.543860461653946,0.24628204309550855,0.20985749525054548,1.6377734722643922,0.9145618613184079
2020-12-12,2020-21,Wolverhampton Wanderers,Aston Villa,A,2,0.5015649667420264,0.24236949095425428,0.2560655423037193,1.6723245226821757,1.1245595612642205
2020-12-13,2020-21,Arsenal,Burnley,A,2,0.5282075087640778,0.2511838269551305,0.22060866428079168,1.59167398206725,0.931355845862447
2020-12-13,2020-21,Crystal Palace,Tottenham,D,1,0.28671924846688684,0.27170779662241656,0.4415729549106964,1.042973396758558,1.3640830756591642
2020-12-13,2020-21,Fulham,Liverpool,D,1,0.1353883851361677,0.18821375747121863,0.6763978573926137,0.869084044233575,2.198160908981687
2020-12-13,2020-21,Leicester City,Brighton and Hove Albion,H,0,0.5673785240616986,0.22276757815466564,0.20985389778363567,1.8934680030742173,1.063505908286312
2020-12-13,2020-21,Southampton,Sheffield United,H,0,0.58572296187338,0.2246101340878123,0.18966690403880762,1.853156430803099,0.9499673563441943
2020-12-15,2020-21,Manchester City,West Bromwich Albion,D,1,0.8134987249430543,0.12605962732303064,0.06044164773391511,2.714567133988307,0.6165858539437871
2020-12-15,2020-21,Wolverhampton Wanderers,Chelsea,H,0,0.2923340924064893,0.2505559773048121,0.4571099302886985,1.1948287386917236,1.5573932254284208
2020-12-16,2020-21,Arsenal,Southampton,D,1,0.38344829310025064,0.2672162849355173,0.349335421964232,1.3070316253765575,1.2349195636592876
2020-12-16,2020-21,Fulham,Brighton and Hove Albion,D,1,0.3991798578057614,0.2511781343256905,0.34964200786854815,1.4665532665990095,1.3568528017447243
2020-12-16,2020-21,Leeds United,Newcastle United,H,0,0.4209594655154739,0.2561718426914401,0.322868691793086,1.4595630433723614,1.2461005257552702
2020-12-16,2020-21,Leicester City,Everton,A,2,0.49468789987542244,0.24210335381805054,0.263208746306527,1.6719394894104767,1.15379838207826
2020-12-16,2020-21,Liverpool,Tottenham,H,0,0.5994019131719031,0.2215096716255415,0.17908841520255547,1.8762805187966016,0.915277656508385
2020-12-16,2020-21,West Ham,Crystal Palace,D,1,0.47903677686235446,0.24792643607137227,0.2730367870662732,1.6026200877730667,1.1480570681903732
2020-12-17,2020-21,Aston Villa,Burnley,D,1,0.5336063923522717,0.24087651900194282,0.22551708864578549,1.6937101282080556,1.011524251511044
2020-12-17,2020-21,Sheffield United,Manchester United,A,2,0.1673292686118246,0.20912943937924441,0.623541292008931,0.9306106272710636,2.005993617229029
2020-12-19,2020-21,Crystal Palace,Liverpool,A,2,0.18164927888567992,0.22187385678323415,0.5964768643310859,0.9263278803286735,1.875360213543025
2020-12-19,2020-21,Everton,Arsenal,H,0,0.5031594952897015,0.2480406963953952,0.24879980831490325,1.6154612867161937,1.058651894023253
2020-12-19,2020-21,Newcastle United,Fulham,D,1,0.46999855476691627,0.25640867500570946,0.2735927702273742,1.5163104967342804,1.093229144873895
2020-12-19,2020-21,Southampton,Manchester City,A,2,0.24574417603537027,0.24298961480145276,0.511266209163177,1.0800119892237896,1.6691669533752622
2020-12-20,2020-21,Tottenham,Leicester City,A,2,0.4902033330699304,0.2537695825209065,0.256027084409163,1.5548360877136755,1.0492101375653238
2020-12-20,2020-21,Brighton and Hove Albion,Sheffield United,D,1,0.5280926964259626,0.2424837064737406,0.22942359710029683,1.6769750704246016,1.0176043937559573
2020-12-20,2020-21,Manchester United,Leeds United,H,0,0.6158387275093014,0.2035711645510766,0.180590107939622,2.107324779683535,1.050950342172976
2020-12-20,2020-21,West Bromwich Albion,Aston Villa,A,2,0.276108270538099,0.24874321692087667,0.47514851254102425,1.1530845950122444,1.5916142085487832
2020-12-21,2020-21,Burnley,Wolverhampton Wanderers,H,0,0.318958395226046,0.2650596866143226,0.41598191815963126,1.1734921214091378,1.3793021492985444
2020-12-21,2020-21,Chelsea,West Ham,H,0,0.6010847778027061,0.21844631354343264,0.18046890865386125,1.9138432516035417,0.9420625027737783
2020-12-26,2020-21,Arsenal,Chelsea,H,0,0.27784403851484013,0.25607744915717745,0.46607851232798253,1.1094350485125495,1.5157257831388165
2020-12-26,2020-21,Aston Villa,Crystal Palace,H,0,0.5343036295921202,0.24373195955626556,0.2219644108516143,1.664107993862535,0.9792280419453969
2020-12-26,2020-21,Fulham,Southampton,D,1,0.32323278675507555,0.2635725260129808,0.41319468723194364,1.1948364215645682,1.3865484846134857
2020-12-26,2020-21,Leicester City,Manchester United,D,1,0.3310385546164866,0.2510789891769975,0.4178824562065157,1.3080316520013275,1.5000762585988323
2020-12-26,2020-21,Manchester City,Newcastle United,H,0,0.7443943401996682,0.16390382250425276,0.09170183729607916,2.340422558010057,0.686394246553977
2020-12-26,2020-21,Sheffield United,Everton,A,2,0.2475848238598972,0.24195326462367994,0.5104619115164228,1.094326536912195,1.6798005786624484
2020-12-27,2020-21,Leeds United,Burnley,H,0,0.4623687568759779,0.23857099485401173,0.29906024827001026,1.6855939357913965,1.3122863011160568
2020-12-27,2020-21,Liverpool,West Bromwich Albion,D,1,0.8491506842557047,0.10511531309505942,0.045734002649235835,2.9514900491149656,0.5727044342596413
2020-12-27,2020-21,West Ham,Brighton and Hove Albion,D,1,0.4444437871895767,0.25284893204453046,0.30270728076589276,1.5215619133358227,1.2111157408076945
2020-12-27,2020-21,Wolverhampton Wanderers,Tottenham,D,1,0.39088825504474994,0.27302182233442557,0.33608992262082443,1.2797476032992037,1.1657946661255771
2020-12-28,2020-21,Chelsea,Aston Villa,D,1,0.5261786661690255,0.22701040050545143,0.24681093332552295,1.8557039978433418,1.2041361061622748
2020-12-28,2020-21,Crystal Palace,Leicester City,D,1,0.29416514509527464,0.25520413090704186,0.45063072399768345,1.1677985438109435,1.5076096346254169
2020-12-29,2020-21,Brighton and Hove Albion,Arsenal,A,2,0.36763230658324236,0.26595785260714655,0.3664098408096111,1.2842842869459208,1.2816900502775015
2020-12-29,2020-21,West Bromwich Albion,Leeds United,A,2,0.31366323532772317,0.24809121849798524,0.4382455461742916,1.2810599476093452,1.558364619946274
2020-12-29,2020-21,Burnley,Sheffield United,H,0,0.5382411292474145,0.24240439921665152,0.21935447153593407,1.6773764032023952,0.9763128681359643
2020-12-29,2020-21,Southampton,West Ham,D,1,0.5020007676373358,0.25365207080412727,0.24434716155853697,1.5620442412041915,1.007673609802888
2020-12-29,2020-21,Manchester United,Wolverhampton Wanderers,H,0,0.6005667774003094,0.21820004970058376,0.1812331728991069,1.917841465841375,0.9477631845457398
2020-12-30,2020-21,Newcastle United,Liverpool,D,1,0.14062835173055244,0.1985742952225475,0.6607973530469,0.8354288913376895,2.0753718934858285
2021-01-01,2020-21,Everton,West Ham,A,2,0.534486259889892,0.24835912299155383,0.21715461711855422,1.6185003199917138,0.9330397488139256
2021-01-01,2020-21,Manchester United,Aston Villa,H,0,0.5840172354308146,0.2162892229936257,0.19969354157555966,1.9653841662427296,1.059817477647279
2021-01-02,2020-21,Brighton and Hove Albion,Wolverhampton Wanderers,D,1,0.3447966012874974,0.2734415415033883,0.3817618572091143,1.1834543561383397,1.2602748447233665
2021-01-02,2020-21,Crystal Palace,Sheffield United,H,0,0.5075101624407377,0.24714664183783375,0.24534319572142865,1.6258811803564512,1.051220165831988
2021-01-02,2020-21,Tottenham,Leeds United,H,0,0.5099730853398651,0.24091681091934317,0.2491101037407917,1.6906735216160762,1.1075607181229727
2021-01-02,2020-21,West Bromwich Albion,Arsenal,A,2,0.24640970549369182,0.2560660990395595,0.4975241954667487,1.0011334293737075,1.53825948007133
2021-01-03,2020-21,Chelsea,Manchester City,A,2,0.2897942207308612,0.250803816703792,0.4594019625653467,1.1847285601860094,1.5574406183716403
2021-01-03,2020-21,Newcastle United,Leicester City,A,2,0.3016031487658925,0.2601918308818825,0.438205020352225,1.156709901495668,1.4496493195420819
2021-01-04,2020-21,Southampton,Liverpool,H,0,0.22181017055155533,0.25015883408596057,0.5280309953624842,0.9416959110025385,1.6012192804829841
2021-01-12,2020-21,Burnley,Manchester United,A,2,0.19788004751472402,0.2189160416609713,0.5832039108243046,1.0307640095725943,1.9299283672368406
2021-01-12,2020-21,Sheffield United,Newcastle United,H,0,0.3541900283670086,0.27420364044683637,0.37160633118615505,1.1995161614449787,1.235648243218517
2021-01-12,2020-21,Wolverhampton Wanderers,Everton,A,2,0.4179459134684867,0.27284201348643006,0.30921207304508314,1.3246880054260293,1.0990681001860443
2021-01-13,2020-21,Manchester City,Brighton and Hove Albion,H,0,0.7931883870189922,0.13493942116655108,0.07187219181445675,2.671392611007589,0.6876778001783704
2021-01-13,2020-21,Tottenham,Fulham,D,1,0.6331027393054278,0.21268092557474874,0.15421633511982344,1.9369305224648483,0.8325044802114443
2021-01-14,2020-21,Arsenal,Crystal Palace,D,1,0.6059756716124339,0.22073438817364585,0.17328994021392008,1.8772692279648782,0.889586257427037
2021-01-16,2020-21,Leicester City,Southampton,H,0,0.48540494014107444,0.2683671873553274,0.24622787250359815,1.4298941278613122,0.9345449617757001
2021-01-16,2020-21,Fulham,Chelsea,A,2,0.28295548176095525,0.25440655281835906,0.4626379654206857,1.13725851620341,1.527407174017865
2021-01-16,2020-21,West Ham,Burnley,H,0,0.4734795865487307,0.26528387553855165,0.26123653791271767,1.445015677461399,1.0000782449559817
2021-01-16,2020-21,Wolverhampton Wanderers,West Bromwich Albion,A,2,0.6383871428144238,0.21423788679814504,0.14737497038743114,1.905640470011873,0.7849555277655414
2021-01-16,2020-21,Leeds United,Brighton and Hove Albion,A,2,0.5238895062969658,0.22728753803464335,0.24882295566839094,1.8522377483691883,1.210732395909077
2021-01-17,2020-21,Liverpool,Manchester United,D,1,0.4879107760885491,0.24254251191241114,0.2695467119990398,1.663463761087512,1.1743425166678811
2021-01-17,2020-21,Manchester City,Crystal Palace,H,0,0.8255818563206007,0.11918077094755106,0.05523737273184828,2.7868288786065567,0.600274439767578
2021-01-17,2020-21,Sheffield United,Tottenham,A,2,0.20312128106878136,0.23624167732085916,0.5606370416103595,0.9424821842786584,1.7361777392817348
2021-01-18,2020-21,Arsenal,Newcastle United,H,0,0.6043499368171418,0.2233948342674186,0.17225522891543965,1.846258561677254,0.8685065380034878
2021-01-19,2020-21,Leicester City,Chelsea,H,0,0.4517223901974156,0.2583252788531867,0.2899523309493977,1.4815556930888845,1.133613563888441
2021-01-19,2020-21,West Ham,West Bromwich Albion,H,0,0.609730199371529,0.2215906929613401,0.16867910766713087,1.8611589436583515,0.8602457564396174
2021-01-20,2020-21,Fulham,Manchester United,A,2,0.1845359713680313,0.2309621396299115,0.5845018890020572,0.8864988318351463,1.778678956231333
2021-01-20,2020-21,Manchester City,Aston Villa,H,0,0.7077812960618386,0.17383053946102692,0.11838816447713454,2.3393737278839195,0.8438048202007433
2021-01-21,2020-21,Liverpool,Burnley,A,2,0.7532475675582575,0.16060510591231453,0.08614732652942794,2.3538954493166986,0.657670500505031
2021-01-23,2020-21,Aston Villa,Newcastle United,H,0,0.584924545036219,0.22430718288377863,0.1907682720800024,1.8577608349381511,0.9574515869083635
2021-01-26,2020-21,Crystal Palace,West Ham,A,2,0.2935572496736656,0.2689495418772506,0.43749320844908374,1.078515919628634,1.3795151133155439
2021-01-26,2020-21,Newcastle United,Leeds United,A,2,0.35235802603940736,0.2631507390272142,0.38449123493337856,1.2705824942670934,1.3392947303520768
2021-01-26,2020-21,Southampton,Arsenal,A,2,0.34822672801599863,0.26826387886904884,0.3835093931149525,1.2252208115662255,1.2995875586583812
2021-01-26,2020-21,West Bromwich Albion,Manchester City,A,2,0.07001863390081153,0.12604203301299616,0.8039393330861923,0.7396267914377962,2.8362172682831903
2021-01-27,2020-21,Chelsea,Wolverhampton Wanderers,D,1,0.5184640016479747,0.24582508307736228,0.23571091527466315,1.641913660826157,1.0220454235707224
2021-01-27,2020-21,Burnley,Aston Villa,H,0,0.37504019985221043,0.2556016146009641,0.36935818554682553,1.3798186718408398,1.3673936391003767
2021-01-27,2020-21,Manchester United,Sheffield United,A,2,0.7698743000196814,0.15231158096457992,0.07781411901573873,2.4213331914703162,0.6310528569792647
2021-01-27,2020-21,Everton,Leicester City,D,1,0.3576510318235311,0.27988278358725294,0.362466184589216,1.1715484630082316,1.1813910816852489
2021-01-27,2020-21,Brighton and Hove Albion,Fulham,D,1,0.4682070200954959,0.2601322032225608,0.27166077668194316,1.4826305216703943,1.0637692920963318
2021-01-28,2020-21,Tottenham,Liverpool,A,2,0.3473613964340934,0.26525940531515685,0.3873791982507497,1.2438568184559686,1.3289042657538324
2021-01-30,2020-21,Arsenal,Manchester United,D,1,0.38702394513257476,0.26267994506680853,0.35029610980061665,1.3477848136538535,1.2691498467384232
2021-01-30,2020-21,Crystal Palace,Wolverhampton Wanderers,H,0,0.3527897175113023,0.27729579382027525,0.3699144886684224,1.1770810234771796,1.2123191301747147
2021-01-30,2020-21,Everton,Newcastle United,A,2,0.5848142776749758,0.2420423616100191,0.173143360715005,1.661396638070413,0.7769814438521032
2021-01-30,2020-21,Manchester City,Sheffield United,H,0,0.8546073558671496,0.10256658331289138,0.04282606081995905,2.958624549303108,0.547077818124345
2021-01-30,2020-21,Southampton,Aston Villa,A,2,0.41862039479177504,0.2619128702440258,0.31946673496419914,1.4081397353166818,1.1959559987077766
2021-01-30,2020-21,West Bromwich Albion,Fulham,D,1,0.38653505031095897,0.2626275894743865,0.35083736021465445,1.3472499533668116,1.2708072940553243
2021-01-31,2020-21,Chelsea,Burnley,H,0,0.5260900372775824,0.2532548359398062,0.22065512678261148,1.572490398932474,0.9204473627090872
2021-01-31,2020-21,Leicester City,Leeds United,A,2,0.584805273620755,0.23633816143365147,0.17885656494559346,1.7194247012376787,0.8306772635361342
2021-01-31,2020-21,Brighton and Hove Albion,Tottenham,H,0,0.27410994388095283,0.25344096951949585,0.4724490865995513,1.1141946320760765,1.5450770261751097
2021-01-31,2020-21,West Ham,Liverpool,A,2,0.29753673044510187,0.26350416904230406,0.438959100512594,1.1232527928151435,1.4235555750370656
2021-02-02,2020-21,Sheffield United,West Bromwich Albion,H,0,0.4594264286496088,0.2617342270198054,0.2788393443305858,1.4609887722350727,1.0771429472599516
2021-02-02,2020-21,Newcastle United,Crystal Palace,A,2,0.39634804818497016,0.27470009824310615,0.3289518535719238,1.277761283099067,1.1383018119933708
2021-02-02,2020-21,Wolverhampton Wanderers,Arsenal,H,0,0.3100699437957601,0.25654086569081996,0.43338919051342,1.2067581155338873,1.474339985093062
2021-02-02,2020-21,Manchester United,Southampton,H,0,0.6253543237651796,0.21938171035531684,0.15526396587950353,1.864230640736152,0.8009749821321978
2021-02-03,2020-21,Aston Villa,West Ham,A,2,0.36424326963018006,0.25163858879673623,0.38411814157308366,1.3887112113650197,1.4326917800972807
2021-02-03,2020-21,Burnley,Manchester City,A,2,0.12966943616942503,0.19294488100614757,0.6773856828244273,0.7979329271599456,2.1135184299607537
2021-02-03,2020-21,Fulham,Leicester City,A,2,0.23444036243024202,0.2506532895030454,0.5149063480667125,0.9880448446122861,1.594325686655242
2021-02-03,2020-21,Leeds United,Everton,A,2,0.42531803481010433,0.27508116511656133,0.2996008000733343,1.3193845116186547,1.0603785828009602
2021-02-03,2020-21,Liverpool,Brighton and Hove Albion,A,2,0.7515847021666958,0.15792202638662028,0.09049327144668398,2.4254599971419597,0.7144395747984652
2021-02-04,2020-21,Tottenham,Chelsea,A,2,0.45408906369270513,0.2603703574669409,0.2855405788403539,1.4668047188194573,1.1066713900778204
2021-02-06,2020-21,Aston Villa,Arsenal,H,0,0.3687061243105337,0.2613274827760186,0.36996639291344774,1.320837222483432,1.3235471439425142
2021-02-06,2020-21,Burnley,Brighton and Hove Albion,D,1,0.3715519020458405,0.26953987523472456,0.3589082227194349,1.2670840917924657,1.2405190995657438
2021-02-06,2020-21,Fulham,West Ham,D,1,0.23152567946295616,0.24250675073745173,0.525967569799592,1.0260698660857968,1.6766397749308746
2021-02-06,2020-21,Manchester United,Everton,D,1,0.6311276125049794,0.2146011191827304,0.15427126831229024,1.9151244648621881,0.8218028847650709
2021-02-06,2020-21,Newcastle United,Southampton,H,0,0.38965280652796397,0.2634892422775617,0.3468579511944743,1.3465555592709664,1.2551561713644557
2021-02-07,2020-21,Liverpool,Manchester City,A,2,0.3742568303526727,0.2623628018556886,0.3633803677916388,1.3247253422664598,1.3014083873132098
2021-02-07,2020-21,Sheffield United,Chelsea,A,2,0.22651591897615547,0.2542229847408157,0.5192610962830287,0.9377858937721394,1.5625833675406082
2021-02-07,2020-21,Tottenham,West Bromwich Albion,H,0,0.6252440162385726,0.21033274854797715,0.16442323521345026,1.985216553089604,0.9056942306956368
2021-02-07,2020-21,Wolverhampton Wanderers,Leicester City,D,1,0.3243920647181378,0.27034727232031586,0.4052606629615463,1.1537392170601186,1.322943260397361
2021-02-08,2020-21,Leeds United,Crystal Palace,H,0,0.4557205111352453,0.2648127918711965,0.2794666969935583,1.4322963403722642,1.060696123189768
2021-02-13,2020-21,Brighton and Hove Albion,Aston Villa,D,1,0.41035314495789266,0.26513549303282613,0.3245113620092812,1.3698971778833207,1.1877283640659095
2021-02-13,2020-21,Crystal Palace,Burnley,A,2,0.4037115923647421,0.26993273767418147,0.3263556699610765,1.3233963006816332,1.1613314984576109
2021-02-13,2020-21,Leicester City,Liverpool,H,0,0.3247180999538068,0.26294129068335415,0.4123406093628391,1.2030769566158728,1.390163218996435
2021-02-13,2020-21,Manchester City,Tottenham,H,0,0.7582962703594638,0.15472390285014267,0.08697982679039347,2.45219650088448,0.7031423435992898
2021-02-14,2020-21,Arsenal,Leeds United,H,0,0.4754745952974264,0.2569422938450983,0.26758311085747527,1.5161776479151243,1.0697283894198115
2021-02-14,2020-21,Everton,Fulham,A,2,0.5907350821091041,0.2295006731974335,0.1797642446934623,1.7894881638230087,0.8715776699704937
2021-02-14,2020-21,Southampton,Wolverhampton Wanderers,A,2,0.37705393850829877,0.25969681204584333,0.3632492494458579,1.35111556548218,1.3212928024241288
2021-02-14,2020-21,West Bromwich Albion,Manchester United,D,1,0.11820207402653016,0.17787296763170016,0.7039249583417697,0.8131688860027633,2.2767853947378396
2021-02-15,2020-21,Chelsea,Newcastle United,H,0,0.6378146506078373,0.21331145749554362,0.14887389189661915,1.9189751662948102,0.7984878792892948
2021-02-15,2020-21,West Ham,Sheffield United,H,0,0.6692702593379871,0.19841950039586984,0.1323102402661431,2.052598774903615,0.7825085003883997
2021-02-17,2020-21,Burnley,Fulham,D,1,0.4672309927564936,0.2572558144754787,0.27551319276802777,1.5064218522248531,1.0942093655891099
2021-02-17,2020-21,Everton,Manchester City,A,2,0.15123885576508714,0.20018126212490953,0.6485798821100033,0.8930850699433103,2.0841830289195173
2021-02-19,2020-21,Wolverhampton Wanderers,Leeds United,H,0,0.46419933858379764,0.26215621130252736,0.27364445011367505,1.4621305650558127,1.058056581307521
2021-02-20,2020-21,Fulham,Sheffield United,H,0,0.5523822678027385,0.24355314175377255,0.2040645904434889,1.6628396407041308,0.9050400671906792
2021-02-20,2020-21,Burnley,West Bromwich Albion,D,1,0.5694734995992624,0.23883573416418993,0.19169076623654763,1.703744160022371,0.8763268110407941
2021-02-20,2020-21,Southampton,Chelsea,D,1,0.23443992133274832,0.2391005881578464,0.5264594905094052,1.0603524370249897,1.712841469599896
2021-02-20,2020-21,Liverpool,Everton,A,2,0.6324308242561483,0.20567703079702135,0.16189214494683046,2.0386257683899753,0.9217852746093406
2021-02-21,2020-21,Arsenal,Manchester City,A,2,0.18241090888598327,0.21992052137745663,0.5976685697365601,0.9427731507197484,1.8990314629668663
2021-02-21,2020-21,Aston Villa,Leicester City,A,2,0.31551286621416846,0.26244496723869326,0.4220421665471382,1.1814796063964799,1.4089911570518605
2021-02-21,2020-21,Manchester United,Newcastle United,H,0,0.7187802200763325,0.17345353901174038,0.10776624091192714,2.2904945967627848,0.7600541183415168
2021-02-21,2020-21,West Ham,Tottenham,H,0,0.5166433018956067,0.2462925641350318,0.23706413396936155,1.636892264606576,1.0244738248567724
2021-02-22,2020-21,Brighton and Hove Albion,Crystal Palace,A,2,0.5485195607147518,0.2421623125056829,0.2093181267795652,1.6779766514034402,0.93523808065343
2021-02-23,2020-21,Leeds United,Southampton,H,0,0.4987226448279729,0.24445653500311498,0.25682082016891217,1.6494025815328028,1.1128534622433692
2021-02-27,2020-21,Leeds United,Aston Villa,A,2,0.4972321304249289,0.2485886904634029,0.2541791791116681,1.6074473077688416,1.075246346240147
2021-02-27,2020-21,Manchester City,West Ham,H,0,0.734249016743695,0.1653614100816195,0.10038957317468548,2.371881009756629,0.7526048993901545
2021-02-27,2020-21,Newcastle United,Wolverhampton Wanderers,D,1,0.32736463990555714,0.2696903366224393,0.4029450234720036,1.1654178702779698,1.3238808462578175
2021-02-27,2020-21,West Bromwich Albion,Brighton and Hove Albion,H,0,0.3301504729675023,0.26625420119903265,0.40359532583346514,1.1948424923136687,1.3503117296909393
2021-02-28,2020-21,Chelsea,Manchester United,D,1,0.40069174989652845,0.2596068548644697,0.33970139523900195,1.3972841594812733,1.2656394395842707
2021-02-28,2020-21,Crystal Palace,Fulham,D,1,0.38805775730977593,0.26712626147044266,0.3448159812197814,1.3163763000037787,1.2249635309466373
2021-02-28,2020-21,Leicester City,Arsenal,A,2,0.5472651035796926,0.23880643965695897,0.2139284567633485,1.713470320540707,0.9749060724814276
2021-02-28,2020-21,Sheffield United,Liverpool,A,2,0.15834194566651577,0.20930824674247453,0.6323498075910097,0.8767991610644835,1.9853845670800887
2021-02-28,2020-21,Tottenham,Burnley,H,0,0.4666556810520092,0.2614941163509678,0.27185020259702286,1.4698574706448835,1.056214921413637
2021-03-01,2020-21,Everton,Southampton,H,0,0.5613945145071612,0.2313599246293457,0.20724556086349308,1.7910108202820834,0.9916377110706537
2021-03-02,2020-21,Manchester City,Wolverhampton Wanderers,H,0,0.7562791147942401,0.1551708394371094,0.08855004576865033,2.4564796956818804,0.7150634767626575
2021-03-03,2020-21,Burnley,Leicester City,D,1,0.3286670285026578,0.2666114107867294,0.4047215607106128,1.188691725946058,1.3495054042301609
2021-03-03,2020-21,Crystal Palace,Manchester United,D,1,0.17025332102280877,0.2188827543918225,0.6108639245853688,0.8845823451144181,1.8938783570994342
2021-03-03,2020-21,Sheffield United,Aston Villa,H,0,0.2758672278073832,0.2600752064975418,0.464057565695075,1.0777792384203182,1.479313721976022
2021-03-04,2020-21,Fulham,Tottenham,A,2,0.3625967905998412,0.27305139010162127,0.36435181929853755,1.224903255264621,1.2285558397541088
2021-03-04,2020-21,Liverpool,Chelsea,A,2,0.44231091188954796,0.24848828271375714,0.30920080539669487,1.5598572790489658,1.2641576053813905
2021-03-04,2020-21,West Bromwich Albion,Everton,A,2,0.27611105704092404,0.2569781584214358,0.46691078453764007,1.0979417704507934,1.5085583396606
2021-03-06,2020-21,Aston Villa,Wolverhampton Wanderers,D,1,0.4347791459964031,0.2670904409482813,0.2981304130553155,1.3901672452578817,1.1027664264198416
2021-03-06,2020-21,Brighton and Hove Albion,Leicester City,A,2,0.35857141382310803,0.2643043240256938,0.37712426215119815,1.2764594359564332,1.316010748666533
2021-03-06,2020-21,Burnley,Arsenal,D,1,0.3532170706653469,0.2692397401199989,0.3775431892146542,1.2299874552976096,1.2811331969695323
2021-03-06,2020-21,Sheffield United,Southampton,A,2,0.32485197434487717,0.2681566271574857,0.4069913984976371,1.168833798922269,1.3417201354222306
2021-03-07,2020-21,Tottenham,Crystal Palace,H,0,0.6104611496772746,0.22582204629758237,0.16371680402514305,1.8090509792870297,0.8112721854172735
2021-03-07,2020-21,Liverpool,Fulham,A,2,0.6321474834650676,0.20769255726010158,0.16015995927483093,2.009210887860398,0.8979158212641721
2021-03-07,2020-21,Manchester City,Manchester United,A,2,0.6382952119496742,0.21223679189801894,0.1494679961523069,1.9323304463032809,0.8078599530142502
2021-03-07,2020-21,West Bromwich Albion,Newcastle United,D,1,0.3961929798298161,0.2674349107604219,0.336372109409762,1.3288129794649162,1.2025273799914071
2021-03-08,2020-21,Chelsea,Everton,H,0,0.5500615779843185,0.24351773559027762,0.20642068642540376,1.6638355022052338,0.9152748711987534
2021-03-08,2020-21,West Ham,Leeds United,H,0,0.525115606410695,0.2407155586387716,0.23416883495053334,1.6954175171554702,1.048491432743085
2021-03-10,2020-21,Manchester City,Southampton,H,0,0.772461589522794,0.14744175245118465,0.08009665802602142,2.5202208732923905,0.6854441836660548
2021-03-12,2020-21,Newcastle United,Aston Villa,D,1,0.34761779972379603,0.2699068378989367,0.38247536237726726,1.2128171555627527,1.2859573816678975
2021-03-13,2020-21,Crystal Palace,West Bromwich Albion,H,0,0.45346908718536216,0.26734008780282603,0.27919082501181186,1.4101682042802728,1.0452036809959442
2021-03-13,2020-21,Everton,Burnley,A,2,0.5470016541346902,0.24073790786319843,0.21226043800211142,1.6930928999473527,0.9561128134262067
2021-03-13,2020-21,Fulham,Manchester City,A,2,0.13946426417135097,0.20005923184467583,0.6604765039839732,0.8187000781515057,2.053193715231182
2021-03-13,2020-21,Leeds United,Chelsea,D,1,0.23445163278315473,0.24191909668341938,0.5236292705334259,1.0417888108135471,1.6825955126015046
2021-03-14,2020-21,Arsenal,Tottenham,H,0,0.4189461436016262,0.2601395155640321,0.3209143408343418,1.4230523582577008,1.2121817744870125
2021-03-14,2020-21,Leicester City,Sheffield United,H,0,0.7198019693199507,0.17407046315125213,0.10612756752879714,2.2730108174346237,0.7428442379659572
2021-03-14,2020-21,Manchester United,West Ham,H,0,0.517337401343385,0.2492387360688375,0.23342386258777742,1.6083224673413399,0.9924172689827251
2021-03-14,2020-21,Southampton,Brighton and Hove Albion,A,2,0.4115312385842472,0.2543744155009559,0.3340943459147967,1.4600933020333167,1.2904685803375755
2021-03-15,2020-21,Wolverhampton Wanderers,Liverpool,A,2,0.30073644385221093,0.2547196836278199,0.44454387251996913,1.1916114178024564,1.504773286052004
2021-03-19,2020-21,Fulham,Leeds United,A,2,0.3955728670703829,0.2684794664448774,0.33594766648473967,1.3200829176911062,1.1945725268042173
2021-03-20,2020-21,Brighton and Hove Albion,Newcastle United,H,0,0.55905053711943,0.24020852310645988,0.20074093977411017,1.6945964964481866,0.9090665890565925
2021-03-21,2020-21,Aston Villa,Tottenham,A,2,0.3359677825374285,0.26743167478984636,0.39660054267272515,1.201554935459529,1.3295517586562855
2021-03-21,2020-21,West Ham,Arsenal,D,1,0.4270514834531912,0.25600092654766254,0.31694758999914613,1.4701251815853977,1.2305948887249778
2021-04-03,2020-21,Arsenal,Liverpool,A,2,0.3746457494006977,0.2620835481653665,0.3632707024339357,1.3276546281869925,1.3032493454505827
2021-04-03,2020-21,Chelsea,West Bromwich Albion,A,2,0.741808713576286,0.16858918690308416,0.08960209952062985,2.260389126899754,0.6411016159061828
2021-04-03,2020-21,Leeds United,Sheffield United,H,0,0.6318052670217399,0.21158450089735117,0.15661023208090885,1.9545274338074257,0.8527136088321109
2021-04-03,2020-21,Leicester City,Manchester City,A,2,0.25478061009379116,0.2363967593230059,0.508822630583203,1.1632764399169153,1.7402100285958781
2021-04-04,2020-21,Aston Villa,Fulham,H,0,0.46792165247949186,0.26455789435636146,0.2675204531641467,1.4460606843400114,1.024459538752801
2021-04-04,2020-21,Manchester United,Brighton and Hove Albion,H,0,0.6407314116320957,0.21130960266402887,0.14795898570387533,1.9397093869355795,0.8043724008630079
2021-04-04,2020-21,Newcastle United,Tottenham,D,1,0.2258288150684119,0.25011086603174815,0.52406031889984,0.9577719125710908,1.6012361493622798
2021-04-04,2020-21,Southampton,Burnley,H,0,0.43055219590652083,0.2593483453477775,0.31009945874570166,1.4465146391451404,1.1872304677116305
2021-04-05,2020-21,Everton,Crystal Palace,D,1,0.551502007209271,0.24510429677323856,0.2033936960174905,1.647703229281968,0.8938360428288967
2021-04-05,2020-21,Wolverhampton Wanderers,West Ham,A,2,0.3358414296028197,0.2552247374648429,0.40893383293233737,1.2885782847372562,1.4483132669701857
2021-04-09,2020-21,Fulham,Wolverhampton Wanderers,A,2,0.3602401703255046,0.2594586136776017,0.38030121599689376,1.316300022018257,1.3596657833998869
2021-04-10,2020-21,Crystal Palace,Chelsea,A,2,0.23863915801198787,0.25667461561965615,0.504686226368356,0.9695735080914961,1.5362067048381147
2021-04-10,2020-21,Liverpool,Aston Villa,H,0,0.6448591363672904,0.20975221723568158,0.14538864639702803,1.9519075785377955,0.7981431959696424
2021-04-10,2020-21,Manchester City,Leeds United,A,2,0.8105644749463237,0.12439323556344131,0.065042289490235,2.808208744640294,0.6887433478443882
2021-04-11,2020-21,Burnley,Newcastle United,A,2,0.4639096243124195,0.251605770703539,0.2844846049840415,1.5543811164137344,1.1615046965528746
2021-04-11,2020-21,Sheffield United,Arsenal,A,2,0.16860551417952388,0.2071190463738006,0.6242754394466754,0.9520319266177756,2.0343704017623767
2021-04-11,2020-21,Tottenham,Manchester United,A,2,0.34437412639555637,0.26153448950800234,0.39409138409644145,1.2632034590412695,1.3699612956262601
2021-04-11,2020-21,West Ham,Leicester City,H,0,0.4140165429932556,0.25468286233858534,0.3313005946681592,1.4615081272994677,1.2805378277002528
2021-04-12,2020-21,Brighton and Hove Albion,Everton,D,1,0.3599467557854747,0.26809311829855287,0.3719601259159725,1.2527075635261624,1.2780492061790862
2021-04-12,2020-21,West Bromwich Albion,Southampton,H,0,0.33084641511117846,0.2564050580792014,0.41274852680962015,1.2662598632773792,1.44453966373563
2021-04-16,2020-21,Everton,Tottenham,D,1,0.402001681062596,0.26021966704049326,0.3377786518969108,1.3946276474464023,1.2562699131166464
2021-04-17,2020-21,Newcastle United,West Ham,H,0,0.27376188937130475,0.2506722962481115,0.4755658143805837,1.131576598207717,1.5734295302202719
2021-04-17,2020-21,Wolverhampton Wanderers,Sheffield United,H,0,0.678401836063597,0.1926979275665805,0.12890023636982237,2.114102585059907,0.7942210361235991
2021-04-18,2020-21,Arsenal,Fulham,D,1,0.6104924974210287,0.21825020121971928,0.1712573013592519,1.902674552370603,0.893839141976771
2021-04-18,2020-21,Manchester United,Burnley,H,0,0.7273413801793006,0.16892481416983254,0.10373380565086686,2.3364741788595427,0.7569851441835564
2021-04-19,2020-21,Leeds United,Liverpool,D,1,0.273719786103057,0.25893642979084036,0.4673437841061026,1.077809203927499,1.4920076009542347
2021-04-20,2020-21,Chelsea,Brighton and Hove Albion,D,1,0.6863595152141196,0.1916817129672748,0.12195877181860552,2.102851071128438,0.7528605950616543
2021-04-21,2020-21,Aston Villa,Manchester City,A,2,0.1199750661119054,0.17993001869493494,0.7000949151931597,0.8126991284020672,2.254693985760382
2021-04-21,2020-21,Tottenham,Southampton,H,0,0.5469705206158952,0.224398369545474,0.2286311098386307,1.8845200044618329,1.1420039415944407
2021-04-22,2020-21,Leicester City,West Bromwich Albion,H,0,0.6570887020939008,0.19936966734548395,0.14354163056061525,2.073526686657233,0.8491551668603906
2021-04-23,2020-21,Arsenal,Everton,A,2,0.465606680621695,0.2523722568035297,0.2820210625747752,1.5488519089228103,1.1479937606121506
2021-04-24,2020-21,Liverpool,Newcastle United,D,1,0.6773177307028941,0.18824551165811151,0.13443675763899432,2.1942117635074956,0.8620730695033776
2021-04-24,2020-21,Sheffield United,Brighton and Hove Albion,H,0,0.23753154600843657,0.25273421346321734,0.5097342405283461,0.9877130021465043,1.5734467735281223
2021-04-24,2020-21,West Ham,Chelsea,A,2,0.3207222476999253,0.24891633891690823,0.43036141338316647,1.2957217227404143,1.5394296219378119
2021-04-25,2020-21,Aston Villa,West Bromwich Albion,D,1,0.4895517330224565,0.25259561224145427,0.2578526547360892,1.5652232637323669,1.0630180330738745
2021-04-25,2020-21,Leeds United,Manchester United,D,1,0.2219713191608144,0.23186640234567008,0.5461622784935155,1.0557357154032172,1.7918932305621118
2021-04-25,2020-21,Wolverhampton Wanderers,Burnley,A,2,0.5540977533588725,0.23571552349963867,0.2101867231414889,1.7448949635607442,0.9774310732904532
2021-04-26,2020-21,Leicester City,Crystal Palace,H,0,0.6799478820392799,0.1928028210967291,0.1272492968639909,2.1070722512423687,0.7823384331656213
2021-04-30,2020-21,Southampton,Leicester City,D,1,0.22416538195322752,0.22821330131968084,0.5476213167270916,1.0919205229085083,1.835580267813311
2021-05-01,2020-21,Brighton and Hove Albion,Leeds United,H,0,0.37627245642736873,0.2718064131551395,0.35192113041749185,1.2608765817251155,1.2100349766820517
2021-05-01,2020-21,Chelsea,Fulham,H,0,0.7515097536349835,0.15840414257525373,0.0900861037897628,2.4148568336620433,0.7074111906348598
2021-05-01,2020-21,Crystal Palace,Manchester City,A,2,0.08522845211783368,0.14801210044164817,0.7667594474405182,0.7340203836254524,2.553766995571651
2021-05-01,2020-21,Everton,Aston Villa,A,2,0.5643258100017493,0.23445916079093834,0.20121502920731243,1.7539397907918604,0.9444596290741846
2021-05-02,2020-21,Newcastle United,Arsenal,A,2,0.33537343868260266,0.25150545064317414,0.4131211106742232,1.3165585637126134,1.4883496325236172
2021-05-02,2020-21,Tottenham,Sheffield United,H,0,0.7455232125276356,0.1595506516497828,0.09492613582258153,2.429664994388481,0.7441593917890601
2021-05-03,2020-21,Burnley,West Ham,A,2,0.3613233529241005,0.2526383536403385,0.38603829343556095,1.3734032532283191,1.4279234402640915
2021-05-03,2020-21,West Bromwich Albion,Wolverhampton Wanderers,D,1,0.32115231272075234,0.25886769790221653,0.41997998937703107,1.2218090853726826,1.4351673252545232
2021-05-07,2020-21,Leicester City,Newcastle United,A,2,0.6532111420889763,0.1970956728650442,0.1496931850459795,2.1212413733004527,0.9044014646591229
2021-05-08,2020-21,Leeds United,Tottenham,H,0,0.3442308685974732,0.254027077360736,0.40174205404179086,1.3198522634280894,1.4460737705592805
2021-05-08,2020-21,Liverpool,Southampton,H,0,0.7178021955665558,0.1699709661120115,0.11222683832143264,2.3677732660095443,0.8213330295064298
2021-05-08,2020-21,Manchester City,Chelsea,A,2,0.6028908504962225,0.21624132081830388,0.1808678286854736,1.9409746579504175,0.9588531969916969
2021-05-08,2020-21,Sheffield United,Crystal Palace,A,2,0.32039509433799296,0.2686118929741388,0.41099301268786825,1.1543725590846863,1.3447377328375705
2021-05-09,2020-21,Arsenal,West Bromwich Albion,H,0,0.6386771303961764,0.20643579599397566,0.15488707360984807,2.013145292047958,0.8744915175836198
2021-05-09,2020-21,Aston Villa,Manchester United,A,2,0.19813174428286734,0.2240983368245381,0.5777699188925945,0.9957560142916291,1.8673785789416955
2021-05-09,2020-21,West Ham,Everton,A,2,0.4443657970704367,0.2520485065841789,0.3035856963453845,1.5288226700880123,1.2196972349475148
2021-05-09,2020-21,Wolverhampton Wanderers,Brighton and Hove Albion,H,0,0.43880395334241296,0.26625572646310003,0.294940320194487,1.4016877903152023,1.0986050270974113
2021-05-10,2020-21,Fulham,Burnley,A,2,0.35932220879212073,0.25738476127906834,0.38329302992881087,1.33027395514608,1.3824052049259756
2021-05-11,2020-21,Manchester United,Leicester City,A,2,0.5929220111194833,0.217876705772804,0.1892012831077128,1.932420141588963,0.9924557614337981
2021-05-11,2020-21,Southampton,Crystal Palace,H,0,0.438965537485877,0.2521094620492979,0.3089250004648252,1.5213959182362689,1.2356273591587548
2021-05-12,2020-21,Chelsea,Arsenal,A,2,0.5592862089714468,0.2344411987311017,0.2062725922974515,1.7568038150285932,0.9676680466051863
2021-05-13,2020-21,Aston Villa,Everton,D,1,0.35215103349358257,0.2643748146024843,0.38347415190393314,1.2613102874780797,1.328058817802204
2021-05-13,2020-21,Manchester United,Liverpool,A,2,0.4604276860039961,0.24942329276269565,0.2901490212333082,1.5716361000676735,1.1958994319857712
2021-05-14,2020-21,Newcastle United,Manchester City,A,2,0.11786874299114519,0.17398937635009779,0.708141880658757,0.8383844424326397,2.334251818229483
2021-05-15,2020-21,Brighton and Hove Albion,West Ham,D,1,0.37424859843527714,0.26809156133920825,0.3576598402255146,1.282696180751301,1.2477042327200412
2021-05-15,2020-21,Burnley,Leeds United,A,2,0.4198309346422233,0.2554811117959477,0.32468795356182895,1.4638130668579221,1.2563011997469737
2021-05-15,2020-21,Southampton,Fulham,H,0,0.4948489185720934,0.24857050202985184,0.2565805793980548,1.6064091513858691,1.0842446595813593
2021-05-16,2020-21,Crystal Palace,Aston Villa,H,0,0.37901251936967173,0.26221145745263835,0.3587760231776898,1.3356195994662927,1.2922217840944032
2021-05-16,2020-21,Everton,Sheffield United,A,2,0.721803806027835,0.17757709951896747,0.10061909445319757,2.1968473352126074,0.6786405752704157
2021-05-16,2020-21,Tottenham,Wolverhampton Wanderers,H,0,0.5006508121649399,0.2542451018933967,0.24510408594166336,1.5560553175639293,1.0069692708944884
2021-05-16,2020-21,West Bromwich Albion,Liverpool,A,2,0.1438004569871219,0.18437515345258693,0.6718243895602912,0.9595054160350173,2.287078200971895
2021-05-18,2020-21,Brighton and Hove Albion,Manchester City,H,0,0.14254096569163702,0.20574326123710499,0.651715773071258,0.8040111985703341,1.9920235196013374
2021-05-18,2020-21,Chelsea,Leicester City,H,0,0.4652843868746102,0.2553546902059409,0.27936092291944886,1.5214148419286286,1.1191463307441896
2021-05-18,2020-21,Manchester United,Fulham,D,1,0.7790240528069924,0.14600311943076685,0.07497282776224078,2.500666164536855,0.642775787606552
2021-05-18,2020-21,Southampton,Leeds United,A,2,0.3487674249138516,0.25517048900245354,0.39606208608369486,1.3222770035528455,1.42575634509786
2021-05-19,2020-21,Everton,Wolverhampton Wanderers,H,0,0.48624462540542457,0.2619959160985981,0.25175945849597736,1.4810295997486465,0.9865319651989628
2021-05-19,2020-21,Burnley,Liverpool,A,2,0.18967025564013898,0.20770800935524086,0.6026217350046201,1.0714300652787037,2.066177625731921
2021-05-19,2020-21,Crystal Palace,Arsenal,A,2,0.30737796429636216,0.2625696960379124,0.4300523396657254,1.157787940511216,1.419379650838608
2021-05-19,2020-21,Tottenham,Aston Villa,A,2,0.5904582381864847,0.21897989080623065,0.1905618710072847,1.9206081899301537,0.9919864637934626
2021-05-19,2020-21,West Bromwich Albion,West Ham,A,2,0.26195897647103983,0.2424304667480646,0.49561055678089544,1.1466800034970563,1.6689556051276628
2021-05-19,2020-21,Newcastle United,Sheffield United,H,0,0.5869996278164623,0.22085808005249014,0.19214229213104758,1.8997415511821056,0.9873244171874551
2021-05-23,2020-21,Leicester City,Tottenham,A,2,0.4585258223681607,0.24755591280637188,0.2939182648254675,1.5878287350037923,1.2222710177536638
2021-05-23,2020-21,Liverpool,Crystal Palace,H,0,0.771546877204303,0.14292346532675215,0.0855296574689447,2.6520269910027903,0.7779341244706335
2021-05-23,2020-21,Arsenal,Brighton and Hove Albion,H,0,0.5552643471710156,0.24008531225104943,0.20465034057793494,1.6973670078824996,0.9269035395712072
2021-05-23,2020-21,Aston Villa,Chelsea,H,0,0.2332080806071019,0.24394190114553746,0.5228500182473607,1.0238268781744655,1.661589780124327
2021-05-23,2020-21,Fulham,Newcastle United,A,2,0.3240355597052935,0.25592547785577824,0.4200389624389283,1.2511771180300795,1.4602777145819845
2021-05-23,2020-21,Leeds United,West Bromwich Albion,H,0,0.6350706849369004,0.2050870787743232,0.1598422362887763,2.0415907511025795,0.9133697162845251
2021-05-23,2020-21,Manchester City,Everton,H,0,0.6755248247360874,0.19627025323633152,0.12820492202758102,2.0664169383154287,0.7682076465758653
2021-05-23,2020-21,Sheffield United,Burnley,H,0,0.2786146444178704,0.2503769383276528,0.47100841725447684,1.1502944421512513,1.5724493346836643
2021-05-23,2020-21,West Ham,Southampton,H,0,0.5905460077786308,0.21587774554098185,0.1935762466803875,1.9631109561625544,1.030182843891049
2021-05-23,2020-21,Wolverhampton Wanderers,Manchester United,A,2,0.24357585824037628,0.2592918506291224,0.4971322911305014,0.9729141865226826,1.5100869597351008
2021-08-14,2021-22,Chelsea,Crystal Palace,H,0,0.6462576890616962,0.20111281209422552,0.15262949884407825,2.07560471871376,0.8955922979934087
2021-08-14,2021-22,Burnley,Brighton and Hove Albion,A,2,0.4105265206567478,0.2664796607043218,0.3229938186389305,1.3599296142409558,1.174886083710268
2021-08-14,2021-22,Everton,Southampton,H,0,0.5024738027680284,0.24787809274284922,0.2496481044891223,1.6167684918563399,1.062896093124923
2021-08-14,2021-22,Leicester City,Wolverhampton Wanderers,H,0,0.5475627719086373,0.2362301951825943,0.21620703290876828,1.7414913672505414,1.0009501697935275
2021-08-14,2021-22,Manchester United,Leeds United,H,0,0.5207217091651966,0.2396272431650952,0.2396510476697082,1.7067089187160038,1.0783160595993648
2021-08-14,2021-22,Watford,Aston Villa,H,0,0.4653227051692609,0.24770603920298415,0.28697125562775494,1.5931384616430795,1.19788137390054
2021-08-14,2021-22,Norwich City,Liverpool,A,2,0.15557501529576354,0.1920900103100149,0.6523349743942215,0.981438043408596,2.2102293536657887
2021-08-15,2021-22,Newcastle United,West Ham,A,2,0.3384313982318403,0.24534989386848113,0.41621870789967846,1.3766077387363338,1.5518220241890535
2021-08-15,2021-22,Tottenham,Manchester City,H,0,0.2895591026967199,0.24491298516081603,0.4655279121424641,1.22779378875401,1.6213021672419698
2021-08-21,2021-22,Crystal Palace,Brentford,D,1,0.3261180652951596,0.2571474786152157,0.41673445608962467,1.2479072525007495,1.4446266715081983
2021-08-21,2021-22,Aston Villa,Newcastle United,H,0,0.40924001579487074,0.24911598427788975,0.34164399992723965,1.5036969676313794,1.3531568512475745
2021-08-21,2021-22,Brighton and Hove Albion,Watford,H,0,0.38624947358274686,0.25808598028739277,0.3556645461298603,1.3826009322627748,1.3162306857708423
2021-08-21,2021-22,Liverpool,Burnley,H,0,0.7406149634289305,0.1594667965865074,0.09991823998456206,2.46511243110219,0.7910556381179179
2021-08-21,2021-22,Manchester City,Norwich City,H,0,0.7613842428421408,0.15101934991758684,0.08759640724027233,2.519882409393807,0.7355554392778615
2021-08-21,2021-22,Leeds United,Everton,D,1,0.46255984006107215,0.254147013264736,0.2832931466741919,1.5296787785407358,1.1401140887494896
2021-08-22,2021-22,Arsenal,Chelsea,A,2,0.3370788470800708,0.2615820698291229,0.40133908309080624,1.244671644603058,1.3825658886394545
2021-08-22,2021-22,Southampton,Manchester United,D,1,0.24506115506595103,0.2461322419156387,0.5088066030184103,1.056642502818014,1.6363884616887983
2021-08-22,2021-22,Wolverhampton Wanderers,Tottenham,A,2,0.3220789827127894,0.2602919657947999,0.41762905149241064,1.2143034239348909,1.4197768004844784
2021-08-23,2021-22,West Ham,Leicester City,H,0,0.5163023182628846,0.2342652559346297,0.24943242580248562,1.7663899527752807,1.1575457654718024
2021-08-28,2021-22,Aston Villa,Brentford,D,1,0.4024453479977101,0.26489597837201784,0.3326586736302722,1.3586691685820222,1.2103558131567431
2021-08-28,2021-22,Manchester City,Arsenal,H,0,0.6598464082120741,0.19829788111907054,0.1418557106688554,2.0825151026438085,0.8451497183062349
2021-08-28,2021-22,Liverpool,Chelsea,D,1,0.47562117888003036,0.23769046067447075,0.28668836044549895,1.707512000367725,1.2757745053415885
2021-08-28,2021-22,West Ham,Crystal Palace,D,1,0.6747319758599468,0.18985719767336487,0.13541082646668828,2.175090396551171,0.8577813721530266
2021-08-28,2021-22,Newcastle United,Southampton,D,1,0.47905948721551445,0.2479121059459183,0.2730284068385673,1.602777895021351,1.1481282551308356
2021-08-28,2021-22,Norwich City,Leicester City,A,2,0.2958658310573476,0.25732927307134307,0.4468048958713094,1.1585750343760761,1.484522802214506
2021-08-28,2021-22,Brighton and Hove Albion,Everton,A,2,0.38293483082721513,0.2672029039819172,0.3498622651908677,1.306145309653811,1.2362282598298249
2021-08-29,2021-22,Burnley,Leeds United,D,1,0.3026063133749346,0.2545696208670465,0.44282406575801897,1.1984139221573131,1.5039980761151792
2021-08-29,2021-22,Tottenham,Watford,H,0,0.5753405691234948,0.22096962777189824,0.20368980310460688,1.9103607745348994,1.045736353729341
2021-08-29,2021-22,Wolverhampton Wanderers,Manchester United,A,2,0.22377167000013393,0.23923433468402844,0.5369939953158377,1.0145670968300933,1.7109015311961406
2021-09-11,2021-22,Manchester United,Newcastle United,H,0,0.6845899160352923,0.1880239882296383,0.1273860957350693,2.170994335573079,0.8133224999576475
2021-09-11,2021-22,Southampton,West Ham,D,1,0.247224386834824,0.22627554397277772,0.5265000691923982,1.2121325307630997,1.8651688178118013
2021-09-11,2021-22,Arsenal,Norwich City,H,0,0.5141125244295848,0.24333207412020794,0.24255540145020724,1.666338265940929,1.0651226446979605
2021-09-11,2021-22,Brentford,Brighton and Hove Albion,A,2,0.48004141744444295,0.265210517560753,0.25474806499480396,1.450696476843762,0.9791519186574845
2021-09-11,2021-22,Chelsea,Aston Villa,H,0,0.6620399065272283,0.19603379017745465,0.1419263032953171,2.1124481133913293,0.8604229205000613
2021-09-11,2021-22,Crystal Palace,Tottenham,H,0,0.2845170659503325,0.26150538487459507,0.4539775491750725,1.0963700045556197,1.457247916977636
2021-09-11,2021-22,Leicester City,Manchester City,A,2,0.202886194266575,0.2176600398473128,0.5794537658861122,1.0662330070070603,1.9513075234117316
2021-09-11,2021-22,Watford,Wolverhampton Wanderers,A,2,0.4441918286123953,0.2572670748253354,0.29854109656226924,1.4819400144936064,1.1671940796310756
2021-09-12,2021-22,Leeds United,Liverpool,A,2,0.24895020891006556,0.2366938748250786,0.5143559162648559,1.1373000550149948,1.7381607769317489
2021-09-13,2021-22,Everton,Burnley,H,0,0.6064564820704839,0.22015858226311358,0.17338493566640256,1.8839379045754707,0.8935700040775371
2021-09-17,2021-22,Newcastle United,Leeds United,D,1,0.3489434844679404,0.2515506420754738,0.3995058734565858,1.3519839476558912,1.4638214425402272
2021-09-18,2021-22,Burnley,Arsenal,A,2,0.34736877666750643,0.2598330368134316,0.39279818651906195,1.2830402161615173,1.381085041384614
2021-09-18,2021-22,Liverpool,Crystal Palace,H,0,0.7389540586822463,0.1617115762955671,0.09933436502218669,2.4237119923690935,0.7689987331877931
2021-09-18,2021-22,Aston Villa,Everton,H,0,0.3227978999753676,0.25822339062176947,0.4189787094028629,1.2309618730589553,1.439031759263763
2021-09-18,2021-22,Norwich City,Watford,A,2,0.3679484563457481,0.2570178994188696,0.37503364423538227,1.3528118998497187,1.3682399980413058
2021-09-18,2021-22,Wolverhampton Wanderers,Brentford,A,2,0.42749527556151395,0.26889073930914803,0.3036139851293381,1.3668905622293668,1.107359683023468
2021-09-18,2021-22,Manchester City,Southampton,D,1,0.81999662088346,0.11805813285966657,0.06194524625687344,2.909194366070306,0.702493367339929
2021-09-19,2021-22,Brighton and Hove Albion,Leicester City,H,0,0.40249575854118447,0.2714720227786803,0.32603221868013527,1.3103942649898133,1.1508607531095751
2021-09-19,2021-22,Tottenham,Chelsea,A,2,0.313932538022145,0.25130773453577115,0.43475972744208374,1.2567863316357735,1.523162504748143
2021-09-19,2021-22,West Ham,Manchester United,A,2,0.34238678821661217,0.25383690340415993,0.40377630837922784,1.3165988321276725,1.4513890258847475
2021-09-25,2021-22,Brentford,Liverpool,D,1,0.21728511447163107,0.23158154029565947,0.5511333452327095,1.036426296948123,1.793412030047449
2021-09-25,2021-22,Chelsea,Manchester City,A,2,0.3362823927214919,0.24958400169371744,0.4141336055847906,1.3346918958381375,1.5077318375927302
2021-09-25,2021-22,Everton,Norwich City,H,0,0.640866676106321,0.2083725667129175,0.15076075718076157,1.9801655225020014,0.837838275543779
2021-09-25,2021-22,Leeds United,West Ham,A,2,0.3257980623741708,0.25005498454495767,0.42414695308087164,1.3013973959559522,1.519413548903374
2021-09-25,2021-22,Leicester City,Burnley,D,1,0.5408675914587938,0.23616644456184466,0.22296596397936144,1.7439130814820563,1.0310101912399778
2021-09-25,2021-22,Manchester United,Aston Villa,A,2,0.6575414649444495,0.20315866410855593,0.13929987094699448,2.01462524421705,0.7991348158615857
2021-09-25,2021-22,Watford,Newcastle United,D,1,0.4926775156988842,0.2506632265532379,0.25665925774787796,1.5851385700439937,1.0709701799576499
2021-09-26,2021-22,Arsenal,Tottenham,H,0,0.42395208399965667,0.2557968359428516,0.3202510800574918,1.4673395794096553,1.2415007153821138
2021-09-26,2021-22,Southampton,Wolverhampton Wanderers,A,2,0.40409053828599173,0.25948843097668833,0.33642103073732005,1.4041942395976723,1.2581229179598374
2021-09-27,2021-22,Crystal Palace,Brighton and Hove Albion,D,1,0.38939687330360445,0.26992020851160037,0.3406829181847953,1.2987106439983929,1.1965360313690383
2021-10-02,2021-22,Brighton and Hove Albion,Arsenal,D,1,0.4018523231838006,0.26748716969018765,0.33066050712601175,1.3381734585070753,1.1879741359699565
2021-10-02,2021-22,Burnley,Norwich City,D,1,0.45918470704272923,0.25671256382194974,0.28410272913532103,1.503457298280482,1.1256645970405565
2021-10-02,2021-22,Chelsea,Southampton,H,0,0.6540047450891985,0.20153154142184637,0.14446371348895512,2.0485414372676063,0.8413034157215613
2021-10-02,2021-22,Leeds United,Watford,H,0,0.45879267001229074,0.2529026740661427,0.2883046559215665,1.5372630572243995,1.1650184012592457
2021-10-02,2021-22,Manchester United,Everton,D,1,0.5510238851752015,0.23048765976853164,0.21848845505626682,1.806458628390647,1.0494632880533428
2021-10-02,2021-22,Wolverhampton Wanderers,Newcastle United,H,0,0.5020284459736208,0.24573632895859285,0.25223522506778623,1.6378527772739395,1.0867380381496403
2021-10-03,2021-22,Crystal Palace,Leicester City,D,1,0.39314789325994415,0.2643743577369584,0.3424777490030975,1.3462639559733303,1.2383412147660828
2021-10-03,2021-22,Liverpool,Manchester City,D,1,0.4029439748657151,0.24052984596009372,0.3565261791741912,1.57646661939868,1.4701210028752243
2021-10-03,2021-22,Tottenham,Aston Villa,H,0,0.43340299494407186,0.265790614399508,0.30080639065642006,1.3984017813777299,1.1184229355545996
2021-10-03,2021-22,West Ham,Brentford,A,2,0.502170043615239,0.24690919983050613,0.25092075655425494,1.6261904847341362,1.0739940501374754
2021-10-16,2021-22,Aston Villa,Wolverhampton Wanderers,A,2,0.43235200313776334,0.2636975506156511,0.3039504462465855,1.4134640134176784,1.140656109340308
2021-10-16,2021-22,Brentford,Chelsea,A,2,0.3396114140331226,0.25733164151125143,0.40305694445562584,1.2823711979809158,1.4202181598794044
2021-10-16,2021-22,Leicester City,Manchester United,H,0,0.3112313712033841,0.25464962573776495,0.434119003058851,1.223791412556084,1.4919466679709679
2021-10-16,2021-22,Manchester City,Burnley,H,0,0.8144464884062034,0.1254047583845001,0.060148753209296454,2.7240224331446012,0.6177230064888316
2021-10-16,2021-22,Norwich City,Brighton and Hove Albion,D,1,0.3257944581693295,0.2724203528766829,0.40178518895398757,1.1444033313911,1.3025489689665934
2021-10-16,2021-22,Southampton,Leeds United,H,0,0.37689547978265053,0.25798061095958547,0.36512390925776406,1.3644164594617894,1.338857259041835
2021-10-16,2021-22,Watford,Liverpool,A,2,0.15963353386868892,0.2008902357120434,0.6394762304192677,0.9414252587107053,2.09656513860984
2021-10-17,2021-22,Everton,West Ham,A,2,0.4640782998568066,0.25581603621100135,0.28010566393219205,1.516170955521585,1.1185676599289782
2021-10-17,2021-22,Newcastle United,Tottenham,A,2,0.32440182733915984,0.2603360289454893,0.4152621437153509,1.2203044442158866,1.415722757180333
2021-10-18,2021-22,Arsenal,Crystal Palace,D,1,0.5138450434402496,0.2440624999177203,0.24209245664203013,1.6587559990178158,1.0584918512209307
2021-10-22,2021-22,Arsenal,Aston Villa,H,0,0.5548978640217879,0.24009017393650864,0.20501196204170344,1.6974501046327495,0.9284568097555469
2021-10-23,2021-22,Brighton and Hove Albion,Manchester City,A,2,0.2110587136332849,0.24603374272976702,0.542907543636948,0.9208996313228166,1.64033863508338
2021-10-23,2021-22,Chelsea,Norwich City,H,0,0.719636449437666,0.17402157376886246,0.10634197679347152,2.274822748804352,0.7448778869520455
2021-10-23,2021-22,Crystal Palace,Newcastle United,D,1,0.49477032885337635,0.2522751891357811,0.2529544820108425,1.5711701462488588,1.0473821378014418
2021-10-23,2021-22,Everton,Watford,A,2,0.5930449326094344,0.2249837484291367,0.18197131896142885,1.84062951708804,0.9088306587385524
2021-10-23,2021-22,Leeds United,Wolverhampton Wanderers,D,1,0.3851333760731029,0.25900468215849093,0.3558619417684062,1.3729802673827523,1.3096297693855683
2021-10-23,2021-22,Southampton,Burnley,D,1,0.4854647584723776,0.25756236515709685,0.2569728763705256,1.518061113682328,1.0296864424195087
2021-10-24,2021-22,Brentford,Leicester City,A,2,0.41867948388132886,0.25599478772652406,0.32532572839214696,1.457565214730024,1.2542441263982946
2021-10-24,2021-22,Manchester United,Liverpool,A,2,0.30762121369992196,0.23401047416846157,0.4583683121316165,1.383018311342052,1.7334222131612425
2021-10-24,2021-22,West Ham,Tottenham,H,0,0.4786553031350584,0.2545644574658957,0.2667802393990459,1.5398060405524427,1.0818876533800772
2021-10-30,2021-22,Burnley,Brentford,H,0,0.2920584308863992,0.2579616809215806,0.4499798881920201,1.142568785654823,1.4827278057556843
2021-10-30,2021-22,Leicester City,Arsenal,A,2,0.43312948667123313,0.2582979262088127,0.3085725871199541,1.458899830371658,1.1900484441308017
2021-10-30,2021-22,Watford,Southampton,A,2,0.44418371802222767,0.2516511687885446,0.30416511318922773,1.5322769069573465,1.224430933602986
2021-10-30,2021-22,Liverpool,Brighton and Hove Albion,D,1,0.7473778844579916,0.15463862830763903,0.09798348723436945,2.535946126326099,0.8105269740092919
2021-10-30,2021-22,Newcastle United,Chelsea,A,2,0.1912709445996119,0.22240141231107868,0.5863276430893094,0.9724672510845976,1.880446372278054
2021-10-30,2021-22,Tottenham,Manchester United,A,2,0.3963532056038297,0.25602721911926024,0.34761957527691,1.419034755534545,1.3126843939315103
2021-10-30,2021-22,Manchester City,Crystal Palace,A,2,0.7612285342387609,0.1537556631118896,0.08501580264934946,2.45334317998878,0.6908819377256764
2021-10-31,2021-22,Aston Villa,West Ham,A,2,0.2862449964609741,0.2463485843915626,0.4674064191474633,1.2055150849840328,1.6085565377465696
2021-10-31,2021-22,Norwich City,Leeds United,A,2,0.3071573004028029,0.26355821304329335,0.4292844865539036,1.1507082903400407,1.4104162564833755
2021-11-01,2021-22,Wolverhampton Wanderers,Everton,H,0,0.40540977073709983,0.2611012953069779,0.3334889339559223,1.3934054977275165,1.2389102925523945
2021-11-05,2021-22,Southampton,Aston Villa,H,0,0.48459963696259156,0.24619774335586808,0.2692026196815403,1.623740863231105,1.1465512242570546
2021-11-06,2021-22,Brighton and Hove Albion,Newcastle United,D,1,0.5296768100383169,0.24484478406647633,0.22547840589520673,1.6529176179345693,0.986975254909719
2021-11-06,2021-22,Brentford,Norwich City,A,2,0.5626458242016106,0.23488895420979133,0.20246522158859803,1.7500731744272358,0.9475922920892249
2021-11-06,2021-22,Chelsea,Burnley,D,1,0.732275591090227,0.16725708100155406,0.10046732790821886,2.34303098738608,0.7404373909420292
2021-11-06,2021-22,Manchester United,Manchester City,A,2,0.29024879154244887,0.2443638131288881,0.46538739532866297,1.2344156953237408,1.6267873795582732
2021-11-06,2021-22,Crystal Palace,Wolverhampton Wanderers,H,0,0.4199589051518354,0.2668460123716939,0.31319508247647065,1.3715881044060623,1.146381479168096
2021-11-07,2021-22,Arsenal,Watford,H,0,0.6482094398727176,0.20144179478524188,0.15034876534204047,2.065345253768001,0.8789892999570158
2021-11-07,2021-22,Everton,Tottenham,D,1,0.4026469224613442,0.2579622547238843,0.3393908228147715,1.4142397092149694,1.2770583909361959
2021-11-07,2021-22,Leeds United,Leicester City,D,1,0.3665911187049529,0.2639225627040717,0.36948631859097547,1.2968660360813433,1.30304541684114
2021-11-07,2021-22,West Ham,Liverpool,H,0,0.3344672969206612,0.24437168812776877,0.42116101495157,1.3739356999091552,1.5697236374849006
2021-11-20,2021-22,Liverpool,Arsenal,H,0,0.5689332267854903,0.22366890316933294,0.20739787004517676,1.880493176781228,1.0447920777776565
2021-11-20,2021-22,Aston Villa,Brighton and Hove Albion,H,0,0.3456680926919427,0.25885742801137934,0.39547447929667795,1.286160873138551,1.3939439828729052
2021-11-20,2021-22,Burnley,Crystal Palace,D,1,0.33442591623935475,0.26301600804877573,0.4025580757118696,1.227804520234138,1.3733850309045537
2021-11-20,2021-22,Leicester City,Chelsea,A,2,0.2781722805329949,0.24167449906827607,0.48015322039872904,1.2126320699142035,1.667414545160426
2021-11-20,2021-22,Wolverhampton Wanderers,West Ham,H,0,0.2830964404962084,0.25089860163347877,0.46600495787031276,1.1618217366128698,1.5630120317377565
2021-11-20,2021-22,Watford,Manchester United,H,0,0.2699748771978122,0.2467659166777245,0.4832592061244634,1.1453180857656684,1.6171447511574868
2021-11-20,2021-22,Newcastle United,Brentford,D,1,0.3320563769424317,0.2659932103198206,0.4019504127377476,1.2014173941206157,1.3495016113645268
2021-11-20,2021-22,Norwich City,Southampton,H,0,0.3310779289695979,0.2628181548934043,0.40610391613699787,1.2205947541848199,1.3809458663149805
2021-11-21,2021-22,Manchester City,Everton,H,0,0.7116646681441747,0.17516096957358396,0.11317436228224129,2.2927487880889417,0.7921027128306123
2021-11-21,2021-22,Tottenham,Leeds United,H,0,0.4615751359019498,0.2631569316019905,0.2752679324960597,1.4514603056668653,1.0573009556683133
2021-11-27,2021-22,Arsenal,Newcastle United,H,0,0.6497055908048557,0.20240702840392852,0.14788738079121588,2.0465565136986976,0.8572602427363194
2021-11-27,2021-22,Norwich City,Wolverhampton Wanderers,D,1,0.3214414360882209,0.26312914278287025,0.4154294211289089,1.1930414624309258,1.3935384071744592
2021-11-27,2021-22,Brighton and Hove Albion,Leeds United,D,1,0.4100640964138384,0.26296689349484076,0.32696901009132084,1.3863009986407817,1.2088509282000712
2021-11-27,2021-22,Liverpool,Southampton,H,0,0.7450889519238953,0.15721224270703468,0.09769880536907002,2.4883507987274216,0.7874077788263248
2021-11-27,2021-22,Crystal Palace,Aston Villa,A,2,0.5368467555766734,0.24262859355036018,0.22052465087296647,1.675210102656126,0.9798620959810185
2021-11-28,2021-22,Brentford,Everton,H,0,0.4407237142168896,0.2554275686738299,0.3038487171092806,1.4937330537762374,1.1961027011142136
2021-11-28,2021-22,Chelsea,Manchester United,D,1,0.6421225912100369,0.20091970114578797,0.15695770764417505,2.0893628499091697,0.9242966591940893
2021-11-28,2021-22,Leicester City,Watford,H,0,0.5360814687122243,0.23188537739819198,0.23203315388958368,1.7942291232198135,1.1005633033703168
2021-11-28,2021-22,Manchester City,West Ham,H,0,0.6216147606024994,0.21008757044630394,0.16829766895119666,1.9958189363064813,0.9297729384776051
2021-11-30,2021-22,Leeds United,Crystal Palace,H,0,0.42351161038922264,0.2599706542819558,0.31651773532882144,1.4312924893881072,1.2011675434750957
2021-11-30,2021-22,Newcastle United,Norwich City,D,1,0.39711217953577316,0.2689095934551801,0.3339782270090467,1.3196458760440226,1.1869244387179327
2021-12-01,2021-22,Everton,Liverpool,A,2,0.15417810127165374,0.19015733820123307,0.6556645605271131,0.9873182559081205,2.2348508194092265
2021-12-01,2021-22,Southampton,Leicester City,D,1,0.3709148843451975,0.2652116535461568,0.3638734621086457,1.296582039962946,1.2816080454359102
2021-12-01,2021-22,Aston Villa,Manchester City,A,2,0.13779306076123457,0.1928453241426447,0.6693616150961207,0.8539459616785721,2.142155663973661
2021-12-01,2021-22,West Ham,Brighton and Hove Albion,D,1,0.5340794442930581,0.24152058493945808,0.22439997076748383,1.6869140348647285,1.0028213685589362
2021-12-01,2021-22,Wolverhampton Wanderers,Burnley,D,1,0.5017675159272769,0.24933023208547173,0.2489022519872514,1.6023764719497353,1.0508453421533874
2021-12-01,2021-22,Watford,Chelsea,A,2,0.16860515000990778,0.1957590824376889,0.6356357675524034,1.039275892264973,2.1931299790075562
2021-12-02,2021-22,Manchester United,Arsenal,H,0,0.37321414205365033,0.24517982675621078,0.38160603119013886,1.4672423117644036,1.4861941616570367
2021-12-02,2021-22,Tottenham,Brentford,H,0,0.5339023302962266,0.2406036658666154,0.2254940038371579,1.6965760362834195,1.0131494015450921
2021-12-04,2021-22,Newcastle United,Burnley,H,0,0.38385691430440644,0.2673691074242753,0.34877397827131823,1.3067027353224954,1.232573070545566
2021-12-04,2021-22,Southampton,Brighton and Hove Albion,D,1,0.39179285544092446,0.2670969983148493,0.34111014624422625,1.323445919993377,1.2163175710067242
2021-12-04,2021-22,Watford,Manchester City,A,2,0.14434044637076682,0.19838630283426725,0.6572732507949659,0.8607012764547534,2.0885710290659025
2021-12-04,2021-22,West Ham,Chelsea,H,0,0.26611018556605515,0.24760537831240567,0.48628443612153915,1.125529444003748,1.6108417529975856
2021-12-04,2021-22,Wolverhampton Wanderers,Liverpool,A,2,0.17772097313893212,0.2157081272010006,0.6065708996600673,0.9452447475474951,1.942723002015442
2021-12-05,2021-22,Leeds United,Brentford,D,1,0.5176737622082042,0.24277899270355127,0.23954724508824454,1.6728129507862641,1.0567777786215846
2021-12-05,2021-22,Manchester United,Crystal Palace,H,0,0.5400965977061902,0.2370853683152392,0.22281803397857056,1.7338525056117704,1.0243352438795605
2021-12-05,2021-22,Aston Villa,Leicester City,H,0,0.3614339254177362,0.2682521182986496,0.37031395628361424,1.2548326634656393,1.2735568127387922
2021-12-05,2021-22,Tottenham,Norwich City,H,0,0.5979864673812698,0.22700075797747116,0.17501277464125892,1.81077377480756,0.8620502708336618
2021-12-06,2021-22,Everton,Arsenal,H,0,0.3033517417758857,0.25805492002194275,0.4385933382021714,1.1763186885128007,1.4681765633749935
2021-12-10,2021-22,Brentford,Watford,H,0,0.4845690643401532,0.2447390969612564,0.2706918386985904,1.6385083891845298,1.1624198403397916
2021-12-11,2021-22,Arsenal,Southampton,H,0,0.5582291620259489,0.23362103658483596,0.20814980138921518,1.766594565184559,0.9813477739931206
2021-12-11,2021-22,Chelsea,Leeds United,H,0,0.6449254266512392,0.20132733522592797,0.15374723812283284,2.0756896590677814,0.9011911663183874
2021-12-11,2021-22,Liverpool,Aston Villa,H,0,0.7641289500658026,0.15203024525548892,0.08384080467870851,2.4728461659578236,0.6911861138799616
2021-12-11,2021-22,Manchester City,Wolverhampton Wanderers,H,0,0.8045906516593586,0.13241178328246828,0.06299756505817306,2.6226843160430553,0.6027282118987719
2021-12-11,2021-22,Norwich City,Manchester United,A,2,0.264476497766783,0.25514714522897136,0.48037635700424575,1.0702858396273827,1.5358413723548447
2021-12-12,2021-22,Burnley,West Ham,D,1,0.2825226447043339,0.2611054265369264,0.45637192875873955,1.0926165102193133,1.4630828094944444
2021-12-12,2021-22,Crystal Palace,Everton,H,0,0.46087493385845035,0.2676677368800126,0.2714573292615371,1.415146091646142,1.0195079974031898
2021-12-12,2021-22,Leicester City,Newcastle United,H,0,0.5256869188535438,0.23934782977069383,0.23496525137576232,1.7101315538893143,1.0608755273636492
2021-12-14,2021-22,Manchester City,Leeds United,H,0,0.8054946825579379,0.12671599120921784,0.06778932623284424,2.7930043794232637,0.7046510136803629
2021-12-14,2021-22,Norwich City,Aston Villa,A,2,0.3775980771829589,0.2751445151606088,0.3472574076564322,1.241077227195647,1.178301021103541
2021-12-15,2021-22,Arsenal,West Ham,H,0,0.449096757847252,0.2593393498602029,0.29156389229254515,1.469968295171312,1.131983420483975
2021-12-15,2021-22,Brighton and Hove Albion,Wolverhampton Wanderers,A,2,0.4983366866979268,0.26340854920631585,0.2382547640957573,1.4765752412434643,0.9324309350641663
2021-12-15,2021-22,Crystal Palace,Southampton,D,1,0.4875606205392633,0.2552508794612198,0.2571884999995169,1.5398241705338216,1.0442707035388612
2021-12-16,2021-22,Chelsea,Everton,D,1,0.7139657083706001,0.1750224525253604,0.11101183910403944,2.2839663780446107,0.7757370570318504
2021-12-16,2021-22,Liverpool,Newcastle United,H,0,0.8598892555026779,0.09644703822972432,0.04366370626759775,3.136246931492155,0.6154041862714978
2021-12-18,2021-22,Leeds United,Arsenal,A,2,0.269380950265147,0.2427639874611183,0.48785506227373476,1.172084606682334,1.6611004489331571
2021-12-19,2021-22,Newcastle United,Manchester City,A,2,0.06398705559481954,0.12172612989121014,0.8142868145139703,0.6977711634106989,2.8533626073968246
2021-12-19,2021-22,Tottenham,Liverpool,D,1,0.23385543190597,0.23190070869350882,0.5342438594005211,1.1084933977869915,1.7943435573260595
2021-12-19,2021-22,Wolverhampton Wanderers,Chelsea,D,1,0.2057965283293078,0.23274446232420043,0.5614590093464917,0.9760823354220449,1.7749369429220232
2021-12-26,2021-22,Aston Villa,Chelsea,A,2,0.25226904029394553,0.2506439863018769,0.49708697340417757,1.0550534476956144,1.587659095362536
2021-12-26,2021-22,Brighton and Hove Albion,Brentford,H,0,0.4543200807225135,0.26262348034298033,0.2830564389345061,1.4484406611160052,1.0849449424769233
2021-12-26,2021-22,Manchester City,Leicester City,H,0,0.8049663408712273,0.1260154217062102,0.06901823742256244,2.823979715336037,0.7267417784822354
2021-12-26,2021-22,Norwich City,Arsenal,A,2,0.19574134217742767,0.22333311971822062,0.5809255381043518,0.988926777210786,1.8741081693828066
2021-12-26,2021-22,Tottenham,Crystal Palace,H,0,0.5999765077658029,0.22246536028381478,0.17755813195038234,1.8634695172960691,0.9014598215550274
2021-12-26,2021-22,West Ham,Southampton,A,2,0.5648523435794097,0.23268808002088698,0.20245957639970324,1.7736437653025359,0.9610003937236866
2021-12-27,2021-22,Newcastle United,Manchester United,D,1,0.18553905241265803,0.2224543026284479,0.5920066449588941,0.9427411491039313,1.8733697265484266
2021-12-28,2021-22,Crystal Palace,Norwich City,H,0,0.5266197725988037,0.24666216404699165,0.2267180633542048,1.6346983254988454,0.9811738774454142
2021-12-28,2021-22,Leicester City,Liverpool,H,0,0.1873703466989616,0.20247055371564082,0.6101590995853976,1.1014579173337442,2.13698210243234
2021-12-28,2021-22,Southampton,Tottenham,D,1,0.239925114984995,0.2342692936585411,0.525805591356464,1.1174042190813784,1.7670827826909141
2021-12-28,2021-22,Watford,West Ham,A,2,0.2945127180629911,0.24963670062050855,0.45585058131650025,1.2086608609620648,1.5647939394902397
2021-12-29,2021-22,Brentford,Manchester City,A,2,0.08640535044212361,0.13982693261781404,0.7737677169400624,0.8150547778631837,2.723111123367453
2021-12-29,2021-22,Chelsea,Brighton and Hove Albion,D,1,0.6772624888862229,0.1895572452228243,0.1331802658909529,2.171277568979591,0.8441495833653239
2021-12-30,2021-22,Manchester United,Burnley,H,0,0.6856042745382163,0.19313208109429145,0.12126364436749217,2.0821906664642142,0.739824179406279
2022-01-01,2021-22,Arsenal,Manchester City,A,2,0.26053863117998594,0.2288120335446827,0.5106493352753313,1.2484128732346969,1.831546900548209
2022-01-01,2021-22,Crystal Palace,West Ham,A,2,0.33676827996791003,0.26134468450402354,0.4018870355280665,1.245580614910662,1.3854076403494548
2022-01-01,2021-22,Watford,Tottenham,A,2,0.1625000836481146,0.19540364431019236,0.6420962720416931,1.0017384914069538,2.181665508342815
2022-01-02,2021-22,Brentford,Aston Villa,H,0,0.4152988613776735,0.27090149765644567,0.3137996409658808,1.334636791701282,1.122828879283976
2022-01-02,2021-22,Chelsea,Liverpool,D,1,0.38386357169181706,0.2502435993690835,0.3658928289390994,1.4444931137918906,1.4045538760845169
2022-01-02,2021-22,Everton,Brighton and Hove Albion,A,2,0.3809543450678261,0.2654008320515519,0.35364482288062205,1.3155005881364445,1.257468854636639
2022-01-02,2021-22,Leeds United,Burnley,H,0,0.4954954555216943,0.24858158927579402,0.25592295520251174,1.606638797518146,1.0817458457117535
2022-01-03,2021-22,Manchester United,Wolverhampton Wanderers,A,2,0.6414589655890103,0.21392944396716324,0.14461159044382638,1.9033987284189942,0.7709629906956866
2022-01-11,2021-22,Southampton,Brentford,H,0,0.3903115446800886,0.2708887541446434,0.3387997011752679,1.2935256603391465,1.185776761027064
2022-01-12,2021-22,West Ham,Norwich City,H,0,0.705827084860238,0.17806794786887872,0.11610496727088329,2.264054714803563,0.7954496887508642
2022-01-14,2021-22,Brighton and Hove Albion,Crystal Palace,D,1,0.47139937563432716,0.25106441100235494,0.27753621336331785,1.566272773145551,1.141858597326973
2022-01-15,2021-22,Aston Villa,Manchester United,D,1,0.2721224545409195,0.25789887921759225,0.46997866624148826,1.0789778735467712,1.503266756842905
2022-01-15,2021-22,Manchester City,Chelsea,H,0,0.639242040087462,0.19991567032250113,0.1608422895900369,2.1129643225697303,0.9562094873251985
2022-01-15,2021-22,Newcastle United,Watford,D,1,0.4444675104139715,0.2579931920694493,0.29753929751657915,1.4760142493871433,1.1592185552297192
2022-01-15,2021-22,Norwich City,Everton,H,0,0.2969664935580694,0.2548842633044536,0.448149243137477,1.17878089559976,1.5076063928151922
2022-01-15,2021-22,Wolverhampton Wanderers,Southampton,H,0,0.4589080411333678,0.2663781537927629,0.2747138050738692,1.4232085783377757,1.036888139857158
2022-01-16,2021-22,Liverpool,Brentford,H,0,0.7577276952714499,0.15529720516717235,0.08697509956137782,2.4427629440078187,0.6992009567328925
2022-01-16,2021-22,West Ham,Leeds United,A,2,0.6078745815558046,0.2072264628683323,0.18489895557586297,2.0644814224009185,1.0474526728268692
2022-01-18,2021-22,Brighton and Hove Albion,Chelsea,D,1,0.2978465982556358,0.2683691271431409,0.4337842746012233,1.0942497313938622,1.3791699715359047
2022-01-19,2021-22,Brentford,Manchester United,A,2,0.23201140043671364,0.24948775798939635,0.51850084157389,0.9854715068746519,1.606192926299165
2022-01-19,2021-22,Leicester City,Tottenham,A,2,0.28980197320676265,0.23528854071991076,0.47490948607332667,1.3077399619442787,1.734354532941559
2022-01-21,2021-22,Watford,Norwich City,A,2,0.44727518961469515,0.2594136275174197,0.2933111828678851,1.4672443288657269,1.1368685832993042
2022-01-22,2021-22,Brentford,Wolverhampton Wanderers,A,2,0.31892508413462667,0.2694173462008644,0.41165756966450895,1.1454598205460937,1.3398572044896067
2022-01-22,2021-22,Everton,Aston Villa,A,2,0.40796230824317736,0.2626385395648264,0.3293991521919962,1.3854500860231336,1.21748196517569
2022-01-22,2021-22,Leeds United,Newcastle United,A,2,0.5786849564564148,0.21881158568064388,0.20250345786294124,1.936213688601941,1.0555673623485118
2022-01-22,2021-22,Manchester United,West Ham,H,0,0.4585349917621049,0.24031284477123072,0.30115216346666435,1.6625300772376141,1.3045754033934638
2022-01-22,2021-22,Southampton,Manchester City,D,1,0.10071193474657443,0.16247547963574505,0.7368125856176805,0.7759095076737521,2.4201326343508494
2022-01-23,2021-22,Chelsea,Tottenham,H,0,0.3937419699683429,0.25059501526855815,0.3556630147630989,1.4613787368344218,1.3768737119808698
2022-01-23,2021-22,Arsenal,Burnley,D,1,0.7420492412646993,0.16360965984768497,0.09434109888761577,2.3615092587347233,0.7113573504266234
2022-01-23,2021-22,Leicester City,Brighton and Hove Albion,D,1,0.42279615148437155,0.24864441838046525,0.32855943013516314,1.530618051491052,1.3207463104652248
2022-01-23,2021-22,Crystal Palace,Liverpool,A,2,0.1522947487435138,0.1908483201867026,0.6568569310697835,0.9686071481608296,2.2182973079811426
2022-02-05,2021-22,Burnley,Watford,D,1,0.453251828609829,0.2652006030194237,0.2815475683707473,1.4266273280701638,1.0648284750646904
2022-02-08,2021-22,Newcastle United,Everton,H,0,0.37716523022205534,0.2617449026835877,0.361089867094357,1.335437419912299,1.3009153807624432
2022-02-08,2021-22,West Ham,Watford,H,0,0.6721779662579862,0.18974966471514657,0.13807236902686723,2.1860221575792855,0.8772381879940937
2022-02-08,2021-22,Burnley,Manchester United,D,1,0.2007937494377355,0.2391598280544761,0.5600464225077884,0.9151814925351253,1.705134773421737
2022-02-09,2021-22,Aston Villa,Leeds United,D,1,0.46788938595584606,0.2503565927390443,0.2817540213051097,1.5698826795881942,1.1611075826433708
2022-02-09,2021-22,Manchester City,Brentford,H,0,0.8405806049755736,0.1101249362592005,0.04929445876522591,2.895558098656598,0.5866436159670365
2022-02-09,2021-22,Norwich City,Crystal Palace,D,1,0.3379454867873729,0.2588613673578415,0.40319314585478566,1.2666552330220588,1.407771327122149
2022-02-09,2021-22,Tottenham,Southampton,A,2,0.6828968194735138,0.1873850772977728,0.12971810322871347,2.1886635480019114,0.8342367505487599
2022-02-10,2021-22,Liverpool,Leicester City,H,0,0.7100427955822424,0.16645150147096963,0.12350570294678812,2.4913751520478677,0.9481640279541222
2022-02-10,2021-22,Wolverhampton Wanderers,Arsenal,A,2,0.32897544698823245,0.2623575717674976,0.40866698124427003,1.2183258102280285,1.388833480389435
2022-02-12,2021-22,Brentford,Crystal Palace,D,1,0.3482470515606541,0.2583699236250327,0.39338302481431325,1.296196653355749,1.3940264989821638
2022-02-12,2021-22,Watford,Brighton and Hove Albion,A,2,0.29850858215136167,0.27179706367967854,0.4296943541689598,1.075989633084188,1.348514903702602
2022-02-12,2021-22,Everton,Leeds United,H,0,0.33348311317765245,0.24978055975011268,0.4167363270722349,1.3253398257189628,1.510219868846124
2022-02-12,2021-22,Norwich City,Manchester City,A,2,0.09156894292826825,0.16884923221467268,0.7395818248570591,0.6558633821842483,2.2680759489065623
2022-02-12,2021-22,Manchester United,Southampton,D,1,0.6238838248638972,0.2129631682524342,0.1631530068836688,1.9509095449146527,0.8816670668353459
2022-02-13,2021-22,Burnley,Liverpool,A,2,0.10607134234632688,0.16824797218609702,0.7256806854675761,0.7815109120771104,2.360304426539257
2022-02-13,2021-22,Leicester City,West Ham,D,1,0.31991511992958255,0.23640513506823002,0.44367974500218743,1.4018230027483791,1.687951419545297
2022-02-13,2021-22,Newcastle United,Aston Villa,H,0,0.3846025763017238,0.2601838009631917,0.35521362273508456,1.3625448973339387,1.2991584960948876
2022-02-13,2021-22,Tottenham,Wolverhampton Wanderers,A,2,0.555282631817865,0.23748144746560398,0.2072359207165311,1.7250582570501627,0.9535074449691148
2022-02-15,2021-22,Manchester United,Brighton and Hove Albion,H,0,0.5727041805693912,0.22678467679371705,0.20051114263689176,1.838181719096808,0.9895216795893842
2022-02-19,2021-22,Brighton and Hove Albion,Burnley,A,2,0.5863907984524461,0.23033029365575336,0.1832789078918006,1.7841713218096693,0.8840135221358087
2022-02-19,2021-22,Liverpool,Norwich City,H,0,0.8595677377421123,0.0979512604984581,0.0424810017594296,3.069042276192305,0.5802989173985937
2022-02-19,2021-22,Arsenal,Brentford,H,0,0.7007158434604559,0.18109127170133765,0.11819288483820642,2.2300287905232254,0.7912971949423434
2022-02-19,2021-22,Crystal Palace,Chelsea,A,2,0.24762826636950475,0.257214891232968,0.4951568423975273,0.9989059563450942,1.5269292527025604
2022-02-19,2021-22,West Ham,Newcastle United,D,1,0.5616699991283839,0.23504096431718335,0.2032890365544328,1.7488971989882867,0.9504292354129804
2022-02-19,2021-22,Southampton,Everton,H,0,0.4564672745421142,0.2531430193031589,0.2903897061547269,1.532628847681723,1.1700955460541533
2022-02-19,2021-22,Manchester City,Tottenham,A,2,0.7318470852379273,0.16374142679868384,0.10441148796338878,2.4228192333025738,0.7997982330686677
2022-02-19,2021-22,Aston Villa,Watford,A,2,0.547049813009493,0.24650892629960738,0.20644126069089969,1.63501889074828,0.8991433014772722
2022-02-20,2021-22,Leeds United,Manchester United,A,2,0.23859839995593607,0.2281001646179297,0.5333014354261343,1.1585951139789612,1.8410413590099464
2022-02-20,2021-22,Wolverhampton Wanderers,Leicester City,H,0,0.5097623398047859,0.2480303711458182,0.2422072890493959,1.6179588459568404,1.0336301044254572
2022-02-23,2021-22,Burnley,Tottenham,H,0,0.2570559962912177,0.24893916398345745,0.49400483972532483,1.083577460787867,1.6023816972496652
2022-02-23,2021-22,Liverpool,Leeds United,H,0,0.806223136892433,0.12406797002656353,0.06970889308100346,2.87735019987046,0.7539120078945013
2022-02-23,2021-22,Watford,Crystal Palace,A,2,0.39792293346898655,0.2764474090677369,0.32562965746327666,1.2686687686613414,1.119794771388214
2022-02-24,2021-22,Arsenal,Wolverhampton Wanderers,H,0,0.5302832103360003,0.24930517901692903,0.2204116106470706,1.6094203828153817,0.9408693252662768
2022-02-25,2021-22,Southampton,Norwich City,H,0,0.6024685920366697,0.21984762236114658,0.17768378560218367,1.8935370536114142,0.9182714392655328
2022-02-26,2021-22,Brentford,Newcastle United,A,2,0.3873531279330421,0.27052910478383035,0.34211776728312754,1.2906829799125479,1.195952616188906
2022-02-26,2021-22,Brighton and Hove Albion,Aston Villa,A,2,0.4777190081025301,0.25853925526237226,0.2637417366350976,1.5040639199883314,1.0470362466279624
2022-02-26,2021-22,Crystal Palace,Burnley,D,1,0.43855275989982023,0.2695897610729571,0.29185747902722253,1.3760397459755622,1.0698787674669554
2022-02-26,2021-22,Everton,Manchester City,A,2,0.10393701208658598,0.16660540569765422,0.7294575822157597,0.7747678044631796,2.3736640032153966
2022-02-26,2021-22,Leeds United,Tottenham,A,2,0.29640814945697563,0.24711997075904257,0.4564718797839818,1.233812603698301,1.5899419137136133
2022-02-26,2021-22,Manchester United,Watford,D,1,0.7767097336124803,0.14457149353263563,0.07871877285488404,2.558646556349299,0.6915388943309533
2022-02-27,2021-22,West Ham,Wolverhampton Wanderers,H,0,0.45531950121401243,0.2666815521652347,0.27799894662075286,1.4172012778503942,1.0453190251630462
2022-03-01,2021-22,Burnley,Leicester City,A,2,0.368107598164367,0.2660681105542365,0.3658242912813966,1.2844949120128273,1.2796509311220314
2022-03-05,2021-22,Aston Villa,Southampton,H,0,0.3562683669984207,0.260132755323527,0.38359887767805234,1.3020045333387456,1.3609622140389288
2022-03-05,2021-22,Burnley,Chelsea,A,2,0.2243013172852521,0.25980720317596784,0.51589147953878,0.9005573271444401,1.5132912658512203
2022-03-05,2021-22,Leicester City,Leeds United,H,0,0.5855753216350225,0.21955516063702513,0.19486951772795233,1.9186392121967715,1.0105078613428493
2022-03-05,2021-22,Liverpool,West Ham,H,0,0.7310182281510337,0.16635466590930795,0.10262710593965836,2.3698075749048657,0.7651793795091231
2022-03-05,2021-22,Newcastle United,Brighton and Hove Albion,H,0,0.4769138111533266,0.2611313239929317,0.26195486485374175,1.4815015560370306,1.0258053199098207
2022-03-05,2021-22,Norwich City,Brentford,A,2,0.348492463462823,0.26557090404705364,0.38593663249012333,1.2443426358970844,1.3238557866476608
2022-03-05,2021-22,Wolverhampton Wanderers,Crystal Palace,A,2,0.5071118072584718,0.2561753441285108,0.23671284861301736,1.5415610620994167,0.9652798583296676
2022-03-06,2021-22,Manchester City,Manchester United,H,0,0.6128613334558695,0.20281714686313285,0.18432151968099775,2.1257756030056716,1.079902170345573
2022-03-06,2021-22,Watford,Arsenal,A,2,0.1917617582326566,0.23433571161216935,0.573902530155174,0.9015240493046461,1.7492712932345955
2022-03-07,2021-22,Tottenham,Everton,H,0,0.611044178963515,0.2126545035480576,0.17630131748842737,1.978110350504789,0.9580228629593497
2022-03-10,2021-22,Leeds United,Aston Villa,A,2,0.3287725289056883,0.24740571846070417,0.4238217526336076,1.3315977229201392,1.5440890859996637
2022-03-10,2021-22,Norwich City,Chelsea,A,2,0.10846421323007603,0.17816627635846863,0.7133695104114554,0.7355517557293941,2.2265185677949106
2022-03-10,2021-22,Southampton,Newcastle United,A,2,0.4545645575802058,0.2481770974877254,0.2972583449320688,1.577484665961686,1.2285336325468068
2022-03-10,2021-22,Wolverhampton Wanderers,Watford,H,0,0.5622626285589557,0.23377950723272528,0.20395786420831893,1.7627153277136927,0.9611745591219341
2022-03-12,2021-22,Manchester United,Tottenham,H,0,0.5145078907333746,0.2305591950330624,0.254932914233563,1.8105040832034318,1.210020151892026
2022-03-12,2021-22,Brentford,Burnley,H,0,0.43656478251805253,0.2677112975696172,0.2957239199123303,1.38770624430048,1.09210054762125
2022-03-12,2021-22,Brighton and Hove Albion,Liverpool,A,2,0.10955791090773895,0.16255087191772088,0.7278912171745401,0.8557355852838865,2.4756048900039356
2022-03-13,2021-22,Arsenal,Leicester City,H,0,0.5794892702863155,0.23249018483227,0.18802054488141445,1.7656440595118732,0.8944596248245545
2022-03-13,2021-22,Chelsea,Newcastle United,H,0,0.6492540096719475,0.2096487257499263,0.14109726457812632,1.943311918562581,0.7735218294159238
2022-03-13,2021-22,Everton,Wolverhampton Wanderers,A,2,0.31112034486593126,0.2597184232837341,0.4291612318503346,1.1876233217327288,1.4414906787773594
2022-03-13,2021-22,Leeds United,Norwich City,H,0,0.5491730737496577,0.22791427534088105,0.2229126509094611,1.8386592355634703,1.088315267477724
2022-03-13,2021-22,Southampton,Watford,A,2,0.6038008803633337,0.21659416843810822,0.1796049511985581,1.9348211282812493,0.9496232730526364
2022-03-13,2021-22,West Ham,Aston Villa,H,0,0.47793392004893215,0.2602587468346152,0.26180733311645266,1.4895960030813444,1.0303687741763246
2022-03-14,2021-22,Crystal Palace,Manchester City,D,1,0.10977087686094675,0.16997762115878418,0.7202515019802691,0.8005558729635451,2.3540829146579023
2022-03-16,2021-22,Arsenal,Liverpool,A,2,0.27291541437917716,0.23449338137093076,0.4925912042498921,1.2505672804961347,1.755612265553009
2022-03-16,2021-22,Brighton and Hove Albion,Tottenham,A,2,0.25547239583542203,0.24117720923414968,0.5033503949304283,1.1307484611355823,1.6856817061552252
2022-03-17,2021-22,Everton,Newcastle United,H,0,0.3198336664924476,0.26731620982548343,0.41285012368206897,1.1611611807088746,1.3572809061144142
2022-03-18,2021-22,Wolverhampton Wanderers,Leeds United,A,2,0.5420651768498419,0.2345508019715715,0.2233840211785867,1.7618983298202102,1.0436387187859417
2022-03-19,2021-22,Aston Villa,Arsenal,A,2,0.2975408976153814,0.25797118608337,0.4444879163012486,1.1593717503704692,1.4762277295047002
2022-03-20,2021-22,Leicester City,Brentford,H,0,0.5101532999662184,0.2476541173930435,0.24219258264073815,1.6217578628982015,1.0359212844695818
2022-03-20,2021-22,Tottenham,West Ham,H,0,0.5054533416940229,0.24510394099128838,0.2494427173146888,1.6455863009497076,1.080270625908213
2022-04-02,2021-22,Brighton and Hove Albion,Norwich City,D,1,0.5653518469635416,0.23201243154958784,0.20263572148687056,1.7811007867326871,0.9660228924034686
2022-04-02,2021-22,Chelsea,Brentford,A,2,0.7374542669505236,0.16748897444815075,0.09505675860132566,2.3077582637697422,0.6930058707163045
2022-04-02,2021-22,Liverpool,Watford,H,0,0.8939124435645163,0.07575762353165161,0.030329932903832103,3.425923103972688,0.5555600026870909
2022-04-02,2021-22,Burnley,Manchester City,A,2,0.0735125182158706,0.13418354761644355,0.7923039341676859,0.7130018658884825,2.7042015943862583
2022-04-02,2021-22,Wolverhampton Wanderers,Aston Villa,H,0,0.44039441588615197,0.26242555525178785,0.29718002886206013,1.4340390580705948,1.129052264794733
2022-04-02,2021-22,Manchester United,Leicester City,D,1,0.5859401970892052,0.2212863532135285,0.19277344969726629,1.8953150598370843,0.9876637547353371
2022-04-02,2021-22,Leeds United,Southampton,D,1,0.42095439639583687,0.24627774200580266,0.3327678615983604,1.5505160454181641,1.3525796255228089
2022-04-03,2021-22,Tottenham,Newcastle United,H,0,0.646563100377038,0.20271085043744855,0.15072604918551347,2.0500052587216295,0.8730236402633111
2022-04-03,2021-22,West Ham,Everton,H,0,0.624969001825317,0.2182492717371663,0.15678172643751673,1.8791152003999763,0.8153439021020148
2022-04-04,2021-22,Crystal Palace,Arsenal,H,0,0.25861443949855584,0.2567272820625771,0.48465827843886705,1.0403424732184006,1.5248238169294477
2022-04-06,2021-22,Burnley,Everton,H,0,0.42119770162350845,0.27489350625199327,0.30390879212449834,1.3149828438756153,1.073073832500094
2022-04-08,2021-22,Newcastle United,Wolverhampton Wanderers,H,0,0.3457105200469398,0.26608563651510087,0.3882038434379593,1.2342127544900985,1.3243063453616792
2022-04-09,2021-22,Arsenal,Brighton and Hove Albion,A,2,0.6465562255927284,0.20697370719184166,0.14647006721542993,1.9869337853392877,0.8205515141158166
2022-04-09,2021-22,Aston Villa,Tottenham,A,2,0.23955531927942597,0.23372446128819888,0.5267202194323751,1.119829503763792,1.7734229809450337
2022-04-09,2021-22,Everton,Manchester United,H,0,0.200566935640621,0.23269862110414152,0.5667344432552375,0.9521448845955504,1.7723766737030848
2022-04-09,2021-22,Southampton,Chelsea,A,2,0.2572243402054014,0.24374013759378327,0.49903552220081526,1.1193656300094095,1.656922794812482
2022-04-09,2021-22,Watford,Leeds United,A,2,0.2977063605822104,0.2528018348659022,0.44949180455188736,1.1958413636307377,1.528018128343927
2022-04-10,2021-22,Brentford,West Ham,H,0,0.340441839895608,0.25897827923802635,0.40057988086636565,1.2721613132444152,1.4022088889775863
2022-04-10,2021-22,Leicester City,Crystal Palace,H,0,0.4475058768098565,0.2599411842191112,0.29255293897103224,1.46307000075496,1.1311093104172134
2022-04-10,2021-22,Manchester City,Liverpool,D,1,0.43786702806116795,0.24430104040847478,0.31783193153035727,1.5954346554832097,1.3249351390716495
2022-04-10,2021-22,Norwich City,Burnley,H,0,0.33854195697116596,0.25577933653852486,0.4056787064903092,1.2914259100018277,1.4379429309797118
2022-04-16,2021-22,Southampton,Arsenal,H,0,0.2462874887772065,0.23854163167505768,0.5151708795477358,1.1130078024057248,1.7177026708739709
2022-04-16,2021-22,Manchester United,Norwich City,H,0,0.7114155474360346,0.17800127299831323,0.1105831795656521,2.2389022112205406,0.7529664557288221
2022-04-16,2021-22,Watford,Brentford,A,2,0.28566021033728267,0.2550361161732874,0.45930367348942996,1.1418313624582261,1.5184316159061517
2022-04-16,2021-22,Tottenham,Brighton and Hove Albion,A,2,0.6858365911482949,0.18499261811882237,0.12917079073288273,2.220424616532835,0.8467003980952111
2022-04-17,2021-22,Newcastle United,Leicester City,H,0,0.37297095376833383,0.2733773643971365,0.35365168183452955,1.243816755319571,1.2036489172561529
2022-04-17,2021-22,West Ham,Burnley,D,1,0.5977426780594941,0.2216973469705185,0.18055997496998746,1.8760169661368875,0.9217749331831379
2022-04-19,2021-22,Liverpool,Manchester United,H,0,0.6663521483047485,0.1984305407846755,0.13521731091057598,2.0612063244390306,0.8012689191915863
2022-04-20,2021-22,Chelsea,Arsenal,A,2,0.5875245657264341,0.22370072115253675,0.18877471312102923,1.8626365824639237,0.9512798335343963
2022-04-20,2021-22,Everton,Leicester City,D,1,0.3482822847323492,0.2744547308952595,0.3772629843723913,1.184917847499077,1.244991696387129
2022-04-20,2021-22,Manchester City,Brighton and Hove Albion,H,0,0.8061236657037298,0.13051940717298255,0.06335692712328764,2.6622853042077006,0.620038955971173
2022-04-20,2021-22,Newcastle United,Crystal Palace,H,0,0.4228998784051766,0.2666631218125171,0.3104369997823063,1.377255486313889,1.1399991600088433
2022-04-21,2021-22,Burnley,Southampton,H,0,0.36077966079693774,0.25316918263977334,0.386051156563289,1.367699259582801,1.423356717044625
2022-04-23,2021-22,Leicester City,Aston Villa,D,1,0.4768724601773022,0.2578385832760117,0.26528895654668616,1.5094614197284333,1.0564867738356165
2022-04-23,2021-22,Manchester City,Watford,H,0,0.8894985500011637,0.08068673893891119,0.02981471105992518,3.2448870792739073,0.49394860679086666
2022-04-23,2021-22,Arsenal,Manchester United,H,0,0.48959288472593737,0.25998568139985134,0.25042143387421134,1.4999335777393168,0.9930656288095615
2022-04-23,2021-22,Brentford,Tottenham,D,1,0.31443559061621934,0.25205107810245336,0.4335133312813272,1.252623345685863,1.5145861769844602
2022-04-23,2021-22,Norwich City,Newcastle United,A,2,0.27185886316318847,0.2502123515582424,0.47792878527856925,1.128097086955243,1.579652311774964
2022-04-24,2021-22,Brighton and Hove Albion,Southampton,D,1,0.4608384692233329,0.25598470014930813,0.283176830627359,1.5115289069391709,1.127466813427328
2022-04-24,2021-22,Burnley,Wolverhampton Wanderers,H,0,0.34662225118819484,0.2576816645279735,0.39569608428383174,1.2974310830595694,1.4039988411984765
2022-04-24,2021-22,Chelsea,West Ham,H,0,0.6007001433994481,0.21670756635652294,0.18259229024402898,1.9377858612746797,0.9650516404603805
2022-04-24,2021-22,Liverpool,Everton,H,0,0.8278565778825383,0.11834681507151251,0.053796607045949144,2.7839535552180794,0.5871248730699224
2022-04-25,2021-22,Crystal Palace,Leeds United,D,1,0.4361948968204366,0.25802785401541906,0.3057772491641443,1.4652918086300453,1.1837048752018606
2022-04-28,2021-22,Manchester United,Chelsea,D,1,0.3094942467056434,0.2538908208509403,0.43661493244341637,1.2241657251617857,1.502091128074027
2022-04-30,2021-22,Aston Villa,Norwich City,H,0,0.5726904754429907,0.23217695392936336,0.19513257062764605,1.7743440232137013,0.9298732145599832
2022-04-30,2021-22,Leeds United,Manchester City,A,2,0.12963541991257055,0.1852167876121346,0.6851477924752949,0.8485431239177886,2.2190527706413046
2022-04-30,2021-22,Newcastle United,Liverpool,A,2,0.1826971536483123,0.2268786600437106,0.5904241863079771,0.9011519862662148,1.8205714838405476
2022-04-30,2021-22,Southampton,Crystal Palace,A,2,0.3881885371676912,0.26095608275077453,0.3508553800815344,1.3634300995462045,1.2831031682102974
2022-04-30,2021-22,Watford,Burnley,A,2,0.2982210940079984,0.2460388789206377,0.45574002707136396,1.2481529937408808,1.59990543084581
2022-04-30,2021-22,Wolverhampton Wanderers,Brighton and Hove Albion,A,2,0.4394106664413588,0.26573448619009027,0.294854847368551,1.406492196654559,1.1015298616772988
2022-05-01,2021-22,Everton,Chelsea,H,0,0.1626911566556918,0.20677081290283206,0.6305380304414762,0.9191513608666754,2.0263410842726115
2022-05-01,2021-22,Tottenham,Leicester City,H,0,0.5712363133255363,0.23781512298757596,0.19094856368688784,1.7134261870379295,0.8784782860345843
2022-05-01,2021-22,West Ham,Arsenal,A,2,0.3020250186411183,0.25112861127524627,0.4468463700836354,1.2216307667639033,1.5403958731903022
2022-05-02,2021-22,Manchester United,Brentford,H,0,0.4893225431990371,0.244489261259079,0.2661881955418839,1.6440835589499168,1.147700985127655
2022-05-07,2021-22,Brentford,Southampton,H,0,0.5325315247245503,0.2417728181345718,0.22569565714087783,1.6843553823595723,1.0066517177033332
2022-05-07,2021-22,Brighton and Hove Albion,Manchester United,H,0,0.34891691266301234,0.26420536510563747,0.3868777222313502,1.2549531055345586,1.3358734606565283
2022-05-07,2021-22,Burnley,Aston Villa,A,2,0.4162745707394471,0.26125960950981086,0.322465819750742,1.4097997025038924,1.2086113902065028
2022-05-07,2021-22,Chelsea,Wolverhampton Wanderers,D,1,0.7171860711079104,0.17312078343505058,0.10969314545703891,2.305479686813744,0.7779275882479302
2022-05-07,2021-22,Crystal Palace,Watford,H,0,0.6393781965979232,0.213876242498597,0.1467455609034799,1.9083557454801556,0.7833353984160427
2022-05-07,2021-22,Liverpool,Tottenham,D,1,0.670956885489006,0.19620842543902914,0.13283468907196475,2.0819177690888226,0.7991283453874142
2022-05-08,2021-22,Arsenal,Leeds United,H,0,0.6716079754992816,0.19247290014790885,0.13591912435280956,2.140941280970142,0.8436203002842552
2022-05-08,2021-22,Leicester City,Everton,A,2,0.4750065932763362,0.2617028118258082,0.2632905948978556,1.4752531582729635,1.0269538233273359
2022-05-08,2021-22,Manchester City,Newcastle United,H,0,0.7837621789940394,0.14180522574618373,0.07443259525977672,2.568683199654753,0.6656102762513327
2022-05-08,2021-22,Norwich City,West Ham,A,2,0.2490086237786937,0.249877111356885,0.5011142648644212,1.0478056687179509,1.5968501016316226
2022-05-10,2021-22,Aston Villa,Liverpool,A,2,0.17125447898065435,0.22084975429879478,0.6078957667205508,0.8781494934216144,1.8730862615673092
2022-05-11,2021-22,Leeds United,Chelsea,A,2,0.19611421975081172,0.22480174040680664,0.5790840398423817,0.9809885696511312,1.8572831923407045
2022-05-11,2021-22,Leicester City,Norwich City,H,0,0.5986288130017337,0.22451282737643197,0.1768583596218344,1.8398347284179095,0.8856526365483351
2022-05-11,2021-22,Watford,Everton,D,1,0.2768233800735503,0.25953478684964726,0.46364183307680246,1.0841996565299912,1.4834892021410235
2022-05-11,2021-22,Wolverhampton Wanderers,Manchester City,A,2,0.09053978072914637,0.14778806808255165,0.761672151188302,0.7911289935527518,2.6030870173971055
2022-05-12,2021-22,Tottenham,Arsenal,H,0,0.3694651780637139,0.26803395622372306,0.36250086571256307,1.2733414245222257,1.2586476922995948
2022-05-15,2021-22,Aston Villa,Crystal Palace,D,1,0.4222209083705099,0.26868026470165196,0.30909882692783813,1.3610766310836158,1.1237635954537006
2022-05-15,2021-22,Everton,Brentford,A,2,0.37438811332426036,0.2635778002958468,0.36203408637989287,1.3158482068414408,1.289455688425879
2022-05-15,2021-22,West Ham,Manchester City,D,1,0.10998553617274323,0.15915278586153125,0.7308616779657254,0.8885905901439907,2.53935747739519
2022-05-15,2021-22,Leeds United,Brighton and Hove Albion,D,1,0.2907481486186402,0.2568597758925296,0.4523920754888303,1.14581581008871,1.4949782376918437
2022-05-15,2021-22,Watford,Leicester City,A,2,0.2275896685687642,0.24765801293467807,0.5247523184965578,0.9788007093672463,1.6247878439557557
2022-05-15,2021-22,Tottenham,Burnley,H,0,0.650707433022727,0.20383010737591367,0.1454624596013592,2.022536091416173,0.8332969923232716
2022-05-15,2021-22,Wolverhampton Wanderers,Norwich City,D,1,0.5853900891612,0.2238547341858282,0.1907551766529719,1.8629603073471108,0.9603113862698761
2022-05-16,2021-22,Newcastle United,Arsenal,H,0,0.28880428459245566,0.2493720064136046,0.4618237089939398,1.1918101863886024,1.5735326626477035
2022-05-17,2021-22,Southampton,Liverpool,A,2,0.09293872364250591,0.1589593363420371,0.7481019400154569,0.7299656707182816,2.42567612055324
2022-05-19,2021-22,Aston Villa,Burnley,D,1,0.501928218246304,0.2512773108579995,0.24679447089569653,1.5839554685860886,1.0309184243314915
2022-05-19,2021-22,Chelsea,Leicester City,D,1,0.6299319518773636,0.2096907754897095,0.1603772726329269,1.9849498771273897,0.8862887984669282
2022-05-19,2021-22,Everton,Crystal Palace,H,0,0.3578498842088134,0.27077894549463133,0.37137117029655525,1.2298627286752692,1.2581753537294802
2022-05-22,2021-22,Manchester City,Aston Villa,H,0,0.8704105705153453,0.08829036467167975,0.04129906481297496,3.3282014552048054,0.6568256323116832
2022-05-22,2021-22,Brentford,Leeds United,A,2,0.5660905291583098,0.22558870421273894,0.20832076662895124,1.8581244297277735,1.0356782991462876
2022-05-22,2021-22,Brighton and Hove Albion,West Ham,H,0,0.4395076715500296,0.24897099250578064,0.3115213359441898,1.5515732899207397,1.267551679163462
2022-05-22,2021-22,Arsenal,Everton,H,0,0.5904593254796556,0.22131264922853844,0.18822802529180593,1.8898364210012915,0.9640313767758207
2022-05-22,2021-22,Liverpool,Wolverhampton Wanderers,H,0,0.8238845686181474,0.12091344660945827,0.05520198477239428,2.750310876460636,0.5870195408910802
2022-05-22,2021-22,Crystal Palace,Manchester United,H,0,0.4107759364001442,0.26635757569658414,0.3228664879032716,1.3612497969392683,1.1753504558885666
2022-05-22,2021-22,Leicester City,Southampton,H,0,0.5672663255758272,0.23154252671736142,0.2011911477068113,1.7853258990819245,0.9622046728156729
2022-05-22,2021-22,Burnley,Newcastle United,A,2,0.3736097300291215,0.26714617946733676,0.3592440905035418,1.2881424246834143,1.2577595993241513
2022-05-22,2021-22,Chelsea,Watford,H,0,0.8285512315870706,0.1175987702509236,0.05384999816200584,2.8005791564955693,0.5934372198508836
2022-05-22,2021-22,Norwich City,Tottenham,A,2,0.11654282550517973,0.1782522341974457,0.7052049402973746,0.7976120180499946,2.2634178319449565
2022-08-05,2022-23,Crystal Palace,Arsenal,A,2,0.3576750671740368,0.2652833943918248,0.37704153843413835,1.2674267729108353,1.3085981898827714
2022-08-06,2022-23,Bournemouth,Aston Villa,H,0,0.4836031812076792,0.2512867373021913,0.26511008149012955,1.5735916535655472,1.0972098500829337
2022-08-06,2022-23,Everton,Chelsea,A,2,0.23673033699359972,0.23751471392324525,0.525754949083155,1.080748953893315,1.7302390021816785
2022-08-06,2022-23,Fulham,Liverpool,D,1,0.15343381150908145,0.20830309151576212,0.6382630969751565,0.8541091157514192,1.986975182754499
2022-08-06,2022-23,Leeds United,Wolverhampton Wanderers,H,0,0.44943106720016784,0.24979465503868375,0.30077427776114835,1.5560579842044835,1.2276387792355579
2022-08-06,2022-23,Tottenham,Southampton,H,0,0.7503106067866404,0.1583491007935188,0.09134029241984086,2.424483516384285,0.7193837022833802
2022-08-07,2022-23,West Ham,Manchester City,A,2,0.13687080208699334,0.17979273467414575,0.683336463238861,0.9443698577401104,2.331425992313867
2022-08-07,2022-23,Leicester City,Brentford,D,1,0.5046582239993174,0.23520607432871757,0.26013570167196504,1.7525784843593786,1.1941116195417225
2022-08-07,2022-23,Manchester United,Brighton and Hove Albion,A,2,0.399501778003629,0.2487802259601608,0.3517179960362101,1.4890490503575116,1.3824379808157574
2022-08-13,2022-23,Arsenal,Leicester City,H,0,0.5264301993025594,0.23040350731804687,0.2431662933793937,1.8131498734898217,1.1606873331608436
2022-08-13,2022-23,Aston Villa,Everton,H,0,0.43966326376704157,0.25899776571922006,0.30133897051373837,1.461523094829578,1.1639109821749307
2022-08-13,2022-23,Brentford,Manchester United,H,0,0.4078344189981236,0.25956220711212924,0.33260337388974714,1.4099676195143342,1.2476652859135615
2022-08-13,2022-23,Brighton and Hove Albion,Newcastle United,D,1,0.5224552992193644,0.23617161306077863,0.241373087719857,1.7451448176917688,1.1097018238204484
2022-08-13,2022-23,Manchester City,Bournemouth,H,0,0.8106660197544465,0.12313217094984719,0.06620180929570628,2.8517217023785575,0.7152154925345147
2022-08-13,2022-23,Southampton,Leeds United,D,1,0.3432123339788087,0.26316215381148483,0.3936255122097064,1.2486743283943338,1.356420739696144
2022-08-13,2022-23,Wolverhampton Wanderers,Fulham,D,1,0.40525878867042714,0.2593270608139103,0.3354141505156625,1.4075241143926318,1.2567011961182475
2022-08-14,2022-23,Chelsea,Tottenham,D,1,0.42886243033608273,0.25246224110727084,0.31867532855664643,1.5042370040376545,1.2619704199882174
2022-08-14,2022-23,Nottingham Forest,West Ham,H,0,0.3433141772173491,0.2734684525258911,0.38321737025675984,1.179889706606426,1.2628041553569405
2022-08-15,2022-23,Liverpool,Crystal Palace,D,1,0.701074224965099,0.18197037078030898,0.11695540425459212,2.212225785066912,0.7762571677294219
2022-08-20,2022-23,Bournemouth,Arsenal,A,2,0.2776970923953499,0.25051310833368823,0.4717897992709619,1.1462121469095683,1.571824712051577
2022-08-20,2022-23,Crystal Palace,Aston Villa,H,0,0.47891393180988445,0.2576378781966481,0.2634481899934675,1.5127646842844948,1.0514616570739082
2022-08-20,2022-23,Everton,Nottingham Forest,D,1,0.3714204919407165,0.2510225912265188,0.37755691683276466,1.410526710311784,1.4241332020635233
2022-08-20,2022-23,Fulham,Brentford,H,0,0.3828473087204856,0.2591949602510052,0.35795773102850903,1.3669050868415469,1.3130638447748095
2022-08-20,2022-23,Leicester City,Southampton,A,2,0.5679340196186046,0.22782878622648073,0.20423719415491473,1.8290088518370733,1.0006119301530128
2022-08-20,2022-23,Tottenham,Wolverhampton Wanderers,H,0,0.725158310373949,0.1683477608849797,0.10649392874107139,2.36116674592866,0.7844114139704729
2022-08-21,2022-23,Leeds United,Chelsea,H,0,0.2596076505144572,0.2477780581295365,0.49261429135600626,1.1006462813265614,1.6129481973888355
2022-08-21,2022-23,Newcastle United,Manchester City,D,1,0.15817296134015765,0.19951879613602366,0.6423082425238187,0.9420629958841952,2.1115000479057153
2022-08-21,2022-23,West Ham,Brighton and Hove Albion,A,2,0.34862770630177187,0.25061376217842823,0.4007585315197999,1.3589635508542783,1.4745966260948509
2022-08-22,2022-23,Manchester United,Liverpool,H,0,0.2148317886159669,0.23065355004860494,0.5545146613354281,1.03148386005238,1.8029172475710986
2022-08-27,2022-23,Arsenal,Fulham,H,0,0.6311855452666965,0.20565558689969912,0.1631588678336045,2.041724039759625,0.929589905608636
2022-08-27,2022-23,Brentford,Everton,D,1,0.5229678761285542,0.2391723391799281,0.2378597846915177,1.711868458310428,1.0740508499787926
2022-08-27,2022-23,Southampton,Manchester United,A,2,0.3216272877048073,0.2647614143251541,0.41361129797003865,1.1825969743531413,1.377938873386732
2022-08-27,2022-23,Brighton and Hove Albion,Leeds United,H,0,0.5046180922099585,0.24267437014067134,0.25270753764937026,1.6703191250049234,1.1094210668155196
2022-08-27,2022-23,Liverpool,Bournemouth,H,0,0.7441575833326379,0.1623594502449972,0.09348296642236491,2.3753240674496685,0.7119434915695265
2022-08-27,2022-23,Manchester City,Crystal Palace,H,0,0.7671724336732857,0.14601382158394163,0.08681374474277265,2.604273051037755,0.7662799481589494
2022-08-27,2022-23,Chelsea,Leicester City,H,0,0.6135649431506919,0.21906303248071915,0.1673720243685889,1.887407579149913,0.8680223597757702
2022-08-28,2022-23,Aston Villa,West Ham,A,2,0.42109469322647036,0.2597885292031322,0.3191167775703974,1.4292034659629735,1.2096773305560193
2022-08-28,2022-23,Nottingham Forest,Tottenham,A,2,0.2246912379960214,0.23285499841545043,0.5424537635885283,1.0610601200191971,1.7813868894880875
2022-08-28,2022-23,Wolverhampton Wanderers,Newcastle United,D,1,0.3277586098977782,0.25989003613206607,0.4123513539701557,1.2324874946884343,1.4147252194787667
2022-08-30,2022-23,Crystal Palace,Brentford,D,1,0.4431404461265885,0.2563689620343644,0.30049059183904714,1.4884724550634383,1.179310221059351
2022-08-30,2022-23,Fulham,Brighton and Hove Albion,H,0,0.3314062804771015,0.25575253534698555,0.4128411841759129,1.2726822785332834,1.4502935897738916
2022-08-30,2022-23,Leeds United,Everton,D,1,0.5554418593696664,0.23122669787597042,0.21333144275436314,1.795683391666744,1.0206921367447246
2022-08-30,2022-23,Southampton,Chelsea,H,0,0.22883480590799046,0.2363420255512889,0.5348231685407207,1.055252608713716,1.7429252725545241
2022-08-31,2022-23,Arsenal,Aston Villa,H,0,0.7451101760251754,0.15924451069607962,0.09564531327874498,2.439615681466585,0.7529872457266714
2022-08-31,2022-23,Bournemouth,Wolverhampton Wanderers,D,1,0.39970317560308566,0.2663016326000196,0.33399519179689463,1.3433382694771405,1.204218347579284
2022-08-31,2022-23,Liverpool,Newcastle United,H,0,0.7060810147576898,0.1692879528744406,0.12463103236786953,2.4474387226609458,0.9329044570080176
2022-08-31,2022-23,Manchester City,Nottingham Forest,H,0,0.8376535608059746,0.10976293322026805,0.05258350597375737,2.959926312548475,0.6394084390907105
2022-08-31,2022-23,West Ham,Tottenham,D,1,0.219966618499633,0.2358728613339192,0.5441605201664479,1.0198115888811794,1.7464306318056855
2022-09-01,2022-23,Leicester City,Manchester United,A,2,0.36002203268366834,0.26242092109848925,0.37755704621784236,1.2934864499379062,1.3310694860529726
2022-09-03,2022-23,Aston Villa,Manchester City,D,1,0.09135478494006162,0.15047748182462878,0.7581677332353095,0.7776798953206508,2.5598619721284295
2022-09-03,2022-23,Everton,Liverpool,D,1,0.1313857593193437,0.17827136733530152,0.6903428733453547,0.9137762357784291,2.33151157782251
2022-09-03,2022-23,Brentford,Leeds United,H,0,0.4399102026969417,0.2565228747407443,0.30356692256231405,1.4830849829572752,1.1875545747770102
2022-09-03,2022-23,Chelsea,West Ham,H,0,0.5630867979270721,0.232725928398785,0.2041872736741429,1.7742402603756626,0.9687665670423583
2022-09-03,2022-23,Nottingham Forest,Bournemouth,A,2,0.4521585113566191,0.2609287227294683,0.28691276591391274,1.4600585573600129,1.1074195768173507
2022-09-03,2022-23,Wolverhampton Wanderers,Southampton,H,0,0.44829360023551484,0.2655251694099158,0.28618123035456944,1.4186310529908923,1.0770078404063934
2022-09-03,2022-23,Tottenham,Fulham,H,0,0.6048556383393581,0.21718256018776738,0.1779618014728745,1.925312120541514,0.9368343392517949
2022-09-03,2022-23,Newcastle United,Crystal Palace,D,1,0.47802956430992993,0.24796812069651053,0.2740023149935596,1.601447670827012,1.1511706067307028
2022-09-04,2022-23,Brighton and Hove Albion,Leicester City,H,0,0.5761381482070379,0.2341987863079349,0.1896630654850273,1.749188246294935,0.8925198958225111
2022-09-04,2022-23,Manchester United,Arsenal,H,0,0.30785622316081435,0.2519793510594036,0.44016442577978204,1.2333455920317995,1.5241542881495922
2022-09-16,2022-23,Aston Villa,Southampton,H,0,0.392425450604192,0.2638487436310392,0.3437258057647688,1.3489495205631667,1.2450628115012072
2022-09-16,2022-23,Nottingham Forest,Fulham,A,2,0.37306421420955943,0.2545605838345893,0.3723752019558513,1.3841478724380567,1.382636457902361
2022-09-17,2022-23,Newcastle United,Bournemouth,D,1,0.5574539437131754,0.23473291753167083,0.20781313875515378,1.7544055572544126,0.9728516578565104
2022-09-17,2022-23,Tottenham,Leicester City,H,0,0.6929986930577222,0.18554735212209367,0.12145395482018413,2.181709249347668,0.7866168440916553
2022-09-17,2022-23,Wolverhampton Wanderers,Manchester City,A,2,0.1297319899353184,0.18506980943706777,0.6851982006276138,0.8502810458055591,2.221549712275653
2022-09-18,2022-23,Brentford,Arsenal,A,2,0.26948586252185586,0.2348331986368744,0.4956809388412698,1.2343211167389003,1.7532097321435787
2022-09-18,2022-23,Everton,West Ham,H,0,0.37944263594082756,0.26301042217768605,0.35754694188148634,1.3303987811267617,1.283551054404927
2022-10-01,2022-23,Crystal Palace,Chelsea,A,2,0.31480030952825416,0.2529767137435154,0.4322229767282305,1.2467147695471312,1.5043471142940568
2022-10-01,2022-23,Arsenal,Tottenham,H,0,0.44651611778418704,0.25332577229902403,0.30015810991678893,1.5197256915659545,1.1997580301633477
2022-10-01,2022-23,Bournemouth,Brentford,D,1,0.3547884152591886,0.25535788298574486,0.3898537017550665,1.3355663476092026,1.4122704928420915
2022-10-01,2022-23,Fulham,Newcastle United,A,2,0.3847356056509705,0.2477170921903575,0.367547302158672,1.4692358647167403,1.4307328223470284
2022-10-01,2022-23,Southampton,Everton,A,2,0.4106353316443055,0.27039795258928917,0.3189667157664054,1.3311351143346561,1.1394693159796616
2022-10-01,2022-23,West Ham,Wolverhampton Wanderers,H,0,0.46504454556150604,0.2715157435862704,0.2634397108522237,1.3901053137542214,0.9739491398386785
2022-10-01,2022-23,Liverpool,Brighton and Hove Albion,D,1,0.6257827464232837,0.20348984248685797,0.17072741108985828,2.0874009650048375,0.9913293050582042
2022-10-02,2022-23,Leeds United,Aston Villa,D,1,0.5068330617771718,0.250218763952298,0.2429481742705302,1.5959091469950057,1.0229827618527016
2022-10-02,2022-23,Manchester City,Manchester United,H,0,0.7070450459026467,0.17466820199325725,0.11828675210409598,2.3257941321004783,0.836770412306208
2022-10-03,2022-23,Leicester City,Nottingham Forest,H,0,0.4627931832993187,0.25424121046496817,0.2829656062357132,1.5290526706091754,1.138404369924769
2022-10-08,2022-23,Bournemouth,Leicester City,H,0,0.40234154507931646,0.26071784011966165,0.3369406148010219,1.391210115581999,1.2505246996501467
2022-10-08,2022-23,Brighton and Hove Albion,Tottenham,A,2,0.3760657687975042,0.24989745701054042,0.37403677419195536,1.4307645616720184,1.4262498802614796
2022-10-08,2022-23,Chelsea,Wolverhampton Wanderers,H,0,0.5995530545941862,0.22607735820700997,0.17436958719880383,1.8198696404925139,0.8640078036330091
2022-10-08,2022-23,Manchester City,Southampton,H,0,0.8544821554362524,0.10033192123082862,0.045185923332918994,3.0621522672116486,0.6052319084502723
2022-10-08,2022-23,Newcastle United,Brentford,H,0,0.5501173394332746,0.2275376509930231,0.2223450095737023,1.842946049388743,1.088446455191483
2022-10-09,2022-23,Arsenal,Liverpool,H,0,0.38936171609267284,0.2451644404265222,0.3654738434808049,1.5029512148180302,1.4490106048696056
2022-10-09,2022-23,Crystal Palace,Leeds United,H,0,0.4321538572081505,0.2570452564552861,0.31080088633656344,1.4682873358433746,1.2053214887281594
2022-10-09,2022-23,Everton,Manchester United,A,2,0.3240577722958777,0.25534970352093145,0.4205925241831908,1.2555247516934824,1.4661361568024274
2022-10-09,2022-23,West Ham,Fulham,H,0,0.5078918588869072,0.25703214302766014,0.23507599808543264,1.5343545498933686,0.9545909286576969
2022-10-10,2022-23,Nottingham Forest,Aston Villa,D,1,0.38525176982271475,0.2686598795370989,0.34608835064018634,1.3000405938345496,1.2175917258810842
2022-10-14,2022-23,Brentford,Brighton and Hove Albion,H,0,0.34384063897100237,0.2551156674278424,0.40104369360115527,1.310266580097551,1.435403165545669
2022-10-15,2022-23,Fulham,Bournemouth,D,1,0.3651564410488595,0.2611457257452262,0.3736978332059142,1.314475356935027,1.3328509038248637
2022-10-15,2022-23,Leicester City,Crystal Palace,D,1,0.4194985349848127,0.26438051238590954,0.31612095262927775,1.3899002077258396,1.170280540838645
2022-10-15,2022-23,Tottenham,Everton,H,0,0.6514972688487443,0.203386913360841,0.14511581779041466,2.027112416637234,0.8338679379310536
2022-10-15,2022-23,Wolverhampton Wanderers,Nottingham Forest,H,0,0.4581073715423111,0.2657170528028792,0.27617557565480955,1.427587338590816,1.0452184708907775
2022-10-16,2022-23,Aston Villa,Chelsea,A,2,0.2631189956027199,0.260250310158108,0.47663069423917215,1.0348152686474068,1.4886613525390504
2022-10-16,2022-23,Leeds United,Arsenal,A,2,0.18186565798255114,0.21367745118556328,0.6044568908318856,0.9820223223013624,1.9743109385197886
2022-10-16,2022-23,Liverpool,Manchester City,H,0,0.3108832982808894,0.2372663178018921,0.45185038391721843,1.364110108531509,1.688536040634741
2022-10-16,2022-23,Manchester United,Newcastle United,D,1,0.43005689975505096,0.24486292827119924,0.32508017197374983,1.5786125079660758,1.342193444143998
2022-10-16,2022-23,Southampton,West Ham,D,1,0.28332821625329707,0.258513955535434,0.4581578282112689,1.1115016041290653,1.486791878161488
2022-10-18,2022-23,Brighton and Hove Albion,Nottingham Forest,D,1,0.5911835193420596,0.22275303457953663,0.1860634460784039,1.8705307861289533,0.9435242865150236
2022-10-18,2022-23,Crystal Palace,Wolverhampton Wanderers,H,0,0.46933779281936566,0.2639071502197044,0.26675505696093005,1.4525241675886869,1.0256827832600497
2022-10-19,2022-23,Liverpool,West Ham,H,0,0.601609737506754,0.21734127564245087,0.181048986850795,1.9278914202538935,0.9524603256715056
2022-10-19,2022-23,Brentford,Chelsea,D,1,0.2836036993057012,0.2504516093469139,0.465944691347385,1.166673184679388,1.5671891101541862
2022-10-19,2022-23,Newcastle United,Everton,H,0,0.6516919624355532,0.19921983374221974,0.14908820382222707,2.0910217866302347,0.8858249355409362
2022-10-19,2022-23,Manchester United,Tottenham,H,0,0.3577322818710927,0.2555449224178597,0.38672279571104756,1.3411208046139849,1.404509193333203
2022-10-19,2022-23,Bournemouth,Southampton,A,2,0.5472391439110045,0.24368843817210661,0.20907241791688888,1.662802631229197,0.9255750673827151
2022-10-20,2022-23,Fulham,Aston Villa,H,0,0.3698043176716543,0.25686398229070606,0.37333170003763966,1.3581523656687344,1.365836893147484
2022-10-20,2022-23,Leicester City,Leeds United,H,0,0.44830822516842456,0.2574321812634657,0.2942595935681098,1.4853855910990743,1.1529255902464297
2022-10-22,2022-23,Chelsea,Manchester United,D,1,0.4459018124958868,0.2549810375943994,0.2991171499097139,1.50408246994942,1.184776569726841
2022-10-22,2022-23,Everton,Crystal Palace,H,0,0.35231375884663374,0.27396865660664643,0.3737175845467199,1.1969237926645575,1.2413542466669187
2022-10-22,2022-23,Manchester City,Brighton and Hove Albion,H,0,0.6945173790793825,0.17890630603638283,0.1265763148842347,2.299819233090482,0.8711463344090681
2022-10-22,2022-23,Nottingham Forest,Liverpool,H,0,0.17442830855719352,0.21821703621081517,0.6073546552319914,0.9111349564604576,1.9078458184628497
2022-10-23,2022-23,Aston Villa,Brentford,H,0,0.4191194869929489,0.26614789109109,0.3147326219159611,1.3756686891817482,1.1550140373423285
2022-10-23,2022-23,Leeds United,Fulham,A,2,0.4002540812729216,0.25375932179645233,0.345986596930626,1.4456950737145997,1.3264820054887758
2022-10-23,2022-23,Southampton,Arsenal,D,1,0.17530922654223724,0.21790735954801546,0.6067834139097473,0.9178366584103202,1.9127845391047076
2022-10-23,2022-23,Tottenham,Newcastle United,A,2,0.46861449944310524,0.2458714513085093,0.2855140492483855,1.6144513148696455,1.2065877310976147
2022-10-23,2022-23,Wolverhampton Wanderers,Leicester City,A,2,0.38626994302968715,0.27352512536287,0.34020493160744275,1.2680266228167525,1.172338346276046
2022-10-24,2022-23,West Ham,Bournemouth,H,0,0.5175478599852287,0.24828016808223805,0.23417197193253325,1.617590708474608,1.001024469990205
2022-10-29,2022-23,Bournemouth,Tottenham,A,2,0.2728517967863322,0.25798398349518437,0.4691642197184835,1.0808604171352656,1.5018188053209687
2022-10-29,2022-23,Brentford,Wolverhampton Wanderers,D,1,0.4767548699649201,0.25263299970821274,0.27061213032686715,1.5560028675112476,1.1075631886396329
2022-10-29,2022-23,Brighton and Hove Albion,Chelsea,H,0,0.3348985778134696,0.26085331464588474,0.40424810754064566,1.24431877571188,1.3934143758370112
2022-10-29,2022-23,Crystal Palace,Southampton,H,0,0.510308225334433,0.25534098253711673,0.23435079212845028,1.5500965308306427,0.9611525272116482
2022-10-29,2022-23,Fulham,Everton,D,1,0.48941930985223364,0.2401712840813794,0.270409406066387,1.6897399035930605,1.1954858912494244
2022-10-29,2022-23,Leicester City,Manchester City,A,2,0.1601742121068256,0.2146026541582587,0.6252231337349158,0.8549146630598757,1.9261676559105063
2022-10-29,2022-23,Liverpool,Leeds United,A,2,0.7161079005312725,0.16719877398468444,0.11669332548404306,2.438767594587,0.88147308378225
2022-10-29,2022-23,Newcastle United,Aston Villa,H,0,0.5932528619200058,0.21745002008119377,0.1892971179988004,1.9378075541086592,0.99595042330667
2022-10-30,2022-23,Arsenal,Nottingham Forest,H,0,0.7146413600977838,0.17587960499683014,0.10947903490538613,2.263820761971476,0.7579045529626047
2022-10-30,2022-23,Manchester United,West Ham,H,0,0.4963513340298174,0.24288725179703552,0.260761414173147,1.6645273579209918,1.1388468409950858
2022-11-05,2022-23,Everton,Leicester City,A,2,0.39786057773363637,0.27557256123383583,0.32656686103252774,1.2744169631574447,1.1272565521999973
2022-11-05,2022-23,Leeds United,Bournemouth,H,0,0.45772600391464596,0.25492813264871644,0.28734586343663754,1.5177786215846063,1.1480009322042932
2022-11-05,2022-23,Manchester City,Fulham,H,0,0.7388384210637478,0.1589679408404687,0.10219363809578354,2.48929966313989,0.8162663135922867
2022-11-05,2022-23,Nottingham Forest,Brentford,D,1,0.3700800071413515,0.26035642580285,0.3695635670557985,1.3312394326229484,1.33012581942709
2022-11-05,2022-23,Wolverhampton Wanderers,Brighton and Hove Albion,A,2,0.3026199897466131,0.2591345269269279,0.43824548332645896,1.1668030607498483,1.4585626568844428
2022-11-06,2022-23,Aston Villa,Manchester United,H,0,0.24808415504993328,0.24281020206115708,0.5091056428889097,1.0904326496918602,1.6704115192758013
2022-11-06,2022-23,Chelsea,Arsenal,A,2,0.32165908697025664,0.24986794557983566,0.42847296744990776,1.2908854805543257,1.5276643291524503
2022-11-06,2022-23,Southampton,Newcastle United,A,2,0.2166061200043516,0.23880556445231144,0.544588315543337,0.9865216600357951,1.7141576480225607
2022-11-06,2022-23,Tottenham,Liverpool,A,2,0.4331404559473565,0.25053760642604544,0.316321937626598,1.528088288057855,1.2698595108359063
2022-11-06,2022-23,West Ham,Crystal Palace,A,2,0.5018209722490253,0.24811378222379427,0.2500652455271804,1.6141873956195243,1.0629508790996518
2022-11-12,2022-23,Bournemouth,Everton,H,0,0.4311616154472527,0.25962813713166344,0.3092102474210839,1.4450152981566615,1.1827485192791947
2022-11-12,2022-23,Newcastle United,Chelsea,H,0,0.5138677769038645,0.24774848285555542,0.23838374024058004,1.621893078009214,1.0206273748170298
2022-11-12,2022-23,Manchester City,Brentford,A,2,0.7743118871201184,0.1461105591297813,0.07957755375010026,2.5389672842267688,0.6894881214447205
2022-11-12,2022-23,Liverpool,Southampton,H,0,0.7333905943555655,0.16286210987759236,0.10374729576684212,2.4332027530768006,0.80044010708583
2022-11-12,2022-23,Nottingham Forest,Crystal Palace,H,0,0.3344824239604337,0.2686436873696516,0.3968738886699147,1.1899013784731363,1.321161682397388
2022-11-12,2022-23,Wolverhampton Wanderers,Arsenal,A,2,0.1576607413160295,0.20851029165697216,0.6338289670269983,0.8778342106971094,1.9936923058031342
2022-11-12,2022-23,West Ham,Leicester City,A,2,0.4431723443809392,0.2634644324447342,0.29336322317432656,1.4290389255054563,1.1111373406688658
2022-11-12,2022-23,Tottenham,Leeds United,H,0,0.6230187037487928,0.20715671609449926,0.16982458015670807,2.0363839470637894,0.9590100032799256
2022-11-13,2022-23,Brighton and Hove Albion,Aston Villa,A,2,0.5776487752177114,0.22025563425431752,0.20209559052797105,1.9176766194317352,1.0428089796455027
2022-11-13,2022-23,Fulham,Manchester United,A,2,0.355667221315445,0.259920494276527,0.38441228440802794,1.3022069182799705,1.3642527946511784
2022-12-26,2022-23,Crystal Palace,Fulham,A,2,0.437453123185256,0.254156552200176,0.30839032461456795,1.500817097483767,1.218916565398408
2022-12-26,2022-23,Arsenal,West Ham,H,0,0.7317141570049652,0.16742920160637492,0.1008566413886599,2.3426899274461888,0.7426148086262548
2022-12-26,2022-23,Aston Villa,Liverpool,A,2,0.20457691232696104,0.21531325811156746,0.5801098295614715,1.093379442233145,1.9838301088310357
2022-12-26,2022-23,Everton,Wolverhampton Wanderers,A,2,0.45439834836951004,0.2608585544784304,0.28474309715205953,1.4630594917686612,1.101109454734743
2022-12-26,2022-23,Leicester City,Newcastle United,A,2,0.30017742006947684,0.2605615094506186,0.4392610704799046,1.1500383437118222,1.4479178382854634
2022-12-26,2022-23,Southampton,Brighton and Hove Albion,A,2,0.2946654058912222,0.2554602250335184,0.4498743690752594,1.1676015444531898,1.5044717825584348
2022-12-26,2022-23,Brentford,Tottenham,D,1,0.3028607583136507,0.2485360177148483,0.44860322397150093,1.2438388856527844,1.5671651136836209
2022-12-27,2022-23,Chelsea,Bournemouth,H,0,0.5351523582707538,0.24173469496835828,0.22311294676088797,1.6846052850290796,0.9961175110086748
2022-12-27,2022-23,Manchester United,Nottingham Forest,H,0,0.6621567560218075,0.19847836829054272,0.13936487568764974,2.0728997696224942,0.8278483754652338
2022-12-28,2022-23,Leeds United,Manchester City,A,2,0.17278225254936758,0.20801181579692085,0.6192059316537115,0.9703857335555354,2.0311245531019213
2022-12-30,2022-23,Liverpool,Leicester City,H,0,0.6961428442794144,0.17699210751972835,0.12686504820085734,2.3309771557204404,0.8880606714021103
2022-12-30,2022-23,West Ham,Brentford,A,2,0.36348812940766373,0.2595100611683631,0.37700180942397304,1.323267146357444,1.352477212472572
2022-12-31,2022-23,Bournemouth,Crystal Palace,A,2,0.4027587941208074,0.26522164191625625,0.33201956396293636,1.3567180948069457,1.2065242608544942
2022-12-31,2022-23,Brighton and Hove Albion,Arsenal,A,2,0.22583487442568817,0.23411493506557798,0.5400501905087338,1.0574098221637336,1.7673539527338695
2022-12-31,2022-23,Fulham,Southampton,H,0,0.5684737003478959,0.22144546939390122,0.2100808302582029,1.910096259019464,1.0744715279113528
2022-12-31,2022-23,Manchester City,Everton,D,1,0.8253584371644405,0.11598253859231672,0.05865902424324275,2.908729201703183,0.6742329492150001
2022-12-31,2022-23,Newcastle United,Leeds United,D,1,0.7119672731079443,0.17049489242601218,0.11753783446604353,2.38838123451282,0.8622647324654539
2022-12-31,2022-23,Wolverhampton Wanderers,Manchester United,A,2,0.22352012362570098,0.24113977575642095,0.5353401006178781,1.0015050390381621,1.6908146967956996
2023-01-01,2022-23,Nottingham Forest,Chelsea,D,1,0.2792432722213526,0.25618619472778925,0.46457053305085805,1.1133267634796609,1.513357946823723
2023-01-01,2022-23,Tottenham,Aston Villa,A,2,0.6433811390890524,0.19819401695950653,0.15842484395144116,2.1304891455968207,0.9534288977514057
2023-01-02,2022-23,Brentford,Liverpool,H,0,0.2541457275187734,0.2322268399444121,0.5136274325368145,1.1931860775314236,1.7900817696785016
2023-01-03,2022-23,Arsenal,Newcastle United,D,1,0.5669017911355788,0.22147995914563418,0.21161824971878695,1.9109153669732084,1.081905762868796
2023-01-03,2022-23,Everton,Brighton and Hove Albion,A,2,0.2948225281510943,0.25074690477038286,0.45443056707852286,1.2015133173710029,1.5527012264875215
2023-01-03,2022-23,Leicester City,Fulham,A,2,0.3947429916435644,0.25913254247508216,0.3461244658813535,1.3903555420495282,1.2852236575390041
2023-01-03,2022-23,Manchester United,Bournemouth,H,0,0.7103171610026521,0.17565235941885918,0.11403047957848875,2.289678985164981,0.7955691019781063
2023-01-04,2022-23,Aston Villa,Wolverhampton Wanderers,D,1,0.5047378242092228,0.24935587797621178,0.24590629781456547,1.6033531666828016,1.0394400331547649
2023-01-04,2022-23,Crystal Palace,Tottenham,A,2,0.3199414771222443,0.2612725562058408,0.4187859666719149,1.2016464700086136,1.413561222330597
2023-01-04,2022-23,Leeds United,West Ham,D,1,0.42260910605969937,0.2535112727425468,0.3238796211977538,1.485466945546467,1.2689072433348345
2023-01-04,2022-23,Southampton,Nottingham Forest,A,2,0.4183709435756217,0.2634235841057745,0.3182054723186039,1.395722498230062,1.1823069416838086
2023-01-05,2022-23,Chelsea,Manchester City,A,2,0.2235971410558599,0.23182961724461165,0.5445732416995285,1.0633206411100424,1.7928356012987263
2023-01-12,2022-23,Fulham,Chelsea,H,0,0.4038840100984909,0.2624119691788971,0.33370402072261196,1.3803926685968952,1.2301912621926703
2023-01-13,2022-23,Aston Villa,Leeds United,H,0,0.5139049174330244,0.24348510987143465,0.24260997269554108,1.6647079808849183,1.0643283811622875
2023-01-14,2022-23,Brighton and Hove Albion,Liverpool,H,0,0.24852951311796095,0.2276574288402785,0.5238130580417606,1.2063541865536997,1.8475131048303066
2023-01-14,2022-23,Everton,Southampton,A,2,0.4357365443186156,0.25567999646048034,0.30858345922090413,1.485021128048267,1.20850437033959
2023-01-14,2022-23,Brentford,Bournemouth,H,0,0.6142871219485548,0.20936752495902694,0.17634535309241825,2.020192778782569,0.9814352855499667
2023-01-14,2022-23,Nottingham Forest,Leicester City,H,0,0.4140128429800646,0.2658998070284542,0.3200873499914812,1.3698112919514516,1.171004069826409
2023-01-14,2022-23,Wolverhampton Wanderers,West Ham,H,0,0.3986678683346785,0.2694245719163927,0.3319075597489287,1.3186001732886776,1.1784737830023997
2023-01-14,2022-23,Manchester United,Manchester City,H,0,0.3222081027018446,0.24381455293311002,0.43397734436504537,1.3425021104912234,1.594935052126954
2023-01-15,2022-23,Chelsea,Crystal Palace,H,0,0.5449699269983239,0.2448588070451047,0.21017126595657132,1.651577614461742,0.9236842089507051
2023-01-15,2022-23,Newcastle United,Fulham,H,0,0.5632731633117322,0.2311308525648851,0.2055959841233828,1.7926013660960467,0.9854267415833927
2023-01-15,2022-23,Tottenham,Arsenal,A,2,0.2990212151130549,0.2483577068787667,0.4526210780081784,1.2328826524865817,1.5735553443068402
2023-01-18,2022-23,Crystal Palace,Manchester United,D,1,0.18516827810072162,0.21262504854558423,0.6022066733536942,1.0079728635586716,1.99290644619301
2023-01-19,2022-23,Manchester City,Tottenham,H,0,0.6352198231167149,0.2016054071123851,0.16317476977090006,2.0956193842565907,0.9585160207203436
2023-01-21,2022-23,Southampton,Aston Villa,A,2,0.3272444296273864,0.2613001947966665,0.411455375575947,1.2211443308717402,1.4018260153544786
2023-01-21,2022-23,West Ham,Everton,H,0,0.49488976250044386,0.2553134313718097,0.24979680612774652,1.543571862049147,1.0176664583526114
2023-01-21,2022-23,Bournemouth,Nottingham Forest,D,1,0.35963936370704436,0.26817513079901,0.3721855054939456,1.251469681816947,1.2779290687406064
2023-01-21,2022-23,Crystal Palace,Newcastle United,D,1,0.22608046045924243,0.24330572707956732,0.5306138124611903,0.99876657635137,1.6685407312281861
2023-01-21,2022-23,Leicester City,Brighton and Hove Albion,D,1,0.31995603516482923,0.25812285686364944,0.4219211079715213,1.2237954991420459,1.444361569967835
2023-01-21,2022-23,Liverpool,Chelsea,D,1,0.5449579871375083,0.22523275990192285,0.22980925296056887,1.8744596806900664,1.1409419728059675
2023-01-22,2022-23,Manchester City,Wolverhampton Wanderers,H,0,0.8286283821276714,0.11696136041006337,0.05441025746226517,2.8225351685657083,0.6060155162122361
2023-01-22,2022-23,Arsenal,Manchester United,H,0,0.5007419056382201,0.2388831413743739,0.26037495298740604,1.7095466755932567,1.1667439767142938
2023-01-22,2022-23,Leeds United,Brentford,D,1,0.24979214246307738,0.22739160309850906,0.5228162544384135,1.2141298457370204,1.8509147468448253
2023-01-23,2022-23,Fulham,Tottenham,A,2,0.3949096818218711,0.26127389268373513,0.34381642549439373,1.3735173502816893,1.2637273045890862
2023-02-03,2022-23,Chelsea,Fulham,D,1,0.5540858203532798,0.23667622319487472,0.20923795645184548,1.7343019391299508,0.967275162670332
2023-02-04,2022-23,Aston Villa,Leicester City,A,2,0.5112653364825182,0.24624967181559793,0.24248499170188387,1.635967995565347,1.0459159954733646
2023-02-04,2022-23,Brentford,Southampton,H,0,0.6294603396720199,0.21712165309663622,0.153418007231344,1.8855160442315642,0.8030849858531611
2023-02-04,2022-23,Brighton and Hove Albion,Bournemouth,H,0,0.6361224613985456,0.20475737652491927,0.15912016207653515,2.0441756218117337,0.9112050340790081
2023-02-04,2022-23,Everton,Arsenal,H,0,0.09202944425302416,0.15446579277903905,0.7535047629679368,0.7536568791364094,2.4943443911060386
2023-02-04,2022-23,Manchester United,Crystal Palace,H,0,0.6562915925709336,0.20318781573190045,0.14052059169716594,2.0175194855055945,0.806547218546402
2023-02-04,2022-23,Newcastle United,West Ham,D,1,0.6638790036067189,0.20040134585846478,0.1357196505348163,2.038260083627738,0.7927717934611815
2023-02-04,2022-23,Wolverhampton Wanderers,Liverpool,H,0,0.17392806904774336,0.2104859858694508,0.6155859450828058,0.9595435421065657,2.0013450679669615
2023-02-05,2022-23,Nottingham Forest,Leeds United,H,0,0.5004021123742021,0.2501392877966542,0.24945859982914376,1.594031086721546,1.0478378024502961
2023-02-05,2022-23,Tottenham,Manchester City,H,0,0.24108564693267565,0.23994682581325197,0.5189675272540724,1.081993979498995,1.7030245573878764
2023-02-08,2022-23,Manchester United,Leeds United,D,1,0.6885730939859092,0.18749380161704937,0.12393310439704139,2.1650258627259866,0.7921074933271535
2023-02-11,2022-23,Arsenal,Brentford,D,1,0.6247648757973171,0.20961594543427106,0.16561917876841184,1.996480577335179,0.9173625637943585
2023-02-11,2022-23,Crystal Palace,Brighton and Hove Albion,D,1,0.27978966640772557,0.24601992778925091,0.47419040580302346,1.1855708939254392,1.617767662187854
2023-02-11,2022-23,Leicester City,Tottenham,H,0,0.28378497344661824,0.2513901568637626,0.4648248696896192,1.1606820815249719,1.5572748895104649
2023-02-11,2022-23,Bournemouth,Newcastle United,D,1,0.1809328489295416,0.22104954570393406,0.5980176053665244,0.9277904267126444,1.8839497311555586
2023-02-11,2022-23,West Ham,Chelsea,D,1,0.30501742687794786,0.2619491749707505,0.43303339815130176,1.1550847088610412,1.4284327519750963
2023-02-11,2022-23,Southampton,Wolverhampton Wanderers,A,2,0.35107900985972096,0.2707149061943516,0.3782060839459275,1.2153308381731878,1.2721333700197288
2023-02-11,2022-23,Fulham,Nottingham Forest,H,0,0.44354016532512625,0.2636925731955578,0.2927672614793161,1.4276496511471697,1.1079372434235024
2023-02-12,2022-23,Leeds United,Manchester United,A,2,0.24247468999587696,0.25203997522775956,0.5054853347763635,1.0102642355357998,1.5783100375423744
2023-02-12,2022-23,Manchester City,Aston Villa,H,0,0.7244399513336766,0.17006874031114855,0.10549130835517494,2.328929493092983,0.7639964927948334
2023-02-13,2022-23,Liverpool,Everton,H,0,0.7069475178320251,0.1752831378180655,0.11776934434990932,2.3137424880823065,0.8281104142678054
2023-02-15,2022-23,Arsenal,Manchester City,A,2,0.3533170214467004,0.2504105160503316,0.39627246250296794,1.3725847666024558,1.4679533757501526
2023-02-18,2022-23,Aston Villa,Arsenal,A,2,0.2089564292637678,0.22402990529977237,0.5670136654364599,1.049878359507418,1.877326907881517
2023-02-18,2022-23,Brentford,Crystal Palace,D,1,0.5898022083271373,0.22865090274197702,0.18154688893088577,1.8002786159218716,0.8851396549506626
2023-02-18,2022-23,Brighton and Hove Albion,Fulham,A,2,0.5678119564809638,0.22745989929329483,0.20472814422574134,1.8336069488345368,1.0054416708592755
2023-02-18,2022-23,Chelsea,Southampton,A,2,0.7157932531033643,0.17886733408199795,0.10533941281463774,2.2021284349283223,0.7073785701984274
2023-02-18,2022-23,Everton,Leeds United,H,0,0.3765514760020971,0.26519099957897263,0.3582575244189302,1.3082915596032332,1.2693896122477946
2023-02-18,2022-23,Newcastle United,Liverpool,A,2,0.42397292555874316,0.25624956239870245,0.31977751204255433,1.4634429456192384,1.2368395028569432
2023-02-18,2022-23,Nottingham Forest,Manchester City,D,1,0.13615517027021953,0.190955303659134,0.6728895260706464,0.8554588146330825,2.1624737186534224
2023-02-18,2022-23,Wolverhampton Wanderers,Bournemouth,A,2,0.5013469851174578,0.2494999300365101,0.24915308484603219,1.6005633752999766,1.0507133706982317
2023-02-19,2022-23,Manchester United,Leicester City,H,0,0.5952825712161823,0.21944189537263709,0.18527553341118064,1.9084128997121668,0.9610119307303642
2023-02-19,2022-23,Tottenham,West Ham,H,0,0.5675317292342295,0.23270368985609094,0.19976458090967958,1.7718181120623002,0.9483800086120209
2023-02-24,2022-23,Fulham,Wolverhampton Wanderers,D,1,0.5235035303434764,0.2477117869240755,0.228784682732448,1.624116066259242,0.9832249415846634
2023-02-25,2022-23,Crystal Palace,Liverpool,D,1,0.2323254331265934,0.24000924795249493,0.5276653189209117,1.0455130140282154,1.7030626668167237
2023-02-25,2022-23,Everton,Aston Villa,A,2,0.4149811714594446,0.26182480377556855,0.3231940247649869,1.4032261481289363,1.2066688755793133
2023-02-25,2022-23,Bournemouth,Manchester City,A,2,0.10580642620939497,0.16332017499030438,0.7308733988003006,0.8155322334462565,2.4386130577253815
2023-02-25,2022-23,Leicester City,Arsenal,A,2,0.196839667136378,0.2136044762649555,0.5895558565986665,1.0650694759462578,1.9969559328671367
2023-02-25,2022-23,West Ham,Nottingham Forest,H,0,0.44053329646291683,0.26694602831784486,0.29252067521923836,1.3984842674073246,1.0873717023509988
2023-02-25,2022-23,Leeds United,Southampton,H,0,0.4784444712461264,0.2666726711287955,0.25488285762507823,1.4380009586249598,0.9718290382335475
2023-02-26,2022-23,Tottenham,Chelsea,H,0,0.4663993994568011,0.258114755780388,0.2754858447628109,1.4982094754812596,1.0887039953179112
2023-03-01,2022-23,Arsenal,Everton,H,0,0.7611070247074232,0.15292234204186594,0.08597063325071093,2.4744795189044013,0.7058272038419747
2023-03-01,2022-23,Liverpool,Wolverhampton Wanderers,H,0,0.6852150563333981,0.18641719985776525,0.12836774380883664,2.197027697772709,0.8310508405966448
2023-03-04,2022-23,Arsenal,Bournemouth,H,0,0.7813359770000786,0.13956609633538977,0.07909792666453162,2.655674192503263,0.733943054303921
2023-03-04,2022-23,Aston Villa,Crystal Palace,H,0,0.41991526524391676,0.25832988136428947,0.3217548533917937,1.4395749272649838,1.2273151501990358
2023-03-04,2022-23,Brighton and Hove Albion,West Ham,H,0,0.5780164677059626,0.22221960719001627,0.19976392510402116,1.8913204787195101,1.0168932276231653
2023-03-04,2022-23,Chelsea,Leeds United,H,0,0.5820448720750784,0.23729735622019008,0.18065777170473143,1.7114883682698654,0.8341252137847851
2023-03-04,2022-23,Manchester City,Newcastle United,H,0,0.6650980323526798,0.18999979770946618,0.1449021699378539,2.206151867094277,0.9234329333345721
2023-03-04,2022-23,Southampton,Leicester City,H,0,0.3238953685877573,0.2668251063795365,0.40927952503270615,1.1749850362675385,1.355334046398368
2023-03-04,2022-23,Wolverhampton Wanderers,Tottenham,H,0,0.2514840564304061,0.258027168198058,0.490488775371536,1.0078630367489108,1.517211270485205
2023-03-05,2022-23,Liverpool,Manchester United,H,0,0.47220257887729583,0.23936626919839318,0.288431151924311,1.6860491263942192,1.268123133875097
2023-03-05,2022-23,Nottingham Forest,Everton,D,1,0.4533413440530435,0.25159137348579014,0.2950672824611665,1.5435795045537817,1.1961689105380278
2023-03-06,2022-23,Brentford,Fulham,H,0,0.48516688294057925,0.2641204362049106,0.2507126808545101,1.4630188876129457,0.9714830124752649
2023-03-11,2022-23,Everton,Brentford,H,0,0.2573753927531131,0.24615237217333094,0.496472235073556,1.1033305670572202,1.6311271234240337
2023-03-11,2022-23,Bournemouth,Liverpool,H,0,0.1313794672015482,0.17774207709795356,0.6908784557004983,0.9179748668056188,2.3399443163287046
2023-03-11,2022-23,Crystal Palace,Manchester City,A,2,0.11443423650488671,0.17297840114699456,0.7125873623481187,0.8176908938410173,2.3323470741710874
2023-03-11,2022-23,Leicester City,Chelsea,A,2,0.3175027013622693,0.26232451795035566,0.42017278068737496,1.1877776397290958,1.407178688827156
2023-03-11,2022-23,Tottenham,Nottingham Forest,H,0,0.6606577068106076,0.20705009947821684,0.13229219371117554,1.9511932626961799,0.7349702696942072
2023-03-11,2022-23,Leeds United,Brighton and Hove Albion,D,1,0.2047630729933161,0.22500752383558925,0.5702294031710946,1.0223620509567202,1.8623344219571418
2023-03-12,2022-23,Fulham,Arsenal,A,2,0.19968299305619,0.22344851031470025,0.5768684966291098,1.0079497898293088,1.8765053578061721
2023-03-12,2022-23,Manchester United,Southampton,D,1,0.7499197198902161,0.15609754068157622,0.09398273942820766,2.480763768570029,0.760348307570735
2023-03-12,2022-23,Newcastle United,Wolverhampton Wanderers,H,0,0.5965911216790091,0.22843424912200802,0.17497462919898288,1.7956138088491291,0.8539024366459091
2023-03-12,2022-23,West Ham,Aston Villa,D,1,0.4184409424600072,0.2611245918353804,0.3204344657046124,1.4142348304975743,1.2040162977564977
2023-03-15,2022-23,Brighton and Hove Albion,Crystal Palace,H,0,0.6656772338065667,0.1985353428330568,0.13578742336037647,2.0615946748334735,0.8043282844804774
2023-03-15,2022-23,Southampton,Brentford,A,2,0.260817759755538,0.2522913133252247,0.48689092691923735,1.0755061155058314,1.566383300860098
2023-03-17,2022-23,Nottingham Forest,Newcastle United,A,2,0.23996847225893755,0.24011209450291365,0.5199194332381487,1.0763079220773162,1.701375776716104
2023-03-18,2022-23,Chelsea,Everton,D,1,0.5978601558748856,0.22049568581180465,0.18164415831330968,1.8912977915375047,0.9350377768065817
2023-03-18,2022-23,Southampton,Tottenham,D,1,0.19697469078832408,0.2446323526369723,0.5583929565747036,0.8689979194529661,1.6501965019116513
2023-03-18,2022-23,Aston Villa,Bournemouth,H,0,0.4850789436971156,0.24370559218449264,0.27121546411839165,1.6494965579793863,1.1718892839086148
2023-03-18,2022-23,Brentford,Leicester City,D,1,0.5915735739213206,0.21933139906566057,0.18909502701301878,1.9145404868601819,0.9818585768466488
2023-03-18,2022-23,Wolverhampton Wanderers,Leeds United,A,2,0.45100107850300253,0.2661994319451094,0.28279948955188794,1.4163575332198772,1.0627847111932027
2023-03-19,2022-23,Arsenal,Crystal Palace,H,0,0.786858006817458,0.1411890122764919,0.0719529809060501,2.556171242354901,0.6432126602037896
2023-04-01,2022-23,Arsenal,Leeds United,H,0,0.8051432206782555,0.12992910193897583,0.06492767738276871,2.691950170436151,0.6432093036989784
2023-04-01,2022-23,Bournemouth,Fulham,H,0,0.32863837043533684,0.25409316422739947,0.41726846533726375,1.2777614976803844,1.471949773284051
2023-04-01,2022-23,Brighton and Hove Albion,Brentford,D,1,0.5237742014167207,0.24184217866850094,0.23438361991477832,1.68341493193406,1.0420104300131428
2023-04-01,2022-23,Chelsea,Aston Villa,A,2,0.48647276600370704,0.24658676392008666,0.2669404700762063,1.6210734018830946,1.1356093850952231
2023-04-01,2022-23,Crystal Palace,Leicester City,H,0,0.41416981459328556,0.2666545329779581,0.31917565242875634,1.3643138910776171,1.1636795421638273
2023-04-01,2022-23,Manchester City,Liverpool,H,0,0.5744091670575798,0.21687717181443594,0.20871366112798423,1.9675735059989246,1.1027682903052598
2023-04-01,2022-23,Nottingham Forest,Wolverhampton Wanderers,D,1,0.397941461442862,0.2564627713622367,0.34559576719490115,1.4183042846313534,1.304232937079588
2023-04-02,2022-23,Newcastle United,Manchester United,H,0,0.43039724183797246,0.24839668234654202,0.32120607581548555,1.544448940080903,1.301336428400416
2023-04-02,2022-23,West Ham,Southampton,H,0,0.5056059428948548,0.2468412720030639,0.24755278510208129,1.6282206996608233,1.0616319318598841
2023-04-03,2022-23,Everton,Tottenham,D,1,0.23832837424926206,0.23668360748407036,0.5249880182666676,1.0932713509935195,1.7394979442854475
2023-04-04,2022-23,Bournemouth,Brighton and Hove Albion,A,2,0.22378735223189872,0.21808370832862406,0.5581289394394772,1.1701415471058911,1.9644273779799348
2023-04-04,2022-23,Chelsea,Liverpool,D,1,0.3187978390857071,0.2508097444382351,0.43039241647605786,1.2750755076691298,1.521649932254164
2023-04-04,2022-23,Leeds United,Nottingham Forest,H,0,0.41470326579030814,0.2637594892330903,0.3215372449766016,1.3874473303501937,1.1890489716719101
2023-04-04,2022-23,Leicester City,Aston Villa,A,2,0.3250164279261902,0.25976160518790936,0.4152219668859004,1.2260286593485237,1.4203691109180998
2023-04-05,2022-23,Manchester United,Brentford,H,0,0.49213368304516564,0.2351525262351739,0.2727137907196604,1.747672989075157,1.2443065137100588
2023-04-05,2022-23,West Ham,Newcastle United,A,2,0.2367479571294693,0.2348446035449284,0.5284074393256024,1.099655938836541,1.7604010589114991
2023-04-08,2022-23,Leicester City,Bournemouth,A,2,0.45842511588796636,0.2506061189145555,0.29096876519747816,1.55829957775359,1.1900039274986862
2023-04-08,2022-23,Brentford,Newcastle United,A,2,0.26125590809865323,0.24063436660819756,0.4981097252931491,1.1571155766814796,1.6892989218857146
2023-04-08,2022-23,Fulham,West Ham,A,2,0.42914801782126377,0.24974974423527824,0.321102237943458,1.5297670129553191,1.2901914092434887
2023-04-08,2022-23,Aston Villa,Nottingham Forest,H,0,0.6118003371376501,0.21866816849312162,0.16953149436922818,1.8952264584122265,0.8819948762488029
2023-04-08,2022-23,Wolverhampton Wanderers,Chelsea,H,0,0.2627462645734039,0.2434200981749151,0.493833637251681,1.14252927175512,1.6576792304934362
2023-04-08,2022-23,Southampton,Manchester City,A,2,0.0684079369443777,0.12987689376319914,0.8017151692924231,0.6861636549057675,2.73388539891347
2023-04-08,2022-23,Tottenham,Brighton and Hove Albion,H,0,0.4223747800866408,0.25087043027165057,0.3267547896417085,1.509104326291257,1.2976308528586886
2023-04-08,2022-23,Manchester United,Everton,H,0,0.6462567175603928,0.19598632436438146,0.1577569580752257,2.1598302148318718,0.9657058015044373
2023-04-09,2022-23,Leeds United,Crystal Palace,A,2,0.3887137878008664,0.265757867522332,0.34552834467680155,1.3276896131535658,1.2360461579963482
2023-04-09,2022-23,Liverpool,Arsenal,D,1,0.2978638825316672,0.23554597965781363,0.4665901378105193,1.334628254226355,1.7239732958047342
2023-04-15,2022-23,Southampton,Crystal Palace,A,2,0.28111751303124893,0.2548796453551074,0.4640028416136438,1.128064334768687,1.524460092846005
2023-04-15,2022-23,Tottenham,Bournemouth,A,2,0.6285047160331338,0.2064162902091436,0.16507899375772256,2.036059658712563,0.9358856423302897
2023-04-15,2022-23,Aston Villa,Newcastle United,H,0,0.298888457576785,0.24445391117521206,0.4566576312480029,1.2628851885682626,1.6169538917843926
2023-04-15,2022-23,Chelsea,Brighton and Hove Albion,A,2,0.3980125254432295,0.2545618460483123,0.3474256285084583,1.434608769179226,1.3237354833513475
2023-04-15,2022-23,Everton,Fulham,A,2,0.3901802468917043,0.2569008607079021,0.3529188924003937,1.400006071647391,1.318876145323109
2023-04-15,2022-23,Manchester City,Leicester City,H,0,0.8760043393416769,0.08810431491792978,0.03589134574039323,3.190371016714717,0.5491948265141238
2023-04-15,2022-23,Wolverhampton Wanderers,Brentford,H,0,0.3554010717116111,0.2671192647778894,0.3774796635104994,1.2494094557296778,1.2961043361464473
2023-04-16,2022-23,Nottingham Forest,Manchester United,A,2,0.21165945409087408,0.23368934265638414,0.5546512032527418,0.9968794097722579,1.7674703497023314
2023-04-16,2022-23,West Ham,Arsenal,D,1,0.14748768391219189,0.188141538140121,0.6643707779476871,0.9561157022021679,2.2427178090995485
2023-04-17,2022-23,Leeds United,Liverpool,A,2,0.16649774659692032,0.1950932706231657,0.6384089827799141,1.030860117174021,2.1973920378340783
2023-04-21,2022-23,Arsenal,Southampton,D,1,0.8613830750945684,0.09444175402381286,0.04417517088161875,3.2065205615728316,0.645366867084359
2023-04-22,2022-23,Brentford,Aston Villa,D,1,0.3350642571896296,0.2593666128884171,0.4055691299219533,1.2555049750843659,1.407731518672149
2023-04-22,2022-23,Crystal Palace,Everton,D,1,0.5979483438339832,0.2179804802961907,0.18407117586982605,1.9243796966891016,0.9643985796700879
2023-04-22,2022-23,Fulham,Leeds United,H,0,0.5134552800231911,0.23304321388355523,0.25350150609325367,1.780293314013275,1.184003968670104
2023-04-22,2022-23,Leicester City,Wolverhampton Wanderers,H,0,0.3782365506652176,0.2704238699129566,0.3513395794218259,1.274210341863911,1.2178447166389519
2023-04-22,2022-23,Liverpool,Nottingham Forest,H,0,0.7644805239249423,0.14829459112776697,0.08722488494729075,2.5655319684838878,0.7524826484281196
2023-04-23,2022-23,Bournemouth,West Ham,A,2,0.42543192506279337,0.247747106228159,0.32682096870904753,1.5432816947390446,1.323115361671896
2023-04-23,2022-23,Newcastle United,Tottenham,H,0,0.5187910582586787,0.23677263912063543,0.24443630262068597,1.7379928430376912,1.1181241219213973
2023-04-25,2022-23,Aston Villa,Fulham,H,0,0.5419773411751501,0.24061472589047417,0.21740793293437566,1.695461449512739,0.9788808137403479
2023-04-25,2022-23,Leeds United,Leicester City,D,1,0.3876678595970704,0.2557719166569465,0.3565602237459831,1.4044871057088786,1.336518548436456
2023-04-25,2022-23,Wolverhampton Wanderers,Crystal Palace,H,0,0.355128570461577,0.26655872167752065,0.3783127078609023,1.252702313690363,1.3018113003350584
2023-04-26,2022-23,Chelsea,Brentford,A,2,0.4688876330500118,0.25066499306579815,0.28044737388419005,1.567852664550208,1.154523172637416
2023-04-26,2022-23,Manchester City,Arsenal,H,0,0.5742731542835559,0.2156035996340419,0.21012324608240232,1.98596250876782,1.120406724443956
2023-04-26,2022-23,Nottingham Forest,Brighton and Hove Albion,H,0,0.17465001581108786,0.20974228628938482,0.6156076978995273,0.9689388096038065,2.0122071952265284
2023-04-26,2022-23,West Ham,Liverpool,A,2,0.24268831358834841,0.22856152543588687,0.5287501609757647,1.1731712665042353,1.8358281568937145
2023-04-27,2022-23,Southampton,Bournemouth,A,2,0.3160118740539225,0.25024211014050285,0.43374601580557465,1.2712333514198628,1.5317035082673411
2023-04-27,2022-23,Tottenham,Manchester United,D,1,0.32755633433950065,0.24412835317260084,0.42831531248789845,1.3558777263717012,1.5833998368554862
2023-04-27,2022-23,Everton,Newcastle United,A,2,0.15408531359022762,0.1926192015754108,0.6532954848343616,0.9670338696604496,2.1977543256940333
2023-04-29,2022-23,Brentford,Nottingham Forest,H,0,0.6197332634762619,0.2130365594670738,0.16723017705666418,1.9575238167533786,0.9042907340751685
2023-04-29,2022-23,Brighton and Hove Albion,Wolverhampton Wanderers,H,0,0.6426926616216233,0.20411705900836122,0.1531902793700156,2.038250687030208,0.8791220297302871
2023-04-29,2022-23,Crystal Palace,West Ham,H,0,0.471757581052751,0.25640552921283044,0.27183688973441855,1.5178470528311685,1.0873870570021553
2023-04-30,2022-23,Bournemouth,Leeds United,H,0,0.4910161626922241,0.24169866288515318,0.2672851744226227,1.6742421555836762,1.1721733697884724
2023-04-30,2022-23,Fulham,Manchester City,A,2,0.10855424303904782,0.17007484150626734,0.7213709154546849,0.7896270077228972,2.345827574867064
2023-04-30,2022-23,Liverpool,Tottenham,H,0,0.6178644415840014,0.20320162213945067,0.17893393627654788,2.1091335932149744,1.0438351492961973
2023-04-30,2022-23,Manchester United,Aston Villa,H,0,0.5300837979340493,0.23435172979615954,0.23556447226979127,1.7660040728759474,1.0981150103050024
2023-04-30,2022-23,Newcastle United,Southampton,H,0,0.8181071776256,0.12176090124242861,0.060131921131971265,2.7996731364792042,0.645591756914199
2023-05-01,2022-23,Leicester City,Everton,D,1,0.5194241060836063,0.24007282540254363,0.24050306851384998,1.7017312742920325,1.0787568716225218
2023-05-02,2022-23,Arsenal,Chelsea,H,0,0.6517941812726381,0.1935707835436683,0.1546350351836936,2.1855201281889802,0.9633754412338853
2023-05-03,2022-23,Liverpool,Fulham,H,0,0.7632151334759871,0.1479020064916756,0.08888286003233727,2.5868200336333844,0.7728319211314699
2023-05-03,2022-23,Manchester City,West Ham,H,0,0.8413850655653031,0.10609565861153333,0.05251927582316355,3.052399892771527,0.6727743410819108
2023-05-04,2022-23,Brighton and Hove Albion,Manchester United,H,0,0.36367163098681754,0.24119211393237955,0.395136255080803,1.4821395030668587,1.55409919108945
2023-05-06,2022-23,Wolverhampton Wanderers,Aston Villa,H,0,0.27842509207309996,0.2629893707569016,0.4585855371699985,1.068264316581785,1.449870837624021
2023-05-06,2022-23,Manchester City,Leeds United,H,0,0.9100280885909215,0.06455936495357023,0.025412546455508125,3.676980494341739,0.5627852387737009
2023-05-06,2022-23,Bournemouth,Chelsea,A,2,0.4320509183930321,0.2602342095848106,0.30771487202215736,1.4411874970148923,1.1743101490453765
2023-05-06,2022-23,Liverpool,Brentford,H,0,0.6578400744544521,0.19495866770729006,0.14720125783825783,2.143164516714295,0.9029718487327335
2023-05-06,2022-23,Tottenham,Crystal Palace,H,0,0.4954483971623157,0.24014896239142605,0.2644026404462583,1.693273094399361,1.172826585582907
2023-05-07,2022-23,Newcastle United,Arsenal,A,2,0.4431796330138105,0.23539051091547558,0.3214298560707139,1.6988397707194294,1.4163521498988592
2023-05-07,2022-23,West Ham,Manchester United,H,0,0.19520052520973885,0.20426749173198175,0.6005319830582795,1.1329834661637739,2.1251511306345776
2023-05-08,2022-23,Brighton and Hove Albion,Everton,A,2,0.7346166691315231,0.1574661961589381,0.10791713470953886,2.556277787708291,0.8835708424100365
2023-05-08,2022-23,Fulham,Leicester City,H,0,0.4492793776345478,0.24574740341956217,0.30497321894589,1.5954448887002446,1.272457845067159
2023-05-08,2022-23,Nottingham Forest,Southampton,H,0,0.505096590015887,0.24235470270457823,0.2525487072795348,1.6738488135939362,1.1110298819894593
2023-05-13,2022-23,Aston Villa,Tottenham,H,0,0.4188917066082386,0.2589419709425136,0.3221663224492478,1.4328806997119181,1.224078557532413
2023-05-13,2022-23,Chelsea,Nottingham Forest,D,1,0.5511100366832979,0.22967150019363342,0.21921846312306867,1.816253034338553,1.0585408826573732
2023-05-13,2022-23,Crystal Palace,Bournemouth,H,0,0.4506138567735152,0.26302566239817166,0.28636048082831317,1.441156985803465,1.0926744897593088
2023-05-13,2022-23,Leeds United,Newcastle United,D,1,0.12367629097272645,0.16889750649207977,0.7074262025351937,0.9280272199809727,2.4489827284642067
2023-05-13,2022-23,Manchester United,Wolverhampton Wanderers,H,0,0.6647487743494845,0.19476482240121482,0.14048640324930053,2.124945072962917,0.8592930292976521
2023-05-13,2022-23,Southampton,Fulham,A,2,0.29821774907276144,0.2553610465959153,0.4464212043313233,1.1793388216642622,1.5013236808621027
2023-05-14,2022-23,Arsenal,Brighton and Hove Albion,A,2,0.5846163594658689,0.20606066055903874,0.2093229799750924,2.120911268467496,1.1992433121723718
2023-05-14,2022-23,Brentford,West Ham,H,0,0.48882630974443314,0.24796751548482118,0.26320617477074565,1.6088770666299692,1.1125257286996642
2023-05-14,2022-23,Everton,Manchester City,A,2,0.07170174393828642,0.12196453866530436,0.8063337173964092,0.8024568925819753,2.9553251554803364
2023-05-15,2022-23,Leicester City,Liverpool,A,2,0.16132186939381643,0.18767992010731116,0.6509982104988725,1.0591929733190644,2.297344753288401
2023-05-18,2022-23,Newcastle United,Brighton and Hove Albion,H,0,0.5485531921703389,0.21020616591174354,0.24124064191791758,2.0905766776318337,1.3330813668890444
2023-05-20,2022-23,Bournemouth,Manchester United,A,2,0.23450425920869003,0.2391749911700191,0.5263207496212908,1.060120303477601,1.712029295501452
2023-05-20,2022-23,Fulham,Crystal Palace,D,1,0.42500595413173503,0.27103433371110114,0.3039597121571637,1.3476851420001805,1.0955114737395684
2023-05-20,2022-23,Liverpool,Aston Villa,D,1,0.6349874266593708,0.2110456772218385,0.15396689611879066,1.955449710538568,0.8406730630721321
2023-05-20,2022-23,Nottingham Forest,Arsenal,H,0,0.16207434390948472,0.1979379623017296,0.6399876937887857,0.9790385460236609,2.1438652669528073
2023-05-20,2022-23,Tottenham,Brentford,A,2,0.42445482336296275,0.24812290067294757,0.32742227596408974,1.5381696977490538,1.321759083435953
2023-05-20,2022-23,Wolverhampton Wanderers,Everton,D,1,0.4172782582358711,0.24836114391516906,0.3343605978489599,1.5244603275887738,1.3395078075748041
2023-05-21,2022-23,Brighton and Hove Albion,Southampton,H,0,0.758320236859604,0.14569091961465433,0.09598884352574161,2.6920316412618526,0.8682128108183249
2023-05-21,2022-23,Manchester City,Chelsea,H,0,0.8363742707404729,0.1120610981568092,0.0515646311027179,2.8882954892344554,0.6045366144563475
2023-05-21,2022-23,West Ham,Leeds United,H,0,0.48034361641242873,0.23891730763690938,0.2807390759506619,1.6974766180476195,1.2438632641450034
2023-05-22,2022-23,Newcastle United,Leicester City,D,1,0.775766288378666,0.13386074665689274,0.09037296496444122,2.899144092153012,0.9235157399250561
2023-05-24,2022-23,Brighton and Hove Albion,Manchester City,D,1,0.17251438994820611,0.19894776057501704,0.6285378494767768,1.038265563249878,2.155881465196341
2023-05-25,2022-23,Manchester United,Chelsea,H,0,0.6300311697260871,0.2104822304451873,0.15948659982872554,1.9735086837474436,0.8761051076492318
2023-05-28,2022-23,Crystal Palace,Nottingham Forest,D,1,0.4785345025661094,0.2484086002075481,0.2730568972263425,1.5975200269500824,1.144746344536172
2023-05-28,2022-23,Brentford,Manchester City,H,0,0.1832983979584732,0.21838240535763467,0.5983191966838921,0.9575830009136115,1.9184901990587238
2023-05-28,2022-23,Arsenal,Wolverhampton Wanderers,H,0,0.707492223809645,0.17955395367877028,0.11295382251158465,2.228120924305075,0.7613695271523149
2023-05-28,2022-23,Chelsea,Newcastle United,D,1,0.17852156790944554,0.19596462290950703,0.6255138091810474,1.1027021248342581,2.2157029333181044
2023-05-28,2022-23,Aston Villa,Brighton and Hove Albion,H,0,0.42601080641690575,0.2521367683387589,0.3218524252443352,1.5030115683298282,1.2736749251785668
2023-05-28,2022-23,Everton,Bournemouth,H,0,0.43739372762176953,0.24337172695438453,0.3192345454238459,1.6042797304079524,1.337171919961984
2023-05-28,2022-23,Manchester United,Fulham,H,0,0.6795118922704367,0.1839074425183482,0.13658066521121506,2.2659947985655737,0.9094718627743169
2023-05-28,2022-23,Leeds United,Tottenham,A,2,0.22419660198079477,0.22638139817902403,0.5494219998401813,1.1057476027789879,1.8578326274875148
2023-05-28,2022-23,Southampton,Liverpool,D,1,0.08892307224615764,0.15264019641641172,0.7584367313374306,0.736767074439265,2.5021404359101487
2023-05-28,2022-23,Leicester City,West Ham,H,0,0.3939383535722935,0.24259863062689016,0.3634630158008164,1.5374885802835536,1.468109596194668
2023-08-11,2023-24,Burnley,Manchester City,A,2,0.1979562408351687,0.22780504340740076,0.5742387157574306,0.9704490933947516,1.824501175088669
2023-08-12,2023-24,Arsenal,Nottingham Forest,H,0,0.6618276479549488,0.197422700822925,0.1407496512221263,2.0906092083452235,0.8435736145910063
2023-08-12,2023-24,Bournemouth,West Ham,D,1,0.4267028603971788,0.25899298739537957,0.31430415220744173,1.444068775821121,1.2017251548088725
2023-08-12,2023-24,Everton,Fulham,A,2,0.42612530505639934,0.2411147293915205,0.3327599655520802,1.6110798881735964,1.398078569669074
2023-08-12,2023-24,Newcastle United,Aston Villa,H,0,0.527903192679851,0.23449613475108788,0.2376006725690611,1.7644317041393787,1.105816720250355
2023-08-12,2023-24,Sheffield United,Crystal Palace,A,2,0.38395787115141383,0.2685880308391506,0.3474540980094355,1.2981164475973817,1.2212468189804402
2023-08-13,2023-24,Brentford,Tottenham,D,1,0.46302919797653197,0.2519097844913996,0.2850610175320684,1.5506916192470666,1.1612939254073391
2023-08-13,2023-24,Chelsea,Liverpool,D,1,0.22602921635334355,0.22440283819983822,0.5495679454468182,1.129635972235802,1.8832823578460298
2023-08-14,2023-24,Manchester United,Wolverhampton Wanderers,H,0,0.7609257623694339,0.14737099490852143,0.09170324272204465,2.6210307940029645,0.8069229603089417
2023-08-18,2023-24,Nottingham Forest,Sheffield United,H,0,0.45643226390493175,0.26386384831440207,0.2797038877806661,1.4406129282926587,1.067046240092222
2023-08-19,2023-24,Fulham,Brentford,A,2,0.36143056419765895,0.24628985346135318,0.3922795823409879,1.42882529591316,1.4982262017082493
2023-08-19,2023-24,Liverpool,Bournemouth,H,0,0.7139644405273795,0.17666508103869596,0.10937047843392451,2.2520214268446317,0.7520031143033657
2023-08-19,2023-24,Manchester City,Newcastle United,H,0,0.5012162800626607,0.23068271249854802,0.26810100743879123,1.8053913866290923,1.263700918087044
2023-08-19,2023-24,Tottenham,Manchester United,H,0,0.2978125521091417,0.23705369143602575,0.4651337564548326,1.3211086645690648,1.7053337769953822
2023-08-19,2023-24,Wolverhampton Wanderers,Brighton and Hove Albion,A,2,0.2586345870463518,0.22731970547772634,0.5140457074759218,1.2532043908296437,1.8511842964909646
2023-08-20,2023-24,Aston Villa,Everton,H,0,0.5414209449590788,0.22382763651211868,0.23475141852880252,1.8942182317079128,1.1754378762108395
2023-08-20,2023-24,West Ham,Chelsea,H,0,0.4068124362825931,0.2472816464081214,0.34590591730928555,1.5166672950487492,1.3802040691035093
2023-08-21,2023-24,Crystal Palace,Arsenal,A,2,0.314338767826637,0.26935116785927204,0.41631006431409096,1.1337614591232015,1.3474470949013184
2023-08-25,2023-24,Chelsea,Luton Town,H,0,0.5231413149514454,0.2126028603751579,0.26425582467339664,2.0620139298155546,1.4225546342364388
2023-08-26,2023-24,Arsenal,Fulham,D,1,0.6520355700115329,0.1988706742483809,0.14909375574008626,2.0956657426775824,0.8882293511040168
2023-08-26,2023-24,Bournemouth,Tottenham,A,2,0.26184266478546664,0.24447888982912086,0.49367844538541256,1.1316161331218397,1.6466600490437757
2023-08-26,2023-24,Brentford,Crystal Palace,D,1,0.5822783037947544,0.22101429787626167,0.19670739832898396,1.902834351374937,1.0097567911167045
2023-08-26,2023-24,Brighton and Hove Albion,West Ham,A,2,0.6167733394570771,0.19831965160236478,0.18490700894055812,2.1943920783040465,1.1227190641006524
2023-08-26,2023-24,Everton,Wolverhampton Wanderers,A,2,0.48232437997488575,0.24100589708465656,0.2766697229404578,1.676129778575862,1.2123264688135436
2023-08-26,2023-24,Manchester United,Nottingham Forest,H,0,0.6521409549574436,0.19402984223978476,0.15382920280277165,2.1764265518359323,0.9543935681942545
2023-08-27,2023-24,Sheffield United,Manchester City,A,2,0.15429674811292715,0.2152818260608849,0.630421425826188,0.8181103482291439,1.9075153989721185
2023-08-27,2023-24,Burnley,Aston Villa,A,2,0.29535571468778204,0.24280090836371523,0.4618433769485027,1.2642684779905526,1.6395072228939576
2023-08-27,2023-24,Newcastle United,Liverpool,A,2,0.42304160760661125,0.24067426901370956,0.33628412337967917,1.6107808309682576,1.4124853241000188
2023-09-01,2023-24,Luton Town,West Ham,A,2,0.2562318467781875,0.2163191606298621,0.5274489925919504,1.3452884661855002,2.0039725369351333
2023-09-02,2023-24,Brentford,Bournemouth,D,1,0.6564122319392577,0.20012040880290916,0.14346735925783316,2.063696527401259,0.8438854735794706
2023-09-02,2023-24,Brighton and Hove Albion,Newcastle United,H,0,0.38167657456213855,0.23386466915558082,0.38445875628228066,1.6018942918414716,1.608418399933551
2023-09-02,2023-24,Burnley,Tottenham,A,2,0.2495881590520109,0.2362649902151472,0.5141468507328419,1.1430996089750278,1.742980485259752
2023-09-02,2023-24,Chelsea,Nottingham Forest,A,2,0.5152101930736482,0.23759295398978852,0.2471968529365631,1.7282289434299323,1.1235406163806807
2023-09-02,2023-24,Manchester City,Fulham,H,0,0.7925384041856047,0.13202967717677216,0.07543191863762307,2.770505488312199,0.7545908415487269
2023-09-02,2023-24,Sheffield United,Everton,D,1,0.39720703087793396,0.25698666645658336,0.34580630266548273,1.4125637589124718,1.300722009407669
2023-09-03,2023-24,Arsenal,Manchester United,H,0,0.46372343212227507,0.23153253411039482,0.30474403376733017,1.768761623026414,1.3964109289937123
2023-09-03,2023-24,Crystal Palace,Wolverhampton Wanderers,H,0,0.5219019738994047,0.23670129286613878,0.24139673323445654,1.7391220264987242,1.105999184955674
2023-09-03,2023-24,Liverpool,Aston Villa,H,0,0.5319771927139273,0.22171117711764116,0.2463116301684315,1.925509880910683,1.247578577257134
2023-09-16,2023-24,Aston Villa,Crystal Palace,H,0,0.4987765306806266,0.23556936400617298,0.26565410531320044,1.7460932070892645,1.2132428204756225
2023-09-16,2023-24,Manchester United,Brighton and Hove Albion,A,2,0.5005750880788403,0.22126997458858946,0.27815493733257013,1.9293299401753237,1.3939085315907955
2023-09-16,2023-24,Tottenham,Sheffield United,H,0,0.6859003117245728,0.18408715034596132,0.13001253792946596,2.2369256332120093,0.8593111803606214
2023-09-16,2023-24,Fulham,Luton Town,H,0,0.47519857430050144,0.22998796460433799,0.29481346109516054,1.798381092429578,1.3747673012377182
2023-09-16,2023-24,Wolverhampton Wanderers,Liverpool,A,2,0.15238522759376827,0.18202565268539514,0.6655891197208367,1.0444202513498348,2.3585122614421805
2023-09-16,2023-24,West Ham,Manchester City,A,2,0.17753352000761088,0.20789377139636048,0.6145727085960287,0.9991561898420634,2.0418283558304697
2023-09-16,2023-24,Newcastle United,Brentford,H,0,0.4358755101858456,0.2453966062626944,0.31872788355146003,1.5816377958558765,1.3185019061330154
2023-09-17,2023-24,Bournemouth,Chelsea,D,1,0.2915052837518263,0.23780596839897536,0.4706887478491983,1.2922061892172843,1.7020379982003504
2023-09-17,2023-24,Everton,Arsenal,A,2,0.1689688774605674,0.20127934912969112,0.6297517734097414,0.9972904099909081,2.1140137995852992
2023-09-18,2023-24,Nottingham Forest,Burnley,D,1,0.4675306774793125,0.25508347745105414,0.2773858450696333,1.525906645253587,1.114392014793469
2023-09-23,2023-24,Brentford,Everton,A,2,0.6276756730771333,0.20299694368485427,0.1693273832380123,2.091028471261516,0.9864345734809475
2023-09-23,2023-24,Burnley,Manchester United,A,2,0.25236687313065487,0.23678062523855267,0.5108525016307924,1.150594993163531,1.7363968452515013
2023-09-23,2023-24,Crystal Palace,Fulham,D,1,0.48908195431234963,0.24318695395008091,0.2677310917375694,1.6574202011975483,1.1628478905338133
2023-09-23,2023-24,Luton Town,Wolverhampton Wanderers,D,1,0.4188675055895299,0.23754525411322172,0.3435872402972484,1.637399031225675,1.4634240489712549
2023-09-23,2023-24,Manchester City,Nottingham Forest,H,0,0.8333154695542476,0.1124245513097346,0.05425997913601779,2.9235974819790567,0.6412516616025895
2023-09-24,2023-24,Chelsea,Aston Villa,A,2,0.3784945584516614,0.24310754197592355,0.37839789957241504,1.4990950216676477,1.498875264161543
2023-09-24,2023-24,Liverpool,West Ham,H,0,0.6906195198689087,0.17717285602589064,0.13220762410520073,2.352937768777989,0.9291894499435367
2023-09-24,2023-24,Arsenal,Tottenham,D,1,0.5306128741727423,0.23279412414387002,0.2365930016833878,1.7841617944101753,1.113895412046297
2023-09-24,2023-24,Brighton and Hove Albion,Bournemouth,H,0,0.6880790717825341,0.17483469288730732,0.13708623533015854,2.4149695649095824,0.9887308315443827
2023-09-24,2023-24,Sheffield United,Newcastle United,A,2,0.20790167438519389,0.22576685719647624,0.5663314684183299,1.0323932916534615,1.8557050778954387
2023-09-30,2023-24,Bournemouth,Arsenal,A,2,0.14142314643650933,0.18271225481189024,0.6758645987516004,0.955282887787425,2.303869342198729
2023-09-30,2023-24,Aston Villa,Brighton and Hove Albion,H,0,0.4572192770902633,0.24006823111271733,0.3027124917970195,1.6637533003285911,1.3119470953400134
2023-09-30,2023-24,Everton,Luton Town,A,2,0.44669904354957,0.24234652462694575,0.31095443182348426,1.6271590561287734,1.3197631031270467
2023-09-30,2023-24,Manchester United,Crystal Palace,A,2,0.563241845563067,0.2294293216945369,0.2073288327423961,1.8127813749335406,1.0046849912186868
2023-09-30,2023-24,Newcastle United,Burnley,H,0,0.6839498749353766,0.19044420091272565,0.12560592415189772,2.131953835358192,0.7854424766703146
2023-09-30,2023-24,Wolverhampton Wanderers,Manchester City,H,0,0.08141429919087918,0.13311862461365037,0.7854670761954704,0.8186069894260335,2.8149538398106633
2023-09-30,2023-24,West Ham,Sheffield United,H,0,0.5720214692654342,0.21393883812582074,0.21403969260874503,2.012711502724249,1.1549903133762909
2023-09-30,2023-24,Tottenham,Liverpool,H,0,0.3168041685374993,0.23031454110303032,0.45288129035947045,1.4507741999558528,1.7716444728710534
2023-10-01,2023-24,Nottingham Forest,Brentford,D,1,0.32459555766898573,0.25389113444471384,0.4215133078863005,1.2680320142358643,1.4803995589825414
2023-10-02,2023-24,Fulham,Chelsea,A,2,0.3905435742612127,0.251352044503693,0.3581043812350942,1.4482976838245185,1.3764664871265724
2023-10-03,2023-24,Luton Town,Burnley,A,2,0.47808667043280256,0.24429497356162722,0.2776183560055702,1.6384183033891115,1.1906885863331593
2023-10-07,2023-24,Burnley,Chelsea,A,2,0.3252151522631352,0.25410004779502915,0.42068479994183566,1.26818291813207,1.4772652452051367
2023-10-07,2023-24,Crystal Palace,Nottingham Forest,D,1,0.5207571252932184,0.24884789569969937,0.23039497900708222,1.6127351920724444,0.9829059889326431
2023-10-07,2023-24,Everton,Bournemouth,H,0,0.5403947600403574,0.22633543128414524,0.23326980867549746,1.8618040165414245,1.148309443851937
2023-10-07,2023-24,Fulham,Sheffield United,H,0,0.5786350359063656,0.2208732684204945,0.20049169567313987,1.9084401164996663,1.030134391254952
2023-10-07,2023-24,Luton Town,Tottenham,A,2,0.23032814419095127,0.2236398316484814,0.5460320241605673,1.1561166340998947,1.8949298926175655
2023-10-07,2023-24,Manchester United,Brentford,H,0,0.4966219688235115,0.24415274282063693,0.25922528835585157,1.6515225537702969,1.12406855833511
2023-10-08,2023-24,Arsenal,Manchester City,H,0,0.3754439860949638,0.2430653194604551,0.38149069444458117,1.4925005967364147,1.5062497182732701
2023-10-08,2023-24,Brighton and Hove Albion,Liverpool,D,1,0.30162350358403767,0.23891122074516682,0.4594652756707955,1.3181840514819905,1.678817228456633
2023-10-08,2023-24,West Ham,Newcastle United,D,1,0.25339934356133653,0.21865232684910652,0.527948329589557,1.3090014681859812,1.9695067581115255
2023-10-08,2023-24,Wolverhampton Wanderers,Aston Villa,D,1,0.24708060515106822,0.2391172127430964,0.5138021821058354,1.1121262993950949,1.7111021067132142
2023-10-21,2023-24,Bournemouth,Wolverhampton Wanderers,A,2,0.35734552959590576,0.24856820482266148,0.39408626558143267,1.398473695181762,1.4805267507135622
2023-10-21,2023-24,Brentford,Burnley,H,0,0.5591789002848561,0.23283021514627952,0.20799088456886436,1.7751602003350846,0.9856382638371111
2023-10-21,2023-24,Chelsea,Arsenal,D,1,0.2515595859645289,0.24287795766776982,0.5055624563677013,1.1035487488730555,1.6685330201666149
2023-10-21,2023-24,Liverpool,Everton,H,0,0.7293741303395096,0.15488046357237917,0.11574540608811122,2.663380178878103,0.9858621373323996
2023-10-21,2023-24,Manchester City,Brighton and Hove Albion,H,0,0.6319130699374891,0.20466810317389633,0.16341882688861456,2.0551999540226835,0.9380443748642985
2023-10-21,2023-24,Newcastle United,Crystal Palace,H,0,0.6354458609330385,0.2052903073518068,0.1592638317151548,2.0376505223858232,0.9084800071680112
2023-10-21,2023-24,Nottingham Forest,Luton Town,D,1,0.46359621297835135,0.2537603968367557,0.28264339018489293,1.534192636046406,1.140591401633293
2023-10-21,2023-24,Sheffield United,Manchester United,A,2,0.1949007565112965,0.22067944694983688,0.5844197965388667,1.0027967138424356,1.9049583577457658
2023-10-22,2023-24,Aston Villa,West Ham,H,0,0.5622886664804941,0.21989063522438254,0.2178206982951233,1.9360868145696868,1.1253152113957554
2023-10-23,2023-24,Tottenham,Fulham,H,0,0.6189178156583993,0.20825998018850767,0.17282220415309296,2.0279617518968616,0.9688431918878275
2023-10-27,2023-24,Crystal Palace,Tottenham,A,2,0.23117635285945046,0.2331711441298047,0.5356525030107449,1.0875033359879125,1.7791250000318484
2023-10-28,2023-24,Arsenal,Sheffield United,H,0,0.8197382303127885,0.12038914396839105,0.05987262571882049,2.825972186123711,0.653298829254666
2023-10-28,2023-24,Bournemouth,Burnley,H,0,0.3836483977929559,0.2537476184169914,0.36260398379005265,1.4134790046815233,1.3672093935683864
2023-10-28,2023-24,Chelsea,Brentford,A,2,0.42945005717046636,0.25624688553407793,0.3143030572954559,1.471423856115384,1.2211978285127758
2023-10-28,2023-24,Wolverhampton Wanderers,Newcastle United,D,1,0.18792523789023685,0.20443631386392097,0.6076384482458422,1.0880969998103518,2.1093907635552047
2023-10-29,2023-24,Aston Villa,Luton Town,H,0,0.6773242310098445,0.18448729025593413,0.13818847873422135,2.2635521934591973,0.9169625382186721
2023-10-29,2023-24,West Ham,Everton,A,2,0.4503870514333369,0.23519947200205174,0.31441347656461127,1.710293820975088,1.3950189249751908
2023-10-29,2023-24,Brighton and Hove Albion,Fulham,D,1,0.5376141427830778,0.23658057848653777,0.22580527873038442,1.7398795317231517,1.0405858407586897
2023-10-29,2023-24,Manchester United,Manchester City,A,2,0.2694911086743655,0.2573368292108666,0.4731720621147681,1.0737027370592447,1.5108584048583587
2023-10-29,2023-24,Liverpool,Nottingham Forest,H,0,0.7295673602606754,0.1627038242907653,0.10772881544855942,2.4612823332034695,0.8377913941513445
2023-11-04,2023-24,Brentford,West Ham,H,0,0.5599104886915894,0.22413466490079598,0.21595484640761456,1.8809720759306914,1.0832965879001022
2023-11-04,2023-24,Burnley,Crystal Palace,A,2,0.33921037234992635,0.26523498939676954,0.3955546382533041,1.2243889023373669,1.3440833044085296
2023-11-04,2023-24,Everton,Brighton and Hove Albion,D,1,0.32884789068885484,0.24845583539528882,0.42269627391585635,1.3231213429458508,1.5322562492285499
2023-11-04,2023-24,Fulham,Manchester United,A,2,0.3602620075444273,0.2702960686697027,0.36944192378587,1.23831961197632,1.257567624201689
2023-11-04,2023-24,Manchester City,Bournemouth,H,0,0.8563121208979818,0.09997679470746694,0.04371108439455129,3.041277938772703,0.583362006786157
2023-11-04,2023-24,Newcastle United,Arsenal,H,0,0.435942408693579,0.23634246975705303,0.32771512154936794,1.6778895280768906,1.427303077306364
2023-11-04,2023-24,Sheffield United,Wolverhampton Wanderers,H,0,0.26673147656313073,0.2414366585305917,0.49183186490627756,1.1720412432751708,1.677495352868793
2023-11-05,2023-24,Luton Town,Liverpool,D,1,0.10925554017824773,0.15374807836837964,0.7369963814533725,0.9312458662192487,2.6378389862738194
2023-11-05,2023-24,Nottingham Forest,Aston Villa,H,0,0.24438718772022683,0.23601281430650914,0.5195999979732641,1.1234491130792312,1.7466900894084971
2023-11-06,2023-24,Tottenham,Chelsea,A,2,0.6251954370134318,0.20714503683048627,0.16765952615608198,2.0320734725518186,0.9462233004397795
2023-11-11,2023-24,Arsenal,Burnley,H,0,0.7838765134012344,0.1418829855529925,0.07424050104577307,2.565483502774182,0.6629979256855122
2023-11-11,2023-24,Bournemouth,Newcastle United,H,0,0.11846051918339437,0.16781174011442893,0.7137277407021768,0.8918629109953295,2.438436015894744
2023-11-11,2023-24,Crystal Palace,Everton,A,2,0.4507644663210484,0.2532349226397252,0.29600061103922637,1.525517253697955,1.187365391437275
2023-11-11,2023-24,Manchester United,Luton Town,H,0,0.6430652291267442,0.20058840593971194,0.1563463649335438,2.092231587667407,0.9227593595309577
2023-11-11,2023-24,Wolverhampton Wanderers,Tottenham,H,0,0.27215497119802373,0.24894479421275048,0.4789002345892258,1.1378398530944924,1.5925797813430866
2023-11-12,2023-24,Brighton and Hove Albion,Sheffield United,D,1,0.6581159241473375,0.20183018603346015,0.14005388981920233,2.032849860922801,0.8117076311930091
2023-11-12,2023-24,Aston Villa,Fulham,H,0,0.610780973762508,0.21722151755136943,0.17199750868612262,1.915781205375442,0.9042246803410113
2023-11-12,2023-24,Chelsea,Manchester City,D,1,0.21075415263805553,0.2235892808869703,0.5656565664749741,1.0619182890861385,1.8840546967735237
2023-11-12,2023-24,West Ham,Nottingham Forest,H,0,0.4466680873299872,0.2538239189753732,0.2995079936946397,1.515387980500718,1.194171598289503
2023-11-12,2023-24,Liverpool,Brentford,H,0,0.5996145368542828,0.20813980300900983,0.1922456601367074,2.0644621660463365,1.0828167200875893
2023-11-25,2023-24,Brentford,Arsenal,A,2,0.3070068905791963,0.2535663823362597,0.4394267270845441,1.2190475656653634,1.5087083369526901
2023-11-25,2023-24,Burnley,West Ham,A,2,0.3154950180112573,0.2586766943341075,0.4258282876546352,1.2073188805670543,1.4454637674018505
2023-11-25,2023-24,Luton Town,Crystal Palace,H,0,0.3117128278528374,0.24689329465612112,0.4413938774910414,1.2846132605565979,1.5742212613321862
2023-11-25,2023-24,Manchester City,Liverpool,D,1,0.515654860829651,0.2260199098741803,0.2583252292961688,1.868273127369486,1.2632760042928148
2023-11-25,2023-24,Newcastle United,Chelsea,H,0,0.5310670663205215,0.222334086552043,0.2465988471274355,1.9171235871007486,1.243363556483835
2023-11-25,2023-24,Nottingham Forest,Brighton and Hove Albion,A,2,0.33295115174214296,0.2615718472477446,0.40547700101011247,1.2341776123407302,1.3897573238893557
2023-11-25,2023-24,Sheffield United,Bournemouth,A,2,0.4036995034077352,0.2620758514032762,0.3342246451889886,1.3827311821690291,1.2338911689324605
2023-11-26,2023-24,Everton,Manchester United,A,2,0.2966551119565991,0.2584256490342838,0.44491923900911723,1.1536214204982667,1.4728549012520695
2023-11-26,2023-24,Tottenham,Aston Villa,A,2,0.36696670891862404,0.25195774273488,0.3810755483464959,1.3923339614437458,1.4235265529231578
2023-11-27,2023-24,Fulham,Wolverhampton Wanderers,H,0,0.4050811397264998,0.2621756616900913,0.33274319858340884,1.3842917953146583,1.2293823099161203
2023-12-02,2023-24,Arsenal,Wolverhampton Wanderers,H,0,0.7047535373680901,0.177636525766316,0.11760993686559397,2.277499530496344,0.8101722671352783
2023-12-02,2023-24,Brentford,Luton Town,H,0,0.6552691061669181,0.19262738951377248,0.15210350431930936,2.191445031476861,0.9534029789840616
2023-12-02,2023-24,Burnley,Sheffield United,H,0,0.42398626892464897,0.26146055112647476,0.31455317994887627,1.4197798144742217,1.18545540312458
2023-12-02,2023-24,Newcastle United,Manchester United,H,0,0.4857526992741188,0.24107392916524426,0.273173371560637,1.6777141503575332,1.198891075080215
2023-12-02,2023-24,Nottingham Forest,Everton,A,2,0.4624167826392381,0.2506760257643851,0.2869071915963768,1.5616780857867036,1.176111975881831
2023-12-03,2023-24,Bournemouth,Aston Villa,D,1,0.21804245497768704,0.22359255545068715,0.5583649895716258,1.0975207066432358,1.8890328230494842
2023-12-03,2023-24,Chelsea,Brighton and Hove Albion,H,0,0.40897654935280986,0.25087508515714924,0.3401483654900409,1.4870085546922966,1.334564760869796
2023-12-03,2023-24,Liverpool,Fulham,H,0,0.7164135808632093,0.17302313174845396,0.11056328738833675,2.311492427096257,0.7856905564886572
2023-12-03,2023-24,Manchester City,Tottenham,D,1,0.7018420276285434,0.17337395464186878,0.12478401772958786,2.3791316872408985,0.8999123499207065
2023-12-03,2023-24,West Ham,Crystal Palace,D,1,0.46831265028780095,0.25053322561172114,0.28115412410047785,1.568586872892056,1.1578380348218056
2023-12-05,2023-24,Luton Town,Arsenal,A,2,0.09187762785021085,0.14786594717386473,0.7602564249759244,0.8045581124638554,2.6130238932252454
2023-12-05,2023-24,Wolverhampton Wanderers,Burnley,H,0,0.48777091352553065,0.24546937935744362,0.2667597071170258,1.6331390157441348,1.1428196648694786
2023-12-06,2023-24,Aston Villa,Manchester City,H,0,0.26711514280862647,0.2240104252958825,0.508874431895491,1.319699710100466,1.8938895596708503
2023-12-06,2023-24,Brighton and Hove Albion,Brentford,H,0,0.4073048604476663,0.2570266878490588,0.335668451703275,1.4301479999522677,1.2744206683673645
2023-12-06,2023-24,Crystal Palace,Bournemouth,A,2,0.44058853522678876,0.2524710223570162,0.3069404424161951,1.520178940972866,1.2268971138714577
2023-12-06,2023-24,Fulham,Nottingham Forest,H,0,0.4826280115815304,0.2497830373283186,0.26758895109015096,1.5872017208644191,1.1159840585642675
2023-12-06,2023-24,Manchester United,Chelsea,H,0,0.4655899274143039,0.23038358595028186,0.3040264866354143,1.784753669364848,1.404952616559832
2023-12-06,2023-24,Sheffield United,Liverpool,A,2,0.100840983796928,0.1595979711091495,0.7395610450939226,0.7986560700193104,2.469158401457115
2023-12-07,2023-24,Everton,Newcastle United,H,0,0.25575961115356766,0.2508553282111674,0.49338506063526494,1.0664751319973542,1.5837141653100428
2023-12-07,2023-24,Tottenham,West Ham,A,2,0.48165594759724273,0.24571796946162544,0.2726260829411318,1.6265401700194786,1.1623313428806616
2023-12-09,2023-24,Aston Villa,Arsenal,H,0,0.33224333437613146,0.24644890803854191,0.4213077575853266,1.3496228478256171,1.549410868465306
2023-12-09,2023-24,Brighton and Hove Albion,Burnley,D,1,0.6113475352404149,0.2199351353341073,0.1687173294254778,1.8796398030540669,0.8700855365001673
2023-12-09,2023-24,Crystal Palace,Liverpool,A,2,0.19237488300112238,0.21819685134672231,0.5894282656521553,1.0070263868110556,1.93244629141421
2023-12-09,2023-24,Manchester United,Bournemouth,A,2,0.5918165608495785,0.20798409304380971,0.20019934610661183,2.0791917797753903,1.1297715618050699
2023-12-09,2023-24,Sheffield United,Brentford,H,0,0.22633752311072552,0.233809728387242,0.5398527485020324,1.0617309849858692,1.7709160368299106
2023-12-09,2023-24,Wolverhampton Wanderers,Nottingham Forest,D,1,0.5051382500526167,0.24706996559110567,0.2477917843562776,1.6257813191284307,1.0610669556436962
2023-12-10,2023-24,Everton,Chelsea,H,0,0.396524532841651,0.23910408622935267,0.36437138092899635,1.5784834262460192,1.5044406875358431
2023-12-10,2023-24,Fulham,West Ham,H,0,0.42070272683123455,0.2494777709693661,0.3298195021993993,1.5194505853786024,1.3175279974351153
2023-12-10,2023-24,Luton Town,Manchester City,A,2,0.08724537549878303,0.14112282602194695,0.77163179847927,0.8128755281625002,2.7045455518690735
2023-12-10,2023-24,Tottenham,Newcastle United,H,0,0.3401416679747373,0.24720942842782168,0.412648903597441,1.3652504014892375,1.5276565302038678
2023-12-15,2023-24,Nottingham Forest,Tottenham,A,2,0.26026425702943634,0.2395288905030003,0.5002068524675634,1.161474966715531,1.7022305815159564
2023-12-16,2023-24,Chelsea,Sheffield United,H,0,0.5857722437481976,0.2176304959669201,0.19659726028488225,1.9445944594560436,1.0334032328167098
2023-12-16,2023-24,Burnley,Everton,A,2,0.3044675965920221,0.2502889905046483,0.44524341290332964,1.235564121009054,1.546340868217218
2023-12-16,2023-24,Newcastle United,Fulham,H,0,0.5001120777681871,0.22797872165821823,0.2719092005735946,1.8389587963576857,1.3032316569042208
2023-12-16,2023-24,Manchester City,Crystal Palace,D,1,0.766278649918931,0.14463033086234525,0.08909101921872375,2.6513102965437585,0.8023920237356251
2023-12-17,2023-24,Arsenal,Brighton and Hove Albion,H,0,0.6546067437390773,0.19586899168993543,0.1495242645709872,2.1375740051639216,0.9119785690268903
2023-12-17,2023-24,Brentford,Aston Villa,A,2,0.3211661164254082,0.2519173516037187,0.42691653197087315,1.2733893508414589,1.5063608268941484
2023-12-17,2023-24,Liverpool,Manchester United,D,1,0.5596532187655351,0.21945334869908079,0.22089343253538418,1.9440747339643203,1.144232202979331
2023-12-17,2023-24,West Ham,Wolverhampton Wanderers,H,0,0.48128998530747363,0.24808195298976218,0.2706280617027641,1.6027484354069559,1.1384291472871686
2023-12-21,2023-24,Crystal Palace,Brighton and Hove Albion,D,1,0.351916639404918,0.2553157533283303,0.39276760726675175,1.3289138192274308,1.4182723370517851
2023-12-22,2023-24,Aston Villa,Sheffield United,D,1,0.7630545632385578,0.15099731619863815,0.08594812056280395,2.507069684504343,0.7192495285641054
2023-12-23,2023-24,Liverpool,Arsenal,D,1,0.39381982747458916,0.2474443580001422,0.3587358145252687,1.4904461540018805,1.4118129796211414
2023-12-23,2023-24,Fulham,Burnley,A,2,0.5856218095238914,0.21508116226720514,0.1992970282089034,1.9806415675767866,1.066952300897989
2023-12-23,2023-24,Luton Town,Newcastle United,H,0,0.14584351814344634,0.18352382289443503,0.6706326589621187,0.9818112937472008,2.308437650595518
2023-12-23,2023-24,Nottingham Forest,Bournemouth,A,2,0.30358653548371783,0.24710693792470945,0.44930652659157266,1.2572403794425508,1.5819573073493325
2023-12-23,2023-24,West Ham,Manchester United,H,0,0.35719098935786886,0.2537747011904886,0.3890343094516426,1.354143553455639,1.424137379631419
2023-12-23,2023-24,Tottenham,Everton,H,0,0.5324953959509365,0.22392020446796254,0.243584399581101,1.8953978268132252,1.2156546352591304
2023-12-24,2023-24,Wolverhampton Wanderers,Chelsea,H,0,0.3497116526874757,0.2527220132071954,0.3975663341053289,1.3443101914728612,1.4497899338499016
2023-12-26,2023-24,Bournemouth,Fulham,H,0,0.5116985534571007,0.23481806102004768,0.25348338552285177,1.7590803970727447,1.170073322261958
2023-12-26,2023-24,Burnley,Liverpool,A,2,0.13863971167298247,0.1953976977528812,0.6659625905741363,0.8427623361834609,2.1107007638676865
2023-12-26,2023-24,Manchester United,Aston Villa,H,0,0.357330996726177,0.25535397228339013,0.3873150309904329,1.3416960892081098,1.4072930486035382
2023-12-26,2023-24,Newcastle United,Nottingham Forest,A,2,0.698916678934248,0.17543822257098934,0.12564509849476252,2.349893023910755,0.8904495250885193
2023-12-26,2023-24,Sheffield United,Luton Town,A,2,0.401128408389645,0.2649568506141896,0.33391474099616536,1.3559528713083113,1.2131164658622906
2023-12-27,2023-24,Brentford,Wolverhampton Wanderers,A,2,0.5062206789099025,0.2489909354002051,0.24478838568989225,1.6074291743770552,1.0374888639074336
2023-12-27,2023-24,Chelsea,Crystal Palace,H,0,0.5033064749120867,0.23657999341360783,0.26011353167430545,1.736338369036723,1.183289108034251
2023-12-27,2023-24,Everton,Manchester City,A,2,0.2153860831273182,0.2287353525457716,0.5558785643269102,1.0473041404158572,1.8253729018265274
2023-12-28,2023-24,Arsenal,West Ham,A,2,0.694669819760977,0.1835869024127445,0.12174327782627861,2.2100489497310885,0.8014402471246864
2023-12-28,2023-24,Brighton and Hove Albion,Tottenham,H,0,0.3650375883660704,0.24663285334335444,0.38832955829057514,1.434521219340874,1.4868714276129988
2023-12-30,2023-24,Aston Villa,Burnley,H,0,0.7350092655143463,0.16860409272499932,0.09638664176065448,2.299228797624837,0.6973291308686429
2023-12-30,2023-24,Crystal Palace,Brentford,H,0,0.36115748166848616,0.25203506549955756,0.3868074528319563,1.3780640209576576,1.4347502818547082
2023-12-30,2023-24,Luton Town,Chelsea,A,2,0.2641989442032694,0.23059225462117236,0.5052088011755583,1.2484719071577364,1.8078950670358853
2023-12-30,2023-24,Manchester City,Sheffield United,H,0,0.83526438762696,0.11051564316729061,0.054219969205749376,2.96932112455731,0.6577105085566479
2023-12-30,2023-24,Nottingham Forest,Manchester United,H,0,0.2488161283839299,0.23350007221777244,0.5176837993982977,1.160835924173829,1.775555724507725
2023-12-30,2023-24,Wolverhampton Wanderers,Everton,H,0,0.4093381122615641,0.25406117054836214,0.3366007171900738,1.4591322914739364,1.2996143577873034
2023-12-31,2023-24,Fulham,Arsenal,H,0,0.1868336734787458,0.21506748537474496,0.5980988411465092,0.9995195978146107,1.9642113709148377
2023-12-31,2023-24,Tottenham,Bournemouth,H,0,0.521295347464287,0.22321285785709358,0.25549179467861943,1.9060525355584217,1.2759483692608469
2024-01-01,2023-24,Liverpool,Newcastle United,H,0,0.6131287632313298,0.2039320914199615,0.18293914534870861,2.1069423033115546,1.0622611686672514
2024-01-02,2023-24,West Ham,Brighton and Hove Albion,D,1,0.38486047569044407,0.24824266172729054,0.36689686258226534,1.4646717350161023,1.4244986909603465
2024-01-12,2023-24,Burnley,Luton Town,D,1,0.36769989558972965,0.2539307930642744,0.378369311345996,1.3774279849224131,1.4008760103869429
2024-01-13,2023-24,Chelsea,Fulham,H,0,0.542540258376834,0.2313993606259585,0.22606038099720743,1.798543524137226,1.0774427539082099
2024-01-13,2023-24,Newcastle United,Manchester City,A,2,0.19514004267784754,0.1928988183689063,0.6119611389532461,1.2420666004120775,2.3064341984514933
2024-01-14,2023-24,Everton,Aston Villa,D,1,0.25185282384453134,0.24412764784522242,0.5040195283102462,1.0961191030248691,1.6550161185485235
2024-01-14,2023-24,Manchester United,Tottenham,D,1,0.3538112808786404,0.2467319039174354,0.3994568152039243,1.4056914873425783,1.5081965338098327
2024-01-20,2023-24,Arsenal,Crystal Palace,H,0,0.7076885661671805,0.17399070148619153,0.11832073234662796,2.3365209249046934,0.8420599168033096
2024-01-20,2023-24,Brentford,Nottingham Forest,H,0,0.46543867685024093,0.25103519740740843,0.2835261257423507,1.5611928852123418,1.1623032066879735
2024-01-21,2023-24,Bournemouth,Liverpool,A,2,0.19252646336564316,0.212189665260087,0.5952838713742699,1.0522526578952718,2.009719126659612
2024-01-21,2023-24,Sheffield United,West Ham,D,1,0.27646135364167906,0.25457949976775074,0.46895914659057014,1.1146159504306008,1.5317177886654032
2024-01-22,2023-24,Brighton and Hove Albion,Wolverhampton Wanderers,D,1,0.5422990082804532,0.22550261807531233,0.23219837364423448,1.871931344673596,1.1499542737350947
2024-01-30,2023-24,Fulham,Everton,D,1,0.39158692189610383,0.2569511875280935,0.3514618905758026,1.4022980768613746,1.3149523439895667
2024-01-30,2023-24,Crystal Palace,Sheffield United,H,0,0.48775849810019783,0.23812916169295398,0.27411234020684816,1.71123109678017,1.2254679935573178
2024-01-30,2023-24,Nottingham Forest,Arsenal,A,2,0.15972578842017074,0.19619652277559355,0.6440776888042357,0.977106035136522,2.16236340798882
2024-01-30,2023-24,Luton Town,Brighton and Hove Albion,H,0,0.2630543409321876,0.23423006489676448,0.5027155941710479,1.2136468862178438,1.7632669173434563
2024-01-30,2023-24,Aston Villa,Newcastle United,A,2,0.5881906747919615,0.21021613058952965,0.20159319461850878,2.049577959730826,1.118690658420694
2024-01-31,2023-24,Liverpool,Chelsea,H,0,0.7007386143254098,0.1715283813097288,0.12773300436486132,2.425268818465093,0.9399978439476546
2024-01-31,2023-24,Manchester City,Burnley,H,0,0.8691867708866035,0.0912114443492638,0.03960178476413281,3.1925166902999838,0.5912789185787252
2024-01-31,2023-24,Tottenham,Brentford,H,0,0.5674243283944567,0.22155180194059965,0.2110238696649437,1.9095338001700282,1.0783919388114263
2024-02-01,2023-24,West Ham,Bournemouth,D,1,0.4769257314943372,0.24464396813193637,0.27843030037372635,1.6339353586362855,1.1909770639785058
2024-02-01,2023-24,Wolverhampton Wanderers,Manchester United,A,2,0.39576181449686726,0.2656872226860858,0.33855096281704694,1.3410471659265928,1.2196698170307076
2024-02-03,2023-24,Burnley,Fulham,D,1,0.34010372843431247,0.2595335271439775,0.40036274442171005,1.2671986388140217,1.3972962844250287
2024-02-03,2023-24,Newcastle United,Luton Town,D,1,0.5254476285548294,0.21357684535885474,0.2609755260863159,2.0463187081347467,1.3963045700373213
2024-02-03,2023-24,Brighton and Hove Albion,Crystal Palace,H,0,0.5768369640770863,0.218899516488314,0.20426351943459972,1.9369017173770613,1.0640163635382893
2024-02-03,2023-24,Sheffield United,Aston Villa,A,2,0.20138110999104714,0.2222624729149568,0.5763564170939961,1.0247623428103148,1.8923388784306585
2024-02-03,2023-24,Everton,Tottenham,D,1,0.2603848582342324,0.22746705363789657,0.5121480881278709,1.2594226940156028,1.8489751524012092
2024-02-04,2023-24,Arsenal,Liverpool,H,0,0.34125567428384135,0.24118429979451012,0.4175600259216485,1.4220891496039916,1.596305700225556
2024-02-04,2023-24,Bournemouth,Nottingham Forest,D,1,0.5296050706046131,0.24028554217631035,0.23010938721907642,1.7001176185708877,1.034486575334717
2024-02-04,2023-24,Chelsea,Wolverhampton Wanderers,A,2,0.45607557224825335,0.23667698361289802,0.3072474441388487,1.7000790677085142,1.357167350710709
2024-02-04,2023-24,Manchester United,West Ham,H,0,0.50326791481585,0.2408540058251411,0.2558780793590089,1.6891117378931395,1.1346537453036132
2024-02-05,2023-24,Brentford,Manchester City,A,2,0.14384590833295738,0.1840186786728636,0.6721354129941791,0.96275873278377,2.292841290719694
2024-02-10,2023-24,Manchester City,Everton,H,0,0.786998166970272,0.1341417743757532,0.07886005865397483,2.7639415951629247,0.7775956279083849
2024-02-10,2023-24,Fulham,Bournemouth,H,0,0.39491773964201643,0.2589945620026674,0.34608769835531616,1.391799200818152,1.2861680455940958
2024-02-10,2023-24,Luton Town,Sheffield United,A,2,0.5544208426523867,0.21627431758370805,0.22930483976390523,1.9931321497345582,1.2136867390102217
2024-02-10,2023-24,Wolverhampton Wanderers,Brentford,A,2,0.5082623132336518,0.22695363836310642,0.2647840484032419,1.8547722374315927,1.2826981221981841
2024-02-10,2023-24,Nottingham Forest,Newcastle United,A,2,0.3037253670973407,0.2345075088337369,0.46176712406892245,1.364788396030474,1.7312260071960586
2024-02-10,2023-24,Liverpool,Burnley,H,0,0.8656937898462537,0.09117517073202605,0.04313103942172033,3.2822664411411964,0.660986998452229
2024-02-10,2023-24,Tottenham,Brighton and Hove Albion,H,0,0.4720439594789235,0.22963459958939084,0.2983214409316857,1.8001159547793604,1.3912835270759643
2024-02-11,2023-24,Aston Villa,Manchester United,A,2,0.4936153608309356,0.23892883788932254,0.26745580127974194,1.705691659462267,1.1938301516375456
2024-02-11,2023-24,West Ham,Arsenal,A,2,0.20105373951020214,0.21287483719704128,0.5860714232927565,1.093861223281632,2.0122485085970117
2024-02-12,2023-24,Crystal Palace,Chelsea,A,2,0.33364086573715496,0.24855193616794213,0.4178071980949028,1.33590572812682,1.5235184465319906
2024-02-17,2023-24,Nottingham Forest,West Ham,H,0,0.34869815834263745,0.2689682979784347,0.3823335436789279,1.2215600341492356,1.2923196271130346
2024-02-17,2023-24,Tottenham,Wolverhampton Wanderers,A,2,0.5970258994171861,0.20657391696345648,0.19640018361935746,2.093495566482449,1.1199828221030668
2024-02-17,2023-24,Brentford,Liverpool,A,2,0.12960274070282388,0.16646617619996898,0.7039310830972072,1.0025275475889113,2.526268249539472
2024-02-17,2023-24,Burnley,Arsenal,A,2,0.08205468007785059,0.13696225988639021,0.7809830600357591,0.7903405002478006,2.738581036413632
2024-02-17,2023-24,Fulham,Aston Villa,A,2,0.2619961206940371,0.22617786683236968,0.5118260124735933,1.2777448797061701,1.865641786266855
2024-02-17,2023-24,Manchester City,Chelsea,D,1,0.7642893888450627,0.14778193585291624,0.08792867530202114,2.580919203138796,0.7638309582296469
2024-02-17,2023-24,Newcastle United,Bournemouth,D,1,0.5125930211505813,0.22747841657050266,0.2599285622789161,1.8489084367791955,1.2573717186427207
2024-02-18,2023-24,Luton Town,Manchester United,A,2,0.2813566222553127,0.23519904715102893,0.48344433059365843,1.2770410059442634,1.7418133664279236
2024-02-18,2023-24,Sheffield United,Brighton and Hove Albion,A,2,0.2466724577433301,0.23368020914050172,0.5196473331161682,1.1504323110191703,1.7736543782150214
2024-02-19,2023-24,Everton,Crystal Palace,D,1,0.5073056960415222,0.24535265637837778,0.24734164758010002,1.6437238087686379,1.070526148150179
2024-02-20,2023-24,Manchester City,Brentford,H,0,0.7946657997936705,0.13027087460929138,0.07506332559703821,2.8044062229872697,0.7658922189147914
2024-02-21,2023-24,Liverpool,Luton Town,H,0,0.8094486263130433,0.11881143567717381,0.07173993800978296,3.0369342179350314,0.8373632112666087
2024-02-24,2023-24,Arsenal,Newcastle United,H,0,0.7059566889935961,0.17058104103250593,0.12346226997389809,2.418879063099879,0.9118442047587464
2024-02-24,2023-24,Aston Villa,Nottingham Forest,H,0,0.6571023815331756,0.1942773600408029,0.14862025842602147,2.1570126996040884,0.9174021369354386
2024-02-24,2023-24,Bournemouth,Manchester City,A,2,0.14732680855263233,0.1936925676901936,0.658980623757174,0.9129029532776607,2.1612110809205585
2024-02-24,2023-24,Brighton and Hove Albion,Everton,D,1,0.5286203961113893,0.22928022652420701,0.24209937736440373,1.8268704709470014,1.1648457875244498
2024-02-24,2023-24,Crystal Palace,Burnley,H,0,0.4765707310721732,0.25431072013000605,0.2691185487978207,1.5404986866751293,1.0915285076307135
2024-02-24,2023-24,Manchester United,Fulham,A,2,0.6698501879769456,0.18313264028108814,0.14701717174196616,2.319293356956919,0.9939539400803864
2024-02-25,2023-24,Wolverhampton Wanderers,Sheffield United,H,0,0.614142826820592,0.20251365213106115,0.18334352104834678,2.128188119285696,1.0764684495767756
2024-02-26,2023-24,West Ham,Brentford,H,0,0.4620165031847935,0.24296068719764025,0.2950228096175662,1.6380109535512057,1.2618464295505716
2024-03-02,2023-24,Fulham,Brighton and Hove Albion,H,0,0.3310845518213302,0.24473494058564205,0.4241805075930278,1.36099142811918,1.5709101926068736
2024-03-02,2023-24,Everton,West Ham,A,2,0.45821423909886155,0.25048828261262573,0.2912974782885127,1.559195423482649,1.1919324721901474
2024-03-02,2023-24,Nottingham Forest,Liverpool,A,2,0.1111814674487857,0.1607062506333392,0.7281122819178751,0.8863371733921647,2.5189715393530174
2024-03-02,2023-24,Brentford,Chelsea,D,1,0.34460619280435484,0.24685881482832528,0.4085349923673199,1.3803960008478025,1.5238034025933889
2024-03-02,2023-24,Newcastle United,Wolverhampton Wanderers,H,0,0.4899086403777157,0.2330633845085506,0.2770279751137336,1.7710596852627336,1.2787389654868961
2024-03-02,2023-24,Tottenham,Crystal Palace,H,0,0.6234130878822157,0.20894642446403733,0.16764048765374684,2.008930672836198,0.9336753124670502
2024-03-02,2023-24,Luton Town,Aston Villa,A,2,0.19436455666832106,0.19042076333810679,0.615214679993572,1.2633629429397055,2.3478624212180765
2024-03-03,2023-24,Burnley,Bournemouth,A,2,0.27404374883957366,0.2471650762678654,0.47879117489256096,1.1570107559655953,1.6099503923108287
2024-03-03,2023-24,Manchester City,Manchester United,H,0,0.6342312361040727,0.19579352973476885,0.16997523416115834,2.1962702577428694,1.0480287970812159
2024-03-04,2023-24,Sheffield United,Arsenal,A,2,0.06650967317268229,0.12317812839447768,0.81031219843284,0.7189522706364315,2.854835637595045
2024-03-09,2023-24,Bournemouth,Sheffield United,D,1,0.6265221503943514,0.20695197395355341,0.16652587565209512,2.0322039329044523,0.9408181345507425
2024-03-09,2023-24,Arsenal,Brentford,H,0,0.8370365557166162,0.10817167733781817,0.05479176694556564,3.0391818349913735,0.6890397740941842
2024-03-09,2023-24,Crystal Palace,Luton Town,D,1,0.459793838670132,0.2427177005493738,0.29748846078049423,1.6382705420459307,1.2721839754385549
2024-03-09,2023-24,Wolverhampton Wanderers,Fulham,H,0,0.4309502824576919,0.25051925349482196,0.31853046404748603,1.5251580501804924,1.2765542722256404
2024-03-09,2023-24,Manchester United,Everton,H,0,0.5840577847223972,0.21354541969479046,0.20239679558281232,2.004890119222943,1.0957802348363828
2024-03-10,2023-24,Aston Villa,Tottenham,A,2,0.4823479903293856,0.22379851714152355,0.29385349252909077,1.8845642075102451,1.4325464170749285
2024-03-10,2023-24,Brighton and Hove Albion,Nottingham Forest,H,0,0.618704099641617,0.2125245166382953,0.16877138372008768,1.966530569796196,0.9163296408790358
2024-03-10,2023-24,Liverpool,Manchester City,D,1,0.389863489795865,0.2422203927620684,0.36791611744206654,1.5327666905313249,1.4827327265015364
2024-03-10,2023-24,West Ham,Burnley,D,1,0.62840760015933,0.20595417290659104,0.16563822693407898,2.043275049471815,0.9424666304647306
2024-03-11,2023-24,Chelsea,Newcastle United,H,0,0.3514893193530324,0.24016531374523606,0.40834536690173157,1.4601506603187309,1.5905180388306226
2024-03-13,2023-24,Bournemouth,Luton Town,H,0,0.5827474405185528,0.20672770682890676,0.2105248526525404,2.1125515703748072,1.1998980931394847
2024-03-16,2023-24,Burnley,Brentford,H,0,0.30642920339020174,0.25018733937295656,0.4433834572368417,1.2424470603883628,1.5449898727499007
2024-03-16,2023-24,Fulham,Tottenham,H,0,0.286590590059451,0.23911320946571923,0.4742962004748298,1.2635956877629235,1.6905988737592017
2024-03-16,2023-24,Luton Town,Nottingham Forest,D,1,0.37259380409218895,0.23843805979598987,0.3889681361118212,1.5316355996483149,1.5694368664781813
2024-03-17,2023-24,West Ham,Aston Villa,D,1,0.2759094945219361,0.22595928267513493,0.4981312228029291,1.3384526120702067,1.864411085790026
2024-03-30,2023-24,Chelsea,Burnley,D,1,0.6587223512589937,0.1931621574641762,0.14811549127683007,2.1711919518011933,0.9221387541850189
2024-03-30,2023-24,Bournemouth,Everton,H,0,0.49757129742964545,0.22888853052549896,0.27354017204485553,1.8263188521230072,1.3016791450607608
2024-03-30,2023-24,Brentford,Manchester United,D,1,0.21077346084795007,0.21255278887879653,0.5766737502732534,1.1493423862450303,2.028470799991458
2024-03-30,2023-24,Aston Villa,Wolverhampton Wanderers,H,0,0.592000012598399,0.21374807452989328,0.19425191287170773,1.991572284498491,1.049815660044532
2024-03-30,2023-24,Newcastle United,West Ham,H,0,0.4768348213755984,0.2449652555171316,0.27819992310727,1.630578704212467,1.1877647826929372
2024-03-30,2023-24,Nottingham Forest,Crystal Palace,D,1,0.4235476279648648,0.2544165045673845,0.32203586746775065,1.4788418938807095,1.256825486700465
2024-03-30,2023-24,Tottenham,Luton Town,H,0,0.7486075146442474,0.14958878061011896,0.10180370474563369,2.6624727365763787,0.893864408565545
2024-03-30,2023-24,Sheffield United,Fulham,D,1,0.22192384868095258,0.22159497728599012,0.5564811740330573,1.1320301592410196,1.916823608570245
2024-03-31,2023-24,Liverpool,Brighton and Hove Albion,H,0,0.7025998341492807,0.17322933520449194,0.12417083064622732,2.3783973059194423,0.8960124179084893
2024-03-31,2023-24,Manchester City,Arsenal,D,1,0.4479664652557579,0.2419110941056892,0.3101224406385528,1.6333030145034637,1.3207761420967143
2024-04-02,2023-24,Nottingham Forest,Fulham,H,0,0.3264534913875188,0.2530338637903916,0.4205126448220896,1.2798308651044725,1.4865059098612672
2024-04-02,2023-24,West Ham,Tottenham,D,1,0.27329218730598265,0.23187016496954413,0.49483764772447336,1.274345645998912,1.7880716764774482
2024-04-02,2023-24,Bournemouth,Crystal Palace,H,0,0.5081103042436116,0.23355415782761732,0.258335537928771,1.7729795254246736,1.199917608771259
2024-04-02,2023-24,Burnley,Wolverhampton Wanderers,D,1,0.2982043306791058,0.24358382294306619,0.458211846377828,1.2675827853018344,1.6275811182469528
2024-04-02,2023-24,Newcastle United,Everton,D,1,0.6097630202604013,0.20555592599126513,0.18468105374833355,2.0873306793563846,1.0595080600129794
2024-04-03,2023-24,Brentford,Brighton and Hove Albion,D,1,0.3330543580173566,0.2511132944952183,0.4158323474874251,1.313348940040593,1.4964253666753653
2024-04-03,2023-24,Manchester City,Aston Villa,H,0,0.6439367782372706,0.19846840483010172,0.1575948169326276,2.1244374055871735,0.9460243384354761
2024-04-03,2023-24,Arsenal,Luton Town,H,0,0.8490721315878162,0.10286979501028277,0.048058073401901,3.052462453359593,0.6301015335480983
2024-04-04,2023-24,Chelsea,Manchester United,H,0,0.38902276640949995,0.23696644725970675,0.3740107863307932,1.5850911672874142,1.5502624885202647
2024-04-04,2023-24,Liverpool,Sheffield United,H,0,0.9094648020101409,0.06449484218496354,0.02604035580489561,3.7094191653635273,0.5824909571838907
2024-04-06,2023-24,Aston Villa,Brentford,D,1,0.5890842951414887,0.21309491696646385,0.1978207878920474,2.0050449558690513,1.0744195844324709
2024-04-06,2023-24,Brighton and Hove Albion,Arsenal,A,2,0.2158526862599411,0.24724140673740103,0.5369059070026578,0.9339407776329975,1.6291737219289015
2024-04-06,2023-24,Crystal Palace,Manchester City,A,2,0.12030289185720361,0.17995365648668538,0.6997434516561111,0.8150534416247774,2.255824419033575
2024-04-06,2023-24,Everton,Burnley,H,0,0.4997152154291978,0.2317427942374512,0.2685419903333511,1.7918161859869535,1.2564017235373404
2024-04-06,2023-24,Fulham,Newcastle United,A,2,0.3388541439251413,0.2427451435517484,0.41840071252311023,1.4009627687413906,1.5816284998096093
2024-04-06,2023-24,Luton Town,Bournemouth,H,0,0.24179837561486323,0.22644704144411787,0.531754582941019,1.1863326302859714,1.8623518671046386
2024-04-06,2023-24,Wolverhampton Wanderers,West Ham,A,2,0.412266079485841,0.25132946652200966,0.3364044539921494,1.4885108405101704,1.3207805307003087
2024-04-07,2023-24,Manchester United,Liverpool,D,1,0.18402788323596522,0.19825755407319817,0.6177145626908366,1.1176811660823853,2.193358350795385
2024-04-07,2023-24,Sheffield United,Chelsea,D,1,0.16666444777210979,0.18899373473512657,0.6443418174927638,1.0852987357316528,2.2932942895885717
2024-04-07,2023-24,Tottenham,Nottingham Forest,H,0,0.6870951265404146,0.18597977750373793,0.12692509595584758,2.1975179595351304,0.8235384512052464
2024-04-13,2023-24,Brentford,Sheffield United,H,0,0.5579448828197642,0.22936823054078934,0.21268688663944657,1.8165917782518066,1.0302855748857591
2024-04-13,2023-24,Bournemouth,Manchester United,D,1,0.4195095439325008,0.24330680455155398,0.33718365151594526,1.5777585269741303,1.3911490896118093
2024-04-13,2023-24,Burnley,Brighton and Hove Albion,D,1,0.3122742044699104,0.25870685999202264,0.4290189355380669,1.1979223228225861,1.4497650256035934
2024-04-13,2023-24,Manchester City,Luton Town,H,0,0.8725824605069297,0.0886597505283804,0.03875778896469003,3.2484701823910367,0.6006638386578809
2024-04-13,2023-24,Nottingham Forest,Wolverhampton Wanderers,D,1,0.4076177061466224,0.2623000003536481,0.3300822934997295,1.3875566147930725,1.2216170133259692
2024-04-13,2023-24,Newcastle United,Tottenham,H,0,0.4282587385384379,0.2431967685377712,0.32854449292379106,1.5927940176692401,1.3669391063825636
2024-04-14,2023-24,Arsenal,Aston Villa,A,2,0.6772760896922676,0.1916456377662887,0.13107827254144364,2.1354810854043857,0.815761639185221
2024-04-14,2023-24,Liverpool,Crystal Palace,A,2,0.8536956246900574,0.09939624720095493,0.04690812810898754,3.123678038317667,0.6441142088812719
2024-04-14,2023-24,West Ham,Fulham,A,2,0.47099459470002064,0.2442728513242246,0.2847325539757547,1.6328430058113128,1.2160150025530205
2024-04-15,2023-24,Chelsea,Everton,H,0,0.594392866361857,0.20658058370358667,0.1990265499345564,2.0976424175839994,1.1351733727867648
2024-04-20,2023-24,Luton Town,Brentford,A,2,0.31012485488957897,0.25661056771884816,0.43326457739157287,1.2064242776711513,1.4735655632849751
2024-04-20,2023-24,Sheffield United,Burnley,A,2,0.40064092904778853,0.2512004514662835,0.3481586194859281,1.4690766822452,1.352875440059809
2024-04-20,2023-24,Wolverhampton Wanderers,Arsenal,A,2,0.18063017608873666,0.21719912476525285,0.6021706991460105,0.9511474328234534,1.9290058545526283
2024-04-21,2023-24,Aston Villa,Bournemouth,H,0,0.5323189648929005,0.2334403070405248,0.2342407280665746,1.776412707058487,1.0989529242540048
2024-04-21,2023-24,Crystal Palace,West Ham,H,0,0.4127898023477195,0.25042561598274593,0.3367845816695345,1.4976706757285554,1.3291565847894153
2024-04-21,2023-24,Everton,Nottingham Forest,H,0,0.41165207618270017,0.25095194456680436,0.33739597925049547,1.490912219182922,1.3265281392455452
2024-04-21,2023-24,Fulham,Liverpool,A,2,0.14597400064751265,0.17625577073657211,0.6777702286159152,1.0479994551558902,2.4312893258990975
2024-04-23,2023-24,Arsenal,Chelsea,H,0,0.6356497805108737,0.1978734413953606,0.16647677809376574,2.156346254268417,1.008093333856197
2024-04-24,2023-24,Everton,Liverpool,H,0,0.10510118610476583,0.15823599442539432,0.7366628194698398,0.8498345032792728,2.522417022680892
2024-04-24,2023-24,Crystal Palace,Newcastle United,H,0,0.2633913661031776,0.2322644433512363,0.5043441905455861,1.2311037183506288,1.7872235885701708
2024-04-24,2023-24,Wolverhampton Wanderers,Bournemouth,A,2,0.4217636298761255,0.2596209824495862,0.31861538767428843,1.4315937168450796,1.2094575384036719
2024-04-24,2023-24,Manchester United,Sheffield United,H,0,0.6665476713674486,0.1831732685965793,0.15027906003597208,2.3312691069203595,1.018158410432781
2024-04-25,2023-24,Brighton and Hove Albion,Manchester City,A,2,0.11096067157671793,0.16355682064773744,0.7254825077755447,0.8602687434615414,2.466970120839635
2024-04-27,2023-24,Newcastle United,Sheffield United,H,0,0.7721862769108634,0.14299894390911652,0.0848147791800201,2.6438677554614767,0.7694290269856042
2024-04-27,2023-24,West Ham,Liverpool,D,1,0.12598229065780184,0.16293084276380673,0.7110868665783915,1.004054571311276,2.572003091747023
2024-04-27,2023-24,Aston Villa,Chelsea,D,1,0.46665121654367436,0.2263958895431531,0.30695289391317265,1.8366150554648615,1.4557732910719723
2024-04-27,2023-24,Everton,Brentford,H,0,0.3643297061402652,0.2535273715384303,0.3821429223213044,1.3730499140858186,1.4122429642593233
2024-04-27,2023-24,Fulham,Crystal Palace,D,1,0.4382928514966531,0.2485673605353164,0.3131397879680306,1.553833777090314,1.2756842268976705
2024-04-27,2023-24,Manchester United,Burnley,D,1,0.6379510551071277,0.19094176811798075,0.17110717677489154,2.275201320337829,1.0984455667957387
2024-04-27,2023-24,Wolverhampton Wanderers,Luton Town,H,0,0.56293040945357,0.23517711334698851,0.2018924771994414,1.746723472779828,0.943253499065256
2024-04-28,2023-24,Bournemouth,Brighton and Hove Albion,H,0,0.5041511371513585,0.24753126134182588,0.24831760150681562,1.6208523596702407,1.0600952630783234
2024-04-28,2023-24,Nottingham Forest,Manchester City,A,2,0.08204037465149598,0.1399314029429458,0.7780282224055582,0.7642095114134074,2.6776324033821632
2024-04-28,2023-24,Tottenham,Arsenal,A,2,0.23133225553803985,0.22310686810371172,0.5455608763582485,1.165219254501946,1.9022321724744653
2024-05-02,2023-24,Chelsea,Tottenham,H,0,0.4041404615587711,0.2426709487764475,0.35318858966478134,1.5568951689407116,1.4409948206653902
2024-05-03,2023-24,Luton Town,Everton,D,1,0.283345572607769,0.2549132584152821,0.46174116897694895,1.135135940179511,1.5219693155093048
2024-05-04,2023-24,Arsenal,Bournemouth,H,0,0.752503513160015,0.1489226846814892,0.09857380215849595,2.6489866437158054,0.8659433812654976
2024-05-04,2023-24,Sheffield United,Nottingham Forest,A,2,0.3148819437242113,0.24574399059069324,0.4393740656850954,1.3037919587223576,1.5829465025757883
2024-05-04,2023-24,Brentford,Fulham,D,1,0.4335423396715514,0.25933181790838733,0.3071258424200612,1.4507283304016292,1.1787228467725142
2024-05-04,2023-24,Manchester City,Wolverhampton Wanderers,H,0,0.850389596821715,0.10091565876042467,0.04869474441786031,3.1184926269658817,0.6600843139966001
2024-05-04,2023-24,Burnley,Newcastle United,A,2,0.22649907131934802,0.22850894675894615,0.5449919819217058,1.1004885136746476,1.8328975272493362
2024-05-05,2023-24,Brighton and Hove Albion,Aston Villa,H,0,0.28747959056925526,0.24851999251338644,0.46400041691735827,1.1936051092520896,1.5839103353857724
2024-05-05,2023-24,Chelsea,West Ham,H,0,0.5712772436858591,0.21900290814579482,0.20971984816834616,1.9408322781446516,1.0912840515346807
2024-05-05,2023-24,Liverpool,Tottenham,H,0,0.6666738815531567,0.18520095053721422,0.14812516790962912,2.2904776066867942,0.984696099411271
2024-05-06,2023-24,Crystal Palace,Manchester United,H,0,0.3425903327177133,0.2334544694089409,0.4239551978733458,1.5015596424998492,1.6921676211029866
2024-05-11,2023-24,Bournemouth,Brentford,A,2,0.4667320235605483,0.24141468616872663,0.291853290270725,1.6589416689129806,1.2634285716460034
2024-05-11,2023-24,Everton,Sheffield United,H,0,0.6203422573670738,0.20562676208149228,0.17403098055143387,2.065349983164499,0.9952964993225643
2024-05-11,2023-24,Fulham,Manchester City,A,2,0.11663506341688107,0.1671370296153083,0.7162279069678107,0.88147043318333,2.439485231339207
2024-05-11,2023-24,Newcastle United,Brighton and Hove Albion,D,1,0.6167024728404314,0.20697977231058115,0.17631775484898746,2.0517098308922304,0.998803266023959
2024-05-11,2023-24,Nottingham Forest,Chelsea,A,2,0.24796934794352832,0.22476669520040643,0.5272639568560652,1.2283405300309211,1.884889583512506
2024-05-11,2023-24,Tottenham,Burnley,H,0,0.6357122945983045,0.19500337176978655,0.16928433363190906,2.20637820943002,1.0501518013310915
2024-05-11,2023-24,West Ham,Luton Town,H,0,0.5331079039801173,0.22710172534160214,0.23979037067828052,1.8537280480108544,1.1719375485025008
2024-05-11,2023-24,Wolverhampton Wanderers,Crystal Palace,A,2,0.3117635303363823,0.24645721109525962,0.4417792585683581,1.2882839250264306,1.579028589691721
2024-05-12,2023-24,Manchester United,Arsenal,A,2,0.18972722376407153,0.19772573941227162,0.6125470368236569,1.1588734016567661,2.2144143639064504
2024-05-13,2023-24,Aston Villa,Liverpool,D,1,0.25770332714551847,0.23446997191793884,0.5078267009365427,1.1900611720554066,1.762135088520905
2024-05-14,2023-24,Tottenham,Manchester City,A,2,0.12977082477905585,0.16441024966538592,0.7058189255555583,1.0243092746925508,2.566394389337415
2024-05-15,2023-24,Brighton and Hove Albion,Chelsea,A,2,0.332666232776588,0.23946750895558902,0.42786625826782293,1.412968982978764,1.6313096008949959
2024-05-15,2023-24,Manchester United,Newcastle United,H,0,0.3591708480318025,0.2348015688853686,0.40602758308282905,1.5347346641261312,1.644171340864374
2024-05-19,2023-24,Brentford,Newcastle United,A,2,0.32241003825689757,0.24377024903727448,0.4338197127058279,1.3434972778645868,1.5951609245741039
2024-05-19,2023-24,Chelsea,Bournemouth,H,0,0.6349724879266077,0.1960082747113125,0.16901923736207983,2.1904991274180827,1.0399230989595396
2024-05-19,2023-24,Brighton and Hove Albion,Manchester United,A,2,0.3604068965864081,0.24819086132141713,0.3914022420921747,1.4093401671530263,1.478653048306244
2024-05-19,2023-24,Burnley,Nottingham Forest,A,2,0.3551527297886734,0.2369241370141618,0.4079231331971648,1.5020214853648648,1.6243571150770237
2024-05-19,2023-24,Arsenal,Everton,H,0,0.782079782751078,0.13957503624917686,0.07834518099974519,2.6480330046394727,0.7253917394859104
2024-05-19,2023-24,Manchester City,West Ham,H,0,0.8726408303451001,0.08525986935918732,0.04209930029571257,3.456938955266987,0.7121626578040727
2024-05-19,2023-24,Liverpool,Wolverhampton Wanderers,H,0,0.7990885867456451,0.130414517651911,0.07049689560244395,2.7473474139700693,0.7075465657494253
2024-05-19,2023-24,Luton Town,Fulham,A,2,0.2408546113198624,0.2323757281424185,0.5267696605377191,1.1354860007943517,1.7893310223767294
2024-05-19,2023-24,Sheffield United,Tottenham,A,2,0.1532124806385867,0.1819022284800125,0.6648852908814008,1.0518611978674706,2.3638267241609494
2024-05-19,2023-24,Crystal Palace,Aston Villa,H,0,0.4066880209905345,0.2530772134757201,0.3402347655337454,1.4632213456795071,1.3170085167045782
2024-08-16,2024-25,Manchester United,Fulham,H,0,0.5209902072165756,0.24153344331987564,0.23747634946354865,1.6863677940172268,1.0566270860404408
2024-08-17,2024-25,Arsenal,Wolverhampton Wanderers,H,0,0.8481338755602121,0.1004652837360575,0.05140084070373035,3.188208421843781,0.7128006182305069
2024-08-17,2024-25,Everton,Brighton and Hove Albion,A,2,0.404075703625207,0.2531309815981405,0.3427933147766525,1.458123793582703,1.3232805112509802
2024-08-17,2024-25,Newcastle United,Southampton,H,0,0.6789524424949759,0.17443321509913853,0.14661434240588553,2.4670143612196025,1.070957803303949
2024-08-17,2024-25,Nottingham Forest,Bournemouth,D,1,0.4175069106008605,0.24698381583051154,0.3355092735686279,1.5380285800467195,1.3543268165914588
2024-08-17,2024-25,West Ham,Aston Villa,A,2,0.3285573137687664,0.24272594137120973,0.4287167448600239,1.3711257267671757,1.5983272453722697
2024-08-18,2024-25,Brentford,Crystal Palace,H,0,0.36775674344160064,0.2522878313632,0.3799554251951993,1.3913469088421373,1.4182896594041607
2024-08-18,2024-25,Chelsea,Manchester City,A,2,0.2368763655331969,0.21516088434688907,0.5479627501199139,1.262027767219015,2.0136850601131533
2024-08-19,2024-25,Leicester City,Tottenham,D,1,0.33965169809726714,0.23703996251724416,0.4233083393854888,1.4568836918141008,1.6504530936631359
2024-08-24,2024-25,Aston Villa,Arsenal,A,2,0.22522439577806366,0.22029442701240906,0.5544811772095273,1.1588082488570137,1.9358486336904677
2024-08-24,2024-25,Brighton and Hove Albion,Manchester United,H,0,0.4404865452355743,0.2569523891240901,0.3025610656403357,1.480081071694163,1.181540783099045
2024-08-24,2024-25,Crystal Palace,West Ham,A,2,0.526268964783235,0.2325815780084577,0.24114945720830727,1.7868938389423517,1.1352051746195724
2024-08-24,2024-25,Fulham,Leicester City,H,0,0.3980308433233518,0.261579824893542,0.3403893317831062,1.3767421893119243,1.2530182864183097
2024-08-24,2024-25,Manchester City,Ipswich,H,0,0.9045542402654676,0.06802806797445293,0.027417691760079535,3.6157282507225674,0.5741702956893069
2024-08-24,2024-25,Southampton,Nottingham Forest,A,2,0.4545611826713022,0.23958501335667587,0.305853803972022,1.6660406890414878,1.3266909473521344
2024-08-24,2024-25,Tottenham,Everton,H,0,0.5829844617204681,0.2198126364533455,0.19720290182618638,1.9180639043203176,1.0207980104949728
2024-08-25,2024-25,Bournemouth,Newcastle United,D,1,0.2750228457496038,0.22534261086026297,0.49963454339013325,1.3406227944583602,1.8731896164984545
2024-08-25,2024-25,Liverpool,Brentford,H,0,0.7839152152022262,0.13302075769318203,0.08306402710459175,2.835925255378891,0.8401809509620839
2024-08-25,2024-25,Wolverhampton Wanderers,Chelsea,A,2,0.2083552094626569,0.20995962188000358,0.5816851686573394,1.1585439571173177,2.062245358476021
2024-08-31,2024-25,Arsenal,Brighton and Hove Albion,D,1,0.7050382853508478,0.17439940202580115,0.12056231262335113,2.341379148968725,0.8572510288516542
2024-08-31,2024-25,Brentford,Southampton,H,0,0.4763416645722004,0.24836581833993968,0.27529251708785984,1.5962422812804444,1.1528959742710676
2024-08-31,2024-25,West Ham,Manchester City,A,2,0.1315412332847616,0.1711044291127024,0.697354337602536,0.9760597210676415,2.4524864289738617
2024-08-31,2024-25,Everton,Bournemouth,A,2,0.3939987910553107,0.2540313696090658,0.35196983933562354,1.4316110906427064,1.3393231158025811
2024-08-31,2024-25,Leicester City,Aston Villa,A,2,0.3208963316922447,0.25620648119203876,0.42289718711571667,1.2403130089692453,1.4622049179664247
2024-08-31,2024-25,Nottingham Forest,Wolverhampton Wanderers,D,1,0.5622592211641768,0.21894294008032594,0.21879783875549727,1.949260935491684,1.1378780971531417
2024-08-31,2024-25,Ipswich,Fulham,D,1,0.3097900326649132,0.24848377145305325,0.44172619588203355,1.2660226542119468,1.5591495923082381
2024-09-01,2024-25,Chelsea,Crystal Palace,D,1,0.49674464107392335,0.2367995109059533,0.2664558480201233,1.7310907887754183,1.2066009613807451
2024-09-01,2024-25,Manchester United,Liverpool,A,2,0.19344629961784282,0.19981117797696085,0.6067425224051963,1.1627289632529438,2.189510960233262
2024-09-01,2024-25,Newcastle United,Tottenham,H,0,0.4020378399566931,0.23525402658646355,0.36270813345684333,1.6311921573170605,1.5394559042574514
2024-09-14,2024-25,Brighton and Hove Albion,Ipswich,D,1,0.6243613123671201,0.21121388399695687,0.1644248036359231,1.974409754281278,0.8999966956230927
2024-09-14,2024-25,Aston Villa,Everton,H,0,0.6425506062476369,0.19663599730481832,0.16081339644754475,2.1590618525121625,0.9808625219216126
2024-09-14,2024-25,Bournemouth,Chelsea,A,2,0.3607388292830686,0.2424061795851309,0.3968549911318005,1.4630708119725455,1.5453322146491275
2024-09-14,2024-25,Crystal Palace,Leicester City,D,1,0.5056211993697156,0.2467446544423801,0.2476341461879042,1.6291849162943224,1.0625675623575581
2024-09-14,2024-25,Fulham,West Ham,D,1,0.4010011531116013,0.25127016327465246,0.34772868361374626,1.4691161183862087,1.351193933765999
2024-09-14,2024-25,Manchester City,Brentford,H,0,0.8046717471855998,0.12375186297506349,0.0715763898393367,2.909947648101356,0.7824387374673164
2024-09-14,2024-25,Southampton,Manchester United,A,2,0.2795858922715082,0.2374730259923885,0.4829410817361034,1.2513645533444524,1.7154447049138055
2024-09-14,2024-25,Liverpool,Nottingham Forest,A,2,0.7907761989661658,0.128502589319121,0.08072121171471308,2.914240373959715,0.8567726923197884
2024-09-15,2024-25,Tottenham,Arsenal,A,2,0.28080461419986813,0.2395511306259449,0.4796442551741871,1.238993239892383,1.6899847116391384
2024-09-15,2024-25,Wolverhampton Wanderers,Newcastle United,A,2,0.2285619019900939,0.21868588640995218,0.5527522115999539,1.1888531510274662,1.9594197528852637
2024-09-21,2024-25,Fulham,Newcastle United,H,0,0.3399244792280897,0.2522189687793244,0.4078565519925858,1.3230604046743424,1.472907670570169
2024-09-21,2024-25,Aston Villa,Wolverhampton Wanderers,H,0,0.6864621647381183,0.1797899831786651,0.1337478520832167,2.3179132482450315,0.9201254453824713
2024-09-21,2024-25,Crystal Palace,Manchester United,D,1,0.3500298083400663,0.24973052106470164,0.40023967059523213,1.3699972323872345,1.4816814127379379
2024-09-21,2024-25,Leicester City,Everton,D,1,0.5022309763893755,0.24010880620518185,0.25766021740544265,1.6967472551236356,1.1470287338984388
2024-09-21,2024-25,Liverpool,Bournemouth,H,0,0.7456353094862315,0.14970116737861533,0.10466352313515322,2.6837497917804063,0.9230594021502131
2024-09-21,2024-25,Tottenham,Brentford,H,0,0.5693035836428352,0.22167248375790363,0.20902393259926116,1.906378157555348,1.0674775706809394
2024-09-21,2024-25,West Ham,Chelsea,A,2,0.28022126448340234,0.23793994227844012,0.4818387932381575,1.24990327293378,1.7094278016865398
2024-09-21,2024-25,Southampton,Ipswich,D,1,0.41709884165819194,0.24928439031964206,0.333616768022166,1.515453435987469,1.3297823073031856
2024-09-22,2024-25,Brighton and Hove Albion,Nottingham Forest,D,1,0.5214743061420524,0.24009986566417088,0.23842582819377672,1.701695042004975,1.0700818167063846
2024-09-22,2024-25,Manchester City,Arsenal,D,1,0.5231674045605537,0.23551444188466905,0.24131815355477734,1.752666826140654,1.11422313004435
2024-09-28,2024-25,Arsenal,Leicester City,H,0,0.7514535209658602,0.1557195443645417,0.09282693466959827,2.478769420608856,0.752069901311387
2024-09-28,2024-25,Brentford,West Ham,D,1,0.45043057017229116,0.24038041724651227,0.3091890125811967,1.6525997553901584,1.330878715728836
2024-09-28,2024-25,Chelsea,Brighton and Hove Albion,H,0,0.5234256293587418,0.23476199490724453,0.24181237573401362,1.7613224114857828,1.1218063034347834
2024-09-28,2024-25,Everton,Crystal Palace,H,0,0.3599138018870553,0.24695329433503824,0.39313290377790655,1.4191093288963568,1.4936814219148704
2024-09-28,2024-25,Newcastle United,Manchester City,D,1,0.17687861294078722,0.2029845321414398,0.6201368549177729,1.0329868640165596,2.107846235197143
2024-09-28,2024-25,Nottingham Forest,Fulham,A,2,0.38394336261980927,0.2577676808464231,0.3582889565337677,1.3805966661893565,1.3248685602706594
2024-09-28,2024-25,Wolverhampton Wanderers,Liverpool,A,2,0.13624971160154184,0.18437138920801702,0.6793788991904411,0.9034745020218402,2.2576739784932056
2024-09-29,2024-25,Ipswich,Aston Villa,D,1,0.190296389663633,0.2084455637656718,0.6012580465706953,1.0691063640860563,2.057000654103618
2024-09-29,2024-25,Manchester United,Tottenham,A,2,0.4337510847196074,0.24319748158718177,0.3230514336932109,1.6009276297296664,1.350393166882706
2024-09-30,2024-25,Bournemouth,Southampton,H,0,0.533603264803109,0.22238601271689812,0.2440107224799928,1.9158909336780017,1.2309156434467174
2024-10-05,2024-25,Everton,Newcastle United,D,1,0.2940664560163139,0.24132256707661015,0.46461097690707587,1.271864423809914,1.6578940214767586
2024-10-05,2024-25,Brentford,Wolverhampton Wanderers,H,0,0.48523702213777237,0.24284989701778165,0.2719130808444461,1.6585271851940033,1.1807954311253477
2024-10-05,2024-25,Crystal Palace,Liverpool,A,2,0.183336215520536,0.20967194286403637,0.6069918416154276,1.019522432926381,2.028620182031571
2024-10-05,2024-25,West Ham,Ipswich,H,0,0.42972525896172387,0.25637162517214795,0.3139031158661283,1.470729881144712,1.219142351898527
2024-10-05,2024-25,Leicester City,Bournemouth,H,0,0.29886235505684666,0.23343717829570837,0.46770046664744497,1.357343210461581,1.7497347625908082
2024-10-05,2024-25,Manchester City,Fulham,H,0,0.7108123891631981,0.16997598358740099,0.11921162724940097,2.4060635232481307,0.8806125353215412
2024-10-05,2024-25,Arsenal,Southampton,H,0,0.8449704253928667,0.10175248762450498,0.05327708698262829,3.189393867554568,0.7318089609793662
2024-10-06,2024-25,Aston Villa,Manchester United,D,1,0.5734013903428549,0.21670250564679958,0.2098961040103455,1.9710670832061667,1.1103322676494416
2024-10-06,2024-25,Brighton and Hove Albion,Tottenham,H,0,0.28558695994065403,0.2284097962111367,0.48600324384820925,1.3542867253384445,1.8261947392400502
2024-10-06,2024-25,Chelsea,Nottingham Forest,D,1,0.650281233714483,0.19739283031757007,0.1523259359679469,2.124710628912103,0.9195482419880825
2024-10-19,2024-25,Newcastle United,Brighton and Hove Albion,A,2,0.49144990968448765,0.23998794414758173,0.2685621461679306,1.6929042627272635,1.1899090421819158
2024-10-19,2024-25,Southampton,Leicester City,A,2,0.42313570628996894,0.23949570223490657,0.33736859147512455,1.6234504308957078,1.4266433092327762
2024-10-19,2024-25,Bournemouth,Arsenal,H,0,0.15121798914683718,0.18201839623983623,0.6667636146133266,1.0355943902151017,2.3540638709700454
2024-10-19,2024-25,Fulham,Aston Villa,A,2,0.38117221847204313,0.25398270448397503,0.36484507704398195,1.4063446084061957,1.3704701184567587
2024-10-19,2024-25,Ipswich,Everton,A,2,0.4212366636338438,0.24730672426566816,0.331456612100488,1.5409693708778585,1.3401285142454338
2024-10-19,2024-25,Manchester United,Brentford,H,0,0.4719246190027547,0.2327179973905667,0.2953573836066786,1.7621717948246334,1.351210886924663
2024-10-19,2024-25,Tottenham,West Ham,H,0,0.6089566573131313,0.20548879127545477,0.1855545514114138,2.0899195514367768,1.0652485899444872
2024-10-20,2024-25,Liverpool,Chelsea,H,0,0.5317169920529679,0.2281816730986438,0.24010133484838841,1.8402598172023705,1.164684468576331
2024-10-20,2024-25,Wolverhampton Wanderers,Manchester City,A,2,0.08393874864730043,0.14227545615533566,0.7737857951973639,0.7657941736382932,2.6497329662514173
2024-10-21,2024-25,Nottingham Forest,Crystal Palace,H,0,0.4422529044893186,0.2554832444091487,0.3022638511015327,1.4951630077729339,1.1908977579356042
2024-10-25,2024-25,Leicester City,Nottingham Forest,A,2,0.38992994594386077,0.24522952590441735,0.3648405281517218,1.503509969235608,1.4468691212822131
2024-10-26,2024-25,Aston Villa,Bournemouth,D,1,0.5662124859188165,0.22677205873010983,0.20701545535107369,1.8432285381969866,1.021136466429761
2024-10-26,2024-25,Brentford,Ipswich,H,0,0.4917814864532375,0.24014040049397237,0.2680781130527901,1.6914311048655766,1.1869089368776975
2024-10-26,2024-25,Brighton and Hove Albion,Wolverhampton Wanderers,D,1,0.64745463882933,0.19986851555453922,0.15267684561613085,2.0921894739489324,0.9044105595930558
2024-10-26,2024-25,Everton,Fulham,D,1,0.3154398901098903,0.24312001672664443,0.4414400931634652,1.3274780578791798,1.612351369463238
2024-10-26,2024-25,Manchester City,Southampton,H,0,0.8345378159620874,0.10858277277464032,0.05687941126327224,3.0658161811605646,0.7184724779335773
2024-10-27,2024-25,Arsenal,Liverpool,D,1,0.4688082341315542,0.23673267626190186,0.2944590896065439,1.712457122236679,1.312012521936532
2024-10-27,2024-25,Chelsea,Newcastle United,H,0,0.5115317935467714,0.23420650679113308,0.2542616996620955,1.766170619379452,1.1780218357291958
2024-10-27,2024-25,Crystal Palace,Tottenham,H,0,0.24528171691200665,0.22725470558922148,0.5274635774987718,1.1953103772517364,1.8524851210348618
2024-10-27,2024-25,West Ham,Manchester United,H,0,0.3595288128087443,0.2502778193498855,0.3901933678413702,1.3890625844419326,1.4571919335559909
2024-11-02,2024-25,Ipswich,Leicester City,D,1,0.41654866812328434,0.23586195951398709,0.34758937236272863,1.6519536547107259,1.491625374700561
2024-11-02,2024-25,Bournemouth,Manchester City,H,0,0.16778625349228768,0.20816232406180304,0.6240514224459093,0.9399072083427168,2.0192213437792703
2024-11-02,2024-25,Liverpool,Brighton and Hove Albion,H,0,0.6754829856852712,0.1867020295606321,0.13781498475409673,2.2290406458653194,0.8974768153026865
2024-11-02,2024-25,Newcastle United,Arsenal,H,0,0.230938826364063,0.220154143246162,0.5489070303897751,1.1879793481935563,1.9409572963026283
2024-11-02,2024-25,Nottingham Forest,West Ham,H,0,0.42486518431733145,0.24768157139481486,0.32745324428785366,1.5430428953209279,1.3254915019218885
2024-11-02,2024-25,Wolverhampton Wanderers,Crystal Palace,D,1,0.33562576316137716,0.2608959686748105,0.40347826816381244,1.2458802649998566,1.391749007671178
2024-11-02,2024-25,Southampton,Everton,H,0,0.34092456215528694,0.24990443761866832,0.40917100022604486,1.3446445715206683,1.4962572934424856
2024-11-03,2024-25,Manchester United,Chelsea,D,1,0.31374432427460924,0.23417994595986572,0.452075729765525,1.4024132846731123,1.7241934164440795
2024-11-03,2024-25,Tottenham,Aston Villa,H,0,0.45417049862144,0.24699497806348505,0.29883452331507493,1.588653755729943,1.2427315924232851
2024-11-04,2024-25,Fulham,Brentford,H,0,0.5088967983792109,0.229944384934948,0.2611588166858412,1.8169571145974108,1.241349304249121
2024-11-09,2024-25,Brentford,Bournemouth,H,0,0.4188156713068495,0.2504216066152072,0.3307627220779434,1.5076386751741766,1.312540485148112
2024-11-09,2024-25,Brighton and Hove Albion,Manchester City,H,0,0.19381805338215985,0.21361409527954775,0.5925678513382924,1.0484604923521488,1.9927346504386476
2024-11-09,2024-25,Crystal Palace,Fulham,A,2,0.3401513043497807,0.2559805008279651,0.4038681948222543,1.2940639739464768,1.4330546664756447
2024-11-09,2024-25,Liverpool,Aston Villa,H,0,0.6097550749313564,0.2145542101791375,0.1756907148895061,1.953580783921551,0.9417412504832297
2024-11-09,2024-25,West Ham,Everton,D,1,0.48664087276720286,0.24663205936419383,0.2667270678686033,1.6207288660005645,1.134517357356069
2024-11-09,2024-25,Wolverhampton Wanderers,Southampton,H,0,0.42314883023050687,0.2505477226044039,0.3263034471650892,1.5132897748084533,1.2989108185981681
2024-11-10,2024-25,Chelsea,Arsenal,D,1,0.29779648282529575,0.23252370136784342,0.4696798158068608,1.3619344530371906,1.7625013123365656
2024-11-10,2024-25,Manchester United,Leicester City,H,0,0.5520951558701057,0.2187018147384748,0.22920302939141965,1.9595893724623652,1.1918925676732126
2024-11-10,2024-25,Nottingham Forest,Newcastle United,A,2,0.3922074675197539,0.25910437931525776,0.3486881531649885,1.3858441981047822,1.291716763280457
2024-11-10,2024-25,Tottenham,Ipswich,A,2,0.6778048989504909,0.18072311095727175,0.1414719900922375,2.3359440685996313,0.9722315335022574
2024-11-23,2024-25,Aston Villa,Crystal Palace,D,1,0.5954680968478863,0.2159407956626002,0.1885911074895134,1.9556770370529082,1.0028361546737732
2024-11-23,2024-25,Arsenal,Nottingham Forest,H,0,0.6404509412141026,0.20059113847552495,0.15895792031037248,2.098907091276457,0.939303758356692
2024-11-23,2024-25,Leicester City,Chelsea,A,2,0.29018612203576954,0.24348148584072235,0.46633239212350813,1.241110550662417,1.6367976716608117
2024-11-23,2024-25,Bournemouth,Brighton and Hove Albion,A,2,0.4039124772152899,0.24661538571949648,0.3494721370652136,1.5177195804789347,1.3954560195222925
2024-11-23,2024-25,Manchester City,Tottenham,A,2,0.6818690145282287,0.1799185723535998,0.13821241311817148,2.3351754948021917,0.9537561230133571
2024-11-23,2024-25,Everton,Brentford,D,1,0.3725309684242853,0.25248518676737075,0.3749838448083439,1.4004454455932627,1.4058600115068036
2024-11-23,2024-25,Fulham,Wolverhampton Wanderers,A,2,0.6428678422093196,0.20084871905495363,0.15628343873572678,2.0885812975432385,0.9205294428000086
2024-11-24,2024-25,Ipswich,Manchester United,D,1,0.26554963766837664,0.23118981330677632,0.5032605490248471,1.2489419022997397,1.799906828800798
2024-11-24,2024-25,Southampton,Liverpool,A,2,0.10034540373307393,0.15642144183945486,0.7432331544274712,0.819080067811454,2.521270654966691
2024-11-25,2024-25,Newcastle United,West Ham,A,2,0.5556617685718138,0.22615070729464648,0.21818752413353973,1.85764787047873,1.0790760100615757
2024-11-29,2024-25,Brighton and Hove Albion,Southampton,D,1,0.6609497246414426,0.19107864350509168,0.14797163185346582,2.200727969284428,0.9367320395073766
2024-11-30,2024-25,Crystal Palace,Newcastle United,D,1,0.3089357746401465,0.24770656326616355,0.44335766209369,1.2694719575659001,1.56877666579711
2024-11-30,2024-25,West Ham,Arsenal,A,2,0.22656039174324555,0.24230768471782851,0.531131923538926,1.0069070477768096,1.678825669871524
2024-11-30,2024-25,Brentford,Leicester City,H,0,0.5032410712385768,0.23498327088302726,0.261775657878396,1.7546632473411778,1.2024698305860648
2024-11-30,2024-25,Wolverhampton Wanderers,Bournemouth,A,2,0.3545466579439535,0.2563797969021088,0.38907354515393777,1.3268824503811585,1.402179802587069
2024-11-30,2024-25,Nottingham Forest,Ipswich,H,0,0.5128689695702616,0.23725352080280349,0.24987750962693497,1.7315472161293917,1.1369598719316816
2024-12-01,2024-25,Chelsea,Aston Villa,H,0,0.45155085949211926,0.23711814316041763,0.3113309973474631,1.6898437839348983,1.3669533141264183
2024-12-01,2024-25,Liverpool,Manchester City,H,0,0.475080932357337,0.23009420491260732,0.2948248627300557,1.796959215969825,1.3737979326934167
2024-12-01,2024-25,Manchester United,Everton,H,0,0.5532930700182759,0.23155183586114647,0.21515509412057768,1.7928414819678717,1.026887310554918
2024-12-01,2024-25,Tottenham,Fulham,D,1,0.5008808292648049,0.2359202120830815,0.26319895865211357,1.742939156861554,1.200723110001701
2024-12-03,2024-25,Ipswich,Crystal Palace,A,2,0.37447910784767985,0.24283655810356744,0.3826843340487527,1.492463846576927,1.511134711935678
2024-12-03,2024-25,Leicester City,West Ham,H,0,0.37752955341948735,0.253762693673026,0.3687077529074866,1.400505300812344,1.3811076622374667
2024-12-04,2024-25,Aston Villa,Brentford,H,0,0.5223721985628583,0.22585268805436137,0.25177511338278025,1.8708313843683901,1.235982938054506
2024-12-04,2024-25,Everton,Wolverhampton Wanderers,H,0,0.4826839435153886,0.25485544079812633,0.26246061568648504,1.5401141909649116,1.065126765885782
2024-12-04,2024-25,Arsenal,Manchester United,H,0,0.6273537422523165,0.20530038690058244,0.16734587084710098,2.055576641986792,0.9574050253606937
2024-12-04,2024-25,Newcastle United,Liverpool,D,1,0.2051134845059318,0.2204388266145015,0.5744476888795668,1.0568811166706629,1.918313852984556
2024-12-04,2024-25,Southampton,Chelsea,A,2,0.17313599873343755,0.2101299328575468,0.6167340684090156,0.9574644217301136,2.004430326084385
2024-12-04,2024-25,Manchester City,Nottingham Forest,H,0,0.651218605132544,0.18807895205490205,0.1607024428125538,2.28884070935594,1.0511914473250066
2024-12-05,2024-25,Bournemouth,Tottenham,H,0,0.3986559626198757,0.24278055863308826,0.3585634787470361,1.5451734421815264,1.4539759906933625
2024-12-05,2024-25,Fulham,Brighton and Hove Albion,H,0,0.40031978187179124,0.2561037088174452,0.34357650931076367,1.4256708048501703,1.3019035920230553
2024-12-07,2024-25,Aston Villa,Southampton,H,0,0.7298747666157854,0.15827515164032707,0.11185008174388744,2.5685624129330042,0.9143655251854871
2024-12-07,2024-25,Brentford,Newcastle United,H,0,0.35166984918258626,0.25819540223123216,0.3901347485861816,1.305850520064203,1.3892789852196707
2024-12-07,2024-25,Crystal Palace,Manchester City,D,1,0.23080845977201392,0.21449960408054733,0.5546919361474387,1.2374280700223164,2.0193308456109555
2024-12-07,2024-25,Manchester United,Nottingham Forest,A,2,0.512386860243409,0.2450896632268399,0.24252347652975112,1.6479282111490494,1.0535100077289354
2024-12-08,2024-25,Fulham,Arsenal,D,1,0.201123630094834,0.22554167535553685,0.5733346945496292,1.0008260114030554,1.8530855445531151
2024-12-08,2024-25,Ipswich,Bournemouth,A,2,0.2671433606293955,0.231497405909754,0.5013592334608505,1.2528256663684327,1.7954544934288859
2024-12-08,2024-25,Leicester City,Brighton and Hove Albion,D,1,0.3139926805154754,0.24558538893391935,0.44042193055060525,1.3023340133067158,1.5859269909378493
2024-12-08,2024-25,Tottenham,Chelsea,A,2,0.2755126341203923,0.22086822525296498,0.5036191406266427,1.3866503054404653,1.9360203149325201
2024-12-09,2024-25,West Ham,Wolverhampton Wanderers,H,0,0.4866425063117482,0.24359081954976594,0.2697666741384858,1.6517033766792042,1.1674137414139394
2024-12-14,2024-25,Newcastle United,Leicester City,H,0,0.5638021047453169,0.2267392038989879,0.20945869135569528,1.8452915846372602,1.0331267881724255
2024-12-14,2024-25,Liverpool,Fulham,D,1,0.7582684526614842,0.14952147909374242,0.09221006824477332,2.5845172666444736,0.7941989760603271
2024-12-14,2024-25,Wolverhampton Wanderers,Ipswich,A,2,0.4282207226282654,0.25826159869453813,0.31351767867719643,1.4523988385335056,1.2046010589169254
2024-12-14,2024-25,Nottingham Forest,Aston Villa,H,0,0.2821284382488285,0.24219367487672278,0.47567788687444873,1.222874279692695,1.658460813137557
2024-12-14,2024-25,Arsenal,Everton,D,1,0.7847134957201052,0.13933927910285038,0.07594722517704441,2.6287644914017774,0.7003388500266762
2024-12-15,2024-25,Brighton and Hove Albion,Crystal Palace,A,2,0.5014029919558624,0.23893030905787327,0.2596666989862644,1.709297899277753,1.1636157646383343
2024-12-15,2024-25,Chelsea,Brentford,H,0,0.692264274520479,0.17009522253987883,0.1376405029396421,2.5025899254561943,1.0379229540648953
2024-12-15,2024-25,Manchester City,Manchester United,A,2,0.6322565255678166,0.19894041443593066,0.16880305999625264,2.14684538105584,1.0145773558688862
2024-12-15,2024-25,Southampton,Tottenham,A,2,0.21732805600898178,0.2099632626710343,0.5727086813199839,1.2079147052525732,2.072966970148532
2024-12-16,2024-25,Bournemouth,West Ham,D,1,0.6098064981570547,0.20363649436988035,0.186557007473065,2.1183287177536214,1.0865886637391637
2024-12-21,2024-25,Aston Villa,Manchester City,H,0,0.3623182162095764,0.2450213682896446,0.39266041550077907,1.4425908425898897,1.5111289136616237
2024-12-21,2024-25,Brentford,Nottingham Forest,A,2,0.41083268244733573,0.2531756743781876,0.3359916431744767,1.4694880414549414,1.3049340017201843
2024-12-21,2024-25,Crystal Palace,Arsenal,A,2,0.19477333926208262,0.21510301772725454,0.5901236430106629,1.0424001712493363,1.9746197152446612
2024-12-21,2024-25,Ipswich,Newcastle United,A,2,0.2681049215570863,0.24173904784897143,0.49015603059394214,1.1749496167635605,1.6733165813253785
2024-12-21,2024-25,West Ham,Brighton and Hove Albion,D,1,0.3822087989527985,0.2482098769001006,0.36958132414710093,1.4593252085748296,1.4310812028843543
2024-12-22,2024-25,Everton,Chelsea,D,1,0.17795050497776252,0.20098309074841642,0.621066404273821,1.055851921111979,2.1388736816618943
2024-12-22,2024-25,Tottenham,Liverpool,A,2,0.20813990779034564,0.19681610477017333,0.595043987439481,1.2844177523468716,2.2670859968365824
2024-12-22,2024-25,Fulham,Southampton,D,1,0.6492100540274138,0.19763711408315207,0.15315283188943407,2.1236885158463163,0.9232013886495594
2024-12-22,2024-25,Manchester United,Bournemouth,A,2,0.3950246274968302,0.24419274934529137,0.36078262315787846,1.5239643786394388,1.446418018086303
2024-12-22,2024-25,Leicester City,Wolverhampton Wanderers,A,2,0.4576166791724982,0.24555641837351394,0.29682690245398785,1.6067853302877613,1.2473129919296675
2024-12-26,2024-25,Bournemouth,Crystal Palace,D,1,0.5477065197521744,0.2186250833010099,0.23366839694681563,1.963129993765202,1.2145739866255287
2024-12-26,2024-25,Chelsea,Fulham,A,2,0.6684875606331645,0.18611266402729415,0.1453997753395413,2.266156339468572,0.9572206724396174
2024-12-26,2024-25,Liverpool,Leicester City,H,0,0.8847760440370211,0.07818876004644254,0.03703519591653629,3.5665279109671917,0.6893907268760048
2024-12-26,2024-25,Manchester City,Everton,D,1,0.6478751105633228,0.20183883480242962,0.1502860546342475,2.0600547437785073,0.8759761969245173
2024-12-26,2024-25,Newcastle United,Aston Villa,H,0,0.44240816326747506,0.24303418813322553,0.3145576485992993,1.614513610872514,1.3254245420865138
2024-12-26,2024-25,Nottingham Forest,Tottenham,H,0,0.4492842711874357,0.24245888666073007,0.30825684215183413,1.6291539736280476,1.3100744275135578
2024-12-26,2024-25,Southampton,West Ham,A,2,0.2569459837126291,0.22507834956207826,0.5179756667252926,1.265607489394999,1.8808936923532913
2024-12-26,2024-25,Wolverhampton Wanderers,Manchester United,H,0,0.2728205331153934,0.2510665865084245,0.47611288037618205,1.1256418935953385,1.5701344101883976
2024-12-27,2024-25,Arsenal,Ipswich,H,0,0.8642146810243442,0.09318525107687625,0.042600067898779605,3.206765818676648,0.6286632770930726
2024-12-27,2024-25,Brighton and Hove Albion,Brentford,D,1,0.5010191508180997,0.24254301499529685,0.25643783418660354,1.670271835438122,1.1247672179518238
2024-12-29,2024-25,Tottenham,Wolverhampton Wanderers,D,1,0.5415776761297749,0.2250699532490961,0.23335237062112896,1.8778033824450175,1.1587858684717611
2024-12-29,2024-25,West Ham,Liverpool,A,2,0.13142422908327037,0.16636468579610703,0.7022110851206226,1.0198641276878957,2.5386064671948017
2024-12-29,2024-25,Crystal Palace,Southampton,H,0,0.6462153634948495,0.19592970426474152,0.15785493224040903,2.1609190727964354,0.9667882583101105
2024-12-29,2024-25,Everton,Nottingham Forest,A,2,0.3463420571270833,0.2691334294875582,0.38452451338535837,1.2150149318044587,1.2952957869618253
2024-12-29,2024-25,Fulham,Bournemouth,D,1,0.37159463210387084,0.25153943319842353,0.37686593469770563,1.4064544932173793,1.4181241985961504
2024-12-29,2024-25,Leicester City,Manchester City,A,2,0.15641349269101198,0.1990377902946469,0.6445487170143411,0.9342519667378367,2.1134247054623017
2024-12-30,2024-25,Manchester United,Newcastle United,A,2,0.2998025462366562,0.24228076805983184,0.457916685703512,1.2835683694589264,1.640870919371931
2024-12-30,2024-25,Aston Villa,Brighton and Hove Albion,D,1,0.5125351955664875,0.2417975707523229,0.24566723368118967,1.6819942526731437,1.0877864985123518
2024-12-30,2024-25,Ipswich,Chelsea,H,0,0.13703465082182065,0.17112201789718737,0.691843331280992,1.0227526024752904,2.4805622789209547
2025-01-01,2024-25,Brentford,Arsenal,A,2,0.13251387751246813,0.1825321165781276,0.6849540059094044,0.889428487747739,2.270285891737977
2025-01-04,2024-25,Aston Villa,Leicester City,H,0,0.6428142457566063,0.20586880689005824,0.15131694735333562,2.01183604250732,0.8565052595277817
2025-01-04,2024-25,Bournemouth,Everton,H,0,0.5929808313779301,0.22154895120680423,0.18547021741526565,1.8837945003265928,0.9482084109871775
2025-01-04,2024-25,Tottenham,Newcastle United,A,2,0.28166577611028665,0.21898470018408228,0.4993495237056311,1.4327332749095674,1.9616561489361806
2025-01-04,2024-25,Brighton and Hove Albion,Arsenal,D,1,0.17398401702168495,0.21313641585011336,0.6128795671282016,0.9417075778671984,1.9681738192411369
2025-01-04,2024-25,Manchester City,West Ham,H,0,0.659778618002307,0.19425090547460513,0.14597047652308792,2.14917029820215,0.8997256829305753
2025-01-04,2024-25,Southampton,Brentford,A,2,0.2963991062865504,0.24958041025282354,0.45402048346062607,1.2152022874637989,1.5633315826532899
2025-01-04,2024-25,Crystal Palace,Chelsea,D,1,0.32158165343800105,0.24008532058436727,0.43833302597763174,1.3733213968894185,1.6401124094168276
2025-01-05,2024-25,Fulham,Ipswich,D,1,0.5720160911874059,0.22698606440682886,0.20099784440576524,1.8362541973273023,0.9905571798206908
2025-01-05,2024-25,Liverpool,Manchester United,D,1,0.7821366562959974,0.137230726093926,0.08063261761007663,2.7181126852049187,0.7712267474822599
2025-01-06,2024-25,Wolverhampton Wanderers,Nottingham Forest,A,2,0.2830728411713709,0.2640022196377054,0.4529249391909236,1.0766479159737055,1.435810990822017
2025-01-14,2024-25,Brentford,Manchester City,D,1,0.2665795169275767,0.24207726915825045,0.49134321391417285,1.1667117720495128,1.6704079674959076
2025-01-14,2024-25,Chelsea,Bournemouth,D,1,0.4956615106247502,0.23924670633092174,0.26509178304432796,1.7032338638588052,1.1823049991502703
2025-01-14,2024-25,Nottingham Forest,Liverpool,D,1,0.21496804891341514,0.21628975159266692,0.5687421994939179,1.1400933266119082,1.9814569133746356
2025-01-14,2024-25,West Ham,Fulham,H,0,0.34323678228596693,0.2495436935315243,0.40721952418250873,1.3538269935431897,1.4961537854482447
2025-01-15,2024-25,Arsenal,Tottenham,H,0,0.7365141592077129,0.158833082643639,0.10465275814864808,2.508606102227408,0.8406018997522118
2025-01-15,2024-25,Everton,Aston Villa,A,2,0.26592731703726696,0.2528486988408571,0.48122398412187606,1.0899143355361982,1.5573634556023996
2025-01-15,2024-25,Leicester City,Crystal Palace,A,2,0.26521085834842867,0.24043331975830576,0.49435582189326555,1.1737815029159844,1.6896359327079973
2025-01-15,2024-25,Newcastle United,Wolverhampton Wanderers,H,0,0.7727996717469741,0.14368584888257957,0.08351447937044636,2.618605455090705,0.7496099756227441
2025-01-16,2024-25,Ipswich,Brighton and Hove Albion,A,2,0.3162679746058007,0.2511455345603658,0.4325864908338335,1.2649934074367453,1.5216488447796341
2025-01-16,2024-25,Manchester United,Southampton,H,0,0.693039029636122,0.17862588260795845,0.1283350877559196,2.312118679418142,0.8870280957125533
2025-01-18,2024-25,Arsenal,Aston Villa,D,1,0.6533471445252301,0.1968726522763679,0.14978020319840196,2.1245350588602787,0.9065431664060414
2025-01-18,2024-25,Brentford,Liverpool,A,2,0.1373125314438916,0.17216560390667837,0.69052186464943,1.0151874838294823,2.463085581257212
2025-01-18,2024-25,Leicester City,Fulham,A,2,0.2491916451469732,0.23931168408795397,0.5114966707650729,1.119247924417531,1.7084335588037272
2025-01-18,2024-25,Newcastle United,Bournemouth,A,2,0.5828048273299165,0.2167401615271424,0.20045501114294118,1.960444936366108,1.0604300310092323
2025-01-18,2024-25,West Ham,Crystal Palace,A,2,0.37022169367126745,0.24581022423958052,0.38396808208915206,1.4543945209889382,1.485375034254612
2025-01-19,2024-25,Everton,Tottenham,H,0,0.3623265499235112,0.25682331862627095,0.3808501314502179,1.3416564464532226,1.3820112470936892
2025-01-19,2024-25,Ipswich,Manchester City,A,2,0.14713352132266938,0.19216817151731358,0.660698307160017,0.9227586278585622,2.1822343631990826
2025-01-19,2024-25,Manchester United,Brighton and Hove Albion,A,2,0.42143633938603964,0.253970907986462,0.32459275262749837,1.4795722316886042,1.2674171044125053
2025-01-19,2024-25,Nottingham Forest,Southampton,H,0,0.7468365914470368,0.15638505797925098,0.09677835057371212,2.4961023186247506,0.7849795989814151
2025-01-20,2024-25,Chelsea,Wolverhampton Wanderers,H,0,0.6872720919134694,0.1854777827697985,0.1272501253167321,2.2058660249721136,0.8292942894333105
2025-01-25,2024-25,Liverpool,Ipswich,H,0,0.8930721338710772,0.07554864308167267,0.031379223047250125,3.4704364499163907,0.583509073139932
2025-01-25,2024-25,Bournemouth,Nottingham Forest,H,0,0.4596912531134384,0.24755680230302973,0.2927519445835319,1.589031664040168,1.2183948031694218
2025-01-25,2024-25,Brighton and Hove Albion,Everton,A,2,0.5867176652748379,0.22499245426909215,0.18828988045606992,1.8473832572892832,0.9406260133931633
2025-01-25,2024-25,Southampton,Newcastle United,A,2,0.10890405684354239,0.15329500479551708,0.7378009383609406,0.9320534598722006,2.644240033808333
2025-01-25,2024-25,Wolverhampton Wanderers,Arsenal,A,2,0.10349912742568322,0.16323944209270771,0.733261430481609,0.7953700711608661,2.425363965960911
2025-01-25,2024-25,Manchester City,Chelsea,H,0,0.5416881265194308,0.2213627104548976,0.2369491630256717,1.9274680077455155,1.2065866692746094
2025-01-26,2024-25,Aston Villa,West Ham,D,1,0.6072971188734807,0.21585642516529727,0.17684645596122212,1.939573295808043,0.9394697134013128
2025-01-26,2024-25,Crystal Palace,Brentford,A,2,0.5093847169697974,0.2317577599838693,0.25885752304633336,1.794822945888996,1.2166269465939958
2025-01-26,2024-25,Fulham,Manchester United,A,2,0.5280688231603458,0.23175781632358833,0.24017336051606603,1.7966662008874974,1.1372109154921264
2025-01-26,2024-25,Tottenham,Leicester City,A,2,0.5690573294044909,0.22611676938805783,0.20482590120745117,1.8493018126572849,1.0150221342448649
2025-02-01,2024-25,Bournemouth,Liverpool,A,2,0.22411858799631387,0.2135480068093608,0.5623334051943253,1.211517471435129,2.027726497148761
2025-02-01,2024-25,Everton,Leicester City,H,0,0.5192848167433793,0.24042916194772457,0.24028602130889604,1.697883103553106,1.0754477712371868
2025-02-01,2024-25,Ipswich,Southampton,A,2,0.565979823100046,0.222199462835005,0.21182071406494907,1.9020562055091585,1.077491065672811
2025-02-01,2024-25,Newcastle United,Fulham,A,2,0.538613187897668,0.22836144979760836,0.2330253623047236,1.8366543544813674,1.1313992548049832
2025-02-01,2024-25,Nottingham Forest,Brighton and Hove Albion,H,0,0.46079810907242746,0.24846339351737246,0.2907384974102001,1.5812928212418076,1.2049210792670766
2025-02-01,2024-25,Wolverhampton Wanderers,Aston Villa,H,0,0.2041636097190554,0.2257923652496018,0.5700440250313429,1.014014785122933,1.8525986818283122
2025-02-02,2024-25,Brentford,Tottenham,A,2,0.510313418069816,0.22903439354406144,0.2606521883861226,1.8286715529878532,1.2469834836580653
2025-02-02,2024-25,Manchester United,Crystal Palace,A,2,0.4177415545926431,0.24755805437945938,0.33470039102789745,1.5328865382019634,1.3471935364514993
2025-02-02,2024-25,Arsenal,Manchester City,H,0,0.4781864921747249,0.2404271426063439,0.2813863652189312,1.679340288044547,1.2341135189230186
2025-02-03,2024-25,Chelsea,West Ham,H,0,0.6497617464758375,0.19774957410245675,0.15248867942170574,2.120282158950958,0.9180643000593317
2025-02-12,2024-25,Everton,Liverpool,D,1,0.1349945148003832,0.17655680585659161,0.6884486793430251,0.9566644876016859,2.3759514954422554
2025-02-14,2024-25,Brighton and Hove Albion,Chelsea,H,0,0.30603766065669574,0.24755777162758652,0.44640456771571774,1.2615188858484845,1.5740312572314712
2025-02-15,2024-25,Aston Villa,Ipswich,D,1,0.6543261979983349,0.20058229533017066,0.14509150667149442,2.062292466836366,0.8512912336883794
2025-02-15,2024-25,Crystal Palace,Everton,A,2,0.4637436286112701,0.2479889540818486,0.2882674173068813,1.588845835400682,1.200165520092239
2025-02-15,2024-25,Fulham,Nottingham Forest,H,0,0.4391884872621553,0.24400625653097818,0.3168052562068665,1.6002354005580097,1.3242389093278653
2025-02-15,2024-25,Leicester City,Arsenal,A,2,0.09714020160172698,0.15998642446074277,0.7428733739375303,0.761441485792579,2.437529100659628
2025-02-15,2024-25,Manchester City,Newcastle United,H,0,0.5619392892811566,0.21788039998104106,0.22018031073780245,1.9644788401680022,1.1536248065937604
2025-02-15,2024-25,Southampton,Bournemouth,A,2,0.12362119592431567,0.16392023117067747,0.7124585729050069,0.972634970927522,2.538645298359549
2025-02-15,2024-25,West Ham,Brentford,A,2,0.3632820033303445,0.24227640913149245,0.39444158753816305,1.4707278230033318,1.5417379725777118
2025-02-16,2024-25,Liverpool,Wolverhampton Wanderers,H,0,0.8630773825246939,0.09309500503846405,0.043827612436842134,3.2392424421850796,0.6532583096371242
2025-02-16,2024-25,Tottenham,Manchester United,H,0,0.3748378439387358,0.252392153893124,0.37277000216814016,1.4063363797747483,1.4017704538436095
2025-02-19,2024-25,Aston Villa,Liverpool,D,1,0.20471842466078155,0.2211149694840878,0.5741666058551307,1.0498948959195513,1.9095206491738488
2025-02-21,2024-25,Leicester City,Brentford,A,2,0.27156638837290614,0.23880771948086724,0.48962589214622665,1.2104498327670377,1.7048114572047173
2025-02-22,2024-25,Aston Villa,Chelsea,H,0,0.38159768533693506,0.2533075360775609,0.36509477858550404,1.4129843417243089,1.3766495072102023
2025-02-22,2024-25,Arsenal,West Ham,A,2,0.7828786267575667,0.1444818093401197,0.0726395639023136,2.5057403103281715,0.6286657293014442
2025-02-22,2024-25,Southampton,Brighton and Hove Albion,A,2,0.19760316084939428,0.22098401564602294,0.5814128235045829,1.014563408948489,1.904139882097486
2025-02-22,2024-25,Bournemouth,Wolverhampton Wanderers,A,2,0.6756396201061377,0.18599339137779353,0.1383669885160688,2.24160804666924,0.9067903661653337
2025-02-22,2024-25,Ipswich,Tottenham,A,2,0.3051133017624098,0.2552522222834856,0.4396344759541046,1.2011692700893817,1.4938950492593368
2025-02-22,2024-25,Fulham,Crystal Palace,A,2,0.5115548433353874,0.24008088692242077,0.24836426974219183,1.700089915503543,1.1104654219685148
2025-02-22,2024-25,Everton,Manchester United,D,1,0.4767618405467954,0.24803703516801587,0.2752011242851887,1.59979031338829,1.1548985245509078
2025-02-23,2024-25,Manchester City,Liverpool,A,2,0.38568436601947204,0.24861549451525475,0.36570013946527313,1.4629957718839246,1.4183572310236372
2025-02-23,2024-25,Newcastle United,Nottingham Forest,H,0,0.45643462151879466,0.2438282491098482,0.2997371293713571,1.623138185906158,1.2707328262591326
2025-02-25,2024-25,Brighton and Hove Albion,Bournemouth,H,0,0.451244606234492,0.23982009390563697,0.308935299859871,1.659627303815982,1.3349135451732148
2025-02-25,2024-25,Chelsea,Southampton,H,0,0.7862693030974228,0.13497858553107947,0.07875211137149779,2.745002377504575,0.7687860291831072
2025-02-25,2024-25,Crystal Palace,Aston Villa,H,0,0.41847941920891396,0.25444546848643246,0.3270751123046535,1.4707649380416656,1.2707431951074968
2025-02-25,2024-25,Wolverhampton Wanderers,Fulham,A,2,0.30983966748349095,0.2632267991682908,0.4269335333482184,1.1604529713220024,1.4097856720631494
2025-02-26,2024-25,Brentford,Everton,D,1,0.43232119814268444,0.25246189024823346,0.31521691160908205,1.5091663368412649,1.2518257470936553
2025-02-26,2024-25,Liverpool,Newcastle United,H,0,0.6603596452290345,0.19334541969091348,0.1462949350800521,2.162837631140628,0.908407814892199
2025-02-26,2024-25,Manchester United,Ipswich,H,0,0.5659202257857513,0.22993147785336912,0.20414829636087967,1.8050879943077323,0.9863677562562733
2025-02-26,2024-25,Nottingham Forest,Arsenal,D,1,0.25183320629325473,0.23650020972853475,0.5116665839782105,1.1505249010264593,1.7397709339537355
2025-02-26,2024-25,Tottenham,Manchester City,A,2,0.23914282815442944,0.23911612829887255,0.521741043546698,1.0797287975525096,1.7123697298433118
2025-02-27,2024-25,West Ham,Leicester City,H,0,0.5847716232904729,0.23164480890729044,0.18358356780223672,1.77070000291242,0.8780784185897988
2025-03-08,2024-25,Crystal Palace,Ipswich,H,0,0.701848448642649,0.17796280903969824,0.12018874231765275,2.2847594865269474,0.8280964153718526
2025-03-08,2024-25,Brighton and Hove Albion,Fulham,H,0,0.4924984839178856,0.24519703879122487,0.26230447729088957,1.638684509744692,1.1282958939828391
2025-03-08,2024-25,Brentford,Aston Villa,A,2,0.4242276010670071,0.2516640530702989,0.32410834586269405,1.504648398935602,1.2838265922603955
2025-03-08,2024-25,Liverpool,Southampton,H,0,0.9163003511830264,0.06214830831409228,0.021551340502881385,3.5993769321891356,0.4792430391047884
2025-03-08,2024-25,Wolverhampton Wanderers,Everton,D,1,0.3311452328665518,0.2621729050788237,0.40668186205462453,1.2252691482013325,1.387005495330443
2025-03-08,2024-25,Nottingham Forest,Manchester City,H,0,0.2682305853319342,0.23977856129203887,0.49199085337602694,1.1902528178378107,1.6954880426879861
2025-03-09,2024-25,Chelsea,Leicester City,H,0,0.7337593696494396,0.16498164812154179,0.1012589822290186,2.3831860104045615,0.7628537536705778
2025-03-09,2024-25,Manchester United,Arsenal,D,1,0.20172578630841023,0.2399165407861055,0.5583576729054843,0.9150317863342424,1.6979244634151542
2025-03-09,2024-25,Tottenham,Bournemouth,D,1,0.379224443820286,0.2507137825270759,0.37006177365263804,1.43045563655032,1.4101199167355396
2025-03-10,2024-25,West Ham,Newcastle United,A,2,0.3423164118224688,0.25955856824638535,0.3981250199311459,1.2725864161543259,1.3930869830397377
2025-03-15,2024-25,Everton,West Ham,D,1,0.481744225143233,0.25729527215718145,0.2609605026995855,1.5178229725077608,1.045026310836761
2025-03-15,2024-25,Manchester City,Brighton and Hove Albion,D,1,0.5108259235072109,0.2376071794002014,0.2515668970925876,1.727098159805277,1.14120779435614
2025-03-15,2024-25,Bournemouth,Brentford,A,2,0.4735159629989995,0.2447241412637996,0.2817598957372008,1.6303601325828767,1.2021573686898104
2025-03-15,2024-25,Southampton,Wolverhampton Wanderers,A,2,0.2290596022336855,0.22735894904657614,0.5435814487197385,1.1209415195071124,1.84775981120327
2025-03-15,2024-25,Ipswich,Nottingham Forest,A,2,0.22182947205643927,0.2294876167329431,0.5486829112106176,1.0718796029070894,1.819494484761624
2025-03-16,2024-25,Arsenal,Chelsea,H,0,0.5812186758298271,0.22584558133157856,0.19293574283859433,1.8423090102146016,0.9583984750326587
2025-03-16,2024-25,Fulham,Tottenham,H,0,0.48617781100657764,0.2510592673459079,0.2627629216475144,1.5774567555382246,1.0903694045422299
2025-03-16,2024-25,Leicester City,Manchester United,A,2,0.2358785614564114,0.24703292835573745,0.5170885101878512,1.0152516646394416,1.6296661136507182
2025-04-01,2024-25,Arsenal,Fulham,H,0,0.6538576109276434,0.20836208510476706,0.13778030396758953,1.9500256793532482,0.7608464980335183
2025-04-01,2024-25,Nottingham Forest,Manchester United,H,0,0.4796669572144486,0.25365919078473204,0.2666738520008193,1.5487851052547215,1.0872939595366593
2025-04-01,2024-25,Wolverhampton Wanderers,West Ham,H,0,0.3862372177460801,0.27331523070479,0.34044755154912987,1.2693918509728637,1.174221331445801
2025-04-02,2024-25,Brighton and Hove Albion,Aston Villa,A,2,0.5349262649036897,0.22437329727933927,0.240700437816971,1.8888510018277287,1.1985465292746642
2025-04-02,2024-25,Liverpool,Everton,H,0,0.7758846737873225,0.14458870779072028,0.0795266184219572,2.5656049778717533,0.6999496240796634
2025-04-02,2024-25,Bournemouth,Ipswich,A,2,0.6689970806593973,0.19118814323459907,0.13981477610600362,2.1718083754548028,0.8792617580055156
2025-04-02,2024-25,Newcastle United,Brentford,H,0,0.5103658564687322,0.24195326861295394,0.24768087491831384,1.6797734832478102,1.0947063515919775
2025-04-02,2024-25,Southampton,Crystal Palace,D,1,0.08892101396642996,0.13679882625177647,0.7742801597817935,0.8740970465042341,2.8146667226445756
2025-04-02,2024-25,Manchester City,Leicester City,H,0,0.8127812333699898,0.12886025449823865,0.058358512131771616,2.6355751526597553,0.5718448691039105
2025-04-03,2024-25,Chelsea,Tottenham,H,0,0.5625624490043042,0.22847458032110882,0.20896297067458702,1.8247349860158193,1.018828116231533
2025-04-05,2024-25,Aston Villa,Nottingham Forest,H,0,0.4509275566351606,0.2542789249099194,0.29479351845492,1.5162344225090452,1.1761992158966712
2025-04-05,2024-25,Crystal Palace,Brighton and Hove Albion,H,0,0.4325867633776359,0.24138530061218852,0.32602793601017555,1.618073589969197,1.375413199465605
2025-04-05,2024-25,Everton,Arsenal,D,1,0.22191077503902165,0.24761521721735272,0.5304740077436256,0.9563582839585537,1.625617515883459
2025-04-05,2024-25,Ipswich,Wolverhampton Wanderers,A,2,0.35991154622082233,0.26407937765192296,0.3760090761272547,1.2810850581382538,1.3154248836384463
2025-04-05,2024-25,West Ham,Bournemouth,D,1,0.3923075759962078,0.2598664435790536,0.34782598042473856,1.3798979404730232,1.2839053708387456
2025-04-06,2024-25,Brentford,Chelsea,D,1,0.3118139699997014,0.2540136967152501,0.43417233328504856,1.2301745606461985,1.4976947728612189
2025-04-06,2024-25,Fulham,Liverpool,H,0,0.1506644696456229,0.20365071476163757,0.6456848155927395,0.8665633745135567,2.0379179220525385
2025-04-06,2024-25,Manchester United,Manchester City,D,1,0.26222441022396853,0.2536439412801105,0.48413164849592105,1.0718915407974412,1.552098081000479
2025-04-06,2024-25,Tottenham,Southampton,H,0,0.6935555083076438,0.18238798780119558,0.12405650389116069,2.2368813099850224,0.8267861613887311
2025-04-07,2024-25,Leicester City,Newcastle United,A,2,0.15794474759661914,0.21243905388616272,0.6296161985172182,0.8552264680882746,1.9471306990633082
2025-04-12,2024-25,Brighton and Hove Albion,Leicester City,D,1,0.7423408956184946,0.16500325598070037,0.0926558484008051,2.3299553335549663,0.6878438863441333
2025-04-12,2024-25,Nottingham Forest,Everton,A,2,0.4745417348358112,0.2627860079225496,0.2626722572416393,1.465975558448022,1.0187182622693614
2025-04-12,2024-25,Arsenal,Brentford,D,1,0.7112631647355562,0.17760422657790012,0.11113260868654364,2.247153513559958,0.7597659016601485
2025-04-12,2024-25,Southampton,Aston Villa,A,2,0.11900589944831884,0.17441506810197227,0.7065790324497089,0.844476852294708,2.333335988887484
2025-04-12,2024-25,Manchester City,Crystal Palace,H,0,0.5420293085279891,0.23465985771600154,0.2233108337560094,1.760662704321468,1.0425796617544327
2025-04-13,2024-25,Chelsea,Ipswich,D,1,0.7361397147789883,0.16593797016882256,0.0979223150521892,2.3479922326851663,0.7273132023149527
2025-04-13,2024-25,Liverpool,West Ham,H,0,0.7873244445595311,0.14033599430062757,0.07233956113984144,2.5750497816497377,0.6532629254066881
2025-04-13,2024-25,Newcastle United,Manchester United,H,0,0.5852553716987381,0.22022775890249316,0.1945168693987687,1.9100208879538483,1.0039574215419367
2025-04-13,2024-25,Wolverhampton Wanderers,Tottenham,H,0,0.39051093284470934,0.2596810222595586,0.3498080448957321,1.3779896049106537,1.2900950824256527
2025-04-14,2024-25,Bournemouth,Fulham,H,0,0.4336073773403292,0.25035390198191904,0.31603872067775174,1.5304611884673807,1.2704430439217271
2025-04-16,2024-25,Newcastle United,Crystal Palace,H,0,0.5671548035575625,0.22018394707533215,0.21266124936710534,1.928220598466854,1.0970704547152006
2025-04-19,2024-25,Crystal Palace,Bournemouth,D,1,0.398578271345331,0.24318685883400273,0.35823486982066616,1.540968286317379,1.4493215944157394
2025-04-19,2024-25,Brentford,Brighton and Hove Albion,H,0,0.34943131514133474,0.2559140663463579,0.3946546185123074,1.3180709263997374,1.4168047269014057
2025-04-19,2024-25,West Ham,Southampton,D,1,0.655785375683584,0.20267756819978922,0.14153705611662687,2.0264472143451604,0.8159133472370306
2025-04-19,2024-25,Everton,Manchester City,A,2,0.25446382876165197,0.25102536918967755,0.49451080204867054,1.0606806520568228,1.5827211727610249
2025-04-19,2024-25,Aston Villa,Newcastle United,H,0,0.3833428506995592,0.2453670331940053,0.37129011610643553,1.4882132443894645,1.461010902793073
2025-04-20,2024-25,Leicester City,Liverpool,A,2,0.04898441072082774,0.10330472651471802,0.8477108627644542,0.6414523014225849,3.0590772274771534
2025-04-20,2024-25,Manchester United,Wolverhampton Wanderers,A,2,0.4710097908019066,0.2528019962292064,0.2761882129688872,1.549727296073992,1.1254854724317442
2025-04-20,2024-25,Fulham,Chelsea,A,2,0.3466336582850919,0.25962473282365434,0.3937416088912537,1.282795220419988,1.384519232335547
2025-04-20,2024-25,Ipswich,Arsenal,A,2,0.10634456680059842,0.16819731885335076,0.7254581143460508,0.7842034527722814,2.3626698941200024
2025-04-21,2024-25,Tottenham,Nottingham Forest,A,2,0.39764059614140995,0.2655637377383059,0.3367956661202842,1.3452951916517735,1.2161804411765729
2025-04-22,2024-25,Manchester City,Aston Villa,H,0,0.5059243763643922,0.23421979328955025,0.2598558303460574,1.7644879113312335,1.2008012399858732
2025-04-23,2024-25,Arsenal,Crystal Palace,D,1,0.7036248999045672,0.1825596309529567,0.11381546914247602,2.1904700231003544,0.7491315674448827
2025-04-26,2024-25,Brighton and Hove Albion,West Ham,H,0,0.536699132514656,0.23576062455351934,0.22754024293182473,1.7492140751308212,1.0536090850398725
2025-04-26,2024-25,Chelsea,Everton,H,0,0.5503506763375724,0.2435487160135787,0.2061006076488489,1.6634485510227037,0.9137421989657539
2025-04-26,2024-25,Newcastle United,Ipswich,H,0,0.7980191273756512,0.1285521528183216,0.07342871980602718,2.8227724003489647,0.7608982974166107
2025-04-26,2024-25,Southampton,Fulham,A,2,0.2157396610092883,0.2450952982028899,0.5391650407878218,0.9455371341332967,1.6500492861295795
2025-04-26,2024-25,Wolverhampton Wanderers,Leicester City,H,0,0.6751012891136215,0.1911523066145008,0.13374640427187762,2.1514073561387894,0.8374171789859439
2025-04-27,2024-25,Bournemouth,Manchester United,D,1,0.5005858869984138,0.25121468103260985,0.2481994319689764,1.583946193762327,1.0365048092629205
2025-04-27,2024-25,Liverpool,Tottenham,H,0,0.8161991307561036,0.11838941947731867,0.06541144976657778,2.952794921982963,0.7490772870506389
2025-05-01,2024-25,Nottingham Forest,Brentford,A,2,0.4381479968285816,0.25679948584704004,0.3050525173243785,1.4784158561419842,1.190077429675283
2025-05-02,2024-25,Manchester City,Wolverhampton Wanderers,H,0,0.6945967085872738,0.17879927220201014,0.1266040192107161,2.3015905926751343,0.8721675362604743
2025-05-03,2024-25,Arsenal,Bournemouth,A,2,0.6670951730021434,0.19441379353669794,0.13849103346115862,2.123301503093548,0.8482226777910058
2025-05-03,2024-25,Aston Villa,Fulham,H,0,0.6047481644131125,0.21532731218034523,0.17992452340654222,1.9507585587673688,0.9598898753785032
2025-05-03,2024-25,Everton,Ipswich,D,1,0.6429951465877627,0.207431872059194,0.1495729813530432,1.9887258034282338,0.8364189331581601
2025-05-03,2024-25,Leicester City,Southampton,H,0,0.4104091287486229,0.2523089791666055,0.33728189208477155,1.476504795971945,1.3152814691015873
2025-05-04,2024-25,Brighton and Hove Albion,Newcastle United,D,1,0.2857085629071476,0.23193823393944996,0.4823532031534025,1.322164090648744,1.7798100920271533
2025-05-04,2024-25,Brentford,Manchester United,H,0,0.4786625907972904,0.25340276074386076,0.26793464845884885,1.5503799955620359,1.093304260150559
2025-05-04,2024-25,West Ham,Tottenham,D,1,0.41012844055475245,0.25731026984222105,0.3325612896030265,1.4325198046419123,1.2640895629619044
2025-05-04,2024-25,Chelsea,Liverpool,H,0,0.2400674957542979,0.23872128851073537,0.5212112157349668,1.0862636086122697,1.7166291614106026
2025-05-05,2024-25,Crystal Palace,Nottingham Forest,D,1,0.44877065988744635,0.2547021895097877,0.296527150602766,1.5099585981842027,1.1786820484795388
2025-05-10,2024-25,Bournemouth,Aston Villa,A,2,0.29514297433954506,0.2486120392132481,0.45624498644720685,1.2183458591743097,1.5750899040196737
2025-05-10,2024-25,Fulham,Everton,A,2,0.47579301402282076,0.2624364516144127,0.26177053436276654,1.4698345729410238,1.0177231754777896
2025-05-10,2024-25,Ipswich,Brentford,A,2,0.16610596203541633,0.2014181550566466,0.6324758829079371,0.9782853698493271,2.1052696299862683
2025-05-10,2024-25,Southampton,Manchester City,D,1,0.06416948013185582,0.12713340249874652,0.8086971173693976,0.6551895441766635,2.7390794921052155
2025-05-10,2024-25,Wolverhampton Wanderers,Brighton and Hove Albion,A,2,0.40393464809389135,0.25562654561292447,0.3404388062931843,1.436192956125073,1.2975369497990819
2025-05-11,2024-25,Liverpool,Arsenal,D,1,0.5271970906527064,0.22913033509647493,0.24367257425081862,1.8288333959072811,1.1729714809419638
2025-05-11,2024-25,Manchester United,West Ham,A,2,0.47129897767115275,0.25648380614902383,0.2722172161798235,1.516767304710032,1.0881642434111183
2025-05-11,2024-25,Newcastle United,Chelsea,H,0,0.4604702842487104,0.239801330865204,0.2997283848860857,1.6701264864912575,1.304059332585566
2025-05-11,2024-25,Nottingham Forest,Leicester City,D,1,0.6697237514354016,0.191563730698046,0.13871251786655234,2.1628277593847183,0.8690058101858573
2025-05-11,2024-25,Tottenham,Crystal Palace,A,2,0.3708124716896707,0.2493948143897968,0.37979271392053243,1.4233859336315977,1.4433984384122227
2025-05-16,2024-25,Aston Villa,Tottenham,H,0,0.7250207322732075,0.16747642230599535,0.10750284542079712,2.3807987272651143,0.799340599218423
2025-05-16,2024-25,Chelsea,Manchester United,H,0,0.6345796313774759,0.20459124909667262,0.16082911952585158,2.050284736543983,0.9227752370940837
2025-05-18,2024-25,Arsenal,Newcastle United,H,0,0.5011192753681686,0.23162309228465885,0.2672576323471726,1.793831009763229,1.2522214729461396
2025-05-18,2024-25,West Ham,Nottingham Forest,A,2,0.39362561945091334,0.2675063200790722,0.33886806047001433,1.3237392957066896,1.2081448031262234
2025-05-18,2024-25,Brentford,Fulham,A,2,0.5469290909296147,0.23960363867354925,0.213467270396836,1.7050560215065431,0.9680758937944142
2025-05-18,2024-25,Leicester City,Ipswich,H,0,0.4312784661797177,0.2492154805671887,0.31950605325309367,1.537907870497172,1.2897281427463105
2025-05-18,2024-25,Everton,Southampton,H,0,0.6924171838397161,0.19299451463433676,0.11458830152594712,2.0604065602551738,0.6955423217332892
2025-05-19,2024-25,Brighton and Hove Albion,Liverpool,H,0,0.19583933285734573,0.2060493503507889,0.5981113167918655,1.12122223877437,2.1001526389559193
2025-05-20,2024-25,Crystal Palace,Wolverhampton Wanderers,H,0,0.586228025962179,0.22020979921611605,0.19356217482170493,1.9091677659162882,0.99913378509454
2025-05-20,2024-25,Manchester City,Bournemouth,H,0,0.6754981478051238,0.19283110625781627,0.13167074593705988,2.121809266470788,0.8122717364074967
2025-05-25,2024-25,Bournemouth,Leicester City,H,0,0.6274269260005706,0.21412641974475774,0.15844665425467172,1.928457780857648,0.848028957385825
2025-05-25,2024-25,Fulham,Manchester City,A,2,0.24866936795814845,0.25404432403784344,0.49728630800400814,1.0211171097288572,1.5562476300989034
2025-05-25,2024-25,Ipswich,West Ham,A,2,0.29070548150509123,0.2587105733651776,0.4505839451297311,1.1334332434895766,1.4769911807956402
2025-05-25,2024-25,Newcastle United,Everton,A,2,0.6111319631040366,0.2138115044433978,0.17505653245256558,1.9616529773918967,0.9431812464658071
2025-05-25,2024-25,Nottingham Forest,Chelsea,A,2,0.3390110554046623,0.2641362495610253,0.3968526950343124,1.2314993320487133,1.3547495655058763
2025-05-25,2024-25,Southampton,Arsenal,A,2,0.06933643723034279,0.13086896163490602,0.7997946011347513,0.6895637448550339,2.7244239370602594
2025-05-25,2024-25,Tottenham,Brighton and Hove Albion,A,2,0.2865258029265925,0.24987862892566642,0.46359556814774094,1.1805477305034995,1.5704140453935782
2025-05-25,2024-25,Wolverhampton Wanderers,Brentford,D,1,0.2942419510689353,0.2501630922050523,0.4555949567260126,1.203904529286604,1.5594972570108296
2025-05-25,2024-25,Liverpool,Crystal Palace,D,1,0.6680732118399009,0.17876003355059122,0.1531667546095079,2.418070885629198,1.0813268321750729
2025-05-25,2024-25,Manchester United,Aston Villa,H,0,0.22761815168473268,0.23668457882244834,0.535697269492819,1.047706734543894,1.738989946974087
2025-08-15,2025-26,Liverpool,Bournemouth,H,0,0.6412249885127453,0.1955031210384422,0.16327189044881246,2.18235707605279,1.00606518405167
2025-08-16,2025-26,Aston Villa,Newcastle United,D,1,0.38893931181749725,0.2575128404108262,0.3535478477716764,1.3925517831945435,1.3156292258417737
2025-08-16,2025-26,Brighton and Hove Albion,Fulham,D,1,0.5002250611095206,0.23752476790555402,0.2622501709849254,1.724450004029941,1.1844475125139144
2025-08-16,2025-26,Sunderland,West Ham,H,0,0.4246779107902279,0.2569849662853121,0.31833712292446004,1.4581525146952936,1.227419330799403
2025-08-16,2025-26,Tottenham,Burnley,H,0,0.36434829444107136,0.2441397634587555,0.3915119421001732,1.4557770067151599,1.5173130831453792
2025-08-16,2025-26,Wolverhampton Wanderers,Manchester City,A,2,0.23986316234200766,0.24554311740306106,0.5145937202549312,1.0401768325592549,1.6439160633495726
2025-08-17,2025-26,Chelsea,Crystal Palace,D,1,0.4577379965580931,0.24363897181949884,0.2986230316224081,1.6265037783342184,1.268540965061198
2025-08-17,2025-26,Manchester United,Arsenal,A,2,0.2596006836798191,0.23250033294661798,0.5078989833735629,1.213624003860595,1.7854755767143737
2025-08-17,2025-26,Nottingham Forest,Brentford,H,0,0.3912724223065984,0.252784144269682,0.3559434334237195,1.437138113244129,1.359254850231885
2025-08-18,2025-26,Leeds United,Everton,H,0,0.3294833619735933,0.2549913296227658,0.41552530840364094,1.2732280087154404,1.461266530867067
2025-08-22,2025-26,West Ham,Chelsea,A,2,0.2766156116905794,0.25505989055937694,0.46832449775004364,1.111985285037035,1.5268318208465252
2025-08-23,2025-26,Bournemouth,Wolverhampton Wanderers,H,0,0.536458577373683,0.24131440963419784,0.2222270129921192,1.6888832436135075,0.9949940448245936
2025-08-23,2025-26,Arsenal,Leeds United,H,0,0.6715134293135948,0.18722973961909326,0.14125683106731193,2.234012178159705,0.9184104802247888
2025-08-23,2025-26,Brentford,Aston Villa,H,0,0.42801848796410363,0.2585510307563524,0.3134304812795441,1.449664910745545,1.202322526318643
2025-08-23,2025-26,Manchester City,Tottenham,A,2,0.7296180369346855,0.16733289568740065,0.10304906737791383,2.35702869497462,0.7620325371053324
2025-08-23,2025-26,Burnley,Sunderland,H,0,0.38194306496895475,0.2526155091848543,0.3654414258461909,1.4196547193298303,1.3832461192230656
2025-08-24,2025-26,Crystal Palace,Nottingham Forest,D,1,0.4850997981393058,0.24267933015809193,0.27222087170260223,1.6602280505396638,1.183202952016072
2025-08-24,2025-26,Everton,Brighton and Hove Albion,H,0,0.37738047357026755,0.25599027371677974,0.36662925271295266,1.3816085393132025,1.3581264420496066
2025-08-24,2025-26,Fulham,Manchester United,D,1,0.4665480996355925,0.24518626332495164,0.28826563703945574,1.6194834958690623,1.221257518252158
2025-08-25,2025-26,Newcastle United,Liverpool,A,2,0.35472625391155727,0.24830456936399017,0.3969691767244526,1.3942048184119844,1.4886098516925703
2025-08-30,2025-26,Leeds United,Newcastle United,D,1,0.2931480936769067,0.2502930403691522,0.45655886595394113,1.1993955681652428,1.5592991262774938
2025-08-30,2025-26,Chelsea,Fulham,H,0,0.580650626799153,0.2224324640204201,0.1969169091804268,1.885967389249249,1.000996662252604
2025-08-30,2025-26,Manchester United,Burnley,H,0,0.5045954392083005,0.24260761326535543,0.2527969475263441,1.6710102241257043,1.1102328398960724
2025-08-30,2025-26,Sunderland,Brentford,H,0,0.3293217358834371,0.26210929262430155,0.4085689714922614,1.220961174568593,1.3906424621110391
2025-08-30,2025-26,Wolverhampton Wanderers,Everton,A,2,0.3168587395555779,0.25814227256070993,0.4249989878837121,1.2149523194514578,1.4487645568954932
2025-08-30,2025-26,Tottenham,Bournemouth,A,2,0.33498894425444836,0.2521820111063647,0.4128290446391869,1.310098927599223,1.4817383632763776
2025-08-31,2025-26,Aston Villa,Crystal Palace,A,2,0.4157192354154242,0.25921986759972493,0.3250608969848509,1.425627202152814,1.2300086510960426
2025-08-31,2025-26,Brighton and Hove Albion,Manchester City,H,0,0.3231804316035523,0.2456564941197813,0.4311630742766664,1.3297957568565848,1.5723180735000848
2025-08-31,2025-26,Liverpool,Arsenal,H,0,0.4522426117788822,0.2361848179431444,0.3115725702779733,1.7012363074678782,1.376308474522895
2025-08-31,2025-26,Nottingham Forest,West Ham,A,2,0.6075466781923634,0.21674918967838572,0.17570413212925076,1.9270926326581237,0.9273976410108182
2025-09-13,2025-26,Arsenal,Nottingham Forest,H,0,0.6059944397351494,0.21852641964868857,0.175479140616162,1.9057817723656463,0.9148352017291446
2025-09-13,2025-26,Bournemouth,Brighton and Hove Albion,H,0,0.4406034500445377,0.24371514427821625,0.315681405677246,1.6051129877186439,1.323189866015024
2025-09-13,2025-26,Brentford,Chelsea,D,1,0.3041321635977566,0.24827611598642438,0.447591720415819,1.2498832741967523,1.5684729572638112
2025-09-13,2025-26,Crystal Palace,Sunderland,D,1,0.5635941821051712,0.23222373029164955,0.2041820876031793,1.779716929912673,0.9718911359702276
2025-09-13,2025-26,Everton,Aston Villa,D,1,0.45750462448245455,0.25515772655036945,0.28733764896717595,1.515494394126801,1.1464209778770391
2025-09-13,2025-26,Fulham,Leeds United,H,0,0.456852524645906,0.2511492994399755,0.29199817591411853,1.5515271117820681,1.18944648713966
2025-09-13,2025-26,Newcastle United,Wolverhampton Wanderers,H,0,0.6416511760622569,0.21158078389694043,0.14676804004080268,1.9340725713191032,0.7959751153926931
2025-09-13,2025-26,West Ham,Tottenham,A,2,0.43849228996087936,0.2579262609091219,0.3035814491299987,1.4691474784836873,1.1778856292145805
2025-09-14,2025-26,Burnley,Liverpool,A,2,0.16781194562552096,0.20484834777573063,0.6273397065987485,0.9634868589095548,2.0626016451023736
2025-09-14,2025-26,Manchester City,Manchester United,H,0,0.5906500945375628,0.21297497600312917,0.19637492945930807,2.0046952443813684,1.0674268549588315
2025-09-20,2025-26,Liverpool,Everton,H,0,0.643630704745422,0.20378446184338628,0.1525848334111917,2.0409892352000467,0.8775584815568367
2025-09-20,2025-26,Burnley,Nottingham Forest,D,1,0.3388529002461339,0.25804178522694404,0.4031053145269221,1.2750814409539217,1.4143851189969339
2025-09-20,2025-26,Fulham,Brentford,H,0,0.41138082247399843,0.2578913162466483,0.3307278612793533,1.4297080062049474,1.2549042434525326
2025-09-20,2025-26,Wolverhampton Wanderers,Leeds United,A,2,0.34608163513051804,0.270145349883081,0.3837730149864009,1.2077019864563516,1.286731774562396
2025-09-20,2025-26,Manchester United,Chelsea,H,0,0.3127839126886352,0.24351236630557696,0.44370372100578787,1.3157639755744543,1.611256884422207
2025-09-20,2025-26,West Ham,Crystal Palace,A,2,0.29513996579569424,0.2568872130703364,0.44797282113396925,1.1593273373547144,1.4897298137599666
2025-09-20,2025-26,Brighton and Hove Albion,Tottenham,D,1,0.5415210704796024,0.23029082715653176,0.22818810236386586,1.812153013417428,1.0950376514154543
2025-09-21,2025-26,Arsenal,Manchester City,D,1,0.5161220634914762,0.23780124516361964,0.24607669134490415,1.72607421043297,1.117453029890385
2025-09-21,2025-26,Bournemouth,Newcastle United,D,1,0.4494383653162375,0.2649186936913156,0.28564294099244697,1.4246960144746423,1.079003897749336
2025-09-21,2025-26,Sunderland,Aston Villa,D,1,0.39763698948374165,0.27234640974166807,0.3300166007745903,1.2961226830074837,1.1553175764858232
2025-09-27,2025-26,Manchester City,Burnley,H,0,0.7034795674231938,0.17950925328398998,0.11701117929281618,2.2473501666800897,0.7927773521938757
2025-09-27,2025-26,Nottingham Forest,Sunderland,A,2,0.4384218563673596,0.26590875970456584,0.29566938392807446,1.4039060215633161,1.1028449911068108
2025-09-27,2025-26,Brentford,Manchester United,H,0,0.4126847799382288,0.25579307532874807,0.3315221447330231,1.4496869928642881,1.2726883030208989
2025-09-27,2025-26,Chelsea,Brighton and Hove Albion,A,2,0.5343499245514871,0.2364512703798461,0.22919880506866672,1.7417545632303877,1.05607635513
2025-09-27,2025-26,Crystal Palace,Liverpool,H,0,0.31665870023196635,0.2626060080444957,0.42073529172353796,1.1835586677569714,1.4057665729197155
2025-09-27,2025-26,Leeds United,Bournemouth,D,1,0.33615240075831265,0.2718235481505256,0.3920240510911618,1.1734830169650943,1.2900391949262133
2025-09-27,2025-26,Tottenham,Wolverhampton Wanderers,D,1,0.5391552975298288,0.24718863820982379,0.21365606426034742,1.629529753993884,0.9252596816738861
2025-09-28,2025-26,Aston Villa,Fulham,H,0,0.4431438441068862,0.26415608888074765,0.29270006701236617,1.423474515659529,1.104864479351326
2025-09-28,2025-26,Newcastle United,Arsenal,A,2,0.3266533106503824,0.2779967972982383,0.3953498920513794,1.1132428928293556,1.2541594163526508
2025-09-29,2025-26,Everton,West Ham,D,1,0.5701588942727732,0.2311718378767032,0.19866926785052355,1.7876825446914129,0.952643765359721
2025-10-03,2025-26,Bournemouth,Fulham,H,0,0.5075711065590557,0.2549717718840373,0.23745712155690704,1.5524107357279895,0.9747150669739479
2025-10-04,2025-26,Arsenal,West Ham,H,0,0.7608614283742275,0.15507557733052257,0.08406299429524992,2.4248293833317147,0.6730934769881781
2025-10-04,2025-26,Chelsea,Liverpool,H,0,0.33734520221481595,0.2525698205545172,0.41008497723066684,1.3133697757656142,1.4736146132609367
2025-10-04,2025-26,Leeds United,Tottenham,A,2,0.4376188442519549,0.2698157610595344,0.2925653946885106,1.3732039786867567,1.070610472496401
2025-10-04,2025-26,Manchester United,Sunderland,H,0,0.4465580592375444,0.249346586317563,0.30409535444489255,1.556907718666481,1.2415463349060192
2025-10-05,2025-26,Aston Villa,Burnley,H,0,0.592990659647214,0.22566738761440444,0.1813419527383817,1.8323680196712788,0.9015556630172995
2025-10-05,2025-26,Brentford,Manchester City,A,2,0.27940259681463997,0.24619341818025792,0.47440398500510206,1.182935969107311,1.6161987639269724
2025-10-05,2025-26,Everton,Crystal Palace,H,0,0.34445327592612074,0.25289591123788774,0.40265081283599147,1.3294744841358677,1.4576370727212593
2025-10-05,2025-26,Newcastle United,Nottingham Forest,H,0,0.52399876858736,0.2548340627746045,0.22116716863803537,1.5580399235156552,0.9141325689805397
2025-10-05,2025-26,Wolverhampton Wanderers,Brighton and Hove Albion,D,1,0.27383466096730824,0.25347645779019246,0.4726888812424994,1.113026650370141,1.5449530946492893
2025-10-18,2025-26,Brighton and Hove Albion,Newcastle United,H,0,0.4200293059675148,0.26248974236881323,0.31748095166367196,1.4056411181215351,1.1866016229705305
2025-10-18,2025-26,Crystal Palace,Bournemouth,D,1,0.5026880665901747,0.240449116966309,0.2568628164435163,1.693245380825151,1.1414298829109404
2025-10-18,2025-26,Manchester City,Everton,H,0,0.5934854123461073,0.22023911199177584,0.1862754756621169,1.900185617087303,0.9609732746060474
2025-10-18,2025-26,Burnley,Leeds United,H,0,0.3299538446042784,0.2627508841573367,0.40729527123838477,1.2181471714491419,1.3834602403287302
2025-10-18,2025-26,Sunderland,Wolverhampton Wanderers,H,0,0.5194697452070094,0.25174451002718756,0.22878574476580296,1.5852046551979044,0.9600825903711466
2025-10-18,2025-26,Nottingham Forest,Chelsea,A,2,0.2707146129549122,0.24771266942453674,0.481572717620551,1.1413140667471526,1.6065795035331962
2025-10-18,2025-26,Fulham,Arsenal,A,2,0.21406736644797603,0.23998387698764478,0.5459487565643791,0.9683779908072235,1.7012748974174339
2025-10-19,2025-26,Liverpool,Manchester United,A,2,0.6494230482024544,0.19279149926600916,0.1577854525315364,2.206580856429789,0.990963281863208
2025-10-19,2025-26,Tottenham,Aston Villa,A,2,0.33744433083686975,0.27186319035067513,0.39069247881245506,1.1763186342647516,1.2873995502514264
2025-10-20,2025-26,West Ham,Brentford,A,2,0.3401917404076724,0.2618496896771539,0.39795856991517375,1.2505869199296162,1.374483122094816
2025-10-24,2025-26,Leeds United,West Ham,H,0,0.5634026642378211,0.23832304660598957,0.19827428915618922,1.7123930578430537,0.9086807464875427
2025-10-25,2025-26,Brentford,Liverpool,H,0,0.2793772329355211,0.23719307484604088,0.483429692218438,1.2528873655162573,1.7189412612846593
2025-10-25,2025-26,Chelsea,Sunderland,A,2,0.543054811725564,0.23754825380603894,0.21939693446839711,1.7281514325403216,1.0065126938418427
2025-10-25,2025-26,Manchester United,Brighton and Hove Albion,H,0,0.39658061463224525,0.2531487410760088,0.3502706442917459,1.4441877693261398,1.3422401934170476
2025-10-25,2025-26,Newcastle United,Fulham,H,0,0.5450227193858838,0.246236806941539,0.20874047367257723,1.638027285011231,0.9101695420087657
2025-10-26,2025-26,Arsenal,Crystal Palace,H,0,0.5878710400438288,0.20802490984394742,0.2041040501122238,2.084358803474219,1.1516605953880041
2025-10-26,2025-26,Wolverhampton Wanderers,Burnley,A,2,0.43799807158948645,0.27459956596090906,0.28740236244960454,1.339086212952822,1.0290690786301682
2025-10-26,2025-26,Aston Villa,Manchester City,H,0,0.3047291817122925,0.26168602213372205,0.43358479615398543,1.1559816473480187,1.4313101433995559
2025-10-26,2025-26,Everton,Tottenham,A,2,0.48097970326404454,0.25753908914668056,0.2614812075892749,1.5151476475521786,1.0453461565561115
2025-10-26,2025-26,Bournemouth,Nottingham Forest,H,0,0.5607891583497723,0.22977801240686688,0.20943282924336085,1.8100731588454915,1.012262902164387
2025-11-01,2025-26,Burnley,Arsenal,A,2,0.15156012303548264,0.20432758015663108,0.6441122968078863,0.8677412722078857,2.031607815860775
2025-11-01,2025-26,Brighton and Hove Albion,Leeds United,H,0,0.4919258433628898,0.2482166534862338,0.25985750315087636,1.6082617154338328,1.0986285281873336
2025-11-01,2025-26,Crystal Palace,Brentford,H,0,0.49241930517741367,0.22492402368694897,0.2826566711356373,1.87549570772323,1.3761528474499471
2025-11-01,2025-26,Fulham,Wolverhampton Wanderers,H,0,0.49371913948766616,0.2525056803978887,0.2537751801144451,1.5684640220800046,1.0489274781370028
2025-11-01,2025-26,Nottingham Forest,Manchester United,D,1,0.31222638830447075,0.24680494234670822,0.44096866934882095,1.286921091496768,1.5745362397015783
2025-11-01,2025-26,Liverpool,Aston Villa,H,0,0.5069983373705726,0.2361227375970915,0.25687892503233584,1.7427965016129654,1.1738494931169208
2025-11-01,2025-26,Tottenham,Chelsea,A,2,0.3565188960392576,0.26119632163964907,0.3822847823210933,1.294600616076217,1.350013576875119
2025-11-02,2025-26,Manchester City,Bournemouth,H,0,0.6016582420669024,0.22285986522937873,0.1754818927037188,1.856380366260421,0.8883347928410056
2025-11-02,2025-26,West Ham,Newcastle United,H,0,0.19203561007540298,0.2229273259485457,0.5850370639760514,0.9728778443775021,1.8750925004487793
2025-11-03,2025-26,Sunderland,Everton,D,1,0.4750897488238648,0.25567933602009846,0.26923091515603675,1.527031045602923,1.0831974827494126
2025-11-08,2025-26,Everton,Fulham,H,0,0.4545230607234547,0.2554385017840901,0.29003843749245517,1.5098310334477434,1.1531541019693532
2025-11-08,2025-26,Tottenham,Manchester United,D,1,0.35482470027937724,0.2542225156742489,0.39095278404637385,1.344776821280552,1.4240738955880186
2025-11-08,2025-26,Chelsea,Wolverhampton Wanderers,H,0,0.7112163602001087,0.17384602783964023,0.11493761196025103,2.3215570186308234,0.8155569758653904
2025-11-08,2025-26,West Ham,Burnley,H,0,0.40921183460265564,0.26198441832175656,0.3288037470755878,1.3926930530439179,1.2204747774946882
2025-11-08,2025-26,Sunderland,Arsenal,D,1,0.20967008818273986,0.2328753687512354,0.5574545430660247,0.9930495003468693,1.7755030149469881
2025-11-09,2025-26,Aston Villa,Bournemouth,H,0,0.49125583239996884,0.25431875283512356,0.25442541476490765,1.5504716881798966,1.040149208756374
2025-11-09,2025-26,Brentford,Newcastle United,H,0,0.4295703842097918,0.2463752150819989,0.32405440070820934,1.5628688373635051,1.3263818242010808
2025-11-09,2025-26,Crystal Palace,Brighton and Hove Albion,D,1,0.4653107351952121,0.23885121113401267,0.2958380536707752,1.6854175659419892,1.298660501747475
2025-11-09,2025-26,Manchester City,Liverpool,H,0,0.4967251224346967,0.2323401567242456,0.27093472084105774,1.7832791472268819,1.2609158648747323
2025-11-09,2025-26,Nottingham Forest,Leeds United,H,0,0.38403942554534903,0.2560242424257289,0.35993633202892217,1.3951131509744676,1.342482134485489
2025-11-22,2025-26,Brighton and Hove Albion,Brentford,H,0,0.42647397916551366,0.2567491755708068,0.3167768452636794,1.4628092776669959,1.2246844475074272
2025-11-22,2025-26,Fulham,Sunderland,H,0,0.37207519645832454,0.26528295237619454,0.3626418511654809,1.298471636103324,1.2784153532757494
2025-11-22,2025-26,Burnley,Chelsea,A,2,0.17600372374616527,0.19979834912550004,0.6241979271283347,1.0534309582354981,2.151733521937515
2025-11-22,2025-26,Newcastle United,Manchester City,H,0,0.2922750785064022,0.25019442214385174,0.45753049934974604,1.197265824612067,1.5612670792714556
2025-11-22,2025-26,Liverpool,Nottingham Forest,A,2,0.6418053479633483,0.19827584116039446,0.15991881087625726,2.1333538199791646,0.9624967648882531
2025-11-22,2025-26,Wolverhampton Wanderers,Crystal Palace,A,2,0.19645456538155184,0.2259730229025565,0.5775724117158916,0.9749752639637801,1.844075980964553
2025-11-22,2025-26,Bournemouth,West Ham,D,1,0.5704353187009323,0.22209716337843904,0.20746751792062856,1.8997956783101955,1.0565439464101702
2025-11-23,2025-26,Arsenal,Tottenham,H,0,0.7516393508815711,0.15768948492894788,0.0906711641894811,2.4304822069328735,0.7176842307834839
2025-11-23,2025-26,Leeds United,Aston Villa,A,2,0.3057602652250344,0.2646820410404587,0.4295576937345068,1.1395171950521497,1.4019121180319196
2025-11-24,2025-26,Manchester United,Everton,A,2,0.45736622686829287,0.2484618094095818,0.2941719637221253,1.5777480901448766,1.2162869384486594
2025-11-29,2025-26,Brentford,Burnley,H,0,0.6685370179203062,0.18948320611352054,0.14197977596617326,2.203555142096551,0.9066996108541685
2025-11-29,2025-26,Everton,Newcastle United,A,2,0.4018255923662543,0.2565913291657818,0.341583078467964,1.4242551367500267,1.2930632790002132
2025-11-29,2025-26,Manchester City,Leeds United,H,0,0.7154033990900175,0.17102787938019723,0.11356872152978523,2.3583137543115518,0.8247898642292857
2025-11-29,2025-26,Sunderland,Bournemouth,H,0,0.37681425371865435,0.2539213638942675,0.36926438238707804,1.397632013486855,1.3810389824564677
2025-11-29,2025-26,Tottenham,Fulham,A,2,0.3915051957741662,0.2613164396088978,0.3471783646169361,1.3668805498327175,1.2716223792964376
2025-11-30,2025-26,Aston Villa,Wolverhampton Wanderers,H,0,0.6925108251629997,0.1859330055962699,0.12155616924073039,2.1768610534702453,0.784909206604696
2025-11-30,2025-26,West Ham,Liverpool,A,2,0.20503313098022255,0.21745637082893293,0.5775104981908445,1.0790154872133182,1.9562165589828586
2025-11-30,2025-26,Chelsea,Arsenal,D,1,0.3665797962511234,0.25130169374646444,0.3821185100024122,1.397037870747705,1.4314604309733368
2025-11-30,2025-26,Nottingham Forest,Brighton and Hove Albion,A,2,0.384267048415183,0.2647703793976342,0.3509625721871828,1.3266284396712045,1.2557398645462854
2025-11-30,2025-26,Crystal Palace,Manchester United,A,2,0.5125130724098029,0.2413133161306624,0.24617361145953473,1.6871198051110374,1.0931232621349969
2025-12-02,2025-26,Bournemouth,Everton,A,2,0.4965171173789049,0.2467215527223611,0.25676132989873396,1.6254609744269868,1.0971931648815563
2025-12-02,2025-26,Fulham,Manchester City,A,2,0.2559725759923861,0.23884688079822888,0.505180543209385,1.149680299786242,1.7116379841264897
2025-12-02,2025-26,Newcastle United,Tottenham,D,1,0.5897900661964884,0.22055537992893168,0.18965455387457986,1.9004994786555605,0.9764813895235345
2025-12-03,2025-26,Arsenal,Brentford,H,0,0.6226538868339371,0.20575728470002555,0.17158882846603743,2.058535490732617,0.9796631257641822
2025-12-03,2025-26,Brighton and Hove Albion,Aston Villa,A,2,0.4284287598880946,0.26238068697792016,0.30919055313398525,1.4186593847792408,1.1641911807434704
2025-12-03,2025-26,Burnley,Crystal Palace,A,2,0.252250632582691,0.24259644726685237,0.5051529201504567,1.108186532162551,1.6713311144335576
2025-12-03,2025-26,Leeds United,Chelsea,H,0,0.1859997963311864,0.2124187878567388,0.6015814158120747,1.0141341667339827,1.9968721000176226
2025-12-03,2025-26,Liverpool,Sunderland,D,1,0.6026074048714495,0.21886085919776335,0.17853173593078725,1.9062350848695548,0.9290395381127646
2025-12-03,2025-26,Wolverhampton Wanderers,Nottingham Forest,A,2,0.27445425061990514,0.2533054134412747,0.4722403359388201,1.116258328181971,1.5461436238482873
2025-12-04,2025-26,Manchester United,West Ham,D,1,0.5813226610996828,0.22667256568646765,0.19200477321384957,1.8320886924119595,0.9485444956377815
2025-12-06,2025-26,Everton,Nottingham Forest,H,0,0.45291874364167534,0.2583091161626968,0.2887721401956279,1.4830102910501755,1.130028803059107
2025-12-06,2025-26,Bournemouth,Chelsea,D,1,0.31309521343700003,0.2470822972152358,0.4398224893477641,1.287382013724026,1.5702993546987976
2025-12-06,2025-26,Newcastle United,Burnley,H,0,0.6426007358591264,0.2003214535685062,0.1570778105723674,2.0977215623367096,0.9292972961446332
2025-12-06,2025-26,Aston Villa,Arsenal,H,0,0.2922498077905798,0.24517450202448313,0.4625756901849371,1.2349333838155043,1.6157670728258127
2025-12-06,2025-26,Manchester City,Sunderland,H,0,0.6827321636492885,0.1852579753497769,0.13200986100093465,2.227839076947539,0.8656647624099194
2025-12-06,2025-26,Tottenham,Brentford,H,0,0.29139396223535813,0.25269401413392345,0.4559120236307183,1.1764860350669948,1.5361607151885737
2025-12-06,2025-26,Leeds United,Liverpool,D,1,0.22002620970604372,0.23496976750167092,0.5450040227922853,1.0260080280860038,1.7563689399404816
2025-12-07,2025-26,Brighton and Hove Albion,West Ham,D,1,0.6181014151070843,0.20949279724524525,0.17240578764767048,2.011216044573922,0.9576892999264917
2025-12-07,2025-26,Fulham,Crystal Palace,A,2,0.36821972717887863,0.26978952917904686,0.3619907436420745,1.2585397422441376,1.2454608123778557
2025-12-08,2025-26,Wolverhampton Wanderers,Manchester United,A,2,0.21917008835509755,0.23844676999088713,0.5423831416540154,0.9998391355765426,1.7185144783333839
2025-12-13,2025-26,Arsenal,Wolverhampton Wanderers,H,0,0.877724965735317,0.08637525626060466,0.03589977800407825,3.2428290900403907,0.5661483295817086
2025-12-13,2025-26,Burnley,Fulham,A,2,0.33921525238441425,0.2571886787192473,0.40359606889633837,1.2824312452261055,1.4223639218615693
2025-12-13,2025-26,Chelsea,Everton,H,0,0.52333172645417,0.24575761503976484,0.23091065850606515,1.6433278122765491,1.003373651156396
2025-12-13,2025-26,Liverpool,Brighton and Hove Albion,H,0,0.5332538075469553,0.23668116700942804,0.23006502544361673,1.7392921388345095,1.0582299920639096
2025-12-14,2025-26,Brentford,Leeds United,D,1,0.5419334815899423,0.22680081369921604,0.2312657047108418,1.8553773766893351,1.1354196781841963
2025-12-14,2025-26,Crystal Palace,Manchester City,A,2,0.3107797043141529,0.24928594428038012,0.43993435140546705,1.2628171861582471,1.5491233927870676
2025-12-14,2025-26,Nottingham Forest,Tottenham,H,0,0.4466685523346359,0.2633666968670487,0.2899647507983154,1.4339409124402311,1.101539397981785
2025-12-14,2025-26,Sunderland,Newcastle United,H,0,0.31729885312217765,0.24943071643943865,0.43327043043838365,1.2814463790578663,1.538695240909397
2025-12-14,2025-26,West Ham,Aston Villa,A,2,0.18767564695329986,0.20566615220187448,0.6066582008448256,1.0763893521765002,2.0913417195040847
2025-12-15,2025-26,Manchester United,Bournemouth,D,1,0.48301016259533125,0.2424338867888237,0.27455595061584503,1.661400742857612,1.1936189654381453
2025-12-20,2025-26,Everton,Arsenal,A,2,0.21187938912940849,0.2329884721955189,0.5551321386750726,1.0024105503673713,1.7752912948709587
2025-12-20,2025-26,Bournemouth,Burnley,D,1,0.6294867989049437,0.2049315847157649,0.1655816163792915,2.056578341807123,0.9493443811657016
2025-12-20,2025-26,Brighton and Hove Albion,Sunderland,D,1,0.5030374605394128,0.24324439948979373,0.25371813997079345,1.6637655762887595,1.1093753841863752
2025-12-20,2025-26,Leeds United,Crystal Palace,H,0,0.3290299956567419,0.2521670952476035,0.4188029090956545,1.2938000021397724,1.4916285335719834
2025-12-20,2025-26,Manchester City,West Ham,H,0,0.7870430284502413,0.13602539468163072,0.07693157686812799,2.703815023012316,0.7381501890038145
2025-12-20,2025-26,Tottenham,Liverpool,A,2,0.22545680562951215,0.2397100273064252,0.5348331670640627,1.0186731775885614,1.7060216081417956
2025-12-20,2025-26,Wolverhampton Wanderers,Brentford,A,2,0.23546600712684332,0.240323348794586,0.5242106440785707,1.0564264022442533,1.6995437766939403
2025-12-20,2025-26,Newcastle United,Chelsea,D,1,0.40823943853039474,0.2577290943785798,0.33403146709102544,1.4258297435918104,1.2648657031028145
2025-12-21,2025-26,Aston Villa,Manchester United,H,0,0.5270551351875015,0.2232105873134211,0.24973427749907753,1.9057651435244143,1.249959859912584
2025-12-22,2025-26,Fulham,Nottingham Forest,H,0,0.43822449077099324,0.26139706558485915,0.3003784436441476,1.4397099332361978,1.1451538666424814
2025-12-26,2025-26,Manchester United,Newcastle United,H,0,0.4199759264348883,0.24232461098213529,0.3376994625829765,1.5885665009770906,1.4014743317313225
2025-12-27,2025-26,Chelsea,Aston Villa,A,2,0.333526950199117,0.25065564445995925,0.41581740534092365,1.3183441422566384,1.5006032806093117
2025-12-27,2025-26,Arsenal,Brighton and Hove Albion,H,0,0.6593677502578749,0.19317559848340612,0.14745665125871904,2.168916957211705,0.9175510479033196
2025-12-27,2025-26,Brentford,Bournemouth,H,0,0.41821731891238473,0.25292149402641656,0.32886118706119877,1.4838944006239234,1.2874300980393651
2025-12-27,2025-26,Liverpool,Wolverhampton Wanderers,H,0,0.8183603312075326,0.12294562961998998,0.058694039172477445,2.7553783096198248,0.6174781463153999
2025-12-27,2025-26,Nottingham Forest,Manchester City,A,2,0.18134247829045297,0.21535281729852493,0.6033047044110221,0.9674898618209401,1.9525914209194288
2025-12-27,2025-26,West Ham,Fulham,A,2,0.3365012996560933,0.26030110505026044,0.4031975952936463,1.2524142334699462,1.3960513816086948
2025-12-27,2025-26,Burnley,Everton,D,1,0.30879182299397545,0.25806483739978975,0.43314333960623486,1.192306168048682,1.4609013476224118
2025-12-28,2025-26,Crystal Palace,Tottenham,A,2,0.5516196307089597,0.23441952102777477,0.21396084826326547,1.7604080793636863,1.002562802579404
2025-12-28,2025-26,Sunderland,Leeds United,D,1,0.4557344372272653,0.2510665225525268,0.29319904022020793,1.5511094015946936,1.193941137614351
2025-12-30,2025-26,Burnley,Newcastle United,A,2,0.2730572456944809,0.2528419724676434,0.47410078183787563,1.1145724326187743,1.55195085152652
2025-12-30,2025-26,Chelsea,Bournemouth,D,1,0.5148190718684896,0.23232548297365696,0.25285544515785335,1.7891049736097933,1.186990724633794
2025-12-30,2025-26,Arsenal,Aston Villa,H,0,0.527231140935528,0.2294276845736867,0.24334117449078527,1.8251358767611991,1.1691466856848514
2025-12-30,2025-26,Nottingham Forest,Everton,A,2,0.39165598053298545,0.27436095332701704,0.3339830661399975,1.27197739793231,1.1524867551352322
2025-12-30,2025-26,West Ham,Brighton and Hove Albion,D,1,0.3019839747621041,0.24571118582370668,0.45230483941418925,1.2630634034111643,1.599345221863933
2025-12-30,2025-26,Manchester United,Wolverhampton Wanderers,D,1,0.7596903571358019,0.15047846573052304,0.0898311771336751,2.547495645707715,0.7621864566413186
2026-01-01,2025-26,Brentford,Tottenham,D,1,0.4648833603739572,0.2505412609345601,0.28457537869148264,1.565338702185071,1.1692975038920952
2026-01-01,2025-26,Crystal Palace,Fulham,D,1,0.4624303845785118,0.2564856283560912,0.28108398706539706,1.5086702828557914,1.1173869809570443
2026-01-01,2025-26,Liverpool,Leeds United,D,1,0.6086742773232049,0.20857125649096966,0.18275446618582553,2.0423304232640733,1.024511769865915
2026-01-01,2025-26,Sunderland,Manchester City,D,1,0.19929773505861983,0.22902269541386422,0.571679569527516,0.9691210110543046,1.8118657406814453
2026-01-03,2025-26,Aston Villa,Nottingham Forest,H,0,0.6750127560950399,0.18575140606909335,0.13923583783586682,2.2485275932042517,0.9149781904103563
2026-01-03,2025-26,Bournemouth,Arsenal,A,2,0.1913274083207223,0.19721187113011834,0.6114607205491593,1.1739566611646486,2.226115215783859
2026-01-03,2025-26,Brighton and Hove Albion,Burnley,H,0,0.614409282440859,0.2066578601207108,0.17893285743843018,2.0611315683520526,1.016720785051001
2026-01-03,2025-26,Wolverhampton Wanderers,West Ham,H,0,0.31612148306541077,0.2530173560288733,0.4308611609057159,1.2502951484756635,1.5020621242044647
2026-01-04,2025-26,Leeds United,Manchester United,D,1,0.3797172514855514,0.2476534281491002,0.37262932036534846,1.4590066108019042,1.4431246249706817
2026-01-04,2025-26,Fulham,Liverpool,D,1,0.28404592541400353,0.24925608265723542,0.46669799192876094,1.1766831743047186,1.5793317039624946
2026-01-04,2025-26,Everton,Brentford,A,2,0.4516256092471205,0.25680890785567323,0.29156548289720624,1.4945724323212897,1.148722039313897
2026-01-04,2025-26,Manchester City,Chelsea,D,1,0.6468744993161792,0.19453027320180993,0.15859522748201088,2.1833092008177246,0.9826007022474582
2026-01-04,2025-26,Tottenham,Sunderland,D,1,0.4112254094105899,0.2718442522516865,0.31693033833772355,1.3216822868720897,1.125324017862986
2026-01-04,2025-26,Newcastle United,Crystal Palace,H,0,0.4856207111112561,0.24716058001714672,0.26721870887159715,1.6148083426605526,1.132615212239345
2026-01-06,2025-26,West Ham,Nottingham Forest,A,2,0.34815369968935767,0.2585881280987058,0.3932581722119366,1.2943125898775723,1.3920116743796365
2026-01-07,2025-26,Bournemouth,Tottenham,H,0,0.4972415250742168,0.24091780472934593,0.2618406701964372,1.685842958431203,1.1572742448895508
2026-01-07,2025-26,Brentford,Sunderland,H,0,0.4929561941879155,0.2512078532478265,0.255835952564258,1.5801522088884223,1.0645140377406321
2026-01-07,2025-26,Burnley,Manchester United,D,1,0.25994700991337405,0.24470259651957557,0.49535039356705035,1.122942756463138,1.6452436348658512
2026-01-07,2025-26,Crystal Palace,Aston Villa,D,1,0.27423467360319687,0.23667354722707193,0.4890917791697312,1.237681499469949,1.728450900645222
2026-01-07,2025-26,Everton,Wolverhampton Wanderers,D,1,0.5835106951128944,0.22438709411164898,0.1921022107754565,1.858196056753427,0.9636422567365039
2026-01-07,2025-26,Fulham,Chelsea,H,0,0.34895922463533974,0.24650314867584586,0.4045376266888143,1.3950947161686558,1.5199531719124972
2026-01-07,2025-26,Manchester City,Brighton and Hove Albion,D,1,0.6434281451300312,0.19890677595216297,0.15766507891780582,2.1185682928691696,0.9432634168222289
2026-01-07,2025-26,Newcastle United,Leeds United,H,0,0.5596621232821807,0.2289035443715776,0.21143433234624176,1.8212595900453064,1.0275848844391493
2026-01-08,2025-26,Arsenal,Liverpool,D,1,0.5814056313291195,0.21984736367561902,0.1987470049952614,1.9192956214045729,1.0285367055578438
2026-01-17,2025-26,Liverpool,Burnley,D,1,0.7585246916956557,0.15950534822239346,0.08196996008195082,2.3420961434512098,0.6268943627460508
2026-01-17,2025-26,Chelsea,Brentford,H,0,0.42699305521980047,0.23319696086707378,0.3398099839131257,1.7001916576066145,1.4958452655347463
2026-01-17,2025-26,Nottingham Forest,Arsenal,D,1,0.14122911071515176,0.19452415694281858,0.6642467323420297,0.8659015676658349,2.1305355556600007
2026-01-17,2025-26,Leeds United,Fulham,H,0,0.398290969215149,0.25390273275025266,0.34780629803459845,1.4408237106177986,1.3299541107163049
2026-01-17,2025-26,Sunderland,Crystal Palace,H,0,0.3966326158873742,0.2503505761395069,0.3530168079731189,1.469187934725005,1.372337120382246
2026-01-17,2025-26,Tottenham,West Ham,A,2,0.5619585786197187,0.23496250216772177,0.20307891921255966,1.7496188868325784,0.9499461786705369
2026-01-17,2025-26,Manchester United,Manchester City,H,0,0.24697848418327795,0.23674971920850035,0.5162717966082216,1.1287891869272944,1.7378784840406492
2026-01-18,2025-26,Aston Villa,Everton,A,2,0.6481861443092335,0.1947598384749365,0.15705401721583012,2.1754631361235623,0.9704702109282332
2026-01-18,2025-26,Wolverhampton Wanderers,Newcastle United,D,1,0.18712835321049895,0.21612925478432257,0.5967423920051784,0.9935880236968534,1.951304863645158
2026-01-19,2025-26,Brighton and Hove Albion,Bournemouth,D,1,0.46116142031438223,0.23904956669627656,0.2997890129893413,1.6790727051320353,1.3106889508239628
2026-01-24,2025-26,Burnley,Tottenham,D,1,0.3170575833592747,0.2612079020716824,0.42173451456904293,1.1941465365578525,1.4185221741221692
2026-01-24,2025-26,Bournemouth,Liverpool,H,0,0.27835324538557943,0.24290744793546926,0.47873930667895126,1.2038085264725948,1.6533293160029814
2026-01-24,2025-26,Fulham,Brighton and Hove Albion,H,0,0.37147605228783687,0.25489800924072104,0.37362593847144215,1.3778614960556932,1.3825726872977406
2026-01-24,2025-26,West Ham,Sunderland,H,0,0.34361176977609575,0.25108026100263536,0.40530796922126894,1.342062565829658,1.478666599520033
2026-01-24,2025-26,Manchester City,Wolverhampton Wanderers,H,0,0.7712816837267474,0.14763676645753615,0.08108154981571647,2.525217313790434,0.6941466422218627
2026-01-25,2025-26,Arsenal,Manchester United,A,2,0.6702780371836293,0.18800151070855545,0.1417204521078152,2.224277295696094,0.9159039797413774
2026-01-25,2025-26,Brentford,Nottingham Forest,A,2,0.6002247954035764,0.2140389362739328,0.18573626832249074,1.9756429958400423,1.0008701008825684
2026-01-25,2025-26,Crystal Palace,Chelsea,A,2,0.3202419269899826,0.24175609118251187,0.43800198182750555,1.3543009801991561,1.6219091776767653
2026-01-25,2025-26,Newcastle United,Aston Villa,A,2,0.38188852413224694,0.247655182643404,0.3704562932243491,1.463714075174932,1.4380986242806593
2026-01-26,2025-26,Everton,Leeds United,D,1,0.46736149176056224,0.2497733324346395,0.28286517580479814,1.5749701643286245,1.1689914750565757
2026-01-31,2025-26,Brighton and Hove Albion,Everton,D,1,0.47931232956162073,0.24605841840391518,0.2746292520344641,1.6213971498137765,1.167040156532077
2026-01-31,2025-26,Wolverhampton Wanderers,Bournemouth,A,2,0.2378922187386273,0.24301084226219288,0.5190969389991799,1.0486241790181365,1.6706497242321547
2026-01-31,2025-26,Chelsea,West Ham,H,0,0.6731788130399567,0.1791209595703833,0.1477002273896599,2.388856248637122,1.03488237136443
2026-01-31,2025-26,Liverpool,Newcastle United,H,0,0.5018127661569927,0.23995132497614105,0.25823590886686626,1.6982898992442794,1.15043374634942
2026-01-31,2025-26,Leeds United,Arsenal,A,2,0.18834177915098183,0.21683349572462332,0.5948247251243949,0.9951684291336088,1.9441898761302225
2026-02-01,2025-26,Aston Villa,Brentford,A,2,0.5482298338227168,0.2211105426437119,0.23065962353357122,1.928071676059631,1.1785405413873902
2026-02-01,2025-26,Manchester United,Fulham,H,0,0.5607681075640175,0.2335622282819884,0.2056696641539941,1.7659752861130358,0.970372210092302
2026-02-01,2025-26,Nottingham Forest,Crystal Palace,D,1,0.4053253488343958,0.2475640499020741,0.3471106012635302,1.5112838884927913,1.3809532901641417
2026-02-01,2025-26,Tottenham,Manchester City,D,1,0.23104381639859872,0.237406713588999,0.5315494700124023,1.057486915846833,1.7313484946963111
2026-02-02,2025-26,Sunderland,Burnley,H,0,0.5934926437487874,0.21858122844533745,0.1879261278058752,1.9221720232662434,0.9808229847863016
2026-02-06,2025-26,Leeds United,Nottingham Forest,H,0,0.45145222526982615,0.2527161190303163,0.2958316556998575,1.5310496770009883,1.1905260116329384
2026-02-07,2025-26,Fulham,Everton,A,2,0.3981343094709726,0.26175934611492463,0.3401063444141027,1.3755090759013522,1.2510217013182212
2026-02-07,2025-26,Arsenal,Sunderland,H,0,0.7198742380962911,0.17367531706790093,0.10645044483580804,2.280412671727132,0.7479794998115582
2026-02-07,2025-26,Bournemouth,Aston Villa,D,1,0.32649375101805694,0.256175895768313,0.41733035321362993,1.256120205500059,1.453882704662184
2026-02-07,2025-26,Manchester United,Tottenham,H,0,0.6080817489272797,0.21156551811907687,0.18035273295364346,1.9987740080027647,0.9885668528790857
2026-02-07,2025-26,Newcastle United,Brentford,A,2,0.4148355419138042,0.24338544909080229,0.34177900899539354,1.569056736815375,1.4034173195464101
2026-02-07,2025-26,Wolverhampton Wanderers,Chelsea,A,2,0.15926323121551317,0.20285640130091934,0.6378803674835675,0.9251596297547766,2.0693358223088745
2026-02-07,2025-26,Burnley,West Ham,A,2,0.317133069018795,0.2506124359508659,0.43225449503033897,1.2716901701103762,1.526142816958524
2026-02-08,2025-26,Brighton and Hove Albion,Crystal Palace,A,2,0.49241709995823985,0.24139409933557648,0.2661888007061838,1.678273436723716,1.1703093370741982
2026-02-08,2025-26,Liverpool,Manchester City,A,2,0.44459712454172423,0.2512785879987674,0.30412428745950837,1.536254714496775,1.2270733410263768
2026-02-10,2025-26,Everton,Bournemouth,A,2,0.4155494111644533,0.2547858179131339,0.32966477092241275,1.4631003871048056,1.2752884834994318
2026-02-10,2025-26,Chelsea,Leeds United,D,1,0.6472457216368223,0.18716289577320774,0.16559138258997,2.319988601068154,1.094628769882551
2026-02-10,2025-26,West Ham,Manchester United,D,1,0.26094563750447597,0.23580989242305422,0.5032444700724699,1.1926128407028633,1.7451155061988344
2026-02-10,2025-26,Tottenham,Newcastle United,A,2,0.3301295641112865,0.2444397694348283,0.42543066645388516,1.3607639646163594,1.5758270122326812
2026-02-11,2025-26,Aston Villa,Brighton and Hove Albion,H,0,0.5857027331441894,0.22580750265172686,0.18848976420408375,1.8383987990569624,0.9365253443202619
2026-02-11,2025-26,Crystal Palace,Burnley,A,2,0.6479815125203592,0.20025981652752775,0.15175867095211304,2.0845378528225704,0.8958641843870156
2026-02-11,2025-26,Manchester City,Fulham,H,0,0.6770114352954045,0.18627992892162784,0.13670863578296766,2.2310690654299674,0.8925650045154861
2026-02-11,2025-26,Nottingham Forest,Wolverhampton Wanderers,D,1,0.5777560938797852,0.22409152131948734,0.19815238480072736,1.8674778906182956,0.9959051954235876
2026-02-11,2025-26,Sunderland,Liverpool,A,2,0.30207143558346433,0.24900421711271187,0.4489243473038238,1.237745789740144,1.5630285575550875
2026-02-12,2025-26,Brentford,Arsenal,D,1,0.21873663650912026,0.22505062797862257,0.5562127355122573,1.0898626966670883,1.8713880045930293
2026-02-18,2025-26,Wolverhampton Wanderers,Arsenal,D,1,0.06856219375690889,0.13121117355318546,0.8002266326899056,0.6774252690349549,2.7085478322146765
2026-02-21,2025-26,Manchester City,Newcastle United,H,0,0.5933050791189762,0.2157643605542776,0.19093056032674616,1.96107130447917,1.0167510738473227
2026-02-21,2025-26,West Ham,Bournemouth,D,1,0.3062668433381706,0.24365707284662708,0.4500760838152023,1.293618562753204,1.6176529051259727
2026-02-21,2025-26,Aston Villa,Leeds United,D,1,0.6021934211683966,0.21821605623839338,0.17959052259321,1.9153474844572989,0.9388645380495331
2026-02-21,2025-26,Brentford,Brighton and Hove Albion,A,2,0.47383294852213936,0.2521131566535589,0.2740538948243018,1.5584863495433194,1.1228382601022224
2026-02-21,2025-26,Chelsea,Burnley,D,1,0.800628021719858,0.12566418839218077,0.07370778988796116,2.8927245266724015,0.7923163016362049
2026-02-22,2025-26,Tottenham,Arsenal,A,2,0.13549600324971567,0.18537461758167345,0.6791293791686108,0.8903970686953754,2.23975865929121
2026-02-22,2025-26,Crystal Palace,Wolverhampton Wanderers,H,0,0.6783043577184487,0.18869716772485007,0.13299847455670116,2.1825754253175207,0.8487177496400836
2026-02-22,2025-26,Sunderland,Fulham,A,2,0.4467127844549518,0.2561446815083452,0.29714253403670304,1.4947497321926906,1.1705898102894028
2026-02-22,2025-26,Nottingham Forest,Liverpool,A,2,0.22027429476200944,0.21477941362801317,0.5649462916099774,1.1805252732919576,2.0069833740555043
2026-02-23,2025-26,Everton,Manchester United,A,2,0.36638511509128474,0.2579696833019965,0.3756452016067188,1.341766324867562,1.3618734192441169
2026-02-27,2025-26,Wolverhampton Wanderers,Aston Villa,H,0,0.12741621685491447,0.1852292654959107,0.6873545176491749,0.8322008086276529,2.2100455365733396
2026-02-28,2025-26,Bournemouth,Sunderland,D,1,0.5342915523421171,0.2351806818759208,0.23052776578196207,1.7561114993812978,1.0705242850563788
2026-02-28,2025-26,Burnley,Brentford,A,2,0.26155391814626394,0.24275702778202152,0.4956890540717145,1.1427877202596397,1.665562647858729
2026-02-28,2025-26,Leeds United,Manchester City,A,2,0.19504156775464637,0.21503390282752105,0.5899245294178325,1.0443699167300389,1.9758638476746406
2026-02-28,2025-26,Liverpool,West Ham,H,0,0.6873256449065394,0.1791908118342694,0.13348354325919123,2.3262525838906387,0.9228656458642446
2026-02-28,2025-26,Newcastle United,Everton,A,2,0.4628930982892983,0.2434490412586239,0.29365786045207776,1.6338021604157633,1.253282935664266
2026-03-01,2025-26,Brighton and Hove Albion,Nottingham Forest,H,0,0.5127065258583393,0.24178744308347364,0.24550603105818708,1.6821438037854881,1.08721419045736
2026-03-01,2025-26,Arsenal,Chelsea,H,0,0.5700036548345445,0.21248369825355917,0.2175126469118963,2.0367064879283827,1.186141094542056
2026-03-01,2025-26,Manchester United,Crystal Palace,H,0,0.5122462543295001,0.24205545255658223,0.24569829311391772,1.6792020633257447,1.0861519841151384
2026-03-01,2025-26,Fulham,Tottenham,H,0,0.5747881146406535,0.21843295240601204,0.20677893295333455,1.945378092549675,1.0805621351993109
2026-03-03,2025-26,Bournemouth,Brentford,D,1,0.4203380366591885,0.2512663777477464,0.3283955855930651,1.502273319867026,1.2991327165874866
2026-03-03,2025-26,Everton,Burnley,H,0,0.6527750328845437,0.19961134935608404,0.14761361775937212,2.081791172829148,0.8737265248910286
2026-03-03,2025-26,Leeds United,Sunderland,A,2,0.41658520427518286,0.2486785162371666,0.3347362794876506,1.5203122258167037,1.3379133332893958
2026-03-03,2025-26,Wolverhampton Wanderers,Liverpool,H,0,0.09246992210867934,0.14513763117621345,0.7623924467151072,0.8348014544219737,2.671757533150189
2026-03-04,2025-26,Fulham,West Ham,A,2,0.5667963481619369,0.22166011324555665,0.2115435385925064,1.9085912260998448,1.0801706858017537
2026-03-04,2025-26,Brighton and Hove Albion,Arsenal,A,2,0.22255466756942976,0.2462915115640752,0.5311538208664951,0.9665679368700012,1.6385598592993873
2026-03-04,2025-26,Newcastle United,Manchester United,H,0,0.30549233558179145,0.24580961694959874,0.44869804746860975,1.2736299232894757,1.5941260670049133
2026-03-04,2025-26,Manchester City,Nottingham Forest,D,1,0.7651537806852263,0.1456985679951089,0.08914765131966479,2.630961081088497,0.7938562200124524
2026-03-04,2025-26,Aston Villa,Chelsea,A,2,0.4001601003646887,0.24903134824136092,0.35080855139395034,1.4879685428748286,1.3779514862552122
2026-03-05,2025-26,Tottenham,Crystal Palace,A,2,0.2876141338815066,0.24783899964301362,0.4645468664754799,1.1990723383117337,1.5910917180590924
2026-03-14,2025-26,Arsenal,Everton,H,0,0.6692251786347888,0.1933343720776564,0.13744044928755475,2.1343752163171112,0.8482738482579221
2026-03-14,2025-26,Burnley,Bournemouth,D,1,0.2378111350985204,0.2403900205898017,0.5217988443116779,1.0656096007153195,1.6986164416334726
2026-03-14,2025-26,Chelsea,Newcastle United,A,2,0.6222591937051913,0.19646408298433995,0.1812767233104687,2.2147052000710086,1.1161674427012227
2026-03-14,2025-26,Sunderland,Brighton and Hove Albion,A,2,0.3847288062953154,0.2715223419297979,0.34374885177488657,1.2789161201465324,1.1933190086617709
2026-03-14,2025-26,West Ham,Manchester City,D,1,0.1693214104207859,0.20748416692801613,0.623194422651198,0.9537077858652997,2.031090106792165
2026-03-15,2025-26,Crystal Palace,Leeds United,D,1,0.49031460344879063,0.2429822322729444,0.2667031642782649,1.660289574955207,1.1605198981821994
2026-03-15,2025-26,Liverpool,Tottenham,D,1,0.7804189620891656,0.13942128576846755,0.0801597521423668,2.6690803132706438,0.7471407786700353
2026-03-15,2025-26,Manchester United,Aston Villa,H,0,0.47834563066754027,0.25625397921977366,0.2654003901126861,1.5244715578989068,1.0665749068072918
2026-03-15,2025-26,Nottingham Forest,Fulham,D,1,0.3715073776743938,0.24691885384593282,0.3815737684796734,1.4472181907397876,1.4698259896239547
2026-03-16,2025-26,Brentford,Wolverhampton Wanderers,D,1,0.6856656222044524,0.18465219302316338,0.12968218477238425,2.227378832601996,0.8528539339330121
2026-03-20,2025-26,Bournemouth,Manchester United,D,1,0.3680952351303018,0.2551578420802796,0.3767469227894187,1.3681991356031087,1.387142944082796
2026-03-21,2025-26,Brighton and Hove Albion,Liverpool,H,0,0.30951402938807415,0.26090109005218287,0.4295848805597429,1.1749872365342628,1.4323018400942185
2026-03-21,2025-26,Everton,Chelsea,H,0,0.3258824029891667,0.2458079708137913,0.428309626197042,1.3365573352965026,1.5665847063045333
2026-03-21,2025-26,Fulham,Burnley,H,0,0.6206782699422053,0.21354187002899788,0.16577986002879677,1.9488349320502527,0.8928969125065521
2026-03-21,2025-26,Leeds United,Brentford,D,1,0.32233939421484636,0.252053467723029,0.4256071380621247,1.275721171675806,1.5031684541917638
2026-03-22,2025-26,Aston Villa,West Ham,H,0,0.5581979348873476,0.23419456767827507,0.20760749743437734,1.7601107907972176,0.9752735707063465
2026-03-22,2025-26,Newcastle United,Sunderland,A,2,0.5094575962298433,0.24168856297339195,0.24885384079676467,1.6823096285666868,1.1011688976550598
2026-03-22,2025-26,Tottenham,Nottingham Forest,A,2,0.33390079032365555,0.251797754954418,0.41430145472192653,1.3101945439611402,1.4876640435275146
2026-04-10,2025-26,West Ham,Wolverhampton Wanderers,H,0,0.5239397672266461,0.24053547931306032,0.23552475346029342,1.6972565362650305,1.055259209499727
2026-04-11,2025-26,Arsenal,Bournemouth,A,2,0.6951759131256913,0.18082034618277626,0.12400374069153249,2.259542117086103,0.8373373081990799
2026-04-11,2025-26,Brentford,Everton,D,1,0.4522234317938095,0.25525046801255463,0.2925261001936358,1.508984893703884,1.1623193911551828
2026-04-11,2025-26,Burnley,Brighton and Hove Albion,A,2,0.198548006736665,0.2210134076767645,0.5804385855865706,1.0191959501401713,1.904756946679287
2026-04-11,2025-26,Liverpool,Fulham,H,0,0.5323079810492424,0.22971229377716365,0.23797972517359403,1.8211284938748458,1.1432312270328882
2026-04-12,2025-26,Chelsea,Manchester City,A,2,0.3091940036398134,0.24403003648434662,0.44677595987584007,1.2999933759378999,1.6098161243605833
2026-04-12,2025-26,Crystal Palace,Newcastle United,H,0,0.44764582937555975,0.2539091496165882,0.29844502100785203,1.5157773704430106,1.1902548375851127
2026-04-12,2025-26,Nottingham Forest,Aston Villa,D,1,0.2858785743266357,0.2514627526308969,0.4626586730424673,1.1671326013699372,1.5545073074436442
2026-04-12,2025-26,Sunderland,Tottenham,H,0,0.6005973986696018,0.21911371717976583,0.18028888415063232,1.9056941679450254,0.9367680070490157
2026-04-13,2025-26,Manchester United,Leeds United,A,2,0.600512426543309,0.22341040490717645,0.17607716854951438,1.8510276580925984,0.8881443040225729
2026-04-18,2025-26,Brentford,Fulham,D,1,0.48146318949544,0.24329716099331875,0.27523964951124125,1.6512574353231408,1.1895981446952846
2026-04-18,2025-26,Chelsea,Manchester United,A,2,0.44046753940062333,0.24481976843922532,0.31471269216015124,1.5936871843677365,1.3109042786565686
2026-04-18,2025-26,Leeds United,Wolverhampton Wanderers,H,0,0.6125373118499171,0.21621737357903997,0.171245314571043,1.9263976890474686,0.906426823784054
2026-04-18,2025-26,Newcastle United,Bournemouth,A,2,0.33856570816709025,0.24168646410580238,0.4197478277271075,1.4097777556107574,1.5947770861350148
2026-04-18,2025-26,Tottenham,Brighton and Hove Albion,D,1,0.22249563664498873,0.23985665236407694,0.5376477109909343,1.0052044148463024,1.704153969953211
2026-04-19,2025-26,Aston Villa,Sunderland,H,0,0.513583079017575,0.24193499342029745,0.2444819275621276,1.6807986031458033,1.0821317342559753
2026-04-19,2025-26,Everton,Liverpool,A,2,0.3652817043975183,0.25338655706708735,0.3813317385353943,1.3764227762016135,1.4117522114579835
2026-04-19,2025-26,Manchester City,Arsenal,H,0,0.44647247656870104,0.24381041153953656,0.3097171118917624,1.6116929708121246,1.3034911404087282
2026-04-19,2025-26,Nottingham Forest,Burnley,H,0,0.5645517719022916,0.23088770550973592,0.20456052258797253,1.7946749946873595,0.9821429371843683
2026-04-20,2025-26,Crystal Palace,West Ham,D,1,0.5286698954767552,0.23737896244818724,0.23395114207505743,1.7317640398784633,1.0699903287682277
2026-04-21,2025-26,Brighton and Hove Albion,Chelsea,H,0,0.4508363230422014,0.25507022750625064,0.294093449451548,1.5090361189066086,1.1684975730968128
2026-04-22,2025-26,Bournemouth,Leeds United,D,1,0.5060543061954311,0.23364727102147018,0.2602984227830987,1.7712700372388843,1.2071892366512018
2026-04-22,2025-26,Burnley,Manchester City,A,2,0.0797067837218701,0.1356650713020392,0.7846281449760907,0.7741026395307661,2.7408918213056515
2026-04-24,2025-26,Sunderland,Nottingham Forest,A,2,0.4779355178409705,0.2503501284365878,0.27171435372244174,1.578344274364196,1.1266554249627396
2026-04-25,2025-26,Arsenal,Newcastle United,H,0,0.7257484287824908,0.16253778362681423,0.11171378759069502,2.489589462616825,0.8756169125634625
2026-04-25,2025-26,Wolverhampton Wanderers,Tottenham,A,2,0.3542022337237491,0.2536759140004023,0.3921218522758486,1.347693075191328,1.431056249310548
2026-04-25,2025-26,Fulham,Aston Villa,H,0,0.30354990847774704,0.24308816073742265,0.4533619307848302,1.289406207704659,1.6273735192964758
2026-04-25,2025-26,West Ham,Everton,H,0,0.35520769946071407,0.26526720789611546,0.37952509264317047,1.2619761144255417,1.3136716156572856
2026-04-25,2025-26,Liverpool,Crystal Palace,H,0,0.5611272544028753,0.2294980711491748,0.20937467444794988,1.8132324028096007,1.0138652108639508
2026-04-27,2025-26,Manchester United,Brentford,H,0,0.45957948757159733,0.24650709959798062,0.29391341283042205,1.5993140114926068,1.2302456795319736
2026-05-01,2025-26,Leeds United,Burnley,H,0,0.6932776892512997,0.18220468054852998,0.12451763020017038,2.241501249870962,0.8315241775858837
2026-05-02,2025-26,Arsenal,Fulham,H,0,0.6644178305137288,0.19199535461297404,0.1435868148732972,2.1730971967743677,0.8996018048648949
2026-05-02,2025-26,Brentford,West Ham,H,0,0.5432399545652892,0.23605951871767952,0.22070052671703128,1.7445741986664831,1.0218119658018612
2026-05-02,2025-26,Newcastle United,Brighton and Hove Albion,H,0,0.28026652298273874,0.242901232825004,0.4768322441922572,1.210730833242321,1.6519252221495295
2026-05-02,2025-26,Wolverhampton Wanderers,Sunderland,D,1,0.23880176493591143,0.23533087796788013,0.5258673570962085,1.104911656244046,1.7548521659599672
2026-05-03,2025-26,Aston Villa,Tottenham,A,2,0.682830723082347,0.18731937589925243,0.12984990101840055,2.1900830540041407,0.835627357058661
2026-05-03,2025-26,Bournemouth,Crystal Palace,H,0,0.5077851468771085,0.23171481764452448,0.26050003547836686,1.7949225768041925,1.2237818529573115
2026-05-03,2025-26,Manchester United,Liverpool,H,0,0.40705847471309364,0.2530171871559242,0.33992433813098216,1.464401188983955,1.316667826544962
2026-05-04,2025-26,Chelsea,Nottingham Forest,A,2,0.4604788877250508,0.25917369952380953,0.28034741275113967,1.4834913037302024,1.0977893411369426
2026-05-04,2025-26,Everton,Manchester City,D,1,0.17164942561092492,0.1989245596227231,0.629426014766352,1.0329253297005117,2.1541090780522234
2026-05-09,2025-26,Brighton and Hove Albion,Wolverhampton Wanderers,H,0,0.73589380708618,0.16115059614457877,0.10295559676924128,2.4568520203555004,0.8062792388840612
2026-05-09,2025-26,Fulham,Bournemouth,A,2,0.31709102098704056,0.2358029151768817,0.44710606383607776,1.398243974751809,1.6992611112614882
2026-05-09,2025-26,Liverpool,Chelsea,D,1,0.5297466014165514,0.23243157872289288,0.2378218198605556,1.7885211268021524,1.1219227102366642
2026-05-09,2025-26,Manchester City,Brentford,H,0,0.6684250409699132,0.18770924521473556,0.14386571381535118,2.2363418235220194,0.9335244214463323
2026-05-09,2025-26,Sunderland,Manchester United,D,1,0.301640914839152,0.24543920978782716,0.4529198753730209,1.2641045228667827,1.6027862481469461
2026-05-10,2025-26,Burnley,Aston Villa,D,1,0.15018857646029532,0.19669297256580798,0.6531184509738968,0.9105028931524849,2.1281803268038333
2026-05-10,2025-26,Crystal Palace,Everton,D,1,0.4212665728206353,0.25657428897150636,0.3221591382078584,1.4565637529524578,1.2411598088811289
2026-05-10,2025-26,Nottingham Forest,Newcastle United,D,1,0.47433933631384356,0.24349591031639506,0.2821647533697613,1.6437128403263144,1.212930937103609
2026-05-10,2025-26,West Ham,Arsenal,A,2,0.14784644465771943,0.191781260925906,0.6603722944163746,0.9305585268193636,2.190116354870664
2026-05-11,2025-26,Tottenham,Leeds United,D,1,0.30560029948594225,0.2562793027503831,0.4381203977636746,1.195362415950358,1.4829089242323437
2026-05-13,2025-26,Manchester City,Crystal Palace,H,0,0.7545120962356072,0.14530001822885802,0.10018788553553466,2.7378369173707164,0.9184184299884046
2026-05-15,2025-26,Aston Villa,Liverpool,H,0,0.4242683959896866,0.2563441995161921,0.3193874044941213,1.4630640834941617,1.2350442486533475
2026-05-17,2025-26,Brentford,Crystal Palace,D,1,0.4957606447933707,0.23754371779944158,0.2666956374071877,1.722210440928693,1.2016746989595097
2026-05-17,2025-26,Everton,Sunderland,A,2,0.48087562707216785,0.2425313639929237,0.2765930089349084,1.65886255857844,1.200306327127361
2026-05-17,2025-26,Leeds United,Brighton and Hove Albion,H,0,0.42433249651444827,0.24753988479928346,0.3281276186862682,1.5435866665539222,1.3286184573973314
2026-05-17,2025-26,Manchester United,Nottingham Forest,H,0,0.5226878831173746,0.24019991017626086,0.2371122067063645,1.7007426179933929,1.064020007850712
2026-05-17,2025-26,Newcastle United,West Ham,H,0,0.4949073494345459,0.23928249598789958,0.2658101545775546,1.7024634262994405,1.1847957561589773
2026-05-17,2025-26,Wolverhampton Wanderers,Fulham,D,1,0.26870102182805244,0.25048454791381075,0.4808144302581367,1.1151919365141052,1.5792108554237951
2026-05-18,2025-26,Arsenal,Burnley,H,0,0.8857051817066083,0.08034943173628763,0.03394538655710418,3.3830218993023253,0.5881992211059571
2026-05-19,2025-26,Bournemouth,Manchester City,D,1,0.24439863925082994,0.21953433496301927,0.5360670257861508,1.2582564377354895,1.9549653187103502
2026-05-19,2025-26,Chelsea,Tottenham,H,0,0.524948040761617,0.2442995399043647,0.23075241933401835,1.6581592788747308,1.0116852836457173
2026-05-24,2025-26,Burnley,Wolverhampton Wanderers,D,1,0.40703499519009045,0.2622920828263999,0.3306729219835098,1.386650693881116,1.2232091769764075
2026-05-24,2025-26,Crystal Palace,Arsenal,A,2,0.17935211025970926,0.2076209862317264,0.6130269035085644,1.0118720572696895,2.048904621405983
2026-05-24,2025-26,Brighton and Hove Albion,Manchester United,A,2,0.3815094031178018,0.24962549780322282,0.36886509907897536,1.445027918061543,1.4168710005398908
2026-05-24,2025-26,Tottenham,Everton,H,0,0.367830906402731,0.2593638113182694,0.37280528227899956,1.3340412193712536,1.3447985624023737
2026-05-24,2025-26,Fulham,Newcastle United,H,0,0.35630119766412494,0.25016641384151495,0.3935323884943601,1.3820982623499336,1.4648332228427232
2026-05-24,2025-26,Sunderland,Chelsea,H,0,0.39629393472586044,0.26190564195175586,0.34180042332238375,1.371053928565906,1.2541833342302933
2026-05-24,2025-26,Manchester City,Aston Villa,A,2,0.653612628657818,0.19070558246045569,0.15568178888172637,2.2313976436782657,0.9933610707631052
2026-05-24,2025-26,Nottingham Forest,Bournemouth,D,1,0.3068364813202114,0.2410846164614538,0.4520789022183348,1.3170612284238514,1.6470028658509215
2026-05-24,2025-26,Liverpool,Brentford,D,1,0.49706005806723347,0.2393547784321596,0.263585163500607,1.7027238956898865,1.1756705313190994
2026-05-24,2025-26,West Ham,Leeds United,H,0,0.30446043743530865,0.25314050249013137,0.4423990600745599,1.2143924317073589,1.5163618458138004
